rn,fam,seed,cell,method,fd,logfd,ret,ret_broad,adapt,adapt_task,bbh,mmlu_pro,mmlu,arc_c,truthfulqa,dw_sv_max,dw_sv_mean,lr,wd,clora_k,rank,quarantined,straggler,in_family,cs_boolq,cs_piqa,cs_social_i_qa,cs_hellaswag,cs_winogrande,cs_ARC_Easy,cs_ARC_Challenge,cs_openbookqa,forgetting_ce,base_entropy,forgetting_kl,fro_total,spec_max,spec_mean,stable_rank_w,eff_rank_w,e_top_w,e_bot_w,ein_top_w,ein_bot_w,amp_top_w,depth_centroid,eff_n_mat,share_q,share_k,share_v,share_up,share_down
qwsw_clora_k1024_lr2e4_s43,qwsw,43.0,qwsw_clora_k1024_lr2e4,clora,0.2146,-0.6683702823700677,39.89,47.62,86.19,cs,44.62,35.17,69.39,42.66,46.27,20.4597,5.2805,0.0002,,1024.0,,False,False,True,74.8,86.45,79.63,94.13,85.95,93.27,84.9,90.4,2.1846737900870177,1.8790178806577968,0.3056559094292208,244.12841866865517,20.465227127075195,5.282269580897368,8.333127814733704,23.180223797449496,0.054090076369458,0.0426062320162017,0.0599970130478553,0.0442945572113831,0.0446828625297474,0.5597856686134729,54.8451024178393,0.040649533729739666,3.3979371244571675e-10,5.895819815526754e-10,0.553663829023903,0.40568663631698143
qwswm_lora_null_r16_lr5e4_s44,qwswm,44.0,qwswm_lora_null_r16_lr5e4,lora_null,0.1775,-0.7508016426088872,40.13,51.45,59.44,gsm8k,42.01,38.25,70.67,52.73,53.6,16.0783,4.9078,0.0005,,,16.0,False,False,True,,,,,,,,,2.0926891530440144,1.9346918347336524,0.157997318310362,215.3761164397996,16.07663345336914,4.908067025031362,10.665637444669729,17.40636052862144,0.1323921466315852,0.0869970913260113,0.0714521932361262,0.0979774049782716,0.0819050060305671,0.5457670853188644,65.67785015424816,0.14753428003117425,0.017649148927613965,0.009378357959260735,0.5390623092346455,0.2863759038473058
frc_lorawd_wd0p1_lr2e4_c256_s43,frc,43.0,frc_lorawd_wd0p1_lr2e4_c256,lorawd,0.4115,-0.3856301604517114,25.92,34.43,38.65,cs,33.42,18.41,43.83,40.44,36.07,27.0828,10.7004,0.0002,0.1,,,False,False,True,72.23,65.83,8.39,56.05,43.09,19.57,18.43,25.6,2.0924865910622445,1.810069211692996,0.2824173793692488,302.03104822650374,27.095577239990234,10.70460266172886,5.022200205687788,16.77746368348651,0.0695277049533851,0.0472621454714351,0.0782719195322538,0.0490177070949337,0.0681609579347306,0.5418582864182281,124.5598983540134,0.13486196445026566,0.14984303255632841,0.09844613587871207,0.3448739522861495,0.27197491482854436
qwswm_lorawd_wd0p3_lr1e3_s44,qwswm,44.0,qwswm_lorawd_wd0p3_lr1e3,lorawd,0.2126,-0.672436739812722,42.92,52.76,72.93,gsm8k,46.98,38.85,69.33,52.9,55.72,32.8957,4.2757,0.001,0.3,,,False,False,True,,,,,,,,,2.097952807556372,1.9346918347336524,0.163260972822719,208.6168063980461,32.928009033203125,4.276823737365859,14.829541931666588,27.48743022124504,0.1085313681352651,0.0903069913026441,0.0673224942225082,0.0451030497147588,0.0700470737011194,0.5502952138080405,61.03547282358092,0.11896574804040605,0.011260256127810597,0.008348388631712224,0.47762589284022045,0.38379971435985083
frm_lorawd_wd0_lr2e4_c256_s43,frm,43.0,frm_lorawd_wd0_lr2e4_c256,lorawd,0.852,-0.0695604052332998,20.3,28.09,62.4,math_faithful,30.59,10.01,25.62,32.25,41.97,81.172,14.7974,0.0002,0.0,,,False,False,True,,,,,,,,,2.859160897766794,1.810069211692996,1.0490916860737982,705.0592939668969,81.16973876953125,14.79878034889698,15.794269606429886,45.459752060699365,0.0680530380551385,0.046570215644127,0.0691164642672584,0.0509298365595075,0.0650479612432213,0.5707913666724964,124.1298657115478,0.1696081623898407,0.1858210175388505,0.10821865745302123,0.3111660466525597,0.22518611596572796
frc_milora_a1r_lr1e3_c256_s44,frc,44.0,frc_milora_a1r_lr1e3_c256,milora,1.5127,0.1797528068974981,14.84,24.17,65.04,cs,21.87,7.8,23.07,31.4,36.69,244.543,28.1704,0.001,,,,False,False,True,63.33,72.91,74.31,55.25,72.14,64.56,50.0,67.8,3.198534623921109,1.810069211692996,1.3884654122281133,1290.7323887517707,244.54440307617188,28.17267630696297,15.014835019010578,27.138656644059427,0.0774817937437921,0.0493088255202393,0.0685153456332403,0.0550992231571433,0.0707181996011832,0.5035066198251349,100.88850634470784,0.23814669612787936,0.24408367345546564,0.12369543880178911,0.2318876778380016,0.16218651377686422
qwsw_lorawd_wd0p3_lr1e4_s42,qwsw,42.0,qwsw_lorawd_wd0p3_lr1e4,lorawd,0.1373,-0.862329462763245,41.01,49.76,87.48,cs,45.91,36.11,71.4,47.61,47.77,11.5435,3.5195,0.0001,0.3,,,False,False,True,74.43,90.37,80.09,95.49,85.0,95.62,88.48,90.4,,,,100.44313756475054,11.553292274475098,3.5212096554892405,4.173905354622653,14.28141238349045,0.1168228902113532,0.0922882352345868,0.0814278463521742,0.0473927047150332,0.0749055742905494,0.5410904952300959,61.84502307228174,0.08291254288895514,0.010948740011931635,0.009957997466629483,0.5206932928633317,0.37548742676915225
frm_lorawd_wd0p5_lr5e4_c256_s42,frm,42.0,frm_lorawd_wd0p5_lr5e4_c256,lorawd,0.2581,-0.5882119954561311,24.83,33.24,65.43,math_faithful,32.85,16.8,34.82,38.74,43.0,27.288,3.416,0.0005,0.5,,,False,False,True,,,,,,,,,2.034725961468198,1.8520239240816387,0.1827020373865591,157.95737175866324,27.28788185119629,3.416314784437418,15.15081841251537,39.67706035433317,0.0843717288211916,0.0466230756025226,0.0986574552164011,0.0470838970886436,0.0812074445243477,0.5603495004863364,98.57848155426034,0.1138326822677175,0.1542352099325012,0.08868373153545495,0.3740993151987503,0.2691490610655761
frc_milora_a1r_lr1e4_c256_s45,frc,45.0,frc_milora_a1r_lr1e4_c256,milora,0.2454,-0.6101254416090145,27.31,36.17,74.29,cs,34.71,19.91,47.24,42.92,36.06,11.6294,6.0261,0.0001,,,,False,False,True,32.84,83.03,79.89,89.37,82.95,81.86,67.75,76.6,1.9310410345718372,1.810069211692996,0.1209718228788416,122.19849769553817,11.629400253295898,6.026789873838425,3.5491619330555406,11.18462539400782,0.063775854706662,0.162873654694716,0.0850082852716776,0.1475345925068265,0.0682478202924157,0.5530343353138403,127.5373277986849,0.1453777010903266,0.1544651744033618,0.12021578584390341,0.34997759179120425,0.22996374687120386
frc_lora_r32_lr3e4_c256_s46,frc,46.0,frc_lora_r32_lr3e4_c256,lora,0.7621,-0.1179880383733413,22.66,30.29,77.81,cs,29.8,15.51,34.08,37.97,34.07,57.4887,17.7444,0.0003,,,32.0,False,False,True,70.34,80.47,78.92,87.39,82.24,80.98,64.93,77.2,2.4444308105325567,1.810069211692996,0.634361598839561,592.2331711483135,57.48810195922852,17.746307069063185,7.341343577997672,21.39064476835021,0.0693359294155408,0.0462179883096237,0.0703331238781795,0.0500413105438631,0.065706666472526,0.5360564760763938,135.07903771939047,0.17027372145124633,0.19138008661337025,0.10597872437981212,0.3046786136532014,0.22768885390236987
frc_lorawd_wd0p2_lr1e4_c256_s42,frc,42.0,frc_lorawd_wd0p2_lr1e4_c256,lorawd,0.254,-0.595166283380062,27.42,35.12,35.41,cs,34.63,20.22,45.9,40.36,34.49,18.059,6.2778,0.0001,0.2,,,False,False,True,51.93,0.54,22.98,53.87,76.16,26.09,21.5,30.2,1.985747811139539,1.8520239240816387,0.1337238870579002,141.0965906143857,18.09582901000977,6.279496379196644,3.0693731560632687,10.5964428470115,0.0711187257886801,0.0498872410746087,0.0895671727071807,0.0502157653453448,0.0716305034388068,0.5366686893694593,111.12621897599846,0.11215632899375441,0.11803107131655828,0.09429308733210964,0.40542958106038424,0.2700899312971934
qwsw_milora_r32_lr1e4_s43,qwsw,43.0,qwsw_milora_r32_lr1e4,milora,0.182,-0.7399286120149252,38.47,48.31,87.45,cs,45.43,31.51,69.78,45.48,49.34,9.8242,2.959,0.0001,,,32.0,False,False,True,73.64,89.83,80.35,94.99,84.45,94.7,89.25,92.4,,,,100.38359069306972,9.82607364654541,2.959487840959004,8.133888918264288,24.959880129992943,0.06083123162078,0.378987738523124,0.062045641904099,0.2332395471880802,0.0510339209659578,0.5433136570414339,69.35584637591444,0.10027704668771739,0.014323528344073666,0.026218805905577618,0.4265476585142061,0.4326329605484254
frc_lorawd_wd0p3_lr2e4_c256_s45,frc,45.0,frc_lorawd_wd0p3_lr2e4_c256,lorawd,0.3026,-0.5191310763128321,26.98,35.08,66.07,cs,33.97,20.0,47.24,41.13,33.05,22.3628,6.9962,0.0002,0.3,,,False,False,True,72.51,77.26,14.59,84.9,83.5,73.99,56.83,65.0,1.9751387587042375,1.810069211692996,0.165069547011242,195.95262312606025,22.383968353271484,7.000087954103947,4.884930284203944,15.633964154755237,0.0710694810233411,0.0483095176357012,0.0859828727599733,0.0484075618206679,0.0710674321226514,0.5424873901039666,116.84151835119684,0.11867446800728856,0.13450497235195846,0.09623828597463885,0.3660050968183549,0.2845771768477592
qwsw_clora_k1024_lr5e4_s44,qwsw,44.0,qwsw_clora_k1024_lr5e4,clora,0.4314,-0.3651198592334738,32.98,40.97,85.01,cs,40.25,25.72,59.65,37.97,41.28,32.3533,8.5867,0.0005,,1024.0,,False,False,True,71.47,88.47,78.61,93.48,84.14,92.85,83.28,87.8,2.6208615978145984,1.9346918347336524,0.686169763080946,532.5069090615821,32.42694854736328,8.589346876627367,15.679290708845814,28.5549167208388,0.0508569868994123,0.0437743964627634,0.0551951161003493,0.0448662468671382,0.0432356622978295,0.5435928462790697,58.089210383561664,0.06027012591087924,1.6918572433141498e-10,3.943654561371376e-10,0.5400899827265716,0.3996398907989978
frm_lorawd_wd0p2_lr2e4_c256_s42,frm,42.0,frm_lorawd_wd0p2_lr2e4_c256,lorawd,0.3579,-0.4462383016099956,24.49,32.21,64.9,math_faithful,32.22,16.76,31.56,40.19,40.34,35.7076,5.8996,0.0002,0.2,,,False,False,True,,,,,,,,,2.167781265756797,1.8520239240816387,0.3157573416751584,261.6757187969153,35.707801818847656,5.900209876894951,13.45750701139202,40.098112166144375,0.0728277435708349,0.04791670996686,0.0815611134867329,0.0493979652494128,0.071420128988195,0.5687179320106636,115.98528936212051,0.14191954279960944,0.16926234739749496,0.09387300070292838,0.33373419248572195,0.26121091661424517
lrsw_lorawd_wd0p3_lr1e4_s45,lrsw,45.0,lrsw_lorawd_wd0p3_lr1e4,lorawd,0.2349,-0.6291169832223942,27.34,35.54,74.86,cs,34.93,19.76,46.21,40.96,35.86,17.7221,5.5666,0.0001,0.3,,,False,False,True,71.77,83.19,73.59,85.57,83.58,68.81,61.01,71.4,1.9634835512031703,1.8520239240816387,0.1114596271215315,125.41180602822732,17.749942779541016,5.567833991348744,3.0837678572055984,10.20399229575253,0.0722602725441602,0.0503396303088336,0.0919184933901606,0.0504780678030837,0.0725847353398005,0.5349509106237698,108.78177175053798,0.10867656092361813,0.1142364231072317,0.09417252483823929,0.4126464580351651,0.2702680330957458
frm_lorawd_wd0p2_lr3e4_c256_s44,frm,44.0,frm_lorawd_wd0p2_lr3e4_c256,lorawd,0.4583,-0.3388501427552134,24.92,33.17,64.14,math_faithful,34.16,15.67,31.44,38.91,45.68,48.7096,6.2965,0.0003,0.2,,,False,False,True,,,,,,,,,2.2084451300298134,1.810069211692996,0.3983759183368176,309.7249331087584,48.70999526977539,6.296962161362171,17.818423655725244,45.56169941559957,0.0757258305077644,0.0467358275822645,0.0847264235861695,0.0486675877469232,0.0742903316078367,0.5599174942129067,112.20557778120613,0.1414539068629786,0.17201235889061733,0.09715456679534776,0.33650905503776923,0.2528701124132871
frc_lorawd_wd0p5_lr1e3_c256_s42,frc,42.0,frc_lorawd_wd0p5_lr1e3_c256,lorawd,0.3146,-0.502241281712732,26.34,34.16,81.58,cs,34.39,18.29,44.52,37.97,35.61,29.465,5.0967,0.001,0.5,,,False,False,True,72.66,83.03,80.71,92.42,83.98,85.4,72.01,82.4,1.9545612006523276,1.8520239240816387,0.1025372765706886,179.58430263610586,29.46469497680664,5.097362641990185,8.379215537805852,21.055765255845976,0.0771097249319994,0.0455382639543383,0.0885057136711581,0.0479246974798571,0.0758808628733144,0.5358822515720588,112.74252313143718,0.1329665002126027,0.16625075589929061,0.09656599908790114,0.3540735372930526,0.2501432075071531
lrswm_lora_r16_lr2e4_s44,lrswm,44.0,lrswm_lora_r16_lr2e4,lora,0.3765,-0.4242350194632806,24.3,33.26,46.32,gsm8k,31.85,16.76,31.15,43.0,43.52,28.3849,9.9894,0.0002,,,16.0,False,False,True,,,,,,,,,2.0960288423871924,1.810069211692996,0.2859596306941967,242.2145592357421,28.449485778808597,9.99551155269146,3.5411991309790136,9.517961262464304,0.0671213623203357,0.0493770546299297,0.0792827299103379,0.0496619204575227,0.0666204028276954,0.5861646285539654,108.96498976764514,0.12027502878737259,0.12995366755406973,0.09158079810471964,0.36776888563656074,0.29042161991727733
frm_lorawd_wd0p2_lr3e4_c256_s42,frm,42.0,frm_lorawd_wd0p2_lr3e4_c256,lorawd,0.4215,-0.3752024210392389,23.78,33.42,64.97,math_faithful,31.45,16.11,36.41,38.31,44.8,51.1897,6.2901,0.0003,0.2,,,False,False,True,,,,,,,,,2.249888817779646,1.8520239240816387,0.3978648936980073,309.93152525554325,51.189056396484375,6.290527057647705,17.988117251835746,45.59066670162063,0.0759646028684633,0.0466739270566317,0.0840279830607757,0.0486923334298249,0.073984043811053,0.559437593611858,110.63625288221817,0.14099251796758908,0.17282755936063698,0.09688368947288012,0.3352508373673919,0.254045395831502
frc_lorawd_wd0p3_lr5e4_c256_s43,frc,43.0,frc_lorawd_wd0p3_lr5e4_c256,lorawd,0.3889,-0.4101620568525402,26.67,33.94,82.02,cs,33.94,19.4,43.77,37.97,34.61,34.0947,6.7163,0.0005,0.3,,,False,False,True,72.42,84.6,80.6,91.28,84.45,86.91,73.29,82.6,2.0639299320661184,1.810069211692996,0.2538607203731227,266.5030034097284,34.09463119506836,6.716753767430783,10.680237981725917,23.758715237148564,0.0748641910775381,0.0464214644096635,0.0831277803912471,0.0478126150155087,0.0723895059262515,0.5448305320315893,119.1130824399835,0.13494597371730305,0.15817262298614942,0.1025751559062795,0.3409362857333612,0.26336996165690685
frc_milora_a1r_lr2e4_c256_s44,frc,44.0,frc_milora_a1r_lr2e4_c256,milora,0.402,-0.3957739469155299,26.52,34.87,22.28,cs,33.6,19.45,46.94,39.42,34.92,26.3707,11.5635,0.0002,,,,False,False,True,62.17,0.16,2.15,12.77,0.55,44.61,37.2,18.6,2.0798272280296555,1.810069211692996,0.2697580163366597,270.3118194542118,26.37084197998047,11.566428723931311,4.599351578986303,13.606412823270135,0.0655482339223019,0.1072257699933614,0.0777562481040165,0.1060873578353037,0.0668800454032669,0.5457090460174355,134.3008164141681,0.162357167865547,0.18091062190835475,0.10139483649941708,0.31557626562133667,0.2397611081053446
lrswm_lorawd_wd0p3_lr1e3_s42,lrswm,42.0,lrswm_lorawd_wd0p3_lr1e3,lorawd,0.5181,-0.2855864077128788,22.32,31.34,48.98,gsm8k,30.82,13.83,30.07,37.8,44.17,43.9499,8.1399,0.001,0.3,,,False,False,True,,,,,,,,,2.2907579486607186,1.8520239240816387,0.4387340245790798,366.76242657260536,43.94903564453125,8.141169725358486,13.86929765421961,27.073579690889773,0.0770515802342815,0.0460951343982029,0.0862015728216193,0.0480043749445966,0.0754390467213692,0.5846640848916945,109.97273829083176,0.13350089656709585,0.14569801332796042,0.10739135573160304,0.3512092737216692,0.26220046065167146
frm_milora_lr3e4_c256_s42,frm,42.0,frm_milora_lr3e4_c256,milora,1.2568,0.0992661720319168,19.86,27.21,58.98,math_faithful,30.18,9.54,23.0,28.84,44.5,155.1685,20.0977,0.0003,,,,False,False,True,,,,,,,,,3.65936757622886,1.8520239240816387,1.8073436521472213,1114.581651090684,155.1688690185547,20.098107567429544,23.77539930088811,49.33842240242777,0.0700368228789055,0.0533468813935168,0.0674778554295969,0.0831653158436501,0.0662689384556415,0.5571295513631923,113.52658754866019,0.17652744732533496,0.18709074741092901,0.11253988573110724,0.3117692087179702,0.21207271081465862
frm_dora_lr3e4_c256_s42,frm,42.0,frm_dora_lr3e4_c256,dora,2.8399,0.453303047718583,19.18,26.67,58.76,math_faithful,29.26,9.09,23.72,29.01,42.27,672.4734,30.5101,0.0003,,,,False,False,True,,,,,,,,,4.05836845922639,1.8520239240816387,2.2063445351447517,1608.7579308985887,672.482666015625,30.51080406010151,19.46785235727992,46.02455137206571,0.1167707567110732,0.0438577296707771,0.1002100442695336,0.0485969744432354,0.1050678667741743,0.32180296170286243,9.645946958967098,0.32603147646592057,0.3504305111748212,0.06446674457135335,0.15391059008995295,0.10516067769795195
qwsw_lora_r16_lr1e4_s43,qwsw,43.0,qwsw_lora_r16_lr1e4,lora,0.1594,-0.7975116829399065,38.56,48.8,82.61,cs,45.02,32.1,70.7,48.04,48.16,16.239,4.6983,0.0001,,,16.0,False,False,True,72.94,80.03,78.92,94.74,85.48,83.12,77.82,87.8,,,,117.04224534424527,16.26405906677246,4.7003943417753495,3.122099797305844,8.603481909062632,0.1161788577608115,0.0916235128692211,0.0794076603595981,0.047914539266045,0.0739642016429385,0.5342401411958962,61.88292614819457,0.08228872160310795,0.011163921358633177,0.009903397463487972,0.5399928491728851,0.35665111040188574
qwsw_lora_null_r16_lr1e3_s42,qwsw,42.0,qwsw_lora_null_r16_lr1e3,lora_null,0.6868,-0.1631697135111211,12.2,29.83,82.0,cs,13.93,10.46,50.55,37.12,37.07,85.0712,16.616,0.001,,,16.0,False,False,True,68.93,85.36,79.84,87.74,81.53,89.35,77.22,86.0,,,,749.250222790027,85.0691146850586,16.61637647492545,11.081476070467772,15.948971404403412,0.1211803111193484,0.0921152578192981,0.0629863994613441,0.0504457506460001,0.0741000949161259,0.49096796805191467,74.40640714614945,0.22307633066348306,0.014907084058631144,0.010448843317965452,0.46105413821006286,0.2905136037498576
qwsw_lorawd_wd0p3_lr15e5_s42,qwsw,42.0,qwsw_lorawd_wd0p3_lr15e5,lorawd,0.1662,-0.7793689805519078,41.03,49.6,85.55,cs,46.23,35.83,70.84,48.12,47.0,13.244,4.1498,0.00015,0.3,,,False,False,True,73.67,85.75,79.94,95.02,85.95,90.7,85.58,87.8,2.084031502295692,1.9346918347336524,0.1493396675620393,134.721229188934,13.252882957458496,4.151758067948478,5.466366772650895,17.396090869790317,0.1155877011588892,0.0920812013763374,0.0784268633705608,0.0455237708515486,0.0736137199598025,0.5408294149300605,63.13337156111173,0.08503267328553103,0.011354675766047493,0.009832616434545504,0.49927979288527197,0.39450024162860403
frc_lorawd_wd0p2_lr2e4_c256_s44,frc,44.0,frc_lorawd_wd0p2_lr2e4_c256,lorawd,0.3465,-0.4602967610521745,26.35,33.79,59.4,cs,33.87,18.83,42.36,38.91,34.98,24.4701,8.5149,0.0002,0.2,,,False,False,True,68.1,47.23,60.7,22.02,83.43,75.04,63.65,55.0,2.025586420855972,1.810069211692996,0.2155172091629762,240.3320215385588,24.494028091430664,8.51950381398201,4.952560041280972,16.213504612215434,0.0702791074036982,0.0480570121748666,0.0821645539034043,0.0487820875309926,0.0696393667681633,0.543172391340847,119.80830098562532,0.12637713375391335,0.1391623279338306,0.0954711372263506,0.35677553180710386,0.28221386927880165
qwsw_lorawd_wd0p3_lr2e5_s44,qwsw,44.0,qwsw_lorawd_wd0p3_lr2e5,lorawd,0.1002,-0.9991322784687732,38.56,50.64,85.15,cs,45.86,31.26,72.03,55.12,48.91,5.8394,1.3352,2e-05,0.3,,,False,False,True,66.36,89.39,79.58,93.37,84.53,92.59,86.18,89.2,1.9850510834718025,1.9346918347336524,0.0503592487381499,27.9380935743598,5.841203689575195,1.3362054229847022,1.9457520116416973,5.796604076050679,0.1032887346469872,0.0900919497376306,0.1072079359604824,0.0587879858363399,0.07630662003106,0.5443113410103093,40.71203837588124,0.0679873994068067,0.009156892090316454,0.007496270576985927,0.7541443050758556,0.16121513285003558
qwswm_lora_r32_lr1e4_s43,qwswm,43.0,qwswm_lora_r32_lr1e4,lora,0.078,-1.1079053973095196,44.39,54.0,67.4,gsm8k,47.47,41.31,71.82,52.56,56.86,7.5042,1.9584,0.0001,,,32.0,False,False,True,,,,,,,,,2.011828993180994,1.9346918347336524,0.0771371584473414,61.647191210045925,7.509658336639404,1.959094282984733,6.424128871643538,20.4569543522538,0.1226073926346182,0.103409377252594,0.0682553774183861,0.0513631263471268,0.0747217456748986,0.5161537210258134,68.42102404348427,0.1242173495054662,0.018403932065802278,0.014151301559107559,0.5130042744657706,0.33022314240385336
frc_milora_lr1e3_c256_s44,frc,44.0,frc_milora_lr1e3_c256,milora,5.4068,0.7329403051216139,4.62,21.08,36.89,cs,9.25,0.0,23.34,25.51,47.31,575.7641,63.9661,0.001,,,,False,False,True,62.11,49.02,33.01,24.88,48.78,25.72,25.0,26.6,6.209710296412203,1.810069211692996,4.399641084719207,2664.76024200489,575.7601318359375,63.97059174776077,12.863495427202734,25.90025015087827,0.0932375864538034,0.0487672977801897,0.0940901677507247,0.0531760477890524,0.0942336321958433,0.5901280217655734,58.07166139868634,0.29112886246940883,0.29275143040718354,0.08844636530131568,0.20857511883920857,0.11909822298288336
lrswm_lorawd_wd0p3_lr3e4_s42,lrswm,42.0,lrswm_lorawd_wd0p3_lr3e4,lorawd,0.3592,-0.4446636720047332,24.43,33.53,49.13,gsm8k,31.56,17.3,36.08,40.44,42.27,18.0775,6.9481,0.0003,0.3,,,False,False,True,,,,,,,,,2.1280944425220443,1.8520239240816387,0.2760705184404055,224.90938691440343,18.09227752685547,6.949753028154373,6.429593168391686,18.977261803943605,0.0680940107636635,0.0491095935046577,0.0806202673972761,0.0497443472244205,0.0681078347566108,0.5865387615547181,111.67730520418506,0.12571361399080253,0.13878284523098056,0.09147669047054618,0.3633993166037008,0.28062753370397
frm_lorawd_wd0_lr2e4_c256_s42,frm,42.0,frm_lorawd_wd0_lr2e4_c256,lorawd,0.87,-0.0604807473813814,19.24,28.86,61.33,math_faithful,26.75,11.74,25.19,34.22,46.42,87.4629,15.1002,0.0002,0.0,,,False,False,True,,,,,,,,,2.888892415530566,1.8520239240816387,1.036868491448928,704.1955277881192,87.4616928100586,15.101794350147248,15.066373900562995,44.987628949548245,0.0679652631646444,0.0463208328639162,0.0691671699682728,0.051045401663192,0.0649695006928482,0.5666205375607057,124.3070718708432,0.17102533751810697,0.191382181335711,0.10859856845414244,0.31832743732214475,0.21066647536989497
frc_lorawd_wd0p5_lr3e4_c256_s45,frc,45.0,frc_lorawd_wd0p5_lr3e4_c256,lorawd,0.258,-0.5883802940367698,23.8,30.79,81.62,cs,30.2,17.39,31.56,39.42,35.36,17.167,4.8387,0.0003,0.5,,,False,False,True,72.66,84.06,80.96,92.0,83.9,86.74,71.25,81.4,1.982035818140092,1.810069211692996,0.1719666064470963,153.79428975601235,17.166963577270508,4.839916594326496,6.465744070406424,17.686651563254312,0.0739289786090327,0.0482436332120185,0.0943368119498771,0.0482707700327526,0.075437950436455,0.5443029871246046,113.88826242317164,0.11565836575051279,0.1370359074228295,0.09506715992969836,0.3743538841942272,0.2778846827027322
qwswm_sclora_r32_lr5e4_s42,qwswm,42.0,qwswm_sclora_r32_lr5e4,sclora,0.5287,-0.2767906895948886,20.92,38.91,55.27,gsm8k,34.08,7.76,55.46,44.54,52.73,22.7019,7.3561,0.0005,,,32.0,False,False,True,,,,,,,,,,,,425.0301276926436,22.705202102661133,7.357451100008828,17.73175297666116,37.57799995044241,0.1466011805295307,0.0947852537176325,0.2113055469006819,0.0358470367818958,0.136152547930676,0.5382872264219508,66.2569022491126,0.12331255520162493,0.018563944027390197,0.013762687106805966,0.5395602671703559,0.30480054649382304
qwsw_lora_null_r16_lr5e5_s43,qwsw,43.0,qwsw_lora_null_r16_lr5e5,lora_null,0.1077,-0.9677842967020184,39.73,51.52,85.55,cs,46.35,33.11,71.81,55.29,51.05,5.8698,1.663,5e-05,,,16.0,False,False,True,62.17,89.45,79.63,93.26,84.14,95.41,89.33,91.0,1.9938321530776943,1.9346918347336524,0.0591403183440419,48.5778214568228,5.877576351165772,1.6632826998829842,5.167038284196114,14.338629107341353,0.2024764877687165,0.0753475609366373,0.0982935769434263,0.1155314520205774,0.1178421329190949,0.5862286399832106,57.13938923574529,0.09034507361671458,0.016695344627390057,0.01246848426826518,0.5858360221136794,0.2946550753739507
frc_lora_null_lr2e4_c256_s45,frc,45.0,frc_lora_null_lr2e4_c256,lora_null,0.539,-0.2684112348132612,22.9,31.19,80.56,cs,32.93,12.88,40.02,38.14,31.96,33.6749,10.7027,0.0002,,,,False,False,True,73.0,84.0,79.63,88.61,83.58,84.3,70.14,81.2,2.3836648286749424,1.8520239240816387,0.5316409045933037,440.2922424758029,33.67414474487305,10.703375166654586,10.947167513812849,30.30970098263749,0.1025335318942229,0.0418180761566004,0.1146470699326463,0.0633791966179501,0.0955997192703068,0.544438146456441,127.01375335124467,0.1573371637350508,0.16980771032815384,0.08788218403914398,0.35921797465805183,0.22575496723959962
lrsw_milora_r32_lr5e5_s43,lrsw,43.0,lrsw_milora_r32_lr5e5,milora,0.197,-0.7055337738384071,27.3,36.63,35.55,cs,34.74,19.86,47.27,44.71,36.57,6.2613,3.0122,5e-05,,,32.0,False,False,True,60.24,57.29,31.78,11.58,39.38,27.65,24.49,32.0,1.8817642131388648,1.810069211692996,0.071695001445869,56.500056659917824,6.263542652130127,3.012921514362097,2.979143946333435,10.170739677804388,0.0590984887131517,0.2209904488196339,0.0987689713209484,0.1932989923507562,0.0694931322786075,0.5583840194645452,109.84495414053514,0.1178692875865297,0.12824733570309027,0.11517431779252697,0.4191840852233607,0.21952497369449217
qwsw_clora_k1024_lr1e3_s44,qwsw,44.0,qwsw_clora_k1024_lr1e3,clora,0.6944,-0.1583902878315645,6.32,26.0,79.4,cs,12.36,0.27,44.08,37.88,35.39,84.6551,12.8655,0.001,,1024.0,,False,False,True,67.86,83.9,77.23,82.07,81.22,85.52,73.21,84.2,2.950490460527875,1.9346918347336524,1.0157986257942224,793.8438801801422,84.65424346923828,12.86822946455442,17.61768240694376,29.56917821730497,0.0599789475696203,0.0445348221510706,0.0600836778440166,0.047103938010883,0.0520016287829339,0.5068763157265445,63.56402149538383,0.12644129371216695,1.9219826728585486e-10,6.271079454055312e-10,0.5207427824658243,0.35281592300270254
qwsw_clora_k1024_lr1e3_s42,qwsw,42.0,qwsw_clora_k1024_lr1e3,clora,0.6845,-0.1646265475299912,7.9,27.34,79.72,cs,13.1,2.69,47.04,35.92,37.97,76.043,12.6303,0.001,,1024.0,,False,False,True,67.03,84.22,77.99,86.97,80.58,86.24,72.53,82.2,,,,793.6681191168706,76.04100799560547,12.632939346678487,17.904760869132453,29.74588499727545,0.0585929093498181,0.0446211083854896,0.059743461399726,0.0470200270732025,0.051143557774033,0.5082272936913944,63.58367775934499,0.1242604157630986,1.8786317771683638e-10,5.16172950388227e-10,0.5214397024060935,0.3542998811267719
qwswm_lora_r32_lr5e5_s43,qwswm,43.0,qwswm_lora_r32_lr5e5,lora,0.0523,-1.2814983111327258,43.61,53.87,63.91,gsm8k,46.8,40.43,72.13,52.99,56.99,3.8851,1.1291,5e-05,,,32.0,False,False,True,,,,,,,,,1.973067211730089,1.9346918347336524,0.0383753769964365,31.38459025902139,3.890255689620972,1.129522368311882,5.097951941304602,18.286208472763235,0.1265463160535153,0.1052732384023699,0.0725625523708488,0.0533326090170066,0.0771374335775681,0.5255506057293312,64.01129673635762,0.12016144014296211,0.018992442200590695,0.014845174110371284,0.5663981341743313,0.2796028093717446
qwswm_lora_r16_lr1e4_s42,qwswm,42.0,qwswm_lora_r16_lr1e4,lora,0.0718,-1.1438755557576996,42.8,53.2,63.0,gsm8k,44.34,41.26,72.13,50.6,57.66,5.8698,1.9295,0.0001,,,16.0,False,False,True,,,,,,,,,,,,50.01707799014478,5.880180358886719,1.930659160869462,3.9983358193341134,10.481685750361692,0.1226228212411583,0.1033261254564226,0.0717373636398715,0.0503588820835827,0.0755760392581946,0.5226615673702358,67.23832455364926,0.11461515666267105,0.017650355215982693,0.013553828980804147,0.5228224027495316,0.3313582563910105
lrsw_dora_r16_lr5e3_s43,lrsw,43.0,lrsw_dora_r16_lr5e3,dora,1877.7321,3.273633630639848,0.0,19.82,36.04,cs,0.0,0.0,25.64,23.81,49.65,99333.7578,9895.238,0.005,,,16.0,True,False,True,61.19,49.84,33.67,15.39,51.38,25.72,25.51,25.6,7.738709225870823,1.810069211692996,5.928640014177828,200498.89338093676,99334.7578125,9898.306285381315,1.5853963251577032,2.622974836192639,0.0724881418802472,0.0542885024242593,0.1187611736212993,0.0525334013770297,0.0863595662603995,0.42645546940811335,12.723720234816781,0.203319418048038,0.43515798926215243,0.08893362063057322,0.21163672716128792,0.060952244897948545
lrsw_milora_r32_lr1e4_s42,lrsw,42.0,lrsw_milora_r32_lr1e4,milora,0.2479,-0.6057234732321786,27.55,36.58,36.08,cs,35.02,20.08,47.12,44.28,36.4,13.0673,5.9916,0.0001,,,32.0,False,False,True,56.12,44.12,14.84,48.03,50.2,27.23,22.1,26.0,1.973655510435436,1.8520239240816387,0.1216315863537971,121.89106695602332,13.06732177734375,5.99220676124096,3.548793804561194,11.16050021482189,0.0645461921983044,0.1631762029580915,0.0871528574276003,0.1470637958223059,0.0695359308174353,0.5459381232643304,126.97800171491414,0.14506772664891612,0.15467912724599175,0.12011917570435841,0.35258871457692414,0.2275452558238096
frc_milora_a1r_lr7e4_c256_s44,frc,44.0,frc_milora_a1r_lr7e4_c256,milora,1.1428,0.0579702317107054,18.82,26.47,74.43,cs,27.48,10.16,23.8,33.53,37.37,181.1052,23.6898,0.0007,,,,False,False,True,67.4,79.16,77.84,80.84,78.53,74.62,58.87,78.2,2.8208880928722886,1.810069211692996,1.0108188811792929,947.9654292276098,181.1024932861328,23.69256152510643,11.964638674044338,24.0707151500198,0.0731011187280056,0.0531313721187515,0.0667893970452102,0.0599158263781,0.0664528962400892,0.5080879617486836,110.95419225880806,0.21253504288021147,0.22435265160228396,0.10845970986851328,0.2611180819734267,0.19353451367556462
qwswm_milora_r32_lr1e4_s43,qwswm,43.0,qwswm_milora_r32_lr1e4,milora,0.0981,-1.0083309926200514,43.04,53.07,63.23,gsm8k,45.31,40.76,71.64,51.37,56.28,4.161,1.2843,0.0001,,,32.0,False,False,True,,,,,,,,,2.1081597590553063,1.9346918347336524,0.1734679243216539,47.9976697395324,4.160956859588623,1.2845018946698734,10.734784765501296,32.41147310680658,0.0512400014209708,0.4609587640933335,0.0543710216402756,0.3197151344495502,0.0413469029365356,0.5350335513261579,69.69619708713454,0.07715765358881158,0.02106812517868503,0.03923620994527483,0.4280993816553077,0.4344386296319208
frc_lorawd_wd0p3_lr2e4_c256_s44,frc,44.0,frc_lorawd_wd0p3_lr2e4_c256,lorawd,0.3043,-0.5166980476418328,26.79,34.91,50.95,cs,33.74,19.84,44.57,41.64,34.78,16.341,6.923,0.0002,0.3,,,False,False,True,62.02,76.44,14.43,42.42,83.11,47.73,36.09,45.4,1.977922721005794,1.810069211692996,0.1678535093127984,195.8046296534484,16.342920303344727,6.926866464316845,4.948692484459571,15.658048402396858,0.07084750406625,0.0486772112815266,0.0855929333911034,0.0484943518227188,0.0707744810788597,0.5440261578801863,117.23486561738852,0.11963159273929355,0.13267494216424014,0.09444385744438408,0.3653206224159731,0.2879289852361091
frm_lorawd_wd0p5_lr7e4_c256_s43,frm,43.0,frm_lorawd_wd0p5_lr7e4_c256,lorawd,0.2875,-0.5413621509743507,25.06,33.21,64.67,math_faithful,33.3,16.81,38.01,33.45,44.46,39.569,3.7053,0.0007,0.5,,,False,False,True,,,,,,,,,2.016492457784656,1.810069211692996,0.2064232460916601,174.22120176716982,39.56856918334961,3.70557811781764,16.069538515287228,40.41158919007428,0.086487929631885,0.0457050700856955,0.0990738520533308,0.0465588280244218,0.0827186442724006,0.5495364813615862,82.69535403824544,0.1145648311329946,0.17197107978938297,0.08522321888585913,0.36658495561442744,0.26165591457733595
qwswm_lorawd_wd0p3_lr1e4_s42,qwswm,42.0,qwswm_lorawd_wd0p3_lr1e4,lorawd,0.0636,-1.1965428843515862,45.08,54.14,65.58,gsm8k,47.66,42.5,72.08,51.62,56.82,6.1412,1.5798,0.0001,0.3,,,False,False,True,,,,,,,,,,,,46.73444452646344,6.147793769836426,1.580405383024897,5.572016493201772,18.886855219338344,0.123380664006636,0.1047599178316979,0.0711065602886355,0.0498475674151562,0.0760960861397231,0.5159208579422804,67.7895627740573,0.11710933493905888,0.01853680596442739,0.014103533186347276,0.4957737142211857,0.3544766116889809
frc_lora_null_lr5e4_c256_s45,frc,45.0,frc_lora_null_lr5e4_c256,lora_null,1.2324,0.090751689644903,17.32,24.78,72.99,cs,27.37,7.26,22.95,33.53,32.8,138.8193,21.5477,0.0005,,,,False,False,True,67.83,77.91,78.61,74.09,78.85,72.69,58.96,75.0,3.013503932105336,1.810069211692996,1.20343472041234,1033.3646232127935,138.81964111328125,21.549767047166824,16.238459304845588,30.592587811118023,0.0860821207730127,0.0440390257457486,0.0887531067060375,0.0577846536172826,0.0833586197658407,0.523212914397707,130.5889639684338,0.2099217126497378,0.22689366610089565,0.11609991763834349,0.2757134796976156,0.17137122391340742
lrsw_lora_r16_lr2e4_s45,lrsw,45.0,lrsw_lora_r16_lr2e4,lora,0.4508,-0.3460160926259311,25.99,33.77,43.52,cs,32.76,19.22,42.89,40.44,33.56,34.207,13.0577,0.0002,,,16.0,False,False,True,48.9,53.81,16.58,63.19,72.69,40.49,33.7,18.8,2.1185390124314933,1.8520239240816387,0.2665150883498546,307.8283910284121,34.24897003173828,13.063734981417657,3.4558147196777784,9.336409313816151,0.0682806278988246,0.0472392191889125,0.0783668369565198,0.0487877214142071,0.067622494142659,0.5405805698151487,124.34834136956911,0.13335433476174202,0.14716721750557088,0.0986774037013416,0.3491058281690126,0.27169521586233303
frm_sclora_lr2e4_c256_s44,frm,44.0,frm_sclora_lr2e4_c256,sclora,1.3375,0.126293790693266,13.64,24.34,56.48,math_faithful,26.77,0.51,23.38,30.12,40.91,162.5019,16.0639,0.0002,,,,False,False,True,,,,,,,,,3.803879344491416,1.810069211692996,1.9938101327984203,999.50207782146,162.502197265625,16.063986980915068,27.75667167029846,63.103754865816576,0.0861003852334155,0.0419104058182279,0.3020664244712948,0.0235603861276699,0.1477566834755176,0.513061918152658,116.1230345184556,0.2198992060712159,0.1839350452790915,0.08569043174126469,0.3541086191994477,0.1563666977089802
qwsw_sclora_r32_lr5e5_s42,qwsw,42.0,qwsw_sclora_r32_lr5e5,sclora,0.2754,-0.5600360640790951,39.04,45.86,86.49,cs,43.66,34.42,68.21,38.05,44.94,7.0801,2.3178,5e-05,,,32.0,False,False,True,74.5,89.66,79.38,95.21,85.71,92.76,84.3,90.4,,,,91.7001413171478,7.079726696014404,2.3182019819106374,8.79882181802623,33.138423816827164,0.1837427821334488,0.068083949331165,0.465143052860814,0.0195163186209068,0.1976947744567583,0.5149587431196202,56.92222311446306,0.10466131137156962,0.01764599500769825,0.016610318936159968,0.644267786322487,0.21681458836208517
qwsw_lorawd_wd0p3_lr2e4_s44,qwsw,44.0,qwsw_lorawd_wd0p3_lr2e4,lorawd,0.1872,-0.7276941555979135,40.58,48.77,85.52,cs,45.31,35.85,70.09,43.0,49.61,12.6974,4.4644,0.0002,0.3,,,False,False,True,66.67,89.77,79.94,95.28,86.74,90.24,84.13,91.4,2.11834267323636,1.9346918347336524,0.1836508385027078,160.93712031633746,12.695914268493652,4.465923514110702,6.793997807212532,19.904135020016977,0.115464758277221,0.0917559313355985,0.0773554893683658,0.0448852496418106,0.0737147566708971,0.5421374637062882,63.75716911244363,0.08668831817378927,0.011337367826054155,0.009821630073362276,0.4910875624304266,0.40106512149636775
qwswm_clora_k1024_lr5e4_s44,qwswm,44.0,qwswm_clora_k1024_lr5e4,clora,0.1849,-0.7330630888408269,39.51,51.45,67.4,gsm8k,38.75,40.27,69.7,53.5,55.02,16.1384,3.5591,0.0005,,1024.0,,False,False,True,,,,,,,,,2.122641623213882,1.9346918347336524,0.1879497884802297,233.53645658590824,16.148849487304688,3.560082455794327,18.147807676781824,29.303315882891702,0.0479254474883259,0.0455812001489076,0.0527065434571654,0.0459223023330307,0.0414402164526333,0.5541445605704093,57.50227049251358,0.06076832574636232,4.216659566450997e-10,1.0725290411236784e-09,0.5399977902017132,0.3992338825577293
qwsw_sclora_r32_lr2e4_s43,qwsw,43.0,qwsw_sclora_r32_lr2e4,sclora,0.426,-0.370590400897281,29.82,37.14,86.79,cs,38.89,20.74,50.19,37.03,38.85,13.8391,5.2256,0.0002,,,32.0,False,False,True,74.8,88.85,79.48,94.55,86.66,94.61,86.35,89.0,2.4789613620367894,1.9346918347336524,0.544269527303137,294.02435974450594,13.839927673339844,5.226666291270937,16.329914671816983,36.26366467656693,0.1032483611510373,0.1196740546291965,0.1920302527296414,0.0305784092013725,0.1142278596169645,0.5463551431739998,58.136553447481035,0.07578430260724511,0.016095716476316888,0.01442197052883125,0.6116286099911974,0.2820694003964096
frc_lorawd_wd0p1_lr7e4_c256_s44,frc,44.0,frc_lorawd_wd0p1_lr7e4_c256,lorawd,0.8692,-0.060880282351513,21.58,28.29,76.88,cs,29.6,13.55,27.48,36.35,34.45,93.8808,14.0503,0.0007,0.1,,,False,False,True,69.72,80.79,79.73,83.93,80.03,79.04,64.16,77.6,2.432510711599144,1.810069211692996,0.622441499906148,641.3912536588172,93.8796157836914,14.052265039086342,14.859643348283134,27.806860628688224,0.0756577058244716,0.0456327695654884,0.0739398737803213,0.0495387929717568,0.070987030063138,0.5271651314064829,121.87012609243294,0.1874254086901329,0.2136101215518949,0.12238704558492028,0.2715679071984657,0.20500951697458628
lrsw_lorawd_wd0p3_lr5e5_s44,lrsw,44.0,lrsw_lorawd_wd0p3_lr5e5,lorawd,0.2211,-0.6554112574212861,27.33,36.47,24.44,cs,34.77,19.88,48.52,43.86,35.31,11.8894,3.7938,5e-05,0.3,,,False,False,True,1.65,22.25,36.34,26.9,15.94,34.76,27.65,30.0,2.068094519928801,1.810069211692996,0.258025308235805,73.68677655912718,11.909615516662598,3.7957749851047993,2.1695735610891527,6.625377421392865,0.0707915456347497,0.0515658406165559,0.1037686119651099,0.0553988323895272,0.0750458468228627,0.5465674850500087,93.78271042644302,0.09562150124463403,0.1050621457618426,0.09203372677263404,0.4865482322084129,0.22073439401247646
lrsw_milora_r32_lr1e3_s42,lrsw,42.0,lrsw_milora_r32_lr1e3,milora,1.5319,0.1852304161675628,17.21,24.56,65.29,cs,27.48,6.94,23.23,29.69,35.45,322.9453,28.6287,0.001,,,32.0,False,False,True,62.45,72.8,74.51,55.9,69.85,65.61,51.37,69.8,3.2316140988102564,1.8520239240816387,1.3795901747286177,1304.541204410069,322.942626953125,28.631066566705705,15.090604815860448,26.99130586868774,0.0798791821754336,0.0488993236395953,0.0679685548243818,0.0548387688836327,0.0707865379295206,0.4858151771993201,80.17028448373571,0.25098458069738633,0.24661046206449105,0.12157624465705555,0.22472193715987587,0.15610677542119122
lrsw_lorawd_wd0p3_lr2e5_s44,lrsw,44.0,lrsw_lorawd_wd0p3_lr2e5,lorawd,0.2172,-0.6631401790831907,26.83,36.6,46.05,cs,34.0,19.66,46.84,45.9,36.61,5.7326,2.1168,2e-05,0.3,,,False,False,True,60.8,60.17,49.23,19.32,74.03,39.77,35.67,29.4,2.0827364865273523,1.810069211692996,0.2726672748343566,35.57363741090024,5.745983600616455,2.118313888832927,1.4889589917353985,3.593485332982782,0.0634580353632628,0.0484664246399351,0.1300658384659333,0.0624513421084236,0.0795420413385343,0.5566583539651502,75.5279080250492,0.08160907060686216,0.10594573247114034,0.09231413359671443,0.5925328776178531,0.12759818570743006
lrswm_milora_r32_lr2e5_s42,lrswm,42.0,lrswm_milora_r32_lr2e5,milora,0.2714,-0.5663901566762818,25.35,33.64,33.06,gsm8k,33.5,17.2,29.69,46.42,41.39,3.5709,1.5689,2e-05,,,32.0,False,False,True,,,,,,,,,1.9249709554982053,1.8520239240816387,0.0729470314165665,27.239339299101665,3.57754898071289,1.5696064054965972,2.7341177758537127,9.561545675923444,0.0500277289699006,0.2645207390441962,0.1511813493447277,0.1799170333791887,0.0762131635076396,0.5776805418430985,95.03086650345288,0.09594851668092838,0.13015252908821925,0.10086292828594358,0.47891215527081676,0.19412387067409204
frc_lorawd_wd0p5_lr5e4_c256_s44,frc,44.0,frc_lorawd_wd0p5_lr5e4_c256,lorawd,0.2732,-0.5635193049905051,27.1,34.36,78.94,cs,33.91,20.3,45.32,38.14,34.15,22.2229,4.5082,0.0005,0.5,,,False,False,True,73.39,84.87,80.09,89.32,85.87,77.78,64.76,75.4,1.9144535285110091,1.810069211692996,0.1043843168180136,164.09841125365256,22.222637176513672,4.5085118122398855,8.786947178205443,21.02940147775429,0.0763933851669044,0.0469121195382281,0.0913343322875623,0.0477987505778797,0.0754762006554557,0.5407357523057581,110.75664517583222,0.12188053135049084,0.14534372774098436,0.09540629699787632,0.37051162706191065,0.2668578168487379
frc_milora_lr3e4_c256_s45,frc,45.0,frc_milora_lr3e4_c256,milora,0.729,-0.1372724716820254,22.66,30.82,78.44,cs,31.36,13.95,36.65,35.32,36.81,60.2502,19.0709,0.0003,,,,False,False,True,71.96,81.18,79.07,87.08,81.22,81.36,66.64,79.0,2.436660040255413,1.810069211692996,0.6265908285624173,605.6159279462287,60.2495231628418,19.071992045640947,7.925187526281763,19.34845982829065,0.0683486670169926,0.0575359467084559,0.0676715223054396,0.0912798128373964,0.0644030046922876,0.5341491978039639,133.43638077209474,0.17470960640356004,0.20616956045937956,0.09456302303497599,0.2958710355468455,0.22868677455523892
qwswm_sclora_r32_lr1e4_s42,qwswm,42.0,qwswm_sclora_r32_lr1e4,sclora,0.1827,-0.7382614526474622,39.3,51.72,76.88,gsm8k,45.85,32.75,70.32,52.39,57.29,5.1431,1.6656,0.0001,,,32.0,False,False,True,,,,,,,,,,,,88.14605992306019,5.1436052322387695,1.6659269628780229,15.201344187019942,40.96807597627048,0.1586134537528927,0.1020652588999874,0.3700184650692759,0.025347855292684,0.1723774897942949,0.524733142896676,58.811745414154366,0.10508425283312278,0.02232659572979954,0.020827080476839892,0.6336332592240522,0.21812881173618556
lrsw_clora_k1024_lr3e4_s42,lrsw,42.0,lrsw_clora_k1024_lr3e4,clora,0.4586,-0.3385659496060799,24.26,31.91,64.89,cs,32.27,16.24,40.34,36.01,34.68,21.8743,9.904,0.0003,,1024.0,,False,False,True,68.96,70.18,33.06,68.76,71.82,78.91,62.03,65.4,2.3011589219672963,1.8520239240816387,0.4491349978856576,370.9200307407836,21.885915756225582,9.906996565312149,7.519273728358616,22.12386976645384,0.0583637822970769,0.0473716177038599,0.0634646236413187,0.0488656781473728,0.0564098896560689,0.5462740291307652,86.94201984925674,0.053848768369646374,0.049674184445537325,0.07636210034306704,0.45885200310490304,0.3612629437368462
frc_lorawd_wd0_lr1e3_c256_s42,frc,42.0,frc_lorawd_wd0_lr1e3_c256,lorawd,7.04,0.8475726591421122,3.32,20.17,38.63,cs,6.65,0.0,23.02,23.81,47.38,672.7849,77.2981,0.001,0.0,,,False,False,True,62.26,49.56,47.44,25.01,49.17,26.6,23.21,25.8,7.323944145304555,1.8520239240816387,5.471920221222916,3034.988962652958,672.7691040039062,77.3047460079193,11.913107882677105,25.226048471303603,0.0969687936372904,0.0481139847555745,0.1027914839978604,0.0510171855943494,0.1004875392023356,0.5763623019789342,63.37916282214424,0.29138951216170783,0.2921536792327417,0.08166076848619261,0.2227681625280366,0.11202787759132116
qwsw_lora_null_r16_lr1e3_s43,qwsw,43.0,qwsw_lora_null_r16_lr1e3,lora_null,0.6634,-0.1782245328165365,9.56,29.28,82.54,cs,13.99,5.14,51.64,38.48,37.13,62.4608,16.9333,0.001,,,16.0,False,False,True,69.02,84.77,78.51,90.39,83.03,90.78,78.24,85.6,2.8189539774853127,1.9346918347336524,0.8842621427516604,759.1312208879094,62.459503173828125,16.933602704320634,10.889708436986496,15.778278201985156,0.116893848693377,0.0912376217917717,0.065776350298075,0.0620634971912515,0.074678998497988,0.4983170621644625,73.9657108127168,0.2138060754552392,0.014131679857460699,0.010035764087987285,0.4766463193964614,0.28538016120285153
lrsw_lora_r16_lr5e4_s42,lrsw,42.0,lrsw_lora_r16_lr5e4,lora,0.9238,-0.0344220420894721,20.56,27.68,77.3,cs,29.78,11.35,28.31,34.9,34.07,88.293,22.273,0.0005,,,16.0,False,False,True,68.96,81.72,78.51,85.41,80.82,78.96,64.25,79.8,2.550748057038821,1.8520239240816387,0.6987241329571825,753.0304753774519,88.291259765625,22.279035419225693,7.436121121395232,13.858946976739295,0.0697361693884582,0.0458125354593546,0.06804433875084,0.0504097037989561,0.0654383940955376,0.534273459501357,136.16181216818086,0.1917801201489107,0.2133359693368064,0.11567160767220565,0.27523891959888735,0.2039733832431899
qwsw_dora_r16_lr5e5_s42,qwsw,42.0,qwsw_dora_r16_lr5e5,dora,0.1197,-0.9219058495935892,38.39,49.32,85.19,cs,43.54,33.24,71.6,48.72,49.51,10.02,2.6391,5e-05,,,16.0,False,False,True,67.0,89.34,79.68,94.77,84.53,91.37,85.24,89.6,,,,56.52847687123448,10.039603233337402,2.640863811331136,2.2136739240956325,5.851657786310419,0.1121633877545433,0.0932609190459322,0.09078989698038,0.0523462401950308,0.0754517105748923,0.532892939097254,53.779714394093425,0.0758516706207428,0.010645301917207407,0.009234891915093274,0.6286464034203894,0.27562173212656715
qwswm_sclora_r32_lr5e5_s43,qwswm,43.0,qwswm_sclora_r32_lr5e5,sclora,0.1067,-0.97183558057553,42.84,53.55,77.86,gsm8k,47.52,38.16,71.44,54.69,55.93,3.0902,0.9181,5e-05,,,32.0,False,False,True,,,,,,,,,2.036875777062052,1.9346918347336524,0.102183942328399,46.26634460070817,3.090641975402832,0.9182043475764138,14.361623453308018,38.56033502225646,0.1542687831432319,0.1030296384531241,0.3924713218950746,0.0242177126420727,0.1705952807044061,0.5220911853410605,56.16240142051161,0.10457680966801457,0.022399553172500843,0.021607700317059192,0.6561449358895955,0.19527100095282976
frm_lorawd_wd0p3_lr5e4_c256_s42,frm,42.0,frm_lorawd_wd0p3_lr5e4_c256,lorawd,0.39,-0.4089353929735008,24.22,32.67,64.82,math_faithful,32.81,15.62,31.18,39.76,44.0,44.5539,5.0384,0.0005,0.3,,,False,False,True,,,,,,,,,2.201190369941208,1.8520239240816387,0.3491664458595691,256.30613835906564,44.55538558959961,5.038770242035389,18.86218385147691,45.790763478122365,0.082534292289609,0.045662874274997,0.0928819440639062,0.047223125804251,0.0798920329715785,0.5556882614570521,99.81322763178584,0.13001041876848302,0.16098322135728965,0.09280002834679987,0.35614581075308627,0.2600605207743413
lrsw_milora_r32_lr5e5_s42,lrsw,42.0,lrsw_milora_r32_lr5e5,milora,0.1961,-0.707522406332216,27.57,36.76,47.73,cs,35.43,19.71,46.46,45.22,36.97,6.1088,3.0098,5e-05,,,32.0,False,False,True,60.09,67.9,19.81,14.94,73.4,53.41,45.9,46.4,1.922430365342227,1.8520239240816387,0.0704064412605882,56.54038926356353,6.1106133460998535,3.0104471400380133,2.9819410040742373,10.17802261699616,0.0585417268754937,0.2210028875520354,0.0992611631832594,0.1933718338598801,0.0695583283557823,0.5589527609924168,110.1324718142331,0.11576746945928702,0.13009391814157525,0.11567424103560951,0.41813000522633775,0.22033436613719032
lrsw_clora_k1024_lr2e5_s43,lrsw,43.0,lrsw_clora_k1024_lr2e5,clora,0.1326,-0.8774564759312456,26.71,37.37,55.23,cs,34.05,19.37,46.51,48.46,38.46,3.9922,1.432,2e-05,,1024.0,,False,False,True,63.33,36.24,67.81,2.16,67.48,79.0,59.81,66.0,1.862185951570788,1.810069211692996,0.0521167398777924,28.865925567222668,3.9991917610168457,1.4331003088504075,2.1760351454216544,7.70409122570805,0.0579516317020299,0.0488955689577909,0.0947850143535651,0.0625616929230662,0.0644426751891392,0.5467679159115169,67.1791443540659,0.07436143941539092,0.06782732702851665,0.06795175015616207,0.6460948679184408,0.14376461548148947
lrsw_sclora_r32_lr5e4_s43,lrsw,43.0,lrsw_sclora_r32_lr5e4,sclora,1.0856,0.0356698346516806,15.26,24.35,66.8,cs,23.15,7.38,23.0,36.52,31.72,82.8391,15.6167,0.0005,,,32.0,False,False,True,70.43,75.68,73.75,43.55,78.22,72.35,51.79,68.6,2.8078629023015265,1.810069211692996,0.9977936906085308,764.9974919548855,82.83580780029297,15.618288233876228,16.27473011483596,32.81386921860844,0.0812886958625384,0.0423255056151536,0.1771788471501132,0.0352471522450173,0.1111988606567664,0.5248481558400648,136.33964529217084,0.19438697813596123,0.19767501575614765,0.10092998699920559,0.3046093210509205,0.20239869805776486
frc_lorawd_wd0p5_lr7e4_c256_s44,frc,44.0,frc_lorawd_wd0p5_lr7e4_c256,lorawd,0.2849,-0.5453075507605232,27.1,33.86,80.91,cs,34.6,19.59,43.73,38.31,33.07,28.2925,4.6898,0.0007,0.5,,,False,False,True,73.33,83.51,81.17,82.6,83.98,86.45,71.84,84.4,1.9136135885382484,1.810069211692996,0.1035443768452526,171.23175864430607,28.29219436645508,4.690318951010704,8.885907514520104,21.55828781728137,0.077677676171249,0.0460527852316331,0.0904185510093281,0.0479055040814952,0.0762111195923658,0.5342926692055912,107.61329801957366,0.12777986209442768,0.15713654853009254,0.09691731411006377,0.3637763883459013,0.25438988691951475
lrsw_lorawd_wd0p3_lr5e4_s43,lrsw,43.0,lrsw_lorawd_wd0p3_lr5e4,lorawd,0.3841,-0.4155556928348238,25.86,33.0,81.89,cs,32.74,18.97,42.15,38.57,32.57,38.2442,6.7211,0.0005,0.3,,,False,False,True,73.46,83.95,80.91,90.71,85.0,86.07,71.59,83.4,2.0430797374500687,1.8520239240816387,0.1910558133684299,266.1148092503015,38.24384689331055,6.721438390016556,10.619055563787567,23.684447696933987,0.0743629290152801,0.0463969277994213,0.0836789709314049,0.0478624987834186,0.072594240698946,0.5447076388532489,117.26845713885776,0.13195688364310443,0.16137582972961712,0.09963074088374853,0.3424946893431044,0.26454185640042555
qwswm_sclora_r32_lr1e3_s42,qwswm,42.0,qwswm_sclora_r32_lr1e3,sclora,0.8594,-0.0658046506521155,6.36,24.25,14.03,gsm8k,12.55,0.16,27.71,35.15,45.7,78.4404,14.2369,0.001,,,32.0,False,False,True,,,,,,,,,,,,847.7981201453018,78.43949127197266,14.23868329865592,19.433956539883688,34.264470270536954,0.1353711018867088,0.0878785070899548,0.1283874649571224,0.0431890703605156,0.1125604714662774,0.5251893038611926,66.67546101249046,0.16769142595474912,0.012629951428127038,0.01096065973525971,0.49691473108065387,0.31180323180121033
qwsw_milora_r32_lr2e5_s42,qwsw,42.0,qwsw_milora_r32_lr2e5,milora,0.1023,-0.9901243662878398,38.44,50.73,83.55,cs,45.91,30.98,71.81,55.55,49.4,2.7712,0.7491,2e-05,,,32.0,False,False,True,67.19,90.04,79.12,74.75,83.58,95.16,88.99,89.6,,,,21.12266444663036,2.772088050842285,0.7492034518292972,6.368610539590456,23.3189224433186,0.036791629300807,0.5541814077802161,0.0689062212751753,0.309316839568558,0.032935327307646,0.5434607413440338,64.24349997985198,0.05504377433982822,0.017753258547809073,0.04051039446712691,0.46388919368548076,0.422803378959755
qwsw_milora_r32_lr1e4_s44,qwsw,44.0,qwsw_milora_r32_lr1e4,milora,0.183,-0.7375489102695705,38.06,47.55,87.25,cs,44.94,31.18,69.67,44.37,47.59,8.9152,2.9485,0.0001,,,32.0,False,False,True,74.71,89.17,79.79,94.44,86.27,95.41,88.05,90.2,,,,100.44373906132265,8.917280197143555,2.949008489932333,8.219296687546962,25.05510648658698,0.0612453852127163,0.3786990190619345,0.0617053548454276,0.2334846500407357,0.0510276605081334,0.5424940714763099,69.47012631582831,0.10152033987729091,0.014337547380607819,0.02609439003193136,0.42624020577369215,0.43180751693647784
frc_lorawd_wd0p5_lr2e4_c256_s42,frc,42.0,frc_lorawd_wd0p5_lr2e4_c256,lorawd,0.237,-0.6252516539898961,27.56,35.67,79.2,cs,34.93,20.19,45.88,41.98,35.38,14.7462,4.9847,0.0002,0.5,,,False,False,True,62.45,82.54,75.49,90.56,83.82,86.28,72.7,79.8,1.9572587321442865,1.8520239240816387,0.1052348080626475,138.3792547484902,14.7599515914917,4.987422317266464,4.713065661912141,14.420036971357584,0.0727549506978528,0.0495160565527391,0.0928984612329525,0.0490339288732739,0.0735704629197003,0.5434614069835718,111.38907738476317,0.11097075527825145,0.12361965473881528,0.09247355474868685,0.3864054856419675,0.28653054959227897
qwsw_lora_r16_lr3e4_s42,qwsw,42.0,qwsw_lora_r16_lr3e4,lora,0.3572,-0.4470885497834911,33.54,43.58,86.7,cs,41.44,25.65,64.67,39.68,46.46,30.4303,10.7363,0.0003,,,16.0,False,False,True,73.64,89.28,80.35,94.37,86.27,94.11,85.15,90.4,,,,379.1996507528932,30.433279037475582,10.743404718807763,6.521446122771142,13.410679764242596,0.1120785525561307,0.0921502544930363,0.065669372195728,0.0463534483541366,0.0690877846378027,0.5273793576026821,68.53332495503122,0.11756015169719869,0.013285967557243187,0.009890813274816003,0.48707191693868934,0.37219115053205276
frc_pissa_r32_lr3e4_c256_s45,frc,45.0,frc_pissa_r32_lr3e4_c256,pissa,1.4031,0.1470886246281665,12.2,23.34,69.56,cs,22.82,1.58,23.57,31.91,36.84,55.3987,13.979,0.0003,,,32.0,False,False,True,67.71,74.76,76.82,61.18,76.01,71.93,56.91,71.2,3.746658617738669,1.810069211692996,1.9365894060456732,724.8252172247506,55.40697860717773,13.980717357993123,18.045105467551213,39.71548882703901,0.2214974651383235,0.0384627696388871,0.45709160868033,0.027725171398096,0.2164019811477257,0.533404624386214,139.40382168123998,0.18776179336686627,0.20294329875008277,0.09324921883555434,0.29945741045296004,0.21658827859453678
frm_lorawd_wd0p1_lr2e4_c256_s44,frm,44.0,frm_lorawd_wd0p1_lr2e4_c256,lorawd,0.5183,-0.2854187911604688,22.78,31.66,66.72,math_faithful,31.01,14.54,29.04,38.65,45.07,61.1346,8.7712,0.0002,0.1,,,False,False,True,,,,,,,,,2.336897291382248,1.810069211692996,0.5268280796892519,398.03943688769857,61.13438034057617,8.771956415474415,14.301172900782795,42.61930188760736,0.0702441063508597,0.0474411979629822,0.0754051054996337,0.0499721598773391,0.0682809673369379,0.5677189014246583,118.26159680700643,0.15357986074587832,0.18369074913348954,0.09876750226219815,0.3196405574814186,0.24432133037701548
qwswm_lora_r32_lr1e3_s42,qwswm,42.0,qwswm_lora_r32_lr1e3,lora,0.9033,-0.0441679897675782,17.7,29.34,19.03,gsm8k,29.27,6.13,30.37,32.08,48.84,89.4772,18.6432,0.001,,,32.0,False,False,True,,,,,,,,,,,,1055.6309501660523,89.4748306274414,18.64606178402901,17.6353879936717,30.078159172547043,0.1144471136896989,0.0883324825816125,0.0670551376801094,0.0482422619178901,0.0743247215395999,0.5136639483825828,67.11154272378872,0.2117289645017307,0.010466820417380004,0.00909507041047064,0.4528892933370819,0.31581985133333706
lrswm_lora_r16_lr1e4_s42,lrswm,42.0,lrswm_lora_r16_lr1e4,lora,0.3269,-0.4855850794196309,25.32,33.77,41.32,gsm8k,32.47,18.16,32.22,44.2,41.81,17.2765,6.0569,0.0001,,,16.0,False,False,True,,,,,,,,,2.1440757932898475,1.8520239240816387,0.2920518692082088,124.48362000663134,17.303205490112305,6.05922540128231,2.4983827802929186,6.7796696738965645,0.0682299580749549,0.0526173594368727,0.0933690872009597,0.0500331874525122,0.0701494585620906,0.5813210960807763,101.2838690081467,0.10495850103951937,0.11407045169018812,0.09063114554328203,0.41545267957994947,0.27488722214706096
qwswm_milora_r32_lr2e5_s42,qwswm,42.0,qwswm_milora_r32_lr2e5,milora,0.0468,-1.329754146925876,43.16,53.25,41.24,gsm8k,45.55,40.76,72.02,51.45,56.47,1.4,0.3677,2e-05,,,32.0,False,False,True,,,,,,,,,,,,11.79461774403399,1.40036940574646,0.3677767303373132,7.755435582955648,28.86111351562523,0.0363616001864132,0.5717178119561817,0.059506104263037,0.3706843399689033,0.0257667997603962,0.5292254505483155,65.52621772895841,0.03915267416796127,0.02188913645320103,0.04759809032111743,0.41654425466927975,0.4748158443884406
lrsw_sclora_r32_lr1e3_s42,lrsw,42.0,lrsw_sclora_r32_lr1e3,sclora,3.0763,0.4880286854829438,3.19,19.23,35.46,cs,6.37,0.01,23.5,26.79,39.48,109.9312,34.8047,0.001,,,32.0,False,False,True,62.26,49.18,33.11,12.81,49.33,25.0,25.17,26.8,6.884864806372474,1.8520239240816387,5.032840882290835,1581.5761406494391,109.92865753173828,34.806718081235886,14.14635840177204,31.38452684491397,0.0974913436514331,0.0459941158629426,0.2109627346127604,0.0410192908511638,0.1463868110997669,0.5331565361210566,121.9364242023474,0.26619396303512477,0.26585784248821426,0.08701537222397011,0.23802155249347365,0.14291126975921714
frm_lorawd_wd0p2_lr3e4_c512_s43,frm,43.0,frm_lorawd_wd0p2_lr3e4_c512,lorawd,0.4567,-0.3403689883929994,23.63,32.92,68.99,math_faithful,31.52,15.74,33.71,40.44,43.2,52.7693,6.2065,0.0003,0.2,,,False,False,True,,,,,,,,,2.1678065240666027,1.810069211692996,0.3577373123736069,310.54959348032367,52.768096923828125,6.207046528160572,18.314637057359867,46.1612025911163,0.0764130731376239,0.0467311138487851,0.0843263524496732,0.0488050582377183,0.0744264620719886,0.5561238028589923,108.57458108726485,0.14208602258999387,0.1735506665495986,0.09384291113124338,0.3384558446586436,0.2520645550705205
lrsw_dora_r16_lr2e4_s42,lrsw,42.0,lrsw_dora_r16_lr2e4,dora,0.4451,-0.3515424057174774,24.84,32.94,78.27,cs,32.76,16.93,41.96,38.99,34.04,38.7945,13.0953,0.0002,,,16.0,False,False,True,71.68,81.83,78.61,76.81,81.53,84.85,69.62,81.2,2.1258101436582546,1.8520239240816387,0.2737862195766158,310.41011833254663,38.85697937011719,13.100972908735276,3.4711079146836745,9.381316077380122,0.0682299579916334,0.0471508728091881,0.0778524377176397,0.0490378184600789,0.0674552751498268,0.5414104264635599,121.40647827578307,0.13286835194679794,0.14482512625954833,0.09590882537452045,0.3525272655555155,0.2738704308636178
lrswm_lorawd_wd0p3_lr5e4_s42,lrswm,42.0,lrswm_lorawd_wd0p3_lr5e4,lorawd,0.3991,-0.3989182722159767,24.57,33.57,50.64,gsm8k,32.28,16.86,33.31,43.0,42.38,27.5033,7.2741,0.0005,0.3,,,False,False,True,,,,,,,,,2.1784168521638767,1.8520239240816387,0.3263929280822379,286.9380721799002,27.502758026123047,7.274767225980758,9.94384487700238,23.555861508311384,0.070545124627471,0.0478645838036822,0.0804729155592349,0.0491284778837047,0.0695333516878855,0.5911093970999566,112.72168700896611,0.13096222136529884,0.1461651048459197,0.09766287174601057,0.3501613148576044,0.2750484871851666
lrsw_lora_null_r16_lr2e4_s45,lrsw,45.0,lrsw_lora_null_r16_lr2e4,lora_null,0.3518,-0.4537041648785575,25.66,33.68,36.37,cs,33.54,17.78,43.92,38.99,34.17,18.0651,7.2556,0.0002,,,16.0,False,False,True,66.15,43.85,50.36,36.02,54.93,17.3,11.77,10.6,2.0375482931723847,1.810069211692996,0.227479081479389,225.9278040911881,18.07958030700684,7.258935621380806,6.146032557849551,16.15926779814872,0.1719015339801693,0.0371742716770465,0.1167492564199464,0.0624466098399615,0.1218793874965397,0.5444181477386638,126.8601240097028,0.1490769567172181,0.15456146633026763,0.08323874378685156,0.3328643512778509,0.2802584818878119
frc_lorawd_wd0p5_lr3e4_c256_s43,frc,43.0,frc_lorawd_wd0p5_lr3e4_c256,lorawd,0.2596,-0.5856953118716683,25.42,32.5,78.67,cs,33.82,17.01,38.81,38.23,34.61,16.6436,4.8154,0.0003,0.5,,,False,False,True,62.29,83.95,80.35,88.75,83.74,82.53,66.38,81.4,1.9330238443313597,1.810069211692996,0.1229546326383637,154.30797407904245,16.64341926574707,4.816362950205803,6.4283269780703245,17.600032762890446,0.0751457259127625,0.0481061149506684,0.0950286266007785,0.0484221080660819,0.0764769993367972,0.5424128349905021,113.19669845293487,0.11753541657172543,0.13775171760798494,0.09446085395678597,0.3736070848267006,0.27664492703680305
frc_lorawd_wd0p3_lr1e3_c256_s42,frc,42.0,frc_lorawd_wd0p3_lr1e3_c256,lorawd,0.4647,-0.3328273275211315,25.46,31.72,81.6,cs,32.07,18.85,33.63,38.14,35.89,53.9811,7.1519,0.001,0.3,,,False,False,True,73.39,83.9,81.22,92.09,83.43,85.27,71.08,82.4,2.079077289056772,1.8520239240816387,0.2270533649751329,295.860350364532,53.98051834106445,7.152259711921215,11.707831966453206,25.505631511895377,0.0785503075525159,0.0448786798232138,0.08420652790995,0.047798904160805,0.0760746990420262,0.527593935392064,106.80663521444232,0.151716860883825,0.18343653891501777,0.10776815114585542,0.31817970440570426,0.23889874464959768
frm_lorawd_wd0p3_lr5e4_c512_s43,frm,43.0,frm_lorawd_wd0p3_lr5e4_c512,lorawd,0.377,-0.4236586497942071,24.1,33.33,67.32,math_faithful,32.5,15.71,33.94,39.68,44.83,47.5471,4.9842,0.0005,0.3,,,False,False,True,,,,,,,,,2.1383631761610697,1.810069211692996,0.328293964468074,255.519671706072,47.54682922363281,4.984621484577656,19.225177472981706,46.28634199851539,0.080898556396197,0.0457572486951175,0.0930982662203744,0.0473702951551215,0.0791928008507089,0.5565784795660284,99.38865716881186,0.12563542842211217,0.1640719671994945,0.09396327693137355,0.35818453762563174,0.25814478982138805
qwswm_lora_r32_lr1e3_s44,qwswm,44.0,qwswm_lora_r32_lr1e3,lora,0.9464,-0.023925268380126,6.7,24.8,33.21,gsm8k,12.89,0.51,31.08,29.95,49.55,79.4378,18.9116,0.001,,,32.0,False,False,True,,,,,,,,,4.174169724262853,1.9346918347336524,2.239477889529201,1056.7353288340842,79.5570297241211,18.915549865790776,17.242224167462112,29.84221235715189,0.1118374405993076,0.0884585049532989,0.0674505774119999,0.0487107578485684,0.0736630071027983,0.5191944983506457,66.74750519581782,0.2069558448329229,0.009981219860288297,0.008734928440997537,0.45750973587775934,0.316818270988032
lrsw_clora_k1024_lr2e4_s42,lrsw,42.0,lrsw_clora_k1024_lr2e4,clora,0.3234,-0.4902599844296176,26.1,34.69,51.85,cs,34.59,17.6,44.78,39.59,36.91,16.6236,7.7548,0.0002,,1024.0,,False,False,True,72.69,70.78,20.11,16.15,82.64,57.83,46.59,48.0,2.117963096168756,1.8520239240816387,0.2659391720871173,257.7577731770095,16.641712188720703,7.759189704805612,5.718371573633532,19.043844038261284,0.0597474926490131,0.048746551019631,0.0668229620708176,0.0491465024280111,0.0576628981189685,0.5441683675318923,84.52046719221214,0.05084893135545458,0.046052826283299826,0.07045107029304268,0.4692947569064353,0.36335241516176775
frc_lorawd_wd0_lr5e4_c256_s46,frc,46.0,frc_lorawd_wd0_lr5e4_c256,lorawd,1.1402,0.0569810366681131,18.26,25.9,73.85,cs,27.78,8.75,23.18,34.22,35.58,150.5014,22.6509,0.0005,0.0,,,False,False,True,67.25,78.67,77.74,77.51,79.48,74.45,58.28,77.4,2.86390069978506,1.810069211692996,1.0538314880920636,958.8916913468564,150.49774169921875,22.65378206372261,12.634747098356938,26.144416949243357,0.0733128556835059,0.0458349908426184,0.0680046973803143,0.0509372816621539,0.0672538520080813,0.5196904720607152,127.56054645872793,0.20941291112224508,0.22458883045767586,0.12125897400797173,0.25933518674235395,0.18540409766975335
lrsw_sclora_r32_lr1e4_s45,lrsw,45.0,lrsw_sclora_r32_lr1e4,sclora,0.4117,-0.3854191330025139,24.88,32.65,80.75,cs,33.48,16.29,42.02,38.48,33.0,10.0215,4.2119,0.0001,,,32.0,False,False,True,72.84,82.81,79.84,90.36,84.14,83.88,71.33,80.8,2.1299686967161637,1.8520239240816387,0.2779447726345245,172.58266348225953,10.021760940551758,4.212524412572384,11.23406905514883,36.10307802767583,0.0891764669253592,0.0379727753312163,0.3526667530008047,0.0141391195713208,0.1545596962757889,0.5176348918372926,121.59080404016444,0.15929817768897478,0.15447347159267202,0.07572016009838732,0.39110228817712733,0.21940590244283847
frc_sclora_lr3e4_c256_s43,frc,43.0,frc_sclora_lr3e4_c256,sclora,1.0338,0.0144365278316721,16.6,23.76,77.29,cs,26.49,6.72,23.4,31.83,30.38,77.1126,15.3802,0.0003,,,,False,False,True,70.7,81.12,78.71,84.52,80.51,78.16,62.63,82.0,2.82913823486091,1.810069211692996,1.0190690231679145,750.3510586437643,77.11151123046875,15.38192910850048,16.07622404303254,31.96082616366259,0.0763573797266795,0.0431248192468482,0.2585836898161959,0.0245666885093749,0.1304063900328304,0.5157249105842355,130.31786632214522,0.19503069065913342,0.1967081633873149,0.08944741678779636,0.34203724684805936,0.17677648231769605
qwsw_milora_r32_lr1e3_s43,qwsw,43.0,qwsw_milora_r32_lr1e3,milora,0.9598,-0.0178192544035974,9.33,24.73,72.12,cs,12.44,6.22,32.0,34.64,38.34,111.6402,18.5825,0.001,,,32.0,False,False,True,64.56,79.54,74.97,69.31,73.88,77.06,63.23,74.4,3.468785882907511,1.9346918347336524,1.5340940481738587,1000.9258046711192,111.63845825195312,18.585111444337027,16.7682374694338,29.826564115319723,0.1149144455497446,0.1034784147441223,0.0657876505430809,0.062930775802713,0.0753855920645677,0.4884852098986438,76.19872443323112,0.24607057159411394,0.013445820156835542,0.009982405521667305,0.4388903533062386,0.2916108494211447
frm_milora_lr7e4_c256_s44,frm,44.0,frm_milora_lr7e4_c256,milora,11.4934,1.0604485215352306,0.92,20.31,34.65,math_faithful,1.83,0.0,24.14,24.66,50.9,1407.4625,121.9896,0.0007,,,,True,False,True,,,,,,,,,9.85544521380374,1.810069211692996,8.045376002110743,7129.203168465792,1407.5518798828125,121.99261569976808,25.53582807200475,52.80270410251687,0.1005997464688259,0.0456465915817267,0.1210884964391068,0.0497282909713157,0.1116954784396594,0.533595125406018,33.88761803284957,0.12402228235671905,0.11128560961506948,0.13427216512114742,0.4490374983956466,0.18138244451141755
lrsw_milora_r32_lr1e4_s45,lrsw,45.0,lrsw_milora_r32_lr1e4,milora,0.2454,-0.6101254416090145,27.31,36.17,74.28,cs,34.71,19.91,47.24,42.92,36.06,11.6294,6.0261,0.0001,,,32.0,False,False,True,32.69,83.03,79.89,89.41,82.95,81.94,67.75,76.6,1.971519723240729,1.8520239240816387,0.1194957991590905,122.19849769553817,11.629400253295898,6.026789873838425,3.5491619330555406,11.18462539400782,0.063775854706662,0.162873654694716,0.0850082852716776,0.1475345925068265,0.0682478202924157,0.5530343353138403,127.5373277986849,0.1453777010903266,0.1544651744033618,0.12021578584390341,0.34997759179120425,0.22996374687120386
frc_milora_lr5e4_c256_s43,frc,43.0,frc_milora_lr5e4_c256,milora,1.1201,0.0492567972322272,17.4,24.9,73.42,cs,25.8,8.99,24.38,30.72,34.59,143.5483,23.3342,0.0005,,,,False,False,True,67.4,77.58,76.2,78.21,79.16,74.37,58.87,75.6,2.8512673407927527,1.810069211692996,1.041198129099757,958.4593609339148,143.54623413085938,23.336627900600437,12.540334582799373,24.357072876785605,0.0720834114216801,0.0498327920258286,0.066257179602828,0.0671409039465357,0.0660971078681209,0.5154943773694817,124.43304882283084,0.2052788745411518,0.21922432526950483,0.1116781149297364,0.26651384931167943,0.1973048359479277
qwsw_lora_null_r16_lr1e3_s44,qwsw,44.0,qwsw_lora_null_r16_lr1e3,lora_null,0.7133,-0.1467277759793167,6.92,25.02,81.64,cs,13.68,0.15,34.7,32.34,44.23,61.0716,16.9205,0.001,,,16.0,False,False,True,69.24,84.49,77.64,88.2,80.43,89.65,78.24,85.2,2.827263739067297,1.9346918347336524,0.8925719043336442,755.3810676123646,61.07034683227539,16.921193599700928,10.824546660828249,15.696490212102594,0.1161253196479266,0.0907518786666238,0.0661995770554896,0.0617649014127865,0.0747654139696531,0.501897810044546,74.25054628335201,0.21271706414538014,0.013615528993260016,0.009904631991956413,0.47446884426284175,0.28929393060656183
frc_lorawd_wd0p1_lr1e3_c256_s43,frc,43.0,frc_lorawd_wd0p1_lr1e3_c256,lorawd,0.9951,-0.0021332737608552,19.2,26.85,73.82,cs,28.86,9.53,29.06,31.06,35.75,101.1716,14.965,0.001,0.1,,,False,False,True,67.31,78.24,78.56,78.06,76.16,75.38,60.84,76.0,2.4528454094227445,1.810069211692996,0.6427761977297488,705.7331509082169,101.16870880126952,14.96702779829502,15.465953608516362,28.574432605239267,0.0768689537548669,0.0458849944615736,0.0766910186302617,0.0494787275275144,0.074075933002417,0.516149109669342,115.03472456286667,0.2041950371109485,0.2218623976324609,0.12435186461641272,0.25916177850022615,0.19042892213995183
lrsw_sclora_r32_lr3e4_s42,lrsw,42.0,lrsw_sclora_r32_lr3e4,sclora,1.412,0.1498346967157849,9.38,22.52,74.1,cs,18.49,0.27,23.42,31.83,38.57,34.1755,12.9568,0.0003,,,32.0,False,False,True,69.51,80.36,78.05,67.57,79.32,77.48,62.71,77.8,4.0211946985019615,1.8520239240816387,2.169170774420323,565.4796421956079,34.180667877197266,12.957510614395142,12.51890095003458,33.02762724158688,0.1096264539869143,0.0412801405549176,0.4497897877682177,0.0201072367509772,0.1899296060092875,0.5064043127889308,129.6259972293679,0.20313321657193947,0.22767119899515237,0.0651619344938624,0.31903266998263813,0.18500097995640757
lrswm_lora_r16_lr5e5_s42,lrswm,42.0,lrswm_lora_r16_lr5e5,lora,0.355,-0.4497716469449059,24.89,32.93,39.5,gsm8k,32.3,17.48,29.11,44.8,40.94,12.352,3.7131,5e-05,,,16.0,False,False,True,,,,,,,,,2.091493242783486,1.8520239240816387,0.2394693187018473,66.80532567893329,12.378592491149902,3.715250004827976,1.8434109428967795,4.366754568215595,0.0656119299856244,0.0563881922109851,0.1221469953474143,0.0509332145041485,0.0764058482432578,0.5757520624083298,88.64045015215719,0.09561983931087223,0.11965938673665794,0.08405474969855649,0.48215616388415994,0.21850986036975337
lrsw_milora_r32_lr3e4_s43,lrsw,43.0,lrsw_milora_r32_lr3e4,milora,0.5633,-0.2492602487646491,23.8,32.56,58.67,cs,31.06,16.54,41.97,37.71,35.52,38.7195,15.6158,0.0003,,,32.0,False,False,True,66.42,82.48,44.68,79.75,65.27,51.52,42.06,37.2,2.36126675137648,1.8520239240816387,0.5092428272948415,420.17519798864606,38.72005081176758,15.61808572113514,5.8233759755036525,16.235343941331312,0.0670532974758504,0.0822662265305887,0.0727030786836131,0.0864257093258771,0.0656824088284264,0.5419400382153697,135.64693950859217,0.16791805328160314,0.19754690933803326,0.09597955391738999,0.30073076072770133,0.23782472273527228
qwswm_clora_k1024_lr2e4_s42,qwswm,42.0,qwswm_clora_k1024_lr2e4,clora,0.0814,-1.0893755951107988,45.57,54.18,65.81,gsm8k,48.01,43.13,71.77,52.3,55.7,9.2964,1.7957,0.0002,,1024.0,,False,False,True,,,,,,,,,,,,88.808186633573,9.30404281616211,1.7963447640987786,11.289516245340602,25.341995628071768,0.0516940548168883,0.0452094748015654,0.0574689767419125,0.0474193881604757,0.0442672176771494,0.5410711924251922,55.280324340353935,0.05413161563469468,1.095277602115898e-09,3.076537310380409e-09,0.5778541095504878,0.3680142706430027
frm_lorawd_wd0p3_lr3e4_c256_s44,frm,44.0,frm_lorawd_wd0p3_lr3e4_c256,lorawd,0.314,-0.5030703519267851,24.87,33.56,65.43,math_faithful,33.25,16.49,34.98,40.1,42.97,35.7557,4.6646,0.0003,0.3,,,False,False,True,,,,,,,,,2.075928987476705,1.810069211692996,0.2658597757837093,218.842657348838,35.755306243896484,4.665091168135405,16.012210741196323,42.29378190638936,0.0778785233197111,0.0471307508329159,0.0890267441178387,0.0483843367343813,0.0759679566138171,0.5601565824343416,108.2804291014552,0.13037044856791385,0.16181567439438105,0.0921981721726266,0.35381507706864845,0.26180062779642993
frm_milora_lr1e4_c256_s42,frm,42.0,frm_milora_lr1e4_c256,milora,0.4491,-0.3476569449372852,23.94,31.79,62.85,math_faithful,32.38,15.49,29.4,39.59,42.08,35.3267,10.4158,0.0001,,,,False,False,True,,,,,,,,,2.4994142427737773,1.8520239240816387,0.6473903186921386,347.0337812119777,35.32735824584961,10.416679817438126,9.95229015603437,33.21421465049037,0.0615967988455066,0.0879924080240397,0.0620202089080338,0.1902608904859012,0.0591379450581017,0.580957758119697,120.59359323916941,0.1540099221618058,0.17893838426820388,0.08392021321866852,0.345343400382312,0.23778807996900972
frm_lorawd_wd0_lr7e4_c256_s43,frm,43.0,frm_lorawd_wd0_lr7e4_c256,lorawd,11.7101,1.0685606038053057,1.75,20.12,33.97,math_faithful,3.5,0.0,23.93,23.46,49.69,1350.3768,126.6627,0.0007,0.0,,,True,False,True,,,,,,,,,8.868335367743846,1.810069211692996,7.05826615605085,7286.05858704218,1353.8270263671875,126.68670436739922,24.66855401509423,52.86821319986805,0.1006856564453465,0.0452369055164411,0.1214854342120067,0.046653087921339,0.1119453441475143,0.5367809962992758,34.85444793636236,0.12471271878140784,0.11556220560699637,0.1382817485576086,0.4414049200094409,0.18003840704454627
frm_lorawd_wd0_lr5e4_c256_s44,frm,44.0,frm_lorawd_wd0_lr5e4_c256,lorawd,2.6896,0.4296876960953958,8.88,22.61,50.57,math_faithful,17.39,0.37,23.68,23.72,47.9,332.5046,36.9954,0.0005,0.0,,,False,False,True,,,,,,,,,6.789217543571134,1.810069211692996,4.979148331878138,2394.524605100864,332.4992370605469,36.99537558555603,29.141680531619837,57.16362174681084,0.0826189972772579,0.0444810126702215,0.0826499041154242,0.0497580661777228,0.0816421676083726,0.5775203501401674,82.79967551554172,0.16347191975109424,0.15912264455430733,0.1522527130032955,0.3464461772987947,0.17870654539250835
frc_lora_l2_lr3e4_c256_s44,frc,44.0,frc_lora_l2_lr3e4_c256,lora,0.7235,-0.1405614645449437,23.0,31.18,78.42,cs,31.45,14.55,40.34,36.35,33.19,60.4361,17.6572,0.0003,,,,False,False,True,71.1,81.94,79.02,87.03,81.22,80.68,67.41,79.0,2.423823566829465,1.810069211692996,0.6137543551364695,592.134835722105,60.43481063842773,17.658919075131415,7.453350380248687,21.438122011719887,0.0697401941927186,0.0463103862011474,0.0706838174473135,0.0498600887408087,0.0660469148229332,0.5388760844470106,133.5582999426089,0.1690143580256916,0.18811647638840362,0.10526863438156342,0.304456106699653,0.23314442450468842
lrsw_dora_r16_lr1e4_s42,lrsw,42.0,lrsw_dora_r16_lr1e4,dora,0.2967,-0.5276824536831581,26.76,35.42,45.38,cs,33.85,19.68,45.31,44.03,34.23,17.3119,7.3319,0.0001,,,16.0,False,False,True,61.38,47.61,43.3,56.42,68.9,26.22,22.18,37.0,2.12374682544036,1.8520239240816387,0.2717229013587214,144.68070339862132,17.342300415039062,7.335162995755672,2.314825505455937,6.264138306450852,0.0706656929032664,0.0494662326911195,0.0890673919910464,0.0508707416737393,0.0711925795074689,0.5458235595811642,111.08530007064267,0.11174614467834751,0.11685510212333994,0.09588118059929401,0.40540281119809035,0.27011476140092816
frm_clora_k256_lr3e4_c256_s44,frm,44.0,frm_clora_k256_lr3e4_c256,clora,1.0045,0.0019499410842679,18.98,27.03,60.96,math_faithful,28.54,9.41,23.02,29.35,44.82,28.2759,14.251,0.0003,,256.0,,False,False,True,,,,,,,,,3.213140814295748,1.810069211692996,1.403071602602752,873.5513999448036,28.27984619140625,14.25151642858982,25.29270330101814,54.220057123386326,0.0638662727795761,0.0460095015095041,0.0655464831232057,0.0503829711163896,0.0616542056795617,0.5988949891785637,109.44131295278002,0.11732977180169626,0.11906817529009052,0.12132557930132462,0.3786059969001334,0.26367047670675514
qwsw_lorawd_wd0p3_lr5e5_s43,qwsw,43.0,qwsw_lorawd_wd0p3_lr5e5,lorawd,0.1073,-0.9694002780340488,39.56,50.39,86.85,cs,45.19,33.94,71.5,52.56,48.74,9.3065,2.4158,5e-05,0.3,,,False,False,True,72.08,89.99,79.94,95.17,85.4,94.02,87.2,91.0,2.0054592199049703,1.9346918347336524,0.0707673851713179,58.294255621341165,9.31702709197998,2.416830904994692,2.850998757557038,9.861322595173904,0.1145248696834713,0.0929063406328624,0.0878609400122549,0.0511719395356459,0.0757169454659208,0.5428709791047266,55.51135335612609,0.07499527407360014,0.010477663903163618,0.009296451218911803,0.5989645131498663,0.30626609765445817
lrsw_dora_r16_lr1e4_s43,lrsw,43.0,lrsw_dora_r16_lr1e4,dora,0.3073,-0.5124374397436218,26.55,35.66,80.47,cs,34.08,19.02,46.49,43.26,35.44,16.5541,7.3832,0.0001,,,16.0,False,False,True,71.9,82.97,79.12,91.36,81.06,84.64,72.1,80.6,2.0766597706111,1.810069211692996,0.2665905589181039,145.34829370863113,16.60690689086914,7.386987979710102,2.3010026081268244,6.253681651284043,0.0704985632127955,0.0494863156396288,0.0892393363802973,0.0507151159185356,0.0711662352587592,0.549528833655883,110.88553205021627,0.11202397214460093,0.11494366583865928,0.0958856273146326,0.40140613274584064,0.27574060195626665
lrswm_milora_r32_lr5e4_s43,lrswm,43.0,lrswm_milora_r32_lr5e4,milora,0.6858,-0.1638025192210746,21.45,29.7,46.02,gsm8k,28.83,14.07,31.22,35.41,38.97,52.784,16.3553,0.0005,,,32.0,False,False,True,,,,,,,,,2.551837578082487,1.810069211692996,0.7417683663894914,521.910886573978,52.78370666503906,16.356813609600067,7.585901179232685,19.26783904507534,0.064447337343699,0.0735691516009203,0.0691047507189415,0.08304543413033,0.0632445760329982,0.5790026871680269,125.32698148441519,0.16329736858968097,0.1882475517471192,0.0954856736645361,0.3196875520244315,0.2332818539742322
qwswm_lora_r16_lr2e5_s44,qwswm,44.0,qwswm_lora_r16_lr2e5,lora,0.039,-1.408935392973501,43.39,53.3,56.1,gsm8k,47.57,39.2,72.05,50.43,57.25,2.2609,0.5385,2e-05,,,16.0,False,False,True,,,,,,,,,1.951193738909656,1.9346918347336524,0.0165019041760032,11.21086365483965,2.2641355991363525,0.5389502181006329,2.346887385947384,6.673907673944973,0.1238103175667221,0.1066126384431288,0.1023437175862484,0.0553430048410543,0.0844437990681322,0.5277956969983435,51.04533670560456,0.11035706436467331,0.021902846648590723,0.012368998414601089,0.6561792124412694,0.19919187813086564
frm_clora_k64_lr3e4_c256_s45,frm,45.0,frm_clora_k64_lr3e4_c256,clora,1.1432,0.0581222157829138,18.3,26.51,60.05,math_faithful,27.29,9.32,23.98,27.47,44.48,30.8,16.0333,0.0003,,64.0,,False,False,True,,,,,,,,,3.4471646328809604,1.810069211692996,1.6370954211879647,983.7611930536204,30.800025939941406,16.033785143494605,25.698638458574784,55.011033737847534,0.0651068768912185,0.0462550911357901,0.067155626244174,0.0504355492223584,0.0632181235004367,0.6004302342069564,117.25038415722081,0.1377195151713691,0.14181000198088667,0.13090567833586714,0.3506252151425237,0.23893958936935333
frc_lorawd_wd0p2_lr3e4_c256_s43,frc,43.0,frc_lorawd_wd0p2_lr3e4_c256,lorawd,0.4375,-0.359021942641668,26.03,33.39,81.79,cs,33.44,18.63,43.23,37.03,34.6,29.779,9.1706,0.0003,0.2,,,False,False,True,74.01,83.62,80.5,90.82,85.32,85.65,72.61,81.8,2.0694615128593146,1.810069211692996,0.2593923011663188,305.34915379887843,29.77842712402344,9.172109596431255,7.028361856950235,20.22601953182426,0.0703759443640029,0.0469846335283139,0.0791553262458332,0.0483999512196203,0.0688629167617621,0.5451857193207795,124.0219922504897,0.13675354092731895,0.15759534599484903,0.0995669462611231,0.33895813463772784,0.2671260321789812
frc_sclora_lr1e4_c256_s43,frc,43.0,frc_sclora_lr1e4_c256,sclora,0.5593,-0.2523551806717518,21.16,28.91,80.46,cs,29.86,12.47,29.28,36.35,36.59,16.7293,6.5986,0.0001,,,,False,False,True,72.54,83.41,78.81,88.03,82.79,84.97,70.56,82.6,2.27127049530076,1.810069211692996,0.4612012836077641,291.8773583101902,16.734912872314453,6.599072843790054,12.485954301993363,32.165550278180305,0.0752587970508922,0.042490252894152,0.3897622866894832,0.0091485175843166,0.1584197734625139,0.5118058503839439,117.60824432698529,0.16897592826235475,0.16307364272641028,0.07236197512479085,0.41339086007143167,0.18219759381501244
qwsw_clora_k1024_lr2e4_s42,qwsw,42.0,qwsw_clora_k1024_lr2e4,clora,0.2109,-0.6759234202605136,38.92,46.92,87.14,cs,44.94,32.9,68.68,40.44,47.62,20.038,5.292,0.0002,,1024.0,,False,False,True,75.17,90.32,79.27,94.55,85.87,94.82,86.52,90.6,,,,243.987312849684,20.048419952392575,5.293697431685827,8.301865229387104,23.15462522841678,0.0537977827528697,0.0429714718250911,0.0596033255865003,0.0444912891512135,0.04445991136428,0.5620263633096421,54.66632470092524,0.04128226606694257,3.3260667118154764e-10,6.344653130262993e-10,0.5541930226794903,0.4045247102864951
qwsw_sclora_r32_lr1e3_s44,qwsw,44.0,qwsw_sclora_r32_lr1e3,sclora,1.084,0.0350292822023681,4.78,21.03,69.11,cs,9.41,0.15,23.59,30.38,41.62,99.9238,19.3834,0.001,,,32.0,False,False,True,64.62,77.04,73.49,59.38,70.88,74.03,60.41,73.0,3.7539018059913767,1.9346918347336524,1.8192099712577243,1054.6459655132817,99.92478942871094,19.38585484623909,17.13256816854887,32.30589595209207,0.1189762597265774,0.0970888763680573,0.088964976954619,0.0484296410095875,0.0921000611307559,0.4906482206733911,75.25174968141252,0.2483689596548706,0.01345473181711876,0.00914717547047147,0.44999930027723767,0.27902983278030147
frc_lorawd_wd0p1_lr5e4_c256_s44,frc,44.0,frc_lorawd_wd0p1_lr5e4_c256,lorawd,0.7672,-0.1150914058373928,20.94,27.83,77.96,cs,28.92,12.95,27.76,35.58,33.93,72.4572,13.256,0.0005,0.1,,,False,False,True,71.41,79.98,78.66,81.05,82.87,81.19,66.13,82.4,2.3593916660297496,1.810069211692996,0.5493224543367539,563.4368723041836,72.4566650390625,13.257551842927931,12.527030583482672,25.83102757319692,0.0730026275306683,0.0459637383987487,0.0738979875021987,0.049367652701432,0.0692772205863897,0.534906096769491,128.23590503993063,0.17410509602665683,0.20045718155196546,0.1132646707133004,0.28751641852895404,0.2246566331791231
qwswm_lora_r32_lr3e4_s42,qwswm,42.0,qwswm_lora_r32_lr3e4,lora,0.2007,-0.6974526275125145,44.22,52.73,58.38,gsm8k,47.44,40.99,70.17,50.26,54.78,16.585,4.7996,0.0003,,,32.0,False,False,True,,,,,,,,,,,,217.64381762654185,16.579872131347656,4.8006723348583495,12.201217812839795,26.43801622453424,0.1116258008486311,0.0982712826466994,0.061449948417401,0.0484633909015604,0.0682736358564649,0.5259504351210896,70.83793836346581,0.1466788289125821,0.016875328948339895,0.010516422377900106,0.4716489900889548,0.35428042967222323
lrswm_lora_r16_lr1e3_s43,lrswm,43.0,lrswm_lora_r16_lr1e3,lora,1.2432,0.094541001456839,19.72,27.01,42.23,gsm8k,28.87,10.57,25.1,29.44,41.05,166.1505,27.6062,0.001,,,16.0,False,False,True,,,,,,,,,3.1578702270663004,1.810069211692996,1.3478010153733049,1120.6808349339756,166.1470489501953,27.60352548956871,10.510729064975054,15.062734117738964,0.0721941122277996,0.0451720036381569,0.0701240968367681,0.0504971261788393,0.0676196972804096,0.5637555906549243,114.54186654083091,0.19035071267157544,0.2015548732083553,0.136967842775024,0.2924659485074634,0.17866062283758183
lrswm_dora_r16_lr1e3_s44,lrswm,44.0,lrswm_dora_r16_lr1e3,dora,2.3127,0.3641193003907618,18.51,26.62,31.54,gsm8k,27.12,9.9,25.75,28.33,42.02,393.6492,37.1586,0.001,,,16.0,False,False,True,,,,,,,,,3.450525402815216,1.810069211692996,1.6404561911222204,1423.9630054298216,393.642822265625,37.15663389563561,9.152248495871028,14.178223224107276,0.0963819629434172,0.0458270211541707,0.0868229323668989,0.0496268197366454,0.0880339455461041,0.47064872543173564,36.395924224680954,0.25758900197505646,0.2915425099624172,0.11291010740932092,0.2068353412648532,0.13112303938835235
qwswm_dora_r16_lr1e4_s42,qwswm,42.0,qwswm_dora_r16_lr1e4,dora,0.0703,-1.1530446749801762,44.12,53.81,64.06,gsm8k,46.89,41.36,71.97,51.45,57.38,5.8574,1.8999,0.0001,,,16.0,False,False,True,,,,,,,,,,,,49.729061343175175,5.869334220886231,1.9009809740952084,4.03924118915825,10.528705714484795,0.1223031874081018,0.1026801974636575,0.0709932521279296,0.0510053905805246,0.0751745738035681,0.5298104576804371,67.016649253403,0.11615293006250443,0.017763989666526276,0.01337763623080693,0.5196749723561834,0.33303047168397887
frm_clora_k64_lr3e4_c256_s42,frm,42.0,frm_clora_k64_lr3e4_c256,clora,1.1128,0.04641711698399,18.38,27.16,58.53,math_faithful,28.24,8.51,24.41,29.35,45.29,28.858,15.9622,0.0003,,64.0,,False,False,True,,,,,,,,,3.4201094321455487,1.8520239240816387,1.56808550806391,986.3488431908512,28.85796356201172,15.96270280778408,25.959415411110783,55.139988101087006,0.065092904593385,0.0462803228456226,0.067225724518353,0.0504571610248356,0.063270496688799,0.6009179304001556,117.20791010246874,0.13796561402102797,0.14337777510093785,0.1306438691732359,0.3491994997892711,0.2388132419155271
frc_milora_lr7e4_c256_s44,frc,44.0,frc_milora_lr7e4_c256,milora,1.5248,0.1832128832942511,14.68,23.33,65.02,cs,21.75,7.61,22.99,29.69,34.59,260.3666,28.4834,0.0007,,,,False,False,True,64.25,72.8,74.77,55.83,70.24,64.56,50.34,67.4,3.212242319347193,1.810069211692996,1.4021731076541972,1306.2962490491516,260.360595703125,28.485636901855468,15.062084416920698,26.929288617470423,0.0781760906207624,0.047726082664471,0.0680400853711866,0.0587602030538875,0.0705148524305337,0.48814215354202695,85.1782986468044,0.24064526890159887,0.2556253728542154,0.12021970220018108,0.2270526257700415,0.15645703027396327
qwswm_lora_r32_lr2e5_s42,qwswm,42.0,qwswm_lora_r32_lr2e5,lora,0.0388,-1.4111682744057927,43.47,53.5,61.26,gsm8k,47.49,39.45,72.03,50.85,57.69,2.4334,0.5812,2e-05,,,32.0,False,False,True,,,,,,,,,,,,13.983829902217147,2.4341962337493896,0.581531913046326,3.473305627959618,14.22189762934066,0.1255779589087429,0.1069730990506553,0.087267618602524,0.0559638706643083,0.0809451000535245,0.5237919561745248,55.482253279306434,0.11592411084658841,0.021039819654323572,0.013392075298483552,0.6377042700028881,0.21193972419771628
frc_lorawdr16_wd0p3_lr3e4_c256_s45,frc,45.0,frc_lorawdr16_wd0p3_lr3e4_c256,lorawdr16,0.333,-0.4775557664936801,26.88,34.95,80.67,cs,33.37,20.39,45.2,40.36,35.45,20.6678,6.8244,0.0003,0.3,,,False,False,True,72.87,83.57,80.09,89.71,83.58,84.81,70.73,80.0,1.9414920028328613,1.810069211692996,0.1314227911398655,188.501949514116,20.68702507019043,6.829851707816124,4.6455903764542885,11.00742259313655,0.0714074852356197,0.0479080825154979,0.08738243694817,0.0482537089406865,0.0713664126523019,0.5456915166812841,114.22607592063437,0.11229799658058387,0.12920044530553196,0.09497597901926892,0.37112602277288564,0.29239955632172976
qwswm_milora_r32_lr3e4_s43,qwswm,43.0,qwswm_milora_r32_lr3e4,milora,0.1954,-0.7090754406172457,40.96,51.98,59.51,gsm8k,42.8,39.13,70.27,52.9,54.79,13.434,3.5992,0.0003,,,32.0,False,False,True,,,,,,,,,2.274295502689215,1.9346918347336524,0.3396036679555627,151.1096149840986,13.43397617340088,3.5997122057846616,12.312285211231972,30.18810522346096,0.0771498866414203,0.260996662877354,0.0565609358730332,0.1952053162092254,0.0572420431650661,0.5332734584154127,73.6217006970152,0.12582742709462183,0.019198779898726027,0.02290587327773359,0.4463120202283987,0.38575589950051986
qwswm_milora_r32_lr2e4_s44,qwswm,44.0,qwswm_milora_r32_lr2e4,milora,0.1493,-0.8259401922749746,43.37,52.71,63.46,gsm8k,46.61,40.13,71.38,49.74,55.69,9.1453,2.4396,0.0002,,,32.0,False,False,True,,,,,,,,,2.21697900582012,1.9346918347336524,0.2822871710864674,96.52802024027083,9.145299911499023,2.43991434276104,11.426006964275604,31.262124469234177,0.0666123632269644,0.3413478795624781,0.0558083741961595,0.2516071816543762,0.0519740383181569,0.5357480719193904,72.65366431678136,0.10851586371035644,0.02021897472799536,0.02968159331544855,0.4392582414945549,0.4023253267516449
frc_lorawd_wd0_lr5e4_c256_s45,frc,45.0,frc_lorawd_wd0_lr5e4_c256,lorawd,1.1535,0.0620175988571122,17.9,25.85,72.62,cs,27.22,8.57,23.33,34.47,35.66,140.1158,22.5923,0.0005,0.0,,,False,False,True,66.73,77.48,78.4,74.77,77.27,73.27,58.28,74.8,2.851167098141927,1.810069211692996,1.041097886448931,958.1284641414682,140.1141815185547,22.594821125268936,12.658222474637302,26.15647133879069,0.073115867963616,0.0459025892782679,0.0682289494159583,0.050979090201017,0.0673132353329084,0.5214594697749427,130.32433783569158,0.2070496885047206,0.22438729875854313,0.12333064894647798,0.2588385661846331,0.18639379760562513
qwsw_milora_r32_lr2e5_s44,qwsw,44.0,qwsw_milora_r32_lr2e5,milora,0.1023,-0.9901243662878398,38.57,50.81,84.25,cs,45.72,31.42,71.71,56.23,48.98,2.8236,0.749,2e-05,,,32.0,False,False,True,62.75,89.93,79.48,93.07,83.35,92.21,85.24,88.0,1.9906604685153384,1.8790178806577968,0.1116425878575415,21.125272176914223,2.824188709259033,0.7490751543215343,6.368574330774287,23.32560331551209,0.0371512377216385,0.5537734803750741,0.0690476744109226,0.3092108020702849,0.0332648660126404,0.5413637716499389,64.46210245812152,0.05551159341706714,0.017806632153450484,0.04052425225076683,0.46309040467678825,0.4230671175019273
lrsw_lora_null_r16_lr5e5_s42,lrsw,42.0,lrsw_lora_null_r16_lr5e5,lora_null,0.1863,-0.7297871451037574,26.62,37.11,55.8,cs,34.08,19.15,47.75,47.27,37.31,5.3158,2.1526,5e-05,,,16.0,False,False,True,55.99,78.45,72.88,41.24,76.56,45.71,41.81,33.8,1.9048317428008568,1.8520239240816387,0.0528078187192184,57.66245774599914,5.317149639129639,2.152871097251773,4.988167866673639,16.58380522774173,0.1652190111087129,0.0271136780198412,0.0917527754552198,0.058190076515955,0.123816566293325,0.5470483364669602,115.0926900013461,0.13764281464648295,0.13614372165054328,0.08831860801348988,0.4150351102905608,0.22285974539892317
qwswm_lorawd_wd0p3_lr5e5_s44,qwswm,44.0,qwswm_lorawd_wd0p3_lr5e5,lorawd,0.0476,-1.322393047279507,44.03,53.69,58.45,gsm8k,47.64,40.42,72.26,50.51,57.63,3.7004,1.0141,5e-05,0.3,,,False,False,True,,,,,,,,,1.9683531421642952,1.9346918347336524,0.0336613074306428,27.102632654970915,3.70541787147522,1.0145497888326644,4.59850278367918,17.240692783342922,0.1260783682006711,0.1063770056543371,0.0753673899051913,0.0527667991355359,0.0779961570776737,0.5184918119089796,64.06493552651466,0.11536857549699714,0.019182992927809,0.014498643659201801,0.5590868670233895,0.2918629208926027
lrswm_clora_k1024_lr5e5_s44,lrswm,44.0,lrswm_clora_k1024_lr5e5,clora,0.2147,-0.6681679555637513,25.31,32.89,38.97,gsm8k,33.01,17.61,26.06,45.65,42.14,7.6544,2.6213,5e-05,,1024.0,,False,False,True,,,,,,,,,1.9289723186526395,1.810069211692996,0.1189031069596437,63.36482429698994,7.661944389343262,2.622530509531498,3.2051559706315724,11.726815024699857,0.0613313835197046,0.0567414698657095,0.0879787935183172,0.0535659943984801,0.0631903658270925,0.5727064043291455,76.56588525095646,0.0642752097756372,0.062048374685623034,0.067527466124682,0.5527050224528329,0.25344392696122486
lrsw_dora_r16_lr2e3_s43,lrsw,43.0,lrsw_dora_r16_lr2e3,dora,24.3192,1.3859492843630308,3.04,19.86,36.96,cs,6.08,0.0,23.12,22.53,47.59,4757.124,284.6208,0.002,,,16.0,True,False,True,61.99,51.96,34.19,24.92,49.01,25.13,26.45,22.0,12.088434960828724,1.810069211692996,10.278365749135729,10477.64371757266,4757.13720703125,284.62704077959063,6.361855094529604,11.521268206447996,0.1477257737621743,0.0476612773975096,0.1559081078341349,0.0459865232147847,0.148897527406979,0.2827305206044541,9.782890020895849,0.3982035657258335,0.36398840830925216,0.0657782790089621,0.09810534462627732,0.07392440232967504
frc_milora_a1r_lr3e4_c256_s44,frc,44.0,frc_milora_a1r_lr3e4_c256,milora,0.5623,-0.2500319164905971,24.06,32.62,34.58,cs,31.19,16.94,40.94,38.23,35.82,37.4071,15.6225,0.0003,,,,False,False,True,62.08,10.34,10.64,36.79,60.93,33.29,25.17,37.4,2.236107787235309,1.810069211692996,0.4260385755423137,419.2066818203677,37.40700149536133,15.6239892244339,5.837390948276585,16.247534315059557,0.0669576878348695,0.0827420975897764,0.0728560829321589,0.0869729419870382,0.0657541256825073,0.5409823248103816,135.4668767661222,0.16857241712165366,0.19819348730574537,0.09467609419856365,0.3002831580892916,0.23827484328474566
lrsw_sclora_r32_lr5e4_s44,lrsw,44.0,lrsw_sclora_r32_lr5e4,sclora,1.0536,0.0226757619537274,15.2,24.29,72.41,cs,24.21,6.18,23.19,34.22,33.65,105.5939,15.8479,0.0005,,,32.0,False,False,True,65.41,79.92,78.56,58.56,80.03,78.07,62.97,75.8,2.77261841418226,1.810069211692996,0.9625492024892645,768.0954263673065,105.59416198730467,15.849601835012436,16.239484130644442,32.70761983928388,0.0829653431306321,0.0422395754033869,0.1762892972504041,0.0353654834556166,0.1114072257865122,0.5200724364151865,131.5467103226637,0.19923690468821276,0.19938126457945832,0.09817207117110278,0.3015401606773345,0.20166959888389152
qwsw_lora_r16_lr2e5_s43,qwsw,43.0,qwsw_lora_r16_lr2e5,lora,0.1079,-0.9669785553170892,38.38,50.58,85.53,cs,46.37,30.4,71.43,54.86,49.85,4.3282,1.2145,2e-05,,,16.0,False,False,True,63.55,89.12,79.48,93.74,84.29,94.99,88.65,90.4,1.9850346491063544,1.9346918347336524,0.050342814372702,23.462420384890617,4.337471008300781,1.2159281032426017,1.5839722175970927,3.504076789760106,0.1012595294061025,0.0890405546784896,0.1158494472171012,0.0597415110220147,0.0783396023965225,0.5510817479414114,39.58463852693914,0.07249814283440581,0.00903736638985785,0.007137889607449255,0.7746133610035514,0.13671324016473602
qwsw_lora_r16_lr3e4_s43,qwsw,43.0,qwsw_lora_r16_lr3e4,lora,0.3627,-0.4404524444195656,36.06,43.94,69.62,cs,43.43,28.68,64.72,38.23,44.65,30.7342,10.7442,0.0003,,,16.0,False,False,True,73.85,76.17,78.2,94.4,85.79,36.78,32.59,79.2,2.369934944218889,1.9346918347336524,0.4352431094852371,379.2513552455632,30.738025665283203,10.751986575978142,6.486376220568377,13.425288388452564,0.1119002326777779,0.0923080254965491,0.0657298429206929,0.046207757363994,0.0689487670153863,0.5257839493895107,68.63913056460018,0.11794486063799602,0.013328228122859359,0.00997606079979702,0.4871911626229964,0.3715596878163514
lrsw_dora_r16_lr1e3_s44,lrsw,44.0,lrsw_dora_r16_lr1e3,dora,3.7348,0.572267350134817,13.92,23.74,68.41,cs,22.12,5.71,23.16,33.19,34.52,1055.2388,53.9174,0.001,,,16.0,True,False,True,64.71,76.33,76.97,64.35,74.9,67.42,54.01,68.6,4.75954125275334,1.810069211692996,2.949472041060344,2153.2105965431824,1055.2305908203125,53.91498135924339,7.815031483201634,13.024649871095765,0.1326885540654953,0.0449277035039588,0.1057190279773658,0.0501894889405553,0.1169424165312496,0.25535211136855135,7.959981302104786,0.4170463980093341,0.3828718952635621,0.07404339351876855,0.07687457319698737,0.049163740011347976
qwswm_lora_null_r16_lr5e5_s44,qwswm,44.0,qwswm_lora_null_r16_lr5e5,lora_null,0.0406,-1.391473966422806,43.56,53.45,60.8,gsm8k,47.84,39.28,72.13,50.94,57.05,3.2693,0.7944,5e-05,,,16.0,False,False,True,,,,,,,,,1.953735369058472,1.9346918347336524,0.0190435343248196,26.35048407197856,3.2706048488616943,0.7945026703178882,6.848474240279272,18.0435189439834,0.2113654130052256,0.0751843072538925,0.0956304962838397,0.1393107327218083,0.1179678977245299,0.5749867750952516,60.918157069216804,0.09754314860403805,0.022572837380569543,0.014718883221928063,0.5713167686134057,0.29384836218005883
qwswm_sclora_r32_lr2e4_s42,qwswm,42.0,qwswm_sclora_r32_lr2e4,sclora,0.2946,-0.5307672574933879,36.72,49.11,71.42,gsm8k,45.05,28.39,67.37,50.17,54.57,9.2011,3.0959,0.0002,,,32.0,False,False,True,,,,,,,,,,,,170.273280117871,9.201481819152832,3.0963764071464537,15.996526537588034,41.55182204927073,0.1594112809676171,0.1004031402494454,0.3249513173363011,0.0281395676138636,0.1659718092619335,0.5315177148981108,61.802337717496485,0.10850290693247709,0.0221539439206666,0.01873237634204773,0.6032181940776254,0.24739257872718315
lrswm_lora_r16_lr5e5_s43,lrswm,43.0,lrswm_lora_r16_lr5e5,lora,0.3592,-0.4446636720047332,25.82,34.05,40.94,gsm8k,34.28,17.35,30.96,45.73,41.92,11.4533,3.6906,5e-05,,,16.0,False,False,True,,,,,,,,,2.0474077338355605,1.810069211692996,0.2373385221425648,66.57670490090081,11.473810195922852,3.692653401196003,1.868696201377129,4.391979910773557,0.0661080925814511,0.0562920063225303,0.1224724769436413,0.0503803284883397,0.076945122783179,0.5769871963428526,90.72636483863344,0.09778372519547872,0.12120609303595144,0.08472934257645771,0.47649419450735153,0.21978664468476067
frc_lorawd_wd0p2_lr1e4_c256_s43,frc,43.0,frc_lorawd_wd0p2_lr1e4_c256,lorawd,0.2508,-0.6006724678413211,27.02,35.37,64.47,cs,34.97,19.08,46.43,41.64,34.71,18.1833,6.2614,0.0001,0.2,,,False,False,True,51.53,80.09,78.25,83.3,47.04,61.07,53.24,61.2,1.940257110847712,1.810069211692996,0.1301878991547158,141.34161832761333,18.190507888793945,6.262881574034691,3.102220959680277,10.598612958210978,0.071314996308442,0.0497249393846217,0.0895987628510641,0.050301754553569,0.0716044515241156,0.536405454121907,111.07346328860824,0.11239903184099503,0.11683914913254916,0.09451441083094618,0.40559988789201906,0.2706475203034906
lrswm_lorawd_wd0p3_lr5e5_s43,lrswm,43.0,lrswm_lorawd_wd0p3_lr5e5,lorawd,0.2972,-0.5269511949114623,25.5,33.7,43.59,gsm8k,33.36,17.65,30.54,45.56,41.38,11.1649,3.5283,5e-05,0.3,,,False,False,True,,,,,,,,,2.052420503371391,1.810069211692996,0.2423512916783952,71.2993132928546,11.057032585144045,3.516118790209293,2.414857117504018,7.66482219504596,0.0677396853149991,0.0553985154183478,0.1122808772453014,0.0510451216970302,0.0748717733499561,0.5802936509579526,89.38980560147485,0.09643428438508916,0.11142707608001878,0.0844635663477922,0.4841603931200056,0.2235146800670943
frc_lorawd_wd0p3_lr2e4_c256_s43,frc,43.0,frc_lorawd_wd0p3_lr2e4_c256,lorawd,0.2998,-0.5231683714877393,26.33,35.12,58.82,cs,33.59,19.07,45.48,40.44,37.0,19.5055,6.9354,0.0002,0.3,,,False,False,True,62.2,63.38,63.41,52.19,62.04,66.12,54.61,46.6,1.972909857440613,1.810069211692996,0.1628406457476172,196.1774149943249,19.526447296142575,6.938471432030201,4.988063109536221,15.70292339619686,0.0713627200293987,0.0482738283149606,0.0862333921775981,0.0485123849328617,0.0711404492378416,0.542066488447102,117.08830042003632,0.12027631248638093,0.133054845201781,0.09457665208155074,0.3650032604763631,0.2870889297539242
lrsw_lora_r16_lr5e4_s43,lrsw,43.0,lrsw_lora_r16_lr5e4,lora,0.9284,-0.0322648682161199,22.07,27.74,76.99,cs,30.72,13.42,23.52,34.56,36.47,98.2554,22.427,0.0005,,,16.0,False,False,True,69.45,81.83,78.56,86.1,80.51,78.96,63.91,76.6,2.526037370263099,1.810069211692996,0.7159681585701032,756.8717463603681,98.2545928955078,22.43140854239464,7.422494194407254,13.836328057784565,0.0697986394667625,0.0458385220336926,0.0678355487398878,0.0505520252639338,0.0651549771658857,0.5334136496117129,135.76362852705464,0.19402255419468661,0.21181714229408716,0.11742572795630393,0.2741824678882214,0.2025521076667008
frm_clora_k64_lr3e4_c256_s43,frm,43.0,frm_clora_k64_lr3e4_c256,clora,1.1327,0.0541149005105858,18.48,27.58,60.5,math_faithful,28.09,8.88,26.17,30.03,44.75,28.8288,15.9658,0.0003,,64.0,,False,False,True,,,,,,,,,3.419525594885668,1.810069211692996,1.6094563831926725,985.8623693521752,28.82932472229004,15.966209280490876,25.86052860397228,55.1272691482533,0.0651564229737597,0.0462720199381033,0.0671578267605524,0.0504003642121294,0.0632550286966602,0.6006206447372794,117.47515271724022,0.13838782503854813,0.14364481283468059,0.13063743035594316,0.3497154527886128,0.23761447898221535
frm_lorawd_wd0p2_lr5e4_c512_s44,frm,44.0,frm_lorawd_wd0p2_lr5e4_c512,lorawd,0.5565,-0.2545348313292729,22.32,31.24,65.28,math_faithful,30.95,13.68,30.47,37.12,43.96,57.9981,6.8074,0.0005,0.2,,,False,False,True,,,,,,,,,2.2970424694064624,1.810069211692996,0.4869732577134666,372.0532740972564,57.99860382080078,6.807812103629113,22.08433104420129,50.138846458698886,0.0799972877750311,0.0454381650410049,0.0888821986430542,0.0476463813238097,0.0780960053708903,0.5573120086304684,106.4676359778579,0.1411703049866263,0.1641923471444886,0.10201637905332736,0.3462643520869435,0.2463566167286143
frc_lorawdr16_wd0p3_lr5e4_c256_s45,frc,45.0,frc_lorawdr16_wd0p3_lr5e4_c256,lorawdr16,0.3404,-0.4680104485874498,26.78,33.83,51.49,cs,33.74,19.81,43.54,39.16,32.9,22.9193,6.4681,0.0005,0.3,,,False,False,True,65.11,70.18,47.9,68.0,59.51,37.71,33.28,30.2,1.9461440790784577,1.810069211692996,0.1360748673854621,218.0026179684128,22.91895294189453,6.470139215886593,7.102173855183125,13.322006831620524,0.0719610980382069,0.0466607394007199,0.0852515254207026,0.0479649308120653,0.071369008485112,0.5511813677033713,115.24517922671498,0.11673584434187637,0.13832299038025325,0.09958175467800395,0.3643244478883638,0.2810349627115025
frm_lorawd_wd0p3_lr7e4_c256_s44,frm,44.0,frm_lorawd_wd0p3_lr7e4_c256,lorawd,0.4473,-0.349401101827343,24.0,34.09,63.53,math_faithful,32.36,15.64,34.54,39.59,48.32,51.2757,5.436,0.0007,0.3,,,False,False,True,,,,,,,,,2.198486110517457,1.810069211692996,0.3884168988244612,284.6560902848896,51.27485275268555,5.436414255201816,19.715087368942815,46.64366176699089,0.083399810852478,0.0452244494436886,0.0949844590096107,0.0467021433282164,0.0817017621754797,0.553252929885679,94.1601291726369,0.1340305357686514,0.16310348080493975,0.09512602892576161,0.3549903950848199,0.25274955941582744
frm_lora_lr3e4_c256_s42,frm,42.0,frm_lora_lr3e4_c256,lora,1.2831,0.1082605049764734,18.04,26.63,60.2,math_faithful,29.14,6.93,24.18,27.99,44.9,160.7353,20.0747,0.0003,,,,False,False,True,,,,,,,,,3.570272091071677,1.8520239240816387,1.718248166990039,1123.7024315487677,160.73529052734375,20.0754298299551,23.35741751990512,52.24299760554301,0.0724242400276544,0.0454110191394756,0.0702981751744394,0.0506241501865976,0.0682322867359646,0.5564153292271452,113.20104450591693,0.1836672072750281,0.19577722429899874,0.12350371921402367,0.2970589300644497,0.19999291914749978
qwswm_lora_null_r16_lr5e4_s42,qwswm,42.0,qwswm_lora_null_r16_lr5e4,lora_null,0.1781,-0.7493360805367565,42.86,52.87,70.05,gsm8k,46.2,39.52,69.99,54.35,54.28,14.4394,4.8516,0.0005,,,16.0,False,False,True,,,,,,,,,,,,214.89090124289453,14.452085494995115,4.851988248314176,10.793974308930606,17.435934219112244,0.1328829478153994,0.0874867611415411,0.0712251463349818,0.097921096113696,0.081918592151326,0.5472576100735685,65.52869504677285,0.14728083748346582,0.01775928841219872,0.009429226607671768,0.5388251812104136,0.28670546628625027
frc_lorawd_wd0p3_lr5e4_c256_s42,frc,42.0,frc_lorawd_wd0p3_lr5e4_c256,lorawd,0.4097,-0.3875340360468576,25.04,32.02,82.05,cs,31.45,18.63,37.13,38.99,33.92,41.0801,6.8068,0.0005,0.3,,,False,False,True,72.84,84.0,81.58,92.27,84.69,86.07,72.35,82.6,2.045922118056781,1.8520239240816387,0.193898193975142,267.2471761017417,41.079620361328125,6.807270234823227,10.500784392519778,23.55765167881663,0.0745591482325491,0.0462787899656501,0.0837517071438753,0.0477880035814334,0.0727766764674878,0.5400914335737014,116.51390816597564,0.13306750404006978,0.16632567656635544,0.1016024800843173,0.33878168045496765,0.26022265885428963
frc_lorawd_wd0_lr2e4_c256_s45,frc,45.0,frc_lorawd_wd0_lr2e4_c256,lorawd,0.5168,-0.2866774950129723,23.55,32.25,80.19,cs,31.38,15.72,41.77,37.63,34.75,35.9402,13.7367,0.0002,0.0,,,False,False,True,71.53,83.08,79.73,89.07,83.66,82.91,69.97,81.6,2.2027117259379008,1.810069211692996,0.392642514244905,390.314862488908,35.96683120727539,13.742017328739166,5.117236830453492,17.271951344902618,0.0684323567818522,0.0468332207772123,0.0751103517799569,0.0492162406484393,0.0668566306079556,0.5405251037024162,127.86494712705993,0.14367383911429205,0.16121586567872073,0.10004362687601126,0.3356606569478746,0.25940601138310126
lrsw_dora_r16_lr5e4_s43,lrsw,43.0,lrsw_dora_r16_lr5e4,dora,1.2465,0.0956922828397922,20.58,29.25,77.47,cs,29.5,11.67,34.7,36.86,33.51,229.6922,25.4503,0.0005,,,16.0,False,False,True,69.97,81.83,78.81,86.37,80.66,78.96,64.59,78.6,2.5152445233227545,1.810069211692996,0.7051753116297588,832.577673804402,229.69058227539065,25.45562234520912,6.91911280228615,13.254408618227025,0.0868348537718738,0.0452197661498785,0.0778097588303359,0.0500208440933537,0.0783349851362949,0.4767196491071369,62.11167150316462,0.2153067019826821,0.280259961320923,0.10089972637813624,0.2354261549862543,0.16810745533200447
lrsw_lora_r16_lr3e4_s45,lrsw,45.0,lrsw_lora_r16_lr3e4,lora,0.6107,-0.2141720800041343,23.99,31.29,79.44,cs,32.74,15.24,37.25,36.69,34.52,48.1447,17.1423,0.0003,,,16.0,False,False,True,70.73,82.81,79.38,87.37,83.9,82.45,68.26,80.6,2.2254698527268446,1.810069211692996,0.4154006410338489,470.4279842693785,48.196537017822266,17.155036547780036,4.750952059360905,11.552953661264471,0.0673094069465745,0.0463147507201175,0.0727058981104185,0.0492873678179393,0.0656244353855454,0.5454440898988554,130.69271470150326,0.15246284251069742,0.17222961703508521,0.10215627211601871,0.3200776943128588,0.2530735740253398
frm_lora_lr3e4_c256_s44,frm,44.0,frm_lora_lr3e4_c256,lora,1.2841,0.1085988459735667,17.84,27.16,60.73,math_faithful,27.49,8.19,24.77,30.46,44.88,156.2671,20.111,0.0003,,,,False,False,True,,,,,,,,,3.592547550446957,1.8520239240816387,1.7405236263653183,1122.0810783723432,156.2649688720703,20.11191096007824,23.21585058507703,52.18639900163167,0.0718167381396874,0.045332060051237,0.0702479537987433,0.050816678368586,0.0679923652011319,0.5554737640113424,114.06451147970405,0.18287350411849504,0.19750238209506568,0.12465935057893734,0.30034966281573416,0.19461510039176788
lrsw_lora_null_r16_lr1e3_s44,lrsw,44.0,lrsw_lora_null_r16_lr1e3,lora_null,1.1446,0.0586537415723702,18.44,26.36,74.09,cs,28.57,8.3,25.69,35.75,33.51,172.079,25.6904,0.001,,,16.0,False,False,True,68.04,77.91,77.74,80.63,77.66,76.05,59.3,75.4,2.747679973383529,1.810069211692996,0.9376107616905334,1023.7795976946422,172.07763671875,25.690411961078645,10.483876744061195,15.767536200792364,0.0896453868246646,0.0439127867228535,0.0756820366291172,0.0550501872498921,0.0810237280957893,0.5075607188165769,114.22863240066746,0.2209551966151719,0.25832281826138453,0.12962344777136975,0.2375707637419977,0.15352777361007608
frm_lorawd_wd0_lr3e4_c256_s44,frm,44.0,frm_lorawd_wd0_lr3e4_c256,lorawd,1.2733,0.1049307390777404,17.8,26.32,58.68,math_faithful,26.31,9.3,25.0,29.1,41.91,164.0599,20.0362,0.0003,0.0,,,False,False,True,,,,,,,,,3.5405237451939398,1.810069211692996,1.7304545335009436,1122.9560266375472,164.05511474609375,20.03709673285484,23.13531626877973,52.28713896826918,0.0719181461876797,0.0454440350985747,0.0706901758785183,0.0504394197773559,0.0682559893121696,0.555745232983931,112.97146181938542,0.18054950692665245,0.19933896779136534,0.12450392656373538,0.30180896169724614,0.1937986370210007
frm_lorawd_wd0p1_lr5e4_c512_s43,frm,43.0,frm_lorawd_wd0p1_lr5e4_c512,lorawd,0.9252,-0.0337643759014181,20.94,29.2,63.08,math_faithful,30.03,11.86,27.17,34.04,42.89,103.0537,11.515,0.0005,0.1,,,False,False,True,,,,,,,,,2.7573503976381395,1.810069211692996,0.9472811859451438,674.7316083866657,103.05429077148438,11.515281689167022,25.884969543474448,54.21350069229295,0.0783124898507738,0.0450628280614251,0.0846073462412843,0.048492816648051,0.0773307906531506,0.5469353370218942,101.94932993680996,0.16697486349802715,0.17807295613630636,0.11827298506354077,0.3263687306097179,0.21031046469240786
frc_milora_a1r_lr2e4_c256_s45,frc,45.0,frc_milora_a1r_lr2e4_c256,milora,0.4162,-0.3806979241243918,26.46,35.21,78.53,cs,34.05,18.87,44.4,42.15,36.59,27.4533,11.4819,0.0002,,,,False,False,True,71.83,71.16,78.4,86.0,83.74,84.39,71.76,81.0,2.088509181263989,1.810069211692996,0.2784399695709931,269.9243906366469,27.453144073486328,11.485168513655662,4.573810785589944,13.671319749154732,0.0657675212104425,0.1071694669184949,0.0778683462211716,0.1057576695450902,0.0671571340721957,0.5459582852285316,133.73959746069903,0.15975102550629378,0.18212973158309845,0.10278590479804334,0.3161644302383107,0.23916890787425377
frc_milora_a1r_lr2e4_c256_s43,frc,43.0,frc_milora_a1r_lr2e4_c256,milora,0.4145,-0.3824754651137076,25.52,34.94,79.66,cs,33.1,17.93,47.69,40.19,35.77,28.018,11.61,0.0002,,,,False,False,True,72.63,83.46,73.85,89.58,83.43,84.13,70.39,79.8,2.079544738712288,1.810069211692996,0.2694755270192919,270.19560244521904,28.0183219909668,11.613807812333109,4.518135278075346,13.531690136055971,0.0663614450002296,0.1064443125552013,0.0781076272705156,0.1059589820358615,0.0674439883947131,0.5442429067254643,134.24029516756045,0.1653150431918904,0.17979571827346635,0.1017833584294086,0.3141393326024735,0.23896654750276125
lrsw_sclora_r32_lr1e4_s43,lrsw,43.0,lrsw_sclora_r32_lr1e4,sclora,0.4129,-0.3841551171252979,24.72,32.62,80.71,cs,33.53,15.92,41.42,37.71,34.54,9.7156,4.2027,0.0001,,,32.0,False,False,True,72.48,83.08,79.22,89.88,83.66,85.56,71.59,80.2,2.0771529101642408,1.810069211692996,0.267083698471245,172.39089056798915,9.720380783081056,4.203324197232723,11.24743406477629,36.115891873127616,0.0891466250261727,0.0380422949933291,0.3525779500184741,0.0141275594578053,0.1543410767629428,0.5171219076579293,121.41818088265973,0.1594347783062901,0.15322255662991396,0.07566569780512933,0.3918208981726584,0.21985606908600822
qwswm_sclora_r32_lr3e4_s43,qwswm,43.0,qwswm_sclora_r32_lr3e4,sclora,0.3782,-0.4222784754909791,32.61,44.87,64.06,gsm8k,41.53,23.68,62.5,44.28,52.34,14.0619,4.5095,0.0003,,,32.0,False,False,True,,,,,,,,,2.4482274908819384,1.9346918347336524,0.513535656148286,252.1290605217036,14.063231468200684,4.510404106974602,16.59351188978433,40.2772437270564,0.1565249469742756,0.0986818141408426,0.2821057053319498,0.0309881477490184,0.1564097435721018,0.5363891416675638,63.887949460680154,0.1132053883198868,0.021267580514382083,0.016808848475857525,0.5781996359320515,0.2705185467578222
lrsw_milora_r32_lr3e4_s45,lrsw,45.0,lrsw_milora_r32_lr3e4,milora,0.561,-0.2510371387438385,24.9,31.75,79.3,cs,32.25,17.54,37.64,36.09,35.21,54.139,15.5777,0.0003,,,32.0,False,False,True,72.14,82.54,79.32,84.92,83.5,82.62,68.77,80.6,2.219703001259578,1.810069211692996,0.4096337895665829,422.4072352888848,54.13917922973633,15.57936232984066,5.964914946042279,16.29953100571023,0.067803920447527,0.0821436907579858,0.0721644864155534,0.0865535739723413,0.0657688228023987,0.5358624849401976,132.26220566357406,0.1696298379482921,0.2015381193391554,0.09347052341398251,0.29877635913184997,0.23658516016672007
frc_lorawd_wd0p1_lr5e4_c256_s42,frc,42.0,frc_lorawd_wd0p1_lr5e4_c256,lorawd,0.7118,-0.1476420163321729,22.43,29.56,78.84,cs,28.98,15.88,32.87,36.26,33.83,72.3724,13.2424,0.0005,0.1,,,False,False,True,71.25,82.75,79.43,87.84,83.27,80.43,66.38,79.4,2.3827973570866274,1.8520239240816387,0.5307734330049887,561.8918542292691,72.37171936035156,13.24384954571724,12.58357154929712,25.868045197182735,0.0730423632725625,0.0459158904752077,0.0737155258223363,0.0493824449028054,0.0692003672306122,0.538268829176388,130.42867318471116,0.17313822078135677,0.19864286204592888,0.1125123535591904,0.29089201301053286,0.22481455060299116
frc_lorawd_wd0p5_lr1e4_c256_s43,frc,43.0,frc_lorawd_wd0p5_lr1e4_c256,lorawd,0.2092,-0.6794383198047633,27.99,36.89,80.25,cs,35.69,20.3,47.54,43.6,37.32,12.3355,4.536,0.0001,0.5,,,False,False,True,72.39,83.73,79.12,84.78,83.43,85.48,72.1,81.0,1.8968152968744325,1.810069211692996,0.0867460851814365,101.15993109305477,12.355354309082031,4.537184841930866,2.9566632237842385,9.404376669361344,0.0728758804668215,0.0514457177344435,0.0974609240384871,0.0513604815025231,0.0743991644474828,0.538712754213453,105.73134021485642,0.10508794262750026,0.10954161263178039,0.09234771408791392,0.42565538702968186,0.26736734362312353
lrsw_lora_r16_lr2e4_s42,lrsw,42.0,lrsw_lora_r16_lr2e4,lora,0.4427,-0.3538904780211521,25.2,33.59,72.33,cs,32.78,17.61,41.56,39.76,36.22,34.1827,12.994,0.0002,,,16.0,False,False,True,54.46,80.09,78.97,73.14,69.53,78.79,64.08,79.6,2.1215845784199496,1.8520239240816387,0.2695606543383109,307.5757637307269,34.21980667114258,12.998553720116616,3.458638796370331,9.355291391409274,0.0675921368637695,0.0474710567277979,0.0780029236953404,0.0488250192977615,0.0671211226799435,0.5414960297854396,123.530905658491,0.13547646151471088,0.14579669094257125,0.0977714360913621,0.35078477081614334,0.27017064063521257
qwswm_lora_r16_lr5e5_s43,qwswm,43.0,qwswm_lora_r16_lr5e5,lora,0.0514,-1.2890368810047244,43.39,53.74,61.94,gsm8k,47.52,39.25,72.13,51.96,57.84,3.3741,1.0789,5e-05,,,16.0,False,False,True,,,,,,,,,1.9643867744695092,1.9346918347336524,0.029694939735857,25.40335853385357,3.377276659011841,1.079673532396555,3.2397878507927973,9.0526309581788,0.1249891644009591,0.1051135292588278,0.0795664961383364,0.0528216471810881,0.0788071066279427,0.5271665866116725,62.75932372381993,0.11086568012686515,0.018798345971716243,0.013402277912234101,0.5773468579564993,0.2795868380326851
qwsw_lorawd_wd0p3_lr2e5_s42,qwsw,42.0,qwsw_lorawd_wd0p3_lr2e5,lorawd,0.1001,-0.9995659225206812,38.67,50.96,86.54,cs,46.43,30.91,71.51,55.63,50.31,5.1106,1.3327,2e-05,0.3,,,False,False,True,72.94,88.9,79.32,94.58,83.66,95.03,87.88,90.0,,,,27.783390286862662,5.120565891265869,1.3337105919207846,1.9461029780784704,5.763737789337206,0.1031907019354355,0.0905404317971775,0.1075258005027127,0.0596677712439185,0.0762493596451007,0.5502899420301065,41.120452722591004,0.07058834044082118,0.009410097331415561,0.007509517011386767,0.753594419987328,0.1588976252290484
qwsw_lora_r16_lr5e4_s42,qwsw,42.0,qwsw_lora_r16_lr5e4,lora,0.5267,-0.2784366816425191,14.52,31.77,84.16,cs,15.5,13.55,54.5,37.37,37.95,36.8395,14.168,0.0005,,,16.0,False,False,True,71.31,81.77,80.6,92.84,85.0,91.37,82.59,87.8,,,,589.5994146439002,36.83887100219727,14.17010157108307,9.281711478507653,14.873716390287218,0.1124111185611315,0.0938365602206596,0.0629687494923538,0.0472718654326625,0.069402859135014,0.5114697340358164,73.24143305057224,0.1653930433314184,0.014723876946013697,0.010285975168678806,0.47253240522903206,0.3370646993248571
qwswm_lora_r16_lr5e4_s42,qwswm,42.0,qwswm_lora_r16_lr5e4,lora,0.2468,-0.6076548446387959,41.89,51.32,59.51,gsm8k,44.68,39.09,68.82,49.91,54.09,28.3036,6.8011,0.0005,,,16.0,False,False,True,,,,,,,,,,,,281.18964653867,28.310752868652344,6.8022718165602,9.52660725629664,14.845492108213396,0.1112078202984283,0.0985662665858296,0.0629404392932165,0.0484275295842607,0.068668910764591,0.5025052854021372,68.53361628238808,0.17868262810857036,0.017545416026809542,0.010567941839436734,0.46364736669734563,0.32955664732783785
frc_lorawd_wd0_lr3e4_c256_s42,frc,42.0,frc_lorawd_wd0_lr3e4_c256,lorawd,0.7468,-0.1267956907229593,21.1,28.79,64.12,cs,30.2,12.0,30.16,36.09,35.52,55.2274,17.4945,0.0003,0.0,,,False,False,True,62.2,56.91,55.99,54.78,77.03,78.54,66.3,61.2,2.4585228699832142,1.8520239240816387,0.6064989459015755,590.3112686403074,55.22713088989258,17.495972433686255,7.565575974123203,21.462118620578057,0.069291453623988,0.0461610462209686,0.0703041656176259,0.0499325007046586,0.0656739002292203,0.538606476131781,134.49043242851587,0.16820234075192203,0.18913574012273845,0.10596442423103661,0.30238418879591783,0.23431330609838508
frc_dora_r32_lr3e4_c256_s43,frc,43.0,frc_dora_r32_lr3e4_c256,dora,0.936,-0.0287241512618947,22.78,30.87,78.98,cs,31.21,14.34,36.85,38.05,33.88,107.6163,19.0248,0.0003,,,32.0,False,False,True,70.92,81.5,78.61,87.84,82.87,82.66,67.83,79.6,2.443407126724521,1.810069211692996,0.6333379150315255,615.2638584601505,107.61677551269533,19.02650884091854,6.914366758444561,20.662163755285324,0.0792884639848702,0.0457085209882155,0.075794489779016,0.0496702616777382,0.0731104924243888,0.5141685439743312,111.94209956641394,0.18364049664692778,0.2154689903977204,0.1000815059166117,0.2887022074762478,0.21210679956249232
qwsw_sclora_r32_lr2e4_s44,qwsw,44.0,qwsw_sclora_r32_lr2e4,sclora,0.4343,-0.3622101706377709,30.02,35.46,76.06,cs,39.49,20.54,40.69,38.05,38.54,17.7984,5.2365,0.0002,,,32.0,False,False,True,73.85,70.67,79.94,31.08,84.85,94.02,85.24,88.8,2.519488714838607,1.9346918347336524,0.5847968801049546,293.9482210318172,17.81052589416504,5.237516473020826,16.354857634244315,36.2763336061393,0.103791781519528,0.1196365067172557,0.1920565321820053,0.0305759401974632,0.1150872777941517,0.5460118840893108,57.9981282023649,0.07593282880384315,0.016070909138481478,0.014413788195146228,0.6125394963434078,0.2810429775191215
frc_dora_r32_lr3e4_c256_s44,frc,44.0,frc_dora_r32_lr3e4_c256,dora,0.9182,-0.037062711569998,21.15,28.93,78.84,cs,29.92,12.38,30.6,37.46,34.31,144.9327,19.0177,0.0003,,,32.0,False,False,True,70.24,83.68,79.07,87.38,84.21,80.93,67.41,77.8,2.4675555396690863,1.810069211692996,0.6574863279760905,626.4343795696302,144.93174743652344,19.01996319293976,7.232031456940945,20.87877233944694,0.0831334642481129,0.0456606266722044,0.0769796343667483,0.0494737705674613,0.0753582835089765,0.5016062994928525,88.18482786424782,0.1809970335124565,0.23078125159062576,0.09529474238339111,0.2778105852461905,0.2151163872673361
frc_lorawd_wd0_lr1e3_c256_s44,frc,44.0,frc_lorawd_wd0_lr1e3_c256,lorawd,5.1609,0.7127254440594999,6.1,21.41,41.01,cs,12.06,0.13,23.69,26.45,44.71,496.3413,62.9686,0.001,0.0,,,False,False,True,62.2,51.14,47.59,24.91,53.28,29.21,25.34,34.4,4.979618203742325,1.810069211692996,3.1695489920493287,2557.37526477569,496.3373718261719,62.97278533577919,12.819264341969362,25.72910144867484,0.0930626574264814,0.0481996142717165,0.0921974943524222,0.0517869022394581,0.092988847963386,0.5975018892408425,68.6870293937771,0.3020807990112958,0.310577553275266,0.09082078462812021,0.18740938075633212,0.10911148232898596
qwswm_lorawd_wd0p3_lr1e3_s43,qwswm,43.0,qwswm_lorawd_wd0p3_lr1e3,lorawd,11.9786,1.0784060628108865,0.0,19.23,0.0,gsm8k,0.0,0.0,22.96,25.68,47.51,710.1886,29.0383,0.001,0.3,,,True,False,True,,,,,,,,,9.827086752359136,1.9346918347336524,7.892394917625484,1099.6793655799636,710.1978149414062,29.067050218156407,1.0621074034261806,1.2022254414128497,0.1754293491824059,0.1414349359061616,0.1113917510171517,0.0626494572655515,0.1147497976655093,0.8712154669398849,3.8104089918188895,0.42449910891775633,0.12287705295457371,0.023254588412759635,0.35966521752611225,0.06970403218879781
frm_lorawd_wd0p5_lr2e4_c256_s43,frm,43.0,frm_lorawd_wd0p5_lr2e4_c256,lorawd,0.2047,-0.6888821573374944,25.84,33.59,65.81,math_faithful,33.57,18.11,30.32,43.43,42.51,15.4655,3.0876,0.0002,0.5,,,False,False,True,,,,,,,,,1.953295612851881,1.810069211692996,0.1432264011588853,126.2013720082379,15.465431213378906,3.087939625233412,11.060033561755365,33.51288593066147,0.0772157636682846,0.0494965873929375,0.0946860119523773,0.0488033839573908,0.0762387235116268,0.5715594475953601,108.5402477455073,0.11703852824997156,0.1396594477648231,0.08959247145054841,0.37639268765620204,0.27731686487845475
frm_lora_null_lr1e4_c256_s42,frm,42.0,frm_lora_null_lr1e4_c256,lora_null,0.4739,-0.3243132913005989,22.9,30.17,63.76,math_faithful,32.15,13.65,26.86,38.48,39.7,22.9615,7.3527,0.0001,,,,False,False,True,,,,,,,,,2.5827871573593595,1.8520239240816387,0.7307632332777207,402.272266812509,22.960580825805664,7.353253439068794,19.809357958559684,63.8582923074058,0.1024855300268731,0.0410626913527361,0.1081188895324469,0.0632830620877636,0.0936308575875878,0.573174764744979,121.11491860004044,0.16159983717274587,0.1677006216942178,0.08842890137146409,0.37505675052353316,0.20721388923803918
qwswm_milora_r32_lr2e5_s44,qwswm,44.0,qwswm_milora_r32_lr2e5,milora,0.0468,-1.329754146925876,42.76,53.14,43.44,gsm8k,45.2,40.33,72.1,51.54,56.52,1.4169,0.3681,2e-05,,,32.0,False,False,True,,,,,,,,,1.9872592854871645,1.9346918347336524,0.0525674507535121,11.807836770772552,1.417291522026062,0.3681064382195472,7.765324808194636,28.83558160062773,0.0366283756149482,0.5717895163693099,0.0599825073149503,0.370435299298053,0.0261178009165516,0.5279383566874899,65.52686693334925,0.04014918567142468,0.021846472179437585,0.04749550825272909,0.41556747259802534,0.4749413612983832
lrsw_sclora_r32_lr2e4_s43,lrsw,43.0,lrsw_sclora_r32_lr2e4,sclora,0.6063,-0.2173124317650336,20.8,29.28,80.53,cs,29.21,12.38,32.68,37.8,34.34,18.3596,7.243,0.0002,,,32.0,False,False,True,74.07,82.75,80.19,88.83,83.19,83.67,69.54,82.0,2.320058570717486,1.810069211692996,0.5099893590244904,327.55814791719337,18.35944938659668,7.24353268891573,13.246059258416896,35.22307829805258,0.0863065976536225,0.0394127992225355,0.2926619319026358,0.0203030909329881,0.1397739864541111,0.522775900923892,126.24921740581568,0.16193000386942152,0.15793761575284504,0.0819841931467598,0.3703456475438973,0.22780253968707634
qwswm_milora_r32_lr1e3_s44,qwswm,44.0,qwswm_milora_r32_lr1e3,milora,0.6548,-0.1838913292600961,9.5,31.13,60.27,gsm8k,16.51,2.49,46.36,38.31,51.98,35.7728,12.7483,0.001,,,32.0,False,False,True,,,,,,,,,3.260178208344592,1.9346918347336524,1.3254863736109392,729.3008899276016,35.772438049316406,12.750296768971852,18.1921251570624,30.22586155063202,0.1012807075397029,0.1091591009686574,0.0609021785263578,0.0706166612857156,0.0664917564365895,0.5256099689379642,69.60033209734665,0.17176476206691665,0.013076042973531205,0.010608299081732081,0.45883080964269624,0.3457200862351241
frc_clora_k2048_lr3e4_c256_s42,frc,42.0,frc_clora_k2048_lr3e4_c256,clora,0.3436,-0.4639468448407953,25.02,33.99,68.53,cs,32.51,17.54,44.17,40.7,35.02,16.4748,8.3793,0.0003,,2048.0,,False,False,True,62.05,81.94,47.9,66.87,74.9,80.39,67.83,66.4,2.171742758854179,1.8520239240816387,0.3197188347725404,293.1415066332131,16.493898391723633,8.38305759653449,5.956689094837085,18.9361682783548,0.0544507238074988,0.0489520418302155,0.0608410381568451,0.0485504654306384,0.0527624623120514,0.5436112865337457,76.16745312161359,0.03441365981045762,0.02948164817376131,0.051685361249363605,0.4929168436478115,0.391502487118606
lrswm_lorawd_wd0p3_lr1e4_s43,lrswm,43.0,lrswm_lorawd_wd0p3_lr1e4,lorawd,0.2539,-0.5953372991262778,25.78,34.31,44.81,gsm8k,32.71,18.85,32.29,43.94,43.78,13.8368,4.887,0.0001,0.3,,,False,False,True,,,,,,,,,2.0213657306726227,1.8520239240816387,0.1693418065909839,113.97954524682228,13.882534980773926,4.888664399087429,3.293610342139341,11.323960374403384,0.069902873224953,0.053255992738684,0.092098752280344,0.0499517403532001,0.0709600505925268,0.5774515613013953,103.70746050561698,0.10694520328272088,0.11652726935251698,0.09235989556188981,0.4183520096674429,0.26581562213542953
lrsw_lora_null_r16_lr2e4_s43,lrsw,43.0,lrsw_lora_null_r16_lr2e4,lora_null,0.3697,-0.4321505494268932,25.92,33.96,40.87,cs,34.19,17.64,43.61,41.3,33.06,17.9174,7.3298,0.0002,,,16.0,False,False,True,57.06,39.06,41.66,43.52,39.86,37.63,33.19,35.0,2.098183552804758,1.810069211692996,0.2881143411117624,226.2771830252372,17.933748245239258,7.333598962426185,6.053399722771858,16.084741596491615,0.1718440726293288,0.0373184763528067,0.1166277751630746,0.0627027729297135,0.121803653126157,0.5470661925393926,126.34432239660389,0.1477790305426325,0.15443060358953642,0.08291761698150438,0.33332518806410877,0.28154756082221793
lrswm_lorawd_wd0p3_lr2e5_s44,lrswm,44.0,lrswm_lorawd_wd0p3_lr2e5,lorawd,0.3361,-0.4735314875305225,25.98,33.64,36.77,gsm8k,34.7,17.27,29.13,45.9,41.2,7.6189,2.2633,2e-05,0.3,,,False,False,True,,,,,,,,,2.039150125081834,1.810069211692996,0.2290809133888383,38.37957421077952,7.63463830947876,2.264929020404816,1.545867776868415,3.748213566623744,0.0610662004885479,0.0551653433791323,0.1601869300284767,0.0510632246445386,0.0836500150173108,0.5785578282335678,73.69532022389762,0.09211202145536343,0.13103181780767414,0.0830043627142788,0.5670045671645421,0.12684723085814137
frm_lorawd_wd0p3_lr5e4_c256_s44,frm,44.0,frm_lorawd_wd0p3_lr5e4_c256,lorawd,0.4032,-0.3944794765625311,23.96,32.23,64.67,math_faithful,32.56,15.37,34.43,34.39,44.42,51.8804,5.187,0.0005,0.3,,,False,False,True,,,,,,,,,2.1564535564560896,1.810069211692996,0.3463843447630939,258.61359933742693,51.88059997558594,5.187375144660473,18.73981626354458,45.27728011469578,0.0825074734819157,0.0456506132900221,0.0947951852451491,0.0472253406491416,0.0809223058567605,0.5462454468568112,94.93047515941971,0.13601398060876163,0.16941638665495937,0.09398678655735938,0.34634338537672504,0.25423946080219456
frc_lorawdr16_wd0p3_lr3e4_c256_s42,frc,42.0,frc_lorawdr16_wd0p3_lr3e4_c256,lorawdr16,0.3275,-0.484788695672198,26.84,,13.53,cs,34.03,19.66,,,,18.1174,6.8085,0.0003,0.3,,,False,False,True,61.74,3.1,0.31,39.84,1.42,0.63,0.43,0.8,1.9737162141000093,1.8520239240816387,0.1216922900183705,188.29254521007047,18.133028030395508,6.813746210932732,4.650663034433042,10.988454817224405,0.0715730914949741,0.0482067392102858,0.0880366550662119,0.0484223606864697,0.0717737846449637,0.5450654330820026,114.71405099316955,0.1124033444459978,0.12976384753370182,0.09566208707082192,0.37115420667700816,0.29101651427247044
qwswm_dora_r16_lr5e4_s42,qwswm,42.0,qwswm_dora_r16_lr5e4,dora,0.2603,-0.5845258318907642,40.04,51.66,70.58,gsm8k,41.04,39.05,69.13,54.27,54.81,29.3591,6.9244,0.0005,,,16.0,False,False,True,,,,,,,,,,,,282.35558584017383,29.38695526123047,6.926107672282628,9.360739324416992,14.728339411320878,0.110967697427652,0.10015632154828,0.0634200623930407,0.0483300801861135,0.0693601667448705,0.5039185052441306,69.41041518638426,0.18475467079878144,0.018822856896059528,0.010281040190496958,0.45386207731832684,0.33227935479633525
lrsw_sclora_r32_lr1e4_s44,lrsw,44.0,lrsw_sclora_r32_lr1e4,sclora,0.4117,-0.3854191330025139,24.46,32.05,80.83,cs,32.64,16.28,37.32,39.16,34.84,9.9249,4.2298,0.0001,,,32.0,False,False,True,72.57,83.9,79.48,90.46,83.66,85.06,70.48,81.0,2.084262824674836,1.810069211692996,0.2741936129818401,172.61495483443505,9.927016258239746,4.230415099859238,11.180542423750422,36.08152641904839,0.0892836839475486,0.0378117564180861,0.352790149398509,0.0141903958279074,0.1546793782326504,0.5168924895061159,121.58272735931327,0.1596069693652259,0.1540889614552982,0.07590843802467517,0.39160833736266976,0.21878729379213105
qwswm_lora_r32_lr2e5_s43,qwswm,43.0,qwswm_lora_r32_lr2e5,lora,0.0385,-1.4145392704914994,43.36,53.4,56.18,gsm8k,47.67,39.05,72.05,50.85,57.37,2.3777,0.5799,2e-05,,,32.0,False,False,True,,,,,,,,,1.953988003587468,1.9346918347336524,0.0192961688538155,14.00934080015318,2.378506183624268,0.5802309502980538,3.5636781495192733,14.238571452342498,0.1255728145282449,0.1067983228028838,0.0877841414677211,0.0557153552518601,0.0811100216685847,0.5222946725839082,56.07739511956288,0.11667232847160075,0.02053117119680957,0.01347500712302346,0.6350993632173819,0.21422212999118426
frm_lorawd_wd0p2_lr7e4_c256_s43,frm,43.0,frm_lorawd_wd0p2_lr7e4_c256,lorawd,1.2229,0.0873909449971878,5.32,21.01,55.04,math_faithful,4.41,6.23,24.51,26.45,43.43,169.4476,17.8312,0.0007,0.2,,,False,False,True,,,,,,,,,3.277396955395717,1.810069211692996,1.4673277437027217,658.0186880792712,169.46458435058594,17.832004569470882,13.971588769513769,33.00881211707975,0.0795100261878333,0.0482223263683191,0.1051428670723038,0.0490437546734076,0.086840781852519,0.7148215535516046,36.15729485097909,0.3134600506658914,0.31832325625139835,0.040801525227318294,0.19222708980192843,0.13518807805346367
frc_milora_lr7e4_c256_s43,frc,43.0,frc_milora_lr7e4_c256,milora,1.5291,0.1844358883083704,14.5,23.45,65.33,cs,21.7,7.31,22.97,30.2,35.08,259.3521,28.2971,0.0007,,,,False,False,True,63.61,73.45,75.08,56.66,71.59,64.52,49.91,67.8,3.279584293202586,1.810069211692996,1.4695150815095903,1298.359428941307,259.3455505371094,28.2996634721756,15.203610560991947,27.094296890056608,0.0770576958275837,0.0477911053648071,0.0679034421446713,0.0585710592533183,0.0699824200551389,0.4978072670612284,93.9110225419346,0.24015888324540194,0.2471411930713627,0.12343499765499963,0.23055771820974602,0.15870720781848974
lrsw_lora_null_r16_lr5e5_s43,lrsw,43.0,lrsw_lora_null_r16_lr5e5,lora_null,0.1957,-0.7084091743419988,26.57,36.64,43.28,cs,34.17,18.97,46.65,47.61,35.79,4.6148,2.1941,5e-05,,,16.0,False,False,True,61.56,58.76,47.75,46.32,31.81,34.81,24.06,41.2,1.8927173210487716,1.810069211692996,0.0826481093557756,57.8497158423649,4.617332458496094,2.1946347910910844,4.8157246338247175,16.13247622691932,0.2382758280215199,0.0315257323874648,0.150576880194655,0.078024149312175,0.1607556059102866,0.5533220559955104,126.23592006166739,0.1750839417657919,0.17240569730959576,0.08249915924402434,0.3540630347790225,0.21594816690156546
frc_sclora_lr1e3_c256_s43,frc,43.0,frc_sclora_lr1e3_c256,sclora,9.3854,0.9724527867166444,1.06,18.8,36.48,cs,2.13,0.0,22.97,21.33,47.55,777.9695,95.1698,0.001,,,,True,False,True,62.14,51.14,33.73,24.71,46.96,23.74,26.02,23.4,10.556099919420152,1.8520239240816387,8.704075995338513,3738.789543217429,778.0382690429688,95.1752741277218,11.862919624625215,25.19456985375197,0.1003693431385506,0.0476389535678585,0.1422073253629076,0.0459488006417616,0.1203604149038275,0.49488268895719345,50.26486514220494,0.2632990702718114,0.24605482600224277,0.07034393583908859,0.3122343444342944,0.10806782345256291
lrsw_dora_r16_lr5e5_s42,lrsw,42.0,lrsw_dora_r16_lr5e5,dora,0.2487,-0.604324214730064,27.3,36.58,44.19,cs,34.5,20.1,46.94,46.08,35.27,10.1937,4.0047,5e-05,,,16.0,False,False,True,54.86,57.34,36.49,42.55,74.27,32.7,26.54,28.8,2.081411960403854,1.8520239240816387,0.2293880363222151,69.7472338160942,10.21396255493164,4.007632119208575,1.7258138890402075,4.022677505648943,0.069523216301678,0.0505540848795893,0.1053843071110387,0.056727673399921,0.0755360122977507,0.549421314330361,94.61748226197388,0.097567219878948,0.11344711422265549,0.08436708990209194,0.4882737102445054,0.21634486575179906
frc_lora_null_lr1e4_c256_s45,frc,45.0,frc_lora_null_lr1e4_c256,lora_null,0.3141,-0.5029320636014952,25.76,34.12,77.15,cs,34.45,17.07,45.51,38.4,35.18,13.8215,5.8925,0.0001,,,,False,False,True,71.47,83.62,78.71,69.41,83.03,83.46,71.08,76.4,2.088098316732558,1.810069211692996,0.2780291050395622,218.1075771543264,13.823171615600586,5.893907633423805,8.766375726122085,30.57834667606056,0.1211995370085124,0.0407485793896143,0.1333492658172038,0.0695699569520868,0.1090139890970496,0.5495370187928534,120.16451649417255,0.15280746297742637,0.1558124728159342,0.08130943033033101,0.39176223819119327,0.2183083956851152
qwswm_milora_r32_lr1e4_s44,qwswm,44.0,qwswm_milora_r32_lr1e4,milora,0.0983,-1.0074464821678644,44.55,53.32,57.85,gsm8k,47.24,41.86,71.66,50.0,55.82,4.7224,1.2942,0.0001,,,32.0,False,False,True,,,,,,,,,2.114939472367029,1.9346918347336524,0.1802476376333768,48.07918594502391,4.728550434112549,1.2944573889885629,10.674068345218725,32.354442133389384,0.0515082589371853,0.4603968714952831,0.054643978229953,0.3194481495144879,0.041456770866229,0.5338102216734538,69.73583851472878,0.07667826521558582,0.021034854991318266,0.0390713421978612,0.4298183824760558,0.43339715511917887
qwsw_dora_r16_lr2e4_s42,qwsw,42.0,qwsw_dora_r16_lr2e4,dora,0.2643,-0.5779028368682897,36.98,45.8,86.91,cs,43.11,30.85,68.26,40.78,46.01,24.0493,8.2628,0.0002,,,16.0,False,False,True,74.1,89.88,80.09,94.72,85.87,95.08,86.95,88.6,,,,251.4967358145634,24.07297134399414,8.270194935798646,4.829923292665884,11.648881724667602,0.1126613533505902,0.0923308149529699,0.0702085817103925,0.0464844987005195,0.0704808740591583,0.531881134753988,65.98429267225269,0.10237201078023819,0.012208662211867472,0.009718502803814656,0.4992719709401778,0.37642885326390213
qwswm_milora_r32_lr5e5_s42,qwswm,42.0,qwswm_milora_r32_lr5e5,milora,0.0692,-1.1598939055432422,44.24,53.25,53.6,gsm8k,46.94,41.53,71.8,49.4,56.58,2.6504,0.7249,5e-05,,,32.0,False,False,True,,,,,,,,,,,,25.435842766358054,2.6510767936706543,0.724954595629658,9.426833976056416,31.496821380490385,0.0410220307298614,0.5317568341582656,0.0566778572446109,0.3505697490170756,0.0327448195082632,0.5315743712567477,67.41568434659798,0.05423641106065858,0.02074714392117855,0.04454536822270983,0.42095746142362134,0.4595136153718317
qwswm_clora_k1024_lr5e4_s43,qwswm,43.0,qwswm_clora_k1024_lr5e4,clora,0.1841,-0.7349462114959853,42.08,52.61,67.63,gsm8k,43.74,40.43,69.71,52.47,56.7,16.5079,3.5818,0.0005,,1024.0,,False,False,True,,,,,,,,,2.124017350671135,1.9346918347336524,0.1893255159374827,232.30607620238905,16.50698471069336,3.582540178959451,17.830777281005968,29.218818326207757,0.0480055378434601,0.0454639292821897,0.0527956999263036,0.0460619308716983,0.0415042048918288,0.558686661188743,57.362549235839616,0.06141705961632484,4.675516085623708e-10,1.098475047714617e-09,0.5406125100321963,0.3979704287854523
qwswm_clora_k1024_lr1e3_s42,qwswm,42.0,qwswm_clora_k1024_lr1e3,clora,0.4423,-0.3542830606303961,32.24,43.71,71.19,gsm8k,39.86,24.63,56.89,44.62,52.56,39.996,8.4642,0.001,,1024.0,,False,False,True,,,,,,,,,,,,559.2510779864559,39.98319625854492,8.465878698265755,19.051685026300227,29.53354480603518,0.0507033561409096,0.0439845302170167,0.0536223761695425,0.0454628285952612,0.043452019228543,0.5637729013766467,57.13972417846729,0.07090051672487431,2.2517146717990057e-10,9.994313177546172e-10,0.5322556475882688,0.39684383446225385
lrsw_clora_k1024_lr2e5_s44,lrsw,44.0,lrsw_clora_k1024_lr2e5,clora,0.1329,-0.8764750190572681,26.5,36.86,54.15,cs,34.0,19.0,45.73,47.87,37.69,4.0752,1.4224,2e-05,,1024.0,,False,False,True,67.71,57.89,76.71,28.1,71.03,40.28,35.67,55.8,1.8642190475103493,1.810069211692996,0.0541498358173537,28.899481466997575,4.081915378570557,1.423394412919879,2.199743125256423,7.80512340870091,0.0581301027191261,0.0484664271274594,0.0946213051304934,0.0633718033241044,0.0644332328885273,0.5465072042976574,66.25956080315723,0.07313142826957233,0.06726293193884544,0.06693792780462474,0.6505450272669162,0.1421226847200413
frm_lorawd_wd0_lr1e4_c256_s42,frm,42.0,frm_lorawd_wd0_lr1e4_c256,lorawd,0.4336,-0.3629107264696695,22.58,30.4,64.97,math_faithful,30.96,14.19,27.89,37.71,41.27,27.6267,9.6415,0.0001,0.0,,,False,False,True,,,,,,,,,2.366592084949489,1.8520239240816387,0.5145681608678507,337.4711363041713,27.63283920288086,9.642680996656418,8.059572423135094,33.186050476877625,0.0663721133099247,0.048481286481027,0.0723302353935582,0.0508783586483693,0.0647477990117706,0.5800628604213536,120.82518438211734,0.14568256230425825,0.1579146160808813,0.1012274095217659,0.3452731827966236,0.249902229296471
frc_lorawd_wd0_lr2e5_c256_s44,frc,44.0,frc_lorawd_wd0_lr2e5_c256,lorawd,0.2227,-0.6522797829659618,26.52,36.41,6.01,cs,33.41,19.62,46.57,45.99,36.45,5.4311,2.2828,2e-05,0.0,,,False,False,True,2.54,2.01,4.09,9.82,3.24,11.78,12.37,2.2,2.0812225223869985,1.810069211692996,0.2711533106940027,38.44010009528925,5.438711166381836,2.284599743783474,1.5176606611475374,3.834453579862051,0.0643061943802088,0.0488407466366117,0.1247277631262977,0.0614079284318353,0.0786593924160137,0.5616469731518711,78.97281159605576,0.08599428823498578,0.10825625315384911,0.09237003792135254,0.5726437590963054,0.14073566159350712
lrsw_lora_r16_lr1e3_s43,lrsw,43.0,lrsw_lora_r16_lr1e3,lora,1.4196,0.1521659906755552,17.53,24.82,66.9,cs,27.63,7.43,23.12,32.76,33.18,264.4646,32.0516,0.001,,,16.0,False,False,True,63.73,74.76,75.84,55.28,73.4,69.95,54.01,68.2,2.8883849691742944,1.810069211692996,1.0783157574812987,1264.4236913718664,264.46026611328125,32.04992364048958,9.950938710270298,14.934334437113666,0.0805092082202976,0.0459714327655552,0.0669799037400517,0.0524874052935274,0.0707324515843093,0.4820594419634095,80.06849510634778,0.2631061378793087,0.2787735951719097,0.14536933340163566,0.191315340217655,0.12143559332949097
frm_lorawd_wd0_lr5e4_c256_s42,frm,42.0,frm_lorawd_wd0_lr5e4_c256,lorawd,2.6809,0.4282806147071767,9.92,23.31,50.11,math_faithful,17.74,2.11,23.83,23.89,48.98,339.9277,37.0461,0.0005,0.0,,,False,False,True,,,,,,,,,6.919080294523591,1.8520239240816387,5.067056370441952,2375.5406400419683,339.91943359375,37.04601565003395,28.721366826715425,57.05047045352541,0.0829932960784086,0.0446120446364365,0.0824250602328683,0.0496182223672075,0.0815351149534599,0.575554717088516,83.8630256009811,0.16782209851998237,0.15723537214576952,0.15310239494055172,0.3380303252476119,0.18380980914608452
lrswm_lorawd_wd0p3_lr2e4_s43,lrswm,43.0,lrswm_lorawd_wd0p3_lr2e4,lorawd,0.2899,-0.5377517846450026,25.38,33.67,50.57,gsm8k,33.42,17.34,33.52,42.41,41.68,17.5447,6.503,0.0002,0.3,,,False,False,True,,,,,,,,,2.029886259612379,1.810069211692996,0.2198170479193832,179.1739118724779,17.56104278564453,6.505962316691876,4.65063941303373,15.630003378430924,0.0681769468516728,0.0503642303762369,0.0828628858893,0.0498015405273435,0.0684615588441411,0.5845574490444491,110.2529030957369,0.11991038902491698,0.13136173671758966,0.09220942441880584,0.37428461150024184,0.2822338383384457
lrswm_milora_r32_lr1e3_s43,lrswm,43.0,lrswm_milora_r32_lr1e3,milora,1.2863,0.1093422696379732,17.94,26.83,39.65,gsm8k,27.43,8.46,23.39,29.69,45.19,153.8453,24.1798,0.001,,,32.0,False,False,True,,,,,,,,,3.469605567174411,1.810069211692996,1.659536355481415,1097.2080490927808,153.843994140625,24.182852858304976,14.430285339205204,26.36265509713539,0.0705559815151673,0.0523867450784413,0.0708366232456952,0.0593215200773433,0.0675834407466961,0.567892357096949,118.13631035208869,0.17550546921686488,0.18223249618507362,0.11598698931511056,0.31754736375711823,0.20872768152583282
lrsw_dora_r16_lr3e4_s43,lrsw,43.0,lrsw_dora_r16_lr3e4,dora,0.6679,-0.1752885565352656,23.6,32.3,75.26,cs,31.04,16.17,41.8,38.82,33.67,58.9352,17.6423,0.0003,,,16.0,False,False,True,65.72,82.05,78.2,65.38,81.93,81.69,66.72,80.4,2.234876682794257,1.810069211692996,0.4248074711012617,477.7625408889151,58.93444442749024,17.654611659049987,4.664304919706625,11.383714820056538,0.0717068639243584,0.046088138978395,0.0746440201024865,0.0493883794564855,0.0686292009659573,0.5359320490534835,128.01984025597775,0.1563437759084611,0.18930232273800182,0.10106350552701705,0.31080850949812505,0.24248188632839507
frc_lorawdr16_wd0p3_lr5e4_c256_s42,frc,42.0,frc_lorawdr16_wd0p3_lr5e4_c256,lorawdr16,0.3339,-0.4763835809456292,26.27,,81.04,cs,33.42,19.12,,,,18.81,6.4851,0.0005,0.3,,,False,False,True,72.26,83.41,80.76,88.7,84.29,85.23,70.9,82.8,1.9835131709949383,1.8520239240816387,0.1314892469132997,217.99110275178597,18.80973625183105,6.4871976122260095,7.073062687887304,13.264441670965043,0.0721211837193783,0.0466712698850251,0.0858949386965063,0.0479951085894432,0.071826447551102,0.5521506490145123,115.71753541916834,0.11903349017962442,0.136135579069552,0.09954492646538265,0.3649012563768726,0.2803847479085684
lrsw_clora_k1024_lr5e4_s42,lrsw,42.0,lrsw_clora_k1024_lr5e4,clora,0.6429,-0.1918565742385088,21.88,30.1,78.36,cs,29.66,14.11,36.48,36.18,34.06,29.7669,12.745,0.0005,,1024.0,,False,False,True,70.46,83.41,79.53,86.95,82.32,80.77,64.85,78.6,2.4825185897565967,1.8520239240816387,0.6304946656749579,555.6676575275677,29.759523391723636,12.745835506916046,11.200065514201482,25.579202951387064,0.0582171907946434,0.0462291336964083,0.0612961153360158,0.0490628254074636,0.0563100059472933,0.5488354235251767,94.3815446872518,0.06713546979092636,0.06405587577352187,0.09139727489441496,0.44042692333822875,0.3369844562029082
lrsw_clora_k1024_lr1e4_s42,lrsw,42.0,lrsw_clora_k1024_lr1e4,clora,0.2152,-0.6671577330056484,26.71,36.03,11.72,cs,33.85,19.57,46.62,43.6,36.53,12.012,4.9413,0.0001,,1024.0,,False,False,True,29.02,1.25,0.97,23.74,14.52,9.39,7.68,7.2,1.99920823643025,1.8520239240816387,0.1471843123486111,131.6828024637286,12.024399757385254,4.942779733240604,3.721355514267932,13.527918213306876,0.0620690648708573,0.051883513363771,0.0731200958659932,0.0522992899736824,0.0601971685172731,0.5477243991013673,83.0013077717533,0.05393081200850274,0.04810890492598453,0.0676841688717775,0.4981900718126483,0.3320860423810871
frm_sclora_lr2e4_c256_s42,frm,42.0,frm_sclora_lr2e4_c256,sclora,1.3417,0.1276554197752069,12.66,23.6,55.8,math_faithful,19.94,5.38,24.16,28.67,39.87,158.0614,15.9996,0.0002,,,,False,False,True,,,,,,,,,3.886329264090461,1.8520239240816387,2.034305340008822,999.2408353987266,158.06056213378906,15.9994905769825,27.922936464478315,63.06799031456834,0.0866610604602797,0.0419387500503129,0.3013611329784196,0.0237293579055363,0.147504874002841,0.5133701039985159,116.92789027891662,0.21849216994837464,0.18511514771312557,0.08631594224070782,0.3539832509006564,0.1560934891971356
qwswm_clora_k1024_lr1e3_s44,qwswm,44.0,qwswm_clora_k1024_lr1e3,clora,0.4318,-0.364717362001788,31.48,42.35,69.37,gsm8k,39.99,22.96,55.89,41.13,51.79,28.6005,8.0843,0.001,,1024.0,,False,False,True,,,,,,,,,2.672542533224491,1.9346918347336524,0.7378506984908388,559.7253397896304,28.60699844360352,8.086065999849493,19.770578785324386,30.308179704653245,0.0500409477445274,0.0437497844555755,0.0536289504890973,0.045361481961554,0.0429136531990545,0.5635665688057511,57.0417843713032,0.07026082173087868,1.4011378277255262e-10,4.834232732004794e-10,0.5268581999350282,0.402880977710556
qwsw_dora_r16_lr5e4_s43,qwsw,43.0,qwsw_dora_r16_lr5e4,dora,0.5764,-0.2392760278580482,24.64,35.2,82.85,cs,29.21,20.07,57.35,29.1,40.29,81.932,15.4044,0.0005,,,16.0,False,False,True,72.14,86.02,78.92,83.31,83.35,90.91,80.72,87.4,3.012309618954639,1.9346918347336524,1.0776177842209864,616.7104874917419,82.006103515625,15.4072358412402,8.883075621825315,14.583589377571425,0.1152158871165813,0.0975690827680346,0.0640178162155851,0.0471261874892528,0.071856109817562,0.5057345485110181,71.83199041726783,0.17289674735794502,0.01647540084999676,0.009372831012539343,0.4710412307223617,0.33021379005715723
lrsw_lorawd_wd0p3_lr5e5_s43,lrsw,43.0,lrsw_lorawd_wd0p3_lr5e5,lorawd,0.2213,-0.6550185860727421,27.56,36.79,55.34,cs,35.05,20.07,47.42,45.14,36.27,10.8919,3.8192,5e-05,0.3,,,False,False,True,61.59,44.29,43.81,72.63,73.4,50.42,39.59,57.0,2.0670504098885054,1.810069211692996,0.2569811981955097,73.5419517066455,10.896163940429688,3.820699475705624,2.137822271273953,6.531062413392445,0.0710830319615676,0.0516754726894885,0.1029592973432352,0.0555772641759194,0.0751737818290341,0.550714506774213,94.80667516693985,0.09528448331376134,0.1037973842693862,0.09283478162618702,0.4827632358110826,0.22532011497958293
frm_lorawd_wd0p2_lr5e4_c512_s42,frm,42.0,frm_lorawd_wd0p2_lr5e4_c512,lorawd,0.5309,-0.274987274658843,22.12,31.31,66.57,math_faithful,29.92,14.31,30.1,37.63,44.59,58.4895,6.8154,0.0005,0.2,,,False,False,True,,,,,,,,,2.3297272813714764,1.8520239240816387,0.4777033572898377,372.5141545420233,58.48954772949219,6.815732823312283,22.140680965078477,50.06574573085689,0.0797554360085371,0.045372824262906,0.0900135731107698,0.0476679084411945,0.078651309408754,0.5554928805310312,105.13382267168427,0.14127558861359618,0.16685008463426393,0.10224244876082311,0.3459873575088137,0.243644520482503
frm_lorawd_wd0p3_lr3e4_c512_s42,frm,42.0,frm_lorawd_wd0p3_lr3e4_c512,lorawd,0.3154,-0.5011383110071159,25.54,35.14,67.48,math_faithful,33.7,17.37,39.97,40.96,43.7,32.4483,4.5247,0.0003,0.3,,,False,False,True,,,,,,,,,2.1017363510206875,1.8520239240816387,0.2497124269390487,218.69286480693472,32.4479866027832,4.525159027427435,16.904566146161663,43.19318724569694,0.0770257015663064,0.0472372009992065,0.0887241826548148,0.0483031478523081,0.0754229704046254,0.563290841839574,109.65657546573858,0.12800096185347457,0.15735582808647108,0.09214279106956852,0.3552527744100844,0.2672476445804014
frc_lorawd_wd0_lr7e4_c256_s44,frc,44.0,frc_lorawd_wd0_lr7e4_c256,lorawd,1.5076,0.1782861287775673,16.2,24.96,65.14,cs,24.39,8.0,22.86,32.08,37.48,232.2061,27.962,0.0007,0.0,,,False,False,True,64.68,73.29,73.95,58.45,70.88,64.39,48.72,66.8,3.1727518699624486,1.810069211692996,1.362682658269453,1288.6847740278342,232.20252990722656,27.964785832166672,15.141563561874875,27.899093013566016,0.078725517638695,0.0462487977654585,0.0689227838368305,0.0515197900731474,0.0709612931837575,0.5006535516770089,102.79520114735517,0.24048943320435845,0.25461445479355077,0.13071299403330536,0.2228951753407644,0.1512879426280211
frm_milora_lr2e4_c256_s44,frm,44.0,frm_milora_lr2e4_c256,milora,0.8169,-0.087831103940373,20.62,29.66,62.17,math_faithful,30.23,11.0,27.28,34.22,45.56,92.6102,15.5404,0.0002,,,,False,False,True,,,,,,,,,2.953684907842237,1.8520239240816387,1.1016609837605982,711.8264643167521,92.6080551147461,15.541167044639588,16.988062617055967,42.02547329073878,0.0648600077006064,0.062984690706531,0.0635279230136002,0.1179519778384304,0.0616488910991463,0.5656675951328678,119.97721581925285,0.16100184942462017,0.19211572458023563,0.09346791879335328,0.32266941231269136,0.23074509488909953
lrsw_milora_r32_lr2e5_s43,lrsw,43.0,lrsw_milora_r32_lr2e5,milora,0.1697,-0.7703181576823243,26.1,36.73,70.56,cs,33.87,18.34,46.27,47.95,37.2,2.9327,1.3198,2e-05,,,32.0,False,False,True,61.5,79.76,77.23,49.03,76.24,81.57,63.57,75.6,1.9096852629590315,1.8520239240816387,0.0576613388773927,23.437444358905324,2.936922073364258,1.3202441995963454,2.780153508209077,9.7112979890189,0.0528177859621011,0.2685737434104991,0.1225059557125254,0.230978908072825,0.071680979273197,0.5666335634619699,90.581317202551,0.0838448671496075,0.09728970486020741,0.12077453901323656,0.5013639914210551,0.19672689755589326
qwsw_sclora_r32_lr5e5_s44,qwsw,44.0,qwsw_sclora_r32_lr5e5,sclora,0.2012,-0.6963720236161103,39.08,46.51,87.45,cs,45.88,32.29,70.3,38.05,46.04,5.8166,1.8275,5e-05,,,32.0,False,False,True,74.8,90.04,80.45,94.08,85.16,95.88,88.4,90.8,2.092615507994016,1.9346918347336524,0.1579236732603637,85.67501295775554,5.8173909187316895,1.8277964179004944,12.13076372510756,37.13388810463329,0.102415390929427,0.1264011595450062,0.2473366685750446,0.0268449410054313,0.1302293792595869,0.5493292563506963,53.029020268266876,0.0654066838504928,0.014073298585586801,0.018141805270984288,0.6643322036513868,0.23804600864154957
frm_lorawd_wd0p5_lr2e4_c256_s42,frm,42.0,frm_lorawd_wd0p5_lr2e4_c256,lorawd,0.2028,-0.6929320493387017,25.56,34.04,65.81,math_faithful,33.16,17.96,33.75,43.26,42.08,16.2007,3.0751,0.0002,0.5,,,False,False,True,,,,,,,,,1.996389340606196,1.8520239240816387,0.1443654165245573,126.06454451322618,16.200641632080078,3.075452277064324,11.186305712972732,33.57958626341317,0.0774880277955289,0.0495208742399479,0.0947373363008931,0.048784280416798,0.0763848473351864,0.5700548922149192,108.799529091676,0.11742175834835221,0.14170765201633514,0.08951502379825275,0.3751105988178648,0.27624496701919504
lrswm_clora_k1024_lr1e3_s43,lrswm,43.0,lrswm_clora_k1024_lr1e3,clora,0.8612,-0.0648959788485504,19.49,27.46,43.21,gsm8k,27.74,11.25,24.07,31.14,43.12,28.6856,14.7231,0.001,,1024.0,,False,False,True,,,,,,,,,2.9424218257339474,1.810069211692996,1.1323526140409517,739.3989918801958,28.737945556640625,14.846487075090408,14.74962984773888,27.729038171261266,0.0598856484611123,0.0460135194074918,0.0629984810286937,0.0496933579892712,0.0579334206744121,0.584301620825697,88.33782676861034,0.06838892510349898,0.06427048524918683,0.09790340100474225,0.4569491328476857,0.31248805579488625
qwswm_lora_null_r16_lr1e4_s42,qwswm,42.0,qwswm_lora_null_r16_lr1e4,lora_null,0.0553,-1.2572748686953017,42.34,52.91,68.99,gsm8k,45.34,39.33,72.29,50.6,56.98,4.9803,1.2922,0.0001,,,16.0,False,False,True,,,,,,,,,,,,47.19371748261242,4.980499744415283,1.292487624287605,7.857235722590316,19.06214759823925,0.2007866186891156,0.0744471726546315,0.0899590847288458,0.1344616536364893,0.1107663746914376,0.5696042342657545,61.84102165598869,0.10228601215910439,0.022146986204079965,0.013901263847846065,0.5674555232012529,0.2942102145877165
qwsw_milora_r32_lr5e4_s42,qwsw,42.0,qwsw_milora_r32_lr5e4,milora,0.5616,-0.2505729008782511,14.3,31.31,83.47,cs,15.16,13.45,52.71,35.32,39.89,41.7975,11.7588,0.0005,,,32.0,False,False,True,71.53,85.75,79.43,92.27,83.35,88.68,79.52,87.2,,,,562.0357505821592,41.796531677246094,11.761401575803756,14.070771748332453,27.492540009749447,0.1013525762806374,0.1421563373446735,0.0608916642795255,0.08916632461831,0.0665506497829271,0.522722466289784,73.69438575349889,0.14872265952137567,0.015088276192551976,0.012729489073894509,0.4440124032821991,0.3794471719299786
lrsw_lora_r16_lr2e4_s44,lrsw,44.0,lrsw_lora_r16_lr2e4,lora,0.4414,-0.3551676711743637,25.7,34.0,79.9,cs,32.96,18.45,44.4,37.54,36.63,31.7228,13.0551,0.0002,,,16.0,False,False,True,71.13,83.51,79.38,90.7,82.4,83.88,68.6,79.6,2.0587598726902585,1.810069211692996,0.2486906609972627,308.74395805946256,31.75359916687012,13.059919235110282,3.439295443725791,9.417870662651683,0.0683374647208234,0.0473866551742911,0.0780774019580808,0.0493308223740685,0.0675537443488055,0.5438880893985472,122.96476569290398,0.13278777088076876,0.14385756239826153,0.09791958456492346,0.34986816518382435,0.2755669169722219
lrswm_sclora_r32_lr2e4_s43,lrswm,43.0,lrswm_sclora_r32_lr2e4,sclora,0.5543,-0.2562551214075387,19.87,29.67,58.0,math_faithful,29.6,10.14,26.76,37.2,44.66,13.8888,5.6875,0.0002,,,32.0,False,False,True,,,,,,,,,2.415818903752394,1.810069211692996,0.6057496920593983,259.5692157753432,13.89542293548584,5.687741686403752,13.180799576494264,35.93384146637608,0.1021904589793205,0.0388194560433156,0.4484473919458857,0.014950336705387,0.174765273795233,0.5330492868575859,127.48311109180459,0.1999370653906468,0.18785284502061655,0.07290210311896848,0.35315114802907666,0.18615683844069147
lrswm_milora_r32_lr2e4_s42,lrswm,42.0,lrswm_milora_r32_lr2e4,milora,0.3422,-0.4657199947949185,24.6,32.47,44.28,gsm8k,31.32,17.88,29.35,41.55,42.24,21.6909,8.5319,0.0002,,,32.0,False,False,True,,,,,,,,,2.2863726882047626,1.8520239240816387,0.4343487641231238,201.547443615814,21.691028594970703,8.53360315412283,4.553945283322551,13.979529025608254,0.0625321577891228,0.1284747540373683,0.0763982522283233,0.1278328861330003,0.0649529278286044,0.5871362205202736,121.47197237589687,0.14658132390532863,0.1711369352247995,0.10213271099845925,0.3360917740987822,0.24405725577263043
lrsw_lora_null_r16_lr3e4_s44,lrsw,44.0,lrsw_lora_null_r16_lr3e4,lora_null,0.4667,-0.3309621991148441,23.9,32.63,50.88,cs,33.45,14.36,41.51,40.19,33.62,25.7361,10.4829,0.0003,,,16.0,False,False,True,32.17,20.73,15.3,46.2,82.72,76.01,59.3,74.6,2.16071886104908,1.810069211692996,0.350649649356084,346.91712513822654,25.74469566345215,10.48693328499794,6.871918836655735,15.932022472933898,0.1438788360032291,0.0389141017133124,0.1043757384320395,0.059301306090529,0.1078424397127074,0.5454113275152577,129.08610346216884,0.15141320846606116,0.16394884278820004,0.08776398494249975,0.32373625105813897,0.2731377127451002
qwswm_sclora_r32_lr2e5_s44,qwswm,44.0,qwswm_sclora_r32_lr2e5,sclora,0.0552,-1.258060922270801,44.56,54.42,66.11,gsm8k,48.36,40.76,71.68,53.84,57.46,1.8087,0.47,2e-05,,,32.0,False,False,True,,,,,,,,,1.979880501338132,1.9346918347336524,0.0451886666044794,21.166089713488464,1.809341549873352,0.4700351931686912,12.38282280463766,35.25901915988249,0.1507354348784167,0.1039767762146332,0.4110987358349732,0.0238829502197025,0.1721738173706406,0.5183173911127106,53.47381686782811,0.10179680830825694,0.022625724647633714,0.020809242250155888,0.6785975591465403,0.17617066564741335
lrsw_milora_r32_lr5e4_s44,lrsw,44.0,lrsw_milora_r32_lr5e4,milora,0.8658,-0.0625824185228621,21.0,29.86,77.67,cs,29.69,12.3,32.44,39.59,35.26,101.5895,20.6686,0.0005,,,32.0,False,False,True,69.69,80.96,78.97,85.86,80.98,79.04,65.44,80.4,2.535882304374965,1.810069211692996,0.7258130926819695,700.6801662846502,101.58879852294922,20.670315116643906,8.929878108816887,20.834239439329348,0.0697226843947924,0.061298167394027,0.0676419334824392,0.0682004369405173,0.0647482683088559,0.5248977706550972,129.97827817809974,0.1912086017062774,0.21337514820897002,0.09827959655318365,0.2794640612987278,0.21767259223284102
lrswm_clora_k1024_lr1e3_s42,lrswm,42.0,lrswm_clora_k1024_lr1e3,clora,0.8462,-0.0725269790047241,19.13,27.17,42.46,gsm8k,28.14,10.12,23.86,31.06,42.68,28.1474,14.5841,0.001,,1024.0,,False,False,True,,,,,,,,,2.976959054604722,1.8520239240816387,1.1249351305230832,741.8174701717473,28.19353675842285,14.587241527438165,15.488632848217648,27.894541400352427,0.0600450191825431,0.046098876259143,0.0628588425453965,0.0495065666879048,0.0579045460467128,0.5861504775948011,87.92555056230042,0.06759536318167017,0.06387827089633097,0.09630712414933883,0.4479109177100103,0.3243083240626496
lrswm_milora_r32_lr1e4_s43,lrswm,43.0,lrswm_milora_r32_lr1e4,milora,0.2578,-0.5887170869826158,25.84,33.51,42.08,gsm8k,33.36,18.31,27.85,45.65,42.38,9.3055,4.7957,0.0001,,,32.0,False,False,True,,,,,,,,,2.013982161436957,1.810069211692996,0.2039129497439613,102.0539718522667,9.337908744812012,4.796983274817467,3.8209193613254953,12.34153749209356,0.0593434294401528,0.1899097825798365,0.0847894097311727,0.1595809407284988,0.0655662720144764,0.5874499602782611,115.06269664370971,0.12421587702517978,0.14214902139082453,0.10811393019890655,0.3660697781380823,0.25945139324700695
qwsw_milora_r32_lr15e5_s42,qwsw,42.0,qwsw_milora_r32_lr15e5,milora,0.2342,-0.6304131092636557,37.64,46.51,87.33,cs,44.26,31.02,68.41,40.53,48.32,12.119,4.3118,0.00015,,,32.0,False,False,True,73.98,89.39,80.35,94.84,85.56,94.95,88.74,90.8,2.3295915029969594,1.9346918347336524,0.394899668263307,156.79947269585637,12.122509956359863,4.312308499217034,8.933659148301475,25.192635228673463,0.0711041182073755,0.3111558670152912,0.0616553997922393,0.194978734969886,0.0557495388856624,0.5432721978553917,69.9294186242216,0.10798061821181588,0.014170623676729137,0.02190890077464359,0.42345949181781695,0.4324803655189945
qwswm_sclora_r32_lr3e4_s42,qwswm,42.0,qwswm_sclora_r32_lr3e4,sclora,0.3781,-0.4223933226374644,30.12,45.26,66.49,gsm8k,38.18,22.05,63.86,45.31,56.91,14.4436,4.53,0.0003,,,32.0,False,False,True,,,,,,,,,,,,252.26597083836143,14.458785057067873,4.530945601207869,16.45967210562045,40.27168844582554,0.1567716615928099,0.0985787800146659,0.2821246028983522,0.0309647986141317,0.1566487147616426,0.5357344344523183,63.88803707034584,0.11325307073528719,0.021366718999325154,0.01678158217600503,0.5783481198751315,0.2702505082142511
frc_lora_null_lr1e4_c256_s43,frc,43.0,frc_lora_null_lr1e4_c256,lora_null,0.3151,-0.5015515968260004,24.39,33.99,74.89,cs,32.99,15.79,46.09,40.1,34.97,13.7126,5.9282,0.0001,,,,False,False,True,51.9,84.66,75.59,83.74,81.85,79.0,63.14,79.2,2.077451387400753,1.810069211692996,0.2673821757077574,217.9553545812934,13.717183113098145,5.929455570876598,8.734209478528015,30.53514835433689,0.1211958699543796,0.0406929592331242,0.1334961047483671,0.0697250810594835,0.1090877879866911,0.548521985349814,120.4136462607705,0.15330508165597811,0.1555314023325059,0.08162505943546353,0.39169132466548634,0.217847131910566
frm_lorawd_wd0p2_lr1e4_c256_s42,frm,42.0,frm_lorawd_wd0p2_lr1e4_c256,lorawd,0.2849,-0.5453075507605232,24.8,32.56,67.4,math_faithful,32.53,17.06,31.16,41.47,40.59,16.6524,5.516,0.0001,0.2,,,False,False,True,,,,,,,,,2.134522288185228,1.8520239240816387,0.282498364103589,186.9409574311896,16.659975051879883,5.5168408274650576,7.479223501028457,29.573989524704206,0.0700465543966422,0.0499608709724111,0.0812683468223408,0.0501524238866042,0.0691087426326622,0.5781514767406115,116.17150515092968,0.13183595199752984,0.1455645323801309,0.09611776225791692,0.35475609875531017,0.27172565460911213
qwswm_lora_r32_lr1e3_s43,qwswm,43.0,qwswm_lora_r32_lr1e3,lora,0.9379,-0.0278434641405063,6.54,24.51,40.11,gsm8k,13.07,0.02,31.31,32.08,46.08,85.9007,18.7175,0.001,,,32.0,False,False,True,,,,,,,,,3.907269615905197,1.9346918347336524,1.9725777811715448,1056.6599474995464,85.89921569824219,18.72077817746571,17.592493424443674,30.092624639516508,0.1143636725850363,0.088375415445898,0.066864892469546,0.0489021159082111,0.0742225381587256,0.5109071688498775,67.0244035737392,0.21313938001555963,0.010553766426327642,0.009115002278321578,0.4546232704554439,0.3125685808243473
frm_lorawd_wd0_lr5e4_c256_s43,frm,43.0,frm_lorawd_wd0_lr5e4_c256,lorawd,2.6891,0.4296069527032835,8.56,23.09,50.64,math_faithful,16.02,1.1,24.14,25.43,48.76,339.1608,37.0325,0.0005,0.0,,,False,False,True,,,,,,,,,6.371144885334673,1.810069211692996,4.561075673641677,2389.6346289582043,339.1485290527344,37.032263696193695,28.932531668646757,57.048797256718814,0.08329366120125,0.0446798072838072,0.0821998396282987,0.0494138039382263,0.0813597742647726,0.5771978544371319,82.40715842467874,0.16679700259363084,0.1600598307658214,0.15151698939320934,0.3362166033101435,0.18540957393719482
lrswm_lorawd_wd0p3_lr5e4_s44,lrswm,44.0,lrswm_lorawd_wd0p3_lr5e4,lorawd,0.421,-0.3757179041643317,23.94,33.07,49.36,gsm8k,31.01,16.86,36.85,39.42,41.22,24.2325,7.2651,0.0005,0.3,,,False,False,True,,,,,,,,,2.161003124145504,1.810069211692996,0.3509339124525079,287.035946455891,24.23212242126465,7.26554459631443,9.934261723756704,23.61790093522752,0.0706099237549135,0.0478900661467094,0.0805984333503019,0.049171484583181,0.0696606491482906,0.5909086875133528,112.36750355203833,0.13121852579191973,0.1448309183021143,0.09673855901777671,0.35294705980063257,0.2742649370875567
qwsw_lorawd_wd0p3_lr1e3_s44,qwsw,44.0,qwsw_lorawd_wd0p3_lr1e3,lorawd,14.3334,1.156349220829561,0.0,19.43,0.01,cs,0.0,0.0,22.95,24.91,49.31,513.4485,42.1998,0.001,0.3,,,True,False,True,0.0,0.0,0.05,0.0,0.0,0.0,0.0,0.0,10.402909851792856,1.9346918347336524,8.468218017059204,875.0852965049063,515.01806640625,42.25529603106635,1.1000566074241758,1.3299674218834998,0.1663633627372724,0.1863403291975925,0.0932391295873359,0.0556604268318479,0.0990272454681637,0.7967675818072358,7.15214689170823,0.09888305406181476,0.029172545155095386,0.18509048689393104,0.5346204883397575,0.15223342554940164
frm_lorawd_wd0p1_lr3e4_c256_s43,frm,43.0,frm_lorawd_wd0p1_lr3e4_c256,lorawd,0.679,-0.1681302257194983,21.26,29.9,62.24,math_faithful,30.07,12.46,27.94,34.81,44.21,79.9342,9.8196,0.0003,0.1,,,False,False,True,,,,,,,,,2.484218145959481,1.810069211692996,0.6741489342664855,513.3145350509444,79.93582916259766,9.82020263671875,20.4198700590604,49.206029523262174,0.0741141556049131,0.0462752446126366,0.0776248632134798,0.0494847343152923,0.071407021145666,0.5574560481139981,114.9392434868666,0.15917918918785784,0.1871885835877588,0.10593717866309654,0.31374927262186436,0.23394577593942248
qwswm_lorawd_wd0p3_lr2e4_s44,qwswm,44.0,qwswm_lorawd_wd0p3_lr2e4,lorawd,0.0937,-1.0282604091122218,44.92,54.34,67.48,gsm8k,47.73,42.1,71.87,54.18,55.8,8.3138,2.1704,0.0002,0.3,,,False,False,True,,,,,,,,,2.0046883399583058,1.9346918347336524,0.0699965052246534,78.04768158434138,8.319854736328125,2.171027133294514,8.106770870222075,22.05699210668175,0.1212134322437909,0.1018255072119091,0.0738940765628897,0.0475762375615309,0.0767514726371556,0.5119791680965089,69.6209669956494,0.12185940867217152,0.018410445372692454,0.01191696048438251,0.46178776767407337,0.38602541779668037
qwsw_lora_r16_lr2e4_s44,qwsw,44.0,qwsw_lora_r16_lr2e4,lora,0.2663,-0.5746288335610588,39.33,47.59,74.7,cs,45.25,33.4,67.95,44.54,46.79,22.6293,8.1661,0.0002,,,16.0,False,False,True,73.88,62.79,77.43,94.49,85.16,62.71,56.74,84.4,2.2205735362094305,1.9346918347336524,0.2858817014757782,249.9121516297313,22.66496086120605,8.173479503393173,4.851452363377034,11.688468272182538,0.1129684806928657,0.0914044354475513,0.0701605483042176,0.0461793198090801,0.0702064452663289,0.5342664486267565,65.84233722073192,0.09918020132911497,0.011973692717691099,0.00988633892680255,0.4968903956799751,0.3820693713464165
lrsw_lorawd_wd0p3_lr5e5_s42,lrsw,42.0,lrsw_lorawd_wd0p3_lr5e5,lorawd,0.2186,-0.660349842386316,27.8,36.9,45.39,cs,35.16,20.44,48.03,46.59,34.3,11.2165,3.7897,5e-05,0.3,,,False,False,True,30.15,51.96,37.72,56.53,79.95,41.5,32.34,33.0,2.102396154524014,1.8520239240816387,0.2503722304423759,73.48565442425907,11.235029220581056,3.7916760206222535,2.1744180871802747,6.635515780120314,0.0708399541920438,0.0515780955186971,0.1034244957546364,0.0558886004631591,0.0751733287225391,0.5442607427662797,94.18081296795762,0.09555307175235883,0.1036934275650689,0.08984048610387305,0.48573118638506996,0.2251818281936292
frc_lorawd_wd0_lr3e4_c256_s45,frc,45.0,frc_lorawd_wd0_lr3e4_c256,lorawd,0.7284,-0.1376300628771175,21.91,28.7,78.37,cs,29.3,14.52,29.87,36.09,33.71,62.2726,17.5817,0.0003,0.0,,,False,False,True,70.76,82.26,79.22,86.38,80.74,81.86,67.32,78.4,2.412833142318176,1.810069211692996,0.6027639306251802,593.1761822111175,62.27092742919922,17.583231124281884,7.55659702081081,21.554579355656045,0.0696879822662723,0.0462594232672875,0.0709745964789095,0.0497721703453968,0.0662208819974941,0.5392784058064446,133.32706539133858,0.16670290066068433,0.1899255544859176,0.10455086269445626,0.3035051923336164,0.2353154898253255
qwsw_lora_null_r16_lr2e4_s42,qwsw,42.0,qwsw_lora_null_r16_lr2e4,lora_null,0.2171,-0.66334017654558,38.43,48.27,87.17,cs,43.8,33.06,69.84,46.42,48.24,12.4767,4.7943,0.0002,,,16.0,False,False,True,73.85,90.1,79.73,94.91,85.4,95.54,87.46,90.4,,,,190.9776026435408,12.484702110290527,4.795022977249963,8.088968831908744,17.005242916404047,0.1661764286416363,0.0694055630455117,0.0699220354556199,0.054868010703505,0.0899459975333936,0.5568139171666918,62.20166248250212,0.08696662700734689,0.014394707903526555,0.011227786642928428,0.5443821468752996,0.3430287315708985
frc_lorawd_wd0p5_lr2e4_c256_s44,frc,44.0,frc_lorawd_wd0p5_lr2e4_c256,lorawd,0.2371,-0.6250684460218119,27.36,35.9,58.63,cs,34.82,19.91,46.57,42.49,35.72,12.8787,4.9134,0.0002,0.5,,,False,False,True,65.66,68.55,44.47,56.57,79.87,62.37,50.34,41.2,1.9186971589759991,1.810069211692996,0.1086279472830034,138.06778966105148,12.884090423583984,4.916191975772381,4.795076168388112,14.52866283895344,0.0722977510085004,0.0496400164900925,0.0933013925691676,0.0491037402941921,0.0735187499774641,0.5442289590670355,111.57492029567152,0.11114975559885437,0.12169203381664129,0.0929930036574643,0.38765411727672444,0.2865110896503155
frc_lorawd_wd0p3_lr5e4_c256_s44,frc,44.0,frc_lorawd_wd0p3_lr5e4_c256,lorawd,0.4168,-0.3800722897085319,26.26,32.18,81.69,cs,32.42,20.09,40.12,37.63,30.62,37.7714,6.8076,0.0005,0.3,,,False,False,True,72.69,84.0,80.91,90.5,84.77,86.2,71.67,82.8,2.0181400790146014,1.810069211692996,0.2080708673216056,267.5653649866989,37.7711296081543,6.808094592392445,10.504328056620729,23.692023158168045,0.0764433418125887,0.0463081821532543,0.0838496003572234,0.0478002405136219,0.0733600590004405,0.53863504843945,115.39961088303046,0.14098090259954849,0.1610405712466093,0.09920874966630117,0.33850000379157663,0.2602697726959645
lrsw_dora_r16_lr2e4_s43,lrsw,43.0,lrsw_dora_r16_lr2e4,dora,0.4361,-0.3604139133265736,25.5,33.23,80.24,cs,33.34,17.65,40.57,40.36,34.21,31.7912,13.0434,0.0002,,,16.0,False,False,True,71.96,83.35,80.04,89.66,82.72,83.54,69.45,81.2,2.1185684785158583,1.8520239240816387,0.2665445544342195,309.84666380403934,31.8277587890625,13.049235901236534,3.489397836545857,9.432800459035771,0.0682901248611555,0.0472611668236212,0.0781267604646967,0.0491389272781068,0.0676108858497264,0.5439037628769487,123.0548178335579,0.1329776642329148,0.14641697604249457,0.09721243151374359,0.3485828520903824,0.2748100761204645
frc_lorawd_wd0p1_lr7e4_c256_s43,frc,43.0,frc_lorawd_wd0p1_lr7e4_c256,lorawd,0.8504,-0.0703767484847596,21.94,28.01,75.57,cs,29.93,13.95,26.73,34.3,35.12,91.3275,14.095,0.0007,0.1,,,False,False,True,68.75,81.66,79.73,69.8,80.66,80.51,63.65,79.8,2.4341822635820534,1.810069211692996,0.6241130518890576,642.3683611423712,91.32572174072266,14.096971482038498,14.91181885589098,27.78857476558785,0.0761879399183076,0.0457433962183123,0.0744212029270885,0.0494670612546637,0.0715849328879224,0.5278310832244159,124.15280556516875,0.1872549187645883,0.21251744628269348,0.12407232365152496,0.2715389392615431,0.2046163720396501
qwsw_sclora_r32_lr1e3_s42,qwsw,42.0,qwsw_sclora_r32_lr1e3,sclora,2.6995,0.4312833318072613,2.23,19.99,38.81,cs,4.44,0.02,23.66,26.02,45.8,140.3092,32.5707,0.001,,,32.0,True,False,True,62.17,50.11,47.85,16.57,52.41,25.08,22.27,34.0,,,,1507.546334853978,140.30703735351562,32.57483818190438,13.03533626195042,29.74098828408758,0.1563662190676,0.0946867423642716,0.1332723421106683,0.0477207179011855,0.1288792180193971,0.48770036891442026,74.52489450795413,0.30023536924026095,0.02166679638157235,0.00938245307432429,0.43452972206869056,0.23418565923515186
lrsw_lora_null_r16_lr2e5_s43,lrsw,43.0,lrsw_lora_null_r16_lr2e5,lora_null,0.1381,-0.8598063214213687,26.04,36.36,70.5,cs,33.57,18.5,44.33,46.76,38.62,2.5297,1.1116,2e-05,,,16.0,False,False,True,62.29,74.76,75.54,62.17,72.53,81.36,63.74,71.6,1.87625604838791,1.810069211692996,0.0661868366949143,27.807778543570414,2.5313284397125244,1.1118980664759874,4.3478859720561385,15.311380101143106,0.2488490301188701,0.0313845823111999,0.1633712799589786,0.0796276507123611,0.1749651551552325,0.5575279772006979,124.76939419931675,0.18343605416497535,0.18134328943155237,0.09442759867266463,0.3551992689560248,0.18559378877478278
lrswm_milora_r32_lr5e4_s42,lrswm,42.0,lrswm_milora_r32_lr5e4,milora,0.6523,-0.1855526214775123,22.42,30.24,47.54,gsm8k,31.27,13.56,29.14,34.98,42.25,64.4075,16.2702,0.0005,,,32.0,False,False,True,,,,,,,,,2.5920985493113826,1.8520239240816387,0.7400746252297439,527.4784840334349,64.40666961669922,16.27110200226307,7.979710186197146,19.526077989600083,0.0650802687477822,0.0736153570601459,0.0685986160269425,0.082777478410466,0.0631183506631545,0.5820592370013598,121.67121745064456,0.16614171672742967,0.18149190529462625,0.09323881196918814,0.31808761219233717,0.2410399538164189
lrswm_lorawd_wd0p3_lr2e4_s42,lrswm,42.0,lrswm_lorawd_wd0p3_lr2e4,lorawd,0.2882,-0.5403060235220295,25.53,33.21,48.98,gsm8k,33.37,17.7,28.6,42.83,43.53,17.3409,6.3121,0.0002,0.3,,,False,False,True,,,,,,,,,2.079093066596293,1.8520239240816387,0.2270691425146545,179.77524193208524,17.34383201599121,6.315128889679909,4.940415817515192,16.06807424164007,0.0686335404859564,0.0505281484187477,0.0822221173650338,0.0496837688757476,0.0682276590418499,0.5891007194070329,106.67404966554552,0.1167384091753007,0.12701297852966317,0.08867212907301171,0.3728868521744056,0.2946896310476189
lrswm_clora_k1024_lr5e4_s43,lrswm,43.0,lrswm_clora_k1024_lr5e4,clora,0.5001,-0.3009431454523322,21.85,30.52,45.49,gsm8k,29.9,13.8,27.7,38.91,42.28,20.458,9.5498,0.0005,,1024.0,,False,False,True,,,,,,,,,2.430127493027345,1.810069211692996,0.6200582813343491,423.89758661279416,20.46536445617676,9.550436662137509,10.392577014400011,25.12423830055186,0.0576079864479589,0.04727145601939,0.0617999301096961,0.0494693596081788,0.0553932372535146,0.5786701791516909,78.86746192501022,0.04845239834491812,0.04539196170989397,0.07126811409647832,0.4715145209303909,0.36337300491831875
lrswm_lora_r16_lr5e4_s43,lrswm,43.0,lrswm_lora_r16_lr5e4,lora,0.7682,-0.1145256971708426,20.98,29.23,46.55,gsm8k,29.14,12.82,27.28,34.9,42.01,48.8576,18.6396,0.0005,,,16.0,False,False,True,,,,,,,,,2.4995272521364487,1.810069211692996,0.6894580404434529,601.3785445512522,48.85697555541992,18.649400174617767,6.4311960983402665,13.240262071977352,0.0656622268114633,0.0464603265230666,0.0710812616666612,0.0502363536296123,0.0642419078828731,0.5876373408260634,123.90265915565281,0.15694935282731365,0.176576152922858,0.10670080126985079,0.3307273630610049,0.22904632991897275
qwsw_clora_k1024_lr2e5_s42,qwsw,42.0,qwsw_clora_k1024_lr2e5,clora,0.0846,-1.0726296369609765,37.44,50.59,81.08,cs,46.17,28.72,71.56,56.31,50.2,4.156,1.0533,2e-05,,1024.0,,False,False,True,62.32,89.12,79.12,83.61,83.5,86.07,79.27,85.6,,,,25.59512568265749,4.156968593597412,1.054103871635146,2.1335174148058638,7.261837403731004,0.0527909294440672,0.0390645545357199,0.0871883623540033,0.0595755778859501,0.051988879356181,0.5695392376092361,40.37451989016167,0.06342520858182403,4.903238719465576e-09,7.247754285886547e-09,0.7645989317128327,0.17197584755435041
lrsw_milora_r32_lr2e4_s42,lrsw,42.0,lrsw_milora_r32_lr2e4,milora,0.3976,-0.4005536242747243,25.84,34.26,75.12,cs,33.42,18.27,45.85,39.25,34.51,30.3015,11.5625,0.0002,,,32.0,False,False,True,70.52,82.21,61.51,80.72,80.82,80.09,66.89,78.2,2.120847216144792,1.8520239240816387,0.268823292063153,270.91584557283807,30.301494598388672,11.565177115797995,4.600287361948842,13.622630353114069,0.0661965683371495,0.1073460390709343,0.0783539941623543,0.1055660842289923,0.067479703125824,0.5432538751031469,133.17334170884206,0.16204992094989573,0.18321083399013566,0.10030317752726096,0.3152450334050563,0.23919103412765141
lrsw_clora_k1024_lr2e5_s42,lrsw,42.0,lrsw_clora_k1024_lr2e5,clora,0.1347,-0.8706324042770144,26.38,36.54,50.43,cs,33.65,19.11,46.21,46.16,37.57,4.1109,1.4362,2e-05,,1024.0,,False,False,True,62.26,76.61,77.64,26.13,39.94,36.32,24.15,60.4,1.904461875668228,1.8520239240816387,0.0524379515865893,29.147859486935115,4.11720609664917,1.4374497406184674,2.1974242492602545,7.718178689237049,0.0577934734276984,0.0485634000240652,0.0956367120390321,0.063297554532188,0.0644985989933367,0.5450444326615018,65.769369100854,0.07211086284318113,0.06667444844605916,0.06619462328791134,0.6558302231644616,0.13918984225838688
qwsw_milora_r32_lr3e4_s44,qwsw,44.0,qwsw_milora_r32_lr3e4,milora,0.3854,-0.4140882896805658,34.5,42.96,86.43,cs,40.02,28.98,63.68,38.91,43.19,23.9255,8.1585,0.0003,,,32.0,False,False,True,74.13,88.57,80.45,94.24,85.56,93.94,84.73,89.8,2.574999754017056,1.9346918347336524,0.6403079192834036,339.9852482152764,23.925193786621094,8.15918550321034,11.123700395437217,25.873222993025934,0.0881574950390187,0.2002886657787207,0.0620597218500662,0.1259378330660409,0.062331746930163,0.5311690493165006,71.53288917370499,0.12210508486935191,0.014310630412712716,0.01561959233122635,0.43137584180279104,0.41658885058391804
qwsw_milora_r32_lr3e4_s45,qwsw,45.0,qwsw_milora_r32_lr3e4,milora,0.3686,-0.433444669116945,34.58,42.71,83.48,cs,40.56,28.61,63.37,36.95,44.04,20.5731,7.9973,0.0003,,,32.0,False,False,True,73.03,87.21,80.09,89.64,83.74,88.72,81.4,84.0,2.587157291296137,1.9346918347336524,0.6524654565624846,338.6107263736069,20.572851181030277,7.998636760030474,11.15068148144553,26.01987967066228,0.0887180580472464,0.2010613638288026,0.0601483481339222,0.1264715204406571,0.061609909978448,0.5351473029032334,71.31456172514326,0.12381717966817725,0.01441673691643894,0.015789979323634806,0.43262811083978614,0.4133479932519629
frc_lorawd_wd0p2_lr3e4_c256_s45,frc,45.0,frc_lorawd_wd0p2_lr3e4_c256,lorawd,0.4284,-0.368150537840182,25.6,32.28,73.73,cs,32.62,18.58,36.42,39.33,34.47,24.4184,9.0334,0.0003,0.2,,,False,False,True,62.2,83.08,71.55,85.81,84.21,70.33,56.83,75.8,2.075345191493657,1.810069211692996,0.2652759798006612,305.0059616649948,24.41937255859375,9.03498727530241,7.332049808422929,20.446508172240588,0.071129935139327,0.0470482960534286,0.0795368402561626,0.0484413160116656,0.0694164098009164,0.5474077524177711,123.68851126735284,0.13565525884377574,0.15456749033745038,0.09878266336991517,0.33851357490126,0.27248101254759877
frc_lorawd_wd0p5_lr1e4_c256_s42,frc,42.0,frc_lorawd_wd0p5_lr1e4_c256,lorawd,0.2079,-0.6821455106685308,27.74,36.38,53.0,cs,35.02,20.46,47.53,43.43,35.47,14.552,4.497,0.0001,0.5,,,False,False,True,27.61,22.25,72.67,76.56,81.77,48.23,39.51,55.4,1.9398331171272545,1.8520239240816387,0.0878091930456155,101.01600381819324,14.573447227478027,4.498260725289583,3.014345074605508,9.52455908839074,0.0725526942046515,0.0513642793584154,0.0974504565391948,0.0512486695786778,0.0741757358118154,0.5361005678226266,104.71639563717977,0.1047817485781734,0.10840545909629934,0.09151246886577773,0.42701175941423286,0.26828856404551676
lrsw_clora_k1024_lr1e3_s43,lrsw,43.0,lrsw_clora_k1024_lr1e3,clora,1.051,0.0216027160282421,16.15,23.98,71.76,cs,23.41,8.89,23.74,32.08,31.77,36.6273,18.081,0.001,,1024.0,,False,False,True,66.09,77.48,77.43,72.23,77.35,72.05,56.48,75.0,2.875256478303452,1.810069211692996,1.0651872666104565,872.2628274693362,36.62703323364258,18.08384871482849,16.24050843526017,28.052679792010764,0.0629671210192336,0.0461832468663221,0.0620753447968664,0.0505082727222503,0.0600573024120815,0.5491829858960987,114.65502503324622,0.10549594237798514,0.1058143539077004,0.13013419313920216,0.386385188651335,0.2721703219237774
lrsw_dora_r16_lr5e3_s44,lrsw,44.0,lrsw_dora_r16_lr5e3,dora,1801.9299,3.2557378917288644,0.0,20.17,31.22,cs,0.0,0.0,23.71,25.85,51.27,57842.9141,9526.5521,0.005,,,16.0,True,False,True,39.08,48.15,34.24,5.87,47.28,23.86,26.11,25.2,7.995452011805136,1.810069211692996,6.18538280011214,180895.6084572576,57958.1953125,9530.33679561615,1.7225291849499278,2.808989324192039,0.0700248431568924,0.054474384312787,0.1061388954628702,0.0513341293198879,0.0800191816565429,0.4274755582980594,32.37555501682104,0.2329463382707348,0.3215689662876491,0.08571237611517936,0.2374342707724888,0.12233804855394798
frc_lorawd_wd0_lr1e4_c256_s45,frc,45.0,frc_lorawd_wd0_lr1e4_c256,lorawd,0.2986,-0.5249101966109935,26.38,34.67,79.96,cs,33.42,19.33,45.41,40.36,34.83,23.7498,8.1026,0.0001,0.0,,,False,False,True,72.2,84.6,80.04,90.81,83.11,83.29,69.8,75.8,1.990976227772872,1.810069211692996,0.1809070160798764,184.66674998748465,23.79866981506348,8.10431960374117,3.1853788567104786,11.445505208352513,0.0702334854107026,0.0488796162544316,0.0840799486942005,0.0501138574695976,0.0697741882411487,0.5342122380857351,114.72994258099453,0.11743489380597932,0.1240506443928211,0.09772485381676585,0.39545317684456777,0.265336431139866
lrsw_sclora_r32_lr1e3_s43,lrsw,43.0,lrsw_sclora_r32_lr1e3,sclora,1.7424,0.2411478624116997,8.57,20.97,61.97,cs,12.38,4.77,23.07,27.39,37.26,227.6883,27.5462,0.001,,,32.0,False,False,True,63.7,70.95,73.85,45.19,67.8,62.37,45.9,66.0,3.604309972889736,1.810069211692996,1.7942407611967404,1389.7775169156366,227.68072509765625,27.547909915447235,17.61094894968834,31.56677019254213,0.0826167184617343,0.0449613830889358,0.1099382943432861,0.0461652536002831,0.0953054293164774,0.5029940430603934,101.67823963318315,0.25544340196433907,0.2434154533601165,0.12434532129742572,0.2292244965639781,0.14757132681414065
frm_lorawd_wd0_lr1e4_c256_s43,frm,43.0,frm_lorawd_wd0_lr1e4_c256,lorawd,0.4484,-0.3483343960770644,23.35,31.89,63.68,math_faithful,31.27,15.43,30.78,40.02,41.97,28.1931,9.6664,0.0001,0.0,,,False,False,True,,,,,,,,,2.3544705683447447,1.8520239240816387,0.5024466442631059,337.35415286047265,28.25014305114746,9.668113002181054,7.985133401572491,33.06581188077143,0.066254221923472,0.0484722078651292,0.0726792272241483,0.0511279911471776,0.0648760326190923,0.5805964747510931,120.99402637551682,0.14475165923171388,0.15846879883446813,0.10147325478009968,0.34704112931364395,0.2482651578400744
qwsw_lora_r16_lr1e3_s42,qwsw,42.0,qwsw_lora_r16_lr1e3,lora,0.8243,-0.0839147001562972,7.28,22.54,79.19,cs,13.84,0.71,25.4,34.39,38.35,121.4454,20.4882,0.001,,,16.0,False,False,True,66.85,83.46,77.64,84.29,78.69,86.11,73.29,83.2,,,,899.6266142354547,121.4441375732422,20.487743935414723,10.604652008964775,15.350338414828997,0.1210741878097317,0.0942448279143025,0.0645582496753114,0.0511732118289819,0.0757963768733015,0.4660008985690222,74.07145939402582,0.300593027022066,0.01387644633483411,0.010295999563424548,0.42267109503923,0.2525634320404454
qwsw_lora_null_r16_lr2e5_s43,qwsw,43.0,qwsw_lora_null_r16_lr2e5,lora_null,0.0802,-1.0958256317158366,39.9,52.3,84.91,cs,46.34,33.46,72.31,57.42,51.96,2.8888,0.795,2e-05,,,16.0,False,False,True,62.57,88.85,79.63,93.87,83.19,94.78,88.99,87.4,1.9645275493766257,1.9346918347336524,0.0298357146429735,21.96781485796796,2.8903582096099854,0.7951844238276993,4.710517734587969,13.700706641132586,0.2109272154139314,0.0784566945694949,0.1067408431614639,0.1275292505107957,0.1295083193443511,0.5945511597156112,53.827333327925395,0.09285008734546231,0.01646467594102088,0.01348847687661522,0.6232088976294942,0.25398786220740754
frm_lorawd_wd0p5_lr3e4_c256_s42,frm,42.0,frm_lorawd_wd0p5_lr3e4_c256,lorawd,0.2306,-0.6371406970413198,25.3,34.0,66.94,math_faithful,32.91,17.69,35.98,41.72,41.71,22.7511,3.1264,0.0003,0.5,,,False,False,True,,,,,,,,,2.009205559494572,1.8520239240816387,0.1571816354129329,138.92415248135157,22.7511043548584,3.126664899289608,13.773118261170014,37.07770272284176,0.0804633738224799,0.0480126813286406,0.0960230184064908,0.047983915937029,0.078347222964727,0.5626567068599306,103.71715274957393,0.11411653199116338,0.15069740185759886,0.08861758010643718,0.37472217519226475,0.27184631085253586
qwswm_milora_r32_lr5e4_s43,qwswm,43.0,qwswm_milora_r32_lr5e4,milora,0.3009,-0.5215778122599195,39.2,49.54,50.42,gsm8k,43.74,34.67,66.36,49.32,53.61,24.6495,6.0765,0.0005,,,32.0,False,False,True,,,,,,,,,,,,285.3803359818832,24.65636444091797,6.077438555870738,14.576774857380164,29.405639775769288,0.089296499357573,0.1753936466994219,0.0576144174956676,0.1266833778975206,0.0616441250794861,0.5256925350260371,72.46645538331026,0.14490688307067168,0.01718629111053732,0.01540996417806126,0.4532964513661416,0.3692004102745881
qwswm_dora_r16_lr5e5_s42,qwswm,42.0,qwswm_dora_r16_lr5e5,dora,0.0513,-1.2898826348881838,43.3,53.2,64.82,gsm8k,46.41,40.18,72.14,50.09,57.19,3.8026,1.0858,5e-05,,,16.0,False,False,True,,,,,,,,,,,,25.43123471347529,3.806354522705078,1.086527618552957,3.2164677274512647,8.957452554705101,0.1249355032495996,0.1049631589314711,0.0794943263317434,0.0527334593467538,0.0786226275302513,0.531546175993666,62.29125004458141,0.11137872163974667,0.01890944298975269,0.013229668471915212,0.5766435064120563,0.27983866048652906
lrsw_clora_k1024_lr1e4_s43,lrsw,43.0,lrsw_clora_k1024_lr1e4,clora,0.2151,-0.6673595896125374,27.04,36.55,66.64,cs,34.86,19.23,47.16,45.05,36.44,10.9058,4.8473,0.0001,,1024.0,,False,False,True,61.47,70.67,78.45,36.58,73.24,74.79,59.13,78.8,1.9386421596299697,1.810069211692996,0.1285729479369741,130.8485823859299,10.922808647155762,4.848399941623211,3.757276376784205,13.72533871754547,0.0620475223100889,0.0517047345324547,0.0734081145285335,0.0517967662019811,0.0601519373781105,0.5461369513320309,82.69374215376732,0.05348880247155992,0.04777939584824494,0.06789136449894666,0.5002107417503467,0.3306296954309019
qwswm_clora_k1024_lr2e5_s42,qwswm,42.0,qwswm_clora_k1024_lr2e5,clora,0.0301,-1.5214335044061569,43.42,53.36,53.07,gsm8k,47.17,39.67,71.95,51.11,56.9,2.1364,0.4365,2e-05,,1024.0,,False,False,True,,,,,,,,,,,,13.254381991527096,2.137171745300293,0.4367083776461316,4.0808412304680095,16.85268168316076,0.0610055651403238,0.0422971998897161,0.0717687429299311,0.0544265184869748,0.0528168276119219,0.5087731613150113,49.572625006484664,0.09605570427110309,1.2874090899238394e-08,2.78392485483974e-08,0.6775536883723812,0.22639056664317614
qwsw_lorawd_wd0p3_lr3e4_s44,qwsw,44.0,qwsw_lorawd_wd0p3_lr3e4,lorawd,0.2114,-0.6748950170285926,40.53,47.47,84.84,cs,46.09,34.98,69.06,40.7,46.51,12.1376,4.4988,0.0003,0.3,,,False,False,True,62.94,89.06,80.09,95.62,86.35,90.32,85.15,89.2,2.152314056510881,1.9346918347336524,0.2176222217772285,194.73076465435145,12.152814865112305,4.499371970977102,9.739487627011204,23.615812404094317,0.114678313774219,0.0911071649406152,0.0743604421184149,0.0443344064997119,0.0719682856452097,0.5475323925605986,63.713710228468074,0.08947124553450707,0.011636781653329095,0.009686662766502763,0.49140017131631325,0.397805138729348
frm_lorawd_wd0p1_lr3e4_c512_s42,frm,42.0,frm_lorawd_wd0p1_lr3e4_c512,lorawd,0.6735,-0.1716623999409955,22.98,31.62,64.97,math_faithful,31.87,14.09,30.27,36.69,45.2,69.9192,9.6254,0.0003,0.1,,,False,False,True,,,,,,,,,2.4691632988154573,1.8520239240816387,0.6171393747338185,508.1483165632172,69.91600036621094,9.626029984652996,20.7140237923494,49.54267094058328,0.0732284205794112,0.0462796832608988,0.0776184460602791,0.0495709817590007,0.0709761526002829,0.5585920556305922,118.78186418893945,0.16114276228589114,0.18383017152028383,0.10661007177406025,0.31849808596439155,0.22991890845537327
qwsw_sclora_r32_lr2e5_s44,qwsw,44.0,qwsw_sclora_r32_lr2e5,sclora,0.117,-0.9318141382538384,39.8,48.15,86.64,cs,47.26,32.33,72.08,42.24,46.84,3.2573,0.9947,2e-05,,,32.0,False,False,True,72.23,90.32,79.63,93.06,85.16,94.91,87.2,90.6,2.009743263866679,1.9346918347336524,0.0750514291330266,38.96517722485298,3.261873245239258,0.9952104932495526,9.530776552073906,34.1466159168741,0.1033958809420796,0.1341302648859649,0.2596663345434439,0.0276860215731397,0.1355849222873914,0.5506421670702779,52.516536194766246,0.06833139912750305,0.01647119972340961,0.020394718102560373,0.6707174500131147,0.22408523303341246
lrsw_lorawd_wd0p3_lr5e4_s45,lrsw,45.0,lrsw_lorawd_wd0p3_lr5e4,lorawd,0.4071,-0.3902988976206005,25.64,32.87,81.59,cs,32.21,19.08,41.49,38.99,32.59,37.3153,6.7927,0.0005,0.3,,,False,False,True,72.75,82.92,80.81,91.33,84.29,85.65,71.16,83.8,2.037566246678821,1.8520239240816387,0.1855423225971821,267.35890722752464,37.315208435058594,6.793118162453174,10.611306862412096,23.641400889281183,0.07458106497825,0.0462793067373047,0.08305532560015,0.0479436528113708,0.0724225636695616,0.5418485084728195,117.13971384183432,0.13453343546513147,0.16207898317873853,0.1013819629462607,0.33935969141426636,0.26264592699560285
lrsw_clora_k1024_lr1e4_s44,lrsw,44.0,lrsw_clora_k1024_lr1e4,clora,0.2152,-0.6671577330056484,26.83,35.98,28.35,cs,34.27,19.39,46.38,43.94,35.9,12.7518,4.9072,0.0001,,1024.0,,False,False,True,58.01,39.83,26.56,27.13,23.28,18.52,14.08,19.4,1.99741652658866,1.810069211692996,0.1873473148956643,131.20317514869927,12.764932632446287,4.908252172917128,3.73481449309712,13.609884898021958,0.0622457009821714,0.0516306245659874,0.0734202393299985,0.0515858052808704,0.0603039321431401,0.5474074358469381,83.2002071461359,0.05452360023516185,0.04752753554754445,0.06799932822396945,0.4980265757092075,0.3319229602841169
qwswm_lora_null_r16_lr2e4_s44,qwswm,44.0,qwswm_lora_null_r16_lr2e4,lora_null,0.0852,-1.0695604052333,43.5,53.53,75.66,gsm8k,46.09,40.92,72.01,52.05,56.57,7.5851,2.2581,0.0002,,,16.0,False,False,True,,,,,,,,,2.005776221859439,1.9346918347336524,0.0710843871257864,88.38239741719818,7.594475269317627,2.258547717971461,8.819337768212506,18.79586944437376,0.1763055720954323,0.0779249780200697,0.0835342873091662,0.1245313773307251,0.0997485541324304,0.5637757098311555,62.77981340815957,0.11388057782235375,0.020903641468299986,0.012078301827395702,0.5642220275452711,0.28891545133667945
qwswm_sclora_r32_lr1e3_s44,qwswm,44.0,qwswm_sclora_r32_lr1e3,sclora,0.8708,-0.0600815796309432,6.56,22.01,3.26,gsm8k,12.7,0.41,23.62,26.71,46.62,69.8089,14.1688,0.001,,,32.0,False,False,True,,,,,,,,,4.073955309372393,1.9346918347336524,2.139263474638741,845.8487849193104,69.80889129638672,14.170666646957397,19.491398170027512,34.24260353591904,0.1347220876081177,0.0878232889796579,0.1284385591759225,0.0433250972728845,0.1118879830555468,0.5297754751872714,66.75848680526589,0.1647257534303092,0.012599716506770171,0.011000697923711555,0.496504181493635,0.3151696506455742
qwswm_lora_r16_lr1e3_s44,qwswm,44.0,qwswm_lora_r16_lr1e3,lora,0.5801,-0.236497134532403,8.38,32.49,32.07,gsm8k,15.74,1.01,52.59,40.87,52.25,41.5107,15.0621,0.001,,,16.0,False,False,True,,,,,,,,,2.794192319476489,1.9346918347336524,0.8595004847428371,703.2745009414028,41.510372161865234,15.06129674400602,11.373947319172515,15.487197798780164,0.1085565848307039,0.091432650494248,0.0615438178908075,0.0479091881112774,0.0676420702004365,0.5013443857726584,67.81733519107361,0.2071203490408193,0.013481577829220265,0.010784954673879637,0.45956150601154666,0.309051612444534
lrsw_milora_r32_lr1e3_s44,lrsw,44.0,lrsw_milora_r32_lr1e3,milora,1.5127,0.1797528068974981,14.84,24.17,65.2,cs,21.87,7.8,23.07,31.4,36.69,244.543,28.1704,0.001,,,32.0,False,False,True,63.85,72.91,74.26,55.14,72.22,64.6,50.6,68.0,3.198534623921109,1.810069211692996,1.3884654122281133,1290.7323887517707,244.54440307617188,28.17267630696297,15.014835019010578,27.138656644059427,0.0774817937437921,0.0493088255202393,0.0685153456332403,0.0550992231571433,0.0707181996011832,0.5035066198251349,100.88850634470784,0.23814669612787936,0.24408367345546564,0.12369543880178911,0.2318876778380016,0.16218651377686422
frm_lorawd_wd0p1_lr5e4_c256_s44,frm,44.0,frm_lorawd_wd0p1_lr5e4_c256,lorawd,0.911,-0.0404816230270017,19.49,27.93,60.88,math_faithful,28.78,10.2,24.75,32.25,43.66,103.7646,11.867,0.0005,0.1,,,False,False,True,,,,,,,,,2.8275917051851303,1.810069211692996,1.0175224934921343,684.7756045645464,103.76202392578124,11.867262864112854,25.377730780518743,53.899155388708905,0.0790604025000016,0.0452156546282121,0.0849934208673545,0.0484362601646597,0.0779071057527504,0.5475248429577623,102.49427414867662,0.164792141008253,0.1759908407236881,0.11868786294275259,0.32460472966442233,0.21592442566088405
frc_lorawd_wd0p1_lr1e3_c256_s42,frc,42.0,frc_lorawd_wd0p1_lr1e3_c256,lorawd,0.9814,-0.0081539463551032,19.27,27.32,73.15,cs,28.21,10.33,28.75,33.79,35.5,127.2283,15.3392,0.001,0.1,,,False,False,True,66.97,79.33,77.43,78.95,77.58,73.27,59.3,72.4,2.5112363556935047,1.8520239240816387,0.6592124316118659,714.4789430025926,127.22618865966795,15.340968361496923,15.389150862234096,28.44792399563113,0.0788278500705529,0.0457516084508141,0.0762110761163746,0.0498535970603785,0.0742885041819695,0.5102995951227529,103.39686222702066,0.2149146823603716,0.22051719650983936,0.12695256454444287,0.2524812455956341,0.1851343109897121
lrswm_sclora_r32_lr5e5_s44,lrswm,44.0,lrswm_sclora_r32_lr5e5,sclora,0.2717,-0.5659103615821093,24.88,33.1,59.29,math_faithful,33.16,16.61,27.07,45.56,43.11,6.9303,2.2263,5e-05,,,32.0,False,False,True,,,,,,,,,2.0109179010839537,1.810069211692996,0.200848689390958,84.46731698322161,6.930694103240967,2.2268155451864,10.013827690898886,34.126995958687175,0.1014514486104586,0.0367188616150416,0.5275700875963046,0.0088255789507575,0.1870306632259227,0.5192431006202645,118.9056254673465,0.21115101228823688,0.20374365139772407,0.06337291910125056,0.38353523885729024,0.13819717835549822
lrswm_lorawd_wd0p3_lr5e4_s43,lrswm,43.0,lrswm_lorawd_wd0p3_lr5e4,lorawd,0.4031,-0.3945872018469488,24.12,33.45,52.01,gsm8k,31.82,16.41,37.44,40.02,41.55,32.3728,7.3374,0.0005,0.3,,,False,False,True,,,,,,,,,2.1713134127229474,1.810069211692996,0.3612442010299517,287.95895336315044,32.3723030090332,7.337924365699291,9.82299715714525,23.621879566150685,0.0716094175590865,0.0476268811523833,0.0813952459616021,0.0490631149925335,0.0703978203121656,0.587155883212142,110.74461220768539,0.12989490979124352,0.14949048756526043,0.09284595764819098,0.35386716706739973,0.2739014779279054
lrsw_sclora_r32_lr5e4_s42,lrsw,42.0,lrsw_sclora_r32_lr5e4,sclora,1.8222,0.2605960423019088,3.6,19.94,70.33,cs,7.2,0.0,23.23,30.55,38.73,51.0579,18.6489,0.0005,,,32.0,False,False,True,66.27,76.28,77.28,65.56,76.16,71.0,56.48,73.6,5.803522692947161,1.8520239240816387,3.9514987688655214,858.1838725439162,51.05805206298828,18.65109044611454,14.16849062085145,33.06004447034645,0.1047055082571401,0.0428002754551302,0.3380244921798371,0.0291138630718444,0.1704358144904157,0.5138313471065711,132.9251819570465,0.20981939089565807,0.23246249295439508,0.07751850795848553,0.29804424024410103,0.18215536794736026
lrsw_lora_null_r16_lr5e4_s45,lrsw,45.0,lrsw_lora_null_r16_lr5e4,lora_null,0.701,-0.1542819820333413,20.62,27.09,78.66,cs,30.43,10.8,25.52,36.09,32.63,52.1815,16.0555,0.0005,,,16.0,False,False,True,71.8,82.32,79.84,87.68,81.53,81.02,66.72,78.4,2.3774814767183594,1.810069211692996,0.5674122650253637,576.132928392812,52.18132019042969,16.057163605093955,8.283312481482561,15.78031936853349,0.1135664522700228,0.0414983617202928,0.0905329365495407,0.0565673670574294,0.0929926717037483,0.5410137925285191,136.03736135150328,0.1741329792909285,0.1912136873847397,0.09937100701930372,0.3003174357079768,0.23496489059705133
frc_lorawd_wd0p2_lr2e4_c256_s45,frc,45.0,frc_lorawd_wd0p2_lr2e4_c256,lorawd,0.3554,-0.4492825765307173,26.53,33.99,81.56,cs,34.93,18.13,41.85,40.19,34.86,23.9597,8.5588,0.0002,0.2,,,False,False,True,72.51,83.84,79.32,90.14,85.56,85.44,72.7,83.0,2.0203815025027128,1.810069211692996,0.210312290809717,240.09297115423087,23.98535919189453,8.563542234897614,4.928544734230888,16.13736207329388,0.0709503136065603,0.0478937627968222,0.0823744949395307,0.0485943160498127,0.0699718162954845,0.5402904141441595,121.0523669362612,0.12676989037480815,0.14170029409200963,0.09728877513763126,0.3554701033007504,0.2787709370948005
qwswm_lora_null_r16_lr3e4_s44,qwswm,44.0,qwswm_lora_null_r16_lr3e4,lora_null,0.1169,-0.93218548883816,42.37,53.06,76.04,gsm8k,42.79,41.95,71.59,52.13,56.83,9.8746,3.1869,0.0003,,,16.0,False,False,True,,,,,,,,,2.0301338911287696,1.9346918347336524,0.0954420563951172,130.45558967826506,9.885577201843262,3.1875047436782293,9.552548301286642,18.216114646036253,0.1563220499722095,0.0818111869913434,0.0783177529958801,0.1143845622344395,0.0915537204718912,0.5572624125659592,64.00802005410294,0.12253345451485476,0.019537266338033116,0.010598272215159844,0.5586931865423147,0.2886378203896377
frc_lora_null_lr3e4_c256_s45,frc,45.0,frc_lora_null_lr3e4_c256,lora_null,0.7717,-0.1125514997500462,18.09,26.53,78.23,cs,29.07,7.11,27.94,36.43,32.1,54.7348,14.7376,0.0003,,,,False,False,True,70.7,82.48,79.07,86.91,82.95,79.76,65.19,78.8,2.5826145832020866,1.810069211692996,0.7725453715090909,653.8094259935509,54.734283447265625,14.738915112614633,13.117555224278144,30.356678110389986,0.0924768001913185,0.0428023321162831,0.1027234534527159,0.060452358676838,0.0885941612214089,0.5413731900232478,134.04098558559392,0.17645942346254345,0.1884053330843246,0.09722303333431806,0.32747754971877685,0.21043466040003705
lrswm_sclora_r32_lr2e5_s43,lrswm,43.0,lrswm_sclora_r32_lr2e5,sclora,0.1591,-0.7983298203534185,26.03,33.58,39.8,gsm8k,34.02,18.04,29.07,46.59,40.16,3.7082,1.2159,2e-05,,,32.0,False,False,True,,,,,,,,,1.9615557787749875,1.810069211692996,0.1514865670819918,43.44721168974506,3.709291696548462,1.2163448486477138,9.046061049564631,32.85552203203711,0.1020896494742755,0.0364513801505886,0.543617521543999,0.0077959691091446,0.1923089578975106,0.5109568163860696,116.54966354175733,0.21609338856211163,0.20828226084948864,0.06137364172751158,0.3859145607326536,0.12833614812823457
frc_clora_k2048_lr3e4_c256_s44,frc,44.0,frc_clora_k2048_lr3e4_c256,clora,0.349,-0.4571745730408201,25.22,34.3,65.73,cs,33.6,16.83,44.37,41.04,35.66,16.2213,8.3797,0.0003,,2048.0,,False,False,True,71.47,79.49,70.32,51.77,77.11,62.58,44.11,69.0,2.170068059809116,1.8520239240816387,0.3180441357274772,293.0027290727127,16.23766326904297,8.383588828146458,5.967829816887521,18.89431685301264,0.054416378923452,0.0484176348798666,0.0610162952611529,0.0489414743946968,0.0528034079428856,0.5429419358323169,76.1401845668602,0.03409393344307406,0.02938428107586959,0.05222192840871093,0.49434669652383695,0.3899531605485086
lrswm_milora_r32_lr1e4_s44,lrswm,44.0,lrswm_milora_r32_lr1e4,milora,0.2587,-0.5872035712834566,25.72,34.16,40.94,gsm8k,33.24,18.2,31.93,44.45,42.98,9.9297,4.8501,0.0001,,,32.0,False,False,True,,,,,,,,,2.0106139866442483,1.810069211692996,0.2005447749512525,102.56880055011602,9.92978286743164,4.851175300776959,3.795298078802839,12.256991833930176,0.0597611079507727,0.1894442180166325,0.0854051315507165,0.1591880107447394,0.0659144400160412,0.5866307321060044,115.12429349568855,0.12844115790307611,0.14295638204499866,0.10756371690828706,0.36365457977404914,0.2573841633695888
frm_dora_lr3e4_c256_s44,frm,44.0,frm_dora_lr3e4_c256,dora,2.8788,0.4592114940154554,18.01,26.71,59.06,math_faithful,27.15,8.87,23.16,27.99,46.37,732.192,31.5922,0.0003,,,,False,False,True,,,,,,,,,3.963831059076308,1.810069211692996,2.153761847383312,1681.3404284651472,732.1736450195312,31.592706260085105,19.17021904835263,45.57699831311923,0.120921848890831,0.0436328827549423,0.1018504403736981,0.0485022366801085,0.1079572256678474,0.2948970286913829,8.04958200184664,0.33047076227092886,0.37330732787417614,0.05928721804108369,0.14070506570834565,0.09622962610546584
frc_lora_r8_lr3e4_c256_s42,frc,42.0,frc_lora_r8_lr3e4_c256,lora,0.5178,-0.2858379539011467,23.96,32.86,78.99,cs,31.45,16.47,43.36,39.42,33.58,45.3324,16.5292,0.0003,,,8.0,False,False,True,70.8,82.75,79.02,84.52,82.08,83.25,69.28,80.2,2.1173458292370717,1.8520239240816387,0.2653219051554325,375.9032337262316,45.39985275268555,16.533666971325875,3.1781287763907304,6.19418474715024,0.0668546039712703,0.0461812648998814,0.0748920246906181,0.0489336062678631,0.0660539874686427,0.5451830863456827,126.86340316776298,0.1428109079444197,0.15964753610058285,0.09943629031404014,0.329741940618361,0.2683633250225965
qwsw_milora_r32_lr5e4_s44,qwsw,44.0,qwsw_milora_r32_lr5e4,milora,0.5639,-0.2487979054116469,10.72,30.57,83.47,cs,14.04,7.39,53.53,38.82,39.09,32.6142,11.6002,0.0005,,,32.0,False,False,True,70.64,87.27,80.14,87.35,84.14,90.78,80.8,86.6,2.861993156986659,1.9346918347336524,0.9273013222530064,561.4809334123271,32.61311721801758,11.60217519572803,14.139547558734268,27.63432028759216,0.0996370909767429,0.1420033773090901,0.0605465182369687,0.0892329107502733,0.0657430738113445,0.5224465695578545,73.546527239496,0.14505595386587455,0.01478024116750927,0.01270947589407519,0.4466956537512552,0.3807586753212857
qwswm_lora_r16_lr5e5_s44,qwswm,44.0,qwswm_lora_r16_lr5e5,lora,0.0513,-1.2898826348881838,43.79,53.58,55.57,gsm8k,47.66,39.92,72.16,51.02,57.16,3.706,1.0833,5e-05,,,16.0,False,False,True,,,,,,,,,1.96547976606459,1.9346918347336524,0.0307879313309376,25.493023903862326,3.709497213363648,1.0841460103435177,3.223194714879035,9.037801438841624,0.1241371721442436,0.1042768483351955,0.0801100873730624,0.0524417266992095,0.0786075551164571,0.5274870591348156,62.17672286509471,0.10983908971279749,0.01821493499157034,0.012962195406995886,0.5783955869110186,0.2805881929776177
qwsw_lora_r16_lr5e5_s42,qwsw,42.0,qwsw_lora_r16_lr5e5,lora,0.1225,-0.9118639112994488,37.22,48.36,85.96,cs,42.79,31.65,71.66,45.82,49.86,9.8571,2.6585,5e-05,,,16.0,False,False,True,68.44,89.17,79.63,95.01,85.48,94.36,86.6,89.0,,,,56.49946725447392,9.87234592437744,2.660325311124325,2.1871134227705724,5.774892894975349,0.1118779712230811,0.0929020129724513,0.0915116949231858,0.0526290721668073,0.0754164109067921,0.5324178365647795,54.001974813252964,0.07744279571378415,0.010574320266715757,0.009107932359572527,0.6247773435794225,0.2780976080805052
qwsw_sclora_r32_lr1e4_s44,qwsw,44.0,qwsw_sclora_r32_lr1e4,sclora,0.3024,-0.5194182131708311,37.88,44.26,87.05,cs,43.22,32.54,65.65,38.48,41.43,8.7536,2.9751,0.0001,,,32.0,False,False,True,74.59,89.01,80.55,92.08,86.03,95.92,88.23,90.0,,,,158.2891192163389,8.753891944885254,2.9755049582038606,14.492071436440373,37.71149273239478,0.1028373367660492,0.1233603577453045,0.2276422613639385,0.0276163426234698,0.1246346962453939,0.5497884177680379,54.231411850947005,0.06577385237712519,0.014788105450481918,0.01634049336271902,0.6492296812909366,0.25386786751873724
qwsw_milora_r32_lr2e4_s44,qwsw,44.0,qwsw_milora_r32_lr2e4,milora,0.2863,-0.5431786519784014,36.72,44.92,86.96,cs,42.33,31.12,67.69,38.99,44.49,14.5147,5.6632,0.0002,,,32.0,False,False,True,74.13,88.79,79.53,94.92,85.95,94.99,87.54,89.8,2.4078556226659558,1.9346918347336524,0.4731637879323029,217.10698291936623,14.51461696624756,5.663951851640429,9.652565966546453,25.257310525745908,0.0783753404840495,0.2620628368551342,0.061716432440422,0.1651034610419569,0.0586798966140415,0.5392784396700856,70.55834472618363,0.11432092550075713,0.014104044540173909,0.01907257356491719,0.4235610714877196,0.4289413849064322
frc_lorawdr16_wd0p3_lr5e4_c256_s46,frc,46.0,frc_lorawdr16_wd0p3_lr5e4_c256,lorawdr16,0.3634,-0.4396150770279845,26.86,35.2,81.39,cs,33.88,19.83,45.46,41.04,35.79,25.7945,6.5124,0.0005,0.3,,,False,False,True,72.2,84.55,80.3,90.12,84.85,85.35,69.54,84.2,1.9399815325319725,1.810069211692996,0.1299123208389767,217.9407919938228,25.794313430786133,6.514807586371899,7.014337104782068,13.2173934353928,0.0718873986676662,0.0466604723062586,0.0856250614990799,0.0481453911718524,0.0714996850577745,0.550387667446851,115.53408846038074,0.11750075843294355,0.13947439181776464,0.09994865345109857,0.3644331406579357,0.2786430556402575
qwswm_lora_r32_lr5e5_s44,qwswm,44.0,qwswm_lora_r32_lr5e5,lora,0.0519,-1.284832642151542,44.14,54.0,57.01,gsm8k,47.2,41.07,72.29,51.11,58.31,3.6591,1.1263,5e-05,,,32.0,False,False,True,,,,,,,,,1.97586196854011,1.9346918347336524,0.0411701338064576,31.420567403952724,3.6598169803619385,1.1268331940685,5.037758872898658,18.356047890063483,0.1254882965517359,0.105655643946411,0.0724538285946143,0.0535226586306597,0.0767935729250405,0.5209808473739863,63.76702948246763,0.11770909465967071,0.0187404492857662,0.0147070628972482,0.5716860865121407,0.2771573066451742
qwsw_lorawd_wd0p3_lr5e5_s44,qwsw,44.0,qwsw_lorawd_wd0p3_lr5e5,lorawd,0.107,-0.9706162223147904,39.31,49.65,85.78,cs,45.89,32.73,71.74,49.15,48.75,9.1575,2.4351,5e-05,0.3,,,False,False,True,69.79,89.55,79.94,95.12,85.16,91.2,86.09,89.4,2.0103913315852187,1.9346918347336524,0.0756994968515663,58.37334232690189,9.166462898254396,2.4361430659890173,2.819590856785123,9.802594568926493,0.1130327294566658,0.093314439365054,0.0881869685402032,0.0511470173723827,0.0754456394448008,0.5394829747266834,55.77694540784645,0.07482441000811609,0.010433159091360118,0.00919220859667602,0.5999694312672438,0.3055807910366042
lrswm_lorawd_wd0p3_lr3e4_s43,lrswm,43.0,lrswm_lorawd_wd0p3_lr3e4,lorawd,0.3462,-0.4606729364606249,25.28,33.73,51.02,gsm8k,32.07,18.48,35.56,42.32,40.23,17.4034,6.8925,0.0003,0.3,,,False,False,True,,,,,,,,,2.077228152278935,1.810069211692996,0.2671589405859393,225.9813537985523,17.412322998046875,6.89434150159359,6.602396422670832,19.40036146919324,0.0686394064376202,0.0495068287721795,0.0800511784293921,0.0496208508819762,0.0680400308510362,0.593536010060469,109.25054930567244,0.12258053285064614,0.13786639581856835,0.09049643180251157,0.35765934768596835,0.2913972918423057
lrsw_lorawd_wd0p3_lr1e3_s43,lrsw,43.0,lrsw_lorawd_wd0p3_lr1e3,lorawd,0.4612,-0.3361107013773385,25.72,32.29,69.99,cs,32.93,18.5,38.79,37.97,33.25,51.5255,7.1468,0.001,0.3,,,False,False,True,71.38,49.4,80.81,87.82,55.64,77.02,60.84,77.0,2.0059792520030992,1.810069211692996,0.1959100403101035,294.0488281130672,51.52444076538086,7.147204205393791,11.67030194465865,25.50985148672601,0.0764112597788773,0.0451415773691418,0.0838410210809158,0.0477890674564477,0.0748803068443011,0.5360326979879865,114.01074054228965,0.14472742424957857,0.1813077717493508,0.11136933572881078,0.32139376556616994,0.2412017027060899
frm_lorawd_wd0p3_lr3e4_c512_s43,frm,43.0,frm_lorawd_wd0p3_lr3e4_c512,lorawd,0.3202,-0.4945786724167191,25.04,35.29,68.84,math_faithful,32.87,17.21,39.62,41.38,45.39,32.0554,4.5359,0.0003,0.3,,,False,False,True,,,,,,,,,2.070758888456304,1.810069211692996,0.2606896767633084,218.9066293396224,32.0551872253418,4.536258394271135,16.731013833319327,43.165057199907615,0.0776733461217837,0.0471350882666909,0.0884032324058168,0.0484288281776131,0.0754677553760616,0.5623177895479147,109.4176414926279,0.12929778645547996,0.1575746888179057,0.09184337712274111,0.35404674129173375,0.26723740631213944
qwsw_lorawd_wd0p3_lr5e4_s43,qwsw,43.0,qwsw_lorawd_wd0p3_lr5e4,lorawd,0.245,-0.6108339156354675,40.53,46.47,87.51,cs,47.12,33.95,68.44,38.91,43.91,10.4714,4.5763,0.0005,0.3,,,False,False,True,72.51,89.93,81.12,95.67,86.27,94.91,87.46,92.2,2.165700113556745,1.9346918347336524,0.2310082788230931,223.3222044278213,10.473299980163574,4.576745037095887,12.771828143235394,26.542344551898356,0.1151236049840381,0.0901402888355996,0.0744522711998271,0.0440244444718746,0.0729294325458544,0.549378912384818,63.51212931919356,0.09481940981814144,0.011707096920942156,0.009551907322707644,0.49701535742235814,0.38690622851585066
frm_lorawd_wd0p3_lr1e4_c256_s43,frm,43.0,frm_lorawd_wd0p3_lr1e4_c256,lorawd,0.2421,-0.6160052105582672,25.36,34.27,65.73,math_faithful,33.01,17.72,35.02,44.45,41.16,14.6565,4.4823,0.0001,0.3,,,False,False,True,,,,,,,,,2.006794444670346,1.810069211692996,0.1967252329773503,150.10038590614036,14.660045623779297,4.482993286848068,7.228805808172959,28.027247500142643,0.0712111528520453,0.0506895361478902,0.0857918668293798,0.0499511310452098,0.0708762146078923,0.5796370423046583,113.02368340153082,0.12498476590020435,0.13871586825578086,0.09417807986492194,0.364005257232495,0.2781160287465981
frm_lorawd_wd0p1_lr7e4_c256_s42,frm,42.0,frm_lorawd_wd0p1_lr7e4_c256,lorawd,1.1891,0.0752183791115354,17.8,27.35,57.09,math_faithful,27.31,8.29,25.32,30.72,45.09,98.4568,13.8005,0.0007,0.1,,,False,False,True,,,,,,,,,3.3940878218198804,1.8520239240816387,1.5420638977382417,837.6192714977627,98.45304870605467,13.800729781389236,26.671321584824447,54.64375275891175,0.0807895986000951,0.0450438665026742,0.0923808588966176,0.0480970112867724,0.0830024778208262,0.5552924416292293,94.37531364841753,0.15507125136158617,0.14959534932545884,0.12485466607359166,0.35633434924816987,0.2141443839911934
lrswm_clora_k1024_lr2e4_s44,lrswm,44.0,lrswm_clora_k1024_lr2e4,clora,0.2513,-0.5998075114074239,24.44,32.33,45.56,gsm8k,31.85,17.02,27.18,42.83,42.75,14.3307,5.6394,0.0002,,1024.0,,False,False,True,,,,,,,,,2.091520584276529,1.810069211692996,0.2814513725835337,194.7255127193953,14.331428527832031,5.64223414696753,6.105864519758051,19.963542064559743,0.0597378120445816,0.0504079907667804,0.0665454076920061,0.0498257324780011,0.0569073454229618,0.5741575276892792,77.31253706204092,0.04425939579690965,0.04108940658442177,0.06419497961316525,0.4874316340512672,0.3630245839542361
qwsw_clora_k1024_lr5e5_s42,qwsw,42.0,qwsw_clora_k1024_lr5e5,clora,0.0957,-1.0190880622231564,39.06,50.77,86.17,cs,46.29,31.82,71.28,54.69,49.77,7.7222,2.1191,5e-05,,1024.0,,False,False,True,65.17,89.88,79.32,94.32,85.16,95.88,88.05,91.6,,,,60.98701969494296,7.72450590133667,2.1197941377410774,3.1319881449726363,11.79259031084057,0.058329560319098,0.0419912195065025,0.0740386698430358,0.0512359898477743,0.0499454693832835,0.5643539243914988,49.64882266564381,0.05021230864707029,1.851085674410528e-09,3.0098141216841523e-09,0.6497302948824153,0.30005739160961453
frc_lorawd_wd0p2_lr3e4_c256_s42,frc,42.0,frc_lorawd_wd0p2_lr3e4_c256,lorawd,0.4227,-0.3739677521709811,26.05,33.7,81.82,cs,33.97,18.13,42.22,38.99,35.18,29.873,9.0552,0.0003,0.2,,,False,False,True,72.39,84.39,80.45,90.5,84.61,86.41,72.44,83.4,2.111981535577303,1.8520239240816387,0.2599576114956643,304.92973669269327,29.872350692749023,9.056651005148888,7.364362336418906,20.405362343593666,0.0709257821645439,0.0472369756908373,0.0800050376270496,0.048399937122371,0.0695783658023867,0.5460331856642039,124.22239381154459,0.1362292808437161,0.15861856944277486,0.0989943769810682,0.33575748538138217,0.27040028735105864
lrsw_clora_k1024_lr3e4_s43,lrsw,43.0,lrsw_clora_k1024_lr3e4,clora,0.4473,-0.349401101827343,24.64,32.08,60.07,cs,33.11,16.18,40.93,37.2,32.96,20.8758,9.8265,0.0003,,1024.0,,False,False,True,63.79,53.21,56.96,50.52,82.24,62.04,51.62,60.2,2.273173319485963,1.8520239240816387,0.4211493954043241,370.9764654229884,20.8794002532959,9.828248380124569,7.63274083783963,22.25960131454787,0.0585898726202809,0.0473489206388471,0.0638175980781958,0.0485770428372787,0.0566232677276699,0.5472256367313942,86.89721946853756,0.054050741277861324,0.05034808437322304,0.0759836257955897,0.45682359602696776,0.36279395252635804
lrsw_milora_r32_lr1e4_s43,lrsw,43.0,lrsw_milora_r32_lr1e4,milora,0.2508,-0.6006724678413211,27.42,36.85,72.93,cs,35.28,19.56,48.63,44.71,36.07,12.9602,6.0222,0.0001,,,32.0,False,False,True,71.44,84.06,73.29,90.38,81.45,60.52,53.67,68.6,1.93380291028227,1.810069211692996,0.1237336985892743,121.76916491107522,12.96022891998291,6.022694544494152,3.4963203883135376,11.101652904661856,0.0636127099247216,0.1630769932126598,0.0870171006355364,0.147156019496679,0.0690941491176829,0.5514216452434618,127.0055796590497,0.14576276892491435,0.15425375042162842,0.12082349210182372,0.3507435343719009,0.22841645417973253
qwswm_lora_null_r16_lr1e3_s42,qwswm,42.0,qwswm_lora_null_r16_lr1e3,lora_null,0.3938,-0.4047242881979006,38.58,49.31,72.86,gsm8k,45.45,31.7,64.68,50.09,54.64,29.2563,10.0337,0.001,,,16.0,False,False,True,,,,,,,,,,,,468.9759839802665,29.30842399597168,10.034594965832571,11.540133742458169,16.351911969390134,0.1147216023474842,0.0910420894509492,0.0647536688974172,0.0712359745465661,0.0734933151030995,0.5073858721020018,66.27369002863028,0.18724887414231275,0.01568448203232405,0.009831652891807353,0.49550502199006136,0.2917299689434943
frc_lorawd_wd0_lr7e4_c256_s42,frc,42.0,frc_lorawd_wd0_lr7e4_c256,lorawd,1.4951,0.1746702414870472,16.32,24.59,65.53,cs,25.74,6.9,23.01,32.25,35.07,247.0611,28.0461,0.0007,0.0,,,False,False,True,62.97,74.48,76.77,57.53,70.64,64.39,50.85,66.6,3.2280783996899927,1.8520239240816387,1.376054475608354,1307.003379310774,247.0572509765625,28.049109822511674,15.360338517544866,28.116924296613423,0.0791231365236339,0.04619825365312,0.0687996532087474,0.0516205816384653,0.0713407165621519,0.5023653454228352,99.151926958046,0.24161369456953352,0.25258082559727607,0.13098061510141887,0.22211000827379226,0.1527148564579793
lrsw_dora_r16_lr2e3_s44,lrsw,44.0,lrsw_dora_r16_lr2e3,dora,358.2287,2.5541603770247985,0.0,19.84,37.63,cs,0.0,0.0,25.42,22.27,51.52,9275.7334,2035.091,0.002,,,16.0,True,False,True,62.05,50.54,33.42,23.2,52.41,25.97,26.45,27.0,7.4670822585728756,1.810069211692996,5.65701304687988,37494.03756596695,9291.1279296875,2035.7207065582277,1.680165062334952,2.797492006915353,0.0711799528920497,0.054274716642642,0.0996170137071274,0.0529099813727764,0.0779135922342289,0.5310020259423959,37.92150907581706,0.22125235625839523,0.3231989125918786,0.09299962399442588,0.26902996316411976,0.09351914399118055
frm_lora_null_lr2e4_c256_s42,frm,42.0,frm_lora_null_lr2e4_c256,lora_null,0.8823,-0.0543837207732682,18.64,27.55,62.17,math_faithful,28.2,9.08,23.64,32.94,43.88,85.7944,13.2719,0.0002,,,,False,False,True,,,,,,,,,3.137799139250496,1.8520239240816387,1.2857752151688575,792.4817336969265,85.79290771484375,13.272152826189997,25.771281931937217,62.01366734540814,0.0895364980035661,0.0424287617144393,0.0941217090950441,0.0589759749483261,0.085348019389962,0.566311629235332,126.15932085178024,0.17573755076004216,0.1893144328592597,0.09952247649002216,0.33559978740067464,0.19982575249000134
lrsw_sclora_r32_lr2e5_s44,lrsw,44.0,lrsw_sclora_r32_lr2e5,sclora,0.166,-0.7798919119599449,27.02,36.58,19.93,cs,35.2,18.85,47.74,44.2,36.89,3.1188,1.3397,2e-05,,,32.0,False,False,True,45.93,5.98,16.02,40.09,5.45,12.46,9.9,23.6,1.9588381435308448,1.810069211692996,0.1487689318378491,41.79952997418384,3.119044542312622,1.3401746649295092,7.556897431981433,31.659363644701,0.0932478689919414,0.0365521218570369,0.4121625029558899,0.0107341636339595,0.1705200007426558,0.5078126909227245,119.02473750227483,0.1799800069427225,0.17485942126312787,0.07722166789698233,0.39207439661212146,0.17586450728504585
frc_lorawd_wd0p3_lr1e4_c256_s43,frc,43.0,frc_lorawd_wd0p3_lr1e4_c256,lorawd,0.2342,-0.6304131092636557,27.51,36.1,69.86,cs,34.51,20.51,47.16,41.98,36.33,15.2793,5.5937,0.0001,0.3,,,False,False,True,10.37,64.31,79.02,85.53,82.95,84.81,71.08,80.8,1.9212039671131107,1.810069211692996,0.1111347554201149,125.24051199093564,15.300626754760742,5.594821465015412,3.03425500834485,10.201800970885309,0.0723095290718505,0.0500583598831104,0.0921355037899046,0.0503965717298287,0.0728027534112552,0.5342032424410325,110.19217813318997,0.10839683870248455,0.11558966684253777,0.09575143186635855,0.40929622025411727,0.27096584233450194
frm_lorawd_wd0p1_lr2e4_c512_s44,frm,44.0,frm_lorawd_wd0p1_lr2e4_c512,lorawd,0.503,-0.2984320149440725,23.51,31.23,66.79,math_faithful,32.3,14.72,27.27,37.63,44.25,49.886,8.5436,0.0002,0.1,,,False,False,True,,,,,,,,,2.303797264964866,1.810069211692996,0.4937280532718702,395.9128005433031,49.885929107666016,8.5445990011096,14.861271576198943,43.469169115392354,0.0698747899749951,0.0475843537249352,0.0752177924229262,0.0502108094794131,0.067934990493116,0.5714394064494884,120.72783425129043,0.15402899973320833,0.17648714748809632,0.09820102326538657,0.3227319399639175,0.24855088954939114
frc_sclora_lr1e4_c256_s44,frc,44.0,frc_sclora_lr1e4_c256,sclora,0.5864,-0.2318060383669284,21.17,27.79,79.19,cs,30.7,11.64,25.43,37.12,34.08,17.2249,6.6245,0.0001,,,,False,False,True,71.9,82.81,78.61,82.42,83.58,84.34,68.69,81.2,2.2700844409320458,1.810069211692996,0.46001522923905,292.0361644578695,17.249608993530273,6.62508450448513,12.255889104328432,32.14961852932292,0.0750183799133407,0.0424278438670337,0.3892879984261521,0.0091536088255043,0.1582682966307104,0.5124738556613846,117.27793899109973,0.16768635786989522,0.162945204721631,0.0719701681843877,0.4149513447025741,0.18244692452151198
lrswm_dora_r16_lr1e3_s42,lrswm,42.0,lrswm_dora_r16_lr1e3,dora,2.1922,0.3408801734136458,17.89,26.59,31.92,gsm8k,27.45,8.33,24.9,26.96,45.31,437.5943,37.309,0.001,,,16.0,False,False,True,,,,,,,,,3.4366585805245617,1.8520239240816387,1.584634656442923,1429.5213498668618,437.58978271484375,37.30732204318046,9.28986249182902,14.22206788855673,0.0949029153492561,0.0459590022108535,0.0861525862653636,0.0496308182783046,0.0867231200331242,0.48113883779893685,37.94964652513363,0.2710368158687824,0.26461747991429313,0.11650105160517399,0.20847159352463113,0.1393730590871194
lrsw_lora_null_r16_lr3e4_s43,lrsw,43.0,lrsw_lora_null_r16_lr3e4,lora_null,0.4624,-0.3349821745875274,24.82,32.82,80.37,cs,32.15,17.5,43.18,38.4,32.85,26.5639,10.4695,0.0003,,,16.0,False,False,True,72.32,83.68,79.53,90.48,81.69,84.47,69.8,81.0,2.152587095129313,1.810069211692996,0.3425178834363171,346.7608299025922,26.57452392578125,10.472868299484253,6.87618257017283,15.921302332601623,0.1435030201506673,0.0390938666670949,0.1044754141005527,0.0591956680481151,0.1077646668446414,0.5458516378296173,128.7422214954059,0.15151244739504316,0.16264660915621398,0.08760824837169356,0.32445419414185744,0.27377850093519185
frc_lorawd_wd0_lr1e4_c256_s42,frc,42.0,frc_lorawd_wd0_lr1e4_c256,lorawd,0.3002,-0.5225893120927484,26.52,35.01,79.36,cs,34.31,18.73,45.87,40.53,35.62,19.875,8.1373,0.0001,0.0,,,False,False,True,67.19,82.75,79.84,85.92,82.95,84.97,70.22,81.0,2.0360680948623298,1.8520239240816387,0.184044170780691,184.50649909682497,19.89751625061035,8.139121183753014,3.126171549952398,11.417663106547614,0.070082609148675,0.0487226573299172,0.0838709050533231,0.0500830562148395,0.0696844022817068,0.5368156479210774,115.35511994012387,0.11873245545464185,0.12466042591272165,0.09596003203003924,0.3940756551447685,0.26657143145782886
lrswm_dora_r16_lr5e5_s43,lrswm,43.0,lrswm_dora_r16_lr5e5,dora,0.3357,-0.4740486587519875,25.58,32.6,39.2,gsm8k,34.31,16.86,25.66,44.71,41.46,11.5545,3.6746,5e-05,,,16.0,False,False,True,,,,,,,,,1.922006873709949,1.810069211692996,0.1119376620169532,66.14162017299606,11.577434539794922,3.676734610646963,1.866132795942874,4.430817409271952,0.0651973049355024,0.0557391631111253,0.1216076065394616,0.0504937705969504,0.0761368381859411,0.5702559678051223,91.01499127243791,0.10020785730434835,0.12476433120984257,0.08467126993366438,0.4866748851613947,0.20368165639075012
qwsw_milora_r32_lr2e4_s43,qwsw,43.0,qwsw_milora_r32_lr2e4,milora,0.27,-0.5686362358410126,36.75,45.34,84.96,cs,42.88,30.62,67.22,39.51,46.48,14.7724,5.647,0.0002,,,32.0,False,False,True,73.91,89.12,79.17,94.84,85.32,87.75,82.17,87.4,2.3868870522108185,1.8790178806577968,0.5078691715530217,217.3840294702184,14.772384643554688,5.647555159670966,9.597639178991596,25.343203243007917,0.0787083850728548,0.2620991495613505,0.0617280572304414,0.1648200738654716,0.0588834584938533,0.5387203632069328,70.546022418343,0.11461830940972001,0.014086309526445328,0.018948733797984136,0.4237416232418294,0.42860502402402106
frc_sclora_lr5e4_c256_s43,frc,43.0,frc_sclora_lr5e4_c256,sclora,1.4008,0.1463761330753897,14.94,24.44,69.46,cs,23.93,5.94,22.9,32.94,36.47,152.3173,21.9439,0.0005,,,,False,False,True,65.5,76.12,76.87,64.01,76.16,70.5,54.1,72.4,3.253401752138012,1.810069211692996,1.4433325404450164,1111.0561969327798,152.31991577148438,21.945713543891905,17.42630509539369,31.8168278636999,0.0785148928625347,0.0439601238482574,0.1809304668613023,0.0353999702648466,0.1141682472588356,0.5067619186392307,124.9587519175439,0.22604910775455395,0.22674561936074344,0.10623746015257277,0.28397333212769443,0.1569944806044356
lrswm_milora_r32_lr1e3_s44,lrswm,44.0,lrswm_milora_r32_lr1e3,milora,1.3403,0.1272020175903533,18.26,27.04,32.45,gsm8k,27.97,8.54,23.44,29.27,45.96,153.9093,24.5122,0.001,,,32.0,False,False,True,,,,,,,,,3.5336456461023853,1.810069211692996,1.7235764344093896,1106.3717918137725,153.90968322753906,24.515341299772263,14.461796422525492,26.267218816331184,0.0711406569485478,0.0524310184054966,0.0714092771994816,0.0587503033081937,0.0681858222488964,0.570220290487298,118.7860235449032,0.1740924783588445,0.1794316817440223,0.11947084996237561,0.31066871318842926,0.2163362767463284
lrsw_lorawd_wd0p3_lr2e4_s44,lrsw,44.0,lrsw_lorawd_wd0p3_lr2e4,lorawd,0.2996,-0.5234581909725712,27.14,35.38,62.72,cs,34.66,19.61,45.93,42.15,34.54,19.7061,6.9905,0.0002,0.3,,,False,False,True,1.1,84.28,46.83,87.94,83.66,76.39,66.98,54.6,1.976574211441095,1.810069211692996,0.1665049997480991,195.31118940361583,19.734519958496094,6.994180229306221,4.869078382876171,15.608879533112136,0.0712068497718229,0.0485515294676342,0.0862475406898252,0.0483239273387399,0.0711424883410479,0.5412522326413244,118.01849152210863,0.1212367418795487,0.13473517785068562,0.09591274299261401,0.3661939288980017,0.28192140837915003
lrswm_clora_k1024_lr1e4_s43,lrswm,43.0,lrswm_clora_k1024_lr1e4,clora,0.2029,-0.6927179529666541,25.19,33.45,43.9,gsm8k,32.78,17.6,29.26,43.6,43.99,10.0581,3.8171,0.0001,,1024.0,,False,False,True,,,,,,,,,1.9831754125833072,1.810069211692996,0.1731062008903114,110.22284966931645,10.05864143371582,3.818909578025341,4.416308990288094,15.748557489699184,0.0620456573815214,0.0542792417672118,0.0741145778341175,0.051288193617498,0.0597048915605001,0.5732741391132707,78.83826023612221,0.052370956214863186,0.048906889716490494,0.06704459884081815,0.5077854831042874,0.3238920721235409
qwswm_lora_r32_lr2e4_ep6_s43,qwswm,43.0,qwswm_lora_r32_lr2e4_ep6,lora,0.2199,-0.6577747706392096,44.34,52.72,64.82,gsm8k,47.03,41.65,70.37,50.6,53.93,19.1281,4.7868,0.0002,,,32.0,False,False,True,,,,,,,,,2.402457711175437,1.9346918347336524,0.4677658764417844,215.6626256996545,19.126192092895508,4.787605734382357,12.368140512795764,26.684353013735976,0.1133770831156943,0.102169944451964,0.0656506194573187,0.0492395336839608,0.0707055746650463,0.532351229153484,71.37440679131443,0.15368595707969346,0.018155055390445946,0.011306741507505581,0.4751247453157787,0.3417275007065762
qwsw_sclora_r32_lr5e4_s42,qwsw,42.0,qwsw_sclora_r32_lr5e4,sclora,0.9078,-0.0420098215931696,6.88,21.72,79.8,cs,13.02,0.74,24.7,31.57,38.57,86.1634,12.6774,0.0005,,,32.0,False,False,True,68.13,83.46,76.87,83.46,82.0,86.66,74.4,83.4,,,,672.2593357488294,86.16429138183594,12.679738970313752,16.03654115788853,34.49023093443111,0.1637575523319031,0.0766665643406096,0.2072337465959768,0.0350838063195984,0.1474753842211261,0.5174840296351498,67.72749100423977,0.15140789543576322,0.015548345791983583,0.010891613086952733,0.5265678339969256,0.2955843116883748
lrsw_lora_null_r16_lr1e3_s43,lrsw,43.0,lrsw_lora_null_r16_lr1e3,lora_null,1.2147,0.0844690314880758,17.62,25.23,73.86,cs,26.36,8.88,27.0,33.7,30.21,167.5658,25.6828,0.001,,,16.0,False,False,True,67.68,79.11,77.18,77.34,79.08,76.18,61.09,73.2,2.80480534991559,1.8520239240816387,0.9527814258339512,1019.5797445089516,167.56515502929688,25.68298270106316,10.412065669135634,15.769609669133994,0.0904042396354031,0.0440007336963682,0.075801398019902,0.0549869402638544,0.081101541609619,0.5129714833461394,121.5789631072739,0.2270752798397071,0.245350959033594,0.13166769356070124,0.2402450949503817,0.15566097261561596
lrsw_lora_null_r16_lr2e5_s42,lrsw,42.0,lrsw_lora_null_r16_lr2e5,lora_null,0.1392,-0.8563607647254567,26.18,36.82,73.02,cs,33.79,18.58,45.95,47.87,37.91,2.4801,1.0815,2e-05,,,16.0,False,False,True,65.69,79.11,76.97,70.97,75.85,81.44,63.57,70.6,1.8848405530075487,1.8520239240816387,0.0328166289259104,27.57817817778465,2.4844062328338623,1.0817600820213555,4.554512078909196,16.08135834154569,0.1759357232430633,0.0247602632941082,0.0975421216971961,0.0585605808780455,0.1368132285135686,0.5445220829565791,117.1284300595333,0.14217348236714694,0.14532855983294607,0.10546603518473492,0.41231698641073755,0.19471493620443447
frm_lorawd_wd0p5_lr5e4_c256_s43,frm,43.0,frm_lorawd_wd0p5_lr5e4_c256,lorawd,0.2512,-0.5999803649348415,26.29,33.88,64.52,math_faithful,34.88,17.69,31.1,42.83,42.88,27.4373,3.3687,0.0005,0.5,,,False,False,True,,,,,,,,,1.984295043751068,1.810069211692996,0.1742258320580718,157.67023059309173,27.43720817565918,3.3689935952425003,15.422266945571629,39.80296316462871,0.0831684800615812,0.0464801187204032,0.0984407173348852,0.0470182960636819,0.080838762734048,0.5610357292001558,98.83526598304702,0.11340652280057159,0.15195254626741564,0.08708818913211133,0.3780518274878882,0.2695009143120132
frm_milora_lr3e4_c256_s44,frm,44.0,frm_milora_lr3e4_c256,milora,1.2554,0.0987821243146919,18.24,27.1,58.91,math_faithful,27.23,9.25,23.74,28.75,46.52,143.9481,20.1041,0.0003,,,,False,False,True,,,,,,,,,3.609100831913776,1.810069211692996,1.7990316202207806,1114.3003842616354,143.9454803466797,20.10442896783352,23.69513173555286,49.26913793743675,0.07009653618116,0.0531833063662469,0.0673086425216633,0.0834168430164314,0.0662888672803827,0.5556799196295876,112.98312392522683,0.1744579511261071,0.19060515524993646,0.11248653299218743,0.31229315034830696,0.21015721028346207
qwsw_clora_k1024_lr1e4_s45,qwsw,45.0,qwsw_clora_k1024_lr1e4,clora,0.1284,-0.8914349762671656,40.72,50.15,86.88,cs,46.58,34.87,70.92,49.57,48.79,14.276,3.3946,0.0001,,1024.0,,False,False,True,71.77,89.39,79.53,93.9,85.48,95.5,88.65,90.8,2.061744711565904,1.9346918347336524,0.1270528768322512,121.734693086804,14.292686462402344,3.3972306681515225,4.942222909513693,17.465669963336545,0.0579540520766786,0.0426791551296394,0.0658824238623918,0.0462354063705382,0.0472658089941183,0.5628872672181505,53.53052085952613,0.04226054305717503,7.735705700642555e-10,1.1549188590572572e-09,0.5820517404019212,0.3756877146124143
qwswm_clora_k1024_lr1e4_s42,qwswm,42.0,qwswm_clora_k1024_lr1e4,clora,0.0537,-1.2700257143004443,43.86,53.61,63.0,gsm8k,46.52,41.19,72.17,51.28,56.89,6.1105,1.17,0.0001,,1024.0,,False,False,True,,,,,,,,,,,,48.3866134949104,6.125950813293457,1.1707907356673397,8.455248614256574,22.98113497608986,0.0553042294121243,0.0443495400698243,0.0618386174567758,0.0495040539960259,0.0472712505514894,0.5326623252389877,53.3706322293311,0.06387593303508185,2.1579427181581296e-09,5.254283118921821e-09,0.6222747473273289,0.3138493122253635
frm_lorawd_wd0p5_lr1e4_c256_s42,frm,42.0,frm_lorawd_wd0p5_lr1e4_c256,lorawd,0.1959,-0.7079655640052637,25.66,33.74,66.03,math_faithful,32.42,18.9,29.73,45.14,42.5,11.576,3.2566,0.0001,0.5,,,False,False,True,,,,,,,,,1.998348475061264,1.8520239240816387,0.1463245509796253,107.7580311901056,11.58698558807373,3.257229408621788,6.926980003754527,25.39024203886618,0.0751303514916074,0.0523719813698942,0.0940368148163063,0.0494135974308773,0.0743797205199595,0.5765450940930219,107.83639205643081,0.1149198249299418,0.1268189958475219,0.09148890215655504,0.38513440131229615,0.28163787575368526
qwswm_lora_r16_lr2e4_s43,qwswm,43.0,qwswm_lora_r16_lr2e4,lora,0.1178,-0.9288547095489172,44.84,54.0,49.73,gsm8k,48.2,41.49,71.65,51.62,57.05,10.2061,3.3835,0.0002,,,16.0,False,False,True,,,,,,,,,2.0247992998102693,1.9346918347336524,0.0901074650766169,102.33722816036696,10.220369338989258,3.3861556044646672,5.4428499755773565,12.23811437084073,0.1184663810744855,0.1011184513216141,0.0669345522672573,0.0491892531036562,0.0730604289513694,0.5239321926568912,70.98060053702687,0.13420504991167362,0.01827291949782792,0.012098269410172136,0.47766617195354655,0.35775758922677997
lrsw_milora_r32_lr5e4_s45,lrsw,45.0,lrsw_milora_r32_lr5e4,milora,0.8422,-0.0745847629157537,22.7,28.96,77.4,cs,31.68,13.73,29.52,35.15,34.71,85.7794,20.4439,0.0005,,,32.0,False,False,True,70.24,81.12,79.02,86.79,81.53,78.2,64.33,78.0,2.547923168060233,1.810069211692996,0.737853956367237,700.2047192993292,85.77861022949219,20.44555330872536,9.085951574886328,20.8759496122188,0.0688576459756701,0.06124626201742,0.067830921884133,0.0677614545337683,0.0649192978821136,0.5261397500929469,131.60431287358753,0.18483187211645655,0.21625374574790893,0.09884364370344434,0.27947125558709285,0.2205994828450973
qwswm_lora_r32_lr5e4_s42,qwswm,42.0,qwswm_lora_r32_lr5e4,lora,20.8928,1.3199966469243694,0.0,19.49,0.0,gsm8k,0.0,0.0,22.95,26.28,48.22,1014.9738,76.4985,0.0005,,,32.0,True,False,True,,,,,,,,,,,,1748.0693910316406,1015.2400512695312,76.5235725062234,1.6978939062224307,3.831572056134102,0.1742911886255009,0.1745750809797132,0.0874991602182598,0.0587014774376471,0.1005074220756548,0.770189096292849,4.401762607336862,0.18796397611884533,0.036950497275085606,0.06561336819781373,0.6227551744725194,0.08671698393573586
lrswm_milora_r32_lr2e4_s44,lrswm,44.0,lrswm_milora_r32_lr2e4,milora,0.331,-0.4801720062242812,24.92,33.37,45.11,gsm8k,32.25,17.58,30.2,43.69,43.15,22.6107,8.5594,0.0002,,,32.0,False,False,True,,,,,,,,,2.2306385291575763,1.810069211692996,0.4205693174645806,202.11937712958468,22.610811233520508,8.561179223656655,4.528172832509279,13.910386067280092,0.0618139726812937,0.128629083686573,0.0764698539308427,0.1276403881087665,0.0648162984202555,0.5916186382534271,121.01825877759438,0.14702237733636017,0.17283609244691586,0.10277899078766595,0.33481066408623006,0.2425518753428279
qwsw_dora_r16_lr1e3_s42,qwsw,42.0,qwsw_dora_r16_lr1e3,dora,1.202,0.0799044676667207,6.96,21.54,77.63,cs,12.66,1.25,32.05,27.82,33.93,141.5424,28.3589,0.001,,,16.0,False,False,True,67.25,82.26,77.28,80.45,79.87,83.71,70.65,79.6,,,,1100.3075018933812,141.5389862060547,28.358657392433717,9.204194202099607,14.57329229277947,0.1283896258546019,0.1162671485172151,0.072945522504167,0.0507518393134195,0.0865656189296543,0.4493002646797195,67.82015819024537,0.3651536719910788,0.025040879867435622,0.009183689944431937,0.3743809920919649,0.22624076610508878
frc_milora_lr1e4_c256_s44,frc,44.0,frc_milora_lr1e4_c256,milora,0.3154,-0.5011383110071159,27.39,35.8,78.81,cs,34.94,19.84,46.92,41.13,36.19,18.948,8.6694,0.0001,,,,False,False,True,70.98,84.06,78.76,82.36,82.32,83.54,70.65,77.8,2.000699449579029,1.810069211692996,0.1906302378860334,187.39485731933576,18.948129653930664,8.671220782399178,3.985684541289632,12.206268449906574,0.0672847801083374,0.0953927227838466,0.0779534514849008,0.1786551718309302,0.0674683956255157,0.5502319263827743,128.1784330186405,0.15263619714715015,0.16596514462513579,0.10766239155160902,0.35237460650271124,0.22136166017339384
qwswm_lora_r16_lr2e5_s43,qwswm,43.0,qwswm_lora_r16_lr2e5,lora,0.0394,-1.4045037781744258,43.3,53.42,57.77,gsm8k,47.32,39.28,72.11,50.94,57.46,2.4277,0.5441,2e-05,,,16.0,False,False,True,,,,,,,,,1.9513053857071372,1.9346918347336524,0.016613550973485,11.282150610964004,2.4315431118011475,0.5445737986160176,2.309351683854872,6.597575689300928,0.1234744846656541,0.1060366149917042,0.1019643255620173,0.0551362368968159,0.083669251606124,0.5251598850690138,49.52194786754214,0.107612787178272,0.020927125310769533,0.012121106236477662,0.658435260320239,0.20090372095424197
frm_lorawd_wd0p2_lr3e4_c512_s42,frm,42.0,frm_lorawd_wd0p2_lr3e4_c512,lorawd,0.4207,-0.3760274879830036,24.81,33.73,66.41,math_faithful,32.44,17.18,37.43,39.16,42.42,40.3995,6.1041,0.0003,0.2,,,False,False,True,,,,,,,,,2.212377895244796,1.8520239240816387,0.3603539711631569,307.8520837272724,40.39892578125,6.104576884210109,18.67174774997461,46.39019380786576,0.0747821751451606,0.0468071963669327,0.0835933631501385,0.0489940940921047,0.0732244266743906,0.5665698237308867,115.80752167438632,0.14027110430306672,0.16407929464774773,0.09688174387710768,0.33996838795305806,0.25879946921901964
lrsw_sclora_r32_lr5e4_s45,lrsw,45.0,lrsw_sclora_r32_lr5e4,sclora,1.0716,0.0300327049361712,16.04,23.94,76.05,cs,26.14,5.94,22.87,35.75,28.99,96.2641,15.7325,0.0005,,,32.0,False,False,True,69.2,80.85,78.2,81.64,80.9,77.19,62.2,78.2,2.8351761325755387,1.810069211692996,1.025106920882543,766.662977491976,96.2645034790039,15.734237259626388,16.222531370029877,32.73361893122416,0.0819220991002725,0.0423771668446494,0.176994237314988,0.0353499196654583,0.1113907976605157,0.5227640529284182,134.2151307015125,0.19637968779762152,0.1968513314987546,0.09964043215617446,0.3040190639299801,0.20310948461746953
qwswm_dora_r16_lr1e3_s42,qwswm,42.0,qwswm_dora_r16_lr1e3,dora,0.6778,-0.1688984354986406,22.56,31.3,24.49,gsm8k,35.66,9.45,31.46,28.41,51.51,111.338,17.8689,0.001,,,16.0,False,False,True,,,,,,,,,,,,779.4373398567044,111.4010238647461,17.86880133492606,10.680519432800155,15.074407336623477,0.1107599927226875,0.1021554767818664,0.0638094923206886,0.0480290350183416,0.0711058591764871,0.5028048087619501,64.34676058630897,0.22814455761981184,0.017316124566784465,0.010186720126295531,0.4457718939296599,0.2985807037574481
lrswm_sclora_r32_lr3e4_s43,lrswm,43.0,lrswm_sclora_r32_lr3e4,sclora,0.6933,-0.1590787998012282,18.19,27.65,55.88,math_faithful,28.67,7.7,22.94,36.01,42.94,17.9797,7.8743,0.0003,,,32.0,False,False,True,,,,,,,,,2.62973707953305,1.810069211692996,0.8196678678400542,374.4410247624697,17.979196548461914,7.874932543933392,14.17810991697944,35.39346241068319,0.1016993094017746,0.0397826880258692,0.3932796348903555,0.0198570334015498,0.1650782268610379,0.5415724244743808,129.46723804299663,0.19545015608825048,0.18371845340882137,0.07839503166019211,0.34214808427639065,0.20028827456634551
qwswm_lorawd_wd0p3_lr5e5_s42,qwswm,42.0,qwswm_lorawd_wd0p3_lr5e5,lorawd,0.0476,-1.322393047279507,43.63,53.66,60.42,gsm8k,46.78,40.48,72.26,51.62,57.18,3.7122,1.0112,5e-05,0.3,,,False,False,True,,,,,,,,,,,,27.133037208858408,3.7149362564086914,1.0115625209042003,4.597823644338233,17.173144882947483,0.1259900017470424,0.1067723294070936,0.0752747121902693,0.0527227841148099,0.0779710204846523,0.5220843567321798,64.14686242243633,0.11431377760587721,0.01937581994606331,0.014439545548308381,0.5581817815990859,0.2936890753006652
frc_lorawd_wd0p3_lr3e4_c256_s44,frc,44.0,frc_lorawd_wd0p3_lr3e4_c256,lorawd,0.3483,-0.4580465255417637,25.47,33.54,81.78,cs,32.68,18.26,42.29,39.93,34.53,23.7438,7.057,0.0003,0.3,,,False,False,True,72.72,84.6,80.81,90.97,85.08,84.97,71.25,83.8,2.0470304555513907,1.8520239240816387,0.195006531469752,234.44654889701567,23.743247985839844,7.05816666930914,7.107935964222784,19.67151912774844,0.0723457176574975,0.047576723457305,0.083717346770106,0.0482052858695835,0.0709278154413799,0.5438312823246353,119.80525381488538,0.1280667118476569,0.14766690284039627,0.09682468737370793,0.34965830142866605,0.27778339650957284
lrsw_lora_null_r16_lr5e5_s44,lrsw,44.0,lrsw_lora_null_r16_lr5e5,lora_null,0.198,-0.7033348097384688,26.37,36.41,69.76,cs,33.85,18.89,46.55,46.33,36.43,4.6283,2.2025,5e-05,,,16.0,False,False,True,41.19,77.42,59.57,80.07,77.82,81.82,66.21,74.0,1.895163315185452,1.810069211692996,0.0850941034924563,57.96552417510791,4.630990028381348,2.203068064898253,4.831969241554613,16.102219456677222,0.2382982357931257,0.0315068603249915,0.1507164974386986,0.0779522922427833,0.1607715558044992,0.553904059153182,126.27806721703583,0.17424470293722094,0.17334366312933674,0.08273402606619068,0.35391149955575063,0.2157661083115009
frc_lorawd_wd0_lr2e4_c256_s44,frc,44.0,frc_lorawd_wd0_lr2e4_c256,lorawd,0.5136,-0.2893749849392032,24.96,32.69,79.88,cs,32.51,17.4,41.28,39.16,33.11,34.5214,13.6914,0.0002,0.0,,,False,False,True,71.35,82.7,79.32,89.77,82.4,83.21,69.11,81.2,2.1966545445333288,1.810069211692996,0.386585332840333,390.2793744715187,34.53571701049805,13.697271859645843,5.17640285283596,17.328028943972978,0.0684103517552553,0.0471234608050901,0.0745629777603243,0.0492869091917758,0.0666020111864068,0.542322752657867,127.4095973795372,0.14336051049924614,0.15931560984085782,0.09904457743979772,0.3368017742046461,0.2614775280154522
lrswm_lorawd_wd0p3_lr5e5_s42,lrswm,42.0,lrswm_lorawd_wd0p3_lr5e5,lorawd,0.2963,-0.5282683485199489,25.42,34.35,41.09,gsm8k,33.33,17.5,31.95,46.5,42.47,11.899,3.547,5e-05,0.3,,,False,False,True,,,,,,,,,2.099409684007137,1.8520239240816387,0.247385759925498,71.6179155606793,11.920395851135254,3.548401325196028,2.392063230155561,7.61403199083084,0.0673303803005387,0.0563798062398068,0.1119891589902171,0.0514210951976012,0.0745861524279394,0.5823167210504209,88.50173579245693,0.09633332383362818,0.1078051495521008,0.08596956336910634,0.48266447722442407,0.22722748602074055
lrsw_lorawd_wd0p3_lr1e4_s44,lrsw,44.0,lrsw_lorawd_wd0p3_lr1e4,lorawd,0.2366,-0.6259852597080884,27.7,36.27,67.67,cs,35.08,20.32,48.22,41.3,36.44,14.4667,5.5389,0.0001,0.3,,,False,False,True,62.63,83.57,66.43,90.4,83.43,57.32,40.78,56.8,1.9203799521099456,1.810069211692996,0.1103107404169501,125.05454008448748,14.486616134643556,5.540290574729442,3.0573657505317366,10.22252511276829,0.0715776416475203,0.0505478167111466,0.0923017683137673,0.0503614442505048,0.0725967746069393,0.5380333271754302,110.28950033587324,0.1097179453230817,0.11518961178909302,0.09393486948781879,0.4097671947247362,0.2713903786752702
qwsw_lora_null_r16_lr2e5_s44,qwsw,44.0,qwsw_lora_null_r16_lr2e5,lora_null,0.0802,-1.0958256317158366,39.67,52.29,83.87,cs,45.81,33.54,72.2,58.11,51.81,2.9267,0.7934,2e-05,,,16.0,False,False,True,62.26,89.45,78.61,91.64,83.58,92.38,84.81,88.2,1.9657045773885145,1.9346918347336524,0.031012742654862,21.96170360577892,2.9295434951782227,0.7936202845403126,4.706519043969755,13.727671607775536,0.2109641508602485,0.0784177623316688,0.1070299611165169,0.1277746371146377,0.1295975522760197,0.595438993491495,53.52089492368208,0.09150104006446137,0.01644579630293989,0.013418145023610582,0.6250953363476738,0.2535396822613147
frc_lorawdr16_wd0p3_lr3e4_c256_s44,frc,44.0,frc_lorawdr16_wd0p3_lr3e4_c256,lorawdr16,0.3055,-0.514988785421427,27.06,35.28,61.33,cs,33.97,20.14,45.08,40.53,36.66,15.9874,6.7743,0.0003,0.3,,,False,False,True,62.08,49.35,49.03,57.63,75.06,69.78,54.69,73.0,1.9438627264953217,1.810069211692996,0.1337935148023259,188.0910713533566,15.991999626159668,6.780012184381485,4.687252756169686,11.01643787221628,0.071140662346735,0.0481867390932941,0.0876690519428499,0.0482523814496018,0.0714244689037533,0.5472323964037424,115.0641294293762,0.11381606859009621,0.12837957404883293,0.09581897873755141,0.3699174387936185,0.292067939829901
qwswm_lorawd_wd0p3_lr2e4_s43,qwswm,43.0,qwswm_lorawd_wd0p3_lr2e4,lorawd,0.0872,-1.0594835150674329,44.96,53.92,58.98,gsm8k,47.34,42.59,71.93,52.3,55.43,7.0974,2.1061,0.0002,0.3,,,False,False,True,,,,,,,,,2.002915313732327,1.9346918347336524,0.0682234789986746,77.11060153210376,7.097824096679688,2.106704439435686,8.23762910958775,22.36095860161141,0.1193763263552887,0.1023887948141699,0.0680846498519566,0.0479993600540884,0.0739734575434072,0.5250005907564982,70.28932689825008,0.12547252760015154,0.019083604917383357,0.012132627534009191,0.45896942119941947,0.3843418187490365
qwswm_lora_r16_lr2e4_s42,qwswm,42.0,qwswm_lora_r16_lr2e4,lora,0.1153,-0.938170692705301,43.92,53.77,65.28,gsm8k,46.83,41.01,71.93,53.24,55.83,10.7296,3.3265,0.0002,,,16.0,False,False,True,,,,,,,,,,,,102.29140108863692,10.73820972442627,3.328808885387012,5.523164164479733,12.400018888511994,0.1174715393660949,0.1011677559644301,0.066394625576552,0.0491197617831924,0.0721383348222349,0.5231539103599382,70.72036089625482,0.13182314270150028,0.018124974080554555,0.012111486962311832,0.47988792986976603,0.3580524663858673
frc_lora_null_lr2e5_c256_s43,frc,43.0,frc_lora_null_lr2e5_c256,lora_null,0.1581,-0.801068130067791,26.0,36.21,70.6,cs,33.6,18.39,46.52,46.33,36.23,4.0893,1.8078,2e-05,,,,False,False,True,55.11,80.52,76.82,64.8,69.53,80.85,61.18,76.0,1.895269618028632,1.810069211692996,0.0852004063356361,49.03082085671131,4.089919090270996,1.808024574816227,5.225184903287179,25.380666129743883,0.1419584531301483,0.0383657053521142,0.1597570196250889,0.0833222041633163,0.1304904188255957,0.5550575503044995,110.94251431569556,0.17313511237777185,0.1741863673250839,0.0793439788775869,0.4282385003038658,0.14509604111569158
qwsw_lora_r16_lr5e5_s43,qwsw,43.0,qwsw_lora_r16_lr5e5,lora,0.1228,-0.9108016331948512,38.93,49.53,86.61,cs,44.95,32.91,71.89,48.98,48.9,9.6384,2.6732,5e-05,,,16.0,False,False,True,73.27,87.92,79.38,93.95,84.61,94.95,87.63,91.2,2.0052026909173817,1.9346918347336524,0.0705108561837293,56.69787573681771,9.655065536499023,2.6752597323485783,2.180004390282014,5.746741173313175,0.1125079130436397,0.0927380898197782,0.0922130030437266,0.0521759009411886,0.0767821299042053,0.5297891537307194,54.53365026846336,0.07907425148516768,0.010542305582649656,0.00904100092200065,0.6209741986266626,0.2803682433835195
lrsw_clora_k1024_lr5e5_s42,lrsw,42.0,lrsw_clora_k1024_lr5e5,clora,0.1602,-0.7953374882517812,26.76,36.39,51.77,cs,33.96,19.56,46.62,45.14,36.65,7.1133,2.823,5e-05,,1024.0,,False,False,True,61.8,37.49,69.91,1.5,79.87,56.69,43.86,63.0,1.930034545407421,1.8520239240816387,0.0780106213257822,65.16741582378674,7.149648666381836,2.824387584626675,2.8329063958352414,10.13489098823268,0.061289894299748,0.0521805143949592,0.0810605208103013,0.0587641069716873,0.0619964374789933,0.547249771431707,76.51264525519163,0.06440715835493224,0.05660525751832363,0.06648100025105153,0.5718630901278685,0.24064349374782398
qwsw_clora_k1024_lr5e4_s43,qwsw,43.0,qwsw_clora_k1024_lr5e4,clora,0.4177,-0.3791355247348789,33.18,40.44,62.25,cs,40.47,25.89,58.23,36.95,40.67,30.6148,8.6311,0.0005,,1024.0,,False,False,True,72.08,50.49,74.67,61.42,84.21,43.86,32.51,78.8,2.6530299315739323,1.9346918347336524,0.7183380968402799,531.6795169151598,30.662891387939453,8.633566314396116,15.620233145237588,28.55817136185993,0.0512876214464691,0.0434482017921013,0.0553590959453715,0.0448221607263171,0.043435481749903,0.5452415634708887,58.10738626694016,0.06062348539294055,1.515035896348605e-10,4.1622608518975906e-10,0.5390567182508165,0.40031979578851334
frc_milora_r32_lr3e4_c256_s45,frc,45.0,frc_milora_r32_lr3e4_c256,milora,0.729,-0.1372724716820254,22.66,30.82,78.45,cs,31.36,13.95,36.65,35.32,36.81,60.2502,19.0709,0.0003,,,32.0,False,False,True,71.96,81.23,79.12,87.05,81.22,81.36,66.64,79.0,2.4937703070096333,1.8520239240816387,0.6417463829279946,605.6159279462287,60.2495231628418,19.071992045640947,7.925187526281763,19.34845982829065,0.0683486670169926,0.0575359467084559,0.0676715223054396,0.0912798128373964,0.0644030046922876,0.5341491978039639,133.43638077209474,0.17470960640356004,0.20616956045937956,0.09456302303497599,0.2958710355468455,0.22868677455523892
frm_pissa_lr3e4_c256_s42,frm,42.0,frm_pissa_lr3e4_c256,pissa,2.2058,0.3435661323861246,3.62,21.7,49.66,math_faithful,7.23,0.0,24.54,24.06,52.65,117.9357,21.1917,0.0003,,,,False,False,True,,,,,,,,,6.306760676868914,1.8520239240816387,4.454736752787276,1416.3361498223508,117.9316177368164,21.191681504249573,32.629676278894685,71.8794649688547,0.1877285815544284,0.039479511506592,0.3511568991759471,0.0337502832687097,0.189435434545409,0.5614566148586333,124.04702898470232,0.17017055003327503,0.17725220989521195,0.11215206370660942,0.33029726357655587,0.21012791278834783
qwsw_lora_r16_lr2e4_s43,qwsw,43.0,qwsw_lora_r16_lr2e4,lora,0.264,-0.5783960731301689,38.21,45.89,80.61,cs,42.31,34.11,68.31,40.19,44.51,25.905,8.1948,0.0002,,,16.0,False,False,True,73.64,87.54,76.61,94.36,84.29,75.63,70.82,82.0,2.1759598363369963,1.8790178806577968,0.2969419556791994,250.76589934972668,25.929798126220703,8.202184603043966,4.831212247838587,11.699684827755544,0.1129155777478887,0.0916550880888837,0.069892824567083,0.0461407990799348,0.0703071844359464,0.5316835033024714,65.72991671550646,0.09695678294433442,0.012099432261102038,0.00982734199828072,0.4996313032232681,0.3814851395730149
qwswm_milora_r32_lr1e4_s42,qwswm,42.0,qwswm_milora_r32_lr1e4,milora,0.0982,-1.0078885122130503,44.06,53.26,59.89,gsm8k,46.91,41.22,71.75,50.09,56.35,4.4093,1.2855,0.0001,,,32.0,False,False,True,,,,,,,,,,,,47.98972132291188,4.410266876220703,1.285618554694312,10.734180373997262,32.441975488751005,0.0508546565592712,0.4613097917548259,0.0541119890235968,0.3201102885126003,0.0411055622046656,0.5354395090804078,69.573829416171,0.07603383419339262,0.020897961026569423,0.03923793311705269,0.42903985788365817,0.434790413779327
lrsw_lorawd_wd0p3_lr2e4_s45,lrsw,45.0,lrsw_lorawd_wd0p3_lr2e4,lorawd,0.2995,-0.5236031732746699,26.68,34.64,79.87,cs,33.91,19.46,44.32,40.44,35.05,21.6688,6.9784,0.0002,0.3,,,False,False,True,72.08,83.62,71.9,88.31,85.16,85.61,71.84,80.4,1.9735583411168816,1.810069211692996,0.1634891294238858,196.13738696897136,21.68914604187012,6.982110676169396,4.875645348414987,15.59014189878554,0.0710066411413342,0.0485016330755886,0.0859838702196401,0.0485104007722952,0.0709981028671196,0.5425907773817883,116.47352806091517,0.11784818112495521,0.13372892842615358,0.09567194392029572,0.3666186466595331,0.2861322998690625
lrsw_milora_r32_lr1e4_s44,lrsw,44.0,lrsw_milora_r32_lr1e4,milora,0.2536,-0.5958507507903049,26.92,36.49,36.43,cs,34.62,19.22,47.74,43.34,37.53,15.728,6.1708,0.0001,,,32.0,False,False,True,33.85,59.09,2.41,35.87,81.22,25.13,16.64,37.2,2.0601950855779414,1.810069211692996,0.2501258738849456,123.69775761896898,15.727765083312988,6.171437540650368,3.416471813949622,10.94458275788595,0.0648590802456763,0.1608509146826851,0.0868334934284634,0.1462985252013343,0.0695357021670658,0.55590545631164,125.75547773199257,0.14503608058004444,0.1582799833212866,0.1262946625907089,0.3438574889444788,0.22653178456348133
lrsw_clora_k1024_lr5e5_s43,lrsw,43.0,lrsw_clora_k1024_lr5e5,clora,0.1617,-0.7912899800935989,27.48,37.27,62.74,cs,35.06,19.91,47.44,46.67,37.26,7.3413,2.8491,5e-05,,1024.0,,False,False,True,61.65,64.42,75.74,8.3,78.77,78.24,63.57,71.2,1.8896924641215584,1.810069211692996,0.0796232524285625,65.48003726186666,7.351303577423096,2.8505083244293927,2.790601942169602,10.008149447974064,0.0608995541024759,0.0519570763840163,0.0809441165229747,0.0582571846470008,0.0618521555326768,0.5497648182864359,76.57939036846575,0.0636650194429182,0.05688162359635272,0.0662658345531986,0.5700957589606912,0.24309176344683903
lrsw_lorawd_wd0p3_lr3e4_s45,lrsw,45.0,lrsw_lorawd_wd0p3_lr3e4,lorawd,0.3479,-0.4585455712524111,26.56,34.27,79.33,cs,34.13,18.99,44.15,40.1,33.98,26.1192,7.0686,0.0003,0.3,,,False,False,True,71.04,84.39,79.89,78.45,83.66,85.14,70.65,81.4,1.9938344643721335,1.810069211692996,0.183765252679138,234.4414412784103,26.118799209594727,7.070083603262901,7.027107556278601,19.565617001816403,0.0723467979091978,0.0473968251447683,0.0840163323882551,0.0482138910287602,0.0712188082204112,0.5436695926178344,119.55660873572545,0.12619604760404823,0.14958174503126834,0.09723637296272136,0.35048503227448546,0.2765008021274765
frc_lora_r32_lr3e4_c256_s44,frc,44.0,frc_lora_r32_lr3e4_c256,lora,0.7255,-0.1393625832262453,21.6,28.28,76.75,cs,29.66,13.55,29.95,35.15,33.09,59.6615,17.5605,0.0003,,,32.0,False,False,True,70.28,82.05,78.71,81.18,77.03,80.81,65.96,78.0,2.432814214191541,1.810069211692996,0.6227450024985453,591.5124592951211,59.6598014831543,17.56297543644905,7.488523837617256,21.54971266087965,0.0686584979188747,0.046387374372473,0.0703283831763638,0.0499988105005233,0.0654733800450997,0.5411589612828299,135.06537637012235,0.1702957306575021,0.18552023704250753,0.10503007758790146,0.30438235663414404,0.23477159807794507
qwsw_sclora_r32_lr15e5_s42,qwsw,42.0,qwsw_sclora_r32_lr15e5,sclora,0.3737,-0.4274769021503624,35.28,42.46,86.85,cs,40.98,29.59,63.32,38.05,40.37,12.0382,4.113,0.00015,,,32.0,False,False,True,74.98,87.11,80.09,94.8,86.74,94.28,86.6,90.2,2.354842330187783,1.9346918347336524,0.4201504954541306,227.41339341196863,12.046764373779297,4.113747781089374,15.600775757041712,37.04053475595039,0.1033146264341296,0.1218915180521163,0.2090710823927694,0.0290291821192437,0.1196771160653892,0.5485367339938417,56.08433348474135,0.06996652788019522,0.015701514152512083,0.015336368942130968,0.630342054658794,0.2686535343663677
qwswm_lora_null_r16_lr2e5_s43,qwswm,43.0,qwswm_lora_null_r16_lr2e5,lora_null,0.0292,-1.5346171485515816,43.04,52.99,50.27,gsm8k,47.6,38.49,72.14,49.4,57.33,1.8916,0.4445,2e-05,,,16.0,False,False,True,,,,,,,,,1.944935452744154,1.9346918347336524,0.0102436180105016,13.222118993768053,1.8972513675689695,0.4445882234722376,5.7440205035836325,16.343951585462342,0.2131640999315333,0.0792324335786908,0.1030689121366298,0.1455493041562778,0.1256180717087376,0.5684679453037652,58.47047176138586,0.08796694924465596,0.021679390578524766,0.014769421905350355,0.5914749399107919,0.28410929836067705
lrsw_dora_r16_lr5e5_s44,lrsw,44.0,lrsw_dora_r16_lr5e5,dora,0.2544,-0.5944828930236237,27.3,36.32,18.73,cs,34.54,20.05,47.25,44.2,35.54,9.8828,4.0244,5e-05,,,16.0,False,False,True,7.61,4.73,13.1,44.43,4.34,30.64,28.58,16.4,2.0746516626995946,1.810069211692996,0.2645824510065988,70.06838590178533,9.901449203491213,4.02731933221221,1.7154818572644697,4.01659386656549,0.0685486093231172,0.0507599322063528,0.1055889296940036,0.0554695394107737,0.0749545691589567,0.5543186582905152,95.29336424117993,0.09598165816943932,0.11386967774449022,0.08946465806133207,0.4833417082020089,0.21734229782272937
frc_milora_lr2e4_c256_s44,frc,44.0,frc_milora_lr2e4_c256,milora,0.5346,-0.2719710455794816,24.24,32.58,51.99,cs,31.16,17.31,38.95,39.25,36.22,40.8336,15.2158,0.0002,,,,False,False,True,56.94,79.49,21.44,84.17,24.07,61.45,57.76,30.6,2.248901991309805,1.810069211692996,0.4388327796168092,401.3463513614671,40.83375930786133,15.217483401298525,5.783036978280708,15.938440533898303,0.0681776887430877,0.0685135923899109,0.0711815470041819,0.1194682191648654,0.0655481862283623,0.5403565529096402,132.7489496124144,0.16643578411317633,0.19170375613968138,0.09191745627289735,0.3151793218916688,0.23476368158257624
qwsw_lorawd_wd0p3_lr7e5_s42,qwsw,42.0,qwsw_lorawd_wd0p3_lr7e5,lorawd,0.1161,-0.9351677802614262,39.92,50.41,87.77,cs,45.29,34.54,71.91,51.71,48.58,10.4297,2.9227,7.000000000000001e-05,0.3,,,False,False,True,74.34,89.88,79.48,95.24,86.35,96.13,89.33,91.4,2.021880540085666,1.9346918347336524,0.0871887053520135,76.25919619435643,10.443395614624023,2.923585832118988,3.3935464245883646,11.876530579073238,0.1161731711743971,0.0925460059922083,0.0848383207127041,0.0489871643752,0.0753815286781414,0.5393230453460961,59.00043649774421,0.07714743431535412,0.010686190105798517,0.009926052701776163,0.5585131850440361,0.343727137833035
frc_clora_k256_lr3e4_c256_s45,frc,45.0,frc_clora_k256_lr3e4_c256,clora,0.5839,-0.2336615247487127,23.08,29.88,78.72,cs,31.53,14.62,34.94,37.03,31.27,26.7519,12.2391,0.0003,,256.0,,False,False,True,71.16,81.94,79.79,88.7,82.56,81.65,65.19,78.8,2.332762782874611,1.810069211692996,0.5226935711816154,466.34713001874815,26.75950813293457,12.240658056735992,8.511127375249147,23.623109237232025,0.0623169194070859,0.0462222491326332,0.0661497427343358,0.0490378007858781,0.0602036281455362,0.5503941860039036,105.3047358477623,0.0883969273485502,0.08944414283921792,0.10017306020193882,0.4051617354016786,0.3168241342086144
qwswm_milora_r32_lr15e5_s42,qwswm,42.0,qwswm_milora_r32_lr15e5,milora,0.1244,-0.9051796196452,43.96,52.83,57.92,gsm8k,46.97,40.94,71.67,48.63,55.92,6.9192,1.8999,0.00015,,,32.0,False,False,True,,,,,,,,,2.170013641172605,1.9346918347336524,0.2353218064389528,71.80898228759317,6.920613765716553,1.900090747220176,10.988085327707108,31.72237837575076,0.0593931967727016,0.3953848186172066,0.0552004686738482,0.2840350600858875,0.0476667729947633,0.5323500187423713,71.75241760293395,0.09454264585175595,0.020557638622881378,0.033927172055142125,0.4354578675924059,0.4155146758778148
lrswm_lora_r16_lr2e4_s42,lrswm,42.0,lrswm_lora_r16_lr2e4,lora,0.3819,-0.4180503416266821,23.57,31.39,46.25,gsm8k,31.75,15.39,26.9,40.96,41.93,29.4329,10.0446,0.0002,,,16.0,False,False,True,,,,,,,,,2.143005645946444,1.8520239240816387,0.2909817218648052,241.98295423828736,29.487096786499023,10.049711734056473,3.490516292589847,9.48080399358965,0.0670340697210652,0.0495420089811292,0.0787467792310478,0.0497635122138452,0.0662976390668746,0.5873253325241672,108.896842664245,0.11862616154741795,0.12961666334123806,0.0932070215941088,0.36716186975672005,0.2913882837605151
lrsw_lorawd_wd0p3_lr3e4_s42,lrsw,42.0,lrsw_lorawd_wd0p3_lr3e4,lorawd,0.3769,-0.423773862550395,26.18,34.16,80.56,cs,32.97,19.39,43.24,39.93,35.27,22.6467,7.0799,0.0003,0.3,,,False,False,True,69.39,82.64,79.84,89.7,84.53,85.02,71.76,81.6,2.043574158464022,1.8520239240816387,0.1915502343823831,233.70447500309743,22.64618492126465,7.081189750134945,6.957457174233737,19.450225424866616,0.0719504762601397,0.0474450707887409,0.0839343830343561,0.0480315278158525,0.0708939763572343,0.545378714162368,119.83988789866264,0.12709728256404543,0.14493573244291708,0.09649379010995182,0.35397715751205205,0.2774960373710335
frc_lorawd_wd0p1_lr1e4_c256_s44,frc,44.0,frc_lorawd_wd0p1_lr1e4_c256,lorawd,0.2806,-0.5519123333076589,27.35,35.18,80.38,cs,35.19,19.51,46.83,40.61,33.75,19.6612,7.0681,0.0001,0.1,,,False,False,True,71.35,84.22,76.71,91.53,83.19,84.76,70.9,80.4,1.955645504581531,1.810069211692996,0.1455762928885353,159.95562428740485,19.71563720703125,7.070184561610222,3.1129424325403763,10.971009072935615,0.0701659317109615,0.0497116593399455,0.0866677047676521,0.0500867066798726,0.0705089965235839,0.5351070839857063,114.58778887085683,0.11643413311790209,0.12282260254289326,0.0971038583667854,0.39878504221972577,0.26485436375269344
frm_lora_null_lr2e4_c256_s43,frm,43.0,frm_lora_null_lr2e4_c256,lora_null,0.883,-0.0540392964224314,19.45,28.33,62.24,math_faithful,29.43,9.48,24.37,33.19,45.2,82.5132,13.2632,0.0002,,,,False,False,True,,,,,,,,,3.0794753461747035,1.8520239240816387,1.2274514220930648,792.6090155663002,82.51178741455078,13.26349160373211,25.72684643964068,61.98436136175513,0.0896601535486848,0.0423877586455509,0.0941250136751945,0.0588861533784929,0.0853325998519679,0.5655157457842889,126.29820746277414,0.17639839793999967,0.188763498949086,0.09925202292159199,0.33572188306171136,0.19986419712761094
qwswm_clora_k1024_lr5e5_s42,qwswm,42.0,qwswm_clora_k1024_lr5e5,clora,0.0386,-1.413412695328245,43.46,53.35,57.92,gsm8k,47.03,39.88,72.01,50.68,57.15,3.6464,0.7477,5e-05,,1024.0,,False,False,True,,,,,,,,,,,,27.24244967342247,3.6529717445373535,0.748054844433318,6.298026840680114,20.949604711750904,0.0579979845159696,0.0437132468204669,0.0662202064274637,0.0515236803784744,0.0496167395837081,0.5220950716510196,51.62288230897202,0.07760912736722646,4.63260084734444e-09,1.0193449902436044e-08,0.6606034373106883,0.26178742049603443
lrswm_lora_r16_lr1e3_s44,lrswm,44.0,lrswm_lora_r16_lr1e3,lora,1.2915,0.111094410509336,19.08,27.23,41.85,gsm8k,27.28,10.87,25.2,29.95,42.85,145.7182,27.6013,0.001,,,16.0,False,False,True,,,,,,,,,3.102937337761664,1.8520239240816387,1.2509134136800246,1117.5808654510352,145.71630859375,27.5987642467022,10.453561493302168,15.064544150107697,0.071294109247058,0.0450657677623449,0.0700343053305509,0.0506269398021781,0.0672135808273081,0.5661479703408068,117.48747638067825,0.1854329019428084,0.20472769626078058,0.14344408771335948,0.29246376536019486,0.17393154872285677
qwswm_sclora_r32_lr1e3_s43,qwswm,43.0,qwswm_sclora_r32_lr1e3,sclora,0.8559,-0.0675769736232612,7.24,23.77,21.23,gsm8k,12.79,1.68,27.36,33.7,43.33,54.7218,14.1088,0.001,,,32.0,False,False,True,,,,,,,,,4.086870271872026,1.9346918347336524,2.152178437138374,845.6936059848147,54.71877670288086,14.110639024632318,19.41120866139759,34.36542151950568,0.1331787088337088,0.0880516984359415,0.127938427683494,0.0432605605289666,0.1113601239293029,0.5280381869358638,66.62532869065876,0.1637564505651945,0.012641883967267283,0.01104098129847671,0.49887242407978954,0.31368826008927214
lrswm_dora_r16_lr5e4_s43,lrswm,43.0,lrswm_dora_r16_lr5e4,dora,0.8492,-0.0709900145060388,21.03,28.96,44.2,gsm8k,29.52,12.54,24.13,35.67,42.93,56.446,19.6115,0.0005,,,16.0,False,False,True,,,,,,,,,2.490319272772457,1.810069211692996,0.6802500610794608,626.4218939593616,56.444786071777344,19.62034695148468,6.312690719311741,13.160021234505384,0.0695094871997185,0.0469979946883819,0.0719702885018074,0.0500667224399661,0.0664034916887435,0.5902932661718877,120.08505294256797,0.1597165942176962,0.18110257246245082,0.10165961219931327,0.3153739148996136,0.24214730622092612
frc_lorawd_wd0p1_lr3e4_c256_s42,frc,42.0,frc_lorawd_wd0p1_lr3e4_c256,lorawd,0.5734,-0.2415423113895342,24.08,32.57,49.11,cs,31.39,16.78,42.83,38.05,33.79,42.523,12.4488,0.0003,0.1,,,False,False,True,33.03,19.31,46.32,20.27,50.67,81.02,68.26,74.0,2.256205750584091,1.8520239240816387,0.4041818265024521,415.2617092668213,42.52197647094727,12.450215631723404,7.2666402555016445,20.81381631079769,0.0704260871260453,0.0467683538883932,0.074822553316451,0.0488384524944047,0.067684949660774,0.5424161856930716,128.7542973036413,0.15127290371303426,0.17256651898559375,0.10093182643742232,0.3200715754375896,0.2551571754263602
frc_sclora_lr3e4_c256_s45,frc,45.0,frc_sclora_lr3e4_c256,sclora,1.0343,0.0146465246840317,16.0,25.36,76.65,cs,25.99,6.02,22.95,35.58,36.27,88.125,15.3106,0.0003,,,,False,False,True,69.24,80.79,78.71,82.81,80.66,78.54,64.85,77.6,2.755979035598483,1.810069211692996,0.9459098239054872,749.4791088913513,88.12378692626953,15.312237921357156,16.082546591950674,31.97467752604927,0.0764011339915608,0.0431235495497216,0.2591736071696935,0.024364649566287,0.1307320529408255,0.5141584330159873,129.5284229309189,0.1983172185195111,0.1945388370402946,0.08868373578108993,0.34211869300168907,0.17634151565741518
lrsw_lora_null_r16_lr2e5_s44,lrsw,44.0,lrsw_lora_null_r16_lr2e5,lora_null,0.138,-0.8601209135987634,26.12,36.47,68.84,cs,33.59,18.66,44.42,46.93,38.77,2.5567,1.1074,2e-05,,,16.0,False,False,True,62.17,75.19,76.05,62.21,58.09,81.31,63.74,72.0,1.8759606157205837,1.810069211692996,0.0658914040275877,27.790810105820537,2.558845281600952,1.1076443625614047,4.389748740811117,15.350608554865602,0.2489092886331227,0.0313720923641019,0.1636657274316578,0.0791899855063078,0.17514095696734,0.5567137101126164,124.49481080503165,0.1837528244273454,0.18130470324619324,0.09436292525523747,0.3557492943955516,0.18483025267567232
frc_lorawd_wd0p1_lr2e4_c256_s44,frc,44.0,frc_lorawd_wd0p1_lr2e4_c256,lorawd,0.4177,-0.3791355247348789,25.74,34.23,80.05,cs,33.22,18.27,45.37,39.59,34.71,29.87,10.693,0.0002,0.1,,,False,False,True,69.39,82.59,76.05,90.86,85.0,84.72,70.39,81.4,2.089026957360004,1.810069211692996,0.2789577456670085,302.6724595445657,29.901241302490234,10.698246708512306,5.01934173675045,16.741937053780408,0.0693594020719198,0.047446467177488,0.0781651712993145,0.0490298993472224,0.0680299814238611,0.5425086780173278,123.46716709499039,0.13385975353368942,0.1483876833319826,0.09738998398301318,0.3465121554621638,0.273850423689151
lrsw_dora_r16_lr5e4_s42,lrsw,42.0,lrsw_dora_r16_lr5e4,dora,1.2143,0.084325995016827,17.8,27.2,74.36,cs,25.53,10.07,30.25,34.47,35.68,202.5434,25.0,0.0005,,,16.0,False,False,True,69.24,73.99,76.66,76.72,72.85,79.59,64.85,81.0,2.5739670675837893,1.8520239240816387,0.7219431435021506,821.016627445977,202.5421295166016,25.00685402750969,7.019665531642909,13.398729302270972,0.0822807729038428,0.045242544485894,0.0765906446648016,0.0499796691779519,0.0761620771105845,0.4954655048013762,80.86969115932757,0.23685841978705285,0.23722340393972588,0.10340260223148892,0.24372281084914632,0.17879276319258597
frc_lorawd_wd0p2_lr5e4_c256_s45,frc,45.0,frc_lorawd_wd0p2_lr5e4_c256,lorawd,0.5266,-0.2785191452299507,24.89,33.18,80.81,cs,31.61,18.17,42.25,38.91,34.98,48.7956,9.0472,0.0005,0.2,,,False,False,True,71.96,83.03,79.89,91.2,84.06,84.81,70.9,80.6,2.112479429453725,1.810069211692996,0.3024102177607293,371.71463668924434,48.795047760009766,9.047785924375058,11.645013020375549,24.93630767266526,0.0741230203397406,0.0460323998852272,0.0790588188214505,0.0483266346568684,0.0712188449352811,0.5421386774177562,123.06379899959856,0.15109116287064223,0.1751902078994249,0.10665944079996185,0.3186784541217104,0.2483807343082606
frc_milora_a1r_lr5e4_c256_s43,frc,43.0,frc_milora_a1r_lr5e4_c256,milora,0.8585,-0.0662597005030646,21.27,27.48,76.92,cs,29.24,13.3,27.09,36.01,31.76,144.397,20.851,0.0005,,,,False,False,True,70.12,78.35,78.56,83.88,78.3,80.01,66.55,79.6,2.565861342872096,1.810069211692996,0.7557921311790998,710.4747902018032,144.39671325683594,20.852521306276323,9.011080198131197,20.713421982797342,0.0714744691433069,0.0609250554886143,0.0673775329698428,0.0679155117913765,0.0651517783548786,0.5145710674699367,115.58158330724865,0.2074271974567273,0.20954496168113732,0.096946248003669,0.2727047032368322,0.2133768896216342
frm_clora_k128_lr3e4_c256_s42,frm,42.0,frm_clora_k128_lr3e4_c256,clora,1.0793,0.0331421770606246,18.52,27.28,59.59,math_faithful,27.55,9.49,23.74,29.78,45.84,27.0206,15.2187,0.0003,,128.0,,False,False,True,,,,,,,,,3.372252300723053,1.8520239240816387,1.5202283766414144,940.3234178871091,27.0236930847168,15.219149288535116,25.73032315090285,54.81462978478083,0.0647321663572759,0.0461550617323849,0.0666537953569748,0.050369720587557,0.0627205498434416,0.6002872356291221,114.19632419912507,0.12918792124956402,0.1330247441107672,0.12758346708277002,0.3622155594673331,0.24798830808956573
lrswm_clora_k1024_lr3e4_s43,lrswm,43.0,lrswm_clora_k1024_lr3e4,clora,0.3191,-0.4960731958064895,22.8,31.43,49.05,gsm8k,29.98,15.62,29.27,42.15,40.11,17.0256,7.1067,0.0003,,1024.0,,False,False,True,,,,,,,,,2.2125124366402504,1.810069211692996,0.4024432249472547,274.402508670628,17.032489776611328,7.107736168801784,7.529885113171816,22.352257939912768,0.0585337226199313,0.0487256377211377,0.0636191686715021,0.0495495106609112,0.0558859394697465,0.5749501719646622,77.2107728084632,0.04410087879287261,0.04111244257755145,0.06472730083713635,0.4805872162932015,0.3694721614992381
qwsw_dora_r16_lr5e4_s44,qwsw,44.0,qwsw_dora_r16_lr5e4,dora,0.5737,-0.241315150117559,11.16,31.61,64.74,cs,14.38,7.95,57.04,38.14,40.53,40.3278,15.0901,0.0005,,,16.0,False,False,True,70.8,73.99,77.64,0.07,84.21,71.59,59.04,80.6,2.658365924195632,1.9346918347336524,0.7236740894619795,613.1744505472603,40.4033203125,15.09293248312814,8.984847804966353,14.745393140061758,0.1114826230326592,0.0982092819643006,0.0630355776044796,0.0470664317765966,0.0692591209371321,0.5093171830544313,74.16566137747817,0.17592588110276108,0.016711919129566946,0.01006151321475798,0.46398368401070467,0.3333170025422093
lrsw_clora_k1024_lr2e4_s45,lrsw,45.0,lrsw_clora_k1024_lr2e4,clora,0.3384,-0.470569645633014,25.19,34.3,80.62,cs,31.67,18.71,44.25,41.38,35.48,16.1449,7.8811,0.0002,,1024.0,,False,False,True,72.42,82.75,79.48,90.16,83.98,84.26,71.08,80.8,2.097913038230755,1.810069211692996,0.2878438265377594,258.1060037854607,16.14838218688965,7.884536007791757,5.582619533278118,18.81913047727773,0.0599765737605363,0.0487717971793848,0.0671387736966228,0.0489854610468425,0.0578904535405708,0.5458771782431645,84.72983948633374,0.05055709136296546,0.04594409739486158,0.07068017919327478,0.4672992815374181,0.36551935051148005
lrswm_milora_r32_lr3e4_s43,lrswm,43.0,lrswm_milora_r32_lr3e4,milora,0.4604,-0.3368646850422458,23.04,32.29,46.93,gsm8k,29.93,16.15,33.38,40.7,41.31,25.5421,11.6082,0.0003,,,32.0,False,False,True,,,,,,,,,2.292267682186269,1.810069211692996,0.4821984704932738,306.1572604337626,25.54203987121582,11.610066759586337,5.40956264182469,15.771157743157188,0.0623994556670801,0.1010108494830881,0.0724787100042531,0.1072386628482842,0.0635833888697265,0.5947479091914338,122.28614764753071,0.15277826560512606,0.18259941776087518,0.09626616241475436,0.32421776268584135,0.24413839153340308
qwswm_lora_r32_lr5e4_s43,qwswm,43.0,qwswm_lora_r32_lr5e4,lora,0.386,-0.413412695328245,35.7,47.11,71.04,gsm8k,40.13,31.27,62.64,49.15,52.34,32.727,8.5649,0.0005,,,32.0,False,False,True,,,,,,,,,2.4750286134132966,1.9346918347336524,0.5403367786796442,451.9790741529602,32.74052810668945,8.567090957505362,15.95926167965722,28.4966201450369,0.1090442391211695,0.094488976880852,0.0614438630512548,0.0474498980257082,0.0673786712853161,0.5217095911618271,69.90979540188717,0.15985897857482492,0.015165650480186966,0.009837071538220731,0.4667701151379634,0.348368184268804
qwsw_clora_k1024_lr5e5_s43,qwsw,43.0,qwsw_clora_k1024_lr5e5,clora,0.0974,-1.0114410431213845,38.94,50.18,87.23,cs,45.43,32.45,72.15,51.62,49.23,7.804,2.1121,5e-05,,1024.0,,False,False,True,73.0,89.55,79.48,95.1,84.61,95.45,88.65,92.0,2.0078319229101464,1.9346918347336524,0.073140088176494,61.07097355236839,7.806954860687256,2.112866890073045,3.1610383010711205,11.768307511585322,0.0589223150959663,0.0420901310513103,0.0747092004091464,0.0510837918130281,0.0504695724862603,0.5644553696391034,49.81699577332763,0.05055767472369432,1.906220862252662e-09,2.8808756576868566e-09,0.6471678710784707,0.30227444941073867
lrsw_clora_k1024_lr2e3_s44,lrsw,44.0,lrsw_clora_k1024_lr2e3,clora,1.8887,0.2761629803191415,6.32,20.37,54.26,cs,11.69,0.94,22.9,26.54,39.78,116.2509,29.1829,0.002,,1024.0,,False,False,True,61.93,61.32,66.89,37.95,60.77,49.71,40.1,55.4,3.998854296146935,1.810069211692996,2.188785084453939,1439.422710989847,116.25706481933594,29.186295706033707,16.50423125139968,29.240151737106128,0.0730761670928345,0.0477269303991032,0.0697378989175394,0.0511563814453573,0.0703205405723407,0.5171941316616716,76.24809862201839,0.13496483998925446,0.12892528103756454,0.15673043058296857,0.38018903421528494,0.1991904141749276
lrswm_clora_k1024_lr5e4_s42,lrswm,42.0,lrswm_clora_k1024_lr5e4,clora,0.4801,-0.3186682940308342,22.77,30.25,47.23,gsm8k,30.53,15.01,25.8,36.86,43.07,20.1656,9.4934,0.0005,,1024.0,,False,False,True,,,,,,,,,2.469135914528221,1.8520239240816387,0.617111990446582,423.8496544426218,20.168046951293945,9.49409258812666,10.483988069438093,25.20338434899169,0.0573707927680215,0.0473174305434144,0.0617149163491772,0.0494522501531035,0.055246782670786,0.5798911249698878,78.77276849299396,0.04832239573280525,0.04520768540451611,0.07134752249749413,0.47072822585055846,0.3643941705146262
qwswm_lorawd_wd0p3_lr3e4_s43,qwswm,43.0,qwswm_lorawd_wd0p3_lr3e4,lorawd,0.0993,-1.0030507515046188,44.98,54.04,72.78,gsm8k,47.95,42.02,71.72,52.39,56.13,8.6699,2.232,0.0003,0.3,,,False,False,True,,,,,,,,,,,,97.05874519717136,8.669093132019043,2.232509869975703,11.341910578571996,25.38025770812496,0.1164324773573964,0.1007348598007669,0.0664986649895393,0.0469305081350409,0.0719980064712006,0.5368357054055769,69.65154882791113,0.1294880430565705,0.018102765946639884,0.011421492203989794,0.4590373808798315,0.38195031791296846
frc_lorawd_wd0p5_lr1e4_c256_s45,frc,45.0,frc_lorawd_wd0p5_lr1e4_c256,lorawd,0.2102,-0.6773672883077766,27.92,35.78,76.14,cs,35.37,20.46,45.45,41.81,35.83,13.9508,4.5226,0.0001,0.5,,,False,False,True,56.73,78.35,78.56,82.22,82.16,83.29,69.2,78.6,1.899816154235944,1.810069211692996,0.0897469425429482,100.90293330234454,13.956059455871582,4.523819535970688,2.9732178593196257,9.432386294948811,0.0726271729537908,0.0515497435681984,0.097452010494524,0.050910638286861,0.0743098883408496,0.5386774671243745,105.23143827700964,0.10432000739846088,0.10945130726823293,0.09205638152878481,0.42680612286416353,0.26736618094035774
frc_lorawd_wd0p5_lr5e4_c256_s43,frc,43.0,frc_lorawd_wd0p5_lr5e4_c256,lorawd,0.2636,-0.5790545940780277,26.97,33.78,80.92,cs,33.77,20.16,42.07,38.82,34.1,23.587,4.5314,0.0005,0.5,,,False,False,True,68.93,84.66,81.37,89.32,83.98,86.28,70.99,81.8,1.9152920531484143,1.810069211692996,0.1052228414554186,164.16457768501002,23.58688735961914,4.531727416068316,8.751603557998308,20.92645053956414,0.0758259466322709,0.0469388666693443,0.0910859720586789,0.0480655309382085,0.0751605887219332,0.5419951965380171,110.28498071089291,0.12065092330538096,0.14573303461343287,0.09519480794692967,0.37124690878988226,0.2671743253443743
lrswm_clora_k1024_lr3e4_s44,lrswm,44.0,lrswm_clora_k1024_lr3e4,clora,0.318,-0.4975728800155673,23.76,31.0,47.38,gsm8k,31.98,15.54,25.29,42.24,39.97,17.3113,7.0445,0.0003,,1024.0,,False,False,True,,,,,,,,,2.194528109809009,1.810069211692996,0.3844588981160137,274.4476547587092,17.33991050720215,7.046234469488264,7.678778506044547,22.501297616553604,0.0581296763107867,0.0487393071708517,0.063562271823224,0.0493720024061425,0.05569301704169,0.5760386324417668,76.9017125489478,0.04369049693208699,0.04075701786405699,0.06440674329415746,0.47951958799236594,0.37162615391733267
qwsw_clora_k1024_lr2e4_s45,qwsw,45.0,qwsw_clora_k1024_lr2e4,clora,0.2083,-0.6813107300522541,40.64,48.48,78.32,cs,45.63,35.65,69.21,46.33,45.59,21.0264,5.3269,0.0002,,1024.0,,False,False,True,74.59,41.73,78.56,87.78,85.64,90.19,80.89,87.2,2.231274525339065,1.9346918347336524,0.2965826906054127,243.84526840586048,21.035808563232425,5.32866282847026,8.283452986734977,23.136337707345835,0.0535739618038629,0.0428483666472194,0.060304014069685,0.044503589085004,0.0444631150797212,0.5615708148550114,54.69397034349029,0.04125507503883681,3.366696408821477e-10,6.052772879734105e-10,0.5553131422821137,0.40343178173710276
lrsw_lora_null_r16_lr2e4_s44,lrsw,44.0,lrsw_lora_null_r16_lr2e4,lora_null,0.3507,-0.4550642341184974,25.24,33.54,61.36,cs,33.07,17.41,44.29,40.27,32.68,17.3862,7.2222,0.0002,,,16.0,False,False,True,71.16,67.85,24.97,59.3,79.48,71.0,54.35,62.8,2.0904983311429386,1.8520239240816387,0.2384744070612998,226.28762613519376,17.400161743164062,7.225383889675141,6.1946835377615,16.21847503034562,0.1717349810007374,0.0369781907532987,0.1163488918624891,0.0627246399489955,0.1216934204879012,0.5476222616401994,125.60828047073001,0.1476121561635858,0.15297307898620888,0.08250584733396099,0.3336780861785834,0.2832308313376609
qwsw_sclora_r32_lr1e3_s43,qwsw,43.0,qwsw_sclora_r32_lr1e3,sclora,1.0935,0.0388187873736558,6.24,20.82,59.43,cs,11.93,0.54,24.37,28.67,38.58,99.2904,19.3045,0.001,,,32.0,False,False,True,64.95,56.42,70.21,24.43,71.27,66.2,51.54,70.4,3.66150579345156,1.9346918347336524,1.7268139587179072,1053.2278902433875,99.28701782226562,19.30670240521431,17.219494782192942,32.327464826998714,0.1190919805899201,0.0974159574660835,0.0887598560219038,0.0484678598925744,0.0921588302073224,0.49161548751003586,75.24470910804679,0.24844086109975325,0.013577576443983103,0.009350105350539177,0.45030946862387755,0.2783219884818471
frm_milora_lr1e4_c256_s44,frm,44.0,frm_milora_lr1e4_c256,milora,0.4483,-0.3484312611342081,23.94,32.3,63.76,math_faithful,32.38,15.51,28.96,40.53,44.1,32.511,10.404,0.0001,,,,False,False,True,,,,,,,,,2.51962782135336,1.8520239240816387,0.6676038972717211,347.1065295728994,32.511268615722656,10.404637607932091,9.993262639970371,33.17733326842482,0.061581944019526,0.0880955256336906,0.0622787476760741,0.1901777675367397,0.0593173514554785,0.5810638818471624,120.84826894594147,0.15636647873838377,0.17620640921108793,0.08390442184957517,0.34520536902871934,0.2383173211722338
qwsw_lora_r16_lr7e5_s42,qwsw,42.0,qwsw_lora_r16_lr7e5,lora,0.1352,-0.8690233083943829,36.38,48.09,87.47,cs,40.76,31.99,71.66,47.95,48.09,13.0507,3.4996,7.000000000000001e-05,,,16.0,False,False,True,73.58,89.72,80.96,95.02,84.77,95.62,88.65,91.4,2.022092537643677,1.9346918347336524,0.0874007029100245,80.14650518235318,13.071828842163086,3.501416360054697,2.6033089608376514,7.12035488568994,0.1148272356717577,0.0919742096347589,0.0843653344727402,0.0500721267320833,0.0746808316059017,0.5302775617490504,58.546787621920956,0.07954233798956889,0.010651332317003036,0.009680528788574512,0.5770276997503108,0.3230981011545428
lrswm_milora_r32_lr2e5_s44,lrswm,44.0,lrswm_milora_r32_lr2e5,milora,0.2727,-0.5643148620583701,25.68,34.04,34.8,gsm8k,33.91,17.46,30.91,47.35,40.57,3.6069,1.5707,2e-05,,,32.0,False,False,True,,,,,,,,,1.881207205910536,1.810069211692996,0.07113799421754,27.26522823618913,3.61389422416687,1.5714696083217858,2.721596480494441,9.538934962363596,0.0499496758660019,0.2642650572004776,0.1506981170239568,0.1788245470541918,0.0759360815653474,0.5776502967292841,94.87955111477895,0.09576275887859592,0.13066957433160412,0.10109823337059844,0.4790187609300137,0.193450672489188
lrsw_dora_r16_lr5e5_s43,lrsw,43.0,lrsw_dora_r16_lr5e5,dora,0.2557,-0.5922692719736646,26.98,36.61,35.79,cs,34.19,19.76,46.99,45.99,36.14,10.1364,4.0313,5e-05,,,16.0,False,False,True,53.55,72.03,20.88,14.81,44.99,34.47,28.41,17.2,2.0672504027319825,1.810069211692996,0.2571811910389867,70.0632547320019,10.15318202972412,4.034120252728462,1.7130535988793003,3.976058899350708,0.0692645785951865,0.0504241916170972,0.1071095006320867,0.0551565104103678,0.0758692629830894,0.5530167698886531,94.75689556591233,0.09554596002616421,0.11569053558136153,0.09122297369202192,0.4844437249112871,0.2130968057891652
frc_lora_null_lr2e4_c256_s43,frc,43.0,frc_lora_null_lr2e4_c256,lora_null,0.5343,-0.272214825817094,23.29,31.55,79.75,cs,31.95,14.63,41.44,37.37,32.36,29.1502,10.6804,0.0002,,,,False,False,True,72.02,83.62,80.76,86.1,80.82,83.0,70.48,81.2,2.3434972588692133,1.810069211692996,0.5334280471762176,440.0752014076673,29.14997100830078,10.681008699536324,10.958803504184631,30.35156755084074,0.1024681617791638,0.0418907099445519,0.114589622928582,0.063345801596758,0.0954939568057013,0.5463273385530719,127.06761714841826,0.15892590790898212,0.16746858615062504,0.08790674040758453,0.35983419656916604,0.22586456896364226
lrsw_clora_k1024_lr5e4_s45,lrsw,45.0,lrsw_clora_k1024_lr5e4,clora,0.6463,-0.1895658440773272,21.66,29.64,77.94,cs,30.56,12.75,33.73,36.18,35.0,27.1284,12.625,0.0005,,1024.0,,False,False,True,70.98,81.83,78.76,88.21,81.22,79.29,63.82,79.4,2.433674101264704,1.810069211692996,0.6236048895717083,556.6187703102217,27.118383407592773,12.625804632902144,11.495393936245524,25.676459403100736,0.0583992992593001,0.0463766844207422,0.0610679736495563,0.0491753452660042,0.056291956462462,0.5505920714357796,93.85042243886514,0.06658229108379149,0.06361092838380761,0.09042151689790032,0.43854459928406264,0.34084066435043775
frc_clora_k1024_lr3e4_c256_s44,frc,44.0,frc_clora_k1024_lr3e4_c256,clora,0.4514,-0.3454384452582567,24.54,32.46,79.93,cs,32.59,16.5,38.71,39.42,35.1,20.1383,9.9465,0.0003,,1024.0,,False,False,True,72.66,83.08,78.92,89.26,83.27,83.12,69.11,80.0,2.300719129400923,1.8520239240816387,0.4486952053192841,371.1440356284264,20.144256591796875,9.948599003255367,7.4604129749533135,22.128028477455025,0.0584833654324494,0.0472685121906571,0.0638173092639272,0.0488831867743633,0.056627465260644,0.5468436635430266,87.10128751723691,0.054247995710803534,0.0503169136293095,0.07679412442610231,0.45827249615445076,0.36036847007933387
qwswm_milora_r32_lr3e4_s42,qwswm,42.0,qwswm_milora_r32_lr3e4,milora,0.1969,-0.7057542838618818,39.51,50.75,55.95,gsm8k,39.36,39.66,70.1,49.66,54.98,13.8738,3.5525,0.0003,,,32.0,False,False,True,,,,,,,,,,,,151.0265244976021,13.873613357543944,3.5529053394283565,12.613135541176533,30.374995329450872,0.0766816768875932,0.2610750645757874,0.0559335623317146,0.1953330211659557,0.0566366026781058,0.534186376728631,73.36569219829951,0.1239360516747989,0.019062249812355953,0.022921098593913773,0.4466022905494355,0.387478309369496
frm_milora_lr1e4_c256_s43,frm,43.0,frm_milora_lr1e4_c256,milora,0.4519,-0.3449576586687982,24.04,32.75,64.44,math_faithful,32.56,15.53,35.8,38.99,40.89,41.9214,10.6017,0.0001,,,,False,False,True,,,,,,,,,2.553180866240772,1.8520239240816387,0.701156942159133,348.8112894437976,41.921016693115234,10.602432134747506,9.928588110918126,33.02511607831142,0.0627504426679696,0.087722010996499,0.062357305554325,0.1894661654926657,0.0597978724949717,0.575721057131576,120.03290479956038,0.15600506897430896,0.18187836309167452,0.08355798973655168,0.342895608415261,0.2356629697822038
lrsw_clora_k1024_lr5e4_s44,lrsw,44.0,lrsw_clora_k1024_lr5e4,clora,0.6606,-0.1800614306446046,21.03,31.07,78.33,cs,29.32,12.74,38.05,37.37,37.85,27.8635,12.6177,0.0005,,1024.0,,False,False,True,70.28,82.05,79.63,86.92,81.93,80.51,65.7,79.6,2.497613664298703,1.8520239240816387,0.6455897402170643,556.4683797282505,27.85356903076172,12.618546524643898,11.47419117574656,25.65023140670714,0.0583564173231843,0.046338976635138,0.0612020724400649,0.049170226086314,0.056328101106593,0.5507209110497311,93.76349082173058,0.0660400434999395,0.06368559233371157,0.09035543684071198,0.43812625228102514,0.34179267504461197
qwswm_dora_r16_lr1e4_s43,qwswm,43.0,qwswm_dora_r16_lr1e4,dora,0.071,-1.1487416512809248,43.42,53.65,62.93,gsm8k,46.95,39.88,72.07,52.73,56.61,6.0659,1.926,0.0001,,,16.0,False,False,True,,,,,,,,,1.9850969230734976,1.9346918347336524,0.0504050883398452,49.926647168491854,6.072073459625244,1.9270196889128004,3.976821992845201,10.439178241159969,0.1224021057696202,0.1020947875701359,0.0716287978304082,0.050544227364188,0.0753551663430741,0.5260866714942002,67.09910857996515,0.11486943666589064,0.017612501078915613,0.013170978346434468,0.5195743008805201,0.3347727830282391
frc_lorawd_wd0_lr7e4_c256_s43,frc,43.0,frc_lorawd_wd0_lr7e4_c256,lorawd,1.5106,0.1791494803611487,16.06,24.93,64.84,cs,24.82,7.3,23.64,31.31,37.59,188.6424,27.766,0.0007,0.0,,,False,False,True,64.43,73.29,75.13,53.55,71.51,65.32,50.09,65.4,3.1799209289089214,1.810069211692996,1.3698517172159257,1287.3456119064767,188.63755798339844,27.76875476241112,15.316579139590896,28.01898143128856,0.0768114067386354,0.0462786648119453,0.0686651283222539,0.0514459505135041,0.0702326502111332,0.5111769885893321,114.11978753996839,0.23020641112129936,0.25396550519938693,0.1345158578369771,0.22666032769375333,0.15465189814858332
lrsw_lora_null_r16_lr3e4_s42,lrsw,42.0,lrsw_lora_null_r16_lr3e4,lora_null,0.4459,-0.3507625276503927,24.5,32.5,31.64,cs,32.28,16.72,40.07,38.48,34.94,26.6201,10.1975,0.0003,,,16.0,False,False,True,55.6,2.77,0.26,9.78,57.85,43.6,29.1,54.2,2.160612556673457,1.8520239240816387,0.3085886325918188,343.8169998660805,26.61977195739746,10.200006291270256,7.078290479216039,15.715853882891814,0.1049135208898724,0.0388869288930514,0.0737119203236102,0.0516007237031622,0.0841636653715226,0.5478038113938348,123.78862031531918,0.13591433739526815,0.1475497790048309,0.09363426708199021,0.353458281698443,0.26944333481946786
qwswm_lorawd_wd0p3_lr3e4_s42,qwswm,42.0,qwswm_lorawd_wd0p3_lr3e4,lorawd,0.1038,-0.9838026464875608,45.44,54.37,66.64,gsm8k,47.57,43.3,71.58,53.5,55.91,7.962,2.2187,0.0003,0.3,,,False,False,True,,,,,,,,,,,,97.27526086860584,7.981849193572998,2.2192202787314144,11.376651172628328,25.35913965697349,0.1166015015819728,0.0998800007242728,0.0667074492281265,0.0470199559697523,0.0722560133652606,0.5334457182239696,69.1228613815541,0.1283658773701007,0.017521049156182678,0.011277643287870929,0.461900035806341,0.38093539437950474
frm_lorawd_wd0_lr7e4_c256_s42,frm,42.0,frm_lorawd_wd0_lr7e4_c256,lorawd,10.8005,1.0334438612475565,1.82,20.05,37.0,math_faithful,3.64,0.0,23.28,25.09,48.23,1342.2177,115.7789,0.0007,0.0,,,True,False,True,,,,,,,,,10.21390813722959,1.8520239240816387,8.36188421314795,6903.042337438749,1342.241455078125,115.78249257206916,25.008023810213857,53.78866932090816,0.1011608476400687,0.0446640053627529,0.1208321860064497,0.0462729848342619,0.112085054463651,0.5259494558251344,34.61037175213138,0.11079936552147633,0.09970109358571304,0.1458104990562616,0.45826216103181916,0.18542688080473008
lrsw_sclora_r32_lr5e5_s43,lrsw,43.0,lrsw_sclora_r32_lr5e5,sclora,0.286,-0.5436339668709571,25.56,34.5,80.84,cs,33.6,17.51,44.4,41.3,35.71,6.5311,2.6418,5e-05,,,32.0,False,False,True,72.26,83.9,79.32,90.35,81.93,85.1,72.27,81.6,2.018126304650288,1.8520239240816387,0.1661023805686494,92.80990130695348,6.53144121170044,2.642764089629054,9.1537278283852,34.435684016438024,0.0909641825022707,0.0369264268073195,0.3867389711257165,0.011886899270667,0.1626187667308032,0.5140763145402691,119.84070316800471,0.1661729056492045,0.16154681200744503,0.07403609089106372,0.3985499886092384,0.1996942028430485
lrsw_lora_null_r16_lr5e4_s44,lrsw,44.0,lrsw_lora_null_r16_lr5e4,lora_null,0.7055,-0.1515029819096333,21.64,29.7,78.82,cs,29.58,13.71,35.09,35.75,34.38,56.3436,16.0318,0.0005,,,16.0,False,False,True,71.04,81.66,78.51,88.18,82.79,80.89,66.89,80.6,2.39126871298316,1.8520239240816387,0.539244788901521,577.1233982198718,56.34230041503906,16.03326643705368,8.34715556983774,15.79890937394126,0.1139937529138322,0.0414502890933211,0.0900161919272607,0.0565253291965259,0.0927759513032542,0.5390422617034425,135.62155031137027,0.17477801297958492,0.19367582258289198,0.0990999715615982,0.2983697192908507,0.23407647358507405
frm_lorawd_wd0p3_lr2e4_c512_s42,frm,42.0,frm_lorawd_wd0p3_lr2e4_c512,lorawd,0.2821,-0.5495969138446337,26.15,34.78,69.52,math_faithful,33.57,18.73,36.97,41.55,43.09,21.1115,4.3849,0.0002,0.3,,,False,False,True,,,,,,,,,2.062832721929168,1.8520239240816387,0.210808797847529,192.6486288393521,21.111215591430664,4.38540466427803,12.986614227507095,38.58789331202764,0.0732605415082701,0.0485288808199941,0.0863359950352737,0.0492899831386475,0.0726716326879041,0.5715894792629067,114.86707580282898,0.13083729510408268,0.15123410105508017,0.09219911610526607,0.35556375161819864,0.2701657361173726
qwsw_lora_r16_lr1e4_s42,qwsw,42.0,qwsw_lora_r16_lr1e4,lora,0.1609,-0.7934439559009705,38.55,47.82,87.43,cs,44.74,32.36,71.02,44.28,46.69,15.9876,4.7314,0.0001,,,16.0,False,False,True,73.33,89.72,79.84,95.11,85.79,96.0,89.08,90.6,,,,117.61025881342132,16.01188087463379,4.733590887699808,3.122489528485888,8.534703687477002,0.1157462507352042,0.0917150889192008,0.0786314665985772,0.0484023441386105,0.0736853962669266,0.5321364031900586,62.130514928817945,0.08403923816862928,0.011264217995141181,0.009924991305761825,0.5373253309306906,0.3574462215997771
lrsw_lora_r16_lr1e4_s43,lrsw,43.0,lrsw_lora_r16_lr1e4,lora,0.3036,-0.5176982327765572,26.46,35.27,54.46,cs,33.54,19.38,45.88,42.41,35.15,17.9099,7.3741,0.0001,,,16.0,False,False,True,63.98,62.51,53.74,79.48,72.06,37.33,32.0,34.6,2.0601335762829134,1.810069211692996,0.2500643645899176,145.3913036670675,17.941457748413086,7.377063216269017,2.3128325952622206,6.252996731227204,0.0706907891700961,0.0492784670478776,0.0899717808577375,0.0504413558037714,0.0719556093530174,0.5453013588075352,111.23769961121121,0.11306910198482242,0.11846487946645937,0.09199021353468004,0.4034187899058499,0.2730570151081883
lrswm_dora_r16_lr5e5_s42,lrswm,42.0,lrswm_dora_r16_lr5e5,dora,0.3361,-0.4735314875305225,25.92,33.58,38.36,gsm8k,34.71,17.14,28.79,44.8,42.46,13.1105,3.6832,5e-05,,,16.0,False,False,True,,,,,,,,,1.9671348032823677,1.8520239240816387,0.1151108792007287,66.34165279622873,13.14430046081543,3.6855702981352807,1.8420305518304765,4.421956071907698,0.0653435522154764,0.0563916576101515,0.1237081550980918,0.0506826363442996,0.0766619222200667,0.5671275821362867,87.02139959207587,0.09836321422366227,0.12039992911051084,0.08646343324862849,0.4946210693743269,0.20015235404287146
qwswm_dora_r16_lr2e5_s43,qwswm,43.0,qwswm_dora_r16_lr2e5,dora,0.0396,-1.4023048140744876,43.52,53.67,56.41,gsm8k,47.98,39.05,72.1,51.79,57.44,2.1306,0.5476,2e-05,,,16.0,False,False,True,,,,,,,,,1.9507247312616531,1.9346918347336524,0.0160328965280009,11.252572725516956,2.135704278945923,0.5480655485498054,2.30698019823904,6.53567089478874,0.1241479558542378,0.1058860256855785,0.1023524105360105,0.0549791484242568,0.0844284422734909,0.5279887808939849,52.06317467455283,0.11019222299403873,0.0214428587335803,0.012324710249780206,0.6521027755158653,0.20393743250673554
frc_lorawd_wd0p1_lr5e4_c256_s45,frc,45.0,frc_lorawd_wd0p1_lr5e4_c256,lorawd,0.7391,-0.1312967977214633,22.29,29.52,78.79,cs,30.32,14.26,32.62,38.05,32.36,80.2495,13.3516,0.0005,0.1,,,False,False,True,70.86,82.43,79.73,87.5,81.45,80.85,66.72,80.8,2.3010770195726806,1.810069211692996,0.4910078078796849,564.4667105878478,80.24688720703125,13.352918702363969,12.49841525160022,25.82261011842516,0.0741283246216478,0.0459862385415171,0.073755993995783,0.0493539339845445,0.0695060925215845,0.5323083743302964,127.10227159945939,0.17707100119388522,0.19981883947382184,0.11283096391337674,0.28872806772744997,0.22155112769146623
frm_lorawd_wd0p2_lr1e4_c256_s43,frm,43.0,frm_lorawd_wd0p2_lr1e4_c256,lorawd,0.2795,-0.5536181877775579,25.5,34.3,64.52,math_faithful,33.34,17.65,37.48,42.32,40.72,18.7134,5.5096,0.0001,0.2,,,False,False,True,,,,,,,,,2.11997145238401,1.8520239240816387,0.2679475283023711,186.85392156930567,18.717660903930664,5.5103157490491865,7.504785334147993,29.655126585944444,0.0694932856194087,0.0502602940439664,0.0810835693762039,0.0502578319115812,0.0687947679860421,0.5797818465133066,115.7348309467491,0.13209352780464215,0.14389747334070285,0.09626683350484683,0.3549644035968345,0.2727777617529737
frc_lorawd_wd0_lr3e4_c256_s43,frc,43.0,frc_lorawd_wd0_lr3e4_c256,lorawd,0.7393,-0.1311792938024826,23.46,30.13,79.84,cs,31.72,15.21,30.98,37.71,35.01,62.6106,17.5556,0.0003,0.0,,,False,False,True,71.5,83.3,79.63,88.07,82.48,82.11,69.2,82.4,2.4702164051272906,1.810069211692996,0.6601471934342948,593.8158233043312,62.609561920166016,17.557985681295396,7.605369331433982,21.57965114200003,0.06897322812548,0.0462031732644604,0.0709773498045382,0.049939365201045,0.065979433438555,0.5383135935773073,133.93577556204463,0.16758933307068352,0.18995712723195685,0.10559356213613702,0.3029774871180849,0.2338824904431377
frc_milora_r32_lr3e4_c256_s43,frc,43.0,frc_milora_r32_lr3e4_c256,milora,0.7232,-0.1407415825326931,22.46,30.35,49.0,cs,30.98,13.95,34.03,36.69,36.12,71.3317,19.0445,0.0003,,,32.0,False,False,True,67.43,27.2,17.55,69.04,9.94,77.86,63.99,59.0,2.4353326005959834,1.810069211692996,0.6252633889029877,608.193335665043,71.33094024658203,19.045240938663483,7.954089496881877,19.28430341990594,0.0690301308994313,0.0573955944161777,0.0673311415959663,0.091496046214196,0.0645868639792349,0.5281246143158782,129.51814730998788,0.17846214136583963,0.20982309365784277,0.09336949662192097,0.29177447562038483,0.2265707927340119
frc_clora_k1024_lr3e4_c256_s42,frc,42.0,frc_clora_k1024_lr3e4_c256,clora,0.4413,-0.3552660725528074,24.3,32.72,80.14,cs,31.72,16.88,43.52,39.51,31.96,21.1078,9.9019,0.0003,,1024.0,,False,False,True,71.83,84.44,78.45,88.61,82.64,83.96,68.43,82.8,2.2697829769998994,1.8520239240816387,0.4177590529182606,370.6636015854243,21.114238739013672,9.903950087726116,7.465596397687664,22.098794024618247,0.0583157600609842,0.0473420166396864,0.0636922166010024,0.0489113234940024,0.0564837242340196,0.5457147715848434,86.89505086294476,0.053699240918680564,0.05013816836476795,0.07632045918044922,0.4584655971785825,0.3613765343575198
lrsw_dora_r16_lr2e5_s43,lrsw,43.0,lrsw_dora_r16_lr2e5,dora,0.2191,-0.6593576224392947,26.18,36.25,66.73,cs,33.47,18.9,45.0,46.42,37.46,4.8437,1.9097,2e-05,,,16.0,False,False,True,68.44,78.56,66.22,42.65,56.83,82.03,63.91,75.2,1.8591089907446885,1.810069211692996,0.0490397790516927,30.16177958146433,4.854936122894287,1.9115839499980207,1.2697272390865872,2.288385137625859,0.0620764363249449,0.0472883178947906,0.1345958534951185,0.0611581851193208,0.080023538912275,0.5467030225762877,72.87376928483741,0.08177241653455403,0.10818399611951172,0.08576494464957785,0.6159413661897656,0.10833727650659077
frm_lorawd_wd0p5_lr2e4_c256_s44,frm,44.0,frm_lorawd_wd0p5_lr2e4_c256,lorawd,0.2211,-0.6554112574212861,25.91,35.45,64.97,math_faithful,33.6,18.22,39.45,42.15,43.85,16.6368,3.0962,0.0002,0.5,,,False,False,True,,,,,,,,,1.9503406913755108,1.810069211692996,0.140271479682515,126.57301005906191,16.636943817138672,3.096499568969011,10.88935265661878,33.304546961404846,0.077325366009756,0.0495673068581112,0.0953302541708246,0.048789438524504,0.0765186012513356,0.5699150296169615,108.352995554278,0.11711051917271456,0.1426107806563739,0.08924888926377164,0.3765387186848142,0.2744910922223258
frm_lorawd_wd0p3_lr5e4_c256_s43,frm,43.0,frm_lorawd_wd0p3_lr5e4_c256,lorawd,0.3973,-0.4008814349446371,24.3,32.0,64.67,math_faithful,33.11,15.48,28.1,39.93,43.4,41.1982,5.0833,0.0005,0.3,,,False,False,True,,,,,,,,,2.1655337255904725,1.810069211692996,0.3554645138974768,255.8983138803896,41.19799423217773,5.083739186823368,18.65020165146176,45.66695237454823,0.0817656912595994,0.0456758885525211,0.093574263033639,0.0472791828565087,0.0798519128199431,0.5564551803296997,103.37949118990514,0.13330168044760818,0.1573631888978441,0.09437077014502984,0.35659594158775665,0.2583684189217613
frc_lorawd_wd0p3_lr5e4_c256_s45,frc,45.0,frc_lorawd_wd0p3_lr5e4_c256,lorawd,0.3917,-0.4070464284521341,25.8,32.25,81.67,cs,33.16,18.43,36.66,38.82,34.19,33.3102,6.7451,0.0005,0.3,,,False,False,True,72.69,84.22,80.86,90.85,85.16,85.02,71.76,82.8,1.995453527432173,1.810069211692996,0.1853843157391772,266.2717497931986,33.309364318847656,6.745564275979996,10.469575389890446,23.68015313561628,0.0743172374923359,0.0464348649414675,0.0833225368779326,0.0479369755862284,0.072268632653493,0.543872129669592,119.07619303584143,0.13510526640193646,0.15912492893629654,0.10207958873355286,0.3416317923498008,0.26205842357841325
frc_sclora_b0p9_em_r128_lr5e5_s43,frc,43.0,frc_sclora_b0p9_em_r128_lr5e5,sclora,0.2003,-0.6983190507064237,27.56,36.63,67.93,cs,35.62,19.51,48.68,43.17,36.18,7.0961,2.5037,5e-05,,,128.0,False,False,True,10.8,56.2,77.48,76.63,83.11,85.82,72.78,80.6,2.066721488114374,1.810069211692996,0.2566522764213783,94.34923224415438,7.096102237701416,2.504219895973802,13.57134692046056,72.40997764698906,0.0350504271346218,0.3981119468821207,0.0995511346280706,0.066244413473472,0.0556979399290263,0.5251459763566828,118.07494432341159,0.12138907466294294,0.11754095390201166,0.09818462605659235,0.293316279111668,0.3695690662667849
lrsw_lorawd_wd0p3_lr2e4_s42,lrsw,42.0,lrsw_lorawd_wd0p3_lr2e4,lorawd,0.3007,-0.5218665718994824,27.66,36.04,40.74,cs,35.28,20.05,47.07,42.83,34.97,21.1871,7.0286,0.0002,0.3,,,False,False,True,61.96,26.17,35.31,68.32,42.38,30.68,28.5,32.6,2.018828858291148,1.8520239240816387,0.1668049342095088,195.62416257838265,21.207883834838867,7.032312966883183,4.769270815544503,15.474202459714228,0.0704525412893732,0.0483823147214095,0.0856834158128733,0.0483765214449085,0.0706768796894374,0.5415091005960682,117.17694091133143,0.12003354699265661,0.13341244928866675,0.0959026779867833,0.36751890246485364,0.2831324232670396
lrswm_lora_r16_lr2e5_s44,lrswm,44.0,lrswm_lora_r16_lr2e5,lora,0.3337,-0.4766437933452072,26.06,33.78,34.72,gsm8k,34.66,17.45,29.87,46.33,40.59,7.0256,2.0815,2e-05,,,16.0,False,False,True,,,,,,,,,1.8754379517948685,1.810069211692996,0.0653687401018727,33.193753017393526,7.040441513061523,2.083462565392256,1.3181541726989283,2.3833112974992243,0.0598318903456929,0.0506754839708519,0.1735978286531541,0.0496482792429327,0.0859929466799272,0.5641193000887499,69.1890536780156,0.09363514377207,0.13319384321067257,0.08108579085098622,0.5916627004503888,0.10042252171588223
frm_milora_lr7e4_c256_s43,frm,43.0,frm_milora_lr7e4_c256,milora,11.8947,1.075353493032589,0.44,20.2,36.69,math_faithful,0.8,0.08,24.13,25.77,50.24,1464.5677,127.4785,0.0007,,,,True,False,True,,,,,,,,,9.943685028987405,1.810069211692996,8.133615817294409,7319.823499730953,1464.34619140625,127.47954705953596,24.827601783439427,52.49364969720573,0.1000828561496108,0.0457584656950872,0.1207732924117341,0.0500525851079252,0.111176327444522,0.5317389938995669,32.35912002656699,0.12429387475822118,0.11612620730762041,0.13330083820270522,0.4457609200823567,0.1805181596490965
frc_lorawd_wd0p2_lr3e4_c256_s44,frc,44.0,frc_lorawd_wd0p2_lr3e4_c256,lorawd,0.4315,-0.3650191999487716,25.96,33.25,79.1,cs,33.82,18.11,41.89,38.14,34.28,30.192,9.1723,0.0003,0.2,,,False,False,True,68.44,83.03,69.86,90.9,84.06,84.01,71.67,80.8,2.0690428100785883,1.810069211692996,0.2589735983855925,305.78961664298447,30.19123268127441,9.174101254343986,7.122816073983321,20.331550139617264,0.0714986015608445,0.0468577123836128,0.0795027424813922,0.0484669590443227,0.0694689016005234,0.5433274176166042,124.12682313779192,0.13781280584126088,0.1578478494606857,0.09914165053403831,0.3372470391555308,0.26795065500848436
lrsw_milora_r32_lr2e4_s43,lrsw,43.0,lrsw_milora_r32_lr2e4,milora,0.4145,-0.3824754651137076,25.52,34.94,79.62,cs,33.1,17.93,47.69,40.19,35.77,28.018,11.61,0.0002,,,32.0,False,False,True,72.48,83.46,73.85,89.58,83.43,84.13,70.22,79.8,2.079544738712288,1.810069211692996,0.2694755270192919,270.19560244521904,28.0183219909668,11.613807812333109,4.518135278075346,13.531690136055971,0.0663614450002296,0.1064443125552013,0.0781076272705156,0.1059589820358615,0.0674439883947131,0.5442429067254643,134.24029516756045,0.1653150431918904,0.17979571827346635,0.1017833584294086,0.3141393326024735,0.23896654750276125
frc_lorawd_wd0p3_lr3e4_c256_s43,frc,43.0,frc_lorawd_wd0p3_lr3e4_c256,lorawd,0.3422,-0.4657199947949185,25.99,34.38,35.1,cs,33.08,18.91,43.7,40.44,35.75,23.0973,7.0156,0.0003,0.3,,,False,False,True,13.33,73.72,2.05,25.24,80.66,36.28,30.89,18.6,1.993772091047998,1.810069211692996,0.1837028793550024,233.9061236360024,23.096906661987305,7.016644544899464,7.110250271360133,19.670610692531397,0.0718687059682906,0.0473850545765321,0.0838629774238253,0.0480084720843675,0.0708441808456636,0.5464083280272782,119.83874642876965,0.12598971115526025,0.14771478935232088,0.09679050419020978,0.35034866856866553,0.2791563267335436
lrswm_dora_r16_lr2e4_s43,lrswm,43.0,lrswm_dora_r16_lr2e4,dora,0.39,-0.4089353929735008,23.99,31.7,46.17,gsm8k,31.96,16.02,27.45,42.83,40.26,27.5684,9.9224,0.0002,,,16.0,False,False,True,,,,,,,,,2.109795961038702,1.810069211692996,0.2997267493457063,240.08849225915324,27.62748908996582,9.927496317029,3.5230668109246173,9.484978192028615,0.0669184583941354,0.0494604728440222,0.079645799546921,0.0498691302855676,0.0668082586511778,0.5833745924744869,111.25004285238815,0.1210326150481362,0.1322681451303085,0.09328947638405188,0.3736573443084983,0.2797524191290053
lrsw_sclora_r32_lr3e4_s44,lrsw,44.0,lrsw_sclora_r32_lr3e4,sclora,0.7515,-0.124071015077073,18.74,26.36,78.75,cs,29.32,8.16,25.47,36.43,32.44,41.928,10.2872,0.0003,,,32.0,False,False,True,71.77,82.81,78.61,85.56,81.37,81.57,67.92,80.4,2.456819296958807,1.810069211692996,0.6467500852658115,481.1982597221754,41.92731475830078,10.288229247927664,14.555234503710505,34.036083062116674,0.0844140250491335,0.0406179533708274,0.2433307638507111,0.0262146379551044,0.127729538027249,0.5258199716250849,130.59428210063427,0.17126868686048022,0.17099570262089575,0.08689276410709407,0.3454123993168893,0.22543044709464055
frc_lora_r16_lr3e4_c256_s43,frc,43.0,frc_lora_r16_lr3e4_c256,lora,0.6019,-0.22047565667521,24.36,32.34,78.63,cs,32.79,15.92,39.39,37.46,36.16,42.5762,17.1427,0.0003,,,16.0,False,False,True,70.03,82.75,79.73,83.04,83.43,84.43,67.24,78.4,2.2244252256769745,1.810069211692996,0.4143560139839788,469.153845958201,42.6005973815918,17.155373147130014,4.705245066888022,11.51354979070824,0.0677962766291792,0.046249867105581,0.0729449206479152,0.0494985327951245,0.0659604305764806,0.5441931897548444,131.7413291449623,0.15422502373260477,0.17464673578802845,0.10327735166178517,0.3194528836717964,0.24839800514578514
frc_sclora_lr5e4_c256_s44,frc,44.0,frc_sclora_lr5e4_c256,sclora,1.4059,0.1479544309308205,8.53,21.64,69.48,cs,11.72,5.34,22.89,31.91,36.35,178.3363,22.2869,0.0005,,,,False,False,True,65.02,76.12,76.71,66.82,75.53,69.74,56.31,69.6,3.30462950168035,1.8520239240816387,1.4526055775987112,1115.256513832343,178.3349151611328,22.288527411222457,17.399020399515393,31.72280130749928,0.0801355839507777,0.0438793425605757,0.1808986458051223,0.0355367475467167,0.1147246820756186,0.5031451922461966,120.04020789447291,0.22981437400854088,0.2261000041862803,0.10583498702479702,0.28126578623701226,0.1569848485433697
frc_lorawd_wd0p3_lr2e4_c256_s42,frc,42.0,frc_lorawd_wd0p3_lr2e4_c256,lorawd,0.3258,-0.4870489200275094,26.97,34.79,79.3,cs,34.48,19.46,46.23,37.97,35.83,21.0025,7.1198,0.0002,0.3,,,False,False,True,73.03,83.19,79.58,74.46,83.98,85.82,72.53,81.8,2.020866272859175,1.8520239240816387,0.1688423487775363,195.61990953352105,21.02100944519043,7.12323471903801,4.688192059625914,15.144426248275815,0.07092535705365,0.0485982273949244,0.0862341760096372,0.0484381289781995,0.0710614450728053,0.538686344073699,117.73690665190152,0.1218530170935295,0.1343367146775709,0.09534200676955856,0.36740728979234855,0.28106097166699257
qwswm_clora_k1024_lr5e5_s44,qwswm,44.0,qwswm_clora_k1024_lr5e5,clora,0.0383,-1.4168012260313771,43.78,53.66,62.85,gsm8k,47.4,40.16,72.06,51.11,57.58,3.8981,0.7497,5e-05,,1024.0,,False,False,True,,,,,,,,,1.9586841467173364,1.9346918347336524,0.023992311983684,27.28620759909061,3.899421453475952,0.7499794191343037,6.404431816216975,20.91745725012046,0.0583522493464041,0.0441589322566056,0.0659735848675973,0.0519451377631495,0.0496808916640983,0.521155855883386,51.56238396443682,0.07598454956030713,4.869488217779178e-09,1.0542905744852137e-08,0.6581865304529455,0.2658289045743536
frm_lorawd_wd0p1_lr5e4_c512_s44,frm,44.0,frm_lorawd_wd0p1_lr5e4_c512,lorawd,0.9068,-0.0424884885455201,20.51,29.07,62.62,math_faithful,29.75,11.27,25.43,33.02,45.88,106.8343,11.537,0.0005,0.1,,,False,False,True,,,,,,,,,2.762788056009252,1.810069211692996,0.9527188443162562,675.2897105511739,106.833984375,11.537300935387613,25.88881732278294,54.20535706597216,0.0790958661990702,0.044982228492622,0.0846584923085458,0.0484514541497707,0.0775819827898449,0.547334408107496,101.41429317458015,0.168545046093836,0.17588728672277631,0.11728070007828317,0.3248372573988215,0.21344970970628308
lrswm_lora_r16_lr3e4_s44,lrswm,44.0,lrswm_lora_r16_lr3e4,lora,0.4912,-0.3087416418668887,23.88,32.02,47.92,gsm8k,31.1,16.65,32.28,39.33,40.74,30.0164,13.0188,0.0003,,,16.0,False,False,True,,,,,,,,,2.1961230878927367,1.810069211692996,0.3860538761997409,359.90566858500944,30.050931930541992,13.029107540845873,4.626842358486581,11.38721889329529,0.065179483148594,0.0480727239134905,0.0747664043754593,0.0498145370158561,0.0648145665352307,0.5928343501720067,113.80331795571719,0.13249563646067436,0.14704823022393027,0.0941991574009115,0.3458950491549629,0.2803619267595211
frc_lora_null_lr2e4_c256_s46,frc,46.0,frc_lora_null_lr2e4_c256,lora_null,0.535,-0.2716462179787715,22.78,30.75,78.57,cs,31.64,13.93,39.0,37.8,31.4,37.3063,10.7963,0.0002,,,,False,False,True,71.01,83.13,80.14,76.92,83.5,83.88,68.6,81.4,2.3752112366713884,1.810069211692996,0.5651420249783927,441.1094109829188,37.30709457397461,10.796989580988884,10.888948491480836,30.264430459935355,0.103508482998691,0.0418098045031292,0.1141549846401226,0.0632873660191439,0.0957088099430742,0.5433013909367916,127.3416964634406,0.1612714357846689,0.16832190512039888,0.08776246182015793,0.3576677497353702,0.2249764475394042
lrswm_lora_r16_lr5e4_s42,lrswm,42.0,lrswm_lora_r16_lr5e4,lora,0.7726,-0.1120452961911984,20.98,28.5,43.59,gsm8k,29.69,12.28,23.52,35.75,41.24,46.6037,18.754,0.0005,,,16.0,False,False,True,,,,,,,,,2.5792997303866105,1.8520239240816387,0.7272758063049718,607.3730451695535,46.602760314941406,18.76211716234684,6.4670104806142295,13.341852462098844,0.065363859329343,0.0468645951357817,0.0705287881938218,0.0499976059516211,0.0639222955217015,0.5912593347542812,122.0735405866045,0.15354328103874032,0.1698498791545119,0.10630273253838159,0.32244515765945003,0.24785894960891608
qwsw_lorawd_wd0p3_lr2e4_s42,qwsw,42.0,qwsw_lorawd_wd0p3_lr2e4,lorawd,0.1873,-0.7274622226247627,40.66,48.05,87.36,cs,46.17,35.14,70.2,42.32,46.44,12.8752,4.4105,0.0002,0.3,,,False,False,True,73.06,89.5,79.94,95.43,86.11,95.5,88.14,91.2,,,,160.71200640239883,12.877548217773438,4.411589644210679,6.909203475854922,19.98648296160179,0.1168293297922607,0.0911878006971369,0.0756598014281771,0.0449546285002212,0.0731613353627501,0.5435865826214914,63.59013984355007,0.08464289352568838,0.011519708849392258,0.009655146323792342,0.4929131974212347,0.4012690538798925
qwsw_sclora_r32_lr7e5_s42,qwsw,42.0,qwsw_sclora_r32_lr7e5,sclora,0.2465,-0.6081830763867512,37.79,45.01,87.53,cs,43.89,31.69,69.14,37.63,42.71,6.9515,2.3116,7.000000000000001e-05,,,32.0,False,False,True,73.64,89.45,80.5,94.93,86.35,95.79,87.97,91.6,2.1490610053923875,1.9346918347336524,0.2143691706587351,115.2534997715058,6.952465057373047,2.3118455605847497,13.26645944810862,37.61844195784392,0.1023713427723542,0.1249787724291606,0.2393206334510901,0.0270434818636781,0.127719318808073,0.5501480787975426,53.45870068900559,0.06631010297763905,0.0142109153978205,0.017426470159661298,0.6576586441900821,0.24439386727479726
lrswm_milora_r32_lr5e5_s44,lrswm,44.0,lrswm_milora_r32_lr5e5,milora,0.2829,-0.5483670525430092,25.4,33.73,37.3,gsm8k,33.05,17.75,30.74,45.73,41.4,6.1808,2.8739,5e-05,,,32.0,False,False,True,,,,,,,,,1.9311247651434564,1.810069211692996,0.1210555534504607,55.20852375275011,6.182653903961182,2.8747139617800714,3.0812328391034134,10.82764643710203,0.0541345954776874,0.2430367396744431,0.1101204216182108,0.176878681809794,0.0693450495886925,0.5830076517592102,107.44564333480862,0.1059811687124173,0.13075727649140914,0.10184737706358557,0.4039945513673402,0.25741962636524784
lrswm_clora_k1024_lr2e5_s44,lrswm,44.0,lrswm_clora_k1024_lr2e5,clora,0.1946,-0.7108571640676669,25.45,32.61,33.89,gsm8k,33.47,17.43,25.95,46.76,39.42,4.9233,1.5214,2e-05,,1024.0,,False,False,True,,,,,,,,,1.8928999313603403,1.810069211692996,0.0828307196673447,31.966680324886944,4.930603981018066,1.522543202340603,2.3978432946070773,9.015248808829371,0.058098785196586,0.0505222873240914,0.1098494664575112,0.0556471317454217,0.0666378565277511,0.563839747641896,64.24290257881466,0.07159344166382083,0.0696937160331314,0.06640972549905842,0.6524959348131232,0.13980718199086614
lrsw_lora_r16_lr3e4_s44,lrsw,44.0,lrsw_lora_r16_lr3e4,lora,0.6031,-0.2196106715290472,23.26,30.37,78.96,cs,30.93,15.58,35.11,36.18,34.07,45.1035,17.1531,0.0003,,,16.0,False,False,True,69.57,82.54,78.92,88.6,82.0,81.69,66.98,81.4,2.243420687171184,1.8520239240816387,0.3913967630895452,469.0223013630638,45.13121795654297,17.166038224101065,4.743033168707871,11.53410657050588,0.0677184906135668,0.0462837960955156,0.0728996746874594,0.049389591630594,0.0658923747289657,0.5424545391947844,131.6721007422927,0.15480382806244078,0.1752928269500536,0.10327212216066564,0.3203757027158746,0.24625552011096535
frc_lorawd_wd0p3_lr1e4_c256_s42,frc,42.0,frc_lorawd_wd0p3_lr1e4_c256,lorawd,0.2344,-0.630042392653947,27.14,35.62,23.84,cs,34.71,19.56,46.46,42.75,34.6,15.1193,5.5201,0.0001,0.3,,,False,False,True,13.43,30.41,7.11,56.61,48.07,12.25,11.43,11.4,1.9665691136052204,1.8520239240816387,0.1145451895235816,124.78458343734567,15.144989967346191,5.521679343283177,3.075797443970618,10.260803801280163,0.0717787423924838,0.0503790072899211,0.0916163710295053,0.0504120259158184,0.0723705621530965,0.5375883994654271,109.66811652424845,0.10850481729833097,0.11500839004086327,0.09350158334192787,0.41061978029991414,0.2723654290189637
lrsw_milorawd_wd0p3_r32_lr2e4_s42,lrsw,42.0,lrsw_milorawd_wd0p3_r32_lr2e4,milorawd,0.2484,-0.6048484084954574,27.99,35.85,59.98,cs,36.49,19.49,46.08,41.89,35.31,16.1544,5.7752,0.0002,0.3,,32.0,False,False,True,62.51,79.76,46.52,57.64,38.67,76.94,64.76,53.0,1.959319358666084,1.810069211692996,0.1492501469730884,135.5394614196115,16.154464721679688,5.776587416231632,4.15462092157838,13.49618747183922,0.0687078296720721,0.098675364739025,0.0912343623493052,0.0941475962809075,0.0729329103642842,0.5472863391823556,123.69314801410246,0.1391626658452748,0.16136242882943497,0.10868637345216421,0.3562928684062796,0.23449566346684647
frc_lora_null_lr1e3_c256_s43,frc,43.0,frc_lora_null_lr1e3_c256,lora_null,8.021,0.9042285163400784,1.38,18.97,39.67,cs,2.75,0.0,23.05,21.33,47.73,430.3956,82.1931,0.001,,,,True,False,True,62.23,51.74,44.32,24.79,50.36,26.56,27.99,29.4,9.211153445183632,1.810069211692996,7.401084233490637,3307.151671653331,430.4627075195313,82.19773961901664,12.100091194392098,25.6512110914999,0.0998872851256175,0.0474364862865195,0.1151114583327182,0.0510312030826958,0.1098496501779801,0.5352182540287331,79.12526968127617,0.28712510170933575,0.26232275795756843,0.07834493358608853,0.2634830352109998,0.10872417153600741
qwsw_lorawd_wd0p3_lr5e4_s44,qwsw,44.0,qwsw_lorawd_wd0p3_lr5e4,lorawd,0.2457,-0.6095948435199191,40.39,46.9,87.62,cs,46.06,34.71,69.29,40.1,44.36,10.3607,4.5422,0.0005,0.3,,,False,False,True,73.82,89.39,80.35,95.75,87.21,95.5,88.31,90.6,2.1603790146175887,1.9346918347336524,0.2256871798839363,223.343041209956,10.361610412597656,4.542763300027166,12.87714634152356,26.62082601374901,0.1146614735305858,0.0899885144382647,0.0744985249720599,0.0441804324089963,0.0726410496327565,0.5491707777202232,63.54279585548036,0.09465227298483284,0.01171360459758216,0.009469997996358934,0.49699035912375406,0.387173765297472
frc_clora_k128_lr3e4_c256_s45,frc,45.0,frc_clora_k128_lr3e4_c256,clora,0.6329,-0.1986649043254534,22.29,30.1,69.69,cs,30.56,14.02,33.49,38.57,33.84,30.5106,13.1027,0.0003,,128.0,,False,False,True,70.76,75.73,29.53,86.67,68.03,81.19,67.24,78.4,2.3616478338653977,1.810069211692996,0.5515786221724019,494.9593484062559,30.51935386657715,13.103454351425173,8.613040690293094,23.821291540443116,0.0634017760709365,0.0460561360884856,0.0670632253182526,0.0493990506083994,0.0613148318345096,0.5507487073011086,112.89108806168632,0.10355830064190424,0.10686919948823465,0.10603405797070135,0.3864652218824205,0.29707322001673925
lrsw_clora_k1024_lr5e5_s44,lrsw,44.0,lrsw_clora_k1024_lr5e5,clora,0.1625,-0.7891466346851068,27.26,37.07,44.14,cs,34.76,19.77,47.41,47.18,36.25,7.1561,2.8171,5e-05,,1024.0,,False,False,True,62.14,55.44,31.01,3.05,59.51,50.0,38.4,53.6,1.9270525027439545,1.8520239240816387,0.0750285786623154,65.17523484511369,7.168046951293945,2.8180757950991397,2.8439465494188028,10.137437816998636,0.0611937033202673,0.0522389103185316,0.0812866874534489,0.0582260003397345,0.0621096156518194,0.5495503549605208,76.68151300495788,0.06512551919129017,0.05682485331130527,0.06692250743136494,0.5697663601352453,0.24136075993079442
frm_lorawd_wd0p3_lr2e4_c256_s43,frm,43.0,frm_lorawd_wd0p3_lr2e4_c256,lorawd,0.2825,-0.5489815478445427,26.01,34.94,65.88,math_faithful,34.77,17.25,37.72,41.81,43.15,23.0059,4.5057,0.0002,0.3,,,False,False,True,,,,,,,,,2.087458401663106,1.8520239240816387,0.2354344775814674,192.1724098168429,23.00563621520996,4.506214276701212,12.310311474911437,37.499530462919104,0.0741039984558456,0.0486535140714797,0.0864906224842157,0.0491097057436805,0.0730943584313738,0.5708866514296423,113.65771623145069,0.13259958005594225,0.15372885636596367,0.0914436558985449,0.3524919840180573,0.26973592366149185
qwsw_lorawd_wd0p3_lr1e4_s43,qwsw,43.0,qwsw_lorawd_wd0p3_lr1e4,lorawd,0.1323,-0.878440155812499,40.49,50.31,86.42,cs,45.57,35.41,71.36,50.34,48.89,11.7499,3.4609,0.0001,0.3,,,False,False,True,74.1,90.32,79.68,93.27,85.4,92.59,85.24,90.8,,,,100.22383648409242,11.7611665725708,3.462752200450216,4.25621852023316,14.405590751421244,0.1170764997787873,0.0918588017951318,0.0805508557148883,0.0472207574685915,0.0743475999861828,0.543662453528314,61.281805531643435,0.07739687395123689,0.011037082412038508,0.009765767750716713,0.5214625103928141,0.3803377654931938
lrsw_sclora_r32_lr1e4_s42,lrsw,42.0,lrsw_sclora_r32_lr1e4,sclora,0.813,-0.0899094544059318,16.38,27.68,79.87,cs,27.2,5.56,32.87,37.03,35.74,17.7275,5.8762,0.0001,,,32.0,False,False,True,71.59,83.03,79.27,88.07,83.66,82.91,70.05,80.4,2.327875716030948,1.8520239240816387,0.4758517919493088,214.35960070143884,17.731239318847656,5.876913864910603,8.845498951384558,31.28313445050756,0.113432632902345,0.0391445092102448,0.6166048583369101,0.0089226291638943,0.217174990442906,0.4934529685737476,123.02877301924039,0.21130320516415046,0.24251328242284112,0.055870812021014286,0.333314828994696,0.15699787139729826
qwsw_lora_null_r16_lr3e4_s42,qwsw,42.0,qwsw_lora_null_r16_lr3e4,lora_null,0.2991,-0.524183586968682,37.96,45.87,86.15,cs,43.71,32.21,67.67,38.74,47.02,16.7239,6.8172,0.0003,,,16.0,False,False,True,73.82,89.45,79.79,94.55,86.5,90.45,85.24,89.4,,,,285.83645641843725,16.7297306060791,6.817836855990546,8.987825199660586,16.55835346884306,0.149770678143241,0.0756889562276491,0.0665802598311681,0.0527257793818905,0.0827730426794587,0.5504516811793339,64.40205778064862,0.09744274510327328,0.014531079060385485,0.010696156243119271,0.525743284618426,0.35158673497479626
qwsw_sclora_r32_lr2e5_s42,qwsw,42.0,qwsw_sclora_r32_lr2e5,sclora,0.1703,-0.768785352037399,39.78,47.2,87.04,cs,44.79,34.78,70.38,40.78,45.26,4.3215,1.2649,2e-05,,,32.0,False,False,True,73.21,90.86,80.66,94.42,85.64,93.94,86.01,91.6,,,,42.03093974241671,4.322263717651367,1.2655377912734236,6.634896055700141,28.682323911171768,0.1849507282079833,0.0694307735847093,0.5014415919458733,0.0190654848705532,0.2056674748918879,0.5048395008473661,56.684640169064345,0.11864362212965773,0.0188422991958733,0.017466446583431102,0.6431704224482593,0.20187720964277853
lrsw_lora_r16_lr5e5_s42,lrsw,42.0,lrsw_lora_r16_lr5e5,lora,0.2544,-0.5944828930236237,27.29,36.22,38.15,cs,34.48,20.1,46.3,45.48,34.73,10.2328,4.0461,5e-05,,,16.0,False,False,True,62.6,17.36,31.22,47.01,64.88,29.12,24.83,28.2,2.1116810871373364,1.8520239240816387,0.2596571630556976,70.1770923729489,10.251457214355469,4.048996367305517,1.7027372416217244,3.96781816770896,0.0697983271393933,0.0505221635937379,0.1064815286939868,0.0562392034491404,0.075853932293823,0.5494656342226895,95.54586482954339,0.09718581025958331,0.1164887661639791,0.08755176776270532,0.4861297980187731,0.21264385779495898
lrswm_lora_r16_lr1e4_s43,lrswm,43.0,lrswm_lora_r16_lr1e4,lora,0.3173,-0.4985299278995877,25.14,32.81,43.97,gsm8k,33.13,17.15,26.17,44.37,43.22,16.3843,5.9945,0.0001,,,16.0,False,False,True,,,,,,,,,2.084843762808392,1.810069211692996,0.2747745511153956,124.09477819319255,16.412500381469727,5.996973268687725,2.5407167011031087,6.869078554737866,0.0691643537706302,0.0521650024700634,0.0934823482942261,0.049825052944103,0.0708066189604977,0.5780750128364751,102.42728968551893,0.10515934951636144,0.11511545289772097,0.08933961412989455,0.41576894486462446,0.2746166385913986
qwsw_lora_null_r16_lr2e4_s44,qwsw,44.0,qwsw_lora_null_r16_lr2e4,lora_null,0.1979,-0.7035542057936037,38.69,46.88,84.38,cs,44.97,32.41,69.95,41.21,45.84,16.4358,5.3575,0.0002,,,16.0,False,False,True,62.17,89.34,79.73,82.63,86.19,95.29,89.08,90.6,2.139940110893013,1.9346918347336524,0.2052482761593608,189.3224146912462,16.45107078552246,5.359102119718279,6.767534681418331,15.16032458541988,0.1609806469278831,0.07611690042793,0.0815699016354275,0.0892837699619398,0.0925316091288064,0.5625217553636399,63.06705057096161,0.09156895963723617,0.014186286486778346,0.010284182402998122,0.5206313833244538,0.36332918814853365
frc_lorawd_wd0p1_lr1e4_c256_s42,frc,42.0,frc_lorawd_wd0p1_lr1e4_c256,lorawd,0.2676,-0.5725138909042145,27.0,35.4,70.61,cs,34.56,19.43,45.86,42.58,34.55,18.5687,7.0893,0.0001,0.1,,,False,False,True,62.78,63.55,54.76,65.57,82.24,84.22,71.93,79.8,2.012761911539012,1.8520239240816387,0.1607379874573729,160.67391365714798,18.593610763549805,7.091019158065319,3.133141204045959,10.998611050339337,0.0707739414418858,0.0492973376030075,0.0865445463969415,0.0499033718169394,0.0706421450004741,0.5360179018781088,112.94457148956477,0.11420601360276061,0.11996175973473473,0.09532223424299069,0.4015538732126519,0.26895611920686213
frc_lorawd_wd0p3_lr2e5_c256_s43,frc,43.0,frc_lorawd_wd0p3_lr2e5_c256,lorawd,0.2171,-0.66334017654558,26.72,36.72,67.21,cs,33.59,19.86,46.65,46.5,36.98,4.9748,2.1267,2e-05,0.3,,,False,False,True,46.54,81.23,78.4,25.28,78.77,83.08,66.21,78.2,2.077710355368538,1.810069211692996,0.2676411436755421,35.70063982213955,4.976385593414307,2.128529044240713,1.4851843346491969,3.5556399546495543,0.064125010425201,0.0480171900837928,0.1295981910959263,0.0632377893805458,0.0801614762457408,0.5612783147720418,75.6956974478203,0.08142661663622744,0.10719647539586463,0.0895268146321026,0.58921473256698,0.13263536076882543
frc_sclora_lr2e4_c256_s45,frc,45.0,frc_sclora_lr2e4_c256,sclora,0.7962,-0.0989778267519208,17.33,25.05,78.26,cs,27.6,7.06,23.62,35.24,31.72,35.2292,11.1442,0.0002,,,,False,False,True,71.93,81.61,78.15,84.69,81.06,81.69,65.53,81.4,2.547871483163887,1.810069211692996,0.7378022714708912,533.9509247346334,35.22796630859375,11.14551094174385,14.856653828003996,32.244122517455104,0.075062191950559,0.0426684348485048,0.3179182823418936,0.0171272939785019,0.1432244504190988,0.5170450975055844,124.98733111931072,0.17876242433033784,0.17697199082650172,0.0802574288338165,0.3794629608816136,0.18454519512773043
frc_clora_k2048_lr3e4_c256_s46,frc,46.0,frc_clora_k2048_lr3e4_c256,clora,0.3528,-0.4524714235402178,25.49,34.8,65.51,cs,33.8,17.19,45.06,38.48,39.46,17.6585,8.3649,0.0003,,2048.0,,False,False,True,71.96,74.76,65.05,4.28,81.53,82.49,66.04,78.0,2.150532061984792,1.810069211692996,0.3404628502917963,293.4282804844813,17.674522399902344,8.368352434039116,6.014800522068945,18.83265870020233,0.0542912294688923,0.0484457819341873,0.0607743607124441,0.0487043425735946,0.0526632380707187,0.5433599605030094,76.15121305345066,0.03416607153806972,0.02943311734829947,0.05217545929230216,0.49458563655579424,0.3896397152655344
qwswm_lora_null_r16_lr5e4_s43,qwswm,43.0,qwswm_lora_null_r16_lr5e4,lora_null,0.1795,-0.7459355470856621,43.71,53.37,65.28,gsm8k,47.58,39.84,70.42,53.58,55.44,14.7865,4.8805,0.0005,,,16.0,False,False,True,,,,,,,,,2.0818305391960235,1.9346918347336524,0.1471387044623711,215.46550959580117,14.784293174743652,4.8807761383908135,10.751155076240591,17.41941387805538,0.1326407025538621,0.08750971647733,0.071164991540385,0.0981300075965776,0.0818407759717834,0.5443058900044866,65.752314032504,0.14631575783719947,0.017871646919004756,0.009382721777851476,0.5392442024886617,0.2871856709772828
frc_milora_a1r_lr7e4_c256_s43,frc,43.0,frc_milora_a1r_lr7e4_c256,milora,1.086,0.0358298252528281,18.4,26.69,62.46,cs,28.57,8.22,27.63,33.79,35.23,137.0981,23.0842,0.0007,,,,False,False,True,51.93,60.94,65.56,79.14,74.74,61.49,51.45,54.4,2.8429486562249,1.810069211692996,1.0328794445319038,946.4859372411904,137.09556579589844,23.086851370334625,12.374171481424712,24.329118917767143,0.072837261043121,0.0529955122357808,0.066778746544267,0.059757161866494,0.0663226525709272,0.5146875320173335,121.16632900440422,0.20564974858019708,0.2262913423633827,0.10885624640452113,0.26217497749267554,0.1970276851592235
frc_lora_l2_lr3e4_c256_s42,frc,42.0,frc_lora_l2_lr3e4_c256,lora,0.7172,-0.1443597191098548,21.7,29.99,78.38,cs,29.52,13.89,36.03,36.18,34.33,62.0217,17.6298,0.0003,,,,False,False,True,70.7,82.75,79.84,83.95,81.93,81.44,67.66,78.8,2.4559773847956423,1.8520239240816387,0.6039534607140036,593.2208977148202,62.0201416015625,17.631546273827553,7.500934054462585,21.49889859651197,0.0695333310793881,0.0461806697339288,0.0702406201327662,0.0497874948089147,0.0655872244935032,0.5378537406745484,133.6459386291542,0.16952042056616407,0.18728702806540254,0.10464133090012417,0.3029498448151331,0.23560137565317604
lrsw_lora_r16_lr3e4_s42,lrsw,42.0,lrsw_lora_r16_lr3e4,lora,0.623,-0.2055119533408303,24.42,32.73,79.11,cs,32.53,16.3,41.28,37.8,35.72,40.6552,16.9926,0.0003,,,16.0,False,False,True,71.13,82.86,79.68,88.89,82.32,82.07,67.49,78.4,2.307111649190104,1.8520239240816387,0.455087725108465,467.98095705117856,40.6735725402832,17.005224177241324,4.768477891293146,11.551114164109354,0.067039209158281,0.0464523856933801,0.0728507925623956,0.049664642302944,0.0655071606290302,0.5466985542205829,131.51612833349714,0.15397270263798274,0.16974569716884708,0.10287474393998577,0.32118904688424466,0.2522178093689398
frm_lorawd_wd0p3_lr1e4_c256_s42,frm,42.0,frm_lorawd_wd0p3_lr1e4_c256,lorawd,0.2381,-0.6232406045951201,25.39,33.71,65.28,math_faithful,32.84,17.94,33.31,43.26,41.22,15.1807,4.5033,0.0001,0.3,,,False,False,True,,,,,,,,,2.065894848032945,1.8520239240816387,0.2138709239513061,150.23572055812593,15.193731307983398,4.504137052595615,7.225240265130703,27.979831050068483,0.0714900027961339,0.0508805063214084,0.0861889878763829,0.0497299035277426,0.0711231905917764,0.5769953116944382,113.08035543658615,0.12519256719264749,0.13974488891808173,0.09410012702428001,0.36340309372674706,0.2775593231382437
qwswm_lorawd_wd0p3_lr3e4_ep6_s44,qwswm,44.0,qwswm_lorawd_wd0p3_lr3e4_ep6,lorawd,0.1136,-0.944621668625,44.35,52.91,68.08,gsm8k,44.91,43.79,71.47,50.26,54.1,7.326,2.2278,0.0003,0.3,,,False,False,True,,,,,,,,,2.1231322074220658,1.9346918347336524,0.1884403726884134,108.13365347482498,7.334416389465332,2.228215013444424,13.865936244532415,27.243340169768075,0.1159633855828702,0.1045008627760342,0.0719430622843611,0.0469950691683373,0.0737721991232982,0.5548029987933639,68.19063610763448,0.1370216331760699,0.01884432600471781,0.011685369239259282,0.45951043272633785,0.37293823885361516
frc_lora_null_lr2e4_c256_s44,frc,44.0,frc_lora_null_lr2e4_c256,lora_null,0.5367,-0.2702684047129646,23.34,31.36,80.23,cs,31.5,15.17,36.95,38.65,34.55,33.2341,10.7168,0.0002,,,,False,False,True,71.99,83.08,80.71,88.96,82.56,83.42,69.54,81.6,2.3803951934978165,1.810069211692996,0.5703259818048207,440.2899614336189,33.233795166015625,10.71756715476513,10.92091518680328,30.34963967927589,0.102711122941069,0.0418105318577986,0.1146604645491845,0.0633002625378717,0.0956295987181989,0.5449335793774607,127.15028460268731,0.15898124204974404,0.16918420027617365,0.08780429181164275,0.35878191695807693,0.22524834890436268
qwswm_sclora_r32_lr2e4_s43,qwswm,43.0,qwswm_sclora_r32_lr2e4,sclora,0.2939,-0.5318004139273874,34.75,48.14,71.04,gsm8k,42.62,26.89,66.47,48.98,55.73,9.2216,3.1128,0.0002,,,32.0,False,False,True,,,,,,,,,2.294576409829824,1.9346918347336524,0.3598845750961716,170.18481377634453,9.222272872924805,3.11331687782492,15.866338489512067,41.46594451693967,0.1596691305087138,0.1005603541733659,0.3254454898521977,0.0281041768298054,0.1662173118497214,0.5321298480465282,61.872444350518506,0.10864603852082134,0.022251490448781205,0.018793504488586382,0.6025379731980641,0.2477709933437471
qwsw_lorawd_wd0p3_lr5e4_s42,qwsw,42.0,qwsw_lorawd_wd0p3_lr5e4,lorawd,0.2458,-0.6094181214495648,39.28,46.29,87.17,cs,44.94,33.62,68.86,39.42,44.59,10.7057,4.5219,0.0005,0.3,,,False,False,True,66.79,90.59,80.66,95.41,86.74,95.96,88.65,92.6,,,,223.0086711383491,10.707830429077148,4.522358984180859,12.873537326654407,26.570884878367192,0.1141905574675454,0.090042762136115,0.0735669600112112,0.044134067451341,0.0721492754621846,0.5510579327057391,63.41277075489095,0.09525205203324846,0.011640392438884541,0.009532357852933035,0.49718046176672104,0.38639473590821305
qwswm_lora_r32_lr1e4_s44,qwswm,44.0,qwswm_lora_r32_lr1e4,lora,0.0778,-1.109020403010311,44.74,54.08,66.26,gsm8k,46.48,42.99,72.2,51.71,57.04,6.9606,1.9607,0.0001,,,32.0,False,False,True,,,,,,,,,2.009210977079821,1.9346918347336524,0.0745191423461686,61.42424367836321,6.966267108917236,1.9616598331502504,6.288824189163568,20.45532115045924,0.1217738549358466,0.1035993058299893,0.0678824978505217,0.0513316459267139,0.0742869156275645,0.5212903174542574,68.6427126122879,0.12656541413731798,0.01834081284555859,0.014229790948406115,0.5125335083737561,0.3283304736949614
frc_lorawd_wd0p5_lr1e3_c256_s43,frc,43.0,frc_lorawd_wd0p5_lr1e3_c256,lorawd,0.9598,-0.0178192544035974,11.44,23.81,36.56,cs,22.88,0.0,22.74,27.3,46.14,257.9163,17.3402,0.001,0.5,,,False,False,True,62.2,48.86,34.08,23.77,48.22,25.34,23.04,27.0,2.2510193889092758,1.810069211692996,0.4409501772162796,396.386495425352,258.8846435546875,17.35023942887783,2.2657302981017025,4.342328449784909,0.0990617706829995,0.0481044360624498,0.0934573436449633,0.0499838968168586,0.0916687465566635,0.2735480388773826,5.37018568193952,0.11533735767896658,0.13377662844557142,0.032289999489868874,0.5983756335214394,0.12022038086415376
frm_lorawd_wd0p3_lr2e4_c512_s43,frm,43.0,frm_lorawd_wd0p3_lr2e4_c512,lorawd,0.2839,-0.5468346074741428,26.43,35.55,68.08,math_faithful,34.28,18.58,39.13,41.89,43.87,25.4406,4.4506,0.0002,0.3,,,False,False,True,,,,,,,,,2.031883891005255,1.810069211692996,0.2218146793122593,193.2829421414401,25.44014358520508,4.451171057671308,12.688667137911407,38.402005405971664,0.0741189290892388,0.0486831669930674,0.0864149872175526,0.0491370294691624,0.0729525201073375,0.56995182803048,113.97960292219784,0.13181489369480845,0.15564841089959286,0.09267011945182886,0.3502643317035249,0.26960224425024504
qwswm_lorawd_wd0p3_lr5e4_s44,qwswm,44.0,qwswm_lorawd_wd0p3_lr5e4,lorawd,0.1211,-0.9168558568569476,44.34,53.81,70.13,gsm8k,46.78,41.91,71.09,53.24,56.02,7.6593,2.3825,0.0005,0.3,,,False,False,True,,,,,,,,,2.0138028026978745,1.9346918347336524,0.0791109679642221,125.59648491004646,7.666812896728516,2.3829706479396138,15.862382586809062,28.315695141626595,0.1131055038767796,0.0976748976761995,0.06488920245619,0.0463888094459382,0.0699630997120736,0.5443574928656706,68.01884514062415,0.1329920480932648,0.016563931350735667,0.010587793419602672,0.4591392039006739,0.38071702323572304
frm_lorawd_wd0p1_lr5e4_c256_s42,frm,42.0,frm_lorawd_wd0p1_lr5e4_c256,lorawd,0.9496,-0.0224592940534651,19.65,28.52,60.2,math_faithful,28.84,10.46,23.69,32.59,47.01,96.1401,11.8301,0.0005,0.1,,,False,False,True,,,,,,,,,2.875113215087439,1.8520239240816387,1.0230892910058,683.4795892257262,96.137451171875,11.83054268360138,25.273530073579813,53.86256454817232,0.0788780245992918,0.0451669765692054,0.0849707494662919,0.0485568073496633,0.0777625129281787,0.5496546252745789,105.03483756576009,0.16381291202224663,0.17424182847711983,0.11832709608326836,0.32558984201567726,0.2180283214016879
lrsw_lorawd_wd0p3_lr2e5_s42,lrsw,42.0,lrsw_lorawd_wd0p3_lr2e5,lorawd,0.2146,-0.6683702823700677,26.74,36.59,23.48,cs,34.0,19.49,46.56,46.5,36.42,5.5133,2.1129,2e-05,0.3,,,False,False,True,7.98,33.46,34.6,25.58,24.47,23.27,19.71,18.8,2.1213124137498016,1.8520239240816387,0.2692884896681629,35.49842832803133,5.524938583374023,2.1144824333488943,1.4899986597784565,3.599104316473871,0.0638833392563347,0.0483073691393566,0.1291148349132707,0.063578407248717,0.0796826148601226,0.5560520233965794,75.34514248486282,0.08206575933378292,0.10487398638167614,0.0890867755904923,0.5930958700278499,0.13087760866619885
frc_lora_r16_lr3e4_c256_s42,frc,42.0,frc_lora_r16_lr3e4_c256,lora,0.6031,-0.2196106715290472,23.0,32.13,79.56,cs,30.38,15.62,41.7,38.82,34.11,46.6461,17.1526,0.0003,,,16.0,False,False,True,70.49,82.37,79.22,89.3,82.32,83.59,67.75,81.4,2.2622745343109734,1.8520239240816387,0.4102506102293346,471.9366727858797,46.74434280395508,17.16590243279934,4.780419306035445,11.570738064662336,0.0673938404446221,0.0462746891158601,0.0726466637940819,0.0492363467714001,0.0657082370578634,0.5442878646544442,130.43619720188187,0.15312359872196096,0.17305257128730656,0.1020490531525084,0.3206443187882076,0.2511304580500165
qwsw_lora_null_r16_lr5e4_s42,qwsw,42.0,qwsw_lora_null_r16_lr5e4,lora_null,0.4194,-0.377371573870675,34.17,41.83,85.72,cs,40.16,28.19,62.21,37.46,41.14,24.0867,10.4451,0.0005,,,16.0,False,False,True,72.51,88.68,79.07,93.74,85.4,93.56,84.04,88.8,,,,458.8550041818552,24.0861873626709,10.445564713648388,10.110991271136312,16.18161412121317,0.1317700511375944,0.0843237424470783,0.0638498872991538,0.050792238723521,0.0760982942563959,0.5312415276125579,68.9356838034707,0.1274193486961096,0.015230993331952214,0.01033682165947016,0.5000465949421142,0.3469662413703541
frc_lorawd_wd0p2_lr2e5_c256_s43,frc,43.0,frc_lorawd_wd0p2_lr2e5_c256,lorawd,0.2167,-0.6641410886801821,26.91,36.96,24.79,cs,34.25,19.57,46.88,47.01,37.09,5.6435,2.1727,2e-05,0.2,,,False,False,True,0.76,60.61,10.34,17.67,4.26,37.16,23.55,44.0,2.0782061872876323,1.810069211692996,0.2681369755946365,36.60899002047006,5.64630126953125,2.1742773611098527,1.5002155724770894,3.662421814429316,0.0639701091615145,0.0479657194479065,0.1279172058087134,0.063352860130978,0.0794535566344415,0.5581857062299365,75.3650790341868,0.08169481651478838,0.1075776902600196,0.0888443025381058,0.5895196635521126,0.13236352713497365
qwswm_clora_k1024_lr5e5_s43,qwswm,43.0,qwswm_clora_k1024_lr5e5,clora,0.0387,-1.4122890349810886,44.06,53.67,56.71,gsm8k,47.77,40.34,71.85,51.45,56.94,3.9256,0.7638,5e-05,,1024.0,,False,False,True,,,,,,,,,1.9608098315611369,1.9346918347336524,0.0261179968274845,27.337632052572435,3.9310014247894287,0.7642090685019346,6.35983817088723,20.654157973209884,0.0587589643278444,0.0442414765436926,0.066006531992193,0.0517219616535817,0.0497741226650413,0.5205896110578079,51.66417568648759,0.0770101909562485,4.740218280799383e-09,1.0266927997299029e-08,0.6581618201806103,0.2648279738559948
qwswm_lora_r32_lr7e5_s42,qwswm,42.0,qwswm_lora_r32_lr7e5,lora,0.0629,-1.2013493545547311,43.72,53.62,67.17,gsm8k,45.77,41.67,72.4,50.77,57.48,5.2494,1.492,7.000000000000001e-05,,,32.0,False,False,True,,,,,,,,,1.9850023072699432,1.9346918347336524,0.0503104725362908,43.323916248983934,5.256280422210693,1.4925445778029305,5.445197444909748,19.222840687212123,0.124096748842361,0.1048421486512761,0.0704624909224142,0.0523939814309961,0.0757665801664137,0.5184641911926323,65.926425507417,0.11968099743947912,0.018540931285333833,0.014596022171112485,0.543130072683574,0.3040519764205005
lrswm_lora_r16_lr2e5_s43,lrswm,43.0,lrswm_lora_r16_lr2e5,lora,0.332,-0.4788619162959636,26.02,34.41,34.57,gsm8k,34.43,17.6,31.93,46.67,41.41,7.346,2.0636,2e-05,,,16.0,False,False,True,,,,,,,,,1.871270961899134,1.810069211692996,0.0612017502061383,33.12535851454503,7.369046688079834,2.0655243031680586,1.330425918178994,2.425208319685763,0.0600670523089384,0.049802629508012,0.1735691526760586,0.0500989508573152,0.0862178930955527,0.5626106634511943,67.77134744339934,0.09439255835453753,0.13109984627366428,0.08074758832864071,0.596182145495875,0.09757786154728246
lrsw_lora_r16_lr1e4_s44,lrsw,44.0,lrsw_lora_r16_lr1e4,lora,0.305,-0.5157001606532141,26.58,35.65,67.3,cs,34.1,19.07,47.69,40.53,36.84,17.2339,7.3837,0.0001,,,16.0,False,False,True,71.99,68.55,55.37,69.33,82.64,65.7,47.61,77.2,1.9246878378714591,1.810069211692996,0.1146186261784634,145.40525930846155,17.265460968017578,7.386779724061489,2.309897809331828,6.270662251716516,0.0706155459563968,0.0493128869029165,0.0894341110857804,0.0507688726822691,0.0712819633668284,0.544564029405865,111.83675943865425,0.1126156348086689,0.12011022117812681,0.0934182997612554,0.4014635085054903,0.2723923357464585
qwswm_lora_r32_lr3e4_s43,qwswm,43.0,qwswm_lora_r32_lr3e4,lora,0.2146,-0.6683702823700677,42.86,52.53,70.13,gsm8k,44.69,41.03,69.31,53.33,54.29,13.7196,4.8281,0.0003,,,32.0,False,False,True,,,,,,,,,2.143906645311532,1.9346918347336524,0.2092148105778792,217.18665811901428,13.722637176513672,4.829068067244121,11.758680515839634,26.430920610764083,0.1121341054619949,0.0980060933698123,0.0612961128211753,0.0483292273440885,0.0684105941735562,0.5272473664536724,70.99828936105452,0.1467882888414906,0.017035806939644894,0.010683521785150852,0.47203890042292584,0.3534534820107881
qwsw_milora_r32_lr5e4_s43,qwsw,43.0,qwsw_milora_r32_lr5e4,milora,0.5611,-0.2509597312965428,11.9,30.96,83.22,cs,14.36,9.44,55.01,37.54,38.45,32.6126,11.5558,0.0005,,,32.0,False,False,True,71.35,87.49,79.12,86.88,82.4,90.66,80.46,87.4,2.868462776970416,1.9346918347336524,0.9337709422367632,561.9514289609591,32.612030029296875,11.557821424518313,14.136707948663664,27.71124405114302,0.1000387412817277,0.1420487818797346,0.0604007756473576,0.0892439058565735,0.0657514255805028,0.5213717638926268,73.68028618733965,0.14672259271290392,0.01506906398524476,0.012791770428972641,0.44586937191555054,0.3795472009573282
qwswm_sclora_r32_lr2e5_s42,qwswm,42.0,qwswm_sclora_r32_lr2e5,sclora,0.0551,-1.2588484011482148,44.16,54.27,70.74,gsm8k,47.81,40.5,71.71,54.52,56.81,1.8568,0.4712,2e-05,,,32.0,False,False,True,,,,,,,,,,,,21.182229197036637,1.8564194440841677,0.4712610647614513,12.374844668366729,35.19428498129378,0.150695566349905,0.1039475804014768,0.4114550520020673,0.0238594655884409,0.1722844525841644,0.5183197548245478,53.45584641279645,0.10191693759128713,0.02257445319218042,0.02079882204108685,0.6787230168674299,0.1759867703080156
qwswm_clora_k1024_lr2e5_s43,qwswm,43.0,qwswm_clora_k1024_lr2e5,clora,0.0303,-1.518557371497695,43.12,53.49,51.63,gsm8k,47.49,38.76,71.96,51.79,57.44,2.2299,0.4374,2e-05,,1024.0,,False,False,True,,,,,,,,,1.9533103004891643,1.9346918347336524,0.0186184657555121,13.288761265947969,2.2305798530578613,0.4376103286017366,4.0684055880617365,16.838259960053815,0.060836105629068,0.042581034365985,0.0729768601583473,0.0546314742607593,0.0531211418233567,0.506547861952317,49.21371537965234,0.09728849006788787,1.293759131261355e-08,2.7863790589089643e-08,0.6783772032288278,0.22433426590190236
frc_lorawd_wd0p1_lr3e4_c256_s44,frc,44.0,frc_lorawd_wd0p1_lr3e4_c256,lorawd,0.5481,-0.2611401979277997,24.14,32.51,80.64,cs,32.1,16.17,39.78,38.31,36.2,39.3946,12.3676,0.0003,0.1,,,False,False,True,72.17,82.81,79.73,90.22,84.29,83.92,68.6,83.4,2.1982559150675054,1.810069211692996,0.3881867033745096,414.5453769537088,39.39411544799805,12.368870916962624,7.382694619062229,20.980069263907964,0.0697147871886928,0.0467680618861426,0.0756405932969976,0.0490237746156729,0.0678551326870229,0.543982537336043,130.06238389606204,0.15144286206720514,0.17188938257901915,0.10231484270410307,0.3194551815592205,0.254897731090452
frm_lorawd_wd0p2_lr1e4_c256_s44,frm,44.0,frm_lorawd_wd0p2_lr1e4_c256,lorawd,0.279,-0.5543957967264024,25.06,34.08,64.29,math_faithful,32.56,17.55,32.52,44.62,43.17,16.87,5.4843,0.0001,0.2,,,False,False,True,,,,,,,,,2.1278298489191747,1.8520239240816387,0.2758059248375359,186.85384059608245,16.874130249023438,5.485082720220089,7.557719384354808,29.594180419654027,0.0692754102613203,0.0500500954659221,0.0810240732361823,0.0501952745778535,0.0685923306211868,0.580699815570812,115.95146503485293,0.13179969161522048,0.1444632383177197,0.0956927461451597,0.3555745923642877,0.2724697315576124
qwsw_milora_r32_lr1e4_s42,qwsw,42.0,qwsw_milora_r32_lr1e4,milora,0.1836,-0.7361273231347764,39.74,48.3,87.53,cs,45.89,33.59,69.2,43.86,48.96,9.7366,2.9753,0.0001,,,32.0,False,False,True,74.19,90.37,79.53,94.76,85.4,95.58,89.59,90.8,,,,100.48665433910236,9.73827838897705,2.975991036210741,8.156600355508818,24.937547011466886,0.0611536558030033,0.3782713955820613,0.0620187991600949,0.2333802280110614,0.0511348370339304,0.5434497958004286,69.45026770571458,0.10164177991264842,0.014400041455261617,0.026098477080876422,0.4265396248318218,0.43132007671939165
lrswm_milora_r32_lr2e4_s43,lrswm,43.0,lrswm_milora_r32_lr2e4,milora,0.3217,-0.4925489390980302,24.84,32.42,45.41,gsm8k,32.08,17.61,27.66,43.34,41.43,18.5723,8.4393,0.0002,,,32.0,False,False,True,,,,,,,,,2.1706973022413454,1.810069211692996,0.3606280905483496,201.83532231964065,18.572399139404297,8.44062193930149,4.7113384989438005,14.12375251169372,0.0621955190814216,0.130048200947361,0.0757902945195345,0.1282722024167416,0.0646713937402055,0.5917071934811801,120.91824230074674,0.1437440515940833,0.17276925639549168,0.10180064654093743,0.33394990583123185,0.2477361396382557
frc_lorawd_wd0p2_lr1e4_c256_s44,frc,44.0,frc_lorawd_wd0p2_lr1e4_c256,lorawd,0.252,-0.5985994592184558,27.73,35.78,54.78,cs,35.46,20.0,45.95,41.64,35.87,15.1595,6.1989,0.0001,0.2,,,False,False,True,62.08,69.04,19.91,73.79,52.88,57.32,45.05,58.2,1.940124862256416,1.810069211692996,0.1300556505634198,141.15329927675123,15.163610458374023,6.20032666027546,3.135482323935816,10.655981801129244,0.0715068081530901,0.0498636465656916,0.0891156753164085,0.0502931862930104,0.0715616870345305,0.5391966535019409,111.26349421330295,0.11118689545475252,0.1178107598829538,0.09349902910168346,0.4057454915297535,0.27175782403085674
qwswm_milora_r32_lr2e4_s42,qwswm,42.0,qwswm_milora_r32_lr2e4,milora,0.1496,-0.8250684064715574,43.46,52.6,62.62,gsm8k,47.15,39.78,71.23,47.78,57.08,9.5892,2.4472,0.0002,,,32.0,False,False,True,,,,,,,,,,,,96.60841333940785,9.589184761047363,2.447555875352451,11.48023792606553,31.28156329713624,0.0662027029482127,0.3412446202203477,0.0551683918748449,0.2513600373820541,0.0514023858729399,0.5348316805025654,72.61085302034108,0.1082445948936583,0.020157196559207807,0.029626053800351836,0.4403474549848114,0.40162469976197096
lrswm_lora_r16_lr1e3_s42,lrswm,42.0,lrswm_lora_r16_lr1e3,lora,1.2748,0.105442054801695,19.48,27.3,41.77,gsm8k,29.17,9.8,25.34,31.14,41.03,178.5354,27.5907,0.001,,,16.0,False,False,True,,,,,,,,,3.1144936444853277,1.8520239240816387,1.2624697204036883,1110.3015247867693,178.53224182128906,27.588837504386905,10.381008993736664,15.030011084468194,0.0721140245734631,0.0449521838827792,0.0699499482481532,0.0507276754040319,0.0675160029941139,0.5631141223510061,114.6100074910806,0.19378607461108105,0.19990393111492905,0.13893834186027193,0.29434741856987345,0.17302423384384444
lrsw_lorawd_wd0p3_lr5e4_s44,lrsw,44.0,lrsw_lorawd_wd0p3_lr5e4,lorawd,0.411,-0.3861581781239308,26.38,34.09,81.9,cs,33.04,19.71,44.02,39.08,34.62,33.6772,6.7516,0.0005,0.3,,,False,False,True,72.72,83.51,81.32,91.91,83.9,86.07,69.8,86.0,2.0409187356893947,1.8520239240816387,0.188894811607756,266.9955887447257,33.67736053466797,6.752056196331978,10.663479079891294,23.79657144477949,0.0751664517108352,0.046333269499346,0.0833635866391886,0.047914725647888,0.0725886044476172,0.5439076963467707,118.81518982571532,0.13755462159765516,0.15840919279941362,0.10170141801321692,0.3388176348372327,0.2635171327524817
frc_sclora_lr7e4_c256_s43,frc,43.0,frc_sclora_lr7e4_c256,sclora,1.8037,0.2561643052796146,11.02,21.7,37.09,cs,19.67,2.36,22.72,25.94,37.83,241.6877,29.2792,0.0007,,,,False,False,True,61.77,53.37,33.73,24.42,49.41,24.2,24.23,25.6,3.648736143239104,1.810069211692996,1.8386669315461084,1458.1924035945974,241.6855926513672,29.280793333053587,17.054034153987764,31.282891322583644,0.0822604683116145,0.0451147594203548,0.1397086022584034,0.0424474834044541,0.1053912178385606,0.49620225738399676,100.030475377795,0.25900428772523554,0.2503548965780866,0.11784774733825135,0.23494246547697015,0.1378506028814564
qwsw_dora_r16_lr2e4_s44,qwsw,44.0,qwsw_dora_r16_lr2e4,dora,0.2588,-0.5870357280033373,38.88,46.68,85.56,cs,44.86,32.91,69.27,40.19,46.15,25.3761,8.2352,0.0002,,,16.0,False,False,True,62.26,88.74,79.53,94.72,86.82,95.16,86.86,90.4,2.213015974851559,1.9346918347336524,0.2783241401179066,251.5951321850019,25.39939308166504,8.241904842853547,4.832210794059017,11.678864358714788,0.113482825322579,0.0915511024050858,0.0697230895037712,0.0463036850077679,0.0703459382936983,0.5312194658706092,65.79525503591493,0.09895220638214074,0.012155731286484412,0.009759181908753177,0.4993624033859896,0.37977047703663214
qwswm_lorawd_wd0p3_lr2e5_s43,qwswm,43.0,qwswm_lorawd_wd0p3_lr2e5,lorawd,0.0376,-1.424812155072339,43.63,53.68,55.42,gsm8k,47.77,39.49,71.95,51.45,57.72,2.2652,0.5549,2e-05,0.3,,,False,False,True,,,,,,,,,1.953811905734273,1.9346918347336524,0.0191200710006209,13.133624610007994,2.268276691436768,0.5551771989358323,3.3724187926650577,13.67509937046529,0.1252673826661426,0.1075765832791916,0.0900920272670992,0.0553244358855445,0.0819520499381867,0.5228503281161768,55.87450170010352,0.11550942105662954,0.021259171935681727,0.013401013849287028,0.6338597772838946,0.21597061587450714
frm_sclora_lr1e4_c256_s44,frm,44.0,frm_sclora_lr1e4_c256,sclora,0.8605,-0.0652491253364209,18.32,28.57,60.42,math_faithful,27.98,8.66,25.02,34.98,46.2,37.4167,9.0912,0.0001,,,,False,False,True,,,,,,,,,3.018724250401066,1.8520239240816387,1.166700326319427,541.5670873746582,37.4150390625,9.09153465628624,23.799596991200215,63.05878953360126,0.0817071546232768,0.0421069613100943,0.4090552932873267,0.0124046730590966,0.1677150459343898,0.5170465077124011,123.00670455125619,0.20756024206725687,0.1852605157783287,0.0740594831395812,0.3812670011400326,0.15185275787480074
qwswm_lorawd_wd0p3_lr1e4_s43,qwswm,43.0,qwswm_lorawd_wd0p3_lr1e4,lorawd,0.0632,-1.1992829217176149,44.44,54.17,63.76,gsm8k,47.3,41.58,72.12,52.05,57.82,5.9443,1.5578,0.0001,0.3,,,False,False,True,,,,,,,,,1.987733390397236,1.9346918347336524,0.0530415556635837,46.43615997112422,5.9508256912231445,1.5584135496190616,5.56125442807563,19.07597357695548,0.1244583043685909,0.1045713397101794,0.0711779460522605,0.0503696103489908,0.0764948053451859,0.5183828959954654,68.59805777898201,0.12023493047404767,0.018910975216724732,0.014139246393913122,0.49472556422189295,0.35198928369342153
frm_dora_lr3e4_c256_s43,frm,43.0,frm_dora_lr3e4_c256,dora,2.8444,0.4539906699682299,17.76,26.7,59.74,math_faithful,27.85,7.67,23.74,28.75,45.49,701.2923,31.0013,0.0003,,,,False,False,True,,,,,,,,,4.724918807811289,1.810069211692996,2.9148495961182928,1642.980430811455,701.2981567382812,31.002068364620207,19.15874021205036,45.70231370989083,0.1191215851190099,0.0436890183496757,0.1026028264305297,0.0486664435192392,0.1075637369583956,0.3063871453096707,8.699777345646865,0.33128164697850704,0.3621495093320263,0.06192546835947565,0.14935763602251673,0.09528573930747465
qwswm_lora_r32_lr1e4_s42,qwswm,42.0,qwswm_lora_r32_lr1e4,lora,0.0781,-1.1073489661226996,43.46,53.98,64.75,gsm8k,44.62,42.29,72.01,53.67,57.3,7.1525,1.9628,0.0001,,,32.0,False,False,True,,,,,,,,,,,,61.52865161124448,7.158281803131104,1.963391528385026,6.303267051343014,20.46461316782634,0.1222302715969957,0.1033404260958408,0.068189987426342,0.0513070629010763,0.0743748159096952,0.5174145253436718,68.35064804385755,0.12406813438777535,0.018335312877511778,0.014137102982551945,0.5164454923480418,0.3270139574041192
frc_lorawd_wd0p3_lr1e4_c256_s46,frc,46.0,frc_lorawd_wd0p3_lr1e4_c256,lorawd,0.2355,-0.6280090885350851,27.08,36.31,81.56,cs,34.5,19.66,47.3,42.75,37.33,15.934,5.554,0.0001,0.3,,,False,False,True,72.81,85.26,79.89,92.37,83.19,85.44,71.93,81.6,1.921240106481882,1.810069211692996,0.1111708947888863,124.9055770045963,15.969231605529783,5.555435718595982,3.063233069875675,10.245909770257596,0.0721553527208221,0.0501662745671936,0.0917314975334634,0.0505949761634307,0.0725867543499765,0.5351632637074049,109.66181849463564,0.11010800356853653,0.11628216594505947,0.09396288038217004,0.4113584255155806,0.2682885245886535
lrswm_dora_r16_lr1e4_s43,lrswm,43.0,lrswm_dora_r16_lr1e4,dora,0.3207,-0.4939010400715595,24.46,33.1,43.75,gsm8k,32.04,16.89,29.58,45.14,41.85,17.011,5.9233,0.0001,,,16.0,False,False,True,,,,,,,,,1.9876317481902748,1.810069211692996,0.177562536497279,123.62246883345364,17.031932830810547,5.925734865665436,2.576202707978664,6.952974749276355,0.0691389158216244,0.0522475071724233,0.093014488180448,0.0501638865493647,0.0705936516567465,0.5777729431361986,101.1516365855583,0.1048664177707215,0.11379716278258765,0.08977069109922073,0.41965539333042373,0.2719103350170464
frc_lorawd_wd0p3_lr1e4_c256_s45,frc,45.0,frc_lorawd_wd0p3_lr1e4_c256,lorawd,0.2385,-0.6225116166238673,26.94,35.59,78.28,cs,33.97,19.9,46.35,41.3,36.41,16.0388,5.589,0.0001,0.3,,,False,False,True,65.6,67.08,79.12,91.4,83.66,85.77,71.59,82.0,1.9627823404204343,1.8520239240816387,0.1107584163387955,125.45790783260284,16.044315338134766,5.590184327960015,3.05508590055073,10.218491073254432,0.071918514307772,0.0502845333403337,0.0919576868423412,0.0504248493861162,0.0725273538721876,0.5366291894620651,109.81652777911297,0.10857828732612833,0.11682873150394658,0.09422737544939044,0.40909022367737846,0.2712753820431562
frc_milora_lr1e3_c256_s43,frc,43.0,frc_milora_lr1e3_c256,milora,7.1808,0.8561728309040297,2.13,19.69,36.33,cs,4.27,0.0,23.22,23.21,47.73,811.9213,81.0672,0.001,,,,True,False,True,62.14,48.64,33.93,25.08,50.36,23.86,24.66,22.0,8.865112520247871,1.810069211692996,7.055043308554875,3295.9015979023807,811.9063110351562,81.07501593828201,12.14476155579929,25.05371989587711,0.0931720428252231,0.048604986967079,0.1035362341128371,0.0519128997382968,0.0981904706176137,0.589898442846361,47.65101220570451,0.2789271287175882,0.2799536105009567,0.07702822929772231,0.24503913341063122,0.11905189807310153
frc_lorawd_wd0p3_lr2e5_c256_s44,frc,44.0,frc_lorawd_wd0p3_lr2e5_c256,lorawd,0.2124,-0.6728454875905685,27.3,36.8,12.19,cs,34.31,20.3,46.73,45.82,36.85,5.0793,2.1224,2e-05,0.3,,,False,False,True,17.98,5.66,13.61,23.34,9.71,10.77,11.26,5.2,2.073863758744269,1.810069211692996,0.2637945470512732,35.602875764357066,5.0812811851501465,2.123962791264057,1.486942212271938,3.5684498475692825,0.0635993969497159,0.049352002577045,0.1296139512251577,0.0624428715398398,0.0797333655184125,0.5622135410524558,76.34871264587164,0.08218050380893771,0.1060547593351414,0.09055843889217206,0.5870769015362695,0.13412939642747934
frc_sclora_b0p9_em_r128_lr5e5_s44,frc,44.0,frc_sclora_b0p9_em_r128_lr5e5,sclora,0.2034,-0.6916490514132743,27.04,35.86,56.81,cs,34.4,19.69,47.69,42.41,35.1,6.3629,2.5017,5e-05,,,128.0,False,False,True,55.5,51.47,49.74,47.86,63.38,68.35,56.4,61.8,1.9867173395804016,1.810069211692996,0.1766481278874059,94.30382716292485,6.362766742706299,2.502111369371414,13.568352946466488,72.51630232948973,0.0346361601830501,0.3986277929642054,0.0988295535508388,0.0663713894523633,0.0551530340872485,0.5262078923432874,118.53553355570877,0.1208384197304346,0.11567949362028743,0.09975182804474057,0.2944054294889443,0.36932482911559306
qwswm_lora_null_r16_lr2e5_s44,qwswm,44.0,qwswm_lora_null_r16_lr2e5,lora_null,0.0291,-1.5361070110140926,43.19,53.14,50.57,gsm8k,47.57,38.81,72.12,50.0,57.2,1.8556,0.4441,2e-05,,,16.0,False,False,True,,,,,,,,,1.890410378055576,1.8790178806577968,0.011392497397779,13.210195735766629,1.8563612699508667,0.4441563715359994,5.749769911814545,16.34908945639156,0.213197004014929,0.0791662107059835,0.1029290107669211,0.1455653046420211,0.125548774266354,0.5692764087637812,58.553388304078474,0.0880351315952783,0.021766152446152074,0.014806956591543992,0.5906211653212524,0.2847705940457733
frc_pissa_r32_lr3e4_c256_s44,frc,44.0,frc_pissa_r32_lr3e4_c256,pissa,1.3877,0.1422955882897635,9.38,22.11,68.87,cs,16.56,2.2,23.24,33.36,35.21,51.2253,13.8795,0.0003,,,32.0,False,False,True,65.81,76.39,75.84,60.19,76.8,69.32,56.4,70.2,3.669456558474773,1.810069211692996,1.8593873467817768,723.9831594721331,51.23530578613281,13.881161734461784,18.117260975002708,39.77379030646538,0.2209002000748583,0.0385626473712143,0.4571588660929714,0.0276807301081164,0.2167179232573977,0.5342989525171152,139.5406907271226,0.18768571810126405,0.20285717122419228,0.09429015071917063,0.299134842193316,0.216032117762057
frm_lorawd_wd0p5_lr3e4_c256_s43,frm,43.0,frm_lorawd_wd0p5_lr3e4_c256,lorawd,0.2165,-0.6645420993106157,26.18,34.57,65.73,math_faithful,33.91,18.46,36.16,41.89,42.42,21.0085,3.1066,0.0003,0.5,,,False,False,True,,,,,,,,,1.9621731214039704,1.810069211692996,0.1521039097109748,138.66834982441742,21.008474349975582,3.106916832178831,13.797814737252825,37.14314491454753,0.079798145839111,0.0482052740304381,0.0960205701607914,0.0480637728120356,0.0780309896569149,0.5643338756936579,105.18278389798132,0.1144989518045222,0.14664291510979172,0.08866748574497413,0.37630394723962424,0.2738867001010876
frm_lorawd_wd0_lr2e4_c256_s44,frm,44.0,frm_lorawd_wd0_lr2e4_c256,lorawd,0.8572,-0.0669178376302089,20.81,29.34,62.85,math_faithful,29.58,12.04,25.52,34.9,44.68,86.4413,14.9727,0.0002,0.0,,,False,False,True,,,,,,,,,2.893871532803245,1.810069211692996,1.0838023211102492,705.3526525837007,86.43941497802734,14.9740446716547,15.451890291652434,45.20203491869453,0.0678094086729857,0.0464381650911243,0.0690594432526149,0.0509559238529498,0.0648814708244147,0.5678034823034507,124.29537559451802,0.17019161281891854,0.18874440549632118,0.10831368128403715,0.31405662489466596,0.21869367550605706
frc_lorawd_wd0p5_lr5e4_c256_s45,frc,45.0,frc_lorawd_wd0p5_lr5e4_c256,lorawd,0.2695,-0.5694412304772425,26.63,30.17,82.28,cs,33.9,19.36,23.06,40.19,34.32,24.9057,4.5489,0.0005,0.5,,,False,False,True,73.06,85.09,79.53,91.99,85.71,86.28,72.01,84.6,1.915809148868688,1.810069211692996,0.1057399371756921,164.36754798844794,24.905405044555664,4.549174145609141,8.58810446735692,20.817560919191973,0.0769258701022716,0.0467233393972473,0.091630495205474,0.0479477616676207,0.0759277945078548,0.5376629931306418,108.10742588689817,0.12153873908621404,0.1483209704876454,0.09328345134029471,0.3708669815573369,0.2659898575285089
qwsw_sclora_r32_lr2e5_s43,qwsw,43.0,qwsw_sclora_r32_lr2e5,sclora,0.1167,-0.93292914395463,39.75,47.63,87.18,cs,47.04,32.46,71.87,41.13,45.63,3.2279,0.9915,2e-05,,,32.0,False,False,True,73.18,90.1,79.84,93.87,85.4,95.71,88.57,90.8,2.009410264653233,1.9346918347336524,0.0747184299195806,38.8815941122803,3.2319321632385254,0.9919995174876282,9.562607597886029,34.15028614277947,0.1033809134176101,0.1340076413786772,0.2596262976702934,0.0276538785898317,0.1356352326492112,0.5514706810843631,52.49795123382301,0.06844369732602124,0.016390426372115664,0.02036835053238676,0.6704637527811473,0.22433377298832904
qwswm_sclora_r32_lr1e4_s44,qwswm,44.0,qwswm_sclora_r32_lr1e4,sclora,0.1807,-0.7430418474390681,40.33,52.01,76.8,gsm8k,46.78,33.88,69.96,53.07,56.36,5.2236,1.6511,0.0001,,,32.0,False,False,True,,,,,,,,,,,,88.09461949364324,5.224377632141113,1.651319105071681,15.28649540544662,41.062441839534365,0.1584992931794308,0.1019126353341147,0.3697877108838366,0.0253690569501017,0.1719980239111814,0.5257429511298393,58.65714979469581,0.1049363603756217,0.02232686768848618,0.02087021545618228,0.6339055442526377,0.21796101222707218
frm_lorawd_wd0p2_lr7e4_c256_s44,frm,44.0,frm_lorawd_wd0p2_lr7e4_c256,lorawd,0.6257,-0.2036338450224787,21.8,30.98,61.64,math_faithful,31.36,12.25,29.28,35.84,46.18,58.1796,7.514,0.0007,0.2,,,False,False,True,,,,,,,,,2.423683113155409,1.810069211692996,0.6136139014624133,421.6204587065243,58.17831802368164,7.514344868063927,22.912718846479876,50.6049340665388,0.081084579285363,0.0450729370225088,0.0928824206729781,0.0472959887654731,0.0809255654130947,0.5586685779296899,103.68852191179717,0.1431437038276332,0.15794145747546862,0.10660084460133182,0.3512831301681574,0.24103086392740908
lrswm_dora_r16_lr2e5_s43,lrswm,43.0,lrswm_dora_r16_lr2e5,dora,0.3295,-0.4821445810699712,25.36,33.68,34.5,gsm8k,33.27,17.45,30.62,45.99,41.06,6.9882,2.0703,2e-05,,,16.0,False,False,True,,,,,,,,,1.8764704886857584,1.810069211692996,0.0664012769927624,33.055648802220745,7.006877422332764,2.0723764941096308,1.3069564584383295,2.3728599760316262,0.0593871898483491,0.0498315215150452,0.1768669904364802,0.0504866329330476,0.0867416682791636,0.5648032852909423,67.74249527704059,0.09492027704725486,0.1339667290363957,0.08117805249899251,0.6026080613542459,0.08732688006311098
lrsw_lora_r16_lr1e4_s45,lrsw,45.0,lrsw_lora_r16_lr1e4,lora,0.2982,-0.5254923608830242,26.16,34.9,78.15,cs,33.02,19.31,46.18,40.02,35.96,20.4337,7.427,0.0001,,,16.0,False,False,True,71.04,80.2,79.02,81.07,83.35,83.5,69.62,77.4,1.9330951427814824,1.810069211692996,0.1230259310884869,146.0659937490887,20.466251373291016,7.430858065187931,2.3003169660041056,6.18228381190524,0.0710900514821189,0.0492482682467387,0.0892060281745686,0.0507691100531376,0.0714318201795748,0.5384841315671696,110.12539029352484,0.11044074759366353,0.11906064616333215,0.09250831753350214,0.4072689171394035,0.27072137157009857
lrsw_lora_null_r16_lr1e4_s44,lrsw,44.0,lrsw_lora_null_r16_lr1e4,lora_null,0.2522,-0.5982549177629373,26.05,35.33,54.96,cs,33.19,18.91,46.11,43.43,35.0,8.5585,3.8892,0.0001,,,16.0,False,False,True,61.8,47.06,74.16,60.44,26.52,65.19,49.49,55.0,1.934891916117088,1.810069211692996,0.1248227044240923,111.04907208834778,8.565451622009277,3.890196002274752,5.391929926516385,16.497496715960533,0.2154915402916586,0.0339822101462612,0.1358610617591102,0.0707898058814275,0.144785115292289,0.5483232936928815,127.01477588552834,0.16140554194057422,0.16269379911641169,0.0794102375329849,0.3392114858798653,0.2572789355301638
frc_clora_k1024_lr3e4_c256_s45,frc,45.0,frc_clora_k1024_lr3e4_c256,clora,0.4608,-0.3364875295848444,23.36,32.34,79.71,cs,31.15,15.58,39.61,38.4,36.97,20.5513,9.9838,0.0003,,1024.0,,False,False,True,71.1,82.86,79.12,89.51,82.79,83.71,67.41,81.2,2.209820737932891,1.810069211692996,0.3997515262398952,370.6602700785272,20.554834365844727,9.986488905549049,7.347158193279949,21.964719353277708,0.0588235424192417,0.0472903657445623,0.0638048587580417,0.0486913447829001,0.0567712058771447,0.5466251589455671,87.2545483317337,0.054629836652701005,0.05129648782329228,0.07646501247361998,0.45847322095364795,0.35913544209673876
frm_milora_lr5e4_c256_s43,frm,43.0,frm_milora_lr5e4_c256,milora,2.671,0.4266738880213728,7.4,22.16,50.34,math_faithful,14.73,0.07,24.33,23.89,47.78,345.4026,36.798,0.0005,,,,False,False,True,,,,,,,,,6.243148003717169,1.810069211692996,4.433078792024173,2370.4857021865387,345.3994445800781,36.79816085100174,29.32621215717057,56.14933230167883,0.0810694223568706,0.0469971537075005,0.0818197388542307,0.0588768041122575,0.0807451048063529,0.5752986172095803,81.08359305274669,0.16390904595640354,0.15741178120823493,0.144704272154562,0.3484835841647786,0.18549131651602105
frc_lorawd_wd0p2_lr2e5_c256_s42,frc,42.0,frc_lorawd_wd0p2_lr2e5_c256,lorawd,0.2139,-0.669789215428472,26.67,36.42,21.44,cs,34.1,19.24,46.43,46.16,36.15,5.2551,2.154,2e-05,0.2,,,False,False,True,28.29,10.12,28.92,21.48,12.87,26.43,25.43,18.0,2.1233720064883777,1.8520239240816387,0.2713480824067389,36.26775523974725,5.263933181762695,2.1556724160909653,1.5086919394972804,3.75320467271326,0.0641290814663328,0.0482819859720271,0.1266957817346665,0.0637036490800625,0.0791433027719477,0.5567223927576274,76.82016305048934,0.08340440940143772,0.10551635891671035,0.08983238768605181,0.5873262547237252,0.133920589272075
qwsw_clora_k1024_lr1e4_s43,qwsw,43.0,qwsw_clora_k1024_lr1e4,clora,0.1266,-0.8975662943186637,39.64,50.5,86.85,cs,45.77,33.5,71.01,53.41,48.82,14.2329,3.3862,0.0001,,1024.0,,False,False,True,74.13,89.88,79.12,95.08,85.16,94.4,86.86,90.2,2.062429625193569,1.9346918347336524,0.1277377904599168,121.5930625445017,14.247793197631836,3.38842143970313,4.948289411355644,17.45589351601184,0.0575781638172965,0.0426351553741695,0.0658351509863543,0.0464398654876591,0.0470007459411901,0.5615519544199339,53.550923939064475,0.041486994646857775,7.008357391199777e-10,1.1549643769883981e-09,0.5825115454794911,0.376001458017851
lrsw_milora_r32_lr2e4_s45,lrsw,45.0,lrsw_milora_r32_lr2e4,milora,0.4162,-0.3806979241243918,26.46,35.21,78.53,cs,34.05,18.87,44.4,42.15,36.59,27.4533,11.4819,0.0002,,,32.0,False,False,True,71.87,71.22,78.51,85.87,83.82,84.3,71.67,81.0,2.088509181263989,1.810069211692996,0.2784399695709931,269.9243906366469,27.453144073486328,11.485168513655662,4.573810785589944,13.671319749154732,0.0657675212104425,0.1071694669184949,0.0778683462211716,0.1057576695450902,0.0671571340721957,0.5459582852285316,133.73959746069903,0.15975102550629378,0.18212973158309845,0.10278590479804334,0.3161644302383107,0.23916890787425377
frm_lorawd_wd0p3_lr1e4_c256_s44,frm,44.0,frm_lorawd_wd0p3_lr1e4_c256,lorawd,0.2406,-0.6187043769961741,26.02,34.29,66.11,math_faithful,34.25,17.78,32.52,43.09,43.81,14.337,4.4805,0.0001,0.3,,,False,False,True,,,,,,,,,2.0188590545628298,1.810069211692996,0.208789842869834,150.03466191890553,14.349634170532228,4.481376588344574,7.228550396509477,28.03851359155711,0.0715440735016532,0.0506023101971148,0.0852648023091402,0.0500153692392066,0.0707641673542597,0.5785883605398732,112.9681186586898,0.1255896594563677,0.13759593269423265,0.09354609936052154,0.3648894828356415,0.2783788256532367
qwswm_lora_null_r16_lr3e4_s43,qwswm,43.0,qwswm_lora_null_r16_lr3e4,lora_null,0.1156,-0.9370421659154896,42.45,52.82,68.08,gsm8k,46.03,38.87,71.41,52.73,55.05,10.5043,3.1728,0.0003,,,16.0,False,False,True,,,,,,,,,2.0429015051119603,1.9346918347336524,0.1082096703783079,130.57298520201354,10.514631271362305,3.173203553046499,9.586488135373566,18.225713747517915,0.156390194500947,0.0819827800971129,0.0784234055773157,0.1141566715347915,0.0916249607679142,0.5559270942681359,64.16070763674566,0.12245070134376042,0.019447697611251716,0.010574982064153849,0.5596688926722817,0.28785772630855255
qwsw_milora_r32_lr1e3_s42,qwsw,42.0,qwsw_milora_r32_lr1e3,milora,0.955,-0.0199966284162536,6.41,22.58,72.24,cs,12.04,0.78,29.85,32.94,37.28,95.1106,18.5092,0.001,,,32.0,False,False,True,64.68,78.56,74.92,69.55,74.51,77.02,63.48,75.2,,,,995.037593969026,95.10883331298828,18.51164173313549,16.71122599031108,29.76727990143764,0.1136192259980401,0.103777183315941,0.0659950176238731,0.0632221575266031,0.0750911065257018,0.4956839734924226,76.47744601551312,0.24341903769333206,0.013370605689634274,0.010021638235353906,0.43903425883108776,0.2941544595505921
qwsw_sclora_r32_lr1e4_s42,qwsw,42.0,qwsw_sclora_r32_lr1e4,sclora,0.4408,-0.3557584141562713,9.44,33.08,87.07,cs,15.71,3.18,62.49,38.4,45.61,11.6482,3.7838,0.0001,,,32.0,False,False,True,74.46,89.06,79.53,94.77,86.19,95.33,87.2,90.0,,,,170.25073667081347,11.647764205932615,3.784306445292064,10.883275328702227,35.572243404161746,0.1820698388840233,0.0678268772904387,0.4196385320545582,0.0207551723000183,0.1895970161329738,0.5251463230275025,57.80654132008949,0.09983615201384075,0.01693230883318613,0.015385447047466638,0.634210355547577,0.2336357365579295
lrsw_lora_null_r16_lr1e3_s42,lrsw,42.0,lrsw_lora_null_r16_lr1e3,lora_null,1.1609,0.0647948111953832,17.36,25.27,73.55,cs,27.02,7.7,25.82,34.39,31.43,135.7188,25.0528,0.001,,,16.0,False,False,True,67.0,79.05,78.25,79.87,78.22,74.75,58.02,73.2,2.7528173738144632,1.8520239240816387,0.9007934497328244,993.6370991938796,135.71774291992188,25.052598583698277,10.272362783831635,15.571557580005765,0.0794955067558898,0.0444819105792769,0.066307587021724,0.0521814106433924,0.0698786671918985,0.5137711423147885,125.3855912846293,0.2218317501473514,0.24592107488389406,0.13081325173422345,0.24394106466852017,0.15749285856601103
frc_lora_null_lr1e3_c256_s44,frc,44.0,frc_lora_null_lr1e3_c256,lora_null,6.565,0.8172347304254981,1.08,19.35,37.25,cs,2.15,0.0,23.93,23.55,47.1,358.459,72.0998,0.001,,,,True,False,True,62.17,50.87,34.39,24.02,48.62,25.59,25.51,26.8,5.80027620845118,1.810069211692996,3.990206996758184,2928.266669341626,358.45098876953125,72.10327830910683,12.582092698119,26.350994101515347,0.0972048708168096,0.047793350031539,0.1074786485368603,0.0521599763156311,0.1043920992536251,0.5563331936862499,90.27746623187845,0.30075885090679877,0.2771747620922277,0.08407170222430033,0.22913377358717527,0.108860911189498
qwswm_sclora_r32_lr5e5_s44,qwswm,44.0,qwswm_sclora_r32_lr5e5,sclora,0.1067,-0.97183558057553,42.63,53.19,77.48,gsm8k,47.64,37.62,71.14,54.27,55.28,3.0901,0.9164,5e-05,,,32.0,False,False,True,,,,,,,,,2.038421982355392,1.9346918347336524,0.1037301476217398,46.225879032623645,3.0908169746398926,0.916459986780371,14.419972543004992,38.57102648878064,0.1541527711211929,0.1031941797430904,0.3922991374268623,0.0241978990631532,0.1704160731409019,0.5224129846124727,56.224344593021044,0.10477066456217328,0.02241455439647338,0.021629678394893475,0.6558450536375503,0.1953400490089098
frc_lorawd_wd0_lr5e4_c256_s44,frc,44.0,frc_lorawd_wd0_lr5e4_c256,lorawd,1.1744,0.0698160425719953,17.24,25.32,73.12,cs,26.63,7.84,24.81,32.68,34.63,132.6013,22.3773,0.0005,0.0,,,False,False,True,68.41,77.37,77.43,77.9,77.43,73.74,59.9,72.8,2.8611056478267707,1.810069211692996,1.051036436133775,957.9957282898974,132.59703063964844,22.38032779693604,12.800957729460468,26.254757668234184,0.0721389714439729,0.045847731277339,0.0678693557811748,0.0508499118973188,0.0666856883276307,0.5249407205920636,133.1821812109849,0.20773967083480102,0.22139731313784247,0.12462971827999691,0.26008766326615984,0.18614563448119975
lrswm_lorawd_wd0p3_lr2e5_s43,lrswm,43.0,lrswm_lorawd_wd0p3_lr2e5,lorawd,0.3275,-0.484788695672198,26.4,33.94,36.69,gsm8k,35.29,17.51,30.33,46.08,40.48,7.8727,2.2323,2e-05,0.3,,,False,False,True,,,,,,,,,2.0435605386893334,1.810069211692996,0.2334913269963376,38.16050291877015,7.876464366912842,2.23354618921876,1.5820889533879596,3.8729696030880647,0.0612119561703218,0.052296745540362,0.1599950068668867,0.0514278395333645,0.0838248287755704,0.5736830692199786,72.27639113066076,0.09218278679988828,0.12635317635146068,0.08417504358659054,0.5744145491047075,0.12287444415735292
qwsw_sclora_r32_lr3e4_s42,qwsw,42.0,qwsw_sclora_r32_lr3e4,sclora,0.7187,-0.1434523551432521,6.75,25.69,84.0,cs,12.64,0.86,36.66,39.25,39.04,34.6834,8.621,0.0003,,,32.0,False,False,True,71.77,87.38,78.66,92.44,83.35,92.05,81.14,85.2,,,,450.3481154856388,34.682125091552734,8.622213378122874,14.51431812817605,35.6457692636891,0.1712018487172337,0.0720921340312642,0.2848990156448815,0.0284611271827542,0.1629786673571026,0.5314871479744364,63.7644401247558,0.11518309915322761,0.016622899236488308,0.012576779893539657,0.5716940731508959,0.28392314856584866
qwswm_lorawd_wd0p3_lr2e4_s42,qwswm,42.0,qwswm_lorawd_wd0p3_lr2e4,lorawd,0.0856,-1.0675262353228467,45.86,54.48,59.14,gsm8k,48.0,43.71,71.97,51.28,57.43,8.109,2.1482,0.0002,0.3,,,False,False,True,,,,,,,,,,,,77.10523261168815,8.111968994140625,2.148784835423742,7.831624121927006,22.06032855817045,0.1187537940964412,0.1021701530662467,0.0685509501533302,0.0477123519252381,0.0737117504533251,0.5239445328184964,69.89669629684182,0.1226943157475862,0.018308600959794058,0.012137587501295382,0.46136544871694474,0.38549404707437984
qwswm_lora_r16_lr5e4_s43,qwswm,43.0,qwswm_lora_r16_lr5e4,lora,0.2414,-0.6172627342386696,42.35,51.77,65.88,gsm8k,44.56,40.14,69.38,49.57,55.2,21.9554,6.6557,0.0005,,,16.0,False,False,True,,,,,,,,,2.150928964523887,1.9346918347336524,0.2162371297902345,279.02267190920736,22.000717163085938,6.657249986273902,9.60785306506614,14.958670019290162,0.1104351895668315,0.0989853475782744,0.0607852137728301,0.0484363855328165,0.0676244704482328,0.5088490125788644,69.30844998304123,0.1800798727993141,0.017997581976882806,0.010689338308246046,0.4602099396560493,0.33102326725950787
qwswm_lorawd_wd0p3_lr2e5_s42,qwswm,42.0,qwswm_lorawd_wd0p3_lr2e5,lorawd,0.0381,-1.4190750243243806,43.66,53.31,58.53,gsm8k,47.6,39.71,71.96,50.0,57.28,2.3711,0.5545,2e-05,0.3,,,False,False,True,,,,,,,,,,,,13.158384668141297,2.371772527694702,0.5547076139066901,3.391824434496275,13.592674546881964,0.1254746358845268,0.1072162706253586,0.0893070737015448,0.055973609553707,0.0814283782340731,0.521756764242688,54.95271504650419,0.11450323601351443,0.021107371010674274,0.013063711427684947,0.6376073323961339,0.21371834915199253
frm_lorawd_wd0p2_lr5e4_c256_s42,frm,42.0,frm_lorawd_wd0p2_lr5e4_c256,lorawd,0.5579,-0.2534436385896308,22.48,30.88,62.62,math_faithful,30.84,14.11,27.03,38.65,43.77,67.6177,7.0253,0.0005,0.2,,,False,False,True,,,,,,,,,2.3539075719431524,1.8520239240816387,0.5018836478615136,377.13083542326166,67.6173324584961,7.025672473013401,21.55416225626061,49.52384782493933,0.0811531099201855,0.0453483163774582,0.0905403598069959,0.0476158627512071,0.0796648717756172,0.5486398110288477,98.7678867639834,0.1434971311756665,0.17321762696801074,0.10083273553564143,0.338233107487015,0.24421939883366645
qwsw_sclora_r32_lr2e4_s42,qwsw,42.0,qwsw_sclora_r32_lr2e4,sclora,0.6277,-0.2022478713492892,7.39,29.43,84.76,cs,14.71,0.07,58.36,38.4,35.59,19.8345,6.3477,0.0002,,,32.0,False,False,True,73.06,85.85,77.89,89.79,85.95,93.35,83.79,88.4,,,,318.2100069362179,19.836368560791016,6.348214741264071,13.15608922104972,36.158349179071145,0.1767274543986659,0.0698151869803992,0.3435008968716089,0.0244420151187634,0.1748937819515773,0.5358427917432034,60.55355441770321,0.10364546842141223,0.0169141700302039,0.013885398105947069,0.6028013571073161,0.2627536063351208
lrswm_milora_r32_lr2e5_s43,lrswm,43.0,lrswm_milora_r32_lr2e5,milora,0.27,-0.5686362358410126,25.3,34.0,33.89,gsm8k,33.31,17.3,31.3,47.18,40.91,3.5835,1.5652,2e-05,,,32.0,False,False,True,,,,,,,,,1.8823985291370195,1.810069211692996,0.0723293174440238,27.22973726774812,3.5905966758728027,1.5659500237554311,2.741602229508846,9.566766409173274,0.0500979905295974,0.2646506672536213,0.150529719143922,0.1797778640264693,0.0761967581238201,0.5771920114229269,95.02076001511284,0.09577708919996292,0.12945788426604862,0.10124302694906878,0.4792378067332148,0.19428419285170495
qwsw_lora_null_r16_lr1e4_s44,qwsw,44.0,qwsw_lora_null_r16_lr1e4,lora_null,0.1295,-0.8877302315827293,40.64,50.32,80.78,cs,46.11,35.16,71.23,50.85,48.23,9.6096,2.9409,0.0001,,,16.0,False,False,True,70.03,88.19,80.14,94.25,86.35,73.74,65.78,87.8,2.033550920527271,1.9346918347336524,0.0988590857936184,93.45510740927315,9.607731819152832,2.941577106288501,5.731823430525737,14.924971179186398,0.1871614661479859,0.0742423710116241,0.0902398576823821,0.1045424591961951,0.1068862832863921,0.5768889367941342,60.477612570801874,0.09041142988330891,0.015361096770773021,0.011497346583489585,0.5451604105593426,0.3375697162030859
lrsw_lorawd_wd0p3_lr1e3_s44,lrsw,44.0,lrsw_lorawd_wd0p3_lr1e3,lorawd,0.4618,-0.3355460714188424,25.6,31.62,81.06,cs,32.21,18.99,37.05,36.52,33.35,47.7845,7.105,0.001,0.3,,,False,False,True,71.53,83.95,81.06,87.98,83.9,84.6,71.67,83.8,2.004636169362947,1.810069211692996,0.1945669576699511,294.2512151216546,47.78323745727539,7.105374717712403,11.74070439222178,25.56676516665628,0.0768706138153265,0.0451540065898427,0.0845631823253106,0.0476973448458163,0.0755862164781846,0.5352563166308263,115.52671789851799,0.14725981003098912,0.1789735233479607,0.1105826229428829,0.32150742198516935,0.24167662169299797
frm_lorawd_wd0_lr3e4_c256_s42,frm,42.0,frm_lorawd_wd0_lr3e4_c256,lorawd,1.2941,0.1119678372060728,17.96,26.41,59.59,math_faithful,28.31,7.61,24.16,26.79,45.16,161.9034,20.0793,0.0003,0.0,,,False,False,True,,,,,,,,,3.5548387667593966,1.8520239240816387,1.7028148426777578,1120.3556898498096,161.90093994140625,20.080186614394187,23.05444305548095,52.17587072547066,0.0721638884567522,0.0453357295082907,0.0705915300292988,0.0506542676267914,0.0683544590713309,0.5545473845870874,113.96117367915974,0.18298623513947432,0.19903446388677268,0.12570542370997093,0.30075471795679554,0.19151915930698665
lrsw_lora_null_r16_lr1e4_s43,lrsw,43.0,lrsw_lora_null_r16_lr1e4,lora_null,0.2442,-0.6122543403911364,26.18,35.3,68.49,cs,34.1,18.25,46.17,43.09,34.88,9.5119,3.8745,0.0001,,,16.0,False,False,True,59.91,77.09,62.9,82.15,61.4,75.21,63.05,66.2,1.9308238489571037,1.810069211692996,0.1207546372641077,110.855130497029,9.524558067321776,3.875693365931511,5.421671552139881,16.546896321647573,0.2156957248830734,0.0339769109079381,0.1357568879268931,0.0706651152823596,0.1446884389540815,0.5480984667417208,126.78477325768952,0.16157571105818735,0.16153581284924784,0.07940347932918629,0.34073206069217005,0.2567529360712086
lrswm_clora_k1024_lr5e5_s43,lrswm,43.0,lrswm_clora_k1024_lr5e5,clora,0.2101,-0.6775739475940474,25.7,33.31,40.79,gsm8k,33.56,17.83,28.27,44.45,42.46,7.5251,2.6008,5e-05,,1024.0,,False,False,True,,,,,,,,,1.931356640396476,1.810069211692996,0.1212874287034799,63.16645053935794,7.52816915512085,2.601647498831153,3.2467751451325224,11.852051657503305,0.0615108737877207,0.0568242252798522,0.0877158358248828,0.0535642303738803,0.0632561905048009,0.5706034894073073,77.16785312864606,0.06468280105241558,0.0627566992699469,0.06702819445271124,0.551691906455108,0.2538403987698183
lrswm_clora_k1024_lr1e3_s44,lrswm,44.0,lrswm_clora_k1024_lr1e3,clora,0.8518,-0.0696623642622699,19.27,28.38,43.97,gsm8k,28.34,10.21,25.59,32.25,45.52,28.832,14.6142,0.001,,1024.0,,False,False,True,,,,,,,,,2.9041823117911933,1.810069211692996,1.0941131000981976,741.9017507641672,28.88720321655273,14.61733457148075,15.43204968442647,27.918729149423417,0.0599912252178179,0.0461091096289387,0.0625555255530439,0.0495481890899229,0.0577351414992089,0.5864862871397548,87.86671305543936,0.06742519907726467,0.06385097825781447,0.09671203636050996,0.4475383266460668,0.3244734596583442
lrswm_milora_r32_lr5e5_s43,lrswm,43.0,lrswm_milora_r32_lr5e5,milora,0.2833,-0.5477534254795628,25.94,34.09,38.06,gsm8k,33.77,18.1,30.27,46.42,41.9,6.2326,2.8637,5e-05,,,32.0,False,False,True,,,,,,,,,1.9312301290451896,1.810069211692996,0.1211609173521941,55.16912768187428,6.23447322845459,2.8643961511552334,3.103965854608639,10.875742172157436,0.053407075198864,0.2434853472664017,0.1101062539505849,0.1773218998718834,0.0689976152038061,0.5839831507049987,107.3709929766042,0.10433176796447488,0.13106165943110765,0.10138792598458027,0.4051425214343656,0.25807612518547157
qwsw_clora_k1024_lr3e4_s44,qwsw,44.0,qwsw_clora_k1024_lr3e4,clora,0.2916,-0.535212480354063,37.94,44.79,84.8,cs,44.05,31.82,66.19,38.4,43.47,26.6421,6.7393,0.0003,,1024.0,,False,False,True,73.7,84.44,78.97,90.56,84.45,92.68,83.62,90.0,2.387041065265457,1.9346918347336524,0.4523492305318046,355.40806244265013,26.64732551574707,6.740086740593064,11.14147750502403,25.90962071443911,0.0520143297054186,0.0431008136756322,0.0575509844240791,0.0440631035294072,0.0435856637508737,0.5548034739759605,55.917221803844114,0.045894017573910394,2.298769923544418e-10,4.608901255216481e-10,0.5456440493710161,0.40846193236430656
lrsw_dora_r16_lr5e4_s44,lrsw,44.0,lrsw_dora_r16_lr5e4,dora,1.2185,0.085825533520743,19.08,27.33,76.87,cs,29.1,9.06,23.86,36.01,38.64,194.5255,25.2642,0.0005,,,16.0,False,False,True,68.81,80.74,79.43,85.92,77.98,78.16,63.74,80.2,2.523506346636152,1.810069211692996,0.7134371349431563,822.5472791442102,194.5226287841797,25.27053180336952,6.911341858617148,13.32995578216151,0.0842506665816814,0.0454146123160626,0.0768774618764429,0.0500394488977503,0.0768849375002645,0.4901838675570747,77.01287738374648,0.20996141673767557,0.27038556672840797,0.10533007692034177,0.2396433014709945,0.17467963814258014
qwsw_sclora_r32_lr3e4_s44,qwsw,44.0,qwsw_sclora_r32_lr3e4,sclora,0.5221,-0.2822463067892843,28.58,37.24,83.23,cs,35.31,21.84,57.11,38.05,33.87,25.0582,7.4187,0.0003,,,32.0,False,False,True,73.06,79.33,78.86,83.3,84.69,93.06,84.13,89.4,2.65279518811406,1.9346918347336524,0.7181033533804073,419.6605194128372,25.07573699951172,7.420187445197786,17.066097100030483,35.026887322181175,0.104461128093544,0.115125320737277,0.1637471040367173,0.0337064682457378,0.1070301425661208,0.5401713900999102,61.63592118428038,0.09035723234292115,0.016464324592394945,0.013024483995713444,0.5796069460328688,0.30054701303610165
frm_lorawd_wd0p3_lr2e4_c256_s44,frm,44.0,frm_lorawd_wd0p3_lr2e4_c256,lorawd,0.2793,-0.5539290642989949,25.06,33.44,67.25,math_faithful,32.85,17.26,34.23,42.58,40.26,25.1845,4.4938,0.0002,0.3,,,False,False,True,,,,,,,,,2.0791656570610244,1.8520239240816387,0.2271417329793856,192.2163811256441,25.184473037719727,4.494259195029736,12.453239490630194,37.61042202768088,0.0742947478256451,0.0487058774466727,0.0860352846334167,0.0492382177597265,0.0728703642824757,0.5708805589973431,113.72202947987994,0.13140298736553752,0.1566279712635231,0.0921008484642949,0.348515364196907,0.27135282870973754
frc_lorawd_wd0p2_lr2e4_c256_s46,frc,46.0,frc_lorawd_wd0p2_lr2e4_c256,lorawd,0.3643,-0.4385408287580841,26.16,34.78,77.92,cs,33.74,18.58,44.53,41.55,35.52,25.9659,8.5419,0.0002,0.2,,,False,False,True,61.38,83.41,79.99,91.38,84.06,82.2,64.93,76.0,2.025835050165805,1.810069211692996,0.2157658384728094,240.4270928291744,25.9923095703125,8.546112233400345,4.949465701490048,16.12510821876977,0.0703707042721352,0.0478018022360748,0.0820882586198903,0.0486700622961097,0.0697389281544847,0.5414821928926055,120.14980764731823,0.1258257680642847,0.14129600503429246,0.0969509625213426,0.35669654154316155,0.27923072283691874
lrsw_lorawd_wd0p3_lr1e3_s42,lrsw,42.0,lrsw_lorawd_wd0p3_lr1e3,lorawd,0.6315,-0.1996266451086505,23.2,30.99,80.26,cs,30.2,16.19,41.55,31.48,35.52,71.7703,9.7446,0.001,0.3,,,False,False,True,72.42,82.81,80.19,90.78,83.74,82.66,68.09,81.4,2.346343138356718,1.8520239240816387,0.4943192142750794,312.4811972967574,71.76943969726562,9.744909964501858,7.953084634899221,19.49712453102808,0.0800081641612025,0.0470320241442076,0.0974403482377657,0.0491127089893032,0.0830728593253579,0.60831912570141,64.70883607273309,0.28125749681898715,0.23819246972184832,0.07549200735295941,0.22808001823067245,0.17697800787553264
lrsw_milora_r32_lr1e3_s43,lrsw,43.0,lrsw_milora_r32_lr1e3,milora,1.5126,0.1797240960600895,17.33,24.97,66.12,cs,26.05,8.61,22.95,31.91,35.35,229.3391,28.0612,0.001,,,32.0,False,False,True,64.46,73.07,74.26,57.7,72.45,66.29,50.51,70.2,3.1496052964456784,1.810069211692996,1.3395360847526827,1280.8884182418708,229.3385162353516,28.06355744004249,14.955367904909098,27.047863356003443,0.0787649502322679,0.049246260810709,0.0690682314527322,0.0550238059715069,0.071401877156531,0.4919351219143458,96.05236262313787,0.2359670448070536,0.25090101864008424,0.12022961293448171,0.23225401258818743,0.160648311030193
lrsw_milora_r32_lr3e4_s44,lrsw,44.0,lrsw_milora_r32_lr3e4,milora,0.5623,-0.2500319164905971,24.06,32.62,34.54,cs,31.19,16.94,40.94,38.23,35.82,37.4071,15.6225,0.0003,,,32.0,False,False,True,62.08,10.34,10.75,36.67,60.77,33.33,25.0,37.4,2.2841258164585514,1.8520239240816387,0.4321018923769126,419.2066818203677,37.40700149536133,15.6239892244339,5.837390948276585,16.247534315059557,0.0669576878348695,0.0827420975897764,0.0728560829321589,0.0869729419870382,0.0657541256825073,0.5409823248103816,135.4668767661222,0.16857241712165366,0.19819348730574537,0.09467609419856365,0.3002831580892916,0.23827484328474566
frc_lorawd_wd0p2_lr2e5_c256_s44,frc,44.0,frc_lorawd_wd0p2_lr2e5_c256,lorawd,0.219,-0.6595558851598816,26.82,36.35,23.05,cs,33.51,20.12,46.19,45.48,36.47,5.6833,2.1691,2e-05,0.2,,,False,False,True,19.79,25.19,25.9,21.19,39.7,20.71,19.88,12.0,2.065842088240173,1.810069211692996,0.2557728765471772,36.59004740709484,5.697011470794678,2.170877480879426,1.4994940033216693,3.687794314746029,0.0639108401255285,0.0497871266759803,0.1274382691259424,0.062060648498365,0.0790546184384842,0.5564585799702841,75.97311783034806,0.08129349691024274,0.10443695303557565,0.08868099007170556,0.5888820813344566,0.1367064786480195
frc_milora_a1r_lr3e4_c256_s45,frc,45.0,frc_milora_a1r_lr3e4_c256,milora,0.561,-0.2510371387438385,24.9,31.75,79.29,cs,32.25,17.54,37.64,36.09,35.21,54.139,15.5777,0.0003,,,,False,False,True,72.2,82.54,79.22,84.87,83.5,82.62,68.77,80.6,2.219703001259578,1.810069211692996,0.4096337895665829,422.4072352888848,54.13917922973633,15.57936232984066,5.964914946042279,16.29953100571023,0.067803920447527,0.0821436907579858,0.0721644864155534,0.0865535739723413,0.0657688228023987,0.5358624849401976,132.26220566357406,0.1696298379482921,0.2015381193391554,0.09347052341398251,0.29877635913184997,0.23658516016672007
frc_lora_null_lr3e4_c256_s43,frc,43.0,frc_lora_null_lr3e4_c256,lora_null,0.761,-0.1186153432294271,20.74,28.25,78.31,cs,29.26,12.23,30.22,36.35,33.19,81.8124,14.9535,0.0003,,,,False,False,True,71.19,82.26,79.17,86.26,81.22,81.31,66.89,78.2,2.581426295532599,1.810069211692996,0.7713570838396031,657.5298500658882,81.8141098022461,14.95482037961483,13.096345562056168,30.29645702164306,0.0939171138053865,0.0426697620969603,0.1020891752056506,0.0603323929679498,0.0885304487702722,0.5360143216871636,131.2976733901303,0.18109100754984792,0.1890371848598656,0.09575240085829448,0.3254450620862157,0.2086743446457763
frm_lorawd_wd0p2_lr2e4_c512_s44,frm,44.0,frm_lorawd_wd0p2_lr2e4_c512,lorawd,0.3685,-0.4335625078049297,24.4,33.64,66.94,math_faithful,32.05,16.75,36.73,40.27,42.38,30.6495,5.8688,0.0002,0.2,,,False,False,True,,,,,,,,,2.1281258399640466,1.810069211692996,0.3180566282710508,261.6784202948566,30.648984909057617,5.8693892583251,13.493216040006756,40.6616931570955,0.070905274958344,0.0481750863099038,0.0807357599283827,0.0496099232817664,0.0700032211984943,0.5721837439139557,118.97442882643927,0.14251701967003627,0.16264343709264606,0.09565369233956827,0.3407159638909436,0.25846988700680584
lrsw_lora_r16_lr5e5_s43,lrsw,43.0,lrsw_lora_r16_lr5e5,lora,0.2543,-0.5946536398242911,27.46,36.62,48.9,cs,34.86,20.06,47.39,45.48,35.29,10.0963,4.0846,5e-05,,,16.0,False,False,True,61.99,31.61,49.49,38.16,72.53,51.56,41.04,44.8,2.0766223028393127,1.810069211692996,0.266553091146317,70.37398347433462,10.114081382751465,4.08751265630126,1.6799928543111446,3.91492199166486,0.0691496232889197,0.0509397491013447,0.1065479457485543,0.0559799911000041,0.0758111590216686,0.5514085213613621,95.65846286601334,0.09661301374545128,0.11696039374318087,0.08966704920230187,0.4838416273224947,0.2129179159865712
qwswm_dora_r16_lr1e3_s44,qwswm,44.0,qwswm_dora_r16_lr1e3,dora,0.6779,-0.1688343660905575,28.98,39.67,65.28,gsm8k,38.66,19.3,49.25,42.06,49.08,67.9669,17.4312,0.001,,,16.0,False,False,True,,,,,,,,,2.9304346703187627,1.9346918347336524,0.9957428355851105,783.5196697055111,67.94491577148438,17.42918337413243,11.087269835900054,15.271582731257144,0.1104274388260031,0.1019239315521988,0.0649151415460884,0.0477269477895014,0.071155678525605,0.49471505780936353,66.87465747438769,0.23113350129142507,0.01790334256893476,0.010796059525620915,0.436628313703462,0.3035387829105573
frc_lorawd_wd0p2_lr5e4_c256_s42,frc,42.0,frc_lorawd_wd0p2_lr5e4_c256,lorawd,0.5258,-0.2791794182296561,24.3,31.86,60.22,cs,31.87,16.72,38.55,37.97,34.17,54.9591,9.0395,0.0005,0.2,,,False,False,True,70.8,52.88,73.29,71.5,63.69,55.81,50.77,43.0,2.1335735181252558,1.8520239240816387,0.2815495940436165,372.6729380179597,54.95830535888672,9.040089523792266,11.713853130755938,24.95250634770066,0.074431354289046,0.0458868711987869,0.0791447243160003,0.0484078936325614,0.0713191708731911,0.539253036361204,120.99311413593513,0.1507536160629005,0.18024329311558007,0.1058750484581926,0.3161346822396196,0.24699336012370735
frm_lorawd_wd0_lr3e4_c256_s43,frm,43.0,frm_lorawd_wd0_lr3e4_c256,lorawd,1.2647,0.1019875185582993,19.5,27.15,58.91,math_faithful,29.01,9.98,24.63,27.73,44.39,141.1209,19.8946,0.0003,0.0,,,False,False,True,,,,,,,,,3.526980984780276,1.810069211692996,1.7169117730872805,1118.1810847367967,141.11715698242188,19.89524604678154,23.26886330354763,52.39246119453467,0.0715570384599903,0.0454942875107087,0.0701081354471302,0.0505831367165786,0.067856802037555,0.5607658724601652,117.34015017590816,0.1815446157281371,0.19321210499600436,0.12457899766030076,0.2995266292696974,0.20113765234586048
qwsw_lorawd_wd0p3_lr5e5_s42,qwsw,42.0,qwsw_lorawd_wd0p3_lr5e5,lorawd,0.1075,-0.968591535748376,39.33,50.08,86.04,cs,45.98,32.68,71.73,51.02,48.97,8.6642,2.4079,5e-05,0.3,,,False,False,True,66.61,89.66,79.43,95.28,84.21,94.74,86.77,91.6,,,,58.17287252485456,8.675663948059082,2.4086843192577363,2.857708718140904,9.8984527237257,0.1140472864215058,0.0932396549072653,0.0885284219724212,0.0517048057475808,0.0755470459466487,0.5431326265093525,55.44788688329383,0.0763516377605262,0.010543460885824887,0.00970436060033341,0.6001574061956668,0.3032431345576487
frc_lorawd_wd0p5_lr5e4_c256_s42,frc,42.0,frc_lorawd_wd0p5_lr5e4_c256,lorawd,0.2962,-0.5284149458148103,24.59,31.84,82.36,cs,33.28,15.9,37.63,37.54,34.83,22.286,4.6436,0.0005,0.5,,,False,False,True,73.76,83.62,80.86,92.56,84.45,85.65,72.61,85.4,1.960741185633686,1.8520239240816387,0.1087172615520473,165.90303752463362,22.28590202331543,4.643815045058727,8.524839798835101,20.642153577646887,0.0767228541496805,0.0467729254668341,0.0937113619181919,0.0481086550236844,0.077369797713507,0.5433128776360816,111.87952048991512,0.12377670629720905,0.14956211164633215,0.09773759314249608,0.3665681055770169,0.26235548333694597
qwswm_lora_r32_lr2e4_s42,qwswm,42.0,qwswm_lora_r32_lr2e4,lora,0.1358,-0.8671002300555171,43.6,53.48,64.14,gsm8k,46.38,40.81,71.64,54.1,54.49,12.0199,3.4119,0.0002,,,32.0,False,False,True,,,,,,,,,,,,131.90618769887138,12.020845413208008,3.412572931391852,9.196583700380314,23.914098290935577,0.1157558081835391,0.0999997481105261,0.063513590453936,0.0493285466250492,0.0706803661570759,0.522482977835339,71.23625867069738,0.13487308375760212,0.01806884579729867,0.011642845391177416,0.4793949875628268,0.356020237491095
frm_lorawd_wd0p3_lr7e4_c256_s42,frm,42.0,frm_lorawd_wd0p3_lr7e4_c256,lorawd,0.4339,-0.3626103498707881,23.42,31.46,62.77,math_faithful,31.95,14.9,27.24,38.05,45.15,43.672,5.2977,0.0007,0.3,,,False,False,True,,,,,,,,,2.2318737187402427,1.8520239240816387,0.3798497946586039,282.59839902084025,43.67136001586914,5.298142354190349,20.01586553161104,46.93124180716363,0.0831021369185996,0.0452232010019128,0.0943545806985747,0.0468482518787765,0.0812997173546322,0.5607635112898053,99.65193810619913,0.1307651033626721,0.15585979931339308,0.09506362498172605,0.3612785026558356,0.2570329696863732
qwswm_sclora_r32_lr5e4_s43,qwswm,43.0,qwswm_sclora_r32_lr5e4,sclora,0.5236,-0.2810003621212819,26.84,41.02,56.71,gsm8k,36.51,17.16,55.73,41.3,54.41,24.5553,7.3296,0.0005,,,32.0,False,False,True,,,,,,,,,2.8297596771683327,1.9346918347336524,0.8950678424346803,424.36430286187726,24.578670501708984,7.331112441846303,17.827957067454474,37.62303732731677,0.1467334331254086,0.0948555522714836,0.21100838870331,0.0358332139380034,0.1364191574707204,0.5382778250758647,66.21000498105575,0.12345194606614547,0.01865420119150606,0.013783293529113875,0.5398965416286443,0.3042140175845903
frc_lorawd_wd0p2_lr7e4_c256_s43,frc,43.0,frc_lorawd_wd0p2_lr7e4_c256,lorawd,0.5799,-0.2366468912517846,24.04,29.95,80.39,cs,31.88,16.2,31.77,37.12,32.76,60.2147,9.2364,0.0007,0.2,,,False,False,True,71.53,83.03,81.12,90.34,82.79,83.84,69.03,81.4,2.142167954944868,1.810069211692996,0.332098743251872,399.3588243590179,60.21372985839844,9.23764018714428,13.19107730390795,26.539665583091885,0.0761368959535924,0.0454915750871536,0.0805307137649762,0.0482219684897389,0.073518544318429,0.5365446521357423,120.1473462753138,0.1577865055249032,0.18759218739213865,0.11272041204260022,0.30690158469220263,0.23499931034815533
lrswm_lorawd_wd0p3_lr1e3_s44,lrswm,44.0,lrswm_lorawd_wd0p3_lr1e3,lorawd,0.5492,-0.2602694714352825,22.48,29.91,48.29,gsm8k,31.44,13.51,26.04,36.52,42.02,45.0905,8.1272,0.001,0.3,,,False,False,True,,,,,,,,,2.2508834452451136,1.810069211692996,0.4408142335521179,367.0175430340701,45.08978271484375,8.128483724594116,13.971291201044693,27.065108497149,0.0770405478752465,0.0460916781155858,0.086186454528836,0.048112017199971,0.0754770632815412,0.585036826981407,109.83120507158779,0.1331910644623125,0.14615352174417057,0.10701801208754808,0.35344158000116777,0.26019582170480116
qwsw_lora_r16_lr5e4_s44,qwsw,44.0,qwsw_lora_r16_lr5e4,lora,0.5464,-0.2624893093265238,8.0,29.82,84.14,cs,14.56,1.43,58.05,37.54,37.5,47.089,14.1783,0.0005,,,16.0,False,False,True,71.28,86.89,78.61,92.85,83.66,92.72,80.89,86.2,2.600966216027344,1.9346918347336524,0.6662743812936913,589.966889774233,47.08774566650391,14.18035344481468,9.32372841857751,14.86469129267462,0.1140730509107386,0.0931891480031646,0.0633830908958731,0.0468489371621161,0.070237849267716,0.5095624576006428,73.34518323820498,0.16792393960977253,0.014684625738662702,0.010271407542017632,0.47116346314702506,0.3359565639625223
qwswm_lora_r16_lr2e4_s44,qwswm,44.0,qwswm_lora_r16_lr2e4,lora,0.1135,-0.9450041384708584,44.34,53.37,66.34,gsm8k,46.74,41.95,71.14,51.62,55.38,10.8407,3.3383,0.0002,,,16.0,False,False,True,,,,,,,,,2.0188292376806114,1.9346918347336524,0.084137402946959,101.97066121403086,10.852615356445312,3.340600253854479,5.396330792200742,12.36175698441304,0.1182694526612716,0.1013704379316058,0.0655170081128701,0.0495847737404075,0.0719808639128866,0.5268957647808595,70.68486606405627,0.13080900205840992,0.01827504990094037,0.012121278402538335,0.480330910826967,0.3584637588111443
qwsw_lorawd_wd0p3_lr1e3_s43,qwsw,43.0,qwsw_lorawd_wd0p3_lr1e3,lorawd,0.2822,-0.5494429905816709,39.1,44.84,87.44,cs,46.38,31.82,67.37,36.77,41.84,18.1416,4.9499,0.001,0.3,,,False,False,True,73.33,91.24,79.73,95.31,85.87,95.37,86.43,92.2,2.170419132771612,1.9346918347336524,0.2357272980379599,241.5760234679205,18.14324760437012,4.950491278512137,12.855735015599224,27.100979192328,0.1139653399793029,0.0890748462588147,0.0730143256784282,0.0450063380117237,0.0731361796813532,0.5431302416960462,64.66911724991108,0.10630206466407208,0.011861516787963659,0.009007410782133655,0.4969097571244657,0.37591925064136483
frm_lorawd_wd0p5_lr7e4_c256_s44,frm,44.0,frm_lorawd_wd0p5_lr7e4_c256,lorawd,0.2819,-0.5499049241283978,25.46,34.2,65.5,math_faithful,33.44,17.49,35.17,42.06,42.82,33.6546,3.6426,0.0007,0.5,,,False,False,True,,,,,,,,,2.0404415576865977,1.810069211692996,0.230372345993602,172.83274646371262,33.65522766113281,3.642896163463592,15.880106735325674,40.630308366254894,0.0851776570189533,0.0458019376739135,0.0983346664318924,0.0466040654498158,0.0817675437507139,0.5589686486224016,91.1280650418114,0.1134636412512077,0.1622829994573322,0.08755647944503785,0.37134451283645975,0.26535236700996256
frm_lorawd_wd0p5_lr1e4_c256_s44,frm,44.0,frm_lorawd_wd0p5_lr1e4_c256,lorawd,0.1955,-0.7088532382681144,25.24,34.01,63.53,math_faithful,32.48,18.0,32.47,43.52,43.57,11.9213,3.2747,0.0001,0.5,,,False,False,True,,,,,,,,,1.9495929038637965,1.810069211692996,0.1395236921708007,107.84722589158572,11.930533409118652,3.27529323771596,6.946424036939042,25.387731675458404,0.0754564312704621,0.0519542928658858,0.0935013500774665,0.0498036312668128,0.074321053482478,0.5757292087226101,107.55655205606952,0.11572602904611845,0.1265888550097829,0.09039558204816851,0.3859973597497249,0.2812921741462053
lrsw_lora_null_r16_lr5e4_s43,lrsw,43.0,lrsw_lora_null_r16_lr5e4,lora_null,0.7058,-0.1513183459760496,21.14,30.31,79.05,cs,30.72,11.55,37.51,38.82,32.97,58.3033,16.0047,0.0005,,,16.0,False,False,True,70.4,82.97,79.48,87.25,81.22,81.94,68.34,80.8,2.445853241515209,1.8520239240816387,0.5938293174335705,576.7842631575894,58.302730560302734,16.00695858299732,8.357289043716106,15.793243706629532,0.1139511753983929,0.0413750723343732,0.0899225208449262,0.0564506877536634,0.0926972283132971,0.540507779408389,135.90970220013162,0.1756332551558991,0.19176784084490522,0.09907901309663741,0.2986544396419767,0.23486545126058173
lrswm_clora_k1024_lr2e4_s43,lrswm,43.0,lrswm_clora_k1024_lr2e4,clora,0.2504,-0.6013656754616079,24.02,32.24,46.93,gsm8k,31.39,16.64,27.33,41.72,44.12,13.8807,5.6289,0.0002,,1024.0,,False,False,True,,,,,,,,,2.085273948334638,1.810069211692996,0.2752047366416421,194.94688862149363,13.921952247619627,5.631783659011125,6.054809380602115,19.98116788851002,0.05979583810519,0.0502725645301212,0.066567796152098,0.0499067647953237,0.0570402717320472,0.573684187270585,77.27269026555638,0.04410198015375642,0.04095246315613712,0.06430667859888656,0.4863017823198068,0.3643370957714132
frc_milora_a1r_lr5e4_c256_s44,frc,44.0,frc_milora_a1r_lr5e4_c256,milora,0.8658,-0.0625824185228621,21.0,29.86,77.63,cs,29.69,12.3,32.44,39.59,35.26,101.5895,20.6686,0.0005,,,,False,False,True,69.69,80.9,78.86,85.85,80.98,79.0,65.36,80.4,2.535882304374965,1.810069211692996,0.7258130926819695,700.6801662846502,101.58879852294922,20.670315116643906,8.929878108816887,20.834239439329348,0.0697226843947924,0.061298167394027,0.0676419334824392,0.0682004369405173,0.0647482683088559,0.5248977706550972,129.97827817809974,0.1912086017062774,0.21337514820897002,0.09827959655318365,0.2794640612987278,0.21767259223284102
frc_lorawd_wd0p2_lr7e4_c256_s42,frc,42.0,frc_lorawd_wd0p2_lr7e4_c256,lorawd,0.5926,-0.2272383528559677,22.86,30.08,80.7,cs,29.84,15.87,32.86,36.6,35.21,55.3872,9.1851,0.0007,0.2,,,False,False,True,71.74,83.35,80.66,90.73,84.06,83.21,68.43,83.4,2.151931272689454,1.8520239240816387,0.2999073486078152,399.3336317096969,55.38580322265625,9.18641157746315,13.339009342206865,26.535924129969438,0.0768568847689118,0.0454986902999001,0.080006742633696,0.048264976179933,0.0734961299648613,0.5369267698429965,121.50691683589491,0.1612886378676116,0.18258393582580595,0.11277417558785549,0.30754023069998193,0.23581302001874505
frm_lorawd_wd0p1_lr1e4_c256_s44,frm,44.0,frm_lorawd_wd0p1_lr1e4_c256,lorawd,0.3395,-0.4691602213834794,24.71,33.76,64.37,math_faithful,32.61,16.81,34.72,42.58,42.1,21.0878,7.0797,0.0001,0.1,,,False,False,True,,,,,,,,,2.1593660302243194,1.810069211692996,0.3492968185313236,244.1100694169373,21.120046615600582,7.08067869246006,7.750995110428859,31.31433555059842,0.067815784240505,0.0492160444356517,0.0767035515873457,0.0504749251429675,0.0667792470501541,0.5804738191025106,118.81825152320577,0.1390843969848103,0.151491505822813,0.09817752631767546,0.3486738160114077,0.2625727548632937
frc_milora_a1r_lr1e4_c256_s44,frc,44.0,frc_milora_a1r_lr1e4_c256,milora,0.2536,-0.5958507507903049,26.92,36.49,36.4,cs,34.62,19.22,47.74,43.34,37.53,15.728,6.1708,0.0001,,,,False,False,True,34.04,59.03,2.41,36.07,81.22,25.08,16.55,36.8,2.0601950855779414,1.810069211692996,0.2501258738849456,123.69775761896898,15.727765083312988,6.171437540650368,3.416471813949622,10.94458275788595,0.0648590802456763,0.1608509146826851,0.0868334934284634,0.1462985252013343,0.0695357021670658,0.55590545631164,125.75547773199257,0.14503608058004444,0.1582799833212866,0.1262946625907089,0.3438574889444788,0.22653178456348133
lrswm_clora_k1024_lr2e4_s42,lrswm,42.0,lrswm_clora_k1024_lr2e4,clora,0.2506,-0.6010189333418688,24.27,33.95,47.61,gsm8k,31.84,16.7,33.22,43.52,44.49,14.2688,5.6501,0.0002,,1024.0,,False,False,True,,,,,,,,,2.130177551012573,1.8520239240816387,0.2781536269309344,195.00588731897935,14.280181884765623,5.653524062782526,6.07629557645839,19.92716116728594,0.0597117025790981,0.0504584894068811,0.0666405402368006,0.049777943345264,0.0569507765124884,0.5753999307121376,77.20807786727204,0.044276301395660245,0.04098688949303253,0.06415866937645551,0.48566600030724594,0.36491213942760575
qwsw_lora_null_r16_lr2e5_s42,qwsw,42.0,qwsw_lora_null_r16_lr2e5,lora_null,0.0749,-1.1255181823005336,38.83,51.14,83.32,cs,46.37,31.29,71.64,56.74,49.66,2.7677,0.7553,2e-05,,,16.0,False,False,True,65.75,89.39,79.53,74.82,83.03,94.99,89.08,90.0,,,,23.062756108203462,2.768626928329468,0.755509611751352,5.449329641021622,17.0567388461676,0.21761139902919,0.0590975433789666,0.0851603483083706,0.0652647636299017,0.1256185841285931,0.5650980936535044,55.105021184794296,0.08803180814388727,0.017269118583124507,0.015207138648977178,0.6326328959903741,0.2468590386336367
lrswm_sclora_r32_lr5e4_s43,lrswm,43.0,lrswm_sclora_r32_lr5e4,sclora,0.9514,-0.021636852916117,18.01,26.66,53.98,math_faithful,28.26,7.75,23.15,33.53,40.62,49.2731,12.3261,0.0005,,,32.0,False,False,True,,,,,,,,,2.945713116469806,1.810069211692996,1.13564390477681,612.0551354215152,49.27118682861328,12.327636009454729,15.839117779715936,34.20449027764296,0.0990149103294379,0.040794071467254,0.3001273000785607,0.0282598355607285,0.1460461758206541,0.5505082085021102,130.07095982417798,0.19270550957057814,0.18060581906480266,0.08752525546981403,0.32891083426094014,0.21025258163386507
frc_lorawd_wd0p3_lr3e4_c256_s45,frc,45.0,frc_lorawd_wd0p3_lr3e4_c256,lorawd,0.3524,-0.4529641002599897,26.65,34.44,81.51,cs,34.08,19.22,44.65,41.13,33.14,23.7577,7.1449,0.0003,0.3,,,False,False,True,72.42,83.95,80.5,91.46,84.77,86.28,70.48,82.2,1.998602836169524,1.810069211692996,0.1885336244765278,234.65099222072732,23.75743293762207,7.146414601802826,6.879397677412887,19.369988729858264,0.0724563132927679,0.047371336792854,0.0842213764077289,0.0479212374027108,0.0713098372349773,0.543464494318963,119.09690763981376,0.1274240425341394,0.14687259566570027,0.09650902893574761,0.35336573086153233,0.27582860200288045
frc_lorawd_wd0p5_lr2e4_c256_s45,frc,45.0,frc_lorawd_wd0p5_lr2e4_c256,lorawd,0.2601,-0.5848596478041272,27.28,35.73,71.06,cs,34.17,20.4,47.73,40.44,35.93,16.396,5.0096,0.0002,0.5,,,False,False,True,72.57,71.82,74.31,42.18,83.66,81.4,64.51,78.0,1.921194767144694,1.810069211692996,0.1111255554516983,138.77369596647625,16.399887084960938,5.012218720465898,4.673014413828255,14.300364160022584,0.0732638244628179,0.0496726820636951,0.0934802888497548,0.0487268535946268,0.0739574841115377,0.5392963721392877,110.71492668807393,0.10938666559424018,0.12467184335463602,0.09310473469453873,0.38996653526864455,0.2828702210879405
qwswm_lora_r16_lr3e4_s43,qwswm,43.0,qwswm_lora_r16_lr3e4,lora,0.1677,-0.7754669373939143,44.8,54.04,56.56,gsm8k,47.57,42.02,71.56,52.22,56.84,14.4632,4.5021,0.0003,,,16.0,False,False,True,,,,,,,,,2.0621820647329736,1.9346918347336524,0.1274902299993212,159.70432156461527,14.46164894104004,4.504747236200742,7.2146848394421745,13.690819506872588,0.114044776748138,0.0994650183579249,0.0634448742002926,0.0485650586282817,0.0701309312220125,0.5147563568423571,70.76950371659939,0.14718152135685522,0.01757786184037877,0.010907107544847198,0.46848888369386993,0.355844625564049
frc_milora_a1r_lr1e4_c256_s43,frc,43.0,frc_milora_a1r_lr1e4_c256,milora,0.2508,-0.6006724678413211,27.42,36.85,72.85,cs,35.28,19.56,48.63,44.71,36.07,12.9602,6.0222,0.0001,,,,False,False,True,71.38,83.95,73.34,90.27,81.45,60.52,53.5,68.4,1.93380291028227,1.810069211692996,0.1237336985892743,121.76916491107522,12.96022891998291,6.022694544494152,3.4963203883135376,11.101652904661856,0.0636127099247216,0.1630769932126598,0.0870171006355364,0.147156019496679,0.0690941491176829,0.5514216452434618,127.0055796590497,0.14576276892491435,0.15425375042162842,0.12082349210182372,0.3507435343719009,0.22841645417973253
frc_lorawd_wd0p2_lr1e3_c256_s44,frc,44.0,frc_lorawd_wd0p2_lr1e3_c256,lorawd,0.6361,-0.1964746044234676,23.12,30.97,79.48,cs,30.78,15.47,38.82,35.92,33.86,62.3841,9.5115,0.001,0.2,,,False,False,True,71.83,82.92,80.09,87.65,81.85,82.2,68.34,81.0,2.157474700980311,1.810069211692996,0.3474054892873151,421.2820629631355,62.38398361206055,9.51256807744503,13.549149541198396,27.23732755736368,0.0763978894452747,0.0451573554604836,0.080941118886946,0.048469181568071,0.0747272563606713,0.5311552084657521,120.23407250068522,0.16871320146107727,0.19113903106071256,0.12070463380160223,0.29527491896316727,0.2241682147134407
frc_clora_k256_lr3e4_c256_s42,frc,42.0,frc_clora_k256_lr3e4_c256,clora,0.6048,-0.2183882175068499,22.66,31.27,79.41,cs,30.86,14.45,37.76,38.48,34.81,26.2256,12.2046,0.0003,,256.0,,False,False,True,72.08,82.64,79.84,87.55,82.56,82.79,67.83,80.0,2.406892788429829,1.8520239240816387,0.5548688643481898,467.1335960102941,26.2257022857666,12.205878537893296,8.57339128931401,23.820533371307075,0.0623248819107585,0.0461088721989065,0.0659949142765942,0.0490637871157447,0.060115338713608,0.5512637254478614,104.65353826284067,0.08803610973991557,0.08779420537449271,0.09939166859776548,0.4049653448333617,0.3198126714544645
frc_lora_null_lr7e4_c256_s44,frc,44.0,frc_lora_null_lr7e4_c256,lora_null,1.6207,0.209702632120352,13.54,23.93,64.43,cs,19.66,7.41,23.02,32.17,37.39,246.0687,28.852,0.0007,,,,False,False,True,64.68,71.22,74.97,55.29,70.32,64.35,48.81,65.8,3.3235371754770884,1.810069211692996,1.5134679637840929,1374.6080054397964,246.0657501220703,28.85369662642479,16.339133932917044,30.44622183827901,0.0856156265179433,0.0450529182242652,0.0829418232982701,0.0562256575793884,0.0833212235224093,0.5108758265499084,109.23230370935825,0.24233791385945236,0.2541108711674058,0.1264623761136887,0.2349322372911266,0.14215660156832644
frm_lorawd_wd0p1_lr2e4_c512_s42,frm,42.0,frm_lorawd_wd0p1_lr2e4_c512,lorawd,0.4995,-0.3014645074379989,24.32,33.19,66.11,math_faithful,33.21,15.43,34.41,38.31,44.57,45.1606,8.5028,0.0002,0.1,,,False,False,True,,,,,,,,,2.355480899415911,1.8520239240816387,0.5034569753342724,395.2147074187893,45.16040802001953,8.503829535841941,15.057404736664544,43.496055274960895,0.0695335471927041,0.0474498636349754,0.0750548448845485,0.0501060700938744,0.067723088594067,0.5715687695068021,122.0207997671168,0.15554700603500776,0.17514102019826394,0.0990378666834863,0.3220128559416564,0.24826125114158562
frc_lora_null_lr5e4_c256_s44,frc,44.0,frc_lora_null_lr5e4_c256,lora_null,1.24,0.093421685162235,16.81,24.58,72.25,cs,26.23,7.39,23.18,33.7,32.41,163.1784,21.8336,0.0005,,,,False,False,True,67.13,77.48,77.89,72.36,78.37,72.35,58.45,74.0,2.9638696666537383,1.810069211692996,1.1538004549607426,1039.7788760640192,163.17445373535156,21.835943120718003,16.091650897968425,30.54843757595554,0.0863008199484944,0.0438945247558598,0.0886175530091283,0.0576708488712274,0.0832327348351917,0.5188132244965977,125.7185802290391,0.21404171381326828,0.22783439611717615,0.11557434839096078,0.2734893275763992,0.16906021410219546
qwswm_dora_r16_lr3e4_s42,qwswm,42.0,qwswm_dora_r16_lr3e4,dora,0.1568,-0.8046539416515803,36.39,50.54,70.96,gsm8k,30.1,42.69,71.17,52.82,55.9,14.071,4.4928,0.0003,,,16.0,False,False,True,,,,,,,,,,,,158.77264230796425,14.07029151916504,4.494934814316886,7.094195942499869,13.704133486483244,0.1140750803667982,0.1003832827501266,0.064198550888418,0.0486632442351877,0.0707063936027922,0.5169715626096217,71.07121476910696,0.14766989283045504,0.018329086438778116,0.010855744169098899,0.4711030015304175,0.3520422750312505
frm_lorawd_wd0p1_lr3e4_c256_s44,frm,44.0,frm_lorawd_wd0p1_lr3e4_c256,lorawd,0.6561,-0.1830299622427005,21.77,31.03,64.14,math_faithful,31.02,12.52,27.0,37.88,46.75,78.9002,9.8034,0.0003,0.1,,,False,False,True,,,,,,,,,2.543964870541584,1.8520239240816387,0.6919409464599449,512.4637065809519,78.89969635009766,9.803950402140618,20.434305350293823,49.1878622009807,0.07393136490425,0.0462525290557587,0.0781570571296642,0.0494484405509325,0.071601137025049,0.5570407328054331,116.32225518691646,0.16091447214487328,0.18583302350345887,0.10603007131408768,0.31559496095470196,0.23162747208287815
lrsw_lora_r16_lr5e4_s44,lrsw,44.0,lrsw_lora_r16_lr5e4,lora,0.9064,-0.0426801031446591,21.52,29.15,77.17,cs,30.47,12.57,32.95,35.24,34.51,94.3629,22.4336,0.0005,,,16.0,False,False,True,69.94,80.9,78.92,84.06,81.69,78.58,65.7,77.6,2.509469949688237,1.810069211692996,0.6994007379952414,753.3070422314637,94.36187744140624,22.439635145664216,7.33037093544988,13.799758836187864,0.0699302640363286,0.045741588342845,0.0678888775089578,0.0508194909621814,0.0653573410381202,0.5307870916147546,134.9858694590797,0.19321907684456305,0.21554115011554342,0.11611351493614934,0.2765785762432066,0.19854768186053762
frc_lorawd_wd0p3_lr1e4_c256_s44,frc,44.0,frc_lorawd_wd0p3_lr1e4_c256,lorawd,0.2329,-0.6328305114653193,27.84,36.15,47.06,cs,35.74,19.93,47.11,41.38,36.59,15.0911,5.5402,0.0001,0.3,,,False,False,True,59.3,13.38,28.05,29.6,82.16,55.35,40.02,68.6,1.9191140314820248,1.810069211692996,0.109044819789029,125.35674803322571,15.129083633422852,5.541658899188041,3.078984941295016,10.249526270317922,0.0718214388337007,0.0504045891059268,0.0920104117730074,0.0504558876067452,0.0725762827344469,0.5383170036174348,109.37790281285676,0.10992291574922759,0.11388004290982245,0.0927777757784334,0.4126316121301312,0.27078765343238537
lrsw_lorawd_wd0p3_lr5e4_s42,lrsw,42.0,lrsw_lorawd_wd0p3_lr5e4,lorawd,0.3941,-0.4043935651343969,25.55,33.21,81.62,cs,32.38,18.72,39.2,40.44,35.33,34.2778,6.6902,0.0005,0.3,,,False,False,True,72.63,84.44,80.96,90.26,83.98,85.9,70.56,84.2,2.0437287245841684,1.8520239240816387,0.1917048005025297,266.7415268280986,34.27729797363281,6.690685829520225,10.71520787870005,23.79529842764886,0.0747845272266103,0.0464277684576522,0.0835908827050638,0.0480302885284631,0.0727391262540543,0.5447839402483912,118.85718160229827,0.134268485718468,0.15951591725924544,0.10246826222520708,0.3412714346371109,0.26247590015996847
lrsw_lora_null_r16_lr3e4_s45,lrsw,45.0,lrsw_lora_null_r16_lr3e4,lora_null,0.4688,-0.3290123969899657,24.37,33.27,17.66,cs,33.25,15.49,42.17,40.19,35.23,27.9475,10.4763,0.0003,,,16.0,False,False,True,8.29,31.5,16.99,26.7,53.35,1.94,2.13,0.4,2.1471184567310133,1.810069211692996,0.3370492450380176,346.8170181543015,27.96198844909668,10.479806488752365,6.906016440316605,15.90832859786597,0.1437225951422784,0.0390271650346095,0.1049357349211305,0.0590381073845855,0.1080632817556616,0.5450283105660237,129.12706202982403,0.15185885500850296,0.1632422002654877,0.08799623513439667,0.32428492724794433,0.2726177823436684
frc_clora_k128_lr3e4_c256_s44,frc,44.0,frc_clora_k128_lr3e4_c256,clora,0.5998,-0.2219935385764916,22.92,30.15,79.21,cs,29.95,15.89,33.24,37.71,33.96,29.9815,12.8899,0.0003,,128.0,,False,False,True,71.16,83.3,79.17,87.32,83.5,81.82,67.83,79.6,2.3643913779739862,1.810069211692996,0.5543221662809905,495.1471716870849,29.979999542236328,12.891291639208792,8.91212388943116,24.00752223290976,0.0630912107495296,0.0462789470276952,0.0669351899237375,0.0493697806271617,0.0611075866937429,0.5511975082017689,113.25184258899107,0.10324769049949042,0.1073761346247561,0.10654260787435943,0.38267917289746084,0.3001543941039331
lrsw_lorawd_wd0p3_lr1e4_s43,lrsw,43.0,lrsw_lorawd_wd0p3_lr1e4,lorawd,0.233,-0.632644078973981,27.44,36.47,71.78,cs,35.16,19.71,48.62,42.75,36.1,16.1284,5.5516,0.0001,0.3,,,False,False,True,61.38,83.24,61.21,55.84,80.51,83.67,71.16,77.2,1.922965213144968,1.810069211692996,0.1128960014519722,125.29076337701773,16.15986442565918,5.553150522708893,3.07736394851489,10.259089838441117,0.071762508272156,0.0503051255246392,0.0922713657870151,0.05049322277456,0.0725496927178753,0.5355340644877848,108.9014442924437,0.10839078586175664,0.11548132283220013,0.09293127766404258,0.41211138968004246,0.2710852239619582
lrsw_dora_r16_lr1e4_s44,lrsw,44.0,lrsw_dora_r16_lr1e4,dora,0.3056,-0.5148466500963478,26.94,35.91,79.64,cs,34.62,19.25,46.9,43.69,35.09,16.6222,7.3684,0.0001,,,16.0,False,False,True,63.76,83.57,79.48,89.96,83.74,85.06,70.31,81.2,2.1031182163662745,1.810069211692996,0.2930490046732787,145.4007569957502,16.64777946472168,7.371983554959297,2.330498517848819,6.261510658051487,0.0704939292816189,0.0491465147203773,0.0893779675533969,0.0507786416866688,0.0713588642685081,0.5475663530261992,111.11102845063853,0.10924966267688335,0.11675361430356257,0.0986692306100458,0.40451554423738306,0.27081194817212534
frm_lorawd_wd0p3_lr1e3_c256_s43,frm,43.0,frm_lorawd_wd0p3_lr1e3_c256,lorawd,106.8978,2.028968767344495,0.0,19.81,0.0,math_faithful,0.0,0.0,22.95,26.28,49.84,4495.519,183.9468,0.001,0.3,,,True,False,True,,,,,,,,,8.79052437011331,1.8520239240816387,6.938500446031672,6704.061908460147,4507.26025390625,184.15457228422164,1.0302058134500989,1.0690339987562387,0.0608504380637285,0.0544127162979071,0.1124325531629189,0.052442677776776,0.075536545824497,0.9685015579724094,3.3744310777620448,0.21316393164348366,0.21622952852312713,0.08842131899988742,0.4652930461094877,0.01689217472401403
qwsw_lora_null_r16_lr3e4_s43,qwsw,43.0,qwsw_lora_null_r16_lr3e4,lora_null,0.2682,-0.57154122648442,38.18,45.73,85.79,cs,45.03,31.34,68.3,39.85,44.15,20.6027,7.5258,0.0003,,,16.0,False,False,True,73.3,86.72,79.94,86.69,85.71,95.41,88.74,89.8,2.233242946285791,1.8790178806577968,0.3542250656279939,287.6315820514211,20.60101318359375,7.527761896167482,7.7720373816937345,15.329497642641552,0.143724193539005,0.0799024154220275,0.076050568657693,0.079971735617246,0.0842248947265527,0.5515076331646049,64.97211621462304,0.09978035570337043,0.014050749458275887,0.009661755162279283,0.510094612900509,0.3664125267755655
frc_milora_lr3e4_c256_s43,frc,43.0,frc_milora_lr3e4_c256,milora,0.7232,-0.1407415825326931,22.46,30.35,49.15,cs,30.98,13.95,34.03,36.69,36.12,71.3317,19.0445,0.0003,,,,False,False,True,67.37,27.04,18.22,69.14,9.79,77.82,63.99,59.8,2.4353326005959834,1.810069211692996,0.6252633889029877,608.193335665043,71.33094024658203,19.045240938663483,7.954089496881877,19.28430341990594,0.0690301308994313,0.0573955944161777,0.0673311415959663,0.091496046214196,0.0645868639792349,0.5281246143158782,129.51814730998788,0.17846214136583963,0.20982309365784277,0.09336949662192097,0.29177447562038483,0.2265707927340119
qwswm_lora_r32_lr2e4_ep6_s42,qwswm,42.0,qwswm_lora_r32_lr2e4_ep6,lora,0.2064,-0.6852903070448263,41.45,51.81,62.4,gsm8k,40.88,42.02,70.0,51.11,55.03,17.3437,4.7135,0.0002,,,32.0,False,False,True,,,,,,,,,,,,214.1442156846314,17.34280014038086,4.714503173742975,12.401452203325588,26.828739703065583,0.1133799383697553,0.1024375694006057,0.063257394230382,0.0493919775605251,0.0696116463449162,0.5398330335180235,71.62382598720461,0.15570010328700243,0.018835163230529306,0.011429183684988126,0.4731149868476831,0.340920562949797
lrsw_lora_r16_lr5e4_s45,lrsw,45.0,lrsw_lora_r16_lr5e4,lora,0.9364,-0.0285385949754132,21.84,30.21,77.33,cs,30.12,13.56,36.19,36.43,34.76,89.6593,22.4038,0.0005,,,16.0,False,False,True,69.2,80.85,79.22,84.57,82.24,79.25,64.33,79.0,2.4998906264289364,1.810069211692996,0.6898214147359407,754.7002332165437,89.6581802368164,22.40834358930588,7.420942739571385,13.856409814207376,0.069779329870919,0.0458072403384224,0.067546727473408,0.0506928794632514,0.0650754619217773,0.5356736263004303,137.86883552622038,0.19234860612601842,0.212026054703627,0.11776731819736623,0.2756595842023398,0.20219843677064844
frm_lorawd_wd0p1_lr1e4_c256_s43,frm,43.0,frm_lorawd_wd0p1_lr1e4_c256,lorawd,0.338,-0.4710832997223452,25.15,33.16,64.29,math_faithful,33.59,16.71,31.72,41.64,42.14,20.57,7.0846,0.0001,0.1,,,False,False,True,,,,,,,,,2.161881613401412,1.810069211692996,0.3518124017084159,244.1025595094156,20.60667991638184,7.085704623162746,7.709801306108754,31.316591885330563,0.0677751261357388,0.0491635034553773,0.0766792398332105,0.0506082869307509,0.0667812616720933,0.5812155074226427,118.3053302160679,0.13700858120399267,0.15318637713358346,0.0981848466139079,0.348133831442615,0.26348636360590094
frc_milora_lr5e4_c256_s45,frc,45.0,frc_milora_lr5e4_c256,milora,1.1349,0.0549575960124065,19.27,26.68,73.97,cs,28.63,9.91,24.76,34.3,35.82,190.7704,23.7346,0.0005,,,,False,False,True,68.35,78.4,77.07,78.89,78.69,75.0,60.15,75.2,2.866217774593512,1.810069211692996,1.0561485629005156,974.8947587396656,190.76747131347656,23.737042552232744,12.506815334236114,24.384885689987566,0.0736636349620743,0.0496461940463172,0.0662175452989514,0.0672535063913391,0.0664515377010103,0.5044018875432982,108.15104720137948,0.21350353761750596,0.22594347254565428,0.1090851197035961,0.26035503697079476,0.19111283316244895
lrsw_lora_r16_lr3e4_s43,lrsw,43.0,lrsw_lora_r16_lr3e4,lora,0.6262,-0.2032869367191035,23.76,32.72,79.17,cs,32.24,15.27,40.42,40.44,35.24,50.6768,17.1642,0.0003,,,16.0,False,False,True,71.25,83.03,79.68,87.65,81.29,82.53,68.09,79.8,2.2538742703494297,1.8520239240816387,0.4018503462677909,469.68979889841904,50.73134231567383,17.176603427529336,4.7346045169999575,11.520809604961554,0.0671070735886333,0.0462946539649071,0.0724337903567409,0.0495058163062604,0.0655622517831488,0.5437653929943578,131.57818425338036,0.1538256657868769,0.17595877764258294,0.10266253176644405,0.32052306841507394,0.2470299563890223
qwswm_lora_r32_lr2e5_s44,qwswm,44.0,qwswm_lora_r32_lr2e5,lora,0.0386,-1.413412695328245,43.41,53.43,56.94,gsm8k,47.4,39.42,72.2,50.68,57.47,2.3151,0.5823,2e-05,,,32.0,False,False,True,,,,,,,,,1.955248526920863,1.9346918347336524,0.0205566921872106,13.975631511946176,2.3155670166015625,0.5826264798109021,3.499832639751764,14.181188440392752,0.1247679086055547,0.1072088463704254,0.0871701931411897,0.0557870967954187,0.0807912709298826,0.5227750497676603,56.35394746989303,0.11870348609395931,0.020674033369400633,0.01354542879550523,0.6342307175584164,0.2128463341827184
lrsw_lora_r16_lr5e5_s44,lrsw,44.0,lrsw_lora_r16_lr5e5,lora,0.2592,-0.5863650028014443,27.12,36.36,25.65,cs,34.2,20.05,47.46,44.37,35.72,11.0626,4.0767,5e-05,,,16.0,False,False,True,50.18,0.82,4.45,19.09,74.35,21.38,22.95,12.0,2.07349269377777,1.810069211692996,0.263423482084774,70.70937020502909,11.086233139038086,4.07957946434617,1.700992827632284,3.96721433747792,0.0693055943124104,0.0503651664609452,0.1078506214416189,0.0554600501421942,0.0761252722244859,0.5511130130526973,95.20820229970946,0.09769531811313584,0.1155736414312512,0.09201974651633663,0.48230376420493726,0.212407529734339
frc_milora_a1r_lr5e4_c256_s45,frc,45.0,frc_milora_a1r_lr5e4_c256,milora,0.8422,-0.0745847629157537,22.7,28.96,77.41,cs,31.68,13.73,29.52,35.15,34.71,85.7794,20.4439,0.0005,,,,False,False,True,70.28,81.18,79.07,86.8,81.53,78.16,64.25,78.0,2.547923168060233,1.810069211692996,0.737853956367237,700.2047192993292,85.77861022949219,20.44555330872536,9.085951574886328,20.8759496122188,0.0688576459756701,0.06124626201742,0.067830921884133,0.0677614545337683,0.0649192978821136,0.5261397500929469,131.60431287358753,0.18483187211645655,0.21625374574790893,0.09884364370344434,0.27947125558709285,0.2205994828450973
qwsw_milora_r32_lr7e5_s42,qwsw,42.0,qwsw_milora_r32_lr7e5,milora,0.1538,-0.8130436645345878,38.98,48.76,86.76,cs,46.43,31.53,70.52,46.33,49.0,7.9743,2.1772,7.000000000000001e-05,,,32.0,False,False,True,69.97,89.55,80.14,94.43,84.29,95.33,88.74,91.6,2.155317053059976,1.9346918347336524,0.2206252183263233,69.60913570355333,7.974328994750977,2.177641304901668,7.650659468453805,24.67955451141839,0.053632078761878,0.4299993607033356,0.0640331183361357,0.2583683248160036,0.0474491018997793,0.5385276123315286,69.22535541717205,0.10226316660108292,0.014505943266442261,0.02954584667042993,0.42917778754495456,0.4245072559170905
frm_lorawd_wd0p3_lr2e4_c256_s42,frm,42.0,frm_lorawd_wd0p3_lr2e4_c256,lorawd,0.278,-0.5559552040819238,25.14,33.41,67.25,math_faithful,33.1,17.17,33.68,41.04,42.05,22.1211,4.4638,0.0002,0.3,,,False,False,True,,,,,,,,,2.080969146964349,1.8520239240816387,0.2289452228827104,191.7771259204488,22.12091445922852,4.464217048883438,12.473252869288924,37.76353472251942,0.0739293661764711,0.0485730827524864,0.0858697324940359,0.0493134517299309,0.0727014584050524,0.5724483451850451,114.17564271789567,0.13215458305903513,0.15222503102992263,0.09199377906592918,0.350776721331874,0.2728498855132391
lrswm_lora_r16_lr3e4_s43,lrswm,43.0,lrswm_lora_r16_lr3e4,lora,0.4993,-0.3016384339448902,23.71,32.33,48.98,gsm8k,31.61,15.81,30.33,40.19,43.69,32.6804,13.151,0.0003,,,16.0,False,False,True,,,,,,,,,2.216288150471569,1.810069211692996,0.4062189387785737,360.1881634547464,32.71586990356445,13.161066463589668,4.571142087204912,11.327701828079356,0.0655384170546511,0.0483488131582973,0.0747136402848444,0.0497964139300311,0.065057786925407,0.5914261338601284,114.31944795514724,0.13269537108813856,0.1487464991241526,0.0942626689825886,0.3453625206658315,0.2789329401392887
qwsw_lora_null_r16_lr5e5_s42,qwsw,42.0,qwsw_lora_null_r16_lr5e5,lora_null,0.1027,-0.9884295564027218,38.12,51.11,86.05,cs,46.61,29.64,72.03,56.74,50.53,5.5506,1.5658,5e-05,,,16.0,False,False,True,73.12,81.5,80.3,93.13,84.45,96.04,89.42,90.4,,,,50.847989146758906,5.563358306884766,1.5663894649062835,5.9989485294984615,17.51742273275618,0.2095441150362248,0.0605899299515961,0.0793198582801159,0.0624503921275064,0.1143192405575107,0.5618368924111456,58.11736277432724,0.08580452752494407,0.016601956454556057,0.01426313484327526,0.6023439125776764,0.2809864685995483
lrsw_lora_null_r16_lr1e4_s45,lrsw,45.0,lrsw_lora_null_r16_lr1e4,lora_null,0.2447,-0.6113660306482108,26.57,35.53,42.79,cs,35.23,17.91,46.29,42.75,35.45,9.0367,3.8738,0.0001,,,16.0,False,False,True,70.12,67.25,21.75,38.54,71.43,32.07,22.35,18.8,1.935237971559582,1.810069211692996,0.1251687598665862,110.99607693429424,9.046696662902832,3.874696027487517,5.4339572755192265,16.544845368336542,0.2156364093419085,0.0339563803660806,0.1354808319507555,0.070382549339613,0.1446487464264274,0.5478205073841438,127.106126040097,0.16160386456353612,0.16182010415775316,0.07986687778649998,0.3391408408301752,0.2575683126620355
frm_lorawd_wd0p3_lr5e4_c512_s44,frm,44.0,frm_lorawd_wd0p3_lr5e4_c512,lorawd,0.3891,-0.4099387691962575,24.26,33.3,66.79,math_faithful,31.58,16.95,35.66,40.02,42.3,43.3128,4.9362,0.0005,0.3,,,False,False,True,,,,,,,,,2.1305545646037807,1.810069211692996,0.3204853529107849,255.9874264508624,43.31228256225586,4.936631305515766,19.271771497712663,46.36495529144506,0.0824585333239844,0.045572982564271,0.0924222201702035,0.0472949627508524,0.0796588723011253,0.5560306438595408,98.03656890293486,0.12671542437873493,0.16303713104213458,0.09241794467347778,0.35671207666214433,0.26111742324350834
frm_lorawd_wd0p3_lr2e4_c512_s44,frm,44.0,frm_lorawd_wd0p3_lr2e4_c512,lorawd,0.2785,-0.5551748004902523,25.42,34.86,67.85,math_faithful,33.16,17.68,38.37,42.41,42.67,24.9268,4.422,0.0002,0.3,,,False,False,True,,,,,,,,,2.024511082073488,1.810069211692996,0.2144418703804922,193.5813263173584,24.92621612548828,4.422405874729156,13.07904363994238,38.48218407412457,0.0744564430924308,0.0486769993863769,0.0867720232876393,0.0490964709432863,0.0732651878364626,0.5689970295899026,112.84082157529521,0.13080824597695662,0.15337423816392937,0.09021392969977061,0.35158516382572014,0.2740184223336233
qwsw_lorawd_wd0p3_lr2e5_s43,qwsw,43.0,qwsw_lorawd_wd0p3_lr2e5,lorawd,0.1013,-0.9943905546397196,38.69,50.94,85.28,cs,45.54,31.84,71.64,55.63,50.05,5.9982,1.3397,2e-05,0.3,,,False,False,True,62.23,89.28,78.92,93.94,85.24,94.57,88.23,89.8,1.9857182697895903,1.9346918347336524,0.0510264350559379,27.978434960673187,6.010098934173584,1.3407567786318917,1.941423915957076,5.753571557644255,0.102996251409727,0.0898707568437683,0.1094258416166082,0.0591652169225556,0.0767717500690602,0.5408954122144917,40.70219073117506,0.06948960271092673,0.009095005848263815,0.007333400219453004,0.7552141229976163,0.15886786822374047
qwsw_milora_r32_lr3e4_s43,qwsw,43.0,qwsw_milora_r32_lr3e4,milora,0.3768,-0.4238891058791602,33.96,42.43,86.38,cs,40.41,27.52,63.25,37.29,43.66,17.2962,7.9821,0.0003,,,32.0,False,False,True,73.76,88.63,80.19,93.93,85.64,93.6,85.49,89.8,2.6254966805482978,1.9346918347336524,0.6908048458146454,339.58762059851443,17.295801162719727,7.982983526161739,11.124460718977517,26.04849932053157,0.0882788051737864,0.2003697409347373,0.0615513261946326,0.1261515424234305,0.0622364093642276,0.5330711320649704,71.43871863009062,0.12214614584646498,0.014213011101153935,0.015654220909895475,0.43238880480987085,0.4155978173326147
qwswm_sclora_r32_lr1e4_s43,qwswm,43.0,qwswm_sclora_r32_lr1e4,sclora,0.1806,-0.743282254022513,39.97,51.39,75.13,gsm8k,47.14,32.79,70.4,51.11,55.49,5.2113,1.6492,0.0001,,,32.0,False,False,True,,,,,,,,,,,,88.06297916178181,5.212062358856201,1.6494847374303,15.29053564079364,41.07964247980311,0.1584928050960274,0.1019364869649564,0.3698524225863293,0.0253403190571791,0.1720081892853288,0.5255756213789309,58.75380657893169,0.1053832977201363,0.022332040725143002,0.02084095218140963,0.6333657810698765,0.21807792830343445
frm_lorawd_wd0p3_lr3e4_c256_s43,frm,43.0,frm_lorawd_wd0p3_lr3e4_c256,lorawd,0.3173,-0.4985299278995877,24.77,33.91,66.26,math_faithful,32.53,17.01,34.49,43.17,42.35,34.563,4.6401,0.0003,0.3,,,False,False,True,,,,,,,,,2.1198640593374467,1.8520239240816387,0.2678401352558079,218.41968117674023,34.562461853027344,4.640572666376829,16.01669778901141,42.40278757416063,0.0773988966456968,0.047235094114999,0.0889190671559192,0.0483661726690654,0.0757015870043127,0.5619095497222258,108.30381035695032,0.1288062482564698,0.1616737569327793,0.09220743357878014,0.35385146013687974,0.26346110109509097
lrsw_lora_null_r16_lr2e4_s42,lrsw,42.0,lrsw_lora_null_r16_lr2e4,lora_null,0.3245,-0.488785298863612,26.43,35.25,47.98,cs,34.5,18.36,45.73,42.83,34.83,15.5372,7.0734,0.0002,,,16.0,False,False,True,61.65,60.28,29.68,58.84,62.59,47.98,37.8,25.0,2.0380283025833763,1.8520239240816387,0.1860043785017375,225.47169224706903,15.536980628967283,7.076241666078568,6.302687148893285,16.079437423257577,0.1221225983382529,0.0362457098306514,0.0772147356607011,0.0524128494387277,0.093328259726179,0.5481032844433111,118.54199391646162,0.1269926285596029,0.13282006235383195,0.08880584906415032,0.37301768135141516,0.2783637786709997
qwswm_lora_r32_lr5e4_s44,qwswm,44.0,qwswm_lora_r32_lr5e4,lora,0.3852,-0.4143137215475031,37.1,47.52,69.83,gsm8k,43.4,30.79,62.73,45.99,54.68,34.8879,8.5079,0.0005,,,32.0,False,False,True,,,,,,,,,2.4840068644565045,1.9346918347336524,0.5493150297228522,451.7849168875498,35.03430938720703,8.510502305201122,15.948270582141118,28.58782787039845,0.1082301851348427,0.09473370100153,0.0603871839346034,0.0474972901789928,0.0665826702281754,0.5211444651086192,69.6530894970104,0.1588558279562492,0.01537266274671469,0.009912058275920876,0.4684221349997707,0.3474373160213444
frc_lorawd_wd0p5_lr1e3_c256_s44,frc,44.0,frc_lorawd_wd0p5_lr1e3_c256,lorawd,0.2977,-0.5262211653532752,26.18,33.9,82.41,cs,33.67,18.7,43.88,37.88,35.35,33.6102,4.8828,0.001,0.5,,,False,False,True,73.18,84.44,81.78,92.41,85.48,86.28,71.67,84.0,1.9122266263664416,1.810069211692996,0.102157414673446,179.02164141628114,33.60995864868164,4.883117085695266,8.938810819200128,21.961244373615944,0.0772307334364273,0.0456151520344607,0.0889308822455941,0.0478332849291791,0.0762970460913967,0.533307283382806,105.1054577075698,0.12965932252509027,0.16780303867417468,0.09960651049057948,0.3539660417505503,0.24896508655960523
lrswm_lora_r16_lr2e4_s43,lrswm,43.0,lrswm_lora_r16_lr2e4,lora,0.3961,-0.4021951575957071,24.64,31.71,46.02,gsm8k,33.01,16.28,29.33,40.53,39.41,28.8372,10.106,0.0002,,,16.0,False,False,True,,,,,,,,,2.095213061432722,1.810069211692996,0.285143849739726,239.7286562096234,28.887216567993164,10.111212615668771,3.4078004800359807,9.26836949069123,0.0666873715928069,0.0495928817018278,0.0795275355330012,0.0493436259822422,0.0666253343604813,0.5794274400895254,113.27367724691346,0.1232639349009804,0.1345850645308035,0.09514620048355782,0.36855869295623545,0.2784461071284229
qwswm_lorawd_wd0p3_lr5e4_s43,qwswm,43.0,qwswm_lorawd_wd0p3_lr5e4,lorawd,0.122,-0.9136401693252518,45.48,54.31,68.84,gsm8k,48.87,42.1,70.99,54.18,55.43,7.1605,2.3856,0.0005,0.3,,,False,False,True,,,,,,,,,2.01720614298194,1.9346918347336524,0.0825143082482875,125.73297235445789,7.165935039520264,2.3860275658113617,15.781542408646605,28.299710260377008,0.1129171325316966,0.0980986333187354,0.0642442675184439,0.0464587613475232,0.0696037512752946,0.544641024803358,68.09950848631634,0.13384255527108643,0.01664509805640591,0.01057077498878219,0.45989086519736316,0.3790507064863624
lrswm_clora_k1024_lr2e5_s43,lrswm,43.0,lrswm_clora_k1024_lr2e5,clora,0.1922,-0.7162466166674735,25.64,33.46,35.71,gsm8k,33.85,17.42,28.99,46.08,40.94,5.0137,1.517,2e-05,,1024.0,,False,False,True,,,,,,,,,1.893346478123005,1.810069211692996,0.0832772664300092,31.97488177451192,5.028099060058594,1.518127035908401,2.414174470804397,9.034331500526465,0.0586076934728606,0.0504362066916582,0.108577343452745,0.0561813874400426,0.0666547591905636,0.5637988307931436,64.01747580820091,0.07099865410896611,0.07071280118300884,0.06611667131737761,0.6526948129783334,0.13947706041231409
frm_lorawd_wd0p2_lr3e4_c512_s44,frm,44.0,frm_lorawd_wd0p2_lr3e4_c512,lorawd,0.4294,-0.3671379598997701,24.11,33.16,68.08,math_faithful,32.41,15.81,33.81,38.91,44.84,43.3367,6.0996,0.0003,0.2,,,False,False,True,,,,,,,,,2.161838641516538,1.810069211692996,0.3517694298235423,308.11016269916826,43.335594177246094,6.100102624297142,18.595317098970536,46.3651130477686,0.0747645677159218,0.0467313467006655,0.083450984371646,0.0489351754018384,0.0731234525439473,0.5642381506598926,114.88821134399768,0.1404189749966299,0.1662732853090621,0.09733915791372841,0.34118753237901467,0.2547810494015649
qwswm_lora_r32_lr3e4_s44,qwswm,44.0,qwswm_lora_r32_lr3e4,lora,0.2099,-0.6779875614175995,39.75,51.02,71.19,gsm8k,38.9,40.59,69.28,51.02,55.29,16.409,4.8014,0.0003,,,32.0,False,False,True,,,,,,,,,2.140324356180768,1.9346918347336524,0.2056325214471153,217.7105380850453,16.40581703186035,4.80260123355048,12.14579541198828,26.482401505827355,0.1118342690063883,0.0980409963467766,0.061478917654818,0.0483235271618659,0.0684480598730744,0.5268119657275334,71.0255670128192,0.1463927965342888,0.017120326178150534,0.010487457938184655,0.4709114224933548,0.35508799685602116
frc_lorawd_wd0p2_lr5e4_c256_s43,frc,43.0,frc_lorawd_wd0p2_lr5e4_c256,lorawd,0.5274,-0.2778598745425845,24.26,31.18,81.05,cs,31.52,17.01,35.9,37.8,33.69,46.1119,8.9807,0.0005,0.2,,,False,False,True,71.65,83.73,80.76,89.93,83.82,85.48,69.8,83.2,2.119075424783917,1.810069211692996,0.3090062130909212,370.8761848647693,46.111114501953125,8.981399075686932,11.697467224893394,24.961693317523533,0.0739372538673988,0.0460480706390403,0.0787640199280456,0.0483095707539972,0.0708593774689484,0.5433441081868016,124.50014213265328,0.14950655375377908,0.1753527875836715,0.10681211651818086,0.3196189282357136,0.2487096139086548
qwsw_lora_null_r16_lr7e5_s42,qwsw,42.0,qwsw_lora_null_r16_lr7e5,lora_null,0.1156,-0.9370421659154896,40.03,50.62,86.12,cs,46.08,33.98,71.91,50.85,50.28,7.7519,2.1951,7.000000000000001e-05,,,16.0,False,False,True,64.19,89.83,79.89,94.64,84.69,95.71,88.4,91.6,2.0057360629713363,1.9346918347336524,0.0710442282376839,66.24532403570156,7.753884792327881,2.1955143964716366,5.378805089928913,14.58900976721834,0.1963594659766415,0.0744178343815371,0.0938979816847626,0.1106832340916612,0.1125850236855133,0.5811959512398096,58.88703135491427,0.08930308995572625,0.016002996534336747,0.012054827261780927,0.5656090955166111,0.31702999073154525
frc_milora_lr5e4_c256_s44,frc,44.0,frc_milora_lr5e4_c256,milora,1.1293,0.0528093281405613,16.09,24.79,73.24,cs,28.32,3.86,24.21,33.7,33.88,214.0665,23.9827,0.0005,,,,False,False,True,67.58,78.07,77.12,76.79,77.58,74.83,59.13,74.8,2.874721127488836,1.810069211692996,1.0646519157958398,979.3785298438816,214.0640106201172,23.98527820110321,12.491203373205003,24.183306242346426,0.0759380986294323,0.0494576163088112,0.0668660280597182,0.0671441080955022,0.0676275258581984,0.4987189899329063,97.52015564094458,0.22310939034029087,0.22279463806054198,0.10902378394530766,0.2556772487499326,0.18939493890392695
frc_lorawd_wd0p3_lr3e4_c256_s42,frc,42.0,frc_lorawd_wd0p3_lr3e4_c256,lorawd,0.3581,-0.4459956789880971,27.28,34.5,76.17,cs,35.26,19.29,45.95,37.88,34.12,26.1334,7.1337,0.0003,0.3,,,False,False,True,62.17,83.03,78.3,67.16,83.82,84.26,70.22,80.4,2.027440440424872,1.8520239240816387,0.1754165163432333,234.64697506694557,26.133102416992188,7.134811578691005,6.952354916870564,19.47825037337659,0.0726536918258002,0.0473554578423455,0.0842320349173353,0.0481274662868673,0.0714081136017845,0.5418994427081135,118.93753425194411,0.12839250022084991,0.14759073785607096,0.09698065294899053,0.35176259980596886,0.27527350916811977
frm_lorawd_wd0p1_lr7e4_c256_s44,frm,44.0,frm_lorawd_wd0p1_lr7e4_c256,lorawd,1.2185,0.085825533520743,18.6,26.78,57.16,math_faithful,28.81,8.38,24.88,26.62,45.19,101.6923,13.7326,0.0007,0.1,,,False,False,True,,,,,,,,,3.4479654019767825,1.810069211692996,1.6378961902837867,838.0812335336627,101.68871307373048,13.732974427938462,26.86431621500278,54.64754352086017,0.0809134817398405,0.0450793063953231,0.0921819019882281,0.0480000275715154,0.0829112283770245,0.5550929510001664,94.3245507773824,0.15651757681756343,0.1488108084677855,0.12481450162181283,0.35467793200122477,0.2151791810916135
qwsw_clora_k1024_lr5e4_s42,qwsw,42.0,qwsw_clora_k1024_lr5e4,clora,0.4331,-0.3634118162701577,31.62,40.38,84.67,cs,40.33,22.91,59.05,36.09,43.51,31.5555,8.652,0.0005,,1024.0,,False,False,True,71.31,88.36,79.84,93.14,84.14,91.62,81.74,87.2,,,,532.2467438722291,31.63185691833496,8.654657760394599,15.63122142240204,28.495808601242995,0.051264672764114,0.0437944209143733,0.0556292312110041,0.0446297887232084,0.0436406658945715,0.5433973183685865,58.20632772578014,0.060345596640038426,1.5573752650664254e-10,4.184986136971821e-10,0.5389386298719543,0.4007157729137711
frc_lorawd_wd0p2_lr2e4_c256_s43,frc,43.0,frc_lorawd_wd0p2_lr2e4_c256,lorawd,0.3616,-0.4417715781966743,26.45,34.99,69.98,cs,33.13,19.77,46.38,39.25,36.4,23.3555,8.5416,0.0002,0.2,,,False,False,True,62.17,71.82,64.99,90.46,83.58,69.11,61.09,56.6,2.023904884004843,1.810069211692996,0.2138356723118473,240.4413203524882,23.40337181091309,8.545588876307011,4.906891545146372,16.068242596654684,0.0703346096187811,0.0478577557359142,0.0822462642255527,0.0485244318602817,0.0695813864516068,0.5417897645568307,120.87514189500129,0.12703801813643195,0.14213719549019738,0.0964693245254642,0.35511736611059946,0.27923809573730707
lrsw_clora_k1024_lr2e4_s43,lrsw,43.0,lrsw_clora_k1024_lr2e4,clora,0.3289,-0.4829361265173453,25.71,34.56,58.82,cs,32.99,18.43,46.28,39.76,35.34,15.707,7.8853,0.0002,,1024.0,,False,False,True,64.22,41.35,41.86,83.61,72.77,61.15,57.17,48.4,2.13728590939113,1.810069211692996,0.3272166976981341,257.9949328329216,15.725406646728516,7.8896593987941745,5.550864018024695,18.881943077771624,0.0600208279286551,0.0488486293269245,0.0670806962131635,0.0489028644615366,0.0578736511831431,0.546171504119319,84.67188333813192,0.05044869480241429,0.0455707698773339,0.07124722115964346,0.4669453040722434,0.3657880100883648
lrsw_sclora_r32_lr2e5_s42,lrsw,42.0,lrsw_sclora_r32_lr2e5,sclora,0.3257,-0.4871822414351269,25.29,34.3,79.54,cs,34.05,16.53,43.18,41.13,36.63,7.0681,2.0601,2e-05,,,32.0,False,False,True,71.5,83.13,79.32,88.04,81.29,84.76,68.26,80.0,2.028159157245214,1.8520239240816387,0.176135233163575,55.89224365161213,7.074077129364014,2.060516745224595,5.1296608148800695,23.896541199274203,0.114031595500118,0.0381905201172219,0.7026033680091951,0.0054664372661311,0.2331316594997383,0.48935048579360074,111.34126407880765,0.2346383005476603,0.2816275150835203,0.049924940182703756,0.3234146474004176,0.11039459678569799
qwsw_lorawd_wd0p3_lr1e3_s42,qwsw,42.0,qwsw_lorawd_wd0p3_lr1e3,lorawd,0.2818,-0.5500590112266623,37.21,44.53,87.4,cs,46.11,28.31,66.73,39.68,41.84,24.9852,5.0695,0.001,0.3,,,False,False,True,73.79,89.28,80.71,94.15,85.71,95.58,86.35,93.6,,,,242.2540306312354,24.997846603393555,5.070058053731918,12.621024201606328,26.893929627727896,0.1143330437136386,0.0884742654687689,0.0728456425905703,0.0447397517035626,0.0732029135509961,0.5392156338297804,64.5283304982528,0.10500679545004793,0.011554923800565844,0.008680685026611812,0.5017620214856336,0.37299557423714075
lrsw_lorawd_wd0p3_lr1e4_s42,lrsw,42.0,lrsw_lorawd_wd0p3_lr1e4,lorawd,0.2332,-0.6322714539130235,26.94,35.64,76.97,cs,34.51,19.38,47.5,42.32,34.51,15.55,5.5436,0.0001,0.3,,,False,False,True,62.2,79.65,73.39,90.18,82.87,84.93,69.54,73.0,1.9691813619152811,1.8520239240816387,0.1171574378336426,125.13420921219448,15.583643913269045,5.545030581951141,3.0880879023825214,10.225157527562551,0.0718075249328636,0.0502656872828586,0.0921514348819875,0.0503419003776378,0.0726222811349163,0.5349470193329018,109.55482775986653,0.10940105148171643,0.11528669216894036,0.09243249369275822,0.4119676310591858,0.27091213159739913
qwswm_lora_null_r16_lr5e5_s42,qwswm,42.0,qwswm_lora_null_r16_lr5e5,lora_null,0.0408,-1.38933983691012,42.88,53.15,62.62,gsm8k,47.37,38.39,72.27,50.43,57.31,3.3167,0.7915,5e-05,,,16.0,False,False,True,,,,,,,,,,,,26.34633003045361,3.317028522491455,0.7916958056390285,6.8833308536914455,18.061482653669124,0.2117278837421506,0.07519482763485,0.0959514256128949,0.1393785470127136,0.1183000213757651,0.5762941817332835,60.70576271833629,0.09749875150828119,0.022750685439764964,0.01478116075186734,0.5717119750442163,0.29325742725587034
frc_lorawd_wd0p5_lr3e4_c256_s42,frc,42.0,frc_lorawd_wd0p5_lr3e4_c256,lorawd,0.2548,-0.5938005763366871,27.47,35.55,43.59,cs,34.88,20.05,47.69,39.76,35.36,16.6238,4.768,0.0003,0.5,,,False,False,True,49.3,67.14,22.93,83.16,64.17,20.79,18.0,23.2,1.957915142517914,1.8520239240816387,0.1058912184362752,153.26624060367496,16.623571395874023,4.769057117402554,6.540689232212439,17.83524480109759,0.0737695322599603,0.0482958866535912,0.0922596274026575,0.0482781837244658,0.0742861035705872,0.5429554074382029,112.79178848967976,0.11341614679189549,0.1350930980800481,0.09364674653418703,0.37704911794021545,0.28079489065365393
lrsw_milora_r32_lr2e4_s44,lrsw,44.0,lrsw_milora_r32_lr2e4,milora,0.402,-0.3957739469155299,26.52,34.87,22.31,cs,33.6,19.45,46.94,39.42,34.92,26.3707,11.5635,0.0002,,,32.0,False,False,True,62.17,0.16,2.2,12.79,0.55,44.65,37.54,18.4,2.0798272280296555,1.810069211692996,0.2697580163366597,270.3118194542118,26.37084197998047,11.566428723931311,4.599351578986303,13.606412823270135,0.0655482339223019,0.1072257699933614,0.0777562481040165,0.1060873578353037,0.0668800454032669,0.5457090460174355,134.3008164141681,0.162357167865547,0.18091062190835475,0.10139483649941708,0.31557626562133667,0.2397611081053446
frm_clora_k256_lr3e4_c256_s42,frm,42.0,frm_clora_k256_lr3e4_c256,clora,1.0191,0.0082168015896903,19.02,26.69,60.8,math_faithful,28.61,9.42,23.01,31.48,40.95,29.0263,14.2422,0.0003,,256.0,,False,False,True,,,,,,,,,3.2445586319265645,1.8520239240816387,1.3925347078449255,873.3435788382158,29.02902030944824,14.24290212392807,25.237531546771383,54.13445920863456,0.0638577744690374,0.0459581389064924,0.0656856886282587,0.0502777039625694,0.061771418896987,0.5984046296355913,109.62034776313352,0.11756212173992936,0.11977015187776843,0.1214569370542644,0.3811500953421909,0.2600606939858471
lrsw_dora_r16_lr3e4_s44,lrsw,44.0,lrsw_dora_r16_lr3e4,dora,0.684,-0.1649438982798837,23.27,29.99,79.05,cs,30.87,15.67,34.35,36.18,32.88,44.8559,17.7558,0.0003,,,16.0,False,False,True,70.43,82.1,78.4,88.93,82.56,82.37,67.83,79.8,2.237684538714636,1.810069211692996,0.4276153270216405,475.9243729434308,44.88307571411133,17.768617129325868,4.511906693427026,11.3298239913037,0.0707215875320803,0.0464831849587511,0.0746789505810255,0.0494787403497599,0.0681787007342038,0.5381759837646619,131.10392218460788,0.16076875251768044,0.17909158264073782,0.10158002934059762,0.3186161301678806,0.2399435053331036
qwswm_milora_r32_lr5e5_s43,qwswm,43.0,qwswm_milora_r32_lr5e5,milora,0.0692,-1.1598939055432422,43.72,53.27,54.51,gsm8k,46.52,40.92,71.74,51.02,56.16,2.3831,0.7215,5e-05,,,32.0,False,False,True,,,,,,,,,2.0345846861317853,1.9346918347336524,0.0998928513981329,25.37473166897129,2.38315224647522,0.7215368267680917,9.457078940024791,31.575503942791222,0.0416833973870086,0.5322839497246148,0.0563079175514161,0.3514103373389983,0.0330580752353207,0.5352334365561718,67.2176874847751,0.05534951867331221,0.021132774937611877,0.04486257108370491,0.4186216544586632,0.46003348084670803
frc_lorawdr16_wd0p3_lr5e4_c256_s44,frc,44.0,frc_lorawdr16_wd0p3_lr5e4_c256,lorawdr16,0.3594,-0.444421927227045,26.64,33.13,81.19,cs,33.87,19.42,37.49,39.93,34.93,19.9828,6.5295,0.0005,0.3,,,False,False,True,71.8,83.84,80.86,89.71,84.37,85.48,72.44,81.0,1.9425154391686497,1.810069211692996,0.1324462274756541,217.6964404834598,19.982501983642575,6.531942829489708,6.9198287681930895,13.23149074611867,0.0717940848749233,0.0468130813183949,0.0855917080229612,0.048038100490497,0.0713859802563594,0.5496108754291811,116.34888811482698,0.1192070468938776,0.1369614506731391,0.10007142175902947,0.36698649616498247,0.27677358450897127
qwsw_milora_r32_lr1e3_s44,qwsw,44.0,qwsw_milora_r32_lr1e3,milora,0.9856,-0.0062993051796497,7.52,21.73,72.42,cs,11.57,3.47,24.35,29.18,40.06,96.4732,18.6997,0.001,,,32.0,False,False,True,65.63,79.49,75.38,70.59,73.09,77.4,62.2,75.6,3.61607629386719,1.9346918347336524,1.6813844591335378,999.9946791132212,96.47135162353516,18.702132742745537,16.42797199158059,29.76263484472519,0.1140847843564949,0.1027069006306345,0.0660342439613051,0.0628811922955991,0.0754248998691978,0.4933143273688288,76.28498117483592,0.2432479492164447,0.01310112983477619,0.009622697795039385,0.4404562025799766,0.29357202057376325
lrswm_dora_r16_lr5e4_s42,lrswm,42.0,lrswm_dora_r16_lr5e4,dora,0.9321,-0.030537492025363,21.66,29.77,45.26,gsm8k,31.27,12.05,28.06,35.15,42.31,117.4489,20.0822,0.0005,,,16.0,False,False,True,,,,,,,,,2.577068808140023,1.8520239240816387,0.7250448840583843,637.5181986436988,117.44839477539062,20.09199277162552,6.252310262063599,13.006889347730668,0.0766432312461769,0.0463925098573355,0.0753854693737091,0.0500406239251152,0.0712457317778934,0.5609988668085198,103.80921916018795,0.16944152045630018,0.20466048376198948,0.10000078892492417,0.30513755277277976,0.2207596540840065
qwswm_lora_r16_lr1e4_s43,qwswm,43.0,qwswm_lora_r16_lr1e4,lora,0.0724,-1.140261433802853,43.78,53.61,59.44,gsm8k,46.74,40.83,71.76,52.05,56.66,5.8269,1.946,0.0001,,,16.0,False,False,True,,,,,,,,,1.983586830289468,1.9346918347336524,0.0488949955558155,50.20375461575157,5.833394527435303,1.9472110011747903,3.9520198986680017,10.359293477011036,0.1224643520066317,0.1022987113673106,0.0717468418933063,0.050746360946468,0.0755292228590258,0.5237027453590716,67.06517248639828,0.11398478536762514,0.01749313951207047,0.013197509755754224,0.5195221960051734,0.3358023693593768
lrswm_lora_r16_lr5e5_s44,lrswm,44.0,lrswm_lora_r16_lr5e5,lora,0.3589,-0.4450265416667601,25.51,33.35,40.33,gsm8k,33.56,17.45,29.35,45.56,40.81,11.7362,3.7026,5e-05,,,16.0,False,False,True,,,,,,,,,2.0266277359175087,1.810069211692996,0.2165585242245129,66.91406855547437,11.755385398864746,3.704767526686192,1.87647284619768,4.4292454256132086,0.0657699390491525,0.056567048457255,0.1219782734930995,0.050167883261848,0.076604315312753,0.5770298012667066,89.34892096379954,0.09604787950435183,0.1212844605804797,0.08371432072334903,0.4776267707291696,0.22132656846264975
lrsw_lora_r16_lr1e4_s42,lrsw,42.0,lrsw_lora_r16_lr1e4,lora,0.3103,-0.5082182244158342,26.68,35.4,78.27,cs,33.67,19.69,46.96,42.83,33.87,19.2351,7.4154,0.0001,,,16.0,False,False,True,65.66,83.68,79.27,77.86,82.72,85.19,71.16,80.6,2.1283409174981487,1.8520239240816387,0.2763169934165099,145.97543370063116,19.266530990600582,7.41882475912571,2.284932784131675,6.235574228534116,0.0705879848548593,0.0495313340178197,0.088885974692638,0.0503885992032785,0.0711269143232237,0.5458028885346068,110.35951438510041,0.10985933558581897,0.11551654210522688,0.0969141509464479,0.4044364819447904,0.27327348941771584
frm_lorawd_wd0p2_lr5e4_c256_s44,frm,44.0,frm_lorawd_wd0p2_lr5e4_c256,lorawd,0.5437,-0.2646406669982892,22.23,30.86,62.77,math_faithful,30.35,14.11,28.48,36.95,44.41,61.832,6.8966,0.0005,0.2,,,False,False,True,,,,,,,,,2.339686317010432,1.810069211692996,0.5296171053174363,375.63626890371233,61.83130645751953,6.897005462646485,21.92558433051672,49.75974511671656,0.0805936246691463,0.0453671699425242,0.0891945644719156,0.0475439038309098,0.0788725086693586,0.5523318481561026,102.7760914470807,0.14280415620220238,0.16672356585562553,0.10122546649931348,0.342370478815184,0.24687633262767464
frm_sclora_lr2e4_c256_s43,frm,43.0,frm_sclora_lr2e4_c256,sclora,1.3431,0.1281083491031075,13.69,24.06,55.72,math_faithful,23.71,3.67,23.93,30.63,38.37,150.5238,16.0392,0.0002,,,,False,False,True,,,,,,,,,3.824260155683743,1.810069211692996,2.014190943990747,998.9844566588816,150.52621459960938,16.03921888768673,27.80204041536816,63.11003438807721,0.085849859032856,0.0418712869125671,0.3013299007865976,0.0235669704731223,0.1473121808405768,0.5135780130181762,117.81969195077654,0.21698555180406331,0.18619579831151964,0.08575371945487073,0.35406771890784183,0.15699721152170448
frm_lorawd_wd0p2_lr2e4_c512_s42,frm,42.0,frm_lorawd_wd0p2_lr2e4_c512,lorawd,0.368,-0.4341521813264823,24.28,32.77,67.17,math_faithful,31.04,17.52,37.74,39.42,38.15,30.3155,5.8612,0.0002,0.2,,,False,False,True,,,,,,,,,2.1794656069012763,1.8520239240816387,0.3274416828196376,261.6287312667702,30.31502723693848,5.861793006956577,13.604552593597624,40.68932313833739,0.071154307814849,0.0479672344216107,0.0808045038945877,0.0496731164830616,0.0701248560830882,0.5717144261777032,119.02682322062394,0.14300131858112008,0.16362899160596764,0.09527278534401022,0.3403570610793095,0.2577398433895924
frc_lorawd_wd0p2_lr2e4_c256_s42,frc,42.0,frc_lorawd_wd0p2_lr2e4_c256,lorawd,0.349,-0.4571745730408201,26.32,34.09,70.05,cs,33.41,19.24,46.0,39.42,32.36,21.4819,8.5057,0.0002,0.2,,,False,False,True,71.87,71.87,68.83,38.8,85.0,81.23,65.02,77.8,2.059225880794567,1.8520239240816387,0.2072019567129284,240.6643254781575,21.489059448242188,8.509367932379245,4.969388533716429,16.2438294557527,0.0701872642480223,0.0478173045129623,0.0821702139179423,0.0483773486103103,0.0695325248484563,0.5425544697230253,119.56477649434923,0.12604949808619104,0.13879477625700526,0.09515688848627181,0.35656364631291837,0.2834351908576135
qwswm_lora_null_r16_lr1e3_s43,qwswm,43.0,qwswm_lora_null_r16_lr1e3,lora_null,0.3918,-0.4069355683412824,39.8,49.09,73.31,gsm8k,44.65,34.96,63.48,50.34,52.0,40.4582,10.1509,0.001,,,16.0,False,False,True,,,,,,,,,,,,471.5696061958912,40.45309066772461,10.15122636301177,11.496664710945916,16.3280381407497,0.1144684482497278,0.0910198509435424,0.0643699334627924,0.0714007436279302,0.0734079004763506,0.503893939904536,66.0692405340676,0.1884970833131076,0.01564919720967199,0.009613356671437062,0.497035915223487,0.2892044475822965
qwsw_lora_r16_lr15e5_s42,qwsw,42.0,qwsw_lora_r16_lr15e5,lora,0.2096,-0.678608721688311,38.39,47.31,78.3,cs,43.4,33.39,70.23,41.81,47.73,21.8307,6.6041,0.00015,,,16.0,False,False,True,73.36,53.32,77.53,94.25,84.53,83.59,73.21,86.6,2.1240611295910257,1.9346918347336524,0.1893692948573733,183.48676043408156,21.860370635986328,6.609188623939242,3.9668168854792394,10.341070752611484,0.114894793863543,0.0906638875157729,0.0739250522017678,0.046536496325541,0.0721746003720399,0.5313954097552056,64.47776287192893,0.08991660940550389,0.011432350450697354,0.009899323767281016,0.5113933973101585,0.37735831906635947
lrsw_dora_r16_lr2e4_s44,lrsw,44.0,lrsw_dora_r16_lr2e4,dora,0.4513,-0.3455346664798542,25.27,33.25,64.36,cs,31.36,19.18,40.91,40.02,34.76,31.1158,13.092,0.0002,,,16.0,False,False,True,71.25,82.21,76.36,26.51,67.32,64.35,51.11,75.8,2.1300833117802003,1.8520239240816387,0.2780593876985615,308.6564810399953,31.14971160888672,13.096973049640656,3.445635546910506,9.4028829797146,0.0680090703522844,0.0473059444864937,0.0782125406845972,0.049095888571506,0.0675151192436494,0.5437896932660021,124.36271635144237,0.1350885538002706,0.14615200857866145,0.09891199883739249,0.3480229610389889,0.27182447774468665
qwsw_dora_r16_lr1e3_s44,qwsw,44.0,qwsw_dora_r16_lr1e3,dora,1.1426,0.0578942197245302,9.52,26.08,77.36,cs,13.41,5.63,37.57,35.92,37.89,146.5724,27.6076,0.001,,,16.0,False,False,True,66.79,83.51,76.25,81.73,78.77,82.37,68.69,80.8,3.212299451552984,1.9346918347336524,1.277607616819331,1086.839752757033,146.56956481933594,27.60710872496877,9.474700431763928,14.703631516276124,0.1260391863222316,0.118656183577117,0.0738935598026936,0.0506172788599675,0.0852693170590791,0.4526680647538934,69.88821855199512,0.3693804739329956,0.028585112463189934,0.010392413058483811,0.3609175682975421,0.23072443224778855
lrswm_lorawd_wd0p3_lr5e5_s44,lrswm,44.0,lrswm_lorawd_wd0p3_lr5e5,lorawd,0.2923,-0.5341711846425636,25.81,34.18,41.62,gsm8k,33.37,18.25,31.75,46.16,41.37,12.5347,3.4967,5e-05,0.3,,,False,False,True,,,,,,,,,1.9306757249260715,1.810069211692996,0.1206065132330758,71.1346730363655,12.55455207824707,3.497741020470857,2.440613737047055,7.65925888739361,0.0672561092593902,0.0550533040805292,0.1121730606513098,0.0515629592450351,0.0745284023585824,0.5748397447824312,87.9331252565313,0.09843509101824247,0.11014633862855833,0.08761784544289902,0.4906882580844769,0.21311246682582324
lrswm_clora_k1024_lr3e4_s42,lrswm,42.0,lrswm_clora_k1024_lr3e4,clora,0.3282,-0.4838614232829256,24.02,32.49,49.43,gsm8k,32.5,15.54,29.46,40.96,43.98,16.3749,7.085,0.0003,,1024.0,,False,False,True,,,,,,,,,2.2787372986968264,1.8520239240816387,0.4267133746151876,274.51010190836706,16.394893646240234,7.086797436699271,7.6141043285663965,22.34467748025249,0.0579657165748243,0.0488034305241366,0.0636297515574527,0.0495333751240247,0.0556753894688499,0.5758793897040203,77.24351474777421,0.04371197798146005,0.041112737514317835,0.06482079311783977,0.4800628574691079,0.3702916339172746
frc_milora_lr2e5_c256_s43,frc,43.0,frc_milora_lr2e5_c256,milora,0.1853,-0.7321245806811024,26.32,36.61,42.96,cs,33.62,19.01,46.72,46.5,37.2,4.1362,1.8455,2e-05,,,,False,False,True,62.2,71.6,44.42,20.5,14.21,53.41,51.37,26.0,1.8724108367733303,1.810069211692996,0.0623416250803345,33.63710442254565,4.140167713165283,1.8461308021098373,2.7289302724859965,9.786776645286029,0.0589624658132704,0.1609461774078409,0.1065381339516184,0.3214167707120604,0.0702644342979476,0.5683189149102869,85.26231954052865,0.09208123938518395,0.10383523806552944,0.1029859453222624,0.5387914699242895,0.16230610730273476
qwsw_lora_null_r16_lr1e4_s43,qwsw,43.0,qwsw_lora_null_r16_lr1e4,lora_null,0.1284,-0.8914349762671656,40.51,50.49,86.65,cs,45.37,35.65,71.84,51.45,48.12,9.2424,2.9134,0.0001,,,16.0,False,False,True,71.01,90.21,79.68,92.47,84.93,95.16,88.91,90.8,2.031497771579986,1.9346918347336524,0.0968059368463336,93.23513102856911,9.241456031799316,2.913973101547786,5.754256930658467,14.991979158845805,0.1881267584164105,0.073596818858297,0.0895057578958775,0.104500111444553,0.1067689869970591,0.5796430953118334,60.13160492031542,0.08756990308921178,0.015388587307767366,0.011538015649424376,0.5469203379589471,0.3385831559946495
frc_lorawd_wd0p5_lr7e4_c256_s42,frc,42.0,frc_lorawd_wd0p5_lr7e4_c256,lorawd,0.2963,-0.5282683485199489,26.9,33.11,81.24,cs,34.73,19.08,38.47,37.88,35.37,29.1585,4.6856,0.0007,0.5,,,False,False,True,72.75,83.95,80.5,85.44,85.71,85.86,72.53,83.2,1.953256444550289,1.8520239240816387,0.1012325204686499,171.22142347827815,29.158222198486328,4.68603927642107,8.973667401197027,21.63389594308475,0.0763989877084137,0.0460186570130816,0.0894470443283746,0.0481938402841006,0.0752393498414436,0.5358829281385683,107.5057153799105,0.12734358429475937,0.15760451454257507,0.09615419220735638,0.36256909166586526,0.25632861728944395
frc_lora_null_lr5e4_c256_s43,frc,43.0,frc_lora_null_lr5e4_c256,lora_null,1.1827,0.0728745968109887,17.47,24.51,72.97,cs,27.28,7.66,23.55,32.0,32.04,122.3641,21.339,0.0005,,,,False,False,True,67.77,77.86,77.28,76.3,77.9,74.2,57.85,74.6,3.0079479839006567,1.810069211692996,1.197878772207661,1030.821215063976,122.3624267578125,21.341022855043413,16.37372957874466,30.71662744406953,0.0850938131622331,0.0440280194391857,0.0890239029807203,0.057737166621141,0.0832545362634049,0.5280103809749376,133.33929471059065,0.2049692529065208,0.2278931340743825,0.11710144380506317,0.27708726221497043,0.17294890699906307
frc_milora_lr2e5_c256_s44,frc,44.0,frc_milora_lr2e5_c256,milora,0.1873,-0.7274622226247627,26.58,36.78,25.23,cs,33.94,19.21,46.5,47.44,36.8,4.0918,1.8529,2e-05,,,,False,False,True,54.95,21.65,48.21,23.52,2.76,17.72,23.04,10.0,1.9110853242549648,1.8520239240816387,0.059061400173326,33.78518401503504,4.092660903930664,1.8536075558513403,2.731983802515502,9.781257609893734,0.0586064669754157,0.1612232272753832,0.1070728009606452,0.3209000427185235,0.0703226079593563,0.5696286259251999,85.76027325648302,0.09191587727127941,0.10547888054323162,0.10316211099313176,0.5361188786524519,0.16332425253990523
frc_lorawdr16_wd0p3_lr5e4_c256_s43,frc,43.0,frc_lorawdr16_wd0p3_lr5e4_c256,lorawdr16,0.3373,-0.4719836588107985,26.52,33.95,77.79,cs,33.77,19.27,43.98,38.4,34.33,20.0763,6.4621,0.0005,0.3,,,False,False,True,60.73,80.79,80.35,83.03,84.06,84.93,69.45,79.0,1.9449003080671965,1.810069211692996,0.1348310963742007,217.63653274985717,20.07606506347656,6.464376121759415,7.083299444672893,13.330892145120185,0.0722076599745417,0.0466061295553086,0.0852011650137066,0.0477712978894151,0.071381853947553,0.5531950162051406,115.69758740946415,0.118277660590056,0.13627154081462647,0.09920425234923363,0.36376628816887746,0.28248025807720656
qwsw_milora_r32_lr3e4_s42,qwsw,42.0,qwsw_milora_r32_lr3e4,milora,0.3856,-0.4138629747692068,34.3,42.31,80.12,cs,41.02,27.57,62.8,36.77,43.41,19.6131,8.0235,0.0003,,,32.0,False,False,True,62.35,86.07,77.79,90.83,85.95,80.6,72.95,84.4,,,,339.6837935506116,19.61924934387207,8.024195884806769,11.2184763969165,26.035096208681075,0.0876168772299531,0.2004247842630074,0.0610309491204429,0.1260507131315293,0.0614979865547833,0.532003287721364,71.46571344889055,0.12235395951912795,0.014216792659163799,0.015608920569214875,0.433488817410219,0.4143315098422744
frm_lorawd_wd0p1_lr3e4_c512_s43,frm,43.0,frm_lorawd_wd0p1_lr3e4_c512,lorawd,0.6574,-0.1821703002543944,21.87,31.29,67.32,math_faithful,31.12,12.62,30.79,35.92,46.0,73.1984,9.5504,0.0003,0.1,,,False,False,True,,,,,,,,,2.4496605141837557,1.810069211692996,0.6395913024907596,508.092797396433,73.19715118408203,9.55097905099392,20.913454555784888,49.68232084587207,0.0728871966725302,0.046312295215709,0.0772911692375811,0.0494598062743098,0.0706376485034328,0.5595816753366851,117.94776610700058,0.1595112924868083,0.18435341705534286,0.10589452181057935,0.31872932083157623,0.23151144781569327
lrsw_milora_r32_lr2e5_s42,lrsw,42.0,lrsw_milora_r32_lr2e5,milora,0.1729,-0.7622050067260775,26.25,36.57,70.19,cs,33.77,18.73,45.14,47.18,38.03,2.9702,1.3293,2e-05,,,32.0,False,False,True,61.13,79.11,76.82,68.32,70.24,77.95,61.77,66.2,1.907960317818916,1.8520239240816387,0.0559363937372772,23.64781149438308,2.974272966384888,1.329691923037171,2.779640315524396,9.70407164875215,0.0527128589440678,0.26815193745241,0.1225201121632616,0.2315820086491202,0.0717864428945372,0.5750658919412517,90.51798056985557,0.08214858511948231,0.10116696207097803,0.1227297133444759,0.49662874947465174,0.19732598999041193
lrsw_lorawd_wd0p3_lr2e5_s43,lrsw,43.0,lrsw_lorawd_wd0p3_lr2e5,lorawd,0.2158,-0.6659485596531082,26.5,36.45,56.48,cs,33.33,19.68,46.46,46.25,36.55,5.8066,2.1266,2e-05,0.3,,,False,False,True,4.59,78.07,75.08,26.28,66.61,72.77,55.46,73.0,2.0838732387972225,1.810069211692996,0.2738040271042268,35.723630254842035,5.819927215576172,2.1279801458120344,1.4849791334254754,3.581302646836517,0.0638043691550878,0.0481701860976424,0.1292814628980033,0.0633944806894613,0.0796865978044386,0.5564931546327672,74.30844966657251,0.08079747035105087,0.10439070715050124,0.08844825963196144,0.5961658340853937,0.13019772878109281
frm_clora_k64_lr3e4_c256_s44,frm,44.0,frm_clora_k64_lr3e4_c256,clora,1.1357,0.055263625784184,19.21,27.67,58.45,math_faithful,28.69,9.72,23.65,30.38,45.89,30.5931,16.1689,0.0003,,64.0,,False,False,True,,,,,,,,,3.4851015656296864,1.810069211692996,1.6750323539366907,985.4315121166428,30.59406089782715,16.16949906349182,25.300455005596778,54.87678050543049,0.0650116481684948,0.0462532999863551,0.0673242233609503,0.0505200521201099,0.0632723372985528,0.599290267561405,118.3409505914158,0.1392098585706718,0.144665490937551,0.1327295903908809,0.3526800149420897,0.23071504515880664
qwswm_clora_k1024_lr2e4_s44,qwswm,44.0,qwswm_clora_k1024_lr2e4,clora,0.0832,-1.079876673709276,43.56,53.75,65.96,gsm8k,45.31,41.82,71.91,52.99,56.73,9.7624,1.8183,0.0002,,1024.0,,False,False,True,,,,,,,,,2.021400842681564,1.9346918347336524,0.0867090079479115,88.98205028188693,9.770277976989746,1.8187222357768145,11.068457826640378,25.20470181316944,0.0522393148153432,0.0453511715354244,0.0576091953145217,0.0475467132038946,0.0449297053976149,0.5400108166024409,55.54239623761514,0.05464637888769789,1.0327055333611103e-09,2.9142716469145793e-09,0.575495113244165,0.36985850392115993
qwswm_lorawd_wd0p3_lr5e4_s42,qwswm,42.0,qwswm_lorawd_wd0p3_lr5e4,lorawd,0.1241,-0.90622821850127,45.06,53.5,65.35,gsm8k,48.01,42.1,71.34,50.77,55.28,10.5678,2.4121,0.0005,0.3,,,False,False,True,,,,,,,,,,,,125.67370100460516,10.56441879272461,2.412546719397817,15.663368135593188,28.14505744872932,0.112756819037618,0.097776443253437,0.0648656958273117,0.0463815815227824,0.0700198356116206,0.5420984585814688,67.89452653042444,0.1329113386078595,0.01630283032884497,0.010620199975808627,0.4600772652612435,0.3800883658262435
lrswm_dora_r16_lr1e4_s44,lrswm,44.0,lrswm_dora_r16_lr1e4,dora,0.32,-0.494850021680094,24.98,33.67,42.08,gsm8k,33.21,16.75,31.0,44.54,42.83,18.9338,6.0154,0.0001,,,16.0,False,False,True,,,,,,,,,2.049861135147065,1.810069211692996,0.2397919234540693,124.09285327896016,18.969247817993164,6.017787933349609,2.500017510823516,6.807988006621012,0.0685447021747817,0.0522618743286319,0.0931962746629897,0.0497425574278121,0.0704146339481483,0.5778552152263812,99.8548470146848,0.1049231718008487,0.11072358377804195,0.08819204180738908,0.4196616701909199,0.27649953242280034
qwswm_lora_r16_lr1e3_s42,qwswm,42.0,qwswm_lora_r16_lr1e3,lora,0.5871,-0.2312879196223364,8.88,33.36,67.32,gsm8k,15.96,1.8,52.57,44.71,51.76,42.5072,15.1548,0.001,,,16.0,False,False,True,,,,,,,,,,,,708.9265959551644,42.50639343261719,15.15339879649026,11.454628634635734,15.477245196894415,0.1087595958003329,0.0920521296665635,0.0624756341927339,0.048033658292273,0.0682737997723355,0.49872182782519453,67.94303983241224,0.20781036273682574,0.013603070757087629,0.010755643062345896,0.4564032805412935,0.31142764290244745
lrsw_sclora_r32_lr2e4_s42,lrsw,42.0,lrsw_sclora_r32_lr2e4,sclora,1.1421,0.0577041315340296,10.22,22.63,77.7,cs,18.75,1.7,23.56,32.94,36.21,28.4941,9.5701,0.0002,,,32.0,False,False,True,70.28,82.05,78.51,83.8,82.95,80.77,65.27,78.0,2.9423312473230903,1.8520239240816387,1.0903073232414515,397.4449400883026,28.49264144897461,9.570716512203216,11.223449171677087,32.929743120150825,0.1116034956883153,0.0403423413329647,0.5258629335247013,0.0145296149613546,0.2024525934948997,0.5021648320405844,127.05339366727367,0.20379767743866412,0.22937350235734932,0.060874059612024266,0.3280630680470565,0.1778916925449058
lrsw_clora_k1024_lr5e3_s44,lrsw,44.0,lrsw_clora_k1024_lr5e3,clora,191.106,2.2812743224604835,1.17,20.17,0.22,cs,0.0,2.34,22.95,26.62,48.94,28530.0234,973.8857,0.005,,1024.0,,True,False,True,0.0,0.0,0.51,0.0,0.0,0.51,0.34,0.4,9.797876705271966,1.810069211692996,7.98780749357897,48224.32956180886,28530.1796875,974.3456619430332,1.1429104854815917,1.4563932250729903,0.0700244618143145,0.0588042580510095,0.2082974822665093,0.0435551163883831,0.1107384801274514,0.06641445018780809,3.079575364844527,0.45668014988729233,0.37097908719034994,0.034471178989156456,0.09011938188846902,0.0477502020447321
qwsw_sclora_r32_lr5e4_s43,qwsw,43.0,qwsw_sclora_r32_lr5e4,sclora,0.704,-0.1524273408578878,6.7,21.14,83.35,cs,12.64,0.76,23.91,29.27,39.14,33.2248,11.2879,0.0005,,,32.0,False,False,True,71.19,86.02,79.73,90.54,82.72,90.4,79.01,87.2,3.3440180765505167,1.9346918347336524,1.4093262418168644,630.8388555904844,33.248809814453125,11.28967823471342,17.53236485396959,33.58880053200064,0.1082243635398137,0.107111223841156,0.1254282243563005,0.0396824748623981,0.0981796508922304,0.5300185812243756,67.35457926942821,0.12794207711037134,0.016168139986276687,0.011084365003179962,0.5313644275063258,0.31344099039384615
lrsw_clora_k1024_lr5e4_s43,lrsw,43.0,lrsw_clora_k1024_lr5e4,clora,0.6307,-0.2001771690066801,21.84,29.78,78.53,cs,31.67,12.01,37.37,35.07,32.77,28.1897,12.6674,0.0005,,1024.0,,False,False,True,70.24,82.81,79.48,86.64,82.24,80.22,65.44,81.2,2.517226521367381,1.8520239240816387,0.665202597285742,556.3963826587493,28.179479598999023,12.668399849534037,11.37038590786712,25.60896702763247,0.058194311834927,0.0463055261608269,0.0611239878282856,0.0490994061318625,0.0562004932114162,0.5500213006994834,94.13658869728359,0.06675645380660794,0.0641635022035685,0.09093745513571383,0.4391409757177019,0.33900161313640786
qwswm_milora_r32_lr1e3_s43,qwswm,43.0,qwswm_milora_r32_lr1e3,milora,45.7398,1.6602942612963905,0.0,19.26,0.0,gsm8k,0.0,0.0,22.95,25.85,47.52,2115.3064,144.4121,0.001,,,32.0,True,False,True,,,,,,,,,10.063321464710288,1.9346918347336524,8.128629629976636,3617.010970168597,2115.33935546875,144.49626017638616,1.3751000900838384,2.620451247433989,0.1443395780243061,0.172317937524612,0.0869459326992503,0.06939274836778,0.093899025547106,0.7808848818601442,5.5858881662630875,0.42014777440714257,0.1109442220657786,0.02611672812234046,0.3418366816137577,0.10095459379098061
lrswm_sclora_r32_lr2e5_s44,lrswm,44.0,lrswm_sclora_r32_lr2e5,sclora,0.1596,-0.7969671129852893,25.81,33.2,40.26,gsm8k,33.64,17.98,27.7,46.42,40.25,3.8224,1.2187,2e-05,,,32.0,False,False,True,,,,,,,,,1.9615575964532064,1.810069211692996,0.1514883847602108,43.495723359801474,3.822772979736328,1.2190500600263476,9.029931001496712,32.84542920629793,0.1019228727107155,0.0364692870488623,0.5436056236923016,0.0078102483480933,0.1921565921096982,0.5101310728662289,116.5904221609747,0.21657257780500289,0.20814369581594785,0.06127966564114799,0.38569426091408493,0.12830979982381627
lrswm_dora_r16_lr3e4_s42,lrswm,42.0,lrswm_dora_r16_lr3e4,dora,0.4904,-0.3094495384896413,23.3,30.83,46.93,gsm8k,31.35,15.26,27.38,38.57,41.57,33.728,13.4408,0.0003,,,16.0,False,False,True,,,,,,,,,2.294905685727723,1.8520239240816387,0.4428817616460843,365.4705216414032,33.76801681518555,13.451130256056786,4.439645895742562,11.167945305393538,0.0654234173369394,0.0483837325922657,0.0746237835203848,0.0498753792777456,0.0647571886425867,0.5928954354048832,113.4002843647991,0.1320133185593254,0.14687038622008286,0.09425840621058934,0.34655205233403746,0.2803058366759651
lrsw_clora_k1024_lr1e3_s44,lrsw,44.0,lrsw_clora_k1024_lr1e3,clora,1.0545,0.0230465840755051,16.21,24.47,71.8,cs,25.96,6.46,25.29,29.35,35.29,36.7739,18.1765,0.001,,1024.0,,False,False,True,67.06,77.04,76.66,73.93,77.35,73.44,56.74,72.2,2.837698837301153,1.810069211692996,1.0276296256081572,869.0289397998957,36.77561950683594,18.179606145620347,16.046680614763286,27.90485358148684,0.063291374183559,0.0460745657058013,0.062242476773545,0.050528345042411,0.060262520442774,0.5472754904800772,115.11477155583484,0.10685656271101972,0.10779828595549124,0.12754282395764677,0.38876572412412486,0.2690366032517174
frm_lorawd_wd0p3_lr3e4_c256_s42,frm,42.0,frm_lorawd_wd0p3_lr3e4_c256,lorawd,0.3294,-0.4822764051662644,25.16,34.5,65.05,math_faithful,33.47,16.84,39.13,40.27,42.79,32.2544,4.5927,0.0003,0.3,,,False,False,True,,,,,,,,,2.1244257650721896,1.8520239240816387,0.2724018409905508,217.98250376015787,32.254600524902344,4.593106506764888,16.212038269181097,42.55658906693064,0.0773970469051459,0.047255026967984,0.0891534236269896,0.0482693982412704,0.0759010618630467,0.5646572172507832,109.81080398700747,0.1286033870739412,0.15806371257001628,0.09230837246946205,0.35329887059464177,0.26772565729193865
lrsw_milorawd_wd0p3_r32_lr5e4_s42,lrsw,42.0,lrsw_milorawd_wd0p3_r32_lr5e4,milorawd,0.2963,-0.5282683485199489,26.66,34.68,80.22,cs,34.71,18.62,44.9,39.76,35.39,24.7275,5.468,0.0005,0.3,,32.0,False,False,True,61.71,82.32,80.71,90.49,84.85,86.03,72.01,83.6,1.959038602556362,1.810069211692996,0.1489693908633662,186.80085805827224,24.727468490600582,5.468607085943222,7.881218101497125,20.97642989586162,0.0742451619998735,0.0652299928905445,0.0877708097236242,0.0650568359883605,0.0735267790778708,0.540156928195526,114.05926986674115,0.1259567604959699,0.15525986982168666,0.09104140807164694,0.35925873895651816,0.26848322265417846
lrsw_milora_r32_lr5e4_s43,lrsw,43.0,lrsw_milora_r32_lr5e4,milora,0.8585,-0.0662597005030646,21.27,27.48,76.96,cs,29.24,13.3,27.09,36.01,31.76,144.397,20.851,0.0005,,,32.0,False,False,True,70.03,78.4,78.4,83.84,78.37,79.97,67.06,79.6,2.565861342872096,1.810069211692996,0.7557921311790998,710.4747902018032,144.39671325683594,20.852521306276323,9.011080198131197,20.713421982797342,0.0714744691433069,0.0609250554886143,0.0673775329698428,0.0679155117913765,0.0651517783548786,0.5145710674699367,115.58158330724865,0.2074271974567273,0.20954496168113732,0.096946248003669,0.2727047032368322,0.2133768896216342
qwsw_sclora_r32_lr1e4_s43,qwsw,43.0,qwsw_sclora_r32_lr1e4,sclora,0.2994,-0.5237482039929664,36.22,44.58,87.32,cs,43.48,28.96,66.89,38.82,44.74,8.5567,2.9557,0.0001,,,32.0,False,False,True,74.74,89.72,79.63,94.91,86.5,95.2,86.86,91.0,,,,158.1658705406787,8.556611061096191,2.9559180089405603,14.61659053409486,37.76813057798712,0.1026984215190044,0.1236795318006182,0.2275031898083889,0.0276477436015264,0.1244742835638856,0.5497267927512138,54.233593358669324,0.06542921930482608,0.01488429494020568,0.016419793673592708,0.6490481052076821,0.25421858687369364
frm_clora_k256_lr3e4_c256_s43,frm,43.0,frm_clora_k256_lr3e4_c256,clora,1.0094,0.004063300397667,18.85,27.91,60.2,math_faithful,28.75,8.95,26.29,30.72,44.82,26.0615,14.1927,0.0003,,256.0,,False,False,True,,,,,,,,,3.2009744409387126,1.810069211692996,1.390905229245717,872.8098613945909,26.063535690307617,14.193432092666626,25.32269044333768,54.24995891412674,0.0639789227369585,0.0461170513641692,0.0656297068601754,0.0503216114204007,0.0617493083869982,0.5991504628927623,109.3422974139799,0.1169176076326733,0.11923171584116296,0.12143810402749322,0.3783485767723223,0.2640639957263483
qwsw_lora_null_r16_lr2e4_s43,qwsw,43.0,qwsw_lora_null_r16_lr2e4,lora_null,0.1969,-0.7057542838618818,39.72,47.08,87.14,cs,45.58,33.86,70.44,40.44,45.09,14.3234,5.2928,0.0002,,,16.0,False,False,True,74.01,89.93,80.09,91.94,85.16,95.41,88.4,92.2,,,,188.6810165196156,14.347345352172852,5.294052273035049,6.821793659997519,15.25041161354666,0.1611540733344647,0.0765614842089772,0.0814446396892761,0.0893933627846144,0.0925035918695428,0.5672760485337206,62.572426554816396,0.09150205030498264,0.014377385616203218,0.010363348803187884,0.5200702272041433,0.36368698807148303
frc_clora_k512_lr3e4_c256_s44,frc,44.0,frc_clora_k512_lr3e4_c256,clora,0.5411,-0.2667224660674182,23.18,31.46,79.74,cs,31.41,14.94,39.92,36.35,34.66,21.9908,11.1581,0.0003,,512.0,,False,False,True,70.76,81.83,81.47,85.88,82.79,83.5,69.11,82.6,2.3653134915187173,1.8520239240816387,0.5132895674370785,426.2818749195234,21.987247467041016,11.159408354759217,8.250801516439951,23.32356332495161,0.0609318571207444,0.0464794004459245,0.0652009643940605,0.0490204653291325,0.0588365908351486,0.5496903116617562,96.71909716715136,0.07210984545473412,0.07030745747119582,0.09101683106576546,0.4284874701841963,0.33807839582410826
qwswm_lora_null_r16_lr3e4_s42,qwswm,42.0,qwswm_lora_null_r16_lr3e4,lora_null,0.1159,-0.935916564036404,42.37,53.2,70.36,gsm8k,43.97,40.77,72.11,52.47,56.67,10.5711,3.1786,0.0003,,,16.0,False,False,True,,,,,,,,,,,,129.9135661416105,10.582337379455566,3.178966346808842,9.523494003516744,18.210862042584,0.1569569870982855,0.0821386961416066,0.0787508704009231,0.1148322457735292,0.0921278294160317,0.5618396853756212,63.675353966162966,0.12479504970184047,0.01977549961698408,0.010726356028902737,0.5564180957947588,0.2882849988575141
lrsw_dora_r16_lr1e3_s43,lrsw,43.0,lrsw_dora_r16_lr1e3,dora,3.7383,0.5726741507390642,15.74,24.4,68.48,cs,25.77,5.72,22.95,33.62,33.93,1045.0509,53.2968,0.001,,,16.0,True,False,True,64.56,75.68,75.84,64.18,74.98,69.28,53.5,69.8,6.478256812813985,1.810069211692996,4.668187601120989,2150.0411348115103,1045.0484619140625,53.29489673376084,8.002109509755426,13.151293482367011,0.131872634631462,0.0450676679142993,0.1032689500454083,0.0503256471569637,0.1147052097718106,0.2571818884586181,7.992135899744205,0.4059778676815513,0.3919317739487328,0.07476068784346669,0.07796534932154485,0.04936432120470441
lrsw_lora_r16_lr1e3_s42,lrsw,42.0,lrsw_lora_r16_lr1e3,lora,1.4165,0.151216578856456,17.41,24.83,66.59,cs,26.85,7.97,23.19,32.34,33.8,200.4489,31.5775,0.001,,,16.0,False,False,True,63.06,75.63,76.46,52.66,73.16,68.98,54.18,68.6,2.91487949817428,1.8520239240816387,1.0628555740926413,1243.8867824539025,200.44456481933597,31.575725281238554,9.954050236458706,15.0003268963586,0.0784914327901071,0.0462018718244051,0.066537359359432,0.0526160462234599,0.0699143820120275,0.49513236145451645,97.48292284576542,0.24670229724021187,0.2824692999503583,0.14790631153354913,0.19779583469321194,0.12512625658266868
qwswm_lorawd_wd0p3_lr1e4_s44,qwswm,44.0,qwswm_lorawd_wd0p3_lr1e4,lorawd,0.0633,-1.1985962899826448,44.61,53.85,63.46,gsm8k,46.87,42.35,72.28,50.17,57.58,4.7896,1.5379,0.0001,0.3,,,False,False,True,,,,,,,,,1.990124176447888,1.9346918347336524,0.0554323417142357,46.21005608664883,4.794134140014648,1.538607910488333,5.662736443111139,19.207471241532453,0.1244901723869877,0.1051176668722348,0.0714300357645168,0.0503470695108799,0.0766455014297153,0.5248162350513385,68.91383917837796,0.12172274171250072,0.01959846700490043,0.014449200752617939,0.49694296298559837,0.34728662754438266
qwswm_dora_r16_lr2e5_s42,qwswm,42.0,qwswm_dora_r16_lr2e5,dora,0.0394,-1.4045037781744258,43.64,53.58,55.88,gsm8k,47.98,39.3,72.07,51.28,57.25,2.313,0.546,2e-05,,,16.0,False,False,True,,,,,,,,,,,,11.270461415657964,2.3164453506469727,0.5464219814432519,2.3178456859202425,6.554295225778997,0.1240945482074966,0.1052600689969267,0.1029908021966418,0.0552543408598538,0.0845481596300767,0.5278185762957802,51.16243030884362,0.1099628070058939,0.021492225791198992,0.012189693506520483,0.6562933320682218,0.20006194162816507
frc_lorawd_wd0p1_lr3e4_c256_s43,frc,43.0,frc_lorawd_wd0p1_lr3e4_c256,lorawd,0.5415,-0.2664015390386609,24.24,31.59,80.81,cs,31.24,17.25,37.3,37.2,34.97,43.9474,12.2985,0.0003,0.1,,,False,False,True,71.44,84.93,80.3,90.65,82.24,84.3,70.39,82.2,2.199602960898904,1.810069211692996,0.3895337492059079,415.87651758895504,43.94644546508789,12.30048838853836,7.449631662227281,21.028102639878465,0.069687986579779,0.0465076449490638,0.0750221683494892,0.0489523975231847,0.0674643319206884,0.5441559682094927,128.2586750539998,0.14875884079273163,0.1734752377705665,0.10102899940935006,0.3204780586316084,0.2562588633957434
qwswm_lora_r32_lr15e5_s42,qwswm,42.0,qwswm_lora_r32_lr15e5,lora,0.105,-0.978810700930062,44.18,53.91,54.81,gsm8k,45.77,42.59,71.84,52.13,57.24,8.5945,2.7101,0.00015,,,32.0,False,False,True,,,,,,,,,2.04148291014371,1.9346918347336524,0.1067910754100576,94.39560311122024,8.603654861450195,2.711135681186404,7.568078523097956,22.19350019316251,0.1183677791751443,0.1014751487239107,0.0649482530459126,0.0502860033207208,0.0717682110186847,0.5252089723284954,70.70089078780947,0.13154414284151342,0.018010544170442944,0.012761087063242341,0.48893133873075595,0.34875288719404535
frc_lora_null_lr1e4_c256_s44,frc,44.0,frc_lora_null_lr1e4_c256,lora_null,0.31,-0.5086383061657274,25.71,34.53,69.3,cs,34.02,17.4,44.89,41.38,34.97,13.475,5.9243,0.0001,,,,False,False,True,71.68,83.3,77.79,91.35,43.96,61.53,49.57,75.2,2.0793003906824934,1.810069211692996,0.2692311789894976,218.3103437291595,13.47633934020996,5.925748305022717,8.723741945826852,30.509191592560683,0.1210228642986944,0.0406659425538664,0.1335317230355162,0.0696261844293965,0.1089853913555696,0.549716489096345,120.17467794776027,0.1531707410304311,0.15565511162698248,0.08152006262995684,0.3920155379763188,0.21763854673631078
qwsw_sclora_r32_lr3e4_s43,qwsw,43.0,qwsw_sclora_r32_lr3e4,sclora,0.5346,-0.2719710455794816,29.0,37.15,85.43,cs,36.77,21.23,53.39,37.03,37.35,22.8149,7.3402,0.0003,,,32.0,False,False,True,73.49,88.14,79.99,93.52,85.32,94.02,82.17,86.8,2.702189448798115,1.9346918347336524,0.7674976140644625,419.6673703859587,22.820789337158203,7.34161188687597,17.219234522005213,35.109592709288506,0.1043893057317157,0.1153185702115774,0.1635467404589546,0.033720138793494,0.1068333913916323,0.5397358964501978,61.70494560397801,0.09069345369179259,0.016486828860550192,0.0130093389631436,0.5795800706665484,0.30023030781796534
frc_clora_k512_lr3e4_c256_s43,frc,43.0,frc_clora_k512_lr3e4_c256,clora,0.5413,-0.2665619729089387,22.09,29.18,79.2,cs,30.55,13.63,32.32,37.03,32.35,23.0597,11.23,0.0003,,512.0,,False,False,True,71.65,82.86,78.86,88.64,81.85,82.32,67.24,80.2,2.3062219308036,1.810069211692996,0.4961527191106041,427.1351348077743,23.06119728088379,11.231320896744728,8.143385601586635,23.238090768006128,0.0608780064711582,0.0464811365335557,0.0653251230761026,0.0488576481602826,0.0588356733769959,0.5489000489057998,96.6402925488023,0.07230411832714448,0.07040273799816879,0.0904095433960625,0.42857484425755377,0.33830875602107047
qwswm_milora_r32_lr1e3_s42,qwswm,42.0,qwswm_milora_r32_lr1e3,milora,0.654,-0.1844222516757327,7.26,29.58,62.17,gsm8k,14.04,0.49,45.57,36.43,51.39,48.1106,12.8886,0.001,,,32.0,False,False,True,,,,,,,,,,,,729.2546893565143,48.109649658203125,12.890594287429536,18.12517045547692,30.16047123772269,0.1024567804917928,0.1093533333209136,0.061158494426248,0.0705470536235156,0.0671750984658154,0.5247641622323997,69.6709642825242,0.17456043159427792,0.013253884450267211,0.010492971191388683,0.4573620185659424,0.3443306941981236
qwsw_lora_r16_lr2e5_s42,qwsw,42.0,qwsw_lora_r16_lr2e5,lora,0.1096,-0.9601894458516496,38.12,50.31,86.0,cs,46.29,29.96,71.6,54.86,48.84,4.8844,1.231,2e-05,,,16.0,False,False,True,70.4,89.55,79.07,92.16,84.77,95.03,88.65,88.4,,,,23.593829136932783,4.89112663269043,1.2324194380215236,1.5639919201680343,3.4195177923406805,0.1014785218111334,0.0885857697387471,0.1165835841563819,0.0600678694514718,0.0785329564995846,0.5466224794661185,39.17366370500412,0.07305565143876264,0.008848867834406473,0.007202759870961909,0.7738440452664725,0.13704867558939637
frc_lorawd_wd0p1_lr7e4_c256_s42,frc,42.0,frc_lorawd_wd0p1_lr7e4_c256,lorawd,0.8594,-0.0658046506521155,20.75,27.12,77.08,cs,29.04,12.46,24.86,34.56,34.68,103.7369,14.1611,0.0007,0.1,,,False,False,True,69.45,80.41,78.97,85.07,80.11,79.21,63.4,80.0,2.4346622995910696,1.8520239240816387,0.5826383755094309,642.693313156939,103.73568725585938,14.163102117180824,14.829611803876013,27.662858251737447,0.076152080923367,0.0456294979483971,0.0743944745795074,0.0493686798488204,0.0714620276169935,0.5231509937114651,118.02546043736375,0.18703866795976404,0.2183861557473064,0.12083238546031871,0.27009383839903356,0.20364895243357728
lrswm_sclora_r32_lr5e4_s44,lrswm,44.0,lrswm_sclora_r32_lr5e4,sclora,0.9775,-0.0098832339320955,18.27,26.74,55.65,math_faithful,27.69,8.86,23.72,32.51,40.92,48.0999,12.2726,0.0005,,,32.0,False,False,True,,,,,,,,,3.00237033510051,1.8520239240816387,1.1503464110188713,610.669223096069,48.09846115112305,12.274189952015876,15.833327264592828,34.20094899465894,0.0992546737209065,0.0409062693001676,0.3006971525406364,0.0282979364635721,0.1463638347754813,0.5507010296237693,130.24771538936722,0.19254207458953207,0.18063385039103408,0.08757865275562204,0.3294367822706471,0.20980863999316468
qwsw_lorawd_wd0p3_lr1e4_s44,qwsw,44.0,qwsw_lorawd_wd0p3_lr1e4,lorawd,0.1383,-0.8591778198906894,40.61,50.77,86.64,cs,45.98,35.24,71.51,53.24,47.89,11.5625,3.5291,0.0001,0.3,,,False,False,True,69.91,89.34,79.07,95.06,85.79,95.24,87.71,91.0,,,,100.3603641199116,11.572782516479492,3.530925220676831,4.1189178639143895,14.264557980759545,0.1165648020097441,0.0924889744167238,0.0808885565815429,0.0472370373266488,0.0746430398097094,0.5438418506369892,61.455190995813155,0.08016418015393416,0.01086421062529404,0.010019479445019238,0.5219043795951542,0.3770477501805986
lrsw_clora_k1024_lr2e3_s43,lrsw,43.0,lrsw_clora_k1024_lr2e3,clora,1.8852,0.2753574310875981,6.25,21.34,56.22,cs,10.95,1.55,23.27,27.47,43.47,110.4241,29.0992,0.002,,1024.0,,False,False,True,61.5,64.58,68.78,41.47,63.46,50.59,40.19,59.2,3.959900313298351,1.810069211692996,2.149831101605355,1440.0083371911817,110.42224884033205,29.10265708565712,16.650767946984313,29.25546988110012,0.0727327482976182,0.0478487960751237,0.0694946444235011,0.051173681552747,0.0699689208107594,0.5218261772526861,80.10956777641364,0.13469248703814157,0.13011120858753167,0.16108267511976465,0.37397712919374715,0.20013650006081496
frm_clora_k128_lr3e4_c256_s44,frm,44.0,frm_clora_k128_lr3e4_c256,clora,1.109,0.04493154614916,19.2,28.1,60.58,math_faithful,29.4,8.99,24.92,29.18,47.99,29.7421,15.3401,0.0003,,128.0,,False,False,True,,,,,,,,,3.341031830999706,1.810069211692996,1.5309626193067103,940.3612022115982,29.744190216064453,15.34062565267086,25.53030195261686,54.710747209487415,0.0648524743956383,0.0460945929824365,0.0667542025231905,0.0504384246095965,0.0628448734767773,0.600240042215323,114.17615023093778,0.12928299238905272,0.13304109136386386,0.12734624604757233,0.3630686152846889,0.24726105491482217
lrswm_clora_k1024_lr5e4_s44,lrswm,44.0,lrswm_clora_k1024_lr5e4,clora,0.4962,-0.3043432400638097,22.34,30.87,46.25,gsm8k,30.18,14.5,28.96,37.71,42.98,21.4521,9.6694,0.0005,,1024.0,,False,False,True,,,,,,,,,2.464094345042527,1.8520239240816387,0.612070420960888,424.9128067690585,21.456695556640625,9.670600449293852,10.24609403578034,24.939093167762177,0.0575148613154062,0.0472369263394016,0.0616434974456778,0.0495462679119105,0.0552995824233085,0.5782190228468923,79.19056207697017,0.04880156981604433,0.0454863400447368,0.07150869427642054,0.47364387250564444,0.3605595233571539
lrswm_lora_r16_lr1e4_s44,lrswm,44.0,lrswm_lora_r16_lr1e4,lora,0.3184,-0.4970269409343685,25.06,33.14,42.53,gsm8k,33.11,17.0,29.13,43.43,43.02,17.1395,6.0466,0.0001,,,16.0,False,False,True,,,,,,,,,2.080717501356621,1.810069211692996,0.2706482896636257,124.63201145631508,17.168222427368164,6.049093353748321,2.512966702380777,6.80653458149207,0.0687232276634482,0.0523510757001911,0.0931559467714838,0.0499282853303843,0.0704828195805795,0.5789468593764152,101.29346094299056,0.1046075002350393,0.11423790990067594,0.08877279397502567,0.4154990705728411,0.2768827253164181
lrswm_clora_k1024_lr1e4_s44,lrswm,44.0,lrswm_clora_k1024_lr1e4,clora,0.2032,-0.6920762963881184,25.54,33.03,44.12,gsm8k,33.5,17.59,27.7,44.11,42.27,10.5786,3.8221,0.0001,,1024.0,,False,False,True,,,,,,,,,1.987726914585816,1.810069211692996,0.1776577028928199,110.2658712800532,10.58021068572998,3.823643383011222,4.405620463329548,15.765660921166242,0.0618389401945045,0.0542185401018671,0.0744256850096667,0.0514397345048171,0.0596563481272449,0.5733756917932442,78.37129547621925,0.05190874738097796,0.0483972082124587,0.06647354044312342,0.5104102353420965,0.3228102686213434
qwswm_milora_r32_lr5e4_s44,qwswm,44.0,qwswm_milora_r32_lr5e4,milora,0.297,-0.5272435506827877,39.75,50.27,67.02,gsm8k,45.32,34.19,66.65,51.19,54.02,18.5357,5.7994,0.0005,,,32.0,False,False,True,,,,,,,,,,,,280.77314409333667,18.53559112548828,5.8002967353378025,14.851803475363631,29.80278100210792,0.0893534313054249,0.1776717660488596,0.0566392995170971,0.128108627575438,0.0608463760318364,0.5373539804490571,72.75841275960389,0.14728909234532228,0.018407010894771154,0.01594570586278827,0.44793331666718544,0.37042487422993287
lrswm_dora_r16_lr2e5_s42,lrswm,42.0,lrswm_dora_r16_lr2e5,dora,0.3267,-0.4858508655245626,25.18,33.8,33.28,gsm8k,33.96,16.41,30.55,46.67,41.43,7.1279,2.0826,2e-05,,,16.0,False,False,True,,,,,,,,,1.9189572264331936,1.8520239240816387,0.066933302351555,33.11993345860088,7.146727561950684,2.084588767960668,1.2923299635100218,2.340622575285757,0.0591801964418367,0.0497920476138975,0.1763405685185214,0.0505614951045534,0.0862495002371706,0.565194600551219,66.78677292073732,0.09773952020813297,0.12675611006820517,0.08317553410749037,0.605235453287707,0.08709338232846447
frm_milora_lr5e4_c256_s44,frm,44.0,frm_milora_lr5e4_c256,milora,2.6923,0.4301234512002894,5.61,21.67,50.95,math_faithful,11.2,0.03,23.27,25.26,48.59,330.011,36.4541,0.0005,,,,False,False,True,,,,,,,,,5.962066925695594,1.810069211692996,4.151997714002598,2375.462965552076,330.0030517578125,36.454166972637175,29.57321991400502,56.20537719980448,0.0813828558272194,0.0469955818362529,0.0818568788976536,0.0584777552378736,0.0809582131362065,0.5798964481583732,82.50091067334998,0.16211431316439495,0.15534662079558015,0.14471403212716624,0.3457111214723633,0.19211391244049542
lrswm_lora_r16_lr2e5_s42,lrswm,42.0,lrswm_lora_r16_lr2e5,lora,0.3309,-0.4803032328401469,26.07,33.91,33.89,gsm8k,34.94,17.2,30.4,46.08,40.95,6.9483,2.0766,2e-05,,,16.0,False,False,True,,,,,,,,,1.9127797898096408,1.8520239240816387,0.0607558657280018,33.150829391102945,6.9657745361328125,2.078423839434981,1.3151479045550043,2.4023813317589497,0.0596176157303631,0.050716416198109,0.1744763075808479,0.0497926986941523,0.0859965465335078,0.5665619838481867,69.3274267786773,0.09356451892830411,0.13093583922987653,0.08374662208311309,0.5946611002802618,0.09709191947844462
lrswm_sclora_r32_lr1e4_s43,lrswm,43.0,lrswm_sclora_r32_lr1e4,sclora,0.3906,-0.4082677610481644,22.53,32.24,59.36,math_faithful,30.32,14.74,29.14,41.72,45.28,9.8388,3.4728,0.0001,,,32.0,False,False,True,,,,,,,,,2.1463121395241505,1.810069211692996,0.3362429278311547,145.139948140522,9.840492248535156,3.473185317963362,11.474711538620328,35.54048223410675,0.1019996621292409,0.0374388451651419,0.5030430748349557,0.0104789595548358,0.1833856173062955,0.5231460534790824,122.85292579227362,0.2072948686250609,0.1956602657196277,0.06694882672191742,0.37231180082559556,0.15778423810779849
qwswm_lorawd_wd0p3_lr2e5_s44,qwswm,44.0,qwswm_lorawd_wd0p3_lr2e5,lorawd,0.0379,-1.4213607900319276,43.38,53.42,57.47,gsm8k,47.41,39.35,72.16,50.94,57.25,2.4027,0.5557,2e-05,0.3,,,False,False,True,,,,,,,,,1.954158347808049,1.9346918347336524,0.0194665130743969,13.155535246605124,2.405874013900757,0.556014488105263,3.4033082339586693,13.666612852668472,0.1242600053827875,0.107779097700609,0.0904676337726699,0.0552701321814931,0.0815067745976129,0.5226684031822542,55.09238252642573,0.11483100324465913,0.020913827822723254,0.013314489824684328,0.6375479895531168,0.2133926895548167
qwsw_lorawd_wd0p3_lr2e4_s43,qwsw,43.0,qwsw_lorawd_wd0p3_lr2e4,lorawd,0.1816,-0.7408841558149337,39.76,47.59,85.88,cs,45.4,34.12,70.6,40.78,47.05,12.4385,4.427,0.0002,0.3,,,False,False,True,62.29,88.63,80.04,95.47,87.37,95.2,87.8,90.2,2.113493893680148,1.9346918347336524,0.1788020589464958,160.7307734974903,12.435505867004396,4.427981261696134,6.863909986468262,19.88616657144918,0.1157779808477641,0.0915454967359775,0.0759755433620714,0.0449476006209158,0.0730368505917238,0.5430701326401329,63.6306465208541,0.08467216772009015,0.011410266761874498,0.00971630151803157,0.49309299302001486,0.40110827097998897
qwsw_milora_r32_lr5e5_s43,qwsw,43.0,qwsw_milora_r32_lr5e5,milora,0.1295,-0.8877302315827293,39.42,50.37,86.9,cs,46.89,31.96,70.94,53.07,48.98,6.5251,1.5986,5e-05,,,32.0,False,False,True,72.08,90.59,80.09,94.72,83.03,95.33,88.74,90.6,2.11507770439978,1.9346918347336524,0.1803858696661278,49.652400575941,6.526878356933594,1.5989117171083178,7.302481813338949,24.518854626792866,0.0470211548734111,0.4749666604738555,0.064411279770955,0.2770275581085801,0.0426384650048044,0.5403344220691255,67.24918253712926,0.08089022161405768,0.015171891946319701,0.03293652722055369,0.4451849485926529,0.42581641062641595
qwsw_lora_r16_lr2e4_s42,qwsw,42.0,qwsw_lora_r16_lr2e4,lora,0.2626,-0.5807052782465394,37.67,46.55,86.78,cs,43.03,32.31,68.09,42.83,46.48,23.9483,8.2027,0.0002,,,16.0,False,False,True,73.82,89.5,79.17,94.88,85.95,94.23,87.29,89.4,,,,250.1306523872398,23.959115982055664,8.209623445783343,4.827059264908628,11.714989627787077,0.1133720358970169,0.0911711339773088,0.0700886647493377,0.0463360085761377,0.0704238867790573,0.5326682448784196,65.82942751120662,0.09896569070934515,0.012141885253632688,0.009864289962647182,0.49930303793009484,0.37972509614428035
qwsw_lorawd_wd0p3_lr3e4_s43,qwsw,43.0,qwsw_lorawd_wd0p3_lr3e4,lorawd,0.2097,-0.6784015695346561,41.44,47.16,86.99,cs,46.63,36.24,70.34,38.48,44.12,12.2293,4.5059,0.0003,0.3,,,False,False,True,73.7,89.77,80.96,95.56,86.58,94.15,87.03,88.2,2.1393137107339557,1.9346918347336524,0.2046218760003029,195.0556085294214,12.2454833984375,4.50667670411723,9.639109061127384,23.5856532056216,0.1153131666587965,0.0910271168357523,0.0746187975123621,0.0443627217520148,0.0724665481364738,0.546181696168608,63.61992517762372,0.087820361895727,0.011742846611289687,0.009706214765572171,0.4933368083406125,0.39739376838679885
qwsw_lora_null_r16_lr3e4_s44,qwsw,44.0,qwsw_lora_null_r16_lr3e4,lora_null,0.2693,-0.5697636465884897,37.7,45.24,76.54,cs,45.37,30.04,68.26,39.93,42.58,19.2533,7.5458,0.0003,,,16.0,False,False,True,73.21,84.49,79.12,28.9,84.53,90.07,83.79,88.2,2.2700915034344256,1.9346918347336524,0.3353996687007732,287.3372562389511,19.249549865722656,7.5474767352853505,7.68743482071513,15.315673748071642,0.1440014335366531,0.0797853834100066,0.0762146353725624,0.0799410449067124,0.084382541536721,0.5515242137711295,65.09589449447107,0.10073686760871482,0.013823529998536917,0.009789779951678942,0.5089840747653328,0.36666574767573645
qwswm_lorawd_wd0p3_lr1e3_s42,qwswm,42.0,qwswm_lorawd_wd0p3_lr1e3,lorawd,15.7605,1.1975699913132083,0.0,20.28,0.0,gsm8k,0.0,0.0,24.92,27.3,49.2,1425.5997,41.7707,0.001,0.3,,,True,False,True,,,,,,,,,,,,1860.710407381228,1425.93505859375,41.80713022101138,1.0589337332148174,1.1603283642396134,0.1683622465457381,0.2063633216774079,0.1039338951806521,0.0648665649017053,0.1101916400633064,0.9604315896107322,2.5191769133624256,0.5891142139922759,0.1963796534701949,0.03930437165695067,0.1456268511523469,0.02957490972823138
lrsw_lora_null_r16_lr1e4_s42,lrsw,42.0,lrsw_lora_null_r16_lr1e4,lora_null,0.2243,-0.6491707264170322,27.42,36.56,47.29,cs,35.65,19.2,47.54,44.54,35.89,9.1964,3.7908,0.0001,,,16.0,False,False,True,52.78,66.87,31.47,33.53,71.19,44.87,41.04,36.6,1.9436718973071123,1.8520239240816387,0.0916479732254738,111.16265909472796,9.20600128173828,3.791239795088768,5.5691220813346565,16.742437112682996,0.1497530636248596,0.0314374966603392,0.0838179480233946,0.0552036983959692,0.109986483164738,0.5464515595420778,116.25220254975727,0.13027325391748143,0.12952653714857534,0.08490142221093827,0.3939621726549974,0.26133661406800757
frc_milora_lr2e4_c256_s43,frc,43.0,frc_milora_lr2e4_c256,milora,0.5202,-0.283829652140146,24.16,33.08,80.19,cs,31.22,17.1,42.02,39.33,35.72,36.3879,15.0914,0.0002,,,,False,False,True,71.25,83.62,78.61,90.06,82.56,85.35,69.71,80.4,2.206997280840006,1.810069211692996,0.39692806914701,400.3502824791923,36.387428283691406,15.093638241291046,5.756912787958296,15.936990856087888,0.0674049649848605,0.0685231079456982,0.0706154777672292,0.1198987138790053,0.0649004322958082,0.5422331747532285,133.53310577544227,0.16492510571768537,0.19227919048122188,0.09359465733823727,0.313506482746925,0.2356945637159305
lrsw_lorawd_wd0p3_lr3e4_s43,lrsw,43.0,lrsw_lorawd_wd0p3_lr3e4,lorawd,0.3499,-0.4560560575170935,26.64,34.3,79.61,cs,34.23,19.04,45.61,40.19,32.41,26.4847,7.1276,0.0003,0.3,,,False,False,True,62.23,82.7,80.25,91.59,82.48,85.98,69.45,82.2,1.997637208817239,1.810069211692996,0.1875679971242432,234.83436080613225,26.48444175720215,7.129373006522656,6.920613789277418,19.38556450393637,0.071881124587405,0.0474148420346614,0.0839771660041214,0.0483696093289566,0.070899436238565,0.544011658195875,119.22622268574963,0.12664515171280527,0.1500619004601498,0.09662021360739809,0.3512125211534429,0.27546021306620383
frm_sclora_lr1e4_c256_s43,frm,43.0,frm_sclora_lr1e4_c256,sclora,0.8535,-0.0687964745492475,18.11,27.63,61.03,math_faithful,27.4,8.83,23.87,35.15,42.89,39.5431,9.162,0.0001,,,,False,False,True,,,,,,,,,3.0188906520857137,1.8520239240816387,1.166866728004075,542.3661141750941,39.54452133178711,9.162318581342696,23.7967316658614,62.95756517465348,0.0818972148723044,0.0420188584479867,0.4093832306137321,0.0124226747835943,0.1678959353630778,0.5158747142428934,122.9800642430571,0.2084857897945064,0.18623603920067006,0.07400128768364193,0.38009891576642196,0.1511779675547596
frc_lora_r8_lr3e4_c256_s43,frc,43.0,frc_lora_r8_lr3e4_c256,lora,0.5068,-0.2951633937885962,24.95,32.98,78.95,cs,32.47,17.43,40.9,37.71,36.41,43.7104,16.5702,0.0003,,,8.0,False,False,True,71.9,82.7,79.79,82.47,81.77,83.54,69.2,80.2,2.083911906542193,1.810069211692996,0.2738426948491972,375.13086268629627,43.7655029296875,16.575232738256453,3.1561595603466577,6.156385270597848,0.0670175708940822,0.0462785385533812,0.0752829755738215,0.0489828728249401,0.0662531203587452,0.5439170513032775,128.32704014129052,0.1443902596920675,0.1620032805336461,0.10115282585487415,0.3276153004745862,0.2648383334448261
qwswm_lora_r16_lr5e5_s42,qwswm,42.0,qwswm_lora_r16_lr5e5,lora,0.0517,-1.2865094569060576,43.56,53.33,62.4,gsm8k,47.21,39.91,72.09,50.77,56.67,3.8444,1.0801,5e-05,,,16.0,False,False,True,,,,,,,,,,,,25.500941959965253,3.848068237304688,1.0808496040957314,3.270226546368853,9.027241812822508,0.1245899640164987,0.1049219143520037,0.0807751187592946,0.0523888752408116,0.078958374125909,0.5264944299632209,62.28996287977713,0.11040668445435102,0.01859169716979155,0.013021831435338967,0.5759551872319292,0.2820245997085893
frc_clora_k512_lr3e4_c256_s45,frc,45.0,frc_clora_k512_lr3e4_c256,clora,0.502,-0.2992962828549806,24.16,31.47,79.49,cs,32.04,16.29,39.12,36.86,33.06,24.5229,11.1135,0.0003,,512.0,,False,False,True,71.8,83.41,79.43,89.41,81.53,82.87,68.86,78.6,2.296244223740336,1.810069211692996,0.48617501204734,427.056839490937,24.52274513244629,11.114915603399275,8.383942808382479,23.418004666902824,0.060981358813767,0.0464943831947653,0.0653463448502662,0.0488910081031034,0.0588723382677348,0.5497431230096572,96.39492982724775,0.07079461702609381,0.06987922571997554,0.09053152484296215,0.42636329735902523,0.34243133505194334
frm_lorawd_wd0p2_lr5e4_c512_s43,frm,43.0,frm_lorawd_wd0p2_lr5e4_c512,lorawd,0.5629,-0.2495687513397978,23.1,30.87,64.52,math_faithful,30.73,15.47,30.7,37.8,39.63,62.4313,6.9345,0.0005,0.2,,,False,False,True,,,,,,,,,2.295273541591932,1.810069211692996,0.4852043298989363,373.239602859791,62.43124771118164,6.93479564934969,21.856809230790077,49.85503649099165,0.0801335992090552,0.0453809576341958,0.0898102022185471,0.0477407755751332,0.0786774766066217,0.5545450257138477,105.16961167594158,0.14263195985752614,0.16614433947210225,0.10177584819775312,0.34401521321810025,0.24543263925451822
frc_lorawd_wd0_lr5e4_c256_s43,frc,43.0,frc_lorawd_wd0_lr5e4_c256,lorawd,1.1542,0.0622810699726438,17.51,24.69,73.49,cs,26.88,8.14,23.01,32.94,32.48,153.1895,22.5878,0.0005,0.0,,,False,False,True,68.1,78.07,78.86,77.49,77.98,74.07,57.17,76.2,2.8223460397372397,1.810069211692996,1.0122768280442436,972.5457294723304,153.18605041503906,22.590540498495105,13.089032290458734,26.36528194306241,0.0736590053633289,0.045801907587142,0.0678433347509197,0.0510147788847267,0.0673506555617083,0.5178968679782339,123.31780055814265,0.20851094391407146,0.2277252723176148,0.1214388676722176,0.25504183511710093,0.18728308097899515
qwsw_clora_k1024_lr2e5_s43,qwsw,43.0,qwsw_clora_k1024_lr2e5,clora,0.0832,-1.079876673709276,37.9,51.07,84.08,cs,45.92,29.89,71.23,58.02,50.3,4.4957,1.0588,2e-05,,1024.0,,False,False,True,62.35,88.68,79.32,89.23,83.82,93.81,87.2,88.2,1.9963763936370789,1.9346918347336524,0.0616845589034265,25.641487035752466,4.496969223022461,1.0595146114692655,2.1124575838614934,7.27012766137503,0.0528725178034377,0.0393322321117439,0.0878191886821322,0.0598871339465452,0.052008886536919,0.5630175727707636,40.320975884425515,0.06194229461286014,4.691353940064127e-09,6.931890826364502e-09,0.7671224996437013,0.17093519412019378
frc_lorawd_wd0p2_lr1e3_c256_s43,frc,43.0,frc_lorawd_wd0p2_lr1e3_c256,lorawd,0.6321,-0.1992142096722373,24.02,31.03,79.82,cs,31.9,16.15,35.15,37.71,34.23,59.3315,9.51,0.001,0.2,,,False,False,True,71.1,82.7,80.6,89.56,81.93,83.04,68.26,81.4,2.151326461828573,1.810069211692996,0.3412572501355775,422.0933046902252,59.3304328918457,9.511450278759003,13.525618180598016,27.253915783018204,0.0765580539058368,0.0451734827103667,0.0807468765575767,0.0483708765872929,0.0745646466679616,0.5298979060327275,118.97300908761166,0.16855365495074848,0.19354060147480734,0.11844428287505755,0.29536905844462685,0.2240924022547599
lrsw_lora_r16_lr2e5_s43,lrsw,43.0,lrsw_lora_r16_lr2e5,lora,0.2249,-0.6480105445643678,26.6,36.51,62.24,cs,33.84,19.35,44.96,46.16,38.25,4.8921,1.9412,2e-05,,,16.0,False,False,True,51.59,73.88,68.27,37.14,58.96,77.19,60.07,70.8,1.8581929820647831,1.810069211692996,0.0481237703717873,30.458935133341264,4.9011969566345215,1.943097174912691,1.2645595553330873,2.2419423639049048,0.0621633201008241,0.0476344658907463,0.1348617249255115,0.0617946329623683,0.0801856216950449,0.5509221219217819,74.18821059244918,0.08330981558617051,0.10977554435823855,0.08734376253785067,0.6078539553365935,0.1117169221811468
lrswm_sclora_r32_lr3e4_s44,lrswm,44.0,lrswm_sclora_r32_lr3e4,sclora,0.7064,-0.1509493094304878,19.3,28.51,57.16,math_faithful,28.75,9.84,24.01,36.26,43.67,18.2789,7.8619,0.0003,,,32.0,False,False,True,,,,,,,,,2.633939188366392,1.810069211692996,0.8238699766733963,374.1978613599612,18.278823852539062,7.8625416025519375,14.22603399155376,35.41790806095053,0.10133638810603,0.0396151801178341,0.3936893319005169,0.019872984718896,0.1647582034596241,0.540256202169502,129.39450751456693,0.19598724941594786,0.1839233757352975,0.07851697788226167,0.34275426182238095,0.19881813514411195
frc_lora_r32_lr3e4_c256_s42,frc,42.0,frc_lora_r32_lr3e4_c256,lora,0.7393,-0.1311792938024826,22.19,29.82,73.46,cs,30.86,13.52,32.89,37.2,34.62,60.154,17.637,0.0003,,,32.0,False,False,True,70.95,81.66,79.17,47.88,81.45,80.43,66.55,79.6,2.4503866519613258,1.8520239240816387,0.598362727879687,593.0909417841382,60.15299224853516,17.639408084750176,7.536649904388737,21.47571688657108,0.0693250151169291,0.0461882305092527,0.070362224697883,0.049990004984225,0.0656218512173758,0.5377174413929358,133.96456993384967,0.1696622685481377,0.18891637805510586,0.10578993010655889,0.30281194662265437,0.23281947666754327
frc_lorawdr16_wd0p3_lr3e4_c256_s43,frc,43.0,frc_lorawdr16_wd0p3_lr3e4_c256,lorawdr16,0.3336,-0.4767739580342989,27.25,35.84,71.95,cs,34.79,19.71,46.82,41.47,36.41,18.3984,6.8558,0.0003,0.3,,,False,False,True,62.17,81.77,78.81,85.69,83.27,60.82,56.66,66.4,1.942936560911482,1.810069211692996,0.1328673492184864,188.15928698760413,18.42728805541992,6.86176868379116,4.521827150580712,10.910365083181524,0.0710243926431575,0.0480730306105338,0.0877334577465051,0.0483059082483549,0.0713485501879617,0.5460344199489005,115.40596643570292,0.11356422448945111,0.13086632956166921,0.09638129203947252,0.37190733439860973,0.2872808195107973
frc_lorawd_wd0p3_lr2e5_c256_s42,frc,42.0,frc_lorawd_wd0p3_lr2e5_c256,lorawd,0.214,-0.6695862266508091,26.52,36.35,23.5,cs,33.77,19.27,46.16,46.5,36.04,5.2881,2.1264,2e-05,0.3,,,False,False,True,56.02,13.17,35.21,15.55,4.34,24.79,26.28,12.6,2.125922977971927,1.8520239240816387,0.2738990538902883,35.671465758865004,5.290235996246338,2.128042500838637,1.4895409501807095,3.61618314510707,0.0642521784568281,0.047961960134317,0.1298652960340189,0.0630350129220059,0.0802251986064597,0.5600928217408262,75.0991073678905,0.08221927338887976,0.10755029597830804,0.09052212588060449,0.5928506983709021,0.12685760638130578
frm_lorawd_wd0p1_lr7e4_c256_s43,frm,43.0,frm_lorawd_wd0p1_lr7e4_c256,lorawd,1.2164,0.0850764114720945,17.86,26.91,57.01,math_faithful,26.75,8.97,24.33,30.29,44.22,100.619,13.8827,0.0007,0.1,,,False,False,True,,,,,,,,,3.467113732262028,1.810069211692996,1.6570445205690325,840.4923832610343,100.6164093017578,13.883026173710824,26.522821602020173,54.494538163207295,0.0806148360674769,0.0450804588981392,0.0922591582932063,0.0479016653800981,0.0829609665360664,0.5519218024175538,92.64436340175227,0.1568638676386749,0.15159434838300243,0.12307158125958996,0.3546139389723312,0.2138562637464016
qwsw_dora_r16_lr2e5_s42,qwsw,42.0,qwsw_dora_r16_lr2e5,dora,0.1084,-0.964970717797632,37.67,49.97,86.11,cs,46.17,29.18,71.56,54.61,48.31,4.6738,1.2232,2e-05,,,16.0,False,False,True,66.15,89.34,79.27,94.24,85.24,95.45,89.16,90.0,,,,23.76113411592077,4.6818928718566895,1.224660653195211,1.6039943000152417,3.560285359204591,0.1008212191342525,0.0893680584246734,0.1153556646855457,0.0609917908075791,0.0777850369884442,0.5518173138471544,38.83114754017275,0.07247345221975403,0.009135860043365661,0.007129813078205438,0.7786951547473346,0.13256571991134025
lrsw_clora_k1024_lr1e4_s45,lrsw,45.0,lrsw_clora_k1024_lr1e4,clora,0.2137,-0.6701954778359306,26.59,36.15,27.63,cs,33.87,19.31,47.66,43.09,36.83,12.42,4.8934,0.0001,,1024.0,,False,False,True,29.51,19.48,37.15,34.47,2.05,34.47,30.55,33.4,2.0403210007574097,1.8520239240816387,0.188297076675771,131.22202772684096,12.432546615600586,4.894570638239384,3.7476194105359215,13.700977787105034,0.0622402384298983,0.0516855054660222,0.0738765591468829,0.051562263835145,0.0605291498595443,0.5474360680104481,83.30500247578883,0.053777763477420616,0.048582887863829,0.06880331043420429,0.4975698648169626,0.3312661734075834
qwsw_milora_r32_lr2e4_s45,qwsw,45.0,qwsw_milora_r32_lr2e4,milora,0.2874,-0.5415132362017931,36.76,44.96,86.6,cs,42.91,30.61,66.39,39.42,45.46,15.5036,5.6218,0.0002,,,32.0,False,False,True,73.3,89.5,79.68,94.89,84.14,94.74,86.52,90.0,2.408139167474133,1.9346918347336524,0.4734473327404811,217.47908562511003,15.501022338867188,5.622372551901,9.69598280484661,25.422530802650936,0.0780460896288969,0.2617977464284952,0.0612198917287614,0.1651071620332638,0.0583094340690895,0.5379438150230379,70.48417083177466,0.1132129531197495,0.013917974361032889,0.019015379873215894,0.4272176067488709,0.426636085897131
qwsw_lora_r16_lr1e3_s44,qwsw,44.0,qwsw_lora_r16_lr1e3,lora,0.8609,-0.0650472921821419,6.02,21.58,72.59,cs,11.93,0.11,24.48,30.8,40.6,112.5974,20.86,0.001,,,16.0,False,False,True,66.61,79.33,76.36,75.82,77.11,69.15,55.72,80.6,3.22347943445354,1.9346918347336524,1.2887875997198877,904.5996540128032,112.59574127197266,20.860004199402677,10.371544241103877,15.27382046731722,0.121094786628238,0.0927909371483842,0.0670136000737157,0.0509338465099686,0.0783889931967076,0.46189777832265977,74.04716389084506,0.29414649675762705,0.013207537476399245,0.009363954950794813,0.42329515402033324,0.2599868567948458
qwswm_milora_r32_lr2e5_s43,qwswm,43.0,qwswm_milora_r32_lr2e5,milora,0.0469,-1.3288271572849168,43.3,53.43,44.58,gsm8k,46.08,40.53,72.07,51.79,56.66,1.3732,0.3676,2e-05,,,32.0,False,False,True,,,,,,,,,1.9329557776889112,1.8790178806577968,0.0539378970311144,11.804065095691886,1.373526930809021,0.3676596800131457,7.768868647717239,28.87909209575602,0.0366590413239561,0.5715004297302485,0.060161378055941,0.3705829876548162,0.0262358794945224,0.5290738372802037,65.59715704905152,0.040707485583890035,0.02202214444677372,0.04753737854229888,0.4162223346393137,0.4735106567877238
qwswm_sclora_r32_lr5e5_s42,qwswm,42.0,qwswm_sclora_r32_lr5e5,sclora,0.107,-0.9706162223147904,43.95,53.78,76.35,gsm8k,47.96,39.94,71.62,54.52,54.86,3.0754,0.919,5e-05,,,32.0,False,False,True,,,,,,,,,,,,46.22693285458266,3.0759100914001465,0.9190523394516537,14.36362526387377,38.53886938527906,0.1543108027602641,0.1030295528392541,0.3926360697696174,0.0242009526798313,0.1708057043707179,0.5225603465184387,56.2152553224699,0.1049660166571026,0.022441648793861037,0.02163243470849334,0.6556745573226701,0.19528534251787305
frc_milora_lr2e4_c256_s45,frc,45.0,frc_milora_lr2e4_c256,milora,0.537,-0.2700257143004443,25.12,32.91,72.82,cs,32.79,17.45,43.73,37.12,33.46,39.3353,15.1453,0.0002,,,,False,False,True,40.55,83.79,69.55,85.05,72.85,83.08,68.69,79.0,2.2177196020515866,1.810069211692996,0.4076503903585908,400.9289477520404,39.33525085449219,15.147343236207965,5.719724668268509,15.922575015453056,0.0682670766901685,0.068381525083845,0.0704901203802402,0.1195846138701911,0.0651830359489375,0.5406763977701219,132.82762396045555,0.1643973341419717,0.19090825369966985,0.09357560413338409,0.3156921499038281,0.23542665812114638
frm_lorawd_wd0p1_lr5e4_c512_s42,frm,42.0,frm_lorawd_wd0p1_lr5e4_c512,lorawd,0.918,-0.0371573187987575,20.01,29.24,64.52,math_faithful,28.71,11.3,26.88,33.45,45.85,86.1062,11.4263,0.0005,0.1,,,False,False,True,,,,,,,,,2.7838834770622456,1.8520239240816387,0.9318595529806069,672.8005339051026,86.10332489013672,11.426521554589272,25.809250890651654,54.315494541658985,0.0783604026574157,0.0451896565365775,0.0844876846789648,0.0486127217651858,0.0771778910726066,0.5526662348342193,106.18439748182638,0.16734366421126406,0.16997274151274505,0.11901303228659575,0.3273217182505189,0.21634884373887614
qwswm_lorawd_wd0p3_lr5e5_s43,qwswm,43.0,qwswm_lorawd_wd0p3_lr5e5,lorawd,0.0473,-1.3251388592621884,43.62,53.61,61.87,gsm8k,46.92,40.31,71.92,51.88,57.04,3.5733,1.0122,5e-05,0.3,,,False,False,True,,,,,,,,,1.9695485898396237,1.9346918347336524,0.034856755105971,27.04583384202429,3.574488878250122,1.012652554575886,4.590815505607578,17.21594595544558,0.1267619206769073,0.1067506121075405,0.0747936224614535,0.0529794475338583,0.0781074443387278,0.522241225102187,64.7520303230684,0.11623976008343732,0.019599062273708126,0.014430914381601889,0.5541345934902276,0.29559566977102525
frm_lorawd_wd0p1_lr2e4_c256_s43,frm,43.0,frm_lorawd_wd0p1_lr2e4_c256,lorawd,0.5083,-0.2938798902972964,24.18,31.86,65.2,math_faithful,32.79,15.58,30.25,37.63,43.03,51.4271,8.6503,0.0002,0.1,,,False,False,True,,,,,,,,,2.3374868962331568,1.810069211692996,0.527417684540161,396.1641163157783,51.42791366577149,8.651148276031018,14.519829728392631,42.82785163455119,0.0701527804640001,0.0474882482978606,0.0750681162694517,0.0500372597341541,0.0680329514829161,0.5715980330341892,120.72493367606556,0.1533383110977767,0.17813287171979925,0.10012234852058298,0.32041311793841887,0.24799335072342232
lrswm_dora_r16_lr1e3_s43,lrswm,43.0,lrswm_dora_r16_lr1e3,dora,2.2162,0.345608950540594,19.28,26.68,33.51,gsm8k,29.38,9.19,22.99,26.88,44.98,420.4177,36.5227,0.001,,,16.0,False,False,True,,,,,,,,,4.143608802145036,1.810069211692996,2.33353959045204,1398.7460023363042,420.4073791503906,36.52120270729065,9.201462605445368,14.219974035427745,0.0950850521621579,0.0456027381331415,0.0849972542570205,0.0497605051165725,0.0862491769152721,0.4761735558668031,39.810032410099296,0.2739986865387576,0.26876697360742896,0.09829061930604441,0.21851766772903977,0.14042605281872927
frm_lorawd_wd0p1_lr5e4_c256_s43,frm,43.0,frm_lorawd_wd0p1_lr5e4_c256,lorawd,0.941,-0.0264103765727431,20.07,28.63,60.35,math_faithful,30.07,10.06,25.91,31.06,46.05,103.3963,11.8789,0.0005,0.1,,,False,False,True,,,,,,,,,2.839379289797673,1.810069211692996,1.0293100781046778,684.6990871432689,103.39370727539062,11.87923304438591,25.32389009698453,53.903182899617946,0.0788600360265711,0.0452374133348906,0.0845846563723716,0.0485869875664571,0.0776550761039167,0.5503488800900228,104.4133742901582,0.16357279087459536,0.1753774288343377,0.11975053383962649,0.3232897267586019,0.21800951969283855
frc_sclora_lr5e4_c256_s45,frc,45.0,frc_sclora_lr5e4_c256,sclora,1.4302,0.1553967737048507,14.91,24.8,69.05,cs,23.13,6.69,22.92,33.62,37.64,177.7115,22.232,0.0005,,,,False,False,True,65.29,74.21,76.51,67.02,74.66,69.82,55.46,69.4,3.1958222789087607,1.810069211692996,1.385753067215765,1118.359681281179,177.70559692382812,22.233742010593414,17.352618632735837,31.70240076041348,0.0799520379757769,0.0438820447126383,0.1811373241339976,0.0355813023208166,0.1150044856802206,0.5009842988307781,117.41267304949073,0.2326330077492199,0.22634985137980645,0.10547649403567097,0.280185977946365,0.15535466888893773
frc_lorawd_wd0p1_lr1e4_c256_s43,frc,43.0,frc_lorawd_wd0p1_lr1e4_c256,lorawd,0.272,-0.5654310959658013,26.7,35.91,80.89,cs,33.48,19.91,47.53,41.89,36.74,18.5424,7.108,0.0001,0.1,,,False,False,True,72.35,84.11,78.25,90.43,83.5,84.76,70.9,82.8,1.9576008136003145,1.810069211692996,0.1475316019073185,160.46318405444032,18.5681266784668,7.109349381923676,3.1096454742449717,10.98983448269571,0.0707891636014649,0.0493842456052281,0.0867907968076563,0.0500164628661688,0.0707505881006629,0.5380035551484185,113.56953978418252,0.11538992759255338,0.12020592714880264,0.09640748347417236,0.3983787374970575,0.26961792428741427
qwsw_clora_k1024_lr3e4_s42,qwsw,42.0,qwsw_clora_k1024_lr3e4,clora,0.2865,-0.5428753736965912,36.65,44.75,86.12,cs,42.34,30.95,65.9,39.08,45.5,24.4184,6.7247,0.0003,,1024.0,,False,False,True,73.21,88.63,79.07,94.3,85.48,94.36,84.73,89.2,,,,355.69272132319406,24.410154342651367,6.72578961115765,11.09648074289596,25.984719747602643,0.051863640319718,0.0432068698459116,0.0568658999486115,0.044134542459783,0.0433086687184747,0.5554847853907559,55.85805168679828,0.04528067544175135,2.3545860344550705e-10,4.732079497767282e-10,0.5452097761982408,0.4095095476513413
frc_clora_k256_lr3e4_c256_s43,frc,43.0,frc_clora_k256_lr3e4_c256,clora,0.5696,-0.2444300193712,24.18,32.88,78.61,cs,32.31,16.05,40.61,38.31,37.12,27.3839,12.1964,0.0003,,256.0,,False,False,True,71.83,81.5,79.84,83.59,82.48,83.33,66.55,79.8,2.3140700907075584,1.810069211692996,0.5040008790145627,466.822218956205,27.4075984954834,12.19767756164074,8.637434339162308,23.719205522500133,0.0624530467424574,0.046075803912136,0.0663512152965877,0.0490591535456949,0.0603919626459415,0.5507536375324837,105.3892463178685,0.08898458376391927,0.0893169158167107,0.09971871563523864,0.40464247747503873,0.31733730730909265
frm_lora_null_lr2e4_c256_s44,frm,44.0,frm_lora_null_lr2e4_c256,lora_null,0.8942,-0.048565334467987,18.93,27.33,61.18,math_faithful,29.06,8.81,24.25,33.28,41.24,93.2208,13.3267,0.0002,,,,False,False,True,,,,,,,,,3.0892301652184107,1.810069211692996,1.279160953525415,793.67780729921,93.23082733154295,13.327209740877151,25.73636696448705,61.96694403014796,0.0896809312567332,0.0423615405472483,0.0939077869694246,0.0589454675804816,0.0852182805271589,0.564564904431718,125.59274185991451,0.1754112036670445,0.1909002030884172,0.099094720621623,0.33528365053973974,0.1993102220831755
lrsw_dora_r16_lr3e4_s42,lrsw,42.0,lrsw_dora_r16_lr3e4,dora,0.6833,-0.1653885792773128,23.7,31.12,64.39,cs,31.45,15.94,36.34,36.6,35.27,69.0663,17.8584,0.0003,,,16.0,False,False,True,69.79,64.25,20.01,70.56,72.06,81.31,65.96,71.2,2.277832822686176,1.8520239240816387,0.4258088986045369,481.8746936660999,69.06544494628906,17.87202807366848,4.630230913108319,11.36039840774384,0.0734673267614866,0.0461244552570832,0.0747122994904476,0.0491110947365994,0.0694506209617277,0.5346949046666685,124.42101541787586,0.1569627769114886,0.18798874156319403,0.09873182361494018,0.31198938634325646,0.24432727156712075
frc_milora_a1r_lr3e4_c256_s43,frc,43.0,frc_milora_a1r_lr3e4_c256,milora,0.5633,-0.2492602487646491,23.8,32.56,58.72,cs,31.06,16.54,41.97,37.71,35.52,38.7195,15.6158,0.0003,,,,False,False,True,66.33,82.59,44.47,79.66,65.35,51.01,43.17,37.2,2.3107260134096386,1.810069211692996,0.5006568017166428,420.17519798864606,38.72005081176758,15.61808572113514,5.8233759755036525,16.235343941331312,0.0670532974758504,0.0822662265305887,0.0727030786836131,0.0864257093258771,0.0656824088284264,0.5419400382153697,135.64693950859217,0.16791805328160314,0.19754690933803326,0.09597955391738999,0.30073076072770133,0.23782472273527228
qwswm_clora_k1024_lr1e3_s43,qwswm,43.0,qwswm_clora_k1024_lr1e3,clora,0.4335,-0.3630108981877709,31.48,42.49,70.81,gsm8k,40.09,22.86,57.71,42.24,49.54,28.2526,8.0758,0.001,,1024.0,,False,False,True,,,,,,,,,2.664865905310676,1.9346918347336524,0.7301740705770232,557.9012405068615,28.261445999145508,8.077564235998528,19.756136298051477,30.25521846427559,0.050313733653896,0.0440047674218337,0.0534261353717358,0.0453593971670688,0.04295487220014,0.5643722592855348,57.0179456510545,0.07056372214391586,1.5972267599847518e-10,5.159189462346958e-10,0.527504494238298,0.40193178294214443
lrsw_milora_r32_lr5e4_s42,lrsw,42.0,lrsw_milora_r32_lr5e4,milora,0.8396,-0.0759275700896371,20.76,28.84,76.74,cs,29.61,11.9,32.23,36.01,34.44,128.7314,20.6305,0.0005,,,32.0,False,False,True,70.12,81.99,79.53,82.85,80.58,78.79,63.48,76.6,2.5996852616355084,1.8520239240816387,0.7476613375538697,705.6000161960968,128.7319793701172,20.63196446299553,9.069614761359706,20.87166583394245,0.0706511209055946,0.060949503724314,0.0674900618969594,0.0679238217565951,0.0649434651542665,0.5230234032717554,124.97451634101657,0.20086567657336807,0.20395966995656659,0.09798676324909047,0.27767435765577575,0.21951353256519912
frc_lorawd_wd0p5_lr2e4_c256_s43,frc,43.0,frc_lorawd_wd0p5_lr2e4_c256,lorawd,0.2375,-0.6243363860391147,27.12,35.48,77.34,cs,35.36,18.89,46.03,41.72,35.42,15.1568,4.9774,0.0002,0.5,,,False,False,True,63.33,85.42,75.79,88.84,83.03,81.27,65.44,75.6,1.918406771603809,1.810069211692996,0.1083375599108131,138.32312191080086,15.170804023742676,4.9798027038574215,4.737852296618566,14.451824785628308,0.0735342859432692,0.0494690292002996,0.0929959859643785,0.0489486695249539,0.0739434716776437,0.542254778372052,111.69328933787183,0.11112536660430078,0.12431927916387367,0.09188782457710162,0.38603769154721806,0.286629838107506
frm_lorawd_wd0p2_lr3e4_c256_s43,frm,43.0,frm_lorawd_wd0p2_lr3e4_c256,lorawd,0.4257,-0.3708963498228635,24.0,32.4,64.97,math_faithful,32.96,15.04,34.07,37.46,42.45,51.0271,6.262,0.0003,0.2,,,False,False,True,,,,,,,,,2.1928812357562424,1.810069211692996,0.3828120240632466,309.86139698323683,51.02620697021485,6.262455239892006,18.015640687656145,45.66743173484665,0.075837317997383,0.0468071429288048,0.0843060578071882,0.0485220859008853,0.0740749181973178,0.5593018516692688,109.88842501024992,0.13993886509586134,0.17446751903338975,0.09651543404352861,0.3337894406957623,0.2552887411314581
lrswm_sclora_r32_lr5e5_s43,lrswm,43.0,lrswm_sclora_r32_lr5e5,sclora,0.2694,-0.5696024086130332,24.24,33.3,57.77,math_faithful,31.93,16.55,30.05,45.05,42.92,6.8016,2.2227,5e-05,,,32.0,False,False,True,,,,,,,,,1.9997299575821663,1.810069211692996,0.1896607458891708,84.4662832770198,6.801991939544678,2.223219325020909,10.046533568738168,34.14068968916807,0.1012547460662253,0.0366485035860104,0.5276226633733712,0.0088176064266245,0.1867796675508479,0.5188869153549431,118.74874579818568,0.21189869064122852,0.20293649338801734,0.06343347420101883,0.38374801620678567,0.13798332556294968
frc_clora_k512_lr3e4_c256_s42,frc,42.0,frc_clora_k512_lr3e4_c256,clora,0.5069,-0.2950777087765981,23.6,32.1,78.86,cs,31.3,15.89,42.64,37.88,32.81,24.2164,10.9874,0.0003,,512.0,,False,False,True,71.22,83.13,79.38,86.11,81.45,82.45,67.58,79.6,2.3297962392640645,1.8520239240816387,0.4777723151824258,425.9881718765362,24.215944290161133,10.988516920804978,8.542781003726393,23.43726811987103,0.0611743614276391,0.046360416953588,0.0650806471824952,0.0487932944467863,0.058820124912822,0.549396960443114,96.31995928600601,0.0715647078988231,0.06976858973278022,0.08981947212854843,0.427827188344315,0.34102004189553325
lrsw_lora_r16_lr2e4_s43,lrsw,43.0,lrsw_lora_r16_lr2e4,lora,0.4473,-0.349401101827343,25.02,34.03,80.01,cs,31.58,18.45,43.06,40.44,36.61,35.7709,12.9227,0.0002,,,16.0,False,False,True,71.9,83.08,79.07,90.8,82.16,84.34,67.92,80.8,2.1259236824106083,1.8520239240816387,0.2738997583289695,308.01416839707514,35.8186149597168,12.927741965651512,3.518788720032536,9.466022481867103,0.068084404914277,0.0470570255011252,0.0780974924175944,0.0490181590198989,0.067405026686488,0.5421475786700288,123.05840762276378,0.13293981131400634,0.14466560589252542,0.0982336342799718,0.3507297407160155,0.27343120779748087
frc_lorawd_wd0p3_lr7e4_c256_s42,frc,42.0,frc_lorawd_wd0p3_lr7e4_c256,lorawd,0.4347,-0.361810359809163,25.64,31.68,81.91,cs,32.68,18.6,34.99,37.97,34.18,40.1249,6.8704,0.0007,0.3,,,False,False,True,73.3,84.28,80.81,91.75,84.53,85.44,71.76,83.4,2.051104821719017,1.8520239240816387,0.1990808976373781,279.44374580894635,40.12441253662109,6.870842915773392,11.436669513158003,24.93778614459128,0.075629894891211,0.0456788039745338,0.0837445228489581,0.0480514803551123,0.0736161932177203,0.5419294213566032,118.76617498667638,0.14020410134156502,0.16646751210150038,0.10603883490616564,0.33425130075525933,0.25303825089550963
qwsw_lora_r16_lr5e5_s44,qwsw,44.0,qwsw_lora_r16_lr5e5,lora,0.1218,-0.9143527117031436,37.7,48.21,86.72,cs,44.19,31.21,71.54,46.5,47.62,9.3685,2.6563,5e-05,,,16.0,False,False,True,72.32,89.5,80.35,93.31,85.79,94.36,87.37,90.8,1.9554601386449777,1.8790178806577968,0.0764422579871808,56.45115712396774,9.383228302001951,2.6581824536834446,2.1809056989336715,5.725678418597515,0.111404695572137,0.0925619364539468,0.0902770977356921,0.0522173175366278,0.0752696530522664,0.5342974335370457,54.463493699386376,0.07719857501565301,0.010517572082441393,0.008884819102898539,0.6228565451052948,0.2805424886937125
frc_lorawd_wd0p3_lr1e3_c256_s44,frc,44.0,frc_lorawd_wd0p3_lr1e3_c256,lorawd,0.446,-0.3506651412878581,25.5,30.54,80.87,cs,32.73,18.28,30.39,37.8,33.52,49.3201,7.1222,0.001,0.3,,,False,False,True,71.8,82.59,80.5,92.23,83.27,84.55,70.22,81.8,2.0055050798997054,1.810069211692996,0.1954358682067096,293.8498468762172,49.319454193115234,7.122652293741703,11.649006612883529,25.50751011191056,0.0773956197012513,0.0451636552682926,0.0841141445445662,0.0478935941436757,0.0754931943770507,0.5332365379411007,113.33237193149563,0.14633419242838386,0.18157319688877216,0.11005424008026671,0.32070984165674593,0.24132852894583146
lrswm_milora_r32_lr5e5_s42,lrswm,42.0,lrswm_milora_r32_lr5e5,milora,0.2852,-0.544850478820172,25.24,33.2,36.24,gsm8k,33.11,17.37,27.55,45.48,42.51,6.3958,2.8773,5e-05,,,32.0,False,False,True,,,,,,,,,1.9751068167973496,1.8520239240816387,0.1230828927157108,55.20140822370144,6.3974690437316895,2.878057359158993,3.088366612592336,10.86060956286047,0.0537192940072807,0.2432120786316437,0.1104726650393314,0.1776126914832756,0.0691222235504553,0.5830686371591479,107.48853441558764,0.1057596626322328,0.1299766257030451,0.10196463771921425,0.4044731550975663,0.25782591884794137
frc_lora_l2_lr3e4_c256_s43,frc,43.0,frc_lora_l2_lr3e4_c256,lora,0.7153,-0.1455117749555695,22.57,30.51,77.63,cs,30.56,14.58,37.29,36.26,33.84,56.4143,17.5242,0.0003,,,,False,False,True,62.54,82.26,79.53,85.38,82.08,81.06,65.78,82.4,2.4468293970340933,1.810069211692996,0.6367601853410976,591.8852068873632,56.41366958618164,17.525307402014732,7.5469177684643265,21.56993788123892,0.0686657905725078,0.0462461893666891,0.0704594853033243,0.0495563403874171,0.0655359543277528,0.5410668078260279,134.49978593789888,0.16678194617919087,0.18803235192322454,0.10522722620435666,0.3042365794943549,0.23572189619887313
frc_lora_r32_lr3e4_c256_s45,frc,45.0,frc_lora_r32_lr3e4_c256,lora,0.7473,-0.126505017743831,21.86,30.08,78.63,cs,30.21,13.51,36.5,37.12,33.07,58.8574,17.6781,0.0003,,,32.0,False,False,True,70.43,82.64,79.84,87.21,80.9,81.52,65.87,80.6,2.420789230733542,1.810069211692996,0.6107200190405464,592.3898223705768,58.85706329345703,17.68069359064102,7.415228310544699,21.471589481105465,0.0691554457527929,0.0464993721144412,0.0703244061849099,0.0497316184417921,0.0655430433839355,0.5400035182389329,134.62253450969385,0.16779251770779058,0.1881036854403954,0.10564573992998423,0.30315237680517093,0.23530568011665887
frc_milora_lr1e4_c256_s43,frc,43.0,frc_milora_lr1e4_c256,milora,0.3179,-0.4977094720852271,25.94,36.02,76.2,cs,33.45,18.43,47.61,43.52,37.1,20.7333,8.7584,0.0001,,,,False,False,True,64.1,82.37,79.02,75.33,81.37,84.43,68.77,74.2,2.136634329803245,1.810069211692996,0.3265651181102498,188.0627240219142,20.73350715637207,8.760231494903564,3.8753073138496936,12.103279971314985,0.0675910335057988,0.0946872726724957,0.0781002032557263,0.1776777866982802,0.0677956664737371,0.5520908716686539,127.45985324267744,0.1499145759521392,0.16500001989312474,0.11358376221671942,0.34986861318056073,0.22163302875745589
frm_lorawd_wd0p5_lr1e3_c256_s44,frm,44.0,frm_lorawd_wd0p5_lr1e3_c256,lorawd,54.0399,1.732714536695508,0.0,19.9,1.74,math_faithful,0.0,0.0,22.8,26.88,49.8,2513.2932,93.7435,0.001,0.5,,,True,False,True,,,,,,,,,15.888584225294789,1.810069211692996,14.078515013601791,3470.94982438778,2519.82958984375,93.84183261990547,1.0326232424896555,1.0901518563778778,0.0584294826499138,0.0551986838393469,0.0891953509332979,0.0552665073234214,0.0687355030752649,0.9725814097664193,2.823844845262195,0.1992671402983144,0.20127742597232914,0.05156173183007307,0.5357711244170545,0.01212257748222902
frc_lorawd_wd0p5_lr1e4_c256_s44,frc,44.0,frc_lorawd_wd0p5_lr1e4_c256,lorawd,0.2097,-0.6784015695346561,27.86,36.57,62.96,cs,35.4,20.32,46.86,43.86,36.4,13.5993,4.5057,0.0001,0.5,,,False,False,True,60.18,57.13,35.31,70.95,83.9,67.55,51.88,76.8,1.8955385936438869,1.810069211692996,0.0854693819508911,101.18550802523524,13.620782852172852,4.506801911443472,2.992190581206465,9.488969930873113,0.0725026456029926,0.0512440596117219,0.0972307995587942,0.0512731622374432,0.0741448744152094,0.5393242952842346,104.98320587446969,0.10299160381116013,0.10906167999314068,0.09193672633716321,0.42764174507081293,0.26836824478772314
frc_lorawd_wd0p1_lr2e4_c256_s45,frc,45.0,frc_lorawd_wd0p1_lr2e4_c256,lorawd,0.4239,-0.3727365834317789,25.22,32.63,80.83,cs,33.39,17.06,39.09,38.99,34.63,31.6792,10.7441,0.0002,0.1,,,False,False,True,71.93,83.41,79.89,89.63,83.43,85.23,71.93,81.2,2.1006369335717663,1.810069211692996,0.2905677218787705,302.9656072697903,31.71055793762207,10.749254393577576,5.001760203961824,16.74654719881576,0.0695739004753551,0.0472491371295785,0.0783385550514634,0.0488898253450619,0.0682270722314111,0.5417158034221169,123.13410766750391,0.13214595329776943,0.15064506913432063,0.09722350707637192,0.34635723640861793,0.27362823408292
lrswm_dora_r16_lr3e4_s44,lrswm,44.0,lrswm_dora_r16_lr3e4,dora,0.5237,-0.280917426098514,23.09,31.07,45.26,gsm8k,31.67,14.51,28.93,39.51,40.73,33.4319,13.3703,0.0003,,,16.0,False,False,True,,,,,,,,,2.2376206042285074,1.810069211692996,0.4275513925355116,362.7608015738123,33.46475601196289,13.379753229022024,4.475292315158634,11.157366149614342,0.0652245087221127,0.0482647905544731,0.0744107691561326,0.0497612087420766,0.0646887230935702,0.5912126224878403,115.88930622788803,0.13513106383944198,0.148919051553896,0.0960301247294717,0.3469119962576234,0.2730077636195669
lrswm_dora_r16_lr1e4_s42,lrswm,42.0,lrswm_dora_r16_lr1e4,dora,0.3191,-0.4960731958064895,25.08,33.14,41.93,gsm8k,33.56,16.59,26.53,44.88,44.16,19.901,5.978,0.0001,,,16.0,False,False,True,,,,,,,,,2.1351158768386,1.8520239240816387,0.2830919527569611,124.04830028441566,19.945127487182617,5.980342897772789,2.5326535907989176,6.886125440893195,0.0681972331918618,0.0526232319938639,0.0935678424857406,0.0501522251877897,0.0703303140496021,0.5774001480776135,99.37357416364743,0.10311457013125278,0.11381389672991016,0.08908269308879406,0.420333023721033,0.27365581632901
frc_lorawd_wd0_lr5e4_c256_s42,frc,42.0,frc_lorawd_wd0_lr5e4_c256,lorawd,1.1427,0.0579322273806086,17.46,26.06,71.03,cs,27.03,7.88,25.57,34.04,35.77,157.9087,22.7888,0.0005,0.0,,,False,False,True,66.97,78.24,77.74,61.46,78.22,74.54,58.7,72.4,2.895038447978181,1.8520239240816387,1.0430145238965425,960.7961276751788,157.904541015625,22.79149485230446,12.644624221499171,25.9771977079247,0.073835856906962,0.0456837935701022,0.0685011319958562,0.0509647047577948,0.0678174260678855,0.5129440714268199,120.5293514874726,0.20928466028295406,0.23416893230448824,0.11781482622816608,0.2583627637183897,0.18036881746600195
qwswm_lora_r16_lr2e5_s42,qwswm,42.0,qwswm_lora_r16_lr2e5,lora,0.0393,-1.4056074496245734,43.54,53.55,53.9,gsm8k,47.8,39.29,72.15,51.11,57.42,2.2147,0.5417,2e-05,,,16.0,False,False,True,,,,,,,,,,,,11.217937104751318,2.2182857990264893,0.5421806353543486,2.3067684688697745,6.594309615073038,0.1242772963184885,0.1061899920528962,0.103098836940223,0.0550549712520441,0.084565950650917,0.527964179826987,51.123869981641434,0.1107710664792387,0.02180423020565551,0.012300189247490306,0.6558346472105854,0.19928986685702985
lrsw_lora_null_r16_lr5e4_s42,lrsw,42.0,lrsw_lora_null_r16_lr5e4,lora_null,0.6956,-0.1576404266693251,23.64,30.97,78.93,cs,33.22,14.06,33.34,39.25,34.98,54.6211,15.6906,0.0005,,,16.0,False,False,True,69.69,82.81,78.35,88.3,83.5,81.02,67.75,80.0,2.3798914991341413,1.8520239240816387,0.5278675750525026,569.0900408972122,54.620399475097656,15.691673791408538,8.442282067974523,15.537637517312778,0.0879539246595055,0.041849255256063,0.0698999937937644,0.0513533820788119,0.0752491606572913,0.5443590177891822,134.22810887377477,0.164215724904621,0.1831414520819663,0.10523847169537624,0.31463138216875786,0.2327729691492786
frc_sclora_lr3e4_c256_s44,frc,44.0,frc_sclora_lr3e4_c256,sclora,1.0202,0.0086853191951681,15.11,24.18,62.69,cs,23.74,6.48,23.38,33.7,33.6,76.9042,15.2035,0.0003,,,,False,False,True,63.46,49.84,68.83,35.15,69.38,76.47,60.41,78.0,2.8106825725104674,1.810069211692996,1.0006133608174717,747.7122979265256,76.90345764160156,15.205277943611144,16.167007771694582,32.04643872783862,0.0758243014614583,0.0430376206560463,0.2588713876202251,0.0244640667703257,0.1304212533034711,0.5168242488592057,130.53123753838352,0.19712608414343716,0.1932984598988679,0.08938431747969858,0.34334711012348373,0.1768440283545125
lrsw_lorawd_wd0p3_lr2e4_s43,lrsw,43.0,lrsw_lorawd_wd0p3_lr2e4,lorawd,0.3017,-0.5204246898250116,26.43,35.28,77.05,cs,33.05,19.81,45.86,41.72,35.95,17.2927,6.9479,0.0002,0.3,,,False,False,True,73.55,83.9,77.18,61.76,83.5,85.02,69.88,81.6,1.974055195068709,1.810069211692996,0.1639859833757133,195.61307547633336,17.298202514648438,6.95076457709074,4.94212668354264,15.718151370403422,0.0712432850525196,0.0483840877571829,0.0859865923782144,0.0484268999239668,0.0710231878522578,0.5423781867744693,118.2571288350623,0.12117998841860673,0.1345860474047164,0.0957252872095561,0.3638351531335071,0.28467352383361355
frc_milora_a1r_lr1e3_c256_s43,frc,43.0,frc_milora_a1r_lr1e3_c256,milora,1.5126,0.1797240960600895,17.33,24.97,66.12,cs,26.05,8.61,22.95,31.91,35.35,229.3391,28.0612,0.001,,,,False,False,True,64.62,72.74,74.21,58.08,72.53,66.37,50.6,69.8,3.1496052964456784,1.810069211692996,1.3395360847526827,1280.8884182418708,229.3385162353516,28.06355744004249,14.955367904909098,27.047863356003443,0.0787649502322679,0.049246260810709,0.0690682314527322,0.0550238059715069,0.071401877156531,0.4919351219143458,96.05236262313787,0.2359670448070536,0.25090101864008424,0.12022961293448171,0.23225401258818743,0.160648311030193
frc_lorawd_wd0p5_lr7e4_c256_s43,frc,43.0,frc_lorawd_wd0p5_lr7e4_c256,lorawd,0.2858,-0.5439377755450485,26.5,33.24,82.09,cs,33.17,19.83,42.15,37.46,33.59,30.5557,4.7034,0.0007,0.5,,,False,False,True,73.55,84.28,81.12,92.84,85.0,86.57,70.99,82.4,1.9074292571940024,1.810069211692996,0.0973600455010068,171.1909381310604,30.555404663085938,4.703829218447209,8.859673641398349,21.561587712091,0.076375207598749,0.0462676635526337,0.0892780625229332,0.0479118231890636,0.0752570007370275,0.5351518837732705,105.2065527197701,0.12400537618458388,0.15974316989142556,0.09646171388358249,0.36296207709522754,0.2568276629451805
frm_lorawd_wd0p5_lr7e4_c256_s42,frm,42.0,frm_lorawd_wd0p5_lr7e4_c256,lorawd,57.2227,1.7575683457348292,0.0,19.68,0.99,math_faithful,0.0,0.0,22.95,26.45,49.0,2963.7412,77.5219,0.0007,0.5,,,True,False,True,,,,,,,,,10.745821770107993,1.8520239240816387,8.893797846026352,4561.905054653009,2963.794921875,77.59427055120469,1.022159591751411,1.051496913902997,0.0579321534905754,0.0571604021942197,0.0924666066627772,0.0550557319929625,0.0691533570212795,0.9952366251681711,2.657620684255813,0.42266352966085524,0.423083448536721,0.006409439087817984,0.14366671374302992,0.004176868971576011
lrswm_lorawd_wd0p3_lr2e4_s44,lrswm,44.0,lrswm_lorawd_wd0p3_lr2e4,lorawd,0.2839,-0.5468346074741428,25.58,33.17,49.2,gsm8k,33.25,17.91,31.44,42.24,41.03,17.6796,6.2995,0.0002,0.3,,,False,False,True,,,,,,,,,2.031978237363412,1.810069211692996,0.2219090256704163,179.54836237395995,17.69582748413086,6.302006554603577,4.92337137108761,16.12909331078001,0.0683775793106426,0.0502721580241569,0.0821352358950804,0.0499045603211642,0.0681637184499557,0.5897276604620924,107.12690184399864,0.11890277173804403,0.126506872509059,0.08909766739755869,0.37208582349248137,0.29340686486285694
qwsw_milora_r32_lr5e5_s42,qwsw,42.0,qwsw_milora_r32_lr5e5,milora,0.132,-0.8794260687941502,39.41,50.2,85.91,cs,46.91,31.91,70.7,52.39,49.11,6.139,1.6194,5e-05,,,32.0,False,False,True,62.48,90.21,79.89,94.93,83.9,95.33,88.91,91.6,,,,49.70660434021038,6.140256881713867,1.6198139484439578,7.275242817610521,24.441347219102788,0.0469494177689233,0.474098976349618,0.0647985207167262,0.2769086363451375,0.0428214898893282,0.5409005692845841,67.65534451412478,0.08453273704218657,0.015225656943771454,0.0329299356230116,0.44295966808978976,0.42435200230124076
frc_lorawd_wd0_lr2e4_c256_s42,frc,42.0,frc_lorawd_wd0_lr2e4_c256,lorawd,0.5052,-0.2965366581167069,24.36,33.67,80.04,cs,31.87,16.84,43.93,38.91,36.78,40.9931,13.7847,0.0002,0.0,,,False,False,True,71.28,82.32,78.81,90.11,83.82,83.8,69.8,80.4,2.236917664131768,1.8520239240816387,0.3848937400501291,388.9898789123984,41.0294075012207,13.790997511148452,5.0853578125911945,17.304564956693294,0.0680157593267268,0.0470192387128113,0.0747387197826746,0.0493336975155867,0.0664548083271479,0.5398558704796741,127.9654745200357,0.14497083618410606,0.16030615699804382,0.10081712200556321,0.33714649700852395,0.2567593878037629
frc_lorawd_wd0_lr2e4_c256_s43,frc,43.0,frc_lorawd_wd0_lr2e4_c256,lorawd,0.5124,-0.2903908789273513,24.51,33.23,32.86,cs,31.78,17.24,41.93,38.65,36.55,37.9996,13.7631,0.0002,0.0,,,False,False,True,62.08,14.85,6.86,39.02,25.34,40.82,39.33,34.6,2.193158873054497,1.810069211692996,0.3830896613615018,390.8516373301031,38.04042816162109,13.769005206227302,5.136229549010936,17.315695562376156,0.0684906860165872,0.0467209333281534,0.0748700600709361,0.0494020276102568,0.066573586429451,0.5411063316716811,127.2849733195727,0.14454820609879943,0.15875136674467494,0.09827106208039946,0.33620616975313766,0.26222319532298866
lrsw_dora_r16_lr2e5_s42,lrsw,42.0,lrsw_dora_r16_lr2e5,dora,0.2302,-0.637894680706227,26.45,36.48,30.62,cs,33.71,19.19,45.53,46.67,37.32,4.9812,1.9715,2e-05,,,16.0,False,False,True,3.15,8.27,35.16,40.05,39.78,44.91,38.23,35.4,2.1228977261161632,1.8520239240816387,0.2708738020345245,30.984706071142693,4.990794658660889,1.9733688186854124,1.2628251682634095,2.2445269566174044,0.0629306121993918,0.0489173049753193,0.1344192714728413,0.0610422433308599,0.0810400272941439,0.5737518340132415,75.13144126502101,0.08148164445482312,0.10533674016726773,0.09232931591570295,0.5841874821829329,0.13666481727927338
lrswm_sclora_r32_lr2e5_s42,lrswm,42.0,lrswm_sclora_r32_lr2e5,sclora,0.2851,-0.5450027826905399,23.94,33.22,41.77,gsm8k,32.67,15.22,29.43,46.76,42.03,8.9996,1.7383,2e-05,,,32.0,False,False,True,,,,,,,,,2.0687628109568204,1.8520239240816387,0.2167388868751816,57.2294067476692,9.00782585144043,1.7386825565248727,7.102672268012344,28.16292193955089,0.1133082603379123,0.0385311922004113,0.759112907229178,0.0045274795612517,0.2365978074155671,0.5230687316262619,99.52968502419863,0.23807020656949102,0.2823715843818475,0.04203325624486666,0.35398336518472207,0.08354158761907285
lrsw_clora_k1024_lr3e4_s44,lrsw,44.0,lrsw_clora_k1024_lr3e4,clora,0.4471,-0.3495953301319682,24.09,32.75,79.66,cs,32.08,16.1,43.65,37.12,34.8,20.8425,9.8652,0.0003,,1024.0,,False,False,True,72.05,81.83,78.71,89.16,82.4,82.37,68.94,81.8,2.246952396463388,1.810069211692996,0.436883184770392,370.3694238419304,20.85467529296875,9.868320666253569,7.525760473360544,22.12640753243382,0.0586863303294438,0.0473612912803225,0.0637611764796623,0.0488796949162268,0.0566736757711173,0.5470487776275585,87.05271381310028,0.054580270995706684,0.04989183962924036,0.07642587379118494,0.45821918730111383,0.3608828282827543
frc_lorawd_wd0p1_lr1e4_c256_s45,frc,45.0,frc_lorawd_wd0p1_lr1e4_c256,lorawd,0.2719,-0.5655907924124999,27.11,36.06,48.8,cs,34.76,19.46,46.99,42.32,36.79,20.2047,7.0738,0.0001,0.1,,,False,False,True,69.14,51.14,29.27,73.21,82.32,29.25,27.9,28.2,1.9596121426329016,1.810069211692996,0.1495429309399061,160.44509861663886,20.23940658569336,7.075698518753052,3.167620139798888,11.07898785299554,0.0707922367303121,0.0493758847566798,0.0868235382165013,0.0501529278828237,0.0707335401775162,0.537158525287985,113.65621280990031,0.11446164630180883,0.12226798763194907,0.09733715138491195,0.3986572725544262,0.26727594212690403
lrsw_lorawd_wd0p3_lr2e3_s44,lrsw,44.0,lrsw_lorawd_wd0p3_lr2e3,lorawd,87.484,1.941928631912614,0.0,20.08,0.0,cs,0.0,0.0,22.95,27.13,50.34,4262.2129,121.8668,0.002,0.3,,,True,False,True,0.0,0.0,0.0,0.0,0.0,0.0,0.0,0.0,10.34002086021009,1.810069211692996,8.529951648517095,6427.941153480128,4262.30615234375,121.98770715668796,1.017021454028063,1.0503753756997458,0.0595420023739921,0.0582108611618566,0.1001992235099824,0.0529130882806577,0.0715314486123107,0.9893096635099022,2.561095696892027,0.4387444639526352,0.4406634631351616,0.05033445906883436,0.059774967672246215,0.01048264617112252
qwsw_dora_r16_lr5e4_s42,qwsw,42.0,qwsw_dora_r16_lr5e4,dora,0.5724,-0.2423003749122612,13.18,31.89,84.16,cs,15.76,10.59,57.4,37.29,38.42,37.9809,15.0939,0.0005,,,16.0,False,False,True,70.83,86.72,78.71,92.38,84.69,91.75,81.23,87.0,,,,613.4257444601539,38.066104888916016,15.096892773253575,8.947767989799205,14.7404336375563,0.1107171726695194,0.0983199654004167,0.0639898514861144,0.047154550873071,0.0693806381621171,0.5104290429795086,74.24776350876711,0.175097707086123,0.01662396836232017,0.009968538114363623,0.464086167344494,0.3342236190926995
lrswm_milora_r32_lr1e4_s42,lrswm,42.0,lrswm_milora_r32_lr1e4,milora,0.2644,-0.5777385491863973,25.66,33.48,42.08,gsm8k,33.25,18.06,27.58,44.8,43.73,9.2693,4.8605,0.0001,,,32.0,False,False,True,,,,,,,,,2.1422739594761966,1.8520239240816387,0.2902500353945578,102.58042507648764,9.269407272338867,4.861544699966908,3.7574016733743374,12.219418068833708,0.0599705516772375,0.1886268010659284,0.0854754313217331,0.1595219120223842,0.0660390998986921,0.5868203984925688,115.2117366785699,0.1277910886601342,0.14245889453915106,0.10795838583956663,0.36334985669390085,0.2584417742672474
lrswm_dora_r16_lr2e5_s44,lrswm,44.0,lrswm_dora_r16_lr2e5,dora,0.336,-0.4736607226101559,25.42,33.55,32.68,gsm8k,33.73,17.12,29.53,46.59,40.79,7.0258,2.083,2e-05,,,16.0,False,False,True,,,,,,,,,1.8763594162948192,1.810069211692996,0.0662902046018234,33.182680499267846,7.042216300964356,2.085045375674963,1.3067079734781148,2.355788320136356,0.0594668712558272,0.049695886538995,0.1776497796106004,0.0502903442896467,0.0864987740575612,0.5649826590303094,67.27561159593834,0.09625065353538556,0.1328251433059437,0.08062371278000252,0.6038244338250776,0.0864760565535907
frc_clora_k128_lr3e4_c256_s43,frc,43.0,frc_clora_k128_lr3e4_c256,clora,0.6168,-0.2098556349570994,22.88,30.65,78.91,cs,31.09,14.66,37.04,36.69,33.77,28.7719,13.1514,0.0003,,128.0,,False,False,True,71.56,82.81,78.51,87.45,82.56,82.62,65.19,80.6,2.4122848917806365,1.8520239240816387,0.5602609676989978,495.0759905431478,28.767335891723636,13.15238164961338,8.55526439630947,23.6161350178482,0.0632113875440523,0.0459538572435616,0.0671339043893509,0.0492772197771669,0.0613242322696262,0.5519657023934422,112.8678998861948,0.10324520693136943,0.10750295894565823,0.10561932900066877,0.3846804253004229,0.29895207982188077
frm_clora_k128_lr3e4_c256_s43,frm,43.0,frm_clora_k128_lr3e4_c256,clora,1.0884,0.03678853310772,18.57,27.62,59.82,math_faithful,27.57,9.57,24.55,30.55,45.88,27.0467,15.2759,0.0003,,128.0,,False,False,True,,,,,,,,,3.31062006550272,1.810069211692996,1.5005508538097236,940.423415459976,27.04619407653809,15.276393362879752,25.558656399473435,54.74365356048966,0.0644592626199377,0.046119912688839,0.0666053825621481,0.0505249822629148,0.0625538761611969,0.5995647837484257,114.2680061439521,0.12967326450804845,0.13329723190032977,0.12776776214998503,0.36617585643472383,0.24308588500691297
qwswm_milora_r32_lr5e4_s42,qwswm,42.0,qwswm_milora_r32_lr5e4,milora,0.2979,-0.5259294967849564,39.92,49.48,68.31,gsm8k,45.15,34.68,67.5,49.49,50.58,22.9712,5.8359,0.0005,,,32.0,False,False,True,,,,,,,,,,,,282.5187110717128,22.970556259155277,5.836798783711025,14.9816638173272,29.79882786232516,0.0889900807161481,0.176361336778353,0.0569791397726966,0.1277004276433203,0.0608421558171979,0.5342099025130687,72.62185698460357,0.14661017489957487,0.0177536329463399,0.015671080834218483,0.4497003701645116,0.370264741155355
qwswm_dora_r16_lr2e4_s42,qwswm,42.0,qwswm_dora_r16_lr2e4,dora,0.1125,-0.9488474775526188,44.28,53.96,67.1,gsm8k,45.62,42.94,71.86,52.22,57.18,10.3065,3.3144,0.0002,,,16.0,False,False,True,,,,,,,,,,,,102.14909762119586,10.309919357299805,3.3173285471541543,5.456366260361172,12.37137949907001,0.1176283284808119,0.1006965197304306,0.0659414944099368,0.0489497554854548,0.0720562409850769,0.5221763071711679,70.38108332662526,0.13095162701603058,0.01783000636529655,0.012053698075292638,0.482787981274079,0.3563766872693012
qwswm_lora_r32_lr2e4_s43,qwswm,43.0,qwswm_lora_r32_lr2e4,lora,0.1437,-0.8425432318657744,44.46,53.1,63.84,gsm8k,47.7,41.22,70.45,51.11,55.03,12.2235,3.4297,0.0002,,,32.0,False,False,True,,,,,,,,,2.015938193103267,1.8790178806577968,0.1369203124454701,132.41823518107,12.227516174316406,3.4307381387267792,9.187945634284134,23.879528462119502,0.1166964220750307,0.0999462426968732,0.0640928160471192,0.0492413057236519,0.0715394582271113,0.5198651751667392,71.39410388400516,0.13527907643757203,0.017739252970119596,0.01147700071069196,0.477961009163516,0.35754366071810034
frc_lorawd_wd0_lr1e4_c256_s44,frc,44.0,frc_lorawd_wd0_lr1e4_c256,lorawd,0.299,-0.5243288116755703,26.9,35.14,79.64,cs,34.2,19.61,45.23,40.27,36.39,20.7499,8.1265,0.0001,0.0,,,False,False,True,62.78,83.79,79.17,91.49,82.64,84.89,71.33,81.0,1.9846121883640488,1.810069211692996,0.1745429766710531,184.26235168725293,20.778289794921875,8.128122279047966,3.144592539366612,11.443869848667624,0.0693597954320905,0.0488790685628108,0.0835915643394001,0.0504307519969777,0.0692022063285519,0.5363987128541983,115.95791865264701,0.1190228212527933,0.124321576656703,0.09822106091069413,0.3945164426770961,0.26391809850271347
qwswm_clora_k1024_lr2e4_s43,qwswm,43.0,qwswm_clora_k1024_lr2e4,clora,0.0829,-1.0814454694497264,43.75,53.8,60.96,gsm8k,46.35,41.15,71.51,52.82,57.15,10.0284,1.8139,0.0002,,1024.0,,False,False,True,,,,,,,,,2.0178271749240126,1.9346918347336524,0.0831353401903602,88.96235424802325,10.036083221435549,1.814531280596644,11.124537421816838,25.285784004552625,0.0519284531245665,0.0455303523060188,0.0573988945997644,0.0473047062282486,0.0443893198562058,0.5402554450866682,55.29857814744488,0.054199657417758944,1.0648069065170674e-09,2.9606273281444613e-09,0.5758191599057545,0.3699811786510524
lrsw_dora_r16_lr1e3_s42,lrsw,42.0,lrsw_dora_r16_lr1e3,dora,3.7257,0.5712078818028553,15.64,24.86,67.95,cs,24.3,6.99,23.13,33.7,36.2,1073.5913,52.8779,0.001,,,16.0,True,False,True,63.73,74.48,75.9,64.95,72.06,67.85,52.65,72.0,4.612484563990473,1.8520239240816387,2.7604606399088345,2178.143203012261,1073.5823974609375,52.87549275755882,7.922772011425282,13.152617335552232,0.134239219097382,0.0450576588413803,0.1049126619948002,0.0498408410970259,0.1166150673772113,0.25041354157081236,7.143478869719142,0.4346444304090721,0.3691362444186098,0.0726031207205566,0.07581773701794395,0.047798467433817736
qwsw_lora_r16_lr2e5_s44,qwsw,44.0,qwsw_lora_r16_lr2e5,lora,0.1081,-0.9661743060466896,38.94,50.71,85.62,cs,45.38,32.5,71.49,55.89,48.27,4.3448,1.2132,2e-05,,,16.0,False,False,True,68.9,89.01,79.84,93.42,84.45,94.32,87.63,87.4,1.983745147375552,1.9346918347336524,0.0490533126418994,23.45519334079445,4.353630065917969,1.2146598157073771,1.6014135152337914,3.550881727640706,0.1011579267864293,0.0895024106699555,0.1149619864141338,0.0604541943913573,0.0777345274351367,0.5501703552276216,40.00010728035495,0.07293243039936871,0.009235037748197691,0.00714096400922019,0.771061140806967,0.13963042703624653
lrswm_lorawd_wd0p3_lr1e4_s42,lrswm,42.0,lrswm_lorawd_wd0p3_lr1e4,lorawd,0.2576,-0.5890541413122254,25.72,33.82,46.02,gsm8k,34.14,17.3,30.86,43.69,43.12,15.2769,4.8881,0.0001,0.3,,,False,False,True,,,,,,,,,2.0256795699150967,1.8520239240816387,0.1736556458334579,114.64359775601804,15.29776096343994,4.889468635618687,3.3435788186248048,11.448869427677511,0.0704498064480291,0.0529610423677873,0.0916996185735444,0.0503265281901844,0.070907004082589,0.5786867990884104,101.84089454851123,0.10600008151899826,0.11306501458500146,0.09141145529514225,0.4187533575768138,0.27077009102404426
frm_lorawd_wd0p1_lr2e4_c512_s43,frm,43.0,frm_lorawd_wd0p1_lr2e4_c512,lorawd,0.5155,-0.2877713303804646,23.84,32.59,67.78,math_faithful,32.05,15.63,32.74,39.68,42.84,50.9661,8.5679,0.0002,0.1,,,False,False,True,,,,,,,,,2.3150410129294325,1.810069211692996,0.5049718012364368,395.9204835287001,50.96435546875,8.568821248412132,14.8226625741936,43.39344667004261,0.0700148962842776,0.0474762267673705,0.0752946929421787,0.0500017607033506,0.0679929235160918,0.5700192593088009,120.97365696756978,0.15464321414092955,0.17744594184286594,0.09924341801510235,0.3234402781437381,0.245227147857364
frc_clora_k1024_lr3e4_c256_s43,frc,43.0,frc_clora_k1024_lr3e4_c256,clora,0.4408,-0.3557584141562713,24.32,31.69,59.72,cs,32.05,16.6,36.79,37.88,35.14,21.1398,9.9653,0.0003,,1024.0,,False,False,True,58.26,72.69,46.52,65.51,77.27,62.42,49.32,45.8,2.300955573423611,1.8520239240816387,0.4489316493419721,371.1311637703504,21.14561080932617,9.96708702594042,7.44785036999762,22.07402706618889,0.0584381050511309,0.047339638843884,0.0638539631382196,0.0487802888434626,0.0565745675954304,0.5471023379607357,87.16173879308977,0.054187700172911094,0.05020234374016033,0.07669388912716346,0.45723588829549777,0.3616801786642674
lrswm_lorawd_wd0p3_lr1e3_s43,lrswm,43.0,lrswm_lorawd_wd0p3_lr1e3,lorawd,0.5605,-0.251424383069008,22.59,31.62,48.98,gsm8k,31.06,14.12,32.69,36.77,43.48,42.39,8.1679,0.001,0.3,,,False,False,True,,,,,,,,,2.2948955328680105,1.8520239240816387,0.4428716087863718,367.190954140174,42.38936996459961,8.169217023253442,13.866040110105793,27.048878502191226,0.0764009200191029,0.0460866064724512,0.0864933005474805,0.0480296057160338,0.0753335396923426,0.5852965587477854,110.087020001161,0.13654184404738814,0.14320806702312683,0.10870603284933261,0.35202910218000133,0.259514953900151
lrswm_lora_r16_lr3e4_s42,lrswm,42.0,lrswm_lora_r16_lr3e4,lora,0.5196,-0.2843308575990098,22.86,31.52,46.55,gsm8k,30.82,14.89,29.62,39.33,42.93,35.3366,13.2946,0.0003,,,16.0,False,False,True,,,,,,,,,2.244210448667214,1.8520239240816387,0.3921865245855751,357.9361046445771,35.38069152832031,13.303724777698516,4.404876297006863,11.169757208486956,0.0646994379635869,0.0479767002836594,0.075074620288004,0.0500264244612512,0.0647810142888098,0.5872185628978519,116.68499085276392,0.1359015200650167,0.15081073932957123,0.09691399488420468,0.3540012466129404,0.262372499108267
lrswm_lora_r16_lr5e4_s44,lrswm,44.0,lrswm_lora_r16_lr5e4,lora,0.7694,-0.1138478180292033,21.3,29.99,45.34,gsm8k,30.07,12.52,26.29,36.43,44.64,38.2746,18.6468,0.0005,,,16.0,False,False,True,,,,,,,,,2.4916844220533174,1.810069211692996,0.6816152103603217,606.0516684292091,38.27418518066406,18.65533978641033,6.500181642060075,13.360186557436212,0.0656988046041994,0.0469123664051799,0.0707190552917447,0.0500489444641849,0.0640966151434918,0.590863140117417,122.30092641526802,0.15316671480976551,0.16976458890572005,0.1048208386890972,0.3254901338811118,0.24675772371430532
lrsw_sclora_r32_lr2e5_s43,lrsw,43.0,lrsw_sclora_r32_lr2e5,sclora,0.1661,-0.7796303675486055,26.98,36.58,38.43,cs,34.62,19.35,47.19,45.14,36.58,3.0794,1.3371,2e-05,,,32.0,False,False,True,62.23,35.04,54.35,51.05,15.55,32.62,25.77,30.8,1.9550050309553575,1.810069211692996,0.144935819262362,41.700276624950696,3.0796289443969727,1.3374948270618916,7.535510787740742,31.59709532480699,0.0931623468784403,0.0366592287352865,0.4132432616668916,0.0106479372339225,0.170705426336057,0.5060023844162466,119.1357874169943,0.18064676449778697,0.1757652025921509,0.07731889143096338,0.39110784194496256,0.1751612995341362
frm_lorawd_wd0p1_lr1e4_c256_s42,frm,42.0,frm_lorawd_wd0p1_lr1e4_c256,lorawd,0.3404,-0.4680104485874498,24.4,33.98,64.67,math_faithful,31.9,16.91,37.47,41.38,42.22,23.2282,7.1487,0.0001,0.1,,,False,False,True,,,,,,,,,2.2165675057374914,1.8520239240816387,0.3645435816558526,244.13158617877863,23.247364044189453,7.1496543601155285,7.657744098773711,31.18195103969192,0.0676822797121884,0.0492878546328067,0.0768771218105754,0.0505470227260872,0.0668661186500308,0.5777326168844131,119.61941741767657,0.13985432841911852,0.15336525758201738,0.09921722801060326,0.3475997344628037,0.2599634515254572
qwsw_dora_r16_lr1e3_s43,qwsw,43.0,qwsw_dora_r16_lr1e3,dora,1.1285,0.0525015634137808,16.65,28.4,77.19,cs,28.12,5.18,33.29,37.63,37.76,135.4728,27.2815,0.001,,,16.0,False,False,True,66.06,83.19,76.46,82.12,77.11,83.25,67.49,81.8,3.208409450274521,1.9346918347336524,1.2737176155408685,1078.4296456415466,135.47088623046875,27.281111985445023,9.487070518117845,14.746209477749156,0.1241040484785329,0.118601411352879,0.0722251960513736,0.0503715114903265,0.0833850639880724,0.4598278232102086,71.9265001687892,0.3661423897541188,0.027047396763183854,0.010253562531149066,0.36078690144178605,0.23576974950976212
qwsw_lora_r16_lr1e3_s43,qwsw,43.0,qwsw_lora_r16_lr1e3,lora,0.8215,-0.0853924322289194,6.38,21.78,79.19,cs,12.66,0.1,23.34,37.12,35.69,124.1124,20.4478,0.001,,,16.0,False,False,True,66.73,83.79,77.64,84.41,78.85,85.31,73.21,83.6,2.961941686033485,1.9346918347336524,1.0272498512998327,902.1946054165348,124.1103286743164,20.448013463190623,10.6337517118071,15.367823156525573,0.1204956135152695,0.0942758091967709,0.0649780418372565,0.0508062012819454,0.0759091677189519,0.46368723728881783,73.64234861911979,0.30158341287688156,0.013776202147702019,0.01030790849800582,0.42246196686742554,0.2518705096099851
frm_lorawd_wd0p3_lr1e3_c256_s42,frm,42.0,frm_lorawd_wd0p3_lr1e3_c256,lorawd,116.0394,2.0646054745483893,0.0,19.71,0.0,math_faithful,0.0,0.0,22.95,26.71,48.89,3906.333,215.1151,0.001,0.3,,,True,False,True,,,,,,,,,15.343386869276724,1.8520239240816387,13.491362945195084,6417.786315659006,3916.754638671875,215.344614815712,1.0233395718641465,1.0708109133151655,0.0613136200591261,0.0601400895896092,0.1216768914282158,0.0500095341056849,0.078186860546693,0.9446903757701507,4.204297370657718,0.11969807595677616,0.12205462177960442,0.34024789114703596,0.3924972474513264,0.025502163665256993
qwswm_lora_null_r16_lr2e4_s43,qwswm,43.0,qwswm_lora_null_r16_lr2e4,lora_null,0.0849,-1.0710923097560472,44.2,53.7,66.79,gsm8k,47.7,40.69,71.61,52.39,56.13,8.055,2.2637,0.0002,,,16.0,False,False,True,,,,,,,,,2.004293365564904,1.9346918347336524,0.0696015308312518,88.47134783690011,8.053000450134277,2.264083365031651,8.799097906139734,18.785477332087144,0.1764369816453241,0.0776784950469832,0.0834708091263175,0.1243158914493497,0.0997009328542862,0.5618314078270946,62.97635948798323,0.11328694770159707,0.020703163469154087,0.012062930777672412,0.5650636419587544,0.28888331609282225
frm_milora_lr2e4_c256_s43,frm,43.0,frm_milora_lr2e4_c256,milora,0.8267,-0.0826520623722283,20.9,29.55,63.53,math_faithful,30.3,11.5,28.79,33.7,43.48,71.2342,15.4298,0.0002,,,,False,False,True,,,,,,,,,2.9251106231840973,1.810069211692996,1.1150414114911016,709.6351531080891,71.23192596435547,15.430645552277564,16.836177568720387,42.10125097605985,0.0644573860673409,0.0632207468018232,0.0633798485637262,0.1178549995245908,0.0613829318689614,0.568685498891599,122.28187178300051,0.1639683103586962,0.18661628138672137,0.0935290971339424,0.32537291209615116,0.230513399024489
frc_lorawd_wd0_lr2e5_c256_s43,frc,43.0,frc_lorawd_wd0_lr2e5_c256,lorawd,0.2239,-0.6499459064209697,26.9,36.51,29.7,cs,34.28,19.52,46.55,45.65,36.55,5.5163,2.2947,2e-05,0.0,,,False,False,True,8.04,65.34,24.16,24.22,24.07,33.63,24.74,33.4,2.121555224478953,1.8520239240816387,0.2695313003973143,38.580741402303815,5.524248600006104,2.2964781686663627,1.5123295645211334,3.790130624796815,0.0641318858053874,0.0492143432517903,0.1239987759566496,0.0628835111562551,0.0784192935912177,0.5609484113566628,78.32662901442382,0.08549378948162481,0.10706294282364232,0.08812658656070746,0.5740602557792431,0.14525642535478223
qwsw_clora_k1024_lr1e4_s44,qwsw,44.0,qwsw_clora_k1024_lr1e4,clora,0.1288,-0.8900841369762067,39.74,49.01,87.26,cs,45.71,33.77,71.23,47.95,46.38,13.5761,3.3896,0.0001,,1024.0,,False,False,True,74.65,89.83,80.09,94.04,85.4,95.29,88.4,90.4,2.0714655360412517,1.9346918347336524,0.1367737013075989,121.57105479717724,13.589786529541016,3.3919148409237097,4.94273015780751,17.515396583987133,0.057379375212975,0.042782622713963,0.0659552570965801,0.0462828046888464,0.0471415280414666,0.5641165042141973,53.42278763812781,0.042728525159025164,7.546354031059868e-10,1.1429480694885577e-09,0.5841542227387303,0.373117250204661
lrswm_clora_k1024_lr1e4_s42,lrswm,42.0,lrswm_clora_k1024_lr1e4,clora,0.202,-0.6946486305533762,26.1,34.07,43.75,gsm8k,34.5,17.69,28.98,45.65,43.51,10.2937,3.8107,0.0001,,1024.0,,False,False,True,,,,,,,,,2.0309688749330084,1.8520239240816387,0.1789449508513696,110.346899849681,10.294628143310549,3.8128356378525496,4.441132109029395,15.731202246293458,0.0619972826710552,0.0540889632910758,0.0744734207325899,0.0511476369737473,0.0597924342913936,0.5748142960304642,78.21107685166832,0.051957237272536955,0.04819673611163364,0.06650588285704948,0.510556258607454,0.3227838851513259
frc_dora_r32_lr3e4_c256_s42,frc,42.0,frc_dora_r32_lr3e4_c256,dora,0.8973,-0.0470623322490194,20.9,29.87,78.54,cs,27.14,14.67,34.25,37.12,36.17,116.6841,18.9455,0.0003,,,32.0,False,False,True,70.31,80.41,79.58,86.74,81.85,81.78,65.87,81.8,2.5003465475859667,1.8520239240816387,0.648322623504328,620.9659489013825,116.68265533447266,18.946882620453835,7.210838771736299,20.86886329780365,0.0802678696439447,0.0458391647863746,0.0760816495861349,0.0494464305889812,0.073671575079553,0.511351035765877,102.8078815356095,0.1824144661445388,0.21835525282058857,0.09757315052928457,0.2825399411075452,0.21911718939804298
frc_milora_lr1e4_c256_s45,frc,45.0,frc_milora_lr1e4_c256,milora,0.3126,-0.5050110263168319,26.97,35.27,73.24,cs,34.57,19.37,46.25,40.02,36.12,18.0252,8.6694,0.0001,,,,False,False,True,28.04,79.33,78.92,80.44,82.87,84.34,70.56,81.4,2.001651234665983,1.810069211692996,0.1915820229729872,187.2150318342524,18.02523231506348,8.671997615695,3.9485805106464777,12.245495513322274,0.067238400588595,0.095440130580542,0.0769485669806016,0.1788050429220822,0.0670330925951883,0.5499253377400602,128.14614070805158,0.14997632398095062,0.1644916117493228,0.1098627156955854,0.3528956043056204,0.22277374426852092
qwswm_milora_r32_lr2e4_s43,qwswm,43.0,qwswm_milora_r32_lr2e4,milora,0.1363,-0.8655041441653264,42.42,52.41,69.98,gsm8k,44.71,40.13,71.07,52.56,53.58,9.224,2.5336,0.0002,,,32.0,False,False,True,,,,,,,,,2.1927378698024698,1.9346918347336524,0.2580460350688174,97.2972720172622,9.231101036071776,2.533929462943758,11.134040781724854,30.675231218149783,0.066935676751116,0.3388404808051148,0.0571188418641617,0.2491488501399732,0.0530187348246312,0.5271170152146167,72.93321265725987,0.10913428728788865,0.01996480329305184,0.029196753096445052,0.43840768946428826,0.4032964668583262
qwsw_dora_r16_lr3e4_s42,qwsw,42.0,qwsw_dora_r16_lr3e4,dora,0.3612,-0.4422522583585317,34.28,42.11,86.61,cs,42.14,26.43,64.51,36.18,41.3,31.2535,10.9357,0.0003,,,16.0,False,False,True,73.12,89.01,80.45,94.36,85.16,93.86,85.92,91.0,,,,383.68411184078985,31.259672164916992,10.94325956106186,6.469886000094126,13.336622457401363,0.111560119183165,0.0932802740673971,0.0663438354163546,0.0462043247019876,0.0691534661350441,0.5258354793180234,68.95379222570271,0.12045048642027296,0.013590999009005204,0.009657232605262495,0.48506789318026716,0.371233388785192
frc_lora_r8_lr3e4_c256_s45,frc,45.0,frc_lora_r8_lr3e4_c256,lora,0.5165,-0.2869296741443606,25.04,31.99,61.18,cs,33.08,17.0,40.51,36.6,32.74,38.9296,16.5628,0.0003,,,8.0,False,False,True,61.59,77.97,43.04,89.22,24.94,67.26,55.03,70.4,2.089740534063535,1.810069211692996,0.2796713223705394,376.538756314129,38.97100067138672,16.56707717180252,3.18114196006203,6.19304445264518,0.0675879674277212,0.0462499481940166,0.0747995978874531,0.0491564811054869,0.0663119753076067,0.5454327893720468,128.38992803860828,0.14607780106714058,0.16139557811475158,0.0998418875677364,0.3264230397701821,0.26626169348018935
qwswm_dora_r16_lr5e5_s44,qwswm,44.0,qwswm_dora_r16_lr5e5,dora,0.0507,-1.294992040666664,43.72,53.56,57.39,gsm8k,46.86,40.58,71.98,50.6,57.8,3.4768,1.0896,5e-05,,,16.0,False,False,True,,,,,,,,,1.9661137577226973,1.9346918347336524,0.0314219229890448,25.529084698716744,3.480377435684204,1.09041863573449,3.2649673638123318,9.042682050069034,0.1249225534480196,0.1043087782459294,0.0798154877981535,0.0522523591372606,0.0787972073721505,0.5232967636801235,62.81566064757757,0.11001604268849224,0.01856573803929657,0.013195357060328896,0.5744529726091778,0.2837698896027045
lrsw_milora_r32_lr3e4_s42,lrsw,42.0,lrsw_milora_r32_lr3e4,milora,0.5432,-0.2650402387275547,24.72,33.64,79.86,cs,32.5,16.95,43.09,39.76,35.91,48.5074,15.6114,0.0003,,,32.0,False,False,True,71.35,82.64,79.68,89.24,83.66,84.01,69.28,79.0,2.261508517512025,1.8520239240816387,0.4094845934303861,420.20305580964055,48.50727462768555,15.613604140281677,5.930291500394581,16.244204981295127,0.0679842082044578,0.0827571885439178,0.0725626703349235,0.0864895513741775,0.065772121090368,0.5385065934582216,134.66934659629857,0.17508970629816845,0.1949161150665706,0.09291628334791094,0.2990568773127929,0.2380210179745572
frc_clora_k512_lr3e4_c256_s46,frc,46.0,frc_clora_k512_lr3e4_c256,clora,0.5122,-0.2905604258675891,23.52,32.72,79.64,cs,31.76,15.29,38.71,39.42,38.4,24.9103,11.1303,0.0003,,512.0,,False,False,True,71.8,82.37,79.22,88.68,81.69,82.32,69.8,81.2,2.3535711207929007,1.810069211692996,0.5435019090999049,426.6054526549626,24.91706085205078,11.13184944242239,8.356628729909856,23.286665697311165,0.0608623797252066,0.046505439116803,0.0651510415550449,0.0490439556654703,0.0587771263846488,0.5504876672193297,96.41830731143341,0.07173335063364131,0.07012893127864629,0.09034802184194168,0.42753445563647563,0.34025524060929524
qwswm_milora_r32_lr5e5_s44,qwswm,44.0,qwswm_milora_r32_lr5e5,milora,0.0689,-1.161780778092374,43.55,53.02,57.47,gsm8k,45.74,41.36,71.8,49.66,56.54,2.5754,0.7204,5e-05,,,32.0,False,False,True,,,,,,,,,2.035960318368447,1.9346918347336524,0.1012684836347945,25.398487598784907,2.575446367263794,0.7204379794853074,9.471938212071423,31.595588722741734,0.0416919485486707,0.5320418082111867,0.056350827502935,0.3509935133871564,0.032922857668789,0.5331960723879224,67.27141689401324,0.0556692969813153,0.020792281920835078,0.044794469637806804,0.41932377700597223,0.4594201744540708
lrswm_lorawd_wd0p3_lr1e4_s44,lrswm,44.0,lrswm_lorawd_wd0p3_lr1e4,lorawd,0.2521,-0.5984271543235541,25.8,34.15,46.32,gsm8k,33.34,18.26,31.01,44.8,43.35,14.9287,4.8735,0.0001,0.3,,,False,False,True,,,,,,,,,1.9787553999005745,1.810069211692996,0.1686861882075787,114.62699535627132,14.949050903320312,4.875416608154774,3.364207904723253,11.498670631320293,0.0703598175750645,0.0525967349147978,0.0916983195994402,0.0502279224642537,0.0710364017651663,0.579035509121552,101.54865328492664,0.10643966596325857,0.11239785711833374,0.09137701363847284,0.4204774851764676,0.2693079781034673
qwsw_clora_k1024_lr1e3_s43,qwsw,43.0,qwsw_clora_k1024_lr1e3,clora,0.6813,-0.1666616110606023,14.82,29.5,39.02,cs,13.82,15.82,43.06,37.88,36.91,66.0043,12.579,0.001,,1024.0,,False,False,True,67.19,12.02,72.06,16.3,80.03,4.25,2.3,58.0,2.905131544685592,1.9346918347336524,0.9704397099519392,792.9917345526165,66.00308990478516,12.581873391294875,17.855980843572112,29.794342793492216,0.0581194252568687,0.0444688124558191,0.0591899709828293,0.0468830585891606,0.0504653925617606,0.5092003492231462,63.45893173398024,0.1219041275348784,1.7603969717788185e-10,5.338148343534438e-10,0.52186355429845,0.35623231745681705
frc_lora_r16_lr3e4_c256_s45,frc,45.0,frc_lora_r16_lr3e4_c256,lora,0.6031,-0.2196106715290472,23.32,31.95,79.91,cs,31.27,15.37,40.12,37.46,35.55,48.1827,17.1891,0.0003,,,16.0,False,False,True,71.13,84.44,80.14,89.2,82.56,82.03,69.2,80.6,2.2103546718486373,1.810069211692996,0.4002854601556416,470.6354090964501,48.23137664794922,17.20222412645817,4.74518959189901,11.52334176758354,0.0677264925109961,0.0462588850125258,0.0725954309319409,0.0494579997200054,0.0657626780721515,0.5451973105670843,130.94658298988946,0.15344378714464074,0.17219929231910908,0.10222583002026338,0.3204063741570812,0.2517247163589057
qwswm_lora_r32_lr2e4_ep6_s44,qwswm,44.0,qwswm_lora_r32_lr2e4_ep6,lora,0.2039,-0.69058277422186,43.22,51.78,70.66,gsm8k,45.32,41.12,69.72,48.81,53.93,15.4542,4.7207,0.0002,,,32.0,False,False,True,,,,,,,,,2.4241480387305,1.9346918347336524,0.4894562039968475,214.56232675688952,15.46184253692627,4.721708212154252,12.468492697648005,26.82288762057242,0.1137631118818048,0.1023140952346935,0.0637912158426323,0.0494164696369277,0.0700425618149133,0.5369335616059865,71.80701776978839,0.15479856596133845,0.018562135886038462,0.011384339998700456,0.47430772314581326,0.3409472350081093
frc_lora_l2_lr3e4_c256_s45,frc,45.0,frc_lora_l2_lr3e4_c256,lora,0.7332,-0.1347775437098209,23.38,30.5,78.87,cs,31.29,15.48,35.96,35.41,34.36,60.3047,17.7053,0.0003,,,,False,False,True,71.41,81.99,77.89,88.14,83.19,81.9,65.87,80.6,2.416584319112975,1.810069211692996,0.6065151074199793,592.360680717195,60.303932189941406,17.70793499946594,7.391720298746203,21.433406228712844,0.0688855050990021,0.0462912887190256,0.0704305608579113,0.0497727458998824,0.065504997014331,0.5398820193425016,134.7753657746193,0.16762977685226754,0.18981344945405793,0.10590987737323317,0.3051450382559032,0.23150185806453816
qwswm_lora_null_r16_lr1e4_s43,qwswm,43.0,qwswm_lora_null_r16_lr1e4,lora_null,0.0551,-1.2588484011482148,43.77,53.68,66.19,gsm8k,47.75,39.79,72.22,51.62,57.02,4.9561,1.2913,0.0001,,,16.0,False,False,True,,,,,,,,,1.9701579948377976,1.9346918347336524,0.0354661601041454,47.16875210507947,4.956376552581787,1.291599980315992,7.860110530521294,19.058827766217718,0.2007798317303716,0.07441190174676,0.0899707202185517,0.1343460537250786,0.1107159811372405,0.5702388517160372,61.830597409557946,0.10341103453359518,0.022190577147124045,0.013907826401644155,0.5667394364727663,0.29375112544487036
lrswm_sclora_r32_lr2e4_s44,lrswm,44.0,lrswm_sclora_r32_lr2e4,sclora,0.5446,-0.2639223629960542,20.74,29.91,57.92,math_faithful,30.38,11.1,23.54,39.33,45.18,14.0145,5.6953,0.0002,,,32.0,False,False,True,,,,,,,,,2.4226146064714853,1.810069211692996,0.6125453947784896,259.7136379621855,14.01392650604248,5.695732700824737,13.15229031819888,35.913992244335,0.1022662372994928,0.0387055830176016,0.4484997758402884,0.0149654839939238,0.1749130590251932,0.5332898674787286,127.3259186691587,0.20015941280079025,0.18770236392775275,0.07266747937101103,0.35319672264082547,0.18627402125962056
frc_pissa_r32_lr3e4_c256_s42,frc,42.0,frc_pissa_r32_lr3e4_c256,pissa,1.4138,0.1503879773252801,10.59,22.22,70.05,cs,19.18,2.0,23.74,29.01,37.18,54.6307,13.9806,0.0003,,,32.0,False,False,True,65.87,77.75,76.25,68.57,75.85,69.11,53.58,73.4,3.930924849780089,1.8520239240816387,2.0789009256984503,723.9691402444324,54.64010238647461,13.9822333663702,18.025627448268278,39.68892618965506,0.2214078181160526,0.0384192738030991,0.4569489575819694,0.0277931707218346,0.2161526888372378,0.5333850995295042,139.60510769936263,0.18845088486589817,0.20296168122524294,0.09361679349299462,0.2987941688600217,0.21617647155584266
qwsw_lora_null_r16_lr5e4_s44,qwsw,44.0,qwsw_lora_null_r16_lr5e4,lora_null,0.4273,-0.3692671071828035,16.66,34.76,84.94,cs,16.66,16.66,63.02,37.03,40.45,26.6224,11.1842,0.0005,,,16.0,False,False,True,72.05,88.47,78.81,93.78,85.4,90.03,81.57,89.4,2.4801805494453117,1.8790178806577968,0.6011626687875145,467.7829753289113,26.65835952758789,11.186148251805989,9.22122650968839,15.524068135875773,0.1273863900886215,0.0856097586541771,0.0696536276984738,0.0699859738758543,0.0770102999662896,0.5311616332250657,68.72702536067764,0.12518966540927026,0.014481673041260489,0.009522199752059635,0.5006630142154959,0.3501434475819138
lrsw_sclora_r32_lr1e3_s44,lrsw,44.0,lrsw_sclora_r32_lr1e3,sclora,1.7217,0.2359574794666207,7.5,21.05,61.92,cs,11.38,3.62,22.61,30.2,37.46,252.8096,27.5188,0.001,,,32.0,False,False,True,63.21,68.44,73.49,44.53,69.06,60.73,48.89,67.0,3.607861098770362,1.810069211692996,1.797791887077366,1391.525151350025,252.81105041503903,27.52037339806557,17.68428004489783,31.586901613468573,0.0835030609050351,0.0448517602680735,0.1095410360144089,0.046183085484288,0.0952628879119692,0.5011545799527956,98.98888066832527,0.25636331101025334,0.24217523867236268,0.12357975672791814,0.22900549051700428,0.14887620307246163
qwswm_lorawd_wd0p3_lr3e4_ep6_s43,qwswm,43.0,qwswm_lorawd_wd0p3_lr3e4_ep6,lorawd,0.1147,-0.9404365820987324,44.12,53.44,67.17,gsm8k,44.72,43.53,71.56,53.07,54.32,7.6698,2.2309,0.0003,0.3,,,False,False,True,,,,,,,,,2.1214401057063204,1.9346918347336524,0.186748270972668,108.27485295174358,7.673930168151855,2.231339383763926,13.795040949861813,27.20090697118629,0.1164014736516888,0.1045502416427486,0.0717721123918127,0.0469685722517545,0.0741181009085675,0.5535441791747091,68.32744064150675,0.13672743119009964,0.01906627803008876,0.011565564475583958,0.4609548758369025,0.37168585046732516
lrswm_dora_r16_lr3e4_s43,lrswm,43.0,lrswm_dora_r16_lr3e4,dora,0.5251,-0.279757981712943,23.22,30.86,47.16,gsm8k,31.27,15.18,28.74,40.02,39.11,31.6266,13.4748,0.0003,,,16.0,False,False,True,,,,,,,,,2.2732573534278484,1.810069211692996,0.4631881417348527,363.4705149064016,31.663190841674805,13.483838841319084,4.44614821897094,11.07445654983065,0.0654523075176544,0.0482765847041688,0.0747967819132374,0.0496772663067809,0.064952296058962,0.5901747781417551,115.70786375395892,0.134224437885612,0.14996894955003898,0.09468236897867764,0.34704144351532273,0.27408280007034863
qwsw_milora_r32_lr2e4_s42,qwsw,42.0,qwsw_milora_r32_lr2e4,milora,0.2917,-0.5350635708782673,36.5,44.96,87.05,cs,42.01,31.0,66.98,39.76,45.05,15.2664,5.6504,0.0002,,,32.0,False,False,True,74.1,89.01,80.3,94.76,85.48,94.7,86.86,91.2,,,,217.39614025391617,15.264878273010254,5.651041803189687,9.66920246793476,25.329832110122265,0.0786335679708888,0.2617573082709805,0.0617232083585083,0.1650800732098907,0.058995900029695,0.5382354689546637,70.61299267636207,0.11551077751206697,0.013967376905555105,0.018949135936997992,0.4243578934418249,0.427214816203555
lrswm_lorawd_wd0p3_lr3e4_s44,lrswm,44.0,lrswm_lorawd_wd0p3_lr3e4,lorawd,0.3515,-0.4540746706441573,24.92,34.12,49.2,gsm8k,32.38,17.46,37.37,41.47,41.94,14.9811,6.971,0.0003,0.3,,,False,False,True,,,,,,,,,2.1405347102531587,1.810069211692996,0.3304654985601629,225.4533778154034,14.981035232543944,6.97315153926611,6.471775899730791,19.05775428666675,0.0686422779310765,0.0491902411023157,0.0814012425245889,0.0494505044983691,0.0688267722003937,0.5902797086708813,110.24067302094639,0.12518520353826387,0.13678308193406352,0.08856776497969826,0.3622792547640447,0.2871846947839297
qwsw_lorawd_wd0p3_lr3e4_s42,qwsw,42.0,qwsw_lorawd_wd0p3_lr3e4,lorawd,0.2131,-0.671416550285798,41.1,47.22,86.33,cs,47.5,34.69,69.0,39.93,44.97,12.3831,4.5414,0.0003,0.3,,,False,False,True,62.26,89.72,80.66,95.4,86.9,95.03,88.05,92.6,,,,195.18004686125937,12.40054416656494,4.542139241950853,9.66921516968184,23.503059569254905,0.1151204978226868,0.0912686155917616,0.0746214683190517,0.0442517056331522,0.072551640134365,0.5460936445844389,63.87322465553214,0.09036014989041513,0.01175257484006787,0.009661122611632711,0.4922032897741475,0.39602286288373667
qwswm_milora_r32_lr7e5_s42,qwswm,42.0,qwswm_milora_r32_lr7e5,milora,0.0812,-1.0904439707588247,44.09,53.15,57.09,gsm8k,47.23,40.95,71.76,49.15,56.67,3.3901,0.9506,7.000000000000001e-05,,,32.0,False,False,True,,,,,,,,,2.066957919493161,1.9346918347336524,0.1322660847595091,34.41827289627105,3.391278028488159,0.950711115449667,10.12124266242084,32.16256524286192,0.0450663343368618,0.5034500844546644,0.0553506742067162,0.3387089314896107,0.0365563726821655,0.5321553004532714,68.44591709929131,0.06366970511050751,0.02084298609058827,0.042357669444990795,0.4240690795492753,0.4490605598046383
qwsw_sclora_r32_lr5e4_s44,qwsw,44.0,qwsw_sclora_r32_lr5e4,sclora,0.7207,-0.1422454779405577,19.06,26.05,82.7,cs,28.75,9.36,27.02,30.55,34.56,39.7706,11.4474,0.0005,,,32.0,False,False,True,70.18,85.42,78.35,91.19,82.79,90.11,78.75,84.8,3.2314829600167823,1.9346918347336524,1.29679112528313,632.0950969045358,39.77802276611328,11.44921481864793,17.568317209869303,33.30767245577248,0.106263208778755,0.1075544421444809,0.126492023753803,0.0395106038841058,0.0972130861412833,0.5283311686281867,67.97326957091389,0.12879960210157101,0.016048551592887008,0.011204707028433026,0.5280853040711183,0.31586183520599054
frc_sclora_lr1e4_c256_s45,frc,45.0,frc_sclora_lr1e4_c256,sclora,0.5586,-0.2528990686350137,21.53,28.62,80.2,cs,30.78,12.28,29.26,37.12,33.67,16.7337,6.5823,0.0001,,,,False,False,True,72.35,83.57,79.38,88.62,82.4,83.29,69.97,82.0,2.25002423957063,1.810069211692996,0.4399550278776341,291.68930296206133,16.73948097229004,6.582798062264919,12.507881000388634,32.20685941726433,0.0752903208096159,0.0424851054291179,0.3894576660085574,0.0091535229352324,0.1585332890160522,0.5117598675724663,117.50295034733419,0.16876516096039174,0.1635133729128061,0.0723578036232298,0.41344950064226854,0.18191416186130374
qwswm_sclora_r32_lr2e4_s44,qwswm,44.0,qwswm_sclora_r32_lr2e4,sclora,0.2962,-0.5284149458148103,35.87,48.46,70.96,gsm8k,43.62,28.12,67.46,47.1,55.99,9.5347,3.1346,0.0002,,,32.0,False,False,True,,,,,,,,,2.324968734351588,1.9346918347336524,0.3902768996179357,170.51919519321575,9.536511421203612,3.135114223616464,15.86146228890845,41.40782244711009,0.1599949746289089,0.1004578213335339,0.3255110470416856,0.0281203332564695,0.1673613045806654,0.529990877053394,61.84405127809611,0.10810870120521464,0.022055206381980053,0.018707025633495016,0.6038494989190285,0.24727956786028174
lrswm_milora_r32_lr5e4_s44,lrswm,44.0,lrswm_milora_r32_lr5e4,milora,0.6963,-0.1572036048244198,21.71,30.09,47.54,gsm8k,29.37,14.05,30.69,35.75,40.58,60.8402,16.3007,0.0005,,,32.0,False,False,True,,,,,,,,,2.542353102629059,1.810069211692996,0.7322838909360632,527.8670024752023,60.839881896972656,16.302003332972525,7.878754806101064,19.505891827311626,0.0647158045421727,0.0736147337293855,0.0689096471486675,0.0826616318041739,0.0632816273669257,0.5831064169823956,121.70555306148835,0.15917262047084602,0.18784788843037728,0.09373350067561478,0.3177266123017598,0.24151937812140206
frc_lorawd_wd0p2_lr5e4_c256_s44,frc,44.0,frc_lorawd_wd0p2_lr5e4_c256,lorawd,0.5276,-0.2776952131256723,24.65,31.7,80.55,cs,31.35,17.95,38.4,37.88,32.9,51.6757,9.0093,0.0005,0.2,,,False,False,True,72.48,83.84,80.35,91.83,82.4,82.95,68.94,81.6,2.103397155150894,1.810069211692996,0.2933279434578983,371.3076411118879,51.67447662353516,9.00995117723942,11.69267035241982,24.96186513031559,0.0736577824783357,0.0459003635950675,0.0784912067593432,0.0481730057843997,0.0706066855020516,0.5413552839624328,122.93179740801791,0.15046792954698496,0.17659124964886416,0.1065039533195126,0.31858187334501864,0.24785499413961948
qwswm_lora_null_r16_lr2e5_s42,qwswm,42.0,qwswm_lora_null_r16_lr2e5,lora_null,0.0292,-1.5346171485515816,43.44,53.27,52.54,gsm8k,47.66,39.21,72.11,50.09,57.29,1.822,0.4429,2e-05,,,16.0,False,False,True,,,,,,,,,,,,13.201640017808984,1.8220361471176147,0.4430205222751413,5.763245914111363,16.376852606792156,0.2136657299250463,0.0792552580342444,0.1031277014017017,0.1456058947260014,0.1258680714037552,0.570901309035258,58.584805309296556,0.08848765504252049,0.02193314998020311,0.014901841286240215,0.5901460883749241,0.28453126531611217
lrsw_lorawd_wd0p3_lr2e3_s43,lrsw,43.0,lrsw_lorawd_wd0p3_lr2e3,lorawd,90.9627,1.9588633428153224,0.0,20.04,0.0,cs,0.0,0.0,22.95,27.39,49.87,1952.0587,188.1019,0.002,0.3,,,True,False,True,0.0,0.0,0.0,0.0,0.0,0.0,0.0,0.0,10.058796462210536,1.8520239240816387,8.206772538128899,4342.813816041782,1952.0968017578125,188.2537991404533,1.025766382866892,1.07568254691655,0.0630196221854245,0.0640086361450786,0.0875368380797162,0.0541945147815105,0.0694328828910993,0.8479959279056447,9.100900262631832,0.20366494385343398,0.22498301597436982,0.4246566908832301,0.10572304219498876,0.04097230709397745
qwsw_clora_k1024_lr5e5_s44,qwsw,44.0,qwsw_clora_k1024_lr5e5,clora,0.0959,-1.0181813928293364,39.34,50.63,87.39,cs,46.12,32.57,71.94,53.84,48.68,7.3105,2.1263,5e-05,,1024.0,,False,False,True,72.63,90.04,79.99,94.89,85.16,95.54,89.85,91.0,2.0135858449436914,1.9346918347336524,0.078894010210039,61.02656233127576,7.31328821182251,2.126870068875464,3.09763594511051,11.765983263462717,0.0582390011009728,0.0425649105553611,0.0737147620367171,0.0512889503720504,0.0497435880844192,0.5667702968098032,49.65684094138267,0.05050202340912474,1.9786867520630754e-09,2.9482519324040906e-09,0.6479389595553436,0.30155901210859287
lrswm_milora_r32_lr3e4_s44,lrswm,44.0,lrswm_milora_r32_lr3e4,milora,0.4425,-0.3540867249661558,23.96,32.54,48.37,gsm8k,31.96,15.97,30.62,40.36,43.79,38.114,11.6409,0.0003,,,32.0,False,False,True,,,,,,,,,2.280681682247089,1.810069211692996,0.4706124705540933,307.33155097481864,38.11422729492188,11.643471905589104,5.545168723255137,15.858023198533086,0.0631485830663324,0.1010049093941024,0.0722551780470977,0.1072150187719494,0.0637904638429617,0.5886691135917841,120.8773431226557,0.1538858699318974,0.18574569692221382,0.09463310460041405,0.3222367437302629,0.24349858481521186
frc_pissa_r32_lr3e4_c256_s43,frc,43.0,frc_pissa_r32_lr3e4_c256,pissa,1.4141,0.1504801222703345,13.25,23.8,69.25,cs,25.25,1.25,23.43,31.14,37.93,54.1678,13.9728,0.0003,,,32.0,False,False,True,66.09,76.33,76.31,61.9,77.11,70.96,54.69,70.6,3.8435286939316966,1.810069211692996,2.033459482238701,724.3925488098992,54.18014526367188,13.974416953325273,18.046002646851083,39.71883044997787,0.2210077431300102,0.0385117522772697,0.4571030001835942,0.0276283388337812,0.2162396027337775,0.5334360885456129,139.44780239177823,0.1886169992816663,0.20285877804905317,0.09337726565521728,0.299175026176843,0.21597193083722024
frc_lorawd_wd0_lr2e5_c256_s42,frc,42.0,frc_lorawd_wd0_lr2e5_c256,lorawd,0.2203,-0.6569855028492324,26.38,36.37,26.23,cs,33.73,19.03,46.14,46.67,36.28,5.9793,2.3025,2e-05,0.0,,,False,False,True,57.65,40.42,27.58,18.38,2.29,21.34,18.94,23.2,2.113616865244536,1.8520239240816387,0.2615929411628972,38.30816125231805,5.290060997009277,2.278486725315452,1.5210393040559609,3.839868945042249,0.0643976190582329,0.0483732773120129,0.124732843902238,0.0617189519092262,0.0787708246005292,0.5571853489992852,78.80619420440445,0.08814187870373284,0.10701634334496651,0.08986375133310563,0.5762608169159353,0.13871720970225962
lrsw_clora_k1024_lr1e3_s42,lrsw,42.0,lrsw_clora_k1024_lr1e3,clora,1.0576,0.024321442141565,16.76,24.37,72.02,cs,25.34,8.18,23.95,31.23,33.16,37.1783,18.1422,0.001,,1024.0,,False,False,True,66.3,77.37,78.2,74.33,77.51,71.8,56.06,74.6,2.87452189570547,1.8520239240816387,1.0224979716238312,871.0729183883801,37.18466567993164,18.14499761462212,16.19402907611082,27.987637177340133,0.0628845020879622,0.0461137976131377,0.0621859037846439,0.0506212940385196,0.0600991840359244,0.5489684645947952,114.87798154232074,0.10492586631403224,0.10617949633518514,0.1299717075559852,0.3858950352772717,0.27302789451752557
frc_milora_lr3e4_c256_s44,frc,44.0,frc_milora_lr3e4_c256,milora,0.7361,-0.1330631822683606,22.58,29.92,78.8,cs,30.66,14.49,32.99,36.52,34.93,84.4544,19.3371,0.0003,,,,False,False,True,70.46,82.21,78.76,87.8,81.77,81.44,68.52,79.4,2.4564784636834647,1.810069211692996,0.646409251990469,606.564199188182,84.45504760742188,19.338108551502227,7.86340958063234,19.231234376614957,0.0698644771160137,0.0575634353952817,0.0676699317032804,0.0919264361425743,0.0648944434458045,0.5288431701995587,129.21609629811363,0.17735486839924736,0.2109332006373853,0.09355356718777219,0.29204455723420053,0.2261138065413945
frc_lorawd_wd0p2_lr7e4_c256_s44,frc,44.0,frc_lorawd_wd0p2_lr7e4_c256,lorawd,0.5988,-0.2227182083289852,22.72,28.84,80.8,cs,30.27,15.17,25.12,37.63,36.0,58.5616,9.2549,0.0007,0.2,,,False,False,True,72.29,83.9,79.99,90.81,83.74,84.18,68.86,82.6,2.176821781020799,1.810069211692996,0.3667525693278033,398.9007164116616,58.56089782714844,9.256131109595298,13.112152558315172,26.47906786416578,0.0765400358313975,0.0454038891395236,0.0798359535071269,0.0483044648145542,0.0733621687104484,0.5355854842491364,119.84324346709883,0.1583318191031776,0.18707613875338625,0.11132357087898126,0.30734091365561134,0.23592755760884365
frm_lorawd_wd0p1_lr3e4_c512_s44,frm,44.0,frm_lorawd_wd0p1_lr3e4_c512,lorawd,0.6598,-0.1805876887906748,21.72,30.87,66.26,math_faithful,29.9,13.55,31.48,36.6,42.8,63.8764,9.543,0.0003,0.1,,,False,False,True,,,,,,,,,2.4458776302895,1.810069211692996,0.6358084185965043,507.0217563203826,63.87538146972656,9.543629701435568,20.849771211656925,49.730289707502,0.0730707069811439,0.0462925847464261,0.0775868653577329,0.0495391721030711,0.0709637895041738,0.5614484691104712,120.06261720699119,0.16141278527757869,0.17962950910030476,0.10567857526398088,0.3210806838013446,0.23219844655679106
qwsw_milora_r32_lr1e4_s45,qwsw,45.0,qwsw_milora_r32_lr1e4,milora,0.1822,-0.7394516273630205,40.07,47.9,69.26,cs,46.94,33.2,69.68,43.52,46.18,9.9606,2.9693,0.0001,,,32.0,False,False,True,74.1,80.14,78.97,86.97,85.0,33.84,30.29,84.8,2.210993010933373,1.9346918347336524,0.2763011761997207,100.6027886058484,9.967615127563477,2.969805686388697,8.11113634383406,24.988985396491877,0.0612342489798817,0.3779966036851136,0.0613303991343557,0.2331477699763148,0.0508102794713935,0.5425994116116688,69.40867649782393,0.10026764172697089,0.014323044384961915,0.026065033949747417,0.42734629409928987,0.4319979858390298
lrsw_sclora_r32_lr5e5_s42,lrsw,42.0,lrsw_sclora_r32_lr5e5,sclora,0.559,-0.2525881921135766,22.47,32.46,80.14,cs,31.99,12.95,41.87,39.59,35.9,11.2865,3.7554,5e-05,,,32.0,False,False,True,71.87,83.35,79.32,90.18,81.45,85.02,68.34,81.6,2.1648488816906912,1.8520239240816387,0.3128249576090525,117.70318725185882,11.292670249938965,3.756379924714565,6.705845446357446,28.071725521827712,0.1132225601321431,0.0384290327273708,0.6664179288565786,0.0066362011948666,0.2244296101169381,0.49148582659464746,119.3079008523624,0.22131815976122376,0.2594146137891403,0.05275802336324881,0.33245003478351254,0.13405916830287462
frm_lorawd_wd0p3_lr3e4_c512_s44,frm,44.0,frm_lorawd_wd0p3_lr3e4_c512,lorawd,0.3225,-0.4914702810287134,24.6,32.77,68.69,math_faithful,32.35,16.86,30.86,40.1,43.68,33.3526,4.5617,0.0003,0.3,,,False,False,True,,,,,,,,,2.0612668717752496,1.810069211692996,0.2511976600822538,219.1747682849669,33.35249328613281,4.562080325186253,16.717025142319365,43.02925683245487,0.0768575314431115,0.0471897339534703,0.0887043681608694,0.0484963624083836,0.0753111852624654,0.5617687088424331,109.3514606932107,0.12868750319317457,0.15901374681090485,0.09195525200901751,0.3549099730771725,0.2654335249097307
qwsw_lora_r16_lr3e4_s44,qwsw,44.0,qwsw_lora_r16_lr3e4,lora,0.3759,-0.4249276742861875,34.94,42.22,83.94,cs,41.28,28.61,64.68,36.86,39.68,30.5779,10.6945,0.0003,,,16.0,False,False,True,73.55,89.34,76.82,94.29,83.9,87.21,79.78,86.6,2.393254353968371,1.9346918347336524,0.4585625192347184,378.9868857971999,30.583223342895508,10.701972371339798,6.5183500379086805,13.453411224606016,0.1116935691554634,0.0925484241104175,0.0657806602098758,0.0462385137245415,0.0687853225957276,0.5266506317119393,68.6220428587381,0.1168887951101874,0.01345033916216494,0.009871152410763499,0.4881098515652565,0.37167986175162776
qwswm_milora_r32_lr3e4_s44,qwswm,44.0,qwswm_milora_r32_lr3e4,milora,0.1856,-0.7314220281171567,43.14,52.19,61.03,gsm8k,47.72,38.56,70.23,48.38,56.04,14.0188,3.5995,0.0003,,,32.0,False,False,True,,,,,,,,,2.2390210943064868,1.8790178806577968,0.3600032136486899,151.6154662283829,14.019126892089844,3.5999100357294083,12.41991663950364,30.16646311432909,0.0775267292650458,0.2598720755538766,0.0565688053720809,0.1952053864727301,0.0573117079791532,0.5297658850435988,73.55785800730237,0.12341473286841437,0.01893327484354796,0.022706981253468265,0.4482114856639359,0.3867335253706336
lrswm_milora_r32_lr3e4_s42,lrswm,42.0,lrswm_milora_r32_lr3e4,milora,0.4679,-0.3298469548078198,24.16,32.21,47.54,gsm8k,32.11,16.22,32.54,39.59,40.61,29.0666,11.6509,0.0003,,,32.0,False,False,True,,,,,,,,,2.336056564985544,1.8520239240816387,0.4840326409039051,306.9366294376187,29.06647109985352,11.653344714641571,5.494012585416949,15.774638560688246,0.062775208784624,0.1006710939366037,0.0725926909972753,0.1070406143807406,0.0639111113935125,0.5884088942734796,122.54123290124089,0.15550466316611952,0.18145809672628233,0.09532029073163317,0.325505351416,0.24221159795996486
lrswm_milora_r32_lr1e3_s42,lrswm,42.0,lrswm_milora_r32_lr1e3,milora,1.2944,0.112068504268197,18.95,26.83,40.79,gsm8k,27.88,10.03,22.94,28.58,44.7,171.7255,24.4051,0.001,,,32.0,False,False,True,,,,,,,,,3.436705591410807,1.8520239240816387,1.5846816673291682,1078.6858363759652,171.7261962890625,24.40772517323494,13.701849154589016,25.916930101165757,0.0707803574157003,0.0529295854490873,0.0707540102650848,0.0596066117008278,0.0675500074823493,0.5607854129585792,120.02790752328504,0.18529646650237314,0.18190448571413043,0.11798166045607925,0.31428564369265494,0.20053174363476234
frc_lorawd_wd0p2_lr1e3_c256_s42,frc,42.0,frc_lorawd_wd0p2_lr1e3_c256,lorawd,0.6426,-0.1920592787845007,24.08,30.48,78.8,cs,31.61,16.55,33.72,35.24,35.27,60.0743,9.5314,0.001,0.2,,,False,False,True,69.79,82.21,80.66,87.44,81.45,81.69,68.34,78.8,2.182870988422297,1.8520239240816387,0.3308470643406584,421.9315379191352,60.07316589355469,9.532605665922166,13.57988919708636,27.256467471850637,0.0772613915445131,0.0451717313889326,0.0806255920908861,0.0483907127705418,0.0747728868899911,0.5312494143389586,119.80852283419075,0.16982020270622256,0.1921045359936876,0.11908330357578918,0.2946030258096057,0.2243889319146951
frm_lorawd_wd0_lr1e4_c256_s44,frm,44.0,frm_lorawd_wd0_lr1e4_c256,lorawd,0.4449,-0.3517375942519555,23.14,31.57,63.31,math_faithful,31.65,14.63,27.46,40.78,43.32,27.1613,9.6693,0.0001,0.0,,,False,False,True,,,,,,,,,2.392044755466332,1.8520239240816387,0.5400208313846928,337.2290660546988,27.180194854736328,9.670947889983657,7.968937261250341,33.12845577898808,0.0659732925532791,0.0484193820156736,0.0725973671017097,0.0511382619460456,0.0646716190018066,0.5807724251707082,121.04168239156931,0.14511632679884873,0.157912899450071,0.10138132238837788,0.34659589661299334,0.24899355474970916
lrswm_dora_r16_lr2e4_s42,lrswm,42.0,lrswm_dora_r16_lr2e4,dora,0.3777,-0.422853015172475,24.34,32.13,45.56,gsm8k,31.96,16.72,28.54,41.04,42.38,25.6792,9.9953,0.0002,,,16.0,False,False,True,,,,,,,,,2.1636196462120223,1.8520239240816387,0.3115957221303835,240.81980963719903,25.714889526367188,10.001145376265049,3.482865851458648,9.47375231227744,0.0666501290935253,0.04927033539228,0.079656103631399,0.0497818781528716,0.0665270086407837,0.5860186912765701,110.69629809953379,0.12105115255560159,0.13172991140991056,0.09348483018880449,0.3658001782950272,0.2879339275506563
lrsw_clora_k1024_lr2e4_s44,lrsw,44.0,lrsw_clora_k1024_lr2e4,clora,0.3321,-0.4787311244016147,25.32,33.66,74.17,cs,32.85,17.78,41.6,40.27,35.79,16.5136,7.8458,0.0002,,1024.0,,False,False,True,71.35,83.46,69.91,74.23,82.4,75.67,58.36,78.0,2.104970657734514,1.810069211692996,0.2949014460415189,258.3108096014177,16.51614761352539,7.850437062978744,5.582591491854311,18.875886315925914,0.060108701505849,0.0487370202990343,0.0670265054735539,0.0491139060915183,0.0578990975445512,0.5451124117825322,84.57965530712998,0.05037307079602162,0.045358475034058765,0.07106565934710793,0.46874839278114677,0.3644544020416649
lrsw_lora_r16_lr1e3_s44,lrsw,44.0,lrsw_lora_r16_lr1e3,lora,1.402,0.1467480136306398,16.93,24.87,68.69,cs,25.51,8.35,23.8,31.4,35.3,252.0014,32.0512,0.001,,,16.0,False,False,True,64.89,74.92,76.36,63.33,74.11,70.41,56.48,69.0,2.886296146387437,1.810069211692996,1.0762269346944413,1264.3007564794982,251.99729919433597,32.04918010234833,9.981975980943629,14.950247298129296,0.0799738012290169,0.0460451842655792,0.0672416480365235,0.0527224493004865,0.0708106842572697,0.4841015789345975,81.6513854590938,0.2624118724678455,0.27654592314593185,0.1453611180071953,0.19334869809446903,0.1223323882845582
qwswm_clora_k1024_lr1e4_s43,qwswm,43.0,qwswm_clora_k1024_lr1e4,clora,0.0538,-1.269217724333611,43.34,53.74,64.29,gsm8k,44.65,42.02,71.95,52.65,57.44,5.7126,1.1636,0.0001,,1024.0,,False,False,True,,,,,,,,,1.980874308492533,1.9346918347336524,0.0461824737588807,48.34720561239136,5.717251300811768,1.1639782199269186,8.508610077330369,22.97821712718002,0.0559021104537494,0.0447264952508574,0.061965255997164,0.0496117233814524,0.0473259667535465,0.5326517788213371,53.3525326516529,0.06411197600497363,2.214443761816482e-09,5.506282640481857e-09,0.6246102176221306,0.3112777986521695
qwswm_sclora_r32_lr2e5_s43,qwswm,43.0,qwswm_sclora_r32_lr2e5,sclora,0.0551,-1.2588484011482148,44.28,54.32,69.07,gsm8k,48.41,40.15,71.7,54.18,57.16,1.8126,0.4702,2e-05,,,32.0,False,False,True,,,,,,,,,1.9794590311471412,1.9346918347336524,0.044767196413489,21.15901309123067,1.8131853342056277,0.4702192832316671,12.386218999705465,35.24653744078103,0.1507495274302911,0.1040554796611109,0.4111978203290816,0.023812989345924,0.1723221962736191,0.5193884668806819,53.53502794934578,0.10200929347978169,0.022674415160495957,0.020872261987739154,0.6783096409165934,0.17613438845538978
qwsw_clora_k1024_lr3e4_s43,qwsw,43.0,qwsw_clora_k1024_lr3e4,clora,0.2865,-0.5428753736965912,37.88,44.56,85.84,cs,43.86,31.91,65.88,38.4,42.73,26.0211,6.7606,0.0003,,1024.0,,False,False,True,73.88,89.01,79.58,94.46,84.77,92.51,83.28,89.2,2.3892735097235027,1.9346918347336524,0.4545816749898503,355.1418981162484,26.044923782348636,6.761719928692661,11.036339930573842,25.816813251390787,0.0516564669535711,0.0430332987345745,0.0571979384351354,0.0441060483062142,0.0432085803955389,0.5562283794388131,55.803044269261875,0.045145962434985774,2.7278049134903064e-10,4.441384613256132e-10,0.5456239461735178,0.4092300906745772
frm_sclora_lr1e4_c256_s42,frm,42.0,frm_sclora_lr1e4_c256,sclora,0.8531,-0.0690000580438478,17.6,27.01,59.97,math_faithful,28.44,6.76,23.48,33.7,42.65,35.8787,9.113,0.0001,,,,False,False,True,,,,,,,,,3.0573106527508784,1.8520239240816387,1.2052867286692397,542.1494318698105,35.87779235839844,9.113319055736063,23.80943087050069,63.00177449509348,0.0816348170100152,0.0420542966844584,0.4088275762677301,0.0124275198782579,0.1677748507150181,0.5161618943326322,123.02656984203736,0.20734376449859965,0.18641583459114103,0.0740354767262721,0.3807274112219752,0.15147751296201206
frm_lorawd_wd0p5_lr5e4_c256_s44,frm,44.0,frm_lorawd_wd0p5_lr5e4_c256,lorawd,0.2608,-0.5836924129401175,25.08,33.08,64.82,math_faithful,32.54,17.62,31.87,39.68,43.7,28.5665,3.388,0.0005,0.5,,,False,False,True,,,,,,,,,1.9846522583420048,1.810069211692996,0.174583046649009,158.36476780677867,28.56626892089844,3.3883649088442325,15.427448697511624,39.72676349332469,0.0848829719837031,0.0463766803465406,0.0986121124784135,0.0469175252026305,0.0815618292850298,0.5568012027060237,95.79088867613719,0.11608169419860662,0.15572777056121817,0.08676591591955712,0.3731554216056761,0.26826919771494195
frc_sclora_lr2e4_c256_s43,frc,43.0,frc_sclora_lr2e4_c256,sclora,0.8038,-0.0948519981439839,18.31,26.12,78.5,cs,29.21,7.41,24.51,36.01,33.47,37.8828,11.2106,0.0002,,,,False,False,True,71.8,82.37,78.66,85.51,82.87,81.14,65.61,80.0,2.5506599769493032,1.810069211692996,0.7405907652563075,533.7271928388107,37.88285446166992,11.211896207928657,14.74769447721674,32.19504275447015,0.0750162230828693,0.0426961297947432,0.3179577470115044,0.0170479067294339,0.1429928169214585,0.5173244995333274,125.0553747875761,0.17967171316623243,0.17578373716727835,0.08034972370378173,0.3798895693375456,0.18430525662516195
qwsw_dora_r16_lr1e4_s42,qwsw,42.0,qwsw_dora_r16_lr1e4,dora,0.159,-0.7986028756795485,38.5,48.43,86.8,cs,45.58,31.43,70.83,47.7,46.63,16.3514,4.7442,0.0001,,,16.0,False,False,True,74.13,89.17,79.99,95.01,86.35,92.97,85.58,91.2,,,,117.58669742545892,16.379737854003906,4.74618695804051,3.109610741202512,8.581648486176606,0.1152576054690915,0.0917584701149657,0.0791098454311681,0.0483553689555339,0.0736299383532633,0.5317667650015254,61.937748747437055,0.08442947804370972,0.011176442075689389,0.009968702308446348,0.5398090871071504,0.35461629046500426
qwsw_lora_r16_lr5e4_s43,qwsw,43.0,qwsw_lora_r16_lr5e4,lora,0.5288,-0.2767085535224161,15.4,32.9,73.51,cs,14.65,16.16,57.17,38.48,38.06,41.4081,14.1717,0.0005,,,16.0,False,False,True,70.12,58.54,78.15,57.17,82.95,85.86,73.72,81.6,2.626065011443537,1.9346918347336524,0.6913731767098845,589.2792842637656,41.40712738037109,14.174031627178191,9.2964142173438,14.859521691903742,0.1132698652513101,0.093495230903612,0.0629939355986595,0.0472565729061505,0.0695858562632202,0.5114858449473639,73.186181513203,0.1647918728688009,0.014695276615198144,0.0103306555736616,0.47233599512825164,0.33784619981408764
lrswm_sclora_r32_lr1e3_s44,lrswm,44.0,lrswm_sclora_r32_lr1e3,sclora,1.6668,0.2218834917852404,6.76,21.77,45.56,math_faithful,12.0,1.51,23.63,27.22,44.49,183.5986,23.0847,0.001,,,32.0,False,False,True,,,,,,,,,4.362299518784735,1.810069211692996,2.55223030709174,1227.3714899536485,183.5968170166016,23.08693686723709,18.64499508483288,32.68856503453309,0.0944876742621693,0.0425361058051503,0.1766079433936434,0.0401416211461044,0.118274086750533,0.5504086654767056,117.74233296478445,0.19813154923279286,0.17613987008431942,0.11309593007716956,0.32146241508217976,0.19117023552353843
qwsw_lora_r16_lr1e4_s44,qwsw,44.0,qwsw_lora_r16_lr1e4,lora,0.1612,-0.7926349625309281,37.77,47.03,86.61,cs,46.03,29.51,70.73,42.41,46.49,15.2075,4.7202,0.0001,,,16.0,False,False,True,73.52,88.52,78.86,94.89,85.0,94.95,86.77,90.4,,,,117.11496156601712,15.232866287231444,4.722035699231284,3.095148166041992,8.588560047607416,0.1154598281840191,0.0916793481197878,0.079428435023101,0.04804719485304,0.0739128954069403,0.5354794727188363,62.42474118535652,0.08523744745587358,0.010998896224751977,0.010080615495804057,0.5351208556675839,0.35856218515598637
lrswm_dora_r16_lr5e4_s44,lrswm,44.0,lrswm_dora_r16_lr5e4,dora,0.8888,-0.0511959540671887,21.36,30.12,44.28,gsm8k,30.16,12.57,27.8,37.2,42.88,97.2612,19.9288,0.0005,,,16.0,False,False,True,,,,,,,,,2.484930321338413,1.810069211692996,0.6748611096454173,629.1573321475935,97.2593002319336,19.937479564547537,6.182236436175476,12.990312842354587,0.0719743284641855,0.046677242763589,0.0746755472037831,0.0500402984135638,0.069097771960891,0.5736359412344615,114.35125873292365,0.16325435358452,0.20172180096332076,0.10313134369457125,0.3125015918902707,0.21939090986731724
frm_lorawd_wd0p2_lr7e4_c256_s42,frm,42.0,frm_lorawd_wd0p2_lr7e4_c256,lorawd,0.6445,-0.1907770783105782,20.82,29.96,61.26,math_faithful,30.21,11.44,27.6,36.35,44.18,55.7539,7.4768,0.0007,0.2,,,False,False,True,,,,,,,,,2.480879352597427,1.8520239240816387,0.6288554285157884,421.568285497598,55.75177764892578,7.477226421236992,22.82263944002055,50.619192287042,0.0809769010610135,0.0450614093189013,0.0930449128556174,0.0471963512718053,0.0810427792970151,0.5588015196649869,104.18692096422507,0.1439395437789072,0.15666330025925468,0.10753783330140049,0.35159627484272626,0.24026304781771138
qwsw_lora_null_r16_lr5e5_s44,qwsw,44.0,qwsw_lora_null_r16_lr5e5,lora_null,0.1069,-0.971022294791222,38.94,51.21,85.66,cs,45.98,31.89,71.66,55.89,50.63,6.0593,1.6635,5e-05,,,16.0,False,False,True,62.17,89.39,79.68,93.89,85.08,95.03,88.82,91.2,1.9941492791671245,1.9346918347336524,0.0594574444334721,48.6446590110143,6.060436248779297,1.6637699787105833,5.177384177832467,14.35988312828288,0.2025888475367261,0.0752692193609959,0.0980661488867376,0.1156028956909887,0.1177424489752319,0.5857183807820083,57.1672068999265,0.08988426686226965,0.016689363950299876,0.012420226412863628,0.586274036441042,0.2947321063335249
frm_lorawd_wd0p2_lr2e4_c256_s44,frm,44.0,frm_lorawd_wd0p2_lr2e4_c256,lorawd,0.3621,-0.4411714751829884,25.21,33.75,64.67,math_faithful,33.42,17.0,34.19,40.61,43.53,32.5246,5.9224,0.0002,0.2,,,False,False,True,,,,,,,,,2.141852981766768,1.810069211692996,0.3317837700737722,260.94089418712707,32.52446365356445,5.923142156004905,13.40421754071639,40.05611365140533,0.0717994028834247,0.048267081475234,0.0809443807949772,0.0495290300596856,0.070559503560975,0.5718752877684973,118.08964440064013,0.1433639467189715,0.1637933167983196,0.09545386167408365,0.33564670322345236,0.261742171585173
frm_lorawd_wd0p2_lr5e4_c256_s43,frm,43.0,frm_lorawd_wd0p2_lr5e4_c256,lorawd,0.5639,-0.2487979054116469,22.56,32.31,62.4,math_faithful,31.02,14.09,31.46,38.31,46.69,57.2899,6.9812,0.0005,0.2,,,False,False,True,,,,,,,,,2.318121794092624,1.810069211692996,0.5080525823996285,374.4586088513728,57.28989410400391,6.9815713301301,21.49475573408742,49.60831738377612,0.079960426247792,0.0454019578801119,0.0899029664919335,0.0476253848802745,0.0788269515460564,0.5560427709219465,106.63561579076203,0.14268735350993256,0.1644436225370498,0.10312996656767026,0.3450523704485751,0.24468668693677248
lrsw_lora_r16_lr2e5_s42,lrsw,42.0,lrsw_lora_r16_lr2e5,lora,0.2289,-0.6403542073254571,26.32,36.8,53.56,cs,33.59,19.05,45.83,47.61,37.93,4.9188,1.9701,2e-05,,,16.0,False,False,True,7.19,58.43,46.67,46.1,74.82,72.56,59.9,62.8,2.1331621092467725,1.8520239240816387,0.2811381851651338,30.95948556662629,4.928798198699951,1.971970466896892,1.2765119585822111,2.246061580555928,0.0627951119156539,0.0477827751598482,0.136826334582985,0.0602367512208877,0.0812434423827133,0.5661506331852518,75.71404459988904,0.08300179545926076,0.10982089445684891,0.09347633055253446,0.5887028133943383,0.1249981661370175
frc_lorawd_wd0_lr1e4_c256_s43,frc,43.0,frc_lorawd_wd0_lr1e4_c256,lorawd,0.299,-0.5243288116755703,26.2,35.21,80.93,cs,33.24,19.16,46.77,40.36,36.52,19.4162,8.066,0.0001,0.0,,,False,False,True,72.2,84.17,78.56,91.37,83.19,84.93,71.59,81.4,1.9844879988502595,1.810069211692996,0.1744187871572637,184.19626800462544,19.41985321044922,8.067555004358292,3.1903902516517424,11.530489788376435,0.0700428544636877,0.0488761210329826,0.08416983821368,0.049865174297267,0.0697083078854884,0.5373062990350934,115.8302950468807,0.11810616182119175,0.12397463276483472,0.09813012209040817,0.39315268883599797,0.2666363944875675
lrsw_lorawd_wd0p3_lr3e4_s44,lrsw,44.0,lrsw_lorawd_wd0p3_lr3e4,lorawd,0.3507,-0.4550642341184974,26.9,34.94,49.84,cs,34.27,19.53,44.94,40.96,35.01,20.3812,7.0489,0.0003,0.3,,,False,False,True,44.53,71.33,26.46,26.97,58.72,63.51,51.37,55.8,2.001071157024464,1.810069211692996,0.1910019453314679,233.90933711129688,20.380992889404297,7.050029443204403,7.035176910976501,19.614077751256414,0.0726096937105747,0.0473795993258796,0.0836432987846614,0.0480827663875589,0.0710507815294398,0.5463594080481969,119.72127435057381,0.12795829517617874,0.14390214075732846,0.09654903920525232,0.3524620862732315,0.2791284385880091
lrsw_sclora_r32_lr3e4_s43,lrsw,43.0,lrsw_sclora_r32_lr3e4,sclora,0.7458,-0.1273776209747116,18.98,27.32,79.29,cs,28.74,9.21,25.17,38.31,35.17,39.3146,10.2703,0.0003,,,32.0,False,False,True,71.99,82.26,79.48,87.15,82.72,82.49,66.21,82.0,2.507403742016905,1.810069211692996,0.6973345303239091,481.8272839553206,39.31412124633789,10.271373137831688,14.492807877013012,34.01773505015801,0.084164267495994,0.0405735694453923,0.2432625776947939,0.0263174093267397,0.1274613982593089,0.5268603796905159,130.51275035482828,0.17121481965317883,0.1695437307046446,0.0873226239295551,0.34653962496961427,0.2253792007430071
frc_clora_k2048_lr3e4_c256_s45,frc,45.0,frc_clora_k2048_lr3e4_c256,clora,0.3359,-0.4737899961583357,25.29,33.23,71.52,cs,33.44,17.14,38.42,40.27,36.88,16.6064,8.2727,0.0003,,2048.0,,False,False,True,44.65,83.41,79.53,52.16,79.24,83.63,69.71,79.8,2.102702595559553,1.810069211692996,0.2926333838665578,293.3429075981437,16.62433433532715,8.27593711167574,6.10197041875656,19.011965913960704,0.0546448898902872,0.04880412256214,0.0608778391250889,0.0485855774484815,0.0528106616249021,0.5442780022753934,76.06213565013609,0.03404493867799059,0.029846434920316613,0.05133290908758251,0.49213771803455136,0.392637999279559
qwswm_lorawd_wd0p3_lr3e4_s44,qwswm,44.0,qwswm_lorawd_wd0p3_lr3e4,lorawd,0.1038,-0.9838026464875608,45.16,54.22,67.48,gsm8k,47.09,43.23,71.49,52.05,57.22,7.9923,2.239,0.0003,0.3,,,False,False,True,,,,,,,,,,,,97.00495446474916,7.9920549392700195,2.2394759359104293,11.336624474366792,25.43020653682357,0.1168599009136467,0.100790243752318,0.0664404358640068,0.0471487570573164,0.0725564067343736,0.5351246825243229,69.92356460001676,0.13044878014221212,0.01874374297800308,0.011350464748640349,0.4577191189827599,0.38173789314838474
frc_clora_k2048_lr3e4_c256_s43,frc,43.0,frc_clora_k2048_lr3e4_c256,clora,0.3516,-0.4539511335982656,25.27,34.65,75.63,cs,33.64,16.9,44.86,40.02,37.83,17.5681,8.4944,0.0003,,2048.0,,False,False,True,62.17,82.59,73.64,71.76,82.24,83.92,69.11,79.6,2.189928495759926,1.8520239240816387,0.3379045716782873,293.7223695573525,17.571374893188477,8.497913520038129,5.863729316438789,18.76077019098201,0.0544711135704068,0.0485567113775272,0.0609058759363885,0.0485650308547485,0.0527505573386624,0.5432916966381633,76.24900831558148,0.03398194400870948,0.029250202994980566,0.05270200560094586,0.4937161715578736,0.3903496758374906
frc_lorawd_wd0p1_lr2e4_c256_s42,frc,42.0,frc_lorawd_wd0p1_lr2e4_c256,lorawd,0.4288,-0.3677452233152863,25.24,33.94,81.28,cs,32.13,18.35,42.87,41.64,34.69,29.5455,10.6581,0.0002,0.1,,,False,False,True,72.81,83.9,79.89,91.11,83.98,86.07,70.65,81.8,2.1324998854124804,1.8520239240816387,0.2804759613308416,302.1743648841436,29.584373474121094,10.663493371009826,5.086134999555241,16.827388644983177,0.069142147396923,0.047354496566769,0.0786416559396955,0.0488592013054076,0.0681170044270037,0.5409359081827874,124.15839306721425,0.13555952071789584,0.1485230085214068,0.09798389820017951,0.34598408123465163,0.2719494913258662
lrswm_clora_k1024_lr2e5_s42,lrswm,42.0,lrswm_clora_k1024_lr2e5,clora,0.1947,-0.7106340484799682,26.15,33.85,34.87,gsm8k,34.74,17.55,30.5,46.25,40.2,5.0204,1.5235,2e-05,,1024.0,,False,False,True,,,,,,,,,1.9381953046365477,1.8520239240816387,0.0861713805549087,31.97136893822821,5.029606819152832,1.5245819360017776,2.399548807727332,9.0699544651917,0.0581562546063232,0.0506050159986328,0.1101437458362332,0.0559443737069601,0.0667291764623975,0.5644181468706542,64.07903358727201,0.07223683148255688,0.07082728258015741,0.0666494359768249,0.6518732616905563,0.13841318826990437
lrswm_clora_k1024_lr5e5_s42,lrswm,42.0,lrswm_clora_k1024_lr5e5,clora,0.2113,-0.6751005029476866,25.56,33.9,40.64,gsm8k,33.33,17.78,30.22,45.48,42.68,7.197,2.6017,5e-05,,1024.0,,False,False,True,,,,,,,,,1.9766705135096625,1.8520239240816387,0.1246465894280237,63.21678987932209,7.204617977142334,2.603040646761656,3.223923004861513,11.856344741847956,0.0611358340187594,0.0567386312854089,0.0877176411149551,0.0533885817231174,0.0630507389405693,0.5710855366189724,76.77138562516646,0.06437285257304087,0.06157399497273381,0.06706752295116719,0.5543466904189315,0.2526389390841267
lrsw_milora_r32_lr5e5_s44,lrsw,44.0,lrsw_milora_r32_lr5e5,milora,0.1984,-0.7024583321818402,27.28,36.65,38.85,cs,34.94,19.61,47.54,44.37,36.79,6.2668,3.0166,5e-05,,,32.0,False,False,True,55.99,47.44,3.12,20.16,63.46,48.95,37.12,34.6,1.8801803169229967,1.810069211692996,0.0701111052300014,56.56670718299365,6.268835067749023,3.017185980081558,2.980664098492585,10.189327957858714,0.0583735758699181,0.2211293871158572,0.0995824728826203,0.1926986702212194,0.0694658799142913,0.5598318293657814,110.55373256673766,0.11854837742966245,0.1290071978953013,0.11478632043939624,0.4176516122407161,0.22000649199492384
lrsw_lora_r16_lr2e5_s44,lrsw,44.0,lrsw_lora_r16_lr2e5,lora,0.2325,-0.6335770427740273,26.49,36.89,59.43,cs,33.79,19.19,46.23,47.61,37.64,4.8536,1.9812,2e-05,,,16.0,False,False,True,61.8,55.06,66.02,34.86,70.88,67.21,58.62,61.0,2.0840292587578664,1.810069211692996,0.2739600470648706,30.977224385583288,4.8643012046813965,1.9830470044165849,1.2596316891971326,2.2371137573973336,0.0627943892529948,0.0475475539843812,0.1375885025068179,0.0597523472023215,0.081794814724074,0.5612016556668216,76.86797138781496,0.08207718351114834,0.11569447159533221,0.0912678702564991,0.5853624911108597,0.12559798352616075
qwswm_sclora_r32_lr5e4_s44,qwswm,44.0,qwswm_sclora_r32_lr5e4,sclora,0.5244,-0.2803373169819533,23.58,39.37,59.14,gsm8k,31.64,15.53,55.17,42.15,52.38,25.4734,7.3134,0.0005,,,32.0,False,False,True,,,,,,,,,2.844025901429144,1.9346918347336524,0.9093340666954915,424.2577836836055,25.493173599243164,7.314906608206885,17.85643204352601,37.63287275738604,0.1465418730042251,0.0949908023793165,0.2110619554947876,0.035867877362036,0.1363513872539163,0.5389726196711269,66.1034317170393,0.12292678340716141,0.018587803753049838,0.013780169919772328,0.5405806536079728,0.3041245893120436
qwswm_lora_r32_lr5e5_s42,qwswm,42.0,qwswm_lora_r32_lr5e5,lora,0.0518,-1.285670240254767,43.84,53.6,62.24,gsm8k,46.84,40.84,72.11,50.68,57.51,3.8337,1.1338,5e-05,,,32.0,False,False,True,,,,,,,,,,,,31.4187020451609,3.835276126861572,1.1341798862176282,4.964951201572802,18.28682939749442,0.1255247209101752,0.105809186842117,0.0726418417332142,0.0536726804334602,0.0769374436037011,0.5236084319902787,63.94924644223504,0.11905048799461763,0.019027315690566055,0.014776547195948567,0.5688713267791063,0.27827432233976146
frc_lora_null_lr3e4_c256_s44,frc,44.0,frc_lora_null_lr3e4_c256,lora_null,0.781,-0.1073489661226996,18.32,27.03,78.18,cs,28.41,8.23,25.56,38.99,33.95,77.9604,15.0227,0.0003,,,,False,False,True,70.03,81.83,79.07,85.42,80.98,81.19,66.55,80.4,2.6230459969421487,1.810069211692996,0.812976785249153,658.3770272003364,77.95926666259766,15.024038380384445,13.008808526733327,30.21675411123966,0.0943391268104251,0.0426373421563137,0.1033701029498751,0.0603942850145551,0.0897012872282478,0.5338408155524609,130.84510426640878,0.18081987801626792,0.19177032564731675,0.0960229748479466,0.3240219375203054,0.20736488396816322
frc_lorawd_wd0_lr3e4_c256_s44,frc,44.0,frc_lorawd_wd0_lr3e4_c256,lorawd,0.76,-0.1191864077192086,22.62,31.15,78.78,cs,31.16,14.08,38.28,37.12,35.11,67.7143,17.6812,0.0003,0.0,,,False,False,True,69.57,81.99,79.79,88.86,82.87,81.94,66.64,78.6,2.4541965042712923,1.810069211692996,0.6441272925782966,593.2364522334947,67.71345520019531,17.683122992515564,7.467128284300186,21.384654169885803,0.0701960286869873,0.0461003835407181,0.0705132519887609,0.0497194826038958,0.0661397176872774,0.5350998645740838,132.21698551029783,0.17119539029072206,0.1909310186079179,0.10611496407339005,0.3021794177071161,0.22957920932085396
frc_lora_null_lr5e4_c256_s46,frc,46.0,frc_lora_null_lr5e4_c256,lora_null,1.1823,0.0727276895852654,16.39,24.48,72.26,cs,24.11,8.67,23.15,32.76,33.72,150.6621,21.6292,0.0005,,,,False,False,True,67.13,79.22,76.0,71.09,77.51,73.53,58.79,74.8,2.9855689914310437,1.810069211692996,1.1754997797380475,1035.168531060826,150.65769958496094,21.63147462010384,16.213998901919382,30.599529377090047,0.0861137259879582,0.0438689347517817,0.0887149604750203,0.0577841217498008,0.0832095972872947,0.521031388784841,127.28807157324808,0.21188953151359452,0.22736578549501557,0.11544382715849616,0.2741838825284519,0.17111697330444187
frc_lorawd_wd0p3_lr1e3_c256_s43,frc,43.0,frc_lorawd_wd0p3_lr1e3_c256,lorawd,0.4418,-0.3547742884645838,25.54,32.9,81.31,cs,33.6,17.49,41.8,37.63,33.97,48.9869,7.1465,0.001,0.3,,,False,False,True,72.2,84.28,80.5,91.75,83.5,84.01,69.2,85.0,2.004617754513131,1.810069211692996,0.1945485428201354,296.0925132054652,48.98600769042969,7.146924632787704,11.740895643983851,25.462841273894497,0.0770156954703975,0.0449873427755782,0.0853262455952579,0.0477306843773335,0.0760646067042475,0.5282461791131435,108.13394122604163,0.1509384385222805,0.1854535482731124,0.10918416717369915,0.31597719153223636,0.2384466544986717
frc_lora_null_lr7e4_c256_s43,frc,43.0,frc_lora_null_lr7e4_c256,lora_null,1.5955,0.2028968085295292,15.64,24.96,62.49,cs,24.05,7.22,23.06,31.83,38.65,204.1212,28.3484,0.0007,,,,False,False,True,63.64,71.76,74.21,46.2,70.32,63.22,48.21,62.4,3.343153943720239,1.810069211692996,1.5330847320272432,1379.141373890178,204.1199188232422,28.350052058696747,16.60983872220714,30.57842628762084,0.0853296148948467,0.0450820225743083,0.083111259837328,0.0561965231130986,0.0834657974918672,0.5107814886166095,109.78633433055366,0.2361851591813831,0.25921458988743246,0.12722097205281155,0.2356243745340164,0.14175490434435647
frm_lorawd_wd0p2_lr2e4_c512_s43,frm,43.0,frm_lorawd_wd0p2_lr2e4_c512,lorawd,0.3538,-0.4512421714262956,25.02,34.35,67.85,math_faithful,32.9,17.14,37.65,40.96,43.12,30.1186,5.769,0.0002,0.2,,,False,False,True,,,,,,,,,2.1126494329358816,1.810069211692996,0.3025802212428858,261.7515057094879,30.117938995361328,5.769575496017933,14.00241965724264,40.957689290469446,0.0715433618700834,0.0481193035612256,0.0806538421245847,0.0496253009767429,0.0702112674733854,0.5728188177714301,116.85199350219298,0.13906542207293332,0.1628501289000563,0.09378989690479456,0.3379301234186839,0.26636442870353183
frm_lorawd_wd0p2_lr2e4_c256_s45,frm,45.0,frm_lorawd_wd0p2_lr2e4_c256,lorawd,0.3554,-0.4492825765307173,24.37,34.44,64.29,math_faithful,32.36,16.38,37.96,40.7,44.81,31.9973,5.9416,0.0002,0.2,,,False,False,True,,,,,,,,,2.1449601050110587,1.810069211692996,0.334890893318063,261.1615552047309,31.998065948486328,5.9421802625060085,13.260071945992566,40.03447855871047,0.0719021502749964,0.0480441466536489,0.0810909778552275,0.0494205385993661,0.0706817426129328,0.571545378496638,117.35989802450548,0.14183985888589445,0.16467351582100573,0.09485781446401827,0.3347286253039452,0.2639001855251362
lrswm_dora_r16_lr5e5_s44,lrswm,44.0,lrswm_dora_r16_lr5e5,dora,0.3394,-0.469288162018343,25.84,33.24,41.7,gsm8k,34.3,17.39,28.44,44.8,41.28,12.1508,3.6875,5e-05,,,16.0,False,False,True,,,,,,,,,1.9276548867797296,1.810069211692996,0.1175856750867341,66.25980642602256,12.178173065185549,3.6895715802907945,1.862572345352912,4.422830256304651,0.0645782633390786,0.0556668096575767,0.1230889501198755,0.0507443289298259,0.0762328832973376,0.5694606751379185,89.30844822947938,0.10038541467686868,0.12325534843961244,0.08584962240090967,0.48967690617631565,0.2008327083062934
qwsw_clora_k1024_lr1e4_s42,qwsw,42.0,qwsw_clora_k1024_lr1e4,clora,0.1295,-0.8877302315827293,37.96,49.13,87.07,cs,44.49,31.42,71.41,49.49,48.85,12.1192,3.4195,0.0001,,1024.0,,False,False,True,72.14,89.83,79.84,95.26,85.87,95.5,88.74,89.4,,,,121.79020638288858,12.130279541015623,3.4217817793664707,4.920791218364266,17.303708516799983,0.0573858427500857,0.042888210318648,0.0660130400030997,0.0462809582436043,0.047261821877571,0.5650270497408725,53.56133390173228,0.04310598075001373,7.503287671019747e-10,1.179471033679451e-09,0.5808808477554258,0.37601316956476066
qwsw_dora_r16_lr2e4_s43,qwsw,43.0,qwsw_dora_r16_lr2e4,dora,0.2584,-0.5877074906769535,38.28,46.9,86.85,cs,44.99,31.57,68.34,44.54,45.05,23.6496,8.2019,0.0002,,,16.0,False,False,True,73.58,89.5,79.58,94.8,86.11,94.15,86.69,90.4,2.222975427727989,1.9346918347336524,0.2882835929943366,250.85402556578424,23.678882598876957,8.209315928391048,4.82827069371459,11.698347510870288,0.1129038946161887,0.0920858106966001,0.0702197126010299,0.0464049270239447,0.0705414947265817,0.5337253969481329,65.76644309430566,0.10003296393572138,0.012379485466383925,0.009787340995853903,0.49799745323960426,0.3798027563624367
frm_lorawd_wd0p1_lr3e4_c256_s42,frm,42.0,frm_lorawd_wd0p1_lr3e4_c256,lorawd,0.6511,-0.1863523046531033,21.16,29.88,63.31,math_faithful,30.15,12.18,28.51,34.81,43.75,77.294,9.8557,0.0003,0.1,,,False,False,True,,,,,,,,,2.5312329554390125,1.8520239240816387,0.6792090313573738,512.3321931514336,77.2908706665039,9.856271310150625,20.22489176498258,49.18874802044756,0.074155081187619,0.0463902156441059,0.0778552811309122,0.0495059300323288,0.0714947241005883,0.558690689133691,117.10765300248907,0.1595716395467003,0.18512381134049383,0.10629268379765533,0.3152843595404921,0.23372750577465845
frc_clora_k128_lr3e4_c256_s42,frc,42.0,frc_clora_k128_lr3e4_c256,clora,0.61,-0.2146701649892329,22.64,29.95,79.53,cs,29.96,15.33,35.59,35.67,33.18,28.765,12.9739,0.0003,,128.0,,False,False,True,71.31,82.43,79.17,88.04,81.85,81.94,67.66,83.8,2.408633733779311,1.8520239240816387,0.5566098096976724,495.2318396365657,28.76190185546875,12.974754011631012,8.814808413358941,23.96263260813208,0.0631749777543946,0.046045279484169,0.0667878541644612,0.049385374639509,0.0611170450111732,0.5515611979805227,112.95651768865366,0.10395290954312683,0.10678867285086713,0.10574668887543123,0.38395315549413006,0.29955857323644475
frm_milora_lr3e4_c256_s43,frm,43.0,frm_milora_lr3e4_c256,milora,1.2607,0.1006117528337901,17.86,26.97,59.29,math_faithful,28.06,7.65,24.17,29.52,45.47,166.3815,20.3981,0.0003,,,,False,False,True,,,,,,,,,3.617247799429716,1.8520239240816387,1.7652238753480771,1120.8285555598911,166.3824462890625,20.39848386645317,23.6532165780953,49.09812024070882,0.0710244422296127,0.0530760728446683,0.067466709745428,0.0832593070263633,0.066741163246978,0.5491815353617995,107.40358798413962,0.18005467378271064,0.19223554505251705,0.11145773436271687,0.3082246836321431,0.2080273631699123
frc_lorawd_wd0p2_lr1e4_c256_s45,frc,45.0,frc_lorawd_wd0p2_lr1e4_c256,lorawd,0.2515,-0.5994620106080537,27.26,36.1,67.2,cs,33.97,20.55,47.44,42.15,36.37,18.4747,6.3034,0.0001,0.2,,,False,False,True,56.06,60.72,76.56,33.09,84.06,81.82,67.92,77.4,1.943674689698,1.810069211692996,0.1336054780050044,141.03365594247774,18.48145866394043,6.304731774330139,3.064173448584487,10.561114342084853,0.0717378795841887,0.0496034261215788,0.0896959181748736,0.0501425419292824,0.0719497339736897,0.5346025085399942,112.13547215425505,0.11341169969268598,0.11920024586735166,0.09563601522784368,0.4036061212766743,0.2681459179354442
frc_milora_r32_lr3e4_c256_s44,frc,44.0,frc_milora_r32_lr3e4_c256,milora,0.7361,-0.1330631822683606,22.58,29.92,78.72,cs,30.66,14.49,32.99,36.52,34.93,84.4544,19.3371,0.0003,,,32.0,False,False,True,70.28,82.1,78.86,87.77,81.77,81.4,68.17,79.4,2.4564784636834647,1.810069211692996,0.646409251990469,606.564199188182,84.45504760742188,19.338108551502227,7.86340958063234,19.231234376614957,0.0698644771160137,0.0575634353952817,0.0676699317032804,0.0919264361425743,0.0648944434458045,0.5288431701995587,129.21609629811363,0.17735486839924736,0.2109332006373853,0.09355356718777219,0.29204455723420053,0.2261138065413945
qwswm_lora_r16_lr3e4_s42,qwswm,42.0,qwswm_lora_r16_lr3e4,lora,0.1585,-0.7999707334462297,44.84,54.11,65.73,gsm8k,46.72,42.95,71.14,54.35,55.4,14.6788,4.4693,0.0003,,,16.0,False,False,True,,,,,,,,,,,,159.23055309669323,14.68161678314209,4.471445424216134,7.168104253888486,13.749221760458232,0.113429843662797,0.099816659629361,0.0635424751910307,0.0483800644952522,0.069856576540493,0.5179815626505765,70.84853343650465,0.1475747187026747,0.017690008690863044,0.010853309384332236,0.4711628442314625,0.3527191189906675
frm_lorawd_wd0p2_lr2e4_c256_s43,frm,43.0,frm_lorawd_wd0p2_lr2e4_c256,lorawd,0.3545,-0.4503837604809146,23.97,33.43,65.2,math_faithful,32.04,15.9,34.3,40.27,44.64,37.5218,5.9431,0.0002,0.2,,,False,False,True,,,,,,,,,2.159990349837869,1.810069211692996,0.3499211381448732,261.6325893833431,37.520957946777344,5.943692788481712,13.260023479774867,40.03113262313252,0.0723454927201321,0.0481670957912098,0.0808722210487544,0.0493864332807694,0.0707340139905519,0.5701000362529685,115.33074444317158,0.14045805388230545,0.16839670242405536,0.09419200373219488,0.3342323766476597,0.2627208633137843
qwsw_milora_r32_lr2e5_s43,qwsw,43.0,qwsw_milora_r32_lr2e5,milora,0.1018,-0.99225222199926,39.19,51.4,85.44,cs,45.97,32.41,71.54,57.25,49.81,2.9206,0.746,2e-05,,,32.0,False,False,True,62.75,89.99,79.94,93.69,84.06,94.15,87.97,91.0,2.042830536860529,1.9346918347336524,0.1081387021268764,21.09257710274812,2.9212639331817627,0.7460970234658036,6.344531826299447,23.334387102864486,0.036983248314738,0.5549093450902005,0.0688351234045833,0.3094571615058031,0.0329973916858336,0.5426758546071151,64.05053119025068,0.05235543016493366,0.017825394309376588,0.040495255605231525,0.4649604191002552,0.424363500820203
frm_lorawd_wd0p1_lr2e4_c256_s42,frm,42.0,frm_lorawd_wd0p1_lr2e4_c256,lorawd,0.5035,-0.2980005251103632,23.92,31.52,65.66,math_faithful,33.22,14.61,29.06,36.77,43.96,46.0495,8.6411,0.0002,0.1,,,False,False,True,,,,,,,,,2.3813435504187384,1.8520239240816387,0.5293196263370996,395.7069453645995,46.049129486083984,8.641981437802315,14.393859159645686,42.80458107655499,0.0695590182926215,0.0474537159716054,0.0750962103022605,0.050005189127123,0.0678873923347057,0.5729119955017274,121.68703905882589,0.1542008564831248,0.17549021262669215,0.09969538970825227,0.32222821430629633,0.24838532687563447
frc_lorawd_wd0p3_lr7e4_c256_s44,frc,44.0,frc_lorawd_wd0p3_lr7e4_c256,lorawd,0.4274,-0.3691654821719494,26.08,31.19,65.11,cs,33.57,18.6,32.99,37.63,33.14,45.5036,6.9251,0.0007,0.3,,,False,False,True,62.32,74.81,29.43,79.9,75.45,75.25,58.28,65.4,1.9918823133391304,1.810069211692996,0.1818131016461348,281.4780309211818,45.5028190612793,6.9255526304245,11.519874988684634,24.91609229527668,0.0762750630512164,0.0456652877311062,0.0837820918607403,0.0479169902815702,0.0741323913336049,0.5386221430377799,114.78722505463402,0.14038926495849133,0.17303396179061795,0.10629536093738737,0.32993009503751575,0.2503513172759877
lrsw_sclora_r32_lr5e5_s44,lrsw,44.0,lrsw_sclora_r32_lr5e5,sclora,0.2836,-0.5472937734889711,25.77,33.94,80.86,cs,33.96,17.58,43.53,39.85,34.79,6.6762,2.6447,5e-05,,,32.0,False,False,True,71.83,83.08,80.19,89.77,83.58,84.76,72.1,81.6,2.0062747039828217,1.8520239240816387,0.1542507799011829,92.90224300774685,6.676280498504639,2.6456661470234395,9.158684111201632,34.423558423665646,0.0910335332997984,0.0370273552505687,0.3865081089026398,0.0118886924733406,0.1626834497175711,0.5134866810829591,119.86673068528124,0.1659128306237854,0.1607802987113049,0.074230031246013,0.39884873522415987,0.2002281041947369
frc_lora_r8_lr3e4_c256_s44,frc,44.0,frc_lora_r8_lr3e4_c256,lora,0.5245,-0.2802545074704233,24.83,32.7,78.37,cs,31.88,17.78,42.23,37.46,34.15,42.2381,16.5976,0.0003,,,8.0,False,False,True,70.03,82.1,79.99,89.28,82.4,79.46,63.48,80.2,2.116840586939231,1.8520239240816387,0.2648166628575921,375.6427193786936,42.29307556152344,16.602672213315962,3.144157780068952,6.188709017736758,0.0670733675201136,0.0466279772343253,0.0747730932485699,0.0489651031781678,0.0660996859416585,0.5462606489485069,127.96632559417908,0.1447210876932853,0.16104302957368613,0.09965264021709921,0.3266832984457069,0.26789994407022255
lrswm_dora_r16_lr2e4_s44,lrswm,44.0,lrswm_dora_r16_lr2e4,dora,0.3777,-0.422853015172475,24.24,32.31,45.34,gsm8k,31.65,16.82,28.61,42.92,41.54,26.5985,9.9622,0.0002,,,16.0,False,False,True,,,,,,,,,2.1053610398586,1.810069211692996,0.295291828165604,241.5697617716669,26.655105590820312,9.967164385318757,3.539514643797553,9.516803603642666,0.0670951877399611,0.0496926545985994,0.0795183806270244,0.0497554629431571,0.0666452126807685,0.586306603765814,108.96774611033825,0.11924977812888385,0.1304875899886081,0.09128999210607389,0.3686673835120643,0.29030525626436976
qwswm_clora_k1024_lr1e4_s44,qwswm,44.0,qwswm_clora_k1024_lr1e4,clora,0.0531,-1.274905478918531,42.56,53.08,63.23,gsm8k,43.79,41.33,72.38,51.71,56.17,6.5698,1.1581,0.0001,,1024.0,,False,False,True,,,,,,,,,1.9812639530125369,1.9346918347336524,0.0465721182788845,48.42110574468869,6.5880632400512695,1.1586367303439538,8.578887880787459,23.07080291061086,0.0553110435097561,0.0448633720925494,0.0619229928226696,0.04965642082569,0.0471637681365471,0.5268081429603504,53.24931838128059,0.06309920954077354,2.202901553754265e-09,5.466271214892573e-09,0.624539805810804,0.3123609769792497
frm_lorawd_wd0p3_lr5e4_c512_s42,frm,42.0,frm_lorawd_wd0p3_lr5e4_c512,lorawd,0.399,-0.3990271043132517,24.68,32.69,67.55,math_faithful,33.31,16.04,32.05,39.76,42.31,38.9547,4.8992,0.0005,0.3,,,False,False,True,,,,,,,,,2.143252072607001,1.8520239240816387,0.2912281485253625,255.4586607114692,38.954132080078125,4.8996047176420685,19.379081476300144,46.37773733860972,0.0818009837431328,0.0456921919185924,0.0925361486999494,0.0474597065626551,0.0794321077838926,0.5581475735110348,102.78091569037504,0.13065805641632952,0.15635127332424698,0.09266802957156264,0.3594053781406935,0.2609172625471673
frm_lorawd_wd0p3_lr7e4_c256_s43,frm,43.0,frm_lorawd_wd0p3_lr7e4_c256,lorawd,0.4423,-0.3542830606303961,24.54,31.47,64.37,math_faithful,33.37,15.72,30.25,36.43,41.58,50.807,5.4772,0.0007,0.3,,,False,False,True,,,,,,,,,2.235068499091857,1.810069211692996,0.4249992873988615,283.78713489027405,50.8060302734375,5.477670648694039,19.658102171036138,46.56878531776828,0.0833814170175587,0.0451128753913367,0.0955960840020405,0.0467821238833384,0.0815865692046189,0.5560533498415944,96.5707898647393,0.12885285997885698,0.1650671931982484,0.09544591515692133,0.35669671335051156,0.25393731831546174
qwsw_clora_k1024_lr2e4_s44,qwsw,44.0,qwsw_clora_k1024_lr2e4,clora,0.216,-0.6655462488490691,38.82,47.29,80.29,cs,43.77,33.86,69.2,42.24,47.37,19.5574,5.3013,0.0002,,1024.0,,False,False,True,74.4,88.52,79.89,45.4,85.56,93.06,85.49,90.0,2.218228212382734,1.9346918347336524,0.2835363776490816,243.89355210577435,19.56366539001465,5.302980703452444,8.283350975189316,23.190872375299485,0.0538797450726547,0.042975521983644,0.0600459007146445,0.0445659080589963,0.0445770979878208,0.5610662818323374,54.784163226892595,0.04142381263108111,3.4228224645852937e-10,6.356999088048992e-10,0.553417885998168,0.40515830039276857
qwswm_lora_null_r16_lr1e4_s44,qwswm,44.0,qwswm_lora_null_r16_lr1e4,lora_null,0.0553,-1.2572748686953017,43.96,53.55,67.25,gsm8k,48.0,39.93,72.05,51.02,56.74,4.8773,1.296,0.0001,,,16.0,False,False,True,,,,,,,,,1.9706520507211795,1.9346918347336524,0.0359602159875269,47.18593970979724,4.8772292137146,1.2963110081851483,7.824020251870964,19.045397952197224,0.2006433164679447,0.0744295399490523,0.0899379015017423,0.1343396984123017,0.1107105039514885,0.5700955155062388,61.87990209498021,0.10386928412775208,0.022199366756779446,0.013906307558680777,0.5660903547628613,0.2939346867939263
lrswm_sclora_r32_lr1e4_s44,lrswm,44.0,lrswm_sclora_r32_lr1e4,sclora,0.3907,-0.4081565887752155,22.81,32.13,58.83,math_faithful,31.85,13.77,27.9,41.64,45.49,9.9641,3.4805,0.0001,,,32.0,False,False,True,,,,,,,,,2.170630897460693,1.810069211692996,0.3605616857676972,145.41519238917283,9.96394157409668,3.4810286119580267,11.488432131846537,35.514900239031874,0.1018288035572983,0.0374685908331919,0.503022387676435,0.0104971982764606,0.1832426171513543,0.5232775097016676,122.81723799077331,0.2066244621338677,0.19673649301267687,0.06667761187444896,0.37165312570385584,0.1583083072751506
qwswm_lorawd_wd0p3_lr3e4_ep6_s42,qwswm,42.0,qwswm_lorawd_wd0p3_lr3e4_ep6,lorawd,0.1144,-0.9415739755429946,44.57,52.99,71.65,gsm8k,46.48,42.66,70.97,50.94,53.88,7.2238,2.2151,0.0003,0.3,,,False,False,True,,,,,,,,,,,,108.15158360737958,7.23179817199707,2.215506285216127,13.880125595445085,27.24804888796925,0.1165554931513708,0.1039025309000404,0.071903850903423,0.0469227698426098,0.0740647217951428,0.5541671430422279,68.20435670418767,0.1368243985559629,0.018582392744992668,0.011529780735166483,0.4609812137916769,0.37208221417220105
frc_lorawd_wd0p3_lr7e4_c256_s43,frc,43.0,frc_lorawd_wd0p3_lr7e4_c256,lorawd,0.4343,-0.3622101706377709,25.46,31.15,80.24,cs,32.65,18.27,34.88,37.03,32.9,46.8428,6.9496,0.0007,0.3,,,False,False,True,71.68,83.73,80.5,81.76,85.64,84.85,70.56,83.2,1.99928096808144,1.810069211692996,0.1892117563884439,282.1543043915016,46.84226989746094,6.949956792593002,11.479791805052493,24.972023651043912,0.0772151152786603,0.0454709909974594,0.0844380171622458,0.047661204815999,0.0748711220556623,0.5358005502565696,112.83264556494169,0.14261131269358057,0.17354348281408988,0.10590645908881152,0.3282245829214861,0.2497141624820318
frc_lora_r32_lr3e4_c256_s43,frc,43.0,frc_lora_r32_lr3e4_c256,lora,0.7589,-0.1198154471735665,22.34,30.43,78.58,cs,29.98,14.69,34.87,36.77,35.82,68.6977,17.8038,0.0003,,,32.0,False,False,True,70.12,82.05,80.4,85.5,81.45,80.72,69.37,79.0,2.4430484950544185,1.810069211692996,0.6329792833614227,593.3101490724205,68.69705963134766,17.806461983919142,7.289600698773939,21.3587747957811,0.0694819521311347,0.0460340510482259,0.0708775012958802,0.0496631857132636,0.066004578796721,0.5344070227416845,134.1007626557783,0.17343572739958169,0.18982997517666372,0.105886926955889,0.30483313689744623,0.22601423357041955
qwswm_clora_k1024_lr3e4_s42,qwswm,42.0,qwswm_clora_k1024_lr3e4,clora,0.1116,-0.95233580539844,43.98,53.75,71.8,gsm8k,46.43,41.52,72.12,52.3,56.36,10.2408,2.3601,0.0003,,1024.0,,False,False,True,,,,,,,,,,,,131.71798939791267,10.24351978302002,2.3607721827068286,13.697192566798464,27.189833980022858,0.0495270575294914,0.0457405852270773,0.0546524378708401,0.0466013383596173,0.042722202762016,0.5520096987485519,56.55665619171986,0.054623854183834315,7.682321530174117e-10,1.9708706780195327e-09,0.553573889571782,0.39180225350528086
lrsw_sclora_r32_lr2e4_s45,lrsw,45.0,lrsw_sclora_r32_lr2e4,sclora,0.6004,-0.2215593164287671,22.12,28.31,80.06,cs,31.01,13.24,27.35,36.6,33.35,19.6139,7.2332,0.0002,,,32.0,False,False,True,73.0,83.79,79.07,87.27,82.32,83.92,69.54,81.6,2.295906753089038,1.810069211692996,0.485837541396042,328.27516764215096,19.61322021484375,7.23363706022501,13.33437307021989,35.23010499048647,0.0862310307003207,0.0394283811946171,0.2927684736366691,0.0203334877799184,0.1397974885472718,0.5226720948617747,126.08121075409424,0.16189577242149109,0.1579717659731491,0.08165148494333134,0.37027771970095646,0.22820325696107197
frc_lorawd_wd0_lr1e3_c256_s43,frc,43.0,frc_lorawd_wd0_lr1e3_c256,lorawd,5.4008,0.7324580949807639,3.12,19.94,37.13,cs,6.24,0.0,23.8,25.26,44.39,602.1952,66.5717,0.001,0.0,,,False,False,True,62.17,50.87,33.78,25.28,50.67,23.99,27.3,23.0,5.62739577557749,1.810069211692996,3.817326563884494,2698.4978330285103,602.1846313476562,66.57768433690072,12.589599157890357,25.90431304698738,0.0935785958632691,0.0480608123732772,0.0937664162949268,0.0513043022668648,0.0942250664675001,0.5961715440489379,59.50303745202237,0.30227965869692597,0.2871676577167277,0.09097024052637627,0.2060257710600728,0.1135566719998973
qwsw_clora_k1024_lr2e5_s44,qwsw,44.0,qwsw_clora_k1024_lr2e5,clora,0.0838,-1.0767559813697236,37.45,50.61,84.08,cs,45.92,28.98,71.46,57.08,49.61,4.2387,1.058,2e-05,,1024.0,,False,False,True,62.91,88.79,79.17,84.39,84.53,95.08,88.4,89.4,1.9926440228621627,1.9346918347336524,0.0579521881285103,25.556293238053225,4.242469310760498,1.0587741920018745,2.0888905296955818,7.241086499717618,0.0524378083427558,0.0395185822432103,0.088144377494459,0.0593307942554656,0.0519778264491232,0.5707534112433251,40.02992734882924,0.06127982486251774,5.031593104344571e-09,7.3740204721170786e-09,0.7667891464314829,0.171931016300386
qwswm_lora_r16_lr5e4_s44,qwswm,44.0,qwswm_lora_r16_lr5e4,lora,0.2425,-0.6152882570617175,42.72,52.33,55.42,gsm8k,46.78,38.66,68.83,53.58,53.81,22.4769,6.6464,0.0005,,,16.0,False,False,True,,,,,,,,,2.145365013547988,1.9346918347336524,0.2106731788143352,279.0389576423364,22.531009674072266,6.647787644181933,9.606071859899394,14.950109343174924,0.1109067971304647,0.098361556221927,0.0604307599747123,0.0486098210121449,0.0677260961709249,0.5094375832674555,69.16673909873766,0.18096362581457837,0.017759555568559935,0.010559467744173226,0.46142771378640046,0.32928963708628795
lrsw_milora_r32_lr2e5_s44,lrsw,44.0,lrsw_milora_r32_lr2e5,milora,0.1729,-0.7622050067260775,26.17,36.74,62.87,cs,33.42,18.92,45.93,47.78,37.65,2.8826,1.3185,2e-05,,,32.0,False,False,True,10.58,76.06,77.33,39.75,78.77,82.11,63.57,74.8,1.8656647047375687,1.810069211692996,0.0555954930445734,23.48855236995139,2.886545181274414,1.3188720831647516,2.7790588157866614,9.72405393262916,0.0523598127802071,0.2688119348954667,0.1232272336174464,0.2323443913389929,0.0717176388044172,0.5689110663872249,90.16781109786578,0.08277870451870245,0.09643979158024654,0.12189859664644656,0.5024394938097028,0.1964434134449018
frc_sclora_lr1e3_c256_s44,frc,44.0,frc_sclora_lr1e3_c256,sclora,7.3776,0.8679151048753324,0.64,19.2,36.81,cs,1.27,0.0,23.86,23.29,47.56,508.4888,81.8081,0.001,,,,True,False,True,62.2,50.33,34.08,24.22,49.17,25.0,24.91,24.6,9.280853530835168,1.810069211692996,7.470784319142172,3301.324683205536,508.4736633300781,81.81342376470566,12.528325987329756,26.318553456690143,0.0990591201077836,0.0476235578054886,0.1377703012684605,0.0463055467784378,0.1182495620056216,0.5260749761079376,76.01128961348908,0.2781505614594483,0.2649674020371666,0.0781082161448721,0.2673729541918067,0.11140086616670639
frm_lorawd_wd0p5_lr1e4_c256_s43,frm,43.0,frm_lorawd_wd0p5_lr1e4_c256,lorawd,0.1949,-0.7101881608823786,26.14,34.22,64.67,math_faithful,33.94,18.33,31.63,45.56,41.66,11.2612,3.2674,0.0001,0.5,,,False,False,True,,,,,,,,,1.9559463628259663,1.810069211692996,0.1458771511329706,107.55241903694956,11.27110481262207,3.2682166837155817,6.871624717541159,25.400795566089737,0.074908285290311,0.0522331247818926,0.0934327882708992,0.0497098802219779,0.0741740675660721,0.5778355807257991,108.22879743862674,0.1149847326627906,0.12582548884732342,0.09222171169709814,0.38463014745756696,0.2823379193352209
lrswm_sclora_r32_lr1e3_s43,lrswm,43.0,lrswm_sclora_r32_lr1e3,sclora,1.641,0.2151085810530932,12.5,24.69,46.85,math_faithful,22.68,2.32,23.57,27.13,47.75,177.5149,23.0407,0.001,,,32.0,False,False,True,,,,,,,,,4.18167166984488,1.810069211692996,2.371602458151884,1227.6923567561296,177.51596069335938,23.042878299951557,18.750554912572643,32.73088198043294,0.0939996332496728,0.0425838277530531,0.1761922717606833,0.0401481796038274,0.117868634895966,0.5536668570748174,119.27155113058107,0.1942400900863757,0.17700760471264448,0.11418291332410646,0.3211343197708274,0.1934350721060461
qwswm_lora_r32_lr2e4_s44,qwswm,44.0,qwswm_lora_r32_lr2e4,lora,0.1427,-0.845576026885353,44.36,53.64,61.87,gsm8k,47.0,41.73,70.71,53.07,55.68,10.3726,3.415,0.0002,,,32.0,False,False,True,,,,,,,,,2.066929939926266,1.9346918347336524,0.1322381051926138,131.86161559582922,10.36870002746582,3.415805476478168,9.231823373578802,23.903874766788626,0.1161634671843167,0.1002625161598039,0.0636030086571877,0.0493789080115388,0.0709533788704239,0.5242713549477306,71.42615093973214,0.13727419736426702,0.018204266704077342,0.011643397226933397,0.47638305172305223,0.3564950869816701
qwsw_lora_null_r16_lr1e4_s42,qwsw,42.0,qwsw_lora_null_r16_lr1e4,lora_null,0.1314,-0.8814046347762381,37.64,49.5,85.93,cs,45.38,29.9,71.76,52.3,48.16,7.92,2.6855,0.0001,,,16.0,False,False,True,62.6,89.83,79.58,95.44,84.93,95.96,88.48,90.6,,,,96.18490887017774,7.923287868499756,2.6864534037453787,6.775334164227591,17.59494464672322,0.1927562353234862,0.0630873565999228,0.0741376120953649,0.059090210046,0.1028479491814939,0.5633797818994011,59.9446365142331,0.08450270197408041,0.01508762062864704,0.012871665284872278,0.5721642812444528,0.3153737308679475
lrsw_sclora_r32_lr2e4_s44,lrsw,44.0,lrsw_sclora_r32_lr2e4,sclora,0.5877,-0.2308443092856012,21.52,28.23,79.16,cs,29.8,13.24,27.1,36.09,34.93,22.008,7.26,0.0002,,,32.0,False,False,True,71.68,82.05,78.97,84.25,82.32,84.05,68.52,81.4,2.3485223480864064,1.810069211692996,0.5384531363934106,328.7354055000185,22.007301330566406,7.2604652389884,13.378671868441868,35.25052577847589,0.0865498529699966,0.039431065305671,0.2920339894694757,0.020329942216012,0.1397601514641255,0.5240710452479754,125.95804084863731,0.16096265490839098,0.1582276418946926,0.08155014240320185,0.3695542000762444,0.22970536071747027
frm_lora_lr3e4_c256_s43,frm,43.0,frm_lora_lr3e4_c256,lora,1.2974,0.1130738935942079,18.44,27.49,57.85,math_faithful,27.83,9.06,23.68,29.69,47.2,145.8327,19.9877,0.0003,,,,False,False,True,,,,,,,,,3.611087378584074,1.8520239240816387,1.7590634545024346,1118.3801213378763,145.83155822753906,19.98847902715206,23.158968473795444,52.20171656466595,0.0718087348721508,0.0453849662177561,0.0702851613576187,0.0506539639322492,0.0680271790477248,0.5558421738132292,115.32153581237365,0.18333638442377265,0.19650373811794636,0.12345021082873345,0.30235296940693956,0.1943566972226079
qwswm_lora_null_r16_lr2e4_s42,qwswm,42.0,qwswm_lora_null_r16_lr2e4,lora_null,0.0849,-1.0710923097560472,43.47,53.67,68.99,gsm8k,47.2,39.74,71.85,52.47,57.08,7.7807,2.2516,0.0002,,,16.0,False,False,True,,,,,,,,,,,,88.42016973299431,7.781880378723144,2.251962908463818,8.853523101024784,18.81498845906982,0.1761579504585026,0.0779433516385501,0.0834187791544898,0.1245790573730336,0.0997184350223612,0.5625855734084806,62.92896014894836,0.11280821600804183,0.020560511154992554,0.012099270921018047,0.5648574271629008,0.28967457475304687
frc_lorawd_wd0p1_lr1e3_c256_s44,frc,44.0,frc_lorawd_wd0p1_lr1e3_c256,lorawd,0.9957,-0.0018714928717335,19.7,27.53,73.78,cs,28.11,11.3,29.48,33.36,35.4,107.7175,15.0903,0.001,0.1,,,False,False,True,68.26,79.27,77.07,79.84,75.06,76.05,60.07,74.6,2.5138328700370125,1.810069211692996,0.7037636583440168,710.3690538561715,107.71549224853516,15.092073807120324,15.515062433101097,28.54961307162824,0.0774344602064008,0.0459553752031397,0.0754819135698828,0.0499643869520757,0.0733625823969798,0.514402105775326,110.80056751858059,0.2057995703516673,0.2247205346797232,0.1283033071393785,0.2543503361636818,0.18682625166554928
lrsw_dora_r16_lr2e5_s44,lrsw,44.0,lrsw_dora_r16_lr2e5,dora,0.2325,-0.6335770427740273,26.9,36.95,63.07,cs,34.46,19.33,46.26,47.01,37.69,4.6335,1.9683,2e-05,,,16.0,False,False,True,29.33,71.06,77.89,37.81,68.75,81.36,64.16,74.2,2.084448679578089,1.810069211692996,0.2743794678850932,30.894907252092093,4.643105506896973,1.9702365797013044,1.2623294986110227,2.24081477372914,0.0622057785941512,0.0476408924687657,0.1372006898604457,0.0599456793800068,0.0811528214106108,0.5620721036863344,75.89741873505739,0.08210552134199395,0.10987996198998512,0.09136556700806875,0.5910264727214513,0.12562247693850107
frc_sclora_lr2e4_c256_s44,frc,44.0,frc_sclora_lr2e4_c256,sclora,0.8069,-0.0931802845334546,15.62,25.01,78.04,cs,23.67,7.56,25.45,36.18,32.2,35.5429,11.1834,0.0002,,,,False,False,True,71.38,81.94,78.81,84.13,79.95,81.99,65.7,80.4,2.508702877039706,1.810069211692996,0.6986336653467109,533.8909984070939,35.54227828979492,11.184870237112046,14.860235293414853,32.209207492261825,0.0748271848487064,0.0427940260140227,0.3174780633258015,0.0171202498078416,0.1428575660818291,0.5169242055791478,125.22690095250536,0.17940434000937933,0.17683568608220726,0.0803593550767924,0.37900628671868775,0.1843943321129332
qwswm_lora_r16_lr3e4_s44,qwswm,44.0,qwswm_lora_r16_lr3e4,lora,0.1569,-0.8043770564130633,44.52,53.91,63.61,gsm8k,47.09,41.95,71.06,53.16,56.27,13.8117,4.494,0.0003,,,16.0,False,False,True,,,,,,,,,2.0466720508348297,1.9346918347336524,0.1119802161011773,158.23486015408253,13.812836647033691,4.496314281650952,7.0571803795477095,13.669702427372885,0.1142430747076155,0.0999499293226083,0.0637739704870202,0.0486231045740388,0.070351116321076,0.5221942205429645,70.9864373757218,0.1455137813305461,0.01817680195176154,0.010966141320860389,0.46895963848881983,0.35638363690801217
frm_lorawd_wd0p5_lr3e4_c256_s44,frm,44.0,frm_lorawd_wd0p5_lr3e4_c256,lorawd,0.2373,-0.624702261782661,26.02,34.92,67.02,math_faithful,34.2,17.83,38.14,41.38,43.05,23.5393,3.1576,0.0003,0.5,,,False,False,True,,,,,,,,,1.970050027157768,1.810069211692996,0.1599808154647719,139.39149834967264,23.538822174072266,3.157887553423643,13.531327410148776,36.98560479182443,0.0807019474125347,0.0479586377084534,0.0965200261789614,0.0481267122269063,0.0785659012552923,0.5600206040964121,102.46952933834852,0.11448377039106696,0.15253544767651553,0.08850463631174788,0.3757347599302471,0.2687413856904226
qwsw_sclora_r32_lr5e5_s43,qwsw,43.0,qwsw_sclora_r32_lr5e5,sclora,0.1968,-0.7059749059046773,38.27,46.02,53.38,cs,45.89,30.65,71.1,37.2,45.28,5.6829,1.8162,5e-05,,,32.0,False,False,True,61.93,71.6,62.79,91.99,41.67,36.87,37.63,22.6,2.0933753044198897,1.9346918347336524,0.1586834696862373,85.43701724588446,5.683760643005371,1.8165694898792677,12.233508130287357,37.19249240984288,0.102521622312443,0.1265170695028392,0.2472836561120267,0.0268699727590195,0.1304796692280418,0.5500312869738514,52.939713428923916,0.06518554608627214,0.014208872027986366,0.018120002726409793,0.6642829058586115,0.2382026733007203
frc_lorawd_wd0p1_lr5e4_c256_s43,frc,43.0,frc_lorawd_wd0p1_lr5e4_c256,lorawd,0.7531,-0.1231473523986565,22.76,28.97,78.4,cs,30.04,15.48,28.49,36.01,34.84,76.1725,13.2633,0.0005,0.1,,,False,False,True,71.65,82.05,79.27,86.19,81.22,81.19,65.02,80.6,2.412166217544362,1.8520239240816387,0.5601422934627234,563.4355711167178,76.1714096069336,13.264806631207469,12.518758352418198,25.846288209078544,0.0734737214205075,0.0458895838567818,0.0739267681325925,0.0491545801006059,0.0694174386221892,0.5361857941421702,128.54258142268847,0.1729262914536102,0.20143837451353264,0.11361474135607358,0.2895303287163625,0.2224902639604212
lrswm_lorawd_wd0p3_lr2e5_s42,lrswm,42.0,lrswm_lorawd_wd0p3_lr2e5,lorawd,0.3199,-0.4949857599158929,26.2,34.03,35.1,gsm8k,35.0,17.4,29.59,46.42,41.72,8.0027,2.2105,2e-05,0.3,,,False,False,True,,,,,,,,,1.924137192822157,1.8520239240816387,0.0721132687405183,37.903222525091685,8.020543098449707,2.211979519203305,1.586538516397214,3.91351419718079,0.0603635607663752,0.0529413954560741,0.1609799581214491,0.0516659438064313,0.0832741783185855,0.5666148844701147,70.90635177763906,0.09339392897554434,0.12774159327337564,0.0848634746673077,0.5831164965553262,0.11088450652844596
frc_lorawd_wd0p1_lr3e4_c256_s45,frc,45.0,frc_lorawd_wd0p1_lr3e4_c256,lorawd,0.5482,-0.2610609687965204,25.4,33.26,75.89,cs,32.7,18.09,41.82,39.08,34.61,48.1114,12.473,0.0003,0.1,,,False,False,True,71.16,83.41,80.09,88.77,83.74,67.63,55.55,76.8,2.195747449051296,1.810069211692996,0.3856782373582998,415.1502169449233,48.11078643798828,12.475216609239578,7.259007343690876,20.813620638270383,0.0706252677293806,0.0465725879451066,0.0752874328890495,0.0489322421794397,0.067986455587074,0.5392911455131792,128.93911173704726,0.15111149053839656,0.17682598974477104,0.10233212921635962,0.31831266396382907,0.25141772653664374
qwswm_clora_k1024_lr5e4_s42,qwswm,42.0,qwswm_clora_k1024_lr5e4,clora,0.1895,-0.7223907856959089,43.53,52.19,71.42,gsm8k,46.17,40.88,70.04,50.09,53.75,22.0476,3.6341,0.0005,,1024.0,,False,False,True,,,,,,,,,,,,234.23557637158223,22.04836654663086,3.6348724024522583,17.858446677349765,29.10938047772917,0.0477181264321353,0.0454160303936734,0.0522066705220827,0.04623932119081,0.0411892660730081,0.552389486986832,57.36535663672772,0.060558505935630454,4.602596600405381e-10,1.0259278784654506e-09,0.5438901845768724,0.39555130800130944
