rn,fam,seed,cell,method,fd,logfd,ret,ret_broad,adapt,adapt_task,bbh,mmlu_pro,mmlu,arc_c,truthfulqa,dw_sv_max,dw_sv_mean,lr,wd,clora_k,rank,quarantined,straggler,in_family,cs_boolq,cs_piqa,cs_social_i_qa,cs_hellaswag,cs_winogrande,cs_ARC_Easy,cs_ARC_Challenge,cs_openbookqa,forgetting_ce,base_entropy,forgetting_kl,fro_total,spec_max,spec_mean,stable_rank_w,eff_rank_w,e_top_w,e_bot_w,ein_top_w,ein_bot_w,amp_top_w
qwsw_clora_k1024_lr2e4_s43,qwsw,43.0,qwsw_clora_k1024_lr2e4,clora,0.2146,-0.6683702823700677,39.89,47.62,86.19,cs,44.62,35.17,69.39,42.66,46.27,20.4597,5.2805,0.0002,,1024.0,,False,False,True,74.8,86.45,79.63,94.13,85.95,93.27,84.9,90.4,2.1846737900870177,1.8790178806577968,0.30565590942922083,244.12841866865514,20.465227127075195,5.282269580897368,8.333127814733704,23.180223797449496,0.054090076369458,0.042606232016201756,0.05999701304785531,0.044294557211383125,0.044682862529747486
qwswm_lora_null_r16_lr5e4_s44,qwswm,44.0,qwswm_lora_null_r16_lr5e4,lora_null,0.1775,-0.7508016426088872,40.13,51.45,59.44,gsm8k,42.01,38.25,70.67,52.73,53.6,16.0783,4.9078,0.0005,,,16.0,False,False,True,,,,,,,,,2.0926891530440144,1.9346918347336524,0.157997318310362,215.37611643979957,16.07663345336914,4.908067025031362,10.665637444669729,17.40636052862144,0.13239214663158527,0.08699709132601131,0.0714521932361262,0.0979774049782716,0.08190500603056718
mtxm_lorawd_wd1p0_s44,mtxm,44.0,mtxm_lorawd_wd1p0,lorawd,0.1787,-0.7478754474943557,26.6,34.25,47.23,gsm8k,34.45,18.74,32.18,45.65,40.25,8.409,2.928,,1.0,,,False,False,False,,,,,,,,,1.9062658731566229,1.8100692116929957,0.09619666146362715,95.4047799108885,8.411057472229004,2.929009500145912,6.2703823130156,17.059995197660694,0.07505707572742426,0.051992340988302875,0.09694655440184355,0.04932671315204443,0.07447554853095463
mtx_milora_r16_s42,mtx,42.0,mtx_milora_r16,milora,0.4902,-0.30962669308394086,25.2,34.34,80.0,cs,32.94,17.45,46.24,38.57,36.49,34.3886,14.6523,,,,16.0,False,False,False,71.47,82.86,79.84,88.78,83.58,85.02,68.26,80.2,2.1356655296985734,1.8520239240816387,0.28364160561693463,327.8717137557739,34.388465881347656,14.656911051273346,3.7028856203237104,8.563922879042597,0.06643912946271362,0.07829468842284,0.07672827141800934,0.07887375425086847,0.06677351132353089
frc_lorawd_wd0p1_lr2e4_c256_s43,frc,43.0,frc_lorawd_wd0p1_lr2e4_c256,lorawd,0.4115,-0.3856301604517114,25.92,34.43,38.65,cs,33.42,18.41,43.83,40.44,36.07,27.0828,10.7004,0.0002,0.1,,,False,False,True,72.23,65.83,8.39,56.05,43.09,19.57,18.43,25.6,2.0924865910622445,1.8100692116929957,0.2824173793692488,302.03104822650374,27.095577239990234,10.70460266172886,5.0222002056877875,16.77746368348651,0.06952770495338512,0.047262145471435146,0.07827191953225383,0.04901770709493372,0.06816095793473066
qwswm_lorawd_wd0p3_lr1e3_s44,qwswm,44.0,qwswm_lorawd_wd0p3_lr1e3,lorawd,0.2126,-0.672436739812722,42.92,52.76,72.93,gsm8k,46.98,38.85,69.33,52.9,55.72,32.8957,4.2757,0.001,0.3,,,False,False,True,,,,,,,,,2.0979528075563714,1.9346918347336524,0.163260972822719,208.6168063980461,32.928009033203125,4.276823737365859,14.829541931666588,27.487430221245038,0.10853136813526511,0.09030699130264415,0.06732249422250823,0.045103049714758814,0.07004707370111944
frm_lorawd_wd0_lr2e4_c256_s43,frm,43.0,frm_lorawd_wd0_lr2e4_c256,lorawd,0.852,-0.06956040523329989,20.3,28.09,62.4,math_faithful,30.59,10.01,25.62,32.25,41.97,81.172,14.7974,0.0002,0.0,,,False,False,True,,,,,,,,,2.859160897766794,1.8100692116929957,1.0490916860737982,705.0592939668969,81.16973876953125,14.79878034889698,15.794269606429886,45.459752060699365,0.06805303805513858,0.04657021564412706,0.06911646426725847,0.050929836559507544,0.06504796124322139
frc_milora_a1r_lr1e3_c256_s44,frc,44.0,frc_milora_a1r_lr1e3_c256,milora,1.5127,0.17975280689749815,14.84,24.17,65.04,cs,21.87,7.8,23.07,31.4,36.69,244.543,28.1704,0.001,,,,False,False,True,63.33,72.91,74.31,55.25,72.14,64.56,50.0,67.8,3.198534623921109,1.8100692116929957,1.3884654122281133,1290.7323887517707,244.54440307617188,28.172676306962966,15.014835019010578,27.138656644059427,0.07748179374379215,0.049308825520239304,0.06851534563324034,0.05509922315714333,0.07071819960118324
qwsw_lorawd_wd0p3_lr1e4_s42,qwsw,42.0,qwsw_lorawd_wd0p3_lr1e4,lorawd,0.1373,-0.862329462763245,41.01,49.76,87.48,cs,45.91,36.11,71.4,47.61,47.77,11.5435,3.5195,0.0001,0.3,,,False,False,True,74.43,90.37,80.09,95.49,85.0,95.62,88.48,90.4,,,,100.44313756475054,11.553292274475098,3.5212096554892405,4.173905354622653,14.28141238349045,0.11682289021135328,0.0922882352345868,0.08142784635217423,0.047392704715033276,0.07490557429054943
frm_lorawd_wd0p5_lr5e4_c256_s42,frm,42.0,frm_lorawd_wd0p5_lr5e4_c256,lorawd,0.2581,-0.5882119954561311,24.83,33.24,65.43,math_faithful,32.85,16.8,34.82,38.74,43.0,27.288,3.416,0.0005,0.5,,,False,False,True,,,,,,,,,2.034725961468198,1.8520239240816387,0.1827020373865591,157.95737175866324,27.28788185119629,3.416314784437418,15.15081841251537,39.67706035433317,0.08437172882119166,0.04662307560252265,0.09865745521640112,0.047083897088643675,0.08120744452434774
frc_milora_a1r_lr1e4_c256_s45,frc,45.0,frc_milora_a1r_lr1e4_c256,milora,0.2454,-0.6101254416090145,27.31,36.17,74.29,cs,34.71,19.91,47.24,42.92,36.06,11.6294,6.0261,0.0001,,,,False,False,True,32.84,83.03,79.89,89.37,82.95,81.86,67.75,76.6,1.9310410345718374,1.8100692116929957,0.12097182287884167,122.19849769553817,11.629400253295898,6.026789873838425,3.5491619330555406,11.184625394007819,0.06377585470666204,0.162873654694716,0.08500828527167764,0.14753459250682657,0.06824782029241573
frc_lora_r32_lr3e4_c256_s46,frc,46.0,frc_lora_r32_lr3e4_c256,lora,0.7621,-0.11798803837334136,22.66,30.29,77.81,cs,29.8,15.51,34.08,37.97,34.07,57.4887,17.7444,0.00030000000000000003,,,32.0,False,False,True,70.34,80.47,78.92,87.39,82.24,80.98,64.93,77.2,2.4444308105325567,1.8100692116929957,0.634361598839561,592.2331711483135,57.488101959228516,17.746307069063185,7.341343577997672,21.39064476835021,0.0693359294155408,0.046217988309623745,0.07033312387817958,0.05004131054386317,0.06570666647252604
frc_lorawd_wd0p2_lr1e4_c256_s42,frc,42.0,frc_lorawd_wd0p2_lr1e4_c256,lorawd,0.254,-0.595166283380062,27.42,35.12,35.41,cs,34.63,20.22,45.9,40.36,34.49,18.059,6.2778,0.0001,0.2,,,False,False,True,51.93,0.54,22.98,53.87,76.16,26.09,21.5,30.2,1.985747811139539,1.8520239240816387,0.13372388705790028,141.0965906143857,18.095829010009766,6.279496379196644,3.0693731560632687,10.5964428470115,0.07111872578868017,0.04988724107460875,0.0895671727071807,0.050215765345344804,0.07163050343880682
qwsw_milora_r32_lr1e4_s43,qwsw,43.0,qwsw_milora_r32_lr1e4,milora,0.182,-0.7399286120149252,38.47,48.31,87.45,cs,45.43,31.51,69.78,45.48,49.34,9.8242,2.959,0.0001,,,32.0,False,False,True,73.64,89.83,80.35,94.99,84.45,94.7,89.25,92.4,,,,100.38359069306972,9.82607364654541,2.959487840959004,8.133888918264288,24.959880129992943,0.060831231620780045,0.378987738523124,0.062045641904099,0.23323954718808024,0.051033920965957845
frc_lorawd_wd0p3_lr2e4_c256_s45,frc,45.0,frc_lorawd_wd0p3_lr2e4_c256,lorawd,0.3026,-0.5191310763128321,26.98,35.08,66.07,cs,33.97,20.0,47.24,41.13,33.05,22.3628,6.9962,0.0002,0.3,,,False,False,True,72.51,77.26,14.59,84.9,83.5,73.99,56.83,65.0,1.9751387587042377,1.8100692116929957,0.165069547011242,195.95262312606025,22.383968353271484,7.000087954103947,4.884930284203944,15.633964154755237,0.0710694810233411,0.04830951763570121,0.08598287275997332,0.04840756182066794,0.07106743212265143
qwsw_clora_k1024_lr5e4_s44,qwsw,44.0,qwsw_clora_k1024_lr5e4,clora,0.4314,-0.3651198592334738,32.98,40.97,85.01,cs,40.25,25.72,59.65,37.97,41.28,32.3533,8.5867,0.0005,,1024.0,,False,False,True,71.47,88.47,78.61,93.48,84.14,92.85,83.28,87.8,2.6208615978145984,1.9346918347336524,0.686169763080946,532.5069090615821,32.42694854736328,8.589346876627367,15.679290708845814,28.554916720838797,0.050856986899412336,0.0437743964627634,0.05519511610034935,0.04486624686713821,0.04323566229782955
uioW4_k1024_v128_dE0_lr5e3,other,,uioW4_k1024_v128_dE0_lr5e3,k1024,0.9236,-0.03451607575486128,20.4,,53.13,,31.77,9.04,,,,23.1389,4.0296,0.005,,1024.0,,False,False,False,62.05,62.35,66.53,21.45,46.65,66.41,46.42,53.2,,,,,,,,,,,,,
lrsw_clora_k1024_lr3e4_s45,lrsw,45.0,lrsw_clora_k1024_lr3e4,clora,0.4436,-0.35300846252287754,23.92,32.81,67.63,cs,30.93,16.91,44.35,37.2,34.67,21.1211,9.8991,0.00030000000000000003,,1024.0,,False,True,True,66.21,75.03,78.25,83.62,17.52,80.09,63.74,76.6,2.2205557708582173,1.8100692116929957,0.4104865591652216,370.6495134832993,21.131040573120117,9.901251983642577,7.525766918545777,22.07674961797061,0.058826590785657606,0.04723485706468911,0.06385547380510437,0.04888818818154736,0.05672789609725802
frm_lorawd_wd0p2_lr2e4_c256_s42,frm,42.0,frm_lorawd_wd0p2_lr2e4_c256,lorawd,0.3579,-0.44623830160999567,24.49,32.21,64.9,math_faithful,32.22,16.76,31.56,40.19,40.34,35.7076,5.8996,0.0002,0.2,,,False,False,True,,,,,,,,,2.167781265756797,1.8520239240816387,0.31575734167515845,261.6757187969153,35.707801818847656,5.900209876894951,13.457507011392021,40.098112166144375,0.07282774357083492,0.04791670996686008,0.08156111348673296,0.04939796524941281,0.07142012898819504
grid_k410_v410_dE0_lr1e2,grid,,grid_k410_v410_dE0_lr1e2,k410,0.1707,-0.7677664788852664,26.34,,69.43,,35.59,17.08,,,,8.1936,1.9936,0.01,,410.0,,False,False,False,68.65,77.69,76.2,43.82,78.93,77.19,60.75,72.2,,,,,,,,,,,,,
lrsw_lorawd_wd0p3_lr1e4_s45,lrsw,45.0,lrsw_lorawd_wd0p3_lr1e4,lorawd,0.2349,-0.6291169832223942,27.34,35.54,74.86,cs,34.93,19.76,46.21,40.96,35.86,17.7221,5.5666,0.0001,0.3,,,False,False,True,71.77,83.19,73.59,85.57,83.58,68.81,61.01,71.4,1.9634835512031703,1.8520239240816387,0.11145962712153157,125.41180602822732,17.749942779541016,5.567833991348744,3.0837678572055984,10.20399229575253,0.07226027254416027,0.05033963030883366,0.0919184933901606,0.05047806780308378,0.07258473533980057
mtx_sclora_b0p7_s44,mtx,44.0,mtx_sclora_b0p7,sclora,1.3002,0.11401016170346161,10.3,23.45,76.79,cs,20.44,0.15,23.17,37.63,35.85,26.7304,11.6977,,,,,False,False,False,70.12,80.96,77.99,82.31,81.69,79.12,64.16,78.0,3.8418097527288024,1.8520239240816387,1.9897858286471637,539.599609980414,26.729257583618164,11.698843759298324,13.57811510613245,33.97510979283307,0.10539989428395825,0.04135511236027462,0.43422013432256235,0.020234494656234357,0.18240531002102098
frm_lorawd_wd0p2_lr3e4_c256_s44,frm,44.0,frm_lorawd_wd0p2_lr3e4_c256,lorawd,0.4583,-0.3388501427552134,24.92,33.17,64.14,math_faithful,34.16,15.67,31.44,38.91,45.68,48.7096,6.2965,0.00030000000000000003,0.2,,,False,False,True,,,,,,,,,2.2084451300298134,1.8100692116929957,0.3983759183368176,309.7249331087584,48.70999526977539,6.296962161362171,17.818423655725244,45.56169941559957,0.07572583050776448,0.04673582758226458,0.08472642358616952,0.04866758774692327,0.0742903316078367
frc_lorawd_wd0p5_lr1e3_c256_s42,frc,42.0,frc_lorawd_wd0p5_lr1e3_c256,lorawd,0.3146,-0.502241281712732,26.34,34.16,81.58,cs,34.39,18.29,44.52,37.97,35.61,29.465,5.0967,0.001,0.5,,,False,False,True,72.66,83.03,80.71,92.42,83.98,85.4,72.01,82.4,1.9545612006523274,1.8520239240816387,0.10253727657068867,179.58430263610586,29.46469497680664,5.097362641990185,8.379215537805852,21.055765255845976,0.07710972493199943,0.04553826395433831,0.08850571367115816,0.04792469747985711,0.07588086287331448
lrswm_lora_r16_lr2e4_s44,lrswm,44.0,lrswm_lora_r16_lr2e4,lora,0.3765,-0.4242350194632806,24.3,33.26,46.32,gsm8k,31.85,16.76,31.15,43.0,43.52,28.3849,9.9894,0.0002,,,16.0,False,False,True,,,,,,,,,2.0960288423871924,1.8100692116929957,0.2859596306941967,242.2145592357421,28.449485778808594,9.99551155269146,3.5411991309790136,9.517961262464304,0.06712136232033573,0.04937705462992974,0.07928272991033795,0.0496619204575227,0.06662040282769548
uioW2_k2048_v256_dE1,other,,uioW2_k2048_v256_dE1,k2048,0.7403,-0.13059225061779814,24.51,,53.46,,31.83,17.19,,,,9.4639,4.226,,,2048.0,,False,False,False,67.58,58.38,57.06,22.77,73.4,54.5,40.19,53.8,,,,,,,,,,,,,
frm_lorawd_wd0p2_lr3e4_c256_s42,frm,42.0,frm_lorawd_wd0p2_lr3e4_c256,lorawd,0.4215,-0.3752024210392389,23.78,33.42,64.97,math_faithful,31.45,16.11,36.41,38.31,44.8,51.1897,6.2901,0.00030000000000000003,0.2,,,False,False,True,,,,,,,,,2.249888817779646,1.8520239240816387,0.39786489369800737,309.93152525554325,51.189056396484375,6.290527057647705,17.988117251835746,45.59066670162063,0.07596460286846339,0.0466739270566317,0.08402798306077573,0.04869233342982498,0.07398404381105306
frc_lorawd_wd0p3_lr5e4_c256_s43,frc,43.0,frc_lorawd_wd0p3_lr5e4_c256,lorawd,0.3889,-0.41016205685254026,26.67,33.94,82.02,cs,33.94,19.4,43.77,37.97,34.61,34.0947,6.7163,0.0005,0.3,,,False,False,True,72.42,84.6,80.6,91.28,84.45,86.91,73.29,82.6,2.0639299320661184,1.8100692116929957,0.2538607203731227,266.50300340972836,34.09463119506836,6.716753767430783,10.680237981725917,23.758715237148564,0.07486419107753817,0.04642146440966353,0.08312778039124719,0.04781261501550877,0.07238950592625158
frc_milora_a1r_lr2e4_c256_s44,frc,44.0,frc_milora_a1r_lr2e4_c256,milora,0.402,-0.3957739469155299,26.52,34.87,22.28,cs,33.6,19.45,46.94,39.42,34.92,26.3707,11.5635,0.0002,,,,False,False,True,62.17,0.16,2.15,12.77,0.55,44.61,37.2,18.6,2.0798272280296555,1.8100692116929957,0.26975801633665974,270.3118194542118,26.37084197998047,11.566428723931313,4.599351578986303,13.606412823270135,0.06554823392230191,0.10722576999336147,0.07775624810401653,0.10608735783530379,0.06688004540326692
uioT_k4096_lr1e2,other,,uioT_k4096_lr1e2,k4096,0.7616,-0.11827306462358204,23.62,,50.82,,31.83,15.4,,,,9.0742,4.5784,0.01,,4096.0,,False,False,False,59.45,60.77,29.22,29.02,66.61,56.82,41.04,63.6,,,,,,,,,,,,,
lrswm_lorawd_wd0p3_lr1e3_s42,lrswm,42.0,lrswm_lorawd_wd0p3_lr1e3,lorawd,0.5181,-0.2855864077128788,22.32,31.34,48.98,gsm8k,30.82,13.83,30.07,37.8,44.17,43.9499,8.1399,0.001,0.3,,,False,False,True,,,,,,,,,2.2907579486607186,1.8520239240816387,0.43873402457907984,366.76242657260536,43.94903564453125,8.141169725358486,13.86929765421961,27.073579690889773,0.07705158023428155,0.046095134398202925,0.08620157282161932,0.0480043749445966,0.0754390467213692
frm_milora_lr3e4_c256_s42,frm,42.0,frm_milora_lr3e4_c256,milora,1.2568,0.09926617203191689,19.86,27.21,58.98,math_faithful,30.18,9.54,23.0,28.84,44.5,155.1685,20.0977,0.00030000000000000003,,,,False,False,True,,,,,,,,,3.65936757622886,1.8520239240816387,1.8073436521472215,1114.5816510906839,155.1688690185547,20.098107567429544,23.77539930088811,49.33842240242777,0.07003682287890554,0.0533468813935168,0.06747785542959694,0.08316531584365014,0.06626893845564152
frm_dora_lr3e4_c256_s42,frm,42.0,frm_dora_lr3e4_c256,dora,2.8399,0.45330304771858304,19.18,26.67,58.76,math_faithful,29.26,9.09,23.72,29.01,42.27,672.4734,30.5101,0.00030000000000000003,,,,False,False,True,,,,,,,,,4.05836845922639,1.8520239240816387,2.2063445351447513,1608.7579308985887,672.482666015625,30.51080406010151,19.46785235727992,46.02455137206571,0.11677075671107326,0.04385772967077719,0.10021004426953364,0.0485969744432354,0.10506786677417439
qwsw_lora_r16_lr1e4_s43,qwsw,43.0,qwsw_lora_r16_lr1e4,lora,0.1594,-0.7975116829399065,38.56,48.8,82.61,cs,45.02,32.1,70.7,48.04,48.16,16.239,4.6983,0.0001,,,16.0,False,False,True,72.94,80.03,78.92,94.74,85.48,83.12,77.82,87.8,,,,117.04224534424527,16.26405906677246,4.7003943417753495,3.122099797305844,8.603481909062632,0.11617885776081155,0.09162351286922119,0.07940766035959818,0.047914539266045005,0.07396420164293852
qwsw_lora_null_r16_lr1e3_s42,qwsw,42.0,qwsw_lora_null_r16_lr1e3,lora_null,0.6868,-0.1631697135111211,12.2,29.83,82.0,cs,13.93,10.46,50.55,37.12,37.07,85.0712,16.616,0.001,,,16.0,False,False,True,68.93,85.36,79.84,87.74,81.53,89.35,77.22,86.0,,,,749.250222790027,85.0691146850586,16.61637647492545,11.081476070467772,15.948971404403412,0.1211803111193484,0.09211525781929816,0.06298639946134413,0.05044575064600015,0.07410009491612599
qwsw_lorawd_wd0p3_lr15e5_s42,qwsw,42.0,qwsw_lorawd_wd0p3_lr15e5,lorawd,0.1662,-0.7793689805519078,41.03,49.6,85.55,cs,46.23,35.83,70.84,48.12,47.0,13.244,4.1498,0.00015000000000000001,0.3,,,False,False,True,73.67,85.75,79.94,95.02,85.95,90.7,85.58,87.8,2.0840315022956917,1.9346918347336524,0.1493396675620393,134.721229188934,13.252882957458496,4.151758067948478,5.466366772650895,17.396090869790317,0.1155877011588892,0.0920812013763374,0.07842686337056085,0.045523770851548635,0.07361371995980256
frc_lorawd_wd0p2_lr2e4_c256_s44,frc,44.0,frc_lorawd_wd0p2_lr2e4_c256,lorawd,0.3465,-0.4602967610521745,26.35,33.79,59.4,cs,33.87,18.83,42.36,38.91,34.98,24.4701,8.5149,0.0002,0.2,,,False,False,True,68.1,47.23,60.7,22.02,83.43,75.04,63.65,55.0,2.025586420855972,1.8100692116929957,0.21551720916297623,240.33202153855882,24.494028091430664,8.51950381398201,4.952560041280972,16.213504612215434,0.07027910740369829,0.04805701217486662,0.08216455390340432,0.048782087530992654,0.06963936676816333
qwsw_lorawd_wd0p3_lr2e5_s44,qwsw,44.0,qwsw_lorawd_wd0p3_lr2e5,lorawd,0.1002,-0.9991322784687731,38.56,50.64,85.15,cs,45.86,31.26,72.03,55.12,48.91,5.8394,1.3352,2e-05,0.3,,,False,False,True,66.36,89.39,79.58,93.37,84.53,92.59,86.18,89.2,1.9850510834718023,1.9346918347336524,0.0503592487381499,27.938093574359797,5.841203689575195,1.3362054229847022,1.9457520116416973,5.796604076050679,0.10328873464698726,0.09009194973763066,0.10720793596048248,0.05878798583633993,0.07630662003106001
qwswm_lora_r32_lr1e4_s43,qwswm,43.0,qwswm_lora_r32_lr1e4,lora,0.078,-1.1079053973095196,44.39,54.0,67.4,gsm8k,47.47,41.31,71.82,52.56,56.86,7.5042,1.9584,0.0001,,,32.0,False,False,True,,,,,,,,,2.011828993180994,1.9346918347336524,0.07713715844734148,61.647191210045925,7.509658336639404,1.9590942829847335,6.424128871643538,20.4569543522538,0.1226073926346182,0.103409377252594,0.06825537741838618,0.05136312634712686,0.07472174567489863
frc_milora_lr1e3_c256_s44,frc,44.0,frc_milora_lr1e3_c256,milora,5.4068,0.7329403051216139,4.62,21.08,36.89,cs,9.25,0.0,23.34,25.51,47.31,575.7641,63.9661,0.001,,,,False,False,True,62.11,49.02,33.01,24.88,48.78,25.72,25.0,26.6,6.209710296412203,1.8100692116929957,4.399641084719207,2664.7602420048906,575.7601318359375,63.97059174776077,12.863495427202734,25.90025015087827,0.09323758645380344,0.048767297780189754,0.09409016775072476,0.05317604778905244,0.09423363219584338
mtx_clora_k128_s42,mtx,42.0,mtx_clora_k128,clora,0.6052,-0.2181010806488509,22.66,31.04,78.58,cs,30.5,14.82,37.93,37.12,34.82,30.2479,12.9379,,,128.0,,False,False,False,70.95,83.24,79.27,86.58,81.22,82.41,66.38,78.6,2.4279864919282343,1.8520239240816387,0.5759625678465956,496.78143560643804,30.245624542236328,12.938935655355454,8.86112356046139,24.011665780398545,0.06316387141978463,0.04600078312673583,0.06674574571650956,0.04925801007828418,0.06107030700689987
lrswm_lorawd_wd0p3_lr3e4_s42,lrswm,42.0,lrswm_lorawd_wd0p3_lr3e4,lorawd,0.3592,-0.4446636720047332,24.43,33.53,49.13,gsm8k,31.56,17.3,36.08,40.44,42.27,18.0775,6.9481,0.00030000000000000003,0.3,,,False,False,True,,,,,,,,,2.1280944425220443,1.8520239240816387,0.27607051844040553,224.90938691440346,18.09227752685547,6.949753028154373,6.429593168391686,18.977261803943605,0.06809401076366359,0.04910959350465771,0.08062026739727614,0.04974434722442054,0.06810783475661084
mtx_dora_r32_s43,mtx,43.0,mtx_dora_r32,dora,0.9182,-0.03706271156999801,22.3,30.26,65.89,cs,31.19,13.4,38.82,34.39,33.48,117.5419,18.8875,,,,32.0,False,False,False,66.36,57.07,68.37,66.41,79.95,71.21,57.34,60.4,2.474847682222551,1.8520239240816387,0.6228237581409122,618.4301972048174,117.54271697998047,18.889652210474015,7.202958916573693,20.850606361508078,0.08177972826717748,0.045575481479058294,0.07601052921839105,0.04950712120672298,0.07405491116125479
frm_lorawd_wd0_lr2e4_c256_s42,frm,42.0,frm_lorawd_wd0_lr2e4_c256,lorawd,0.87,-0.060480747381381476,19.24,28.86,61.33,math_faithful,26.75,11.74,25.19,34.22,46.42,87.4629,15.1002,0.0002,0.0,,,False,False,True,,,,,,,,,2.8888924155305666,1.8520239240816387,1.036868491448928,704.1955277881192,87.4616928100586,15.101794350147248,15.066373900562995,44.987628949548245,0.06796526316464449,0.046320832863916236,0.06916716996827282,0.05104540166319202,0.0649695006928482
frc_lorawd_wd0p5_lr3e4_c256_s45,frc,45.0,frc_lorawd_wd0p5_lr3e4_c256,lorawd,0.258,-0.5883802940367698,23.8,30.79,81.62,cs,30.2,17.39,31.56,39.42,35.36,17.167,4.8387,0.00030000000000000003,0.5,,,False,False,True,72.66,84.06,80.96,92.0,83.9,86.74,71.25,81.4,1.982035818140092,1.8100692116929957,0.17196660644709638,153.79428975601235,17.166963577270508,4.839916594326496,6.465744070406424,17.686651563254312,0.07392897860903275,0.04824363321201855,0.0943368119498771,0.0482707700327526,0.07543795043645501
mtx_lorawd_wd0p01_s43,mtx,43.0,mtx_lorawd_wd0p01,lorawd,0.7191,-0.14321071124668375,22.49,30.39,79.07,cs,30.9,14.09,32.37,36.77,37.81,57.2917,16.9788,,0.01,,,False,False,False,70.83,81.99,79.63,88.31,81.85,81.44,66.89,81.6,2.4606136929224505,1.8520239240816387,0.6085897688408117,569.9267577382947,57.29026412963867,16.980284678936005,7.452648185619809,21.509919324177154,0.06901330724703406,0.04626554698580678,0.07080993572933544,0.04979365308178621,0.06566457773860773
qwswm_sclora_r32_lr5e4_s42,qwswm,42.0,qwswm_sclora_r32_lr5e4,sclora,0.5287,-0.2767906895948886,20.92,38.91,55.27,gsm8k,34.08,7.76,55.46,44.54,52.73,22.7019,7.3561,0.0005,,,32.0,False,False,True,,,,,,,,,,,,425.0301276926436,22.705202102661133,7.357451100008828,17.73175297666116,37.57799995044241,0.14660118052953072,0.09478525371763256,0.2113055469006819,0.03584703678189583,0.136152547930676
qwsw_lora_null_r16_lr5e5_s43,qwsw,43.0,qwsw_lora_null_r16_lr5e5,lora_null,0.1077,-0.9677842967020184,39.73,51.52,85.55,cs,46.35,33.11,71.81,55.29,51.05,5.8698,1.663,5e-05,,,16.0,False,False,True,62.17,89.45,79.63,93.26,84.14,95.41,89.33,91.0,1.9938321530776943,1.9346918347336524,0.05914031834404199,48.5778214568228,5.8775763511657715,1.6632826998829842,5.167038284196114,14.338629107341351,0.20247648776871657,0.07534756093663737,0.0982935769434263,0.11553145202057741,0.11784213291909491
frc_lora_null_lr2e4_c256_s45,frc,45.0,frc_lora_null_lr2e4_c256,lora_null,0.539,-0.26841123481326123,22.9,31.19,80.56,cs,32.93,12.88,40.02,38.14,31.96,33.6749,10.7027,0.0002,,,,False,False,True,73.0,84.0,79.63,88.61,83.58,84.3,70.14,81.2,2.3836648286749424,1.8520239240816387,0.5316409045933037,440.29224247580294,33.67414474487305,10.703375166654586,10.947167513812847,30.309700982637494,0.10253353189422298,0.041818076156600464,0.11464706993264637,0.06337919661795012,0.09559971927030687
lrsw_milora_r32_lr5e5_s43,lrsw,43.0,lrsw_milora_r32_lr5e5,milora,0.197,-0.7055337738384071,27.3,36.63,35.55,cs,34.74,19.86,47.27,44.71,36.57,6.2613,3.0122,5e-05,,,32.0,False,False,True,60.24,57.29,31.78,11.58,39.38,27.65,24.49,32.0,1.8817642131388648,1.8100692116929957,0.07169500144586904,56.500056659917824,6.263542652130127,3.012921514362097,2.979143946333435,10.170739677804388,0.05909848871315177,0.22099044881963392,0.09876897132094849,0.19329899235075623,0.06949313227860753
qwsw_clora_k1024_lr1e3_s44,qwsw,44.0,qwsw_clora_k1024_lr1e3,clora,0.6944,-0.1583902878315645,6.32,26.0,79.4,cs,12.36,0.27,44.08,37.88,35.39,84.6551,12.8655,0.001,,1024.0,,False,False,True,67.86,83.9,77.23,82.07,81.22,85.52,73.21,84.2,2.950490460527875,1.9346918347336524,1.0157986257942224,793.8438801801422,84.65424346923828,12.86822946455442,17.61768240694376,29.569178217304966,0.05997894756962035,0.044534822151070644,0.060083677844016636,0.047103938010883,0.052001628782933934
qwsw_clora_k1024_lr1e3_s42,qwsw,42.0,qwsw_clora_k1024_lr1e3,clora,0.6845,-0.1646265475299912,7.9,27.34,79.72,cs,13.1,2.69,47.04,35.92,37.97,76.043,12.6303,0.001,,1024.0,,False,False,True,67.03,84.22,77.99,86.97,80.58,86.24,72.53,82.2,,,,793.6681191168706,76.04100799560547,12.632939346678489,17.904760869132453,29.74588499727545,0.058592909349818194,0.04462110838548967,0.05974346139972601,0.04702002707320253,0.051143557774033024
qwswm_lora_r32_lr5e5_s43,qwswm,43.0,qwswm_lora_r32_lr5e5,lora,0.0523,-1.2814983111327258,43.61,53.87,63.91,gsm8k,46.8,40.43,72.13,52.99,56.99,3.8851,1.1291,5e-05,,,32.0,False,False,True,,,,,,,,,1.973067211730089,1.9346918347336524,0.03837537699643656,31.38459025902139,3.8902556896209717,1.129522368311882,5.097951941304602,18.286208472763235,0.12654631605351532,0.10527323840236993,0.07256255237084884,0.05333260901700662,0.07713743357756815
qwswm_lora_r16_lr1e4_s42,qwswm,42.0,qwswm_lora_r16_lr1e4,lora,0.0718,-1.1438755557576996,42.8,53.2,63.0,gsm8k,44.34,41.26,72.13,50.6,57.66,5.8698,1.9295,0.0001,,,16.0,False,False,True,,,,,,,,,,,,50.01707799014478,5.880180358886719,1.930659160869462,3.9983358193341143,10.481685750361692,0.12262282124115838,0.10332612545642268,0.07173736363987158,0.05035888208358278,0.07557603925819463
qwswm_lora_r16_lr1e4_s44,qwswm,44.0,qwswm_lora_r16_lr1e4,lora,0.0721,-1.142064735280571,44.58,53.7,68.01,gsm8k,47.2,41.96,72.13,50.43,56.76,6.3671,1.929,0.0001,,,16.0,False,True,True,,,,,,,,,1.9892658265061505,1.9346918347336524,0.05457399177249811,50.11137832634157,6.374046802520752,1.9302085742354393,4.005140305768294,10.476361174057505,0.12191906519220336,0.10218502051563057,0.0721643034252224,0.050427967340376606,0.07544053616686863
lrsw_dora_r16_lr5e3_s43,lrsw,43.0,lrsw_dora_r16_lr5e3,dora,1877.7321,3.273633630639848,0.0,19.82,36.04,cs,0.0,0.0,25.64,23.81,49.65,99333.7578,9895.238,0.005,,,16.0,True,False,True,61.19,49.84,33.67,15.39,51.38,25.72,25.51,25.6,7.738709225870823,1.8100692116929957,5.9286400141778275,200498.89338093673,99334.7578125,9898.306285381317,1.5853963251577032,2.622974836192639,0.07248814188024724,0.0542885024242593,0.11876117362129938,0.05253340137702975,0.08635956626039953
lrsw_milora_r32_lr1e4_s42,lrsw,42.0,lrsw_milora_r32_lr1e4,milora,0.2479,-0.6057234732321786,27.55,36.58,36.08,cs,35.02,20.08,47.12,44.28,36.4,13.0673,5.9916,0.0001,,,32.0,False,False,True,56.12,44.12,14.84,48.03,50.2,27.23,22.1,26.0,1.9736555104354359,1.8520239240816387,0.12163158635379712,121.89106695602332,13.06732177734375,5.9922067612409595,3.548793804561194,11.16050021482189,0.0645461921983044,0.1631762029580915,0.08715285742760036,0.1470637958223059,0.06953593081743532
frc_milora_a1r_lr7e4_c256_s44,frc,44.0,frc_milora_a1r_lr7e4_c256,milora,1.1428,0.0579702317107054,18.82,26.47,74.43,cs,27.48,10.16,23.8,33.53,37.37,181.1052,23.6898,0.0007,,,,False,False,True,67.4,79.16,77.84,80.84,78.53,74.62,58.87,78.2,2.8208880928722886,1.8100692116929957,1.0108188811792929,947.9654292276098,181.1024932861328,23.69256152510643,11.964638674044338,24.070715150019797,0.07310111872800563,0.05313137211875155,0.06678939704521024,0.05991582637810005,0.06645289624008928
qwswm_milora_r32_lr1e4_s43,qwswm,43.0,qwswm_milora_r32_lr1e4,milora,0.0981,-1.0083309926200514,43.04,53.07,63.23,gsm8k,45.31,40.76,71.64,51.37,56.28,4.161,1.2843,0.0001,,,32.0,False,False,True,,,,,,,,,2.1081597590553063,1.9346918347336524,0.17346792432165392,47.9976697395324,4.160956859588623,1.2845018946698734,10.734784765501296,32.41147310680658,0.05124000142097081,0.4609587640933335,0.05437102164027563,0.3197151344495502,0.041346902936535666
frc_lorawd_wd0p3_lr2e4_c256_s44,frc,44.0,frc_lorawd_wd0p3_lr2e4_c256,lorawd,0.3043,-0.5166980476418328,26.79,34.91,50.95,cs,33.74,19.84,44.57,41.64,34.78,16.341,6.923,0.0002,0.3,,,False,False,True,62.02,76.44,14.43,42.42,83.11,47.73,36.09,45.4,1.9779227210057941,1.8100692116929957,0.1678535093127984,195.8046296534484,16.342920303344727,6.926866464316845,4.948692484459571,15.658048402396858,0.07084750406625007,0.04867721128152667,0.0855929333911034,0.04849435182271885,0.07077448107885978
mtx_lorawd_wd0p1_s43,mtx,43.0,mtx_lorawd_wd0p1,lorawd,0.5605,-0.25142438306900805,24.48,31.77,78.52,cs,31.76,17.19,37.95,37.46,34.49,38.8081,12.4127,,0.1,,,False,False,False,62.2,81.72,79.79,87.17,82.32,84.34,69.2,81.4,2.239693599578578,1.8520239240816387,0.3876696754969391,413.59261743297986,38.80820083618164,12.414550068974496,7.232184102361566,20.894977884973564,0.06987887264974614,0.04653856195660675,0.07497737832054323,0.04887900911204823,0.06740817809834378
clora_cs_k128,clora,,clora_cs_k128,cs,0.6005,-0.22148698826107513,22.48,,79.21,,29.87,15.08,,,,32.4941,13.0517,,,,,False,False,False,71.07,82.26,78.66,88.65,80.58,81.99,68.69,81.8,2.4255387480190973,1.8520239240816387,0.5735148239374586,496.9531440754741,32.49580764770508,13.0529141664505,8.756363501518948,23.911666938733955,0.06331947613490828,0.046017639393163445,0.06692336943397735,0.04931525853866855,0.061241725896285834
frm_lorawd_wd0p5_lr7e4_c256_s43,frm,43.0,frm_lorawd_wd0p5_lr7e4_c256,lorawd,0.2875,-0.5413621509743507,25.06,33.21,64.67,math_faithful,33.3,16.81,38.01,33.45,44.46,39.569,3.7053,0.0007,0.5,,,False,False,True,,,,,,,,,2.016492457784656,1.8100692116929957,0.20642324609166018,174.22120176716982,39.56856918334961,3.70557811781764,16.069538515287228,40.41158919007428,0.08648792963188501,0.04570507008569553,0.0990738520533308,0.04655882802442185,0.08271864427240061
qwswm_lorawd_wd0p3_lr1e4_s42,qwswm,42.0,qwswm_lorawd_wd0p3_lr1e4,lorawd,0.0636,-1.1965428843515862,45.08,54.14,65.58,gsm8k,47.66,42.5,72.08,51.62,56.82,6.1412,1.5798,0.0001,0.3,,,False,False,True,,,,,,,,,,,,46.734444526463434,6.147793769836426,1.580405383024897,5.572016493201772,18.886855219338344,0.12338066400663605,0.1047599178316979,0.07110656028863552,0.04984756741515625,0.07609608613972316
frc_lora_null_lr5e4_c256_s45,frc,45.0,frc_lora_null_lr5e4_c256,lora_null,1.2324,0.090751689644903,17.32,24.78,72.99,cs,27.37,7.26,22.95,33.53,32.8,138.8193,21.5477,0.0005,,,,False,False,True,67.83,77.91,78.61,74.09,78.85,72.69,58.96,75.0,3.0135039321053356,1.8100692116929957,1.20343472041234,1033.3646232127937,138.81964111328125,21.549767047166824,16.238459304845588,30.592587811118023,0.08608212077301276,0.044039025745748625,0.08875310670603753,0.05778465361728265,0.08335861976584077
lrsw_lora_r16_lr2e4_s45,lrsw,45.0,lrsw_lora_r16_lr2e4,lora,0.4508,-0.3460160926259311,25.99,33.77,43.52,cs,32.76,19.22,42.89,40.44,33.56,34.207,13.0577,0.0002,,,16.0,False,False,True,48.9,53.81,16.58,63.19,72.69,40.49,33.7,18.8,2.1185390124314933,1.8520239240816387,0.2665150883498546,307.8283910284121,34.24897003173828,13.063734981417657,3.4558147196777784,9.336409313816151,0.06828062789882461,0.047239219188912565,0.0783668369565198,0.04878772141420712,0.06762249414265901
e1_sclora_f040_s43,e1,43.0,e1_sclora_f040,sclora,0.5173,-0.28625752159091744,25.73,33.87,74.21,cs,32.64,18.82,38.14,43.94,35.81,30.5225,5.7541,,,,,False,False,False,63.67,78.4,76.92,78.25,75.06,80.56,63.23,77.6,,,,281.87086418661914,30.52166748046875,5.754712116718292,16.274732149009594,32.81387199832523,0.08128870004058592,0.042325509466925815,0.17717886114875953,0.035247154968051975,0.1111988705618204
frm_sclora_lr2e4_c256_s44,frm,44.0,frm_sclora_lr2e4_c256,sclora,1.3375,0.12629379069326604,13.64,24.34,56.48,math_faithful,26.77,0.51,23.38,30.12,40.91,162.5019,16.0639,0.0002,,,,False,False,True,,,,,,,,,3.803879344491416,1.8100692116929957,1.9938101327984203,999.5020778214601,162.502197265625,16.063986980915068,27.75667167029846,63.103754865816576,0.08610038523341554,0.04191040581822793,0.3020664244712948,0.02356038612766994,0.1477566834755176
qwsw_sclora_r32_lr5e5_s42,qwsw,42.0,qwsw_sclora_r32_lr5e5,sclora,0.2754,-0.5600360640790951,39.04,45.86,86.49,cs,43.66,34.42,68.21,38.05,44.94,7.0801,2.3178,5e-05,,,32.0,False,False,True,74.5,89.66,79.38,95.21,85.71,92.76,84.3,90.4,,,,91.70014131714781,7.079726696014404,2.3182019819106374,8.79882181802623,33.138423816827164,0.18374278213344888,0.06808394933116503,0.465143052860814,0.01951631862090685,0.19769477445675832
qwsw_lorawd_wd0p3_lr2e4_s44,qwsw,44.0,qwsw_lorawd_wd0p3_lr2e4,lorawd,0.1872,-0.7276941555979135,40.58,48.77,85.52,cs,45.31,35.85,70.09,43.0,49.61,12.6974,4.4644,0.0002,0.3,,,False,False,True,66.67,89.77,79.94,95.28,86.74,90.24,84.13,91.4,2.11834267323636,1.9346918347336524,0.1836508385027078,160.93712031633746,12.695914268493652,4.465923514110702,6.7939978072125315,19.904135020016977,0.115464758277221,0.0917559313355985,0.0773554893683658,0.044885249641810676,0.07371475667089715
b4_sclora_r32_lr5e4_s44,b4,44.0,b4_sclora_r32_lr5e4,sclora,0.9799,-0.008818242332126823,19.33,26.12,48.93,cs,28.9,9.76,23.58,34.81,33.53,101.3753,15.8988,0.0005,,,32.0,False,False,False,66.12,54.03,58.29,49.72,77.11,25.42,21.93,38.8,2.7199252375133245,1.8100692116929957,0.9098560258203288,758.5090186681152,101.37484741210938,15.900454622507095,15.79637177884227,32.127548895579906,0.07619325975935895,0.0426543611085665,0.13330746652370756,0.037381195156510845,0.09440054401497625
e1_randdir2_f015_s43,e1,43.0,e1_randdir2_f015,randdir2,0.1615,-0.7918274733328783,25.28,35.28,3.79,cs,32.05,18.5,41.76,44.88,39.19,8.6588,2.993,,,,,False,False,False,26.76,1.2,1.38,0.15,0.0,0.21,0.0,0.6,,,,122.27470286440224,8.658661842346191,2.9930027201771736,10.298841006162094,15.324723045333474,0.0531575026484539,0.05304909261684987,0.06843358484562624,0.050447734253907243,0.05776359170016562
qwswm_clora_k1024_lr5e4_s44,qwswm,44.0,qwswm_clora_k1024_lr5e4,clora,0.1849,-0.7330630888408269,39.51,51.45,67.4,gsm8k,38.75,40.27,69.7,53.5,55.02,16.1384,3.5591,0.0005,,1024.0,,False,False,True,,,,,,,,,2.122641623213882,1.9346918347336524,0.1879497884802297,233.53645658590824,16.148849487304688,3.560082455794327,18.147807676781824,29.303315882891706,0.04792544748832594,0.04558120014890767,0.052706543457165494,0.04592230233303072,0.04144021645263338
qwsw_sclora_r32_lr2e4_s43,qwsw,43.0,qwsw_sclora_r32_lr2e4,sclora,0.426,-0.37059040089728107,29.82,37.14,86.79,cs,38.89,20.74,50.19,37.03,38.85,13.8391,5.2256,0.0002,,,32.0,False,False,True,74.8,88.85,79.48,94.55,86.66,94.61,86.35,89.0,2.4789613620367894,1.9346918347336524,0.544269527303137,294.02435974450594,13.839927673339844,5.226666291270937,16.329914671816983,36.26366467656693,0.10324836115103736,0.11967405462919652,0.19203025272964142,0.030578409201372524,0.11422785961696455
frc_lorawd_wd0p1_lr7e4_c256_s44,frc,44.0,frc_lorawd_wd0p1_lr7e4_c256,lorawd,0.8692,-0.060880282351513076,21.58,28.29,76.88,cs,29.6,13.55,27.48,36.35,34.45,93.8808,14.0503,0.0007,0.1,,,False,False,True,69.72,80.79,79.73,83.93,80.03,79.04,64.16,77.6,2.432510711599144,1.8100692116929957,0.622441499906148,641.3912536588172,93.8796157836914,14.052265039086342,14.859643348283134,27.806860628688224,0.07565770582447166,0.04563276956548843,0.07393987378032132,0.04953879297175689,0.07098703006313807
lrsw_lorawd_wd0p3_lr5e5_s44,lrsw,44.0,lrsw_lorawd_wd0p3_lr5e5,lorawd,0.2211,-0.6554112574212861,27.33,36.47,24.44,cs,34.77,19.88,48.52,43.86,35.31,11.8894,3.7938,5e-05,0.3,,,False,False,True,1.65,22.25,36.34,26.9,15.94,34.76,27.65,30.0,2.068094519928801,1.8100692116929957,0.25802530823580505,73.68677655912718,11.909615516662598,3.7957749851047993,2.1695735610891527,6.625377421392865,0.07079154563474979,0.051565840616555905,0.10376861196510995,0.0553988323895272,0.07504584682286278
lrsw_milora_r32_lr1e3_s42,lrsw,42.0,lrsw_milora_r32_lr1e3,milora,1.5319,0.1852304161675628,17.21,24.56,65.29,cs,27.48,6.94,23.23,29.69,35.45,322.9453,28.6287,0.001,,,32.0,False,False,True,62.45,72.8,74.51,55.9,69.85,65.61,51.37,69.8,3.2316140988102564,1.8520239240816387,1.3795901747286177,1304.541204410069,322.942626953125,28.631066566705705,15.090604815860447,26.99130586868774,0.0798791821754336,0.04889932363959538,0.06796855482438188,0.05483876888363276,0.07078653792952064
lrsw_lorawd_wd0p3_lr2e5_s44,lrsw,44.0,lrsw_lorawd_wd0p3_lr2e5,lorawd,0.2172,-0.6631401790831907,26.83,36.6,46.05,cs,34.0,19.66,46.84,45.9,36.61,5.7326,2.1168,2e-05,0.3,,,False,False,True,60.8,60.17,49.23,19.32,74.03,39.77,35.67,29.4,2.0827364865273523,1.8100692116929957,0.2726672748343566,35.57363741090024,5.745983600616455,2.118313888832927,1.4889589917353985,3.593485332982782,0.06345803536326283,0.0484664246399351,0.1300658384659333,0.06245134210842364,0.07954204133853439
lrswm_milora_r32_lr2e5_s42,lrswm,42.0,lrswm_milora_r32_lr2e5,milora,0.2714,-0.5663901566762818,25.35,33.64,33.06,gsm8k,33.5,17.2,29.69,46.42,41.39,3.5709,1.5689,2e-05,,,32.0,False,False,True,,,,,,,,,1.9249709554982053,1.8520239240816387,0.07294703141656655,27.239339299101665,3.5775489807128906,1.5696064054965972,2.7341177758537127,9.561545675923444,0.05002772896990061,0.2645207390441962,0.1511813493447277,0.17991703337918877,0.07621316350763961
frc_lorawd_wd0p5_lr5e4_c256_s44,frc,44.0,frc_lorawd_wd0p5_lr5e4_c256,lorawd,0.2732,-0.5635193049905051,27.1,34.36,78.94,cs,33.91,20.3,45.32,38.14,34.15,22.2229,4.5082,0.0005,0.5,,,False,False,True,73.39,84.87,80.09,89.32,85.87,77.78,64.76,75.4,1.9144535285110094,1.8100692116929957,0.10438431681801363,164.09841125365256,22.222637176513672,4.5085118122398855,8.786947178205443,21.029401477754295,0.07639338516690446,0.046912119538228186,0.0913343322875623,0.04779875057787974,0.07547620065545578
frc_milora_lr3e4_c256_s45,frc,45.0,frc_milora_lr3e4_c256,milora,0.729,-0.1372724716820254,22.66,30.82,78.44,cs,31.36,13.95,36.65,35.32,36.81,60.2502,19.0709,0.00030000000000000003,,,,False,False,True,71.96,81.18,79.07,87.08,81.22,81.36,66.64,79.0,2.436660040255413,1.8100692116929957,0.6265908285624173,605.6159279462287,60.2495231628418,19.071992045640947,7.925187526281763,19.348459828290654,0.06834866701699265,0.057535946708455916,0.06767152230543969,0.0912798128373964,0.06440300469228764
mtx_lora_r128_s43,mtx,43.0,mtx_lora_r128,lora,1.2728,0.10476016663852508,15.59,24.44,69.35,cs,25.69,5.49,23.4,32.42,35.18,151.6207,20.2469,,,,128.0,False,False,False,67.55,78.35,76.87,57.66,77.19,70.45,54.95,71.8,3.3687933878969996,1.8520239240816387,1.5167694638153608,1031.1322088013833,151.61993408203125,20.247435480356216,20.773607671533192,69.4758873361303,0.07620858827468416,0.04615683963714679,0.0703167433798309,0.05066158931286309,0.07006519282097705
qwswm_sclora_r32_lr1e4_s42,qwswm,42.0,qwswm_sclora_r32_lr1e4,sclora,0.1827,-0.7382614526474622,39.3,51.72,76.88,gsm8k,45.85,32.75,70.32,52.39,57.29,5.1431,1.6656,0.0001,,,32.0,False,False,True,,,,,,,,,,,,88.14605992306019,5.1436052322387695,1.6659269628780229,15.201344187019942,40.968075976270484,0.1586134537528927,0.10206525889998741,0.3700184650692759,0.025347855292684077,0.17237748979429496
lrsw_clora_k1024_lr3e4_s42,lrsw,42.0,lrsw_clora_k1024_lr3e4,clora,0.4586,-0.33856594960607994,24.26,31.91,64.89,cs,32.27,16.24,40.34,36.01,34.68,21.8743,9.904,0.00030000000000000003,,1024.0,,False,False,True,68.96,70.18,33.06,68.76,71.82,78.91,62.03,65.4,2.3011589219672963,1.8520239240816387,0.4491349978856576,370.9200307407836,21.885915756225586,9.906996565312147,7.519273728358616,22.123869766453836,0.058363782297076935,0.04737161770385997,0.06346462364131876,0.048865678147372894,0.056409889656068996
frc_lorawd_wd0_lr1e3_c256_s42,frc,42.0,frc_lorawd_wd0_lr1e3_c256,lorawd,7.04,0.8475726591421122,3.32,20.17,38.63,cs,6.65,0.0,23.02,23.81,47.38,672.7849,77.2981,0.001,0.0,,,False,False,True,62.26,49.56,47.44,25.01,49.17,26.6,23.21,25.8,7.323944145304555,1.8520239240816387,5.471920221222916,3034.988962652958,672.7691040039062,77.3047460079193,11.913107882677103,25.226048471303603,0.09696879363729041,0.0481139847555745,0.10279148399786041,0.05101718559434947,0.10048753920233566
qwsw_lora_null_r16_lr1e3_s43,qwsw,43.0,qwsw_lora_null_r16_lr1e3,lora_null,0.6634,-0.1782245328165365,9.56,29.28,82.54,cs,13.99,5.14,51.64,38.48,37.13,62.4608,16.9333,0.001,,,16.0,False,False,True,69.02,84.77,78.51,90.39,83.03,90.78,78.24,85.6,2.8189539774853127,1.9346918347336524,0.8842621427516604,759.1312208879094,62.459503173828125,16.933602704320634,10.889708436986497,15.778278201985156,0.11689384869337706,0.09123762179177179,0.06577635029807509,0.0620634971912515,0.07467899849798801
lrsw_lora_r16_lr5e4_s42,lrsw,42.0,lrsw_lora_r16_lr5e4,lora,0.9238,-0.03442204208947211,20.56,27.68,77.3,cs,29.78,11.35,28.31,34.9,34.07,88.293,22.273,0.0005,,,16.0,False,False,True,68.96,81.72,78.51,85.41,80.82,78.96,64.25,79.8,2.5507480570388212,1.8520239240816387,0.6987241329571825,753.0304753774519,88.291259765625,22.279035419225693,7.436121121395232,13.858946976739295,0.06973616938845828,0.04581253545935461,0.06804433875084005,0.05040970379895614,0.06543839409553767
qwsw_dora_r16_lr5e5_s42,qwsw,42.0,qwsw_dora_r16_lr5e5,dora,0.1197,-0.9219058495935893,38.39,49.32,85.19,cs,43.54,33.24,71.6,48.72,49.51,10.02,2.6391,5e-05,,,16.0,False,False,True,67.0,89.34,79.68,94.77,84.53,91.37,85.24,89.6,,,,56.528476871234474,10.039603233337402,2.640863811331136,2.2136739240956325,5.851657786310419,0.11216338775454332,0.09326091904593224,0.09078989698038,0.0523462401950308,0.07545171057489237
qwswm_sclora_r32_lr5e5_s43,qwswm,43.0,qwswm_sclora_r32_lr5e5,sclora,0.1067,-0.9718355805755301,42.84,53.55,77.86,gsm8k,47.52,38.16,71.44,54.69,55.93,3.0902,0.9181,5e-05,,,32.0,False,False,True,,,,,,,,,2.0368757770620514,1.9346918347336524,0.102183942328399,46.26634460070817,3.090641975402832,0.9182043475764138,14.361623453308018,38.56033502225646,0.15426878314323197,0.10302963845312413,0.39247132189507467,0.024217712642072772,0.17059528070440616
frm_lorawd_wd0p3_lr5e4_c256_s42,frm,42.0,frm_lorawd_wd0p3_lr5e4_c256,lorawd,0.39,-0.4089353929735008,24.22,32.67,64.82,math_faithful,32.81,15.62,31.18,39.76,44.0,44.5539,5.0384,0.0005,0.3,,,False,False,True,,,,,,,,,2.201190369941208,1.8520239240816387,0.34916644585956913,256.30613835906564,44.55538558959961,5.038770242035389,18.86218385147691,45.790763478122365,0.08253429228960908,0.04566287427499702,0.09288194406390628,0.047223125804251004,0.07989203297157857
lrsw_milora_r32_lr5e5_s42,lrsw,42.0,lrsw_milora_r32_lr5e5,milora,0.1961,-0.707522406332216,27.57,36.76,47.73,cs,35.43,19.71,46.46,45.22,36.97,6.1088,3.0098,5e-05,,,32.0,False,False,True,60.09,67.9,19.81,14.94,73.4,53.41,45.9,46.4,1.922430365342227,1.8520239240816387,0.07040644126058826,56.54038926356353,6.1106133460998535,3.0104471400380133,2.9819410040742373,10.17802261699616,0.05854172687549372,0.22100288755203548,0.09926116318325949,0.1933718338598801,0.0695583283557823
lrsw_clora_k1024_lr2e5_s43,lrsw,43.0,lrsw_clora_k1024_lr2e5,clora,0.1326,-0.8774564759312456,26.71,37.37,55.23,cs,34.05,19.37,46.51,48.46,38.46,3.9922,1.432,2e-05,,1024.0,,False,False,True,63.33,36.24,67.81,2.16,67.48,79.0,59.81,66.0,1.8621859515707881,1.8100692116929957,0.05211673987779242,28.865925567222668,3.9991917610168457,1.4331003088504075,2.1760351454216544,7.7040912257080505,0.0579516317020299,0.04889556895779097,0.09478501435356515,0.06256169292306629,0.06444267518913929
clora_k1024_s43,clora,43.0,clora_k1024,k1024,0.4361,-0.3604139133265736,24.52,,58.17,,32.31,16.74,,,,21.3107,9.9253,,,1024.0,,False,False,False,66.91,82.7,24.67,20.56,74.11,76.39,63.05,57.0,2.262510947117478,1.8520239240816387,0.4104870230358393,371.292047730876,21.313968658447266,9.927858278155327,7.529895889425569,22.074392589368774,0.058724374108669236,0.04732687963723136,0.06367861409530891,0.04877272536823929,0.05658114476309511
lrsw_sclora_r32_lr5e4_s43,lrsw,43.0,lrsw_sclora_r32_lr5e4,sclora,1.0856,0.03566983465168062,15.26,24.35,66.8,cs,23.15,7.38,23.0,36.52,31.72,82.8391,15.6167,0.0005,,,32.0,False,False,True,70.43,75.68,73.75,43.55,78.22,72.35,51.79,68.6,2.8078629023015265,1.8100692116929957,0.9977936906085307,764.9974919548855,82.83580780029297,15.618288233876228,16.27473011483596,32.81386921860844,0.08128869586253847,0.042325505615153615,0.1771788471501132,0.03524715224501738,0.11119886065676647
mtx_lorawd_wd0p1_s45,mtx,45.0,mtx_lorawd_wd0p1,lorawd,0.5734,-0.24154231138953428,19.44,30.0,80.16,cs,29.35,9.52,40.26,38.82,32.07,43.3398,12.3207,,0.1,,,False,False,False,71.28,82.26,79.22,89.71,83.66,83.88,70.31,81.0,2.219608816893167,1.8100692116929957,0.4095396052001712,414.3546439162297,43.33989715576172,12.322110977768897,7.386286409843329,20.95699906833346,0.070391341031171,0.046596774079032136,0.07681892933814964,0.04890623672172246,0.06895330973620227
frc_lorawd_wd0p5_lr7e4_c256_s44,frc,44.0,frc_lorawd_wd0p5_lr7e4_c256,lorawd,0.2849,-0.5453075507605232,27.1,33.86,80.91,cs,34.6,19.59,43.73,38.31,33.07,28.2925,4.6898,0.0007,0.5,,,False,False,True,73.33,83.51,81.17,82.6,83.98,86.45,71.84,84.4,1.9136135885382484,1.8100692116929957,0.10354437684525264,171.23175864430607,28.292194366455078,4.690318951010704,8.885907514520104,21.558287817281375,0.07767767617124909,0.0460527852316331,0.09041855100932816,0.047905504081495215,0.07621111959236586
lrsw_lorawd_wd0p3_lr5e4_s43,lrsw,43.0,lrsw_lorawd_wd0p3_lr5e4,lorawd,0.3841,-0.41555569283482385,25.86,33.0,81.89,cs,32.74,18.97,42.15,38.57,32.57,38.2442,6.7211,0.0005,0.3,,,False,False,True,73.46,83.95,80.91,90.71,85.0,86.07,71.59,83.4,2.0430797374500687,1.8520239240816387,0.19105581336842992,266.1148092503015,38.24384689331055,6.721438390016556,10.619055563787567,23.684447696933987,0.07436292901528019,0.046396927799421346,0.08367897093140493,0.04786249878341862,0.07259424069894602
qwswm_sclora_r32_lr1e3_s42,qwswm,42.0,qwswm_sclora_r32_lr1e3,sclora,0.8594,-0.06580465065211559,6.36,24.25,14.03,gsm8k,12.55,0.16,27.71,35.15,45.7,78.4404,14.2369,0.001,,,32.0,False,False,True,,,,,,,,,,,,847.7981201453018,78.43949127197266,14.23868329865592,19.433956539883688,34.264470270536954,0.1353711018867088,0.08787850708995486,0.12838746495712242,0.04318907036051569,0.11256047146627743
qwsw_milora_r32_lr2e5_s42,qwsw,42.0,qwsw_milora_r32_lr2e5,milora,0.1023,-0.9901243662878398,38.44,50.73,83.55,cs,45.91,30.98,71.81,55.55,49.4,2.7712,0.7491,2e-05,,,32.0,False,False,True,67.19,90.04,79.12,74.75,83.58,95.16,88.99,89.6,,,,21.122664446630356,2.772088050842285,0.7492034518292972,6.368610539590456,23.3189224433186,0.036791629300807094,0.5541814077802161,0.0689062212751753,0.30931683956855804,0.032935327307646
qwsw_milora_r32_lr1e4_s44,qwsw,44.0,qwsw_milora_r32_lr1e4,milora,0.183,-0.7375489102695705,38.06,47.55,87.25,cs,44.94,31.18,69.67,44.37,47.59,8.9152,2.9485,0.0001,,,32.0,False,False,True,74.71,89.17,79.79,94.44,86.27,95.41,88.05,90.2,,,,100.44373906132263,8.917280197143555,2.9490084899323326,8.219296687546962,25.05510648658698,0.06124538521271632,0.37869901906193454,0.061705354845427635,0.23348465004073576,0.0510276605081334
frc_lorawd_wd0p5_lr2e4_c256_s42,frc,42.0,frc_lorawd_wd0p5_lr2e4_c256,lorawd,0.237,-0.6252516539898961,27.56,35.67,79.2,cs,34.93,20.19,45.88,41.98,35.38,14.7462,4.9847,0.0002,0.5,,,False,False,True,62.45,82.54,75.49,90.56,83.82,86.28,72.7,79.8,1.9572587321442863,1.8520239240816387,0.10523480806264751,138.3792547484902,14.7599515914917,4.987422317266464,4.713065661912141,14.420036971357584,0.07275495069785284,0.04951605655273911,0.0928984612329525,0.04903392887327398,0.07357046291970036
qwsw_lora_r16_lr3e4_s42,qwsw,42.0,qwsw_lora_r16_lr3e4,lora,0.3572,-0.44708854978349116,33.54,43.58,86.7,cs,41.44,25.65,64.67,39.68,46.46,30.4303,10.7363,0.00030000000000000003,,,16.0,False,False,True,73.64,89.28,80.35,94.37,86.27,94.11,85.15,90.4,,,,379.19965075289315,30.433279037475586,10.743404718807765,6.521446122771142,13.410679764242596,0.1120785525561307,0.09215025449303639,0.06566937219572809,0.04635344835413665,0.06908778463780273
lora_wd0p5_clean,lora,,lora_wd0p5_clean,wd0p5,0.2558,-0.5920994598573648,27.5,,63.11,,35.06,19.94,,,,15.4042,4.7366,,0.5,,,False,False,False,34.16,58.38,72.88,52.21,84.45,74.49,59.3,69.0,1.9680868339319189,1.8520239240816387,0.11606290985028012,152.9997175335144,15.403976440429688,4.7376760236918924,6.562355308509339,17.76575632104906,0.0729934271917336,0.048374181781828514,0.0920181297906099,0.04830810864543915,0.0738113253121537
frc_pissa_r32_lr3e4_c256_s45,frc,45.0,frc_pissa_r32_lr3e4_c256,pissa,1.4031,0.14708862462816655,12.2,23.34,69.56,cs,22.82,1.58,23.57,31.91,36.84,55.3987,13.979,0.00030000000000000003,,,32.0,False,False,True,67.71,74.76,76.82,61.18,76.01,71.93,56.91,71.2,3.746658617738669,1.8100692116929957,1.9365894060456734,724.8252172247506,55.406978607177734,13.980717357993125,18.045105467551213,39.71548882703901,0.22149746513832358,0.038462769638887104,0.45709160868033005,0.027725171398096077,0.2164019811477257
frm_lorawd_wd0p1_lr2e4_c256_s44,frm,44.0,frm_lorawd_wd0p1_lr2e4_c256,lorawd,0.5183,-0.2854187911604688,22.78,31.66,66.72,math_faithful,31.01,14.54,29.04,38.65,45.07,61.1346,8.7712,0.0002,0.1,,,False,False,True,,,,,,,,,2.3368972913822477,1.8100692116929957,0.5268280796892519,398.03943688769857,61.13438034057617,8.771956415474415,14.301172900782797,42.61930188760736,0.07024410635085974,0.04744119796298229,0.0754051054996337,0.04997215987733916,0.0682809673369379
b4_sclora_r32_lr3e4_s43,b4,43.0,b4_sclora_r32_lr3e4,sclora,0.6825,-0.16589734428720634,23.46,30.62,79.77,cs,31.78,15.15,33.19,38.05,34.93,41.1206,10.2897,0.00030000000000000003,,,32.0,False,False,False,72.23,82.64,79.89,86.08,83.82,83.88,69.45,80.2,2.45297362822893,1.8100692116929957,0.6429044165359341,469.9580610314892,41.119564056396484,10.290843278169632,13.96097143908362,33.532308500157605,0.07708176459969439,0.04057738553774796,0.1776362077111273,0.028929843443283525,0.10748201690936932
b4_lora_null_r16_lr1e4_s44,b4,44.0,b4_lora_null_r16_lr1e4,lora_null,0.2448,-0.6111885865264765,26.52,36.13,66.57,cs,34.28,18.76,45.93,45.31,36.38,10.0856,4.0897,0.0001,,,16.0,False,False,False,65.66,81.07,78.25,67.01,67.96,64.27,53.75,54.6,1.8921319532483614,1.8100692116929957,0.08206274155536564,111.99657794952267,10.110628128051758,4.090330025553703,5.075843031309325,15.177019259411363,0.1809220306579375,0.033386388804867315,0.12334671227010091,0.06406819782908574,0.13156272023155843
clora_cs_k256,clora,,clora_cs_k256,cs,0.5815,-0.23545028093553275,22.39,,79.31,,30.61,14.17,,,,29.834,12.2496,,,,,False,False,False,70.8,81.99,80.25,88.13,82.0,81.73,68.6,81.0,2.396426726012086,1.8520239240816387,0.5444028019304472,466.6556700865094,29.838651657104492,12.250889599323273,8.550513059478213,23.704420230981327,0.062388858895588165,0.04611706479324625,0.06623367155738714,0.04905455726440037,0.0602740746624392
qwswm_lora_r32_lr1e3_s42,qwswm,42.0,qwswm_lora_r32_lr1e3,lora,0.9033,-0.04416798976757825,17.7,29.34,19.03,gsm8k,29.27,6.13,30.37,32.08,48.84,89.4772,18.6432,0.001,,,32.0,False,False,True,,,,,,,,,,,,1055.6309501660523,89.4748306274414,18.64606178402901,17.6353879936717,30.078159172547043,0.11444711368969894,0.08833248258161257,0.0670551376801094,0.04824226191789015,0.07432472153959994
lrswm_lora_r16_lr1e4_s42,lrswm,42.0,lrswm_lora_r16_lr1e4,lora,0.3269,-0.48558507941963097,25.32,33.77,41.32,gsm8k,32.47,18.16,32.22,44.2,41.81,17.2765,6.0569,0.0001,,,16.0,False,False,True,,,,,,,,,2.1440757932898475,1.8520239240816387,0.2920518692082088,124.48362000663134,17.303205490112305,6.05922540128231,2.4983827802929186,6.7796696738965645,0.06822995807495497,0.052617359436872777,0.09336908720095971,0.05003318745251226,0.07014945856209064
e1_clora_f040_s45,e1,45.0,e1_clora_f040,clora,0.4157,-0.3812199754937852,25.88,34.46,79.55,cs,33.28,18.48,43.07,41.64,35.83,16.7876,7.8137,,,,,False,False,False,67.8,83.35,79.07,90.97,82.95,83.63,68.26,80.4,,,,344.49560718609644,16.783769607543945,7.814206689596176,11.495393455234558,25.676458512091937,0.05839929606836448,0.04637668109176227,0.06106797099386875,0.049175342696865326,0.056291953009393915
mtx_lora_r8_s45,mtx,45.0,mtx_lora_r8,lora,0.5368,-0.2701874928390643,24.23,32.34,78.61,cs,31.95,16.51,38.75,39.85,34.62,44.4075,16.6342,,,,8.0,False,False,False,71.1,83.03,78.76,87.37,81.85,83.29,67.06,76.4,2.089271628406345,1.8100692116929957,0.2792024167133491,374.97929008139533,44.47529602050781,16.638455459475516,3.1291963817022066,6.153538424491598,0.06790678507759244,0.04642670492299837,0.07531176807036212,0.04898541429957609,0.06679220446915096
qwswm_milora_r32_lr2e5_s42,qwswm,42.0,qwswm_milora_r32_lr2e5,milora,0.0468,-1.329754146925876,43.16,53.25,41.24,gsm8k,45.55,40.76,72.02,51.45,56.47,1.4,0.3677,2e-05,,,32.0,False,False,True,,,,,,,,,,,,11.79461774403399,1.40036940574646,0.36777673033731323,7.7554355829556485,28.86111351562523,0.03636160018641324,0.5717178119561817,0.05950610426303702,0.3706843399689033,0.025766799760396218
lrsw_sclora_r32_lr1e3_s42,lrsw,42.0,lrsw_sclora_r32_lr1e3,sclora,3.0763,0.48802868548294387,3.19,19.23,35.46,cs,6.37,0.01,23.5,26.79,39.48,109.9312,34.8047,0.001,,,32.0,False,False,True,62.26,49.18,33.11,12.81,49.33,25.0,25.17,26.8,6.884864806372474,1.8520239240816387,5.032840882290835,1581.5761406494391,109.92865753173828,34.806718081235886,14.146358401772039,31.38452684491397,0.09749134365143315,0.04599411586294266,0.21096273461276047,0.041019290851163896,0.14638681109976692
frm_lorawd_wd0p2_lr3e4_c512_s43,frm,43.0,frm_lorawd_wd0p2_lr3e4_c512,lorawd,0.4567,-0.3403689883929994,23.63,32.92,68.99,math_faithful,31.52,15.74,33.71,40.44,43.2,52.7693,6.2065,0.00030000000000000003,0.2,,,False,False,True,,,,,,,,,2.1678065240666027,1.8100692116929957,0.35773731237360695,310.54959348032367,52.768096923828125,6.207046528160572,18.314637057359867,46.1612025911163,0.0764130731376239,0.04673111384878512,0.0843263524496732,0.048805058237718385,0.07442646207198864
mtx_clora_k128_s45,mtx,45.0,mtx_clora_k128,clora,0.587,-0.23136189875238555,22.98,31.16,39.35,cs,31.24,14.73,38.09,36.35,35.37,26.7095,12.8771,,,128.0,,False,False,False,70.92,60.01,3.38,27.5,81.85,33.42,31.91,5.8,2.349483784572042,1.8100692116929957,0.5394145728790465,496.5939640717131,26.711217880249023,12.87784543633461,8.967444191733772,24.1217501144456,0.06292025157178636,0.0460905421980854,0.06687733145558106,0.04913217733669821,0.061005101950431836
mtx_milora_r64_s44,mtx,44.0,mtx_milora_r64,milora,0.691,-0.1605219526258016,22.49,30.71,79.36,cs,30.44,14.54,36.12,36.77,35.66,64.3769,16.2263,,,,64.0,False,False,False,71.56,83.46,78.97,88.46,82.79,82.95,67.49,79.2,2.521929889136378,1.8520239240816387,0.6699059650547392,542.5285892349826,64.37771606445312,16.22767345011234,9.786133309631968,31.336313372335667,0.0688667169575523,0.08619979683880799,0.0685450508200784,0.09422428758424076,0.06474527296742726
lrsw_dora_r16_lr2e4_s42,lrsw,42.0,lrsw_dora_r16_lr2e4,dora,0.4451,-0.35154240571747747,24.84,32.94,78.27,cs,32.76,16.93,41.96,38.99,34.04,38.7945,13.0953,0.0002,,,16.0,False,False,True,71.68,81.83,78.61,76.81,81.53,84.85,69.62,81.2,2.1258101436582546,1.8520239240816387,0.27378621957661586,310.41011833254663,38.85697937011719,13.100972908735276,3.4711079146836745,9.381316077380122,0.06822995799163348,0.047150872809188185,0.07785243771763975,0.04903781846007891,0.06745527514982681
b4_lora_null_r16_lr1e4_s43,b4,43.0,b4_lora_null_r16_lr1e4,lora_null,0.2424,-0.6154673845057514,27.01,36.42,70.73,cs,34.82,19.2,47.42,44.8,35.85,10.3135,4.0799,0.0001,,,16.0,False,False,False,60.67,73.45,76.87,69.83,73.95,77.1,61.95,72.0,1.8922093167144978,1.8100692116929957,0.08214010502150204,111.74026880325424,10.330886840820312,4.080411750823259,5.060573308703044,15.205139588515022,0.18136223392602915,0.03344511519915265,0.12338782515987287,0.06392741777562183,0.13181005916079575
lrswm_lorawd_wd0p3_lr5e4_s42,lrswm,42.0,lrswm_lorawd_wd0p3_lr5e4,lorawd,0.3991,-0.39891827221597675,24.57,33.57,50.64,gsm8k,32.28,16.86,33.31,43.0,42.38,27.5033,7.2741,0.0005,0.3,,,False,False,True,,,,,,,,,2.1784168521638767,1.8520239240816387,0.32639292808223797,286.9380721799002,27.502758026123047,7.274767225980758,9.943844877002379,23.555861508311384,0.07054512462747105,0.0478645838036822,0.08047291555923494,0.0491284778837047,0.0695333516878855
lrsw_lora_null_r16_lr2e4_s45,lrsw,45.0,lrsw_lora_null_r16_lr2e4,lora_null,0.3518,-0.4537041648785575,25.66,33.68,36.37,cs,33.54,17.78,43.92,38.99,34.17,18.0651,7.2556,0.0002,,,16.0,False,False,True,66.15,43.85,50.36,36.02,54.93,17.3,11.77,10.6,2.0375482931723847,1.8100692116929957,0.227479081479389,225.92780409118814,18.079580307006836,7.258935621380806,6.146032557849551,16.15926779814872,0.17190153398016933,0.037174271677046525,0.11674925641994648,0.06244660983996159,0.1218793874965397
frc_lorawd_wd0p5_lr3e4_c256_s43,frc,43.0,frc_lorawd_wd0p5_lr3e4_c256,lorawd,0.2596,-0.5856953118716683,25.42,32.5,78.67,cs,33.82,17.01,38.81,38.23,34.61,16.6436,4.8154,0.00030000000000000003,0.5,,,False,False,True,62.29,83.95,80.35,88.75,83.74,82.53,66.38,81.4,1.9330238443313594,1.8100692116929957,0.1229546326383637,154.30797407904245,16.64341926574707,4.816362950205803,6.4283269780703245,17.600032762890446,0.07514572591276256,0.04810611495066848,0.09502862660077854,0.04842210806608196,0.07647699933679722
frc_lorawd_wd0p3_lr1e3_c256_s42,frc,42.0,frc_lorawd_wd0p3_lr1e3_c256,lorawd,0.4647,-0.33282732752113153,25.46,31.72,81.6,cs,32.07,18.85,33.63,38.14,35.89,53.9811,7.1519,0.001,0.3,,,False,False,True,73.39,83.9,81.22,92.09,83.43,85.27,71.08,82.4,2.0790772890567717,1.8520239240816387,0.22705336497513295,295.860350364532,53.98051834106445,7.152259711921215,11.707831966453206,25.505631511895377,0.07855030755251594,0.044878679823213835,0.08420652790995008,0.04779890416080503,0.07607469904202621
frm_lorawd_wd0p3_lr5e4_c512_s43,frm,43.0,frm_lorawd_wd0p3_lr5e4_c512,lorawd,0.377,-0.42365864979420714,24.1,33.33,67.32,math_faithful,32.5,15.71,33.94,39.68,44.83,47.5471,4.9842,0.0005,0.3,,,False,False,True,,,,,,,,,2.1383631761610697,1.8100692116929957,0.328293964468074,255.51967170607196,47.54682922363281,4.984621484577656,19.225177472981706,46.28634199851539,0.08089855639619706,0.04575724869511753,0.09309826622037447,0.04737029515512152,0.0791928008507089
qwswm_lora_r32_lr1e3_s44,qwswm,44.0,qwswm_lora_r32_lr1e3,lora,0.9464,-0.023925268380126034,6.7,24.8,33.21,gsm8k,12.89,0.51,31.08,29.95,49.55,79.4378,18.9116,0.001,,,32.0,False,False,True,,,,,,,,,4.174169724262853,1.9346918347336524,2.239477889529201,1056.7353288340842,79.5570297241211,18.915549865790776,17.242224167462112,29.84221235715189,0.11183744059930761,0.08845850495329893,0.06745057741199996,0.04871075784856849,0.07366300710279833
lrsw_clora_k1024_lr2e4_s42,lrsw,42.0,lrsw_clora_k1024_lr2e4,clora,0.3234,-0.49025998442961766,26.1,34.69,51.85,cs,34.59,17.6,44.78,39.59,36.91,16.6236,7.7548,0.0002,,1024.0,,False,False,True,72.69,70.78,20.11,16.15,82.64,57.83,46.59,48.0,2.117963096168756,1.8520239240816387,0.26593917208711737,257.7577731770095,16.641712188720703,7.759189704805612,5.718371573633532,19.043844038261284,0.059747492649013106,0.04874655101963105,0.06682296207081766,0.04914650242801115,0.05766289811896857
frc_lorawd_wd0_lr5e4_c256_s46,frc,46.0,frc_lorawd_wd0_lr5e4_c256,lorawd,1.1402,0.05698103666811319,18.26,25.9,73.85,cs,27.78,8.75,23.18,34.22,35.58,150.5014,22.6509,0.0005,0.0,,,False,False,True,67.25,78.67,77.74,77.51,79.48,74.45,58.28,77.4,2.8639006997850593,1.8100692116929957,1.0538314880920636,958.8916913468564,150.49774169921875,22.65378206372261,12.634747098356938,26.144416949243354,0.07331285568350591,0.045834990842618474,0.06800469738031431,0.050937281662153916,0.06725385200808139
fr_k1024_v512_dE1_lr1e2,fr,,fr_k1024_v512_dE1_lr1e2,k1024,0.6486,-0.18802305566304606,25.83,,48.3,,33.8,17.86,,,,19.263,7.228,0.01,,1024.0,,False,False,False,61.96,55.98,51.33,29.02,70.88,45.45,30.8,41.0,,,,,,,,,,,,,
lrsw_sclora_r32_lr1e4_s45,lrsw,45.0,lrsw_sclora_r32_lr1e4,sclora,0.4117,-0.38541913300251396,24.88,32.65,80.75,cs,33.48,16.29,42.02,38.48,33.0,10.0215,4.2119,0.0001,,,32.0,False,False,True,72.84,82.81,79.84,90.36,84.14,83.88,71.33,80.8,2.1299686967161633,1.8520239240816387,0.27794477263452455,172.58266348225953,10.021760940551758,4.2125244125723835,11.23406905514883,36.10307802767583,0.08917646692535922,0.03797277533121634,0.35266675300080474,0.01413911957132088,0.1545596962757889
frc_sclora_lr3e4_c256_s43,frc,43.0,frc_sclora_lr3e4_c256,sclora,1.0338,0.014436527831672145,16.6,23.76,77.29,cs,26.49,6.72,23.4,31.83,30.38,77.1126,15.3802,0.00030000000000000003,,,,False,False,True,70.7,81.12,78.71,84.52,80.51,78.16,62.63,82.0,2.82913823486091,1.8100692116929957,1.0190690231679145,750.3510586437643,77.11151123046875,15.381929108500481,16.07622404303254,31.96082616366259,0.0763573797266795,0.04312481924684826,0.25858368981619595,0.024566688509374938,0.13040639003283042
qwsw_milora_r32_lr1e3_s43,qwsw,43.0,qwsw_milora_r32_lr1e3,milora,0.9598,-0.017819254403597416,9.33,24.73,72.12,cs,12.44,6.22,32.0,34.64,38.34,111.6402,18.5825,0.001,,,32.0,False,False,True,64.56,79.54,74.97,69.31,73.88,77.06,63.23,74.4,3.468785882907511,1.9346918347336524,1.5340940481738587,1000.9258046711192,111.63845825195312,18.585111444337027,16.7682374694338,29.826564115319723,0.11491444554974464,0.10347841474412231,0.06578765054308092,0.06293077580271303,0.07538559206456778
frm_milora_lr7e4_c256_s44,frm,44.0,frm_milora_lr7e4_c256,milora,11.4934,1.0604485215352306,0.92,20.31,34.65,math_faithful,1.83,0.0,24.14,24.66,50.9,1407.4625,121.9896,0.0007,,,,True,False,True,,,,,,,,,9.855445213803739,1.8100692116929957,8.045376002110743,7129.203168465792,1407.5518798828125,121.99261569976807,25.53582807200475,52.80270410251687,0.10059974646882598,0.04564659158172676,0.12108849643910682,0.04972829097131573,0.11169547843965948
lrsw_milora_r32_lr1e4_s45,lrsw,45.0,lrsw_milora_r32_lr1e4,milora,0.2454,-0.6101254416090145,27.31,36.17,74.28,cs,34.71,19.91,47.24,42.92,36.06,11.6294,6.0261,0.0001,,,32.0,False,False,True,32.69,83.03,79.89,89.41,82.95,81.94,67.75,76.6,1.9715197232407293,1.8520239240816387,0.11949579915909059,122.19849769553817,11.629400253295898,6.026789873838425,3.5491619330555406,11.184625394007819,0.06377585470666204,0.162873654694716,0.08500828527167764,0.14753459250682657,0.06824782029241573
frc_milora_lr5e4_c256_s43,frc,43.0,frc_milora_lr5e4_c256,milora,1.1201,0.04925679723222725,17.4,24.9,73.42,cs,25.8,8.99,24.38,30.72,34.59,143.5483,23.3342,0.0005,,,,False,False,True,67.4,77.58,76.2,78.21,79.16,74.37,58.87,75.6,2.8512673407927527,1.8100692116929957,1.041198129099757,958.4593609339149,143.54623413085938,23.336627900600433,12.540334582799371,24.357072876785605,0.07208341142168014,0.04983279202582866,0.06625717960282806,0.06714090394653573,0.06609710786812094
qwsw_lora_null_r16_lr1e3_s44,qwsw,44.0,qwsw_lora_null_r16_lr1e3,lora_null,0.7133,-0.14672777597931674,6.92,25.02,81.64,cs,13.68,0.15,34.7,32.34,44.23,61.0716,16.9205,0.001,,,16.0,False,False,True,69.24,84.49,77.64,88.2,80.43,89.65,78.24,85.2,2.8272637390672966,1.9346918347336524,0.8925719043336442,755.3810676123646,61.07034683227539,16.921193599700928,10.824546660828249,15.696490212102594,0.11612531964792668,0.09075187866662388,0.06619957705548961,0.061764901412786566,0.07476541396965318
frc_lorawd_wd0p1_lr1e3_c256_s43,frc,43.0,frc_lorawd_wd0p1_lr1e3_c256,lorawd,0.9951,-0.0021332737608552492,19.2,26.85,73.82,cs,28.86,9.53,29.06,31.06,35.75,101.1716,14.965,0.001,0.1,,,False,False,True,67.31,78.24,78.56,78.06,76.16,75.38,60.84,76.0,2.4528454094227445,1.8100692116929957,0.6427761977297488,705.7331509082169,101.16870880126953,14.967027798295021,15.465953608516362,28.574432605239267,0.07686895375486691,0.04588499446157366,0.07669101863026177,0.049478727527514414,0.07407593300241704
lrsw_sclora_r32_lr3e4_s42,lrsw,42.0,lrsw_sclora_r32_lr3e4,sclora,1.412,0.14983469671578495,9.38,22.52,74.1,cs,18.49,0.27,23.42,31.83,38.57,34.1755,12.9568,0.00030000000000000003,,,32.0,False,False,True,69.51,80.36,78.05,67.57,79.32,77.48,62.71,77.8,4.0211946985019615,1.8520239240816387,2.169170774420323,565.4796421956079,34.180667877197266,12.957510614395142,12.51890095003458,33.02762724158688,0.1096264539869143,0.04128014055491765,0.4497897877682177,0.020107236750977274,0.18992960600928757
lrswm_lora_r16_lr5e5_s42,lrswm,42.0,lrswm_lora_r16_lr5e5,lora,0.355,-0.4497716469449059,24.89,32.93,39.5,gsm8k,32.3,17.48,29.11,44.8,40.94,12.352,3.7131,5e-05,,,16.0,False,False,True,,,,,,,,,2.091493242783486,1.8520239240816387,0.2394693187018473,66.80532567893329,12.378592491149902,3.7152500048279764,1.8434109428967795,4.366754568215595,0.0656119299856244,0.05638819221098516,0.12214699534741436,0.05093321450414854,0.07640584824325784
lrsw_milora_r32_lr3e4_s43,lrsw,43.0,lrsw_milora_r32_lr3e4,milora,0.5633,-0.24926024876464917,23.8,32.56,58.67,cs,31.06,16.54,41.97,37.71,35.52,38.7195,15.6158,0.00030000000000000003,,,32.0,False,False,True,66.42,82.48,44.68,79.75,65.27,51.52,42.06,37.2,2.3612667513764802,1.8520239240816387,0.5092428272948415,420.17519798864606,38.72005081176758,15.61808572113514,5.8233759755036525,16.235343941331312,0.0670532974758504,0.08226622653058877,0.07270307868361313,0.08642570932587715,0.06568240882842642
mtxm_lorawd_wd0p1_s44,mtxm,44.0,mtxm_lorawd_wd0p1,lorawd,0.4892,-0.3105135516357521,22.56,31.86,50.11,gsm8k,30.1,15.02,31.47,39.76,42.97,25.7549,10.7213,,0.1,,,False,False,False,,,,,,,,,2.223756371920554,1.8100692116929957,0.41368716022755847,337.1863488143844,25.75449562072754,10.723717455565929,6.201955813504111,19.2023303115669,0.06598348347279105,0.048353299065578094,0.07554239251172824,0.05024540551048479,0.06584137454747493
qwswm_clora_k1024_lr2e4_s42,qwswm,42.0,qwswm_clora_k1024_lr2e4,clora,0.0814,-1.0893755951107988,45.57,54.18,65.81,gsm8k,48.01,43.13,71.77,52.3,55.7,9.2964,1.7957,0.0002,,1024.0,,False,False,True,,,,,,,,,,,,88.808186633573,9.30404281616211,1.7963447640987786,11.289516245340602,25.341995628071768,0.05169405481688834,0.045209474801565404,0.05746897674191251,0.0474193881604757,0.044267217677149404
frm_lorawd_wd0p3_lr3e4_c256_s44,frm,44.0,frm_lorawd_wd0p3_lr3e4_c256,lorawd,0.314,-0.5030703519267851,24.87,33.56,65.43,math_faithful,33.25,16.49,34.98,40.1,42.97,35.7557,4.6646,0.00030000000000000003,0.3,,,False,False,True,,,,,,,,,2.075928987476705,1.8100692116929957,0.26585977578370934,218.84265734883797,35.755306243896484,4.665091168135405,16.012210741196323,42.293781906389356,0.07787852331971114,0.04713075083291593,0.08902674411783872,0.048384336734381306,0.07596795661381715
frm_milora_lr1e4_c256_s42,frm,42.0,frm_milora_lr1e4_c256,milora,0.4491,-0.3476569449372852,23.94,31.79,62.85,math_faithful,32.38,15.49,29.4,39.59,42.08,35.3267,10.4158,0.0001,,,,False,False,True,,,,,,,,,2.4994142427737773,1.8520239240816387,0.6473903186921386,347.0337812119777,35.32735824584961,10.416679817438126,9.95229015603437,33.21421465049037,0.06159679884550664,0.08799240802403979,0.062020208908033815,0.19026089048590122,0.05913794505810177
frm_lorawd_wd0_lr7e4_c256_s43,frm,43.0,frm_lorawd_wd0_lr7e4_c256,lorawd,11.7101,1.0685606038053055,1.75,20.12,33.97,math_faithful,3.5,0.0,23.93,23.46,49.69,1350.3768,126.6627,0.0007,0.0,,,True,False,True,,,,,,,,,8.868335367743846,1.8100692116929957,7.05826615605085,7286.05858704218,1353.8270263671875,126.68670436739922,24.66855401509423,52.86821319986805,0.10068565644534655,0.045236905516441196,0.1214854342120067,0.04665308792133903,0.11194534414751439
frm_lorawd_wd0_lr5e4_c256_s44,frm,44.0,frm_lorawd_wd0_lr5e4_c256,lorawd,2.6896,0.4296876960953958,8.88,22.61,50.57,math_faithful,17.39,0.37,23.68,23.72,47.9,332.5046,36.9954,0.0005,0.0,,,False,False,True,,,,,,,,,6.789217543571134,1.8100692116929957,4.979148331878138,2394.524605100864,332.4992370605469,36.99537558555603,29.141680531619834,57.16362174681084,0.0826189972772579,0.044481012670221545,0.08264990411542429,0.049758066177722826,0.08164216760837266
frc_lora_l2_lr3e4_c256_s44,frc,44.0,frc_lora_l2_lr3e4_c256,lora,0.7235,-0.1405614645449437,23.0,31.18,78.42,cs,31.45,14.55,40.34,36.35,33.19,60.4361,17.6572,0.00030000000000000003,,,,False,False,True,71.1,81.94,79.02,87.03,81.22,80.68,67.41,79.0,2.423823566829465,1.8100692116929957,0.6137543551364695,592.134835722105,60.434810638427734,17.658919075131415,7.453350380248687,21.438122011719887,0.06974019419271862,0.04631038620114742,0.0706838174473135,0.04986008874080879,0.06604691482293329
lrsw_dora_r16_lr1e4_s42,lrsw,42.0,lrsw_dora_r16_lr1e4,dora,0.2967,-0.5276824536831581,26.76,35.42,45.38,cs,33.85,19.68,45.31,44.03,34.23,17.3119,7.3319,0.0001,,,16.0,False,False,True,61.38,47.61,43.3,56.42,68.9,26.22,22.18,37.0,2.12374682544036,1.8520239240816387,0.27172290135872146,144.68070339862132,17.342300415039062,7.335162995755672,2.3148255054559375,6.264138306450852,0.07066569290326649,0.049466232691119556,0.08906739199104642,0.05087074167373931,0.07119257950746898
frm_clora_k256_lr3e4_c256_s44,frm,44.0,frm_clora_k256_lr3e4_c256,clora,1.0045,0.0019499410842679383,18.98,27.03,60.96,math_faithful,28.54,9.41,23.02,29.35,44.82,28.2759,14.251,0.00030000000000000003,,256.0,,False,False,True,,,,,,,,,3.213140814295748,1.8100692116929957,1.403071602602752,873.5513999448036,28.27984619140625,14.25151642858982,25.29270330101814,54.220057123386326,0.06386627277957617,0.04600950150950417,0.06554648312320577,0.050382971116389653,0.06165420567956175
mtxm_lorawd_wd0p5_s44,mtxm,44.0,mtxm_lorawd_wd0p5,lorawd,0.2734,-0.5632014897681965,26.18,34.32,48.9,gsm8k,33.68,18.69,32.8,43.69,42.72,13.761,5.1116,,0.5,,,False,False,False,,,,,,,,,2.0690459073630216,1.8100692116929957,0.2589766956700259,164.1506532865138,13.770895004272461,5.113140551745891,6.274387326698515,18.322962241819607,0.07037197686019259,0.04987478039896213,0.08589216725986464,0.049192707405275586,0.07040275988019978
qwsw_lorawd_wd0p3_lr5e5_s43,qwsw,43.0,qwsw_lorawd_wd0p3_lr5e5,lorawd,0.1073,-0.9694002780340489,39.56,50.39,86.85,cs,45.19,33.94,71.5,52.56,48.74,9.3065,2.4158,5e-05,0.3,,,False,False,True,72.08,89.99,79.94,95.17,85.4,94.02,87.2,91.0,2.0054592199049703,1.9346918347336524,0.07076738517131798,58.294255621341165,9.31702709197998,2.416830904994692,2.850998757557038,9.861322595173904,0.11452486968347138,0.09290634063286247,0.08786094001225492,0.05117193953564598,0.07571694546592084
mtx_lora_r64_s44,mtx,44.0,mtx_lora_r64,lora,0.9409,-0.026456531467510314,19.53,25.3,76.45,cs,29.4,9.66,24.02,34.39,29.04,105.5375,18.5313,,,,64.0,False,False,False,69.79,81.72,78.66,84.18,78.3,78.41,62.71,77.8,2.798157056741428,1.8520239240816387,0.946133132659789,767.0503879638896,105.53710174560547,18.533357432484628,12.298796909678797,38.9167123022817,0.07328920963683816,0.0462420898877113,0.06965923775958566,0.050310344869653724,0.06758110761826379
lrsw_dora_r16_lr1e4_s43,lrsw,43.0,lrsw_dora_r16_lr1e4,dora,0.3073,-0.5124374397436218,26.55,35.66,80.47,cs,34.08,19.02,46.49,43.26,35.44,16.5541,7.3832,0.0001,,,16.0,False,False,True,71.9,82.97,79.12,91.36,81.06,84.64,72.1,80.6,2.0766597706110996,1.8100692116929957,0.2665905589181039,145.34829370863113,16.60690689086914,7.386987979710102,2.3010026081268244,6.253681651284043,0.07049856321279559,0.049486315639628825,0.08923933638029738,0.050715115918535655,0.07116623525875927
lrswm_milora_r32_lr5e4_s43,lrswm,43.0,lrswm_milora_r32_lr5e4,milora,0.6858,-0.16380251922107464,21.45,29.7,46.02,gsm8k,28.83,14.07,31.22,35.41,38.97,52.784,16.3553,0.0005,,,32.0,False,False,True,,,,,,,,,2.551837578082487,1.8100692116929957,0.7417683663894914,521.910886573978,52.78370666503906,16.356813609600067,7.585901179232685,19.26783904507534,0.06444733734369902,0.07356915160092033,0.06910475071894157,0.08304543413033,0.06324457603299825
mtx_clora_k512_s42,mtx,42.0,mtx_clora_k512,clora,0.5324,-0.27376195319736246,23.44,31.96,79.2,cs,31.59,15.3,41.21,37.88,33.81,25.8869,11.3818,,,512.0,,False,False,False,72.45,82.7,79.58,83.89,82.87,82.41,69.71,80.0,2.3583451169606606,1.8520239240816387,0.5063211928790219,426.76609724936714,25.896806716918945,11.383209809660912,8.025065240644158,22.978707396014343,0.06126990564647148,0.04653908804910328,0.06551992206709382,0.0488968682155874,0.059170656480383076
b4_sclora_r32_lr5e4_s42,b4,42.0,b4_sclora_r32_lr5e4,sclora,0.9881,-0.00519910070539613,18.68,26.0,76.61,cs,29.52,7.85,24.47,35.07,33.08,94.7543,15.7671,0.0005,,,32.0,False,False,False,69.51,81.66,79.22,81.26,80.58,77.95,63.14,79.6,2.80606448302337,1.8520239240816387,0.9540405589417311,756.4320810213294,94.75456237792969,15.768795362114906,15.94773042082063,32.16110944122788,0.07538219311892612,0.042610345660380564,0.13350919060366845,0.037412507330257555,0.09424897336494086
lora_wd0p3_clean,lora,,lora_wd0p3_clean,wd0p3,0.378,-0.4225082001627747,22.58,,74.86,,33.42,11.75,,,,21.8071,7.1647,,0.3,,,False,False,False,62.17,84.28,75.84,90.27,84.45,69.82,60.41,71.6,2.0598203832531397,1.8520239240816387,0.2077964591715009,235.1144990872693,21.806692123413086,7.165862123668194,6.93222193254887,19.277658956677968,0.07233065747222034,0.04761878680770302,0.0871484453652714,0.048185370587641746,0.07310006891470071
qwswm_lora_r16_lr2e5_s44,qwswm,44.0,qwswm_lora_r16_lr2e5,lora,0.039,-1.408935392973501,43.39,53.3,56.1,gsm8k,47.57,39.2,72.05,50.43,57.25,2.2609,0.5385,2e-05,,,16.0,False,False,True,,,,,,,,,1.9511937389096556,1.9346918347336524,0.01650190417600328,11.21086365483965,2.2641355991363525,0.5389502181006329,2.346887385947384,6.673907673944973,0.12381031756672214,0.10661263844312885,0.10234371758624845,0.05534300484105434,0.08444379906813225
frm_clora_k64_lr3e4_c256_s45,frm,45.0,frm_clora_k64_lr3e4_c256,clora,1.1432,0.05812221578291381,18.3,26.51,60.05,math_faithful,27.29,9.32,23.98,27.47,44.48,30.8,16.0333,0.00030000000000000003,,64.0,,False,False,True,,,,,,,,,3.4471646328809604,1.8100692116929957,1.6370954211879647,983.7611930536204,30.800025939941406,16.033785143494605,25.698638458574784,55.011033737847534,0.06510687689121859,0.04625509113579016,0.06715562624417404,0.05043554922235849,0.06321812350043676
frc_lora_null_lr1e3_c256_s42,frc,42.0,frc_lora_null_lr1e3_c256,lora_null,7.6799,0.8853555651186296,2.48,19.71,38.1,cs,4.91,0.06,23.02,23.29,47.27,365.5778,78.7292,0.001,,,,True,False,True,62.14,48.75,44.27,24.56,48.3,25.8,25.17,25.8,10.711468119036729,1.8520239240816387,8.85944419495509,3169.1570464991473,365.570556640625,78.7350642979145,12.254565233539731,25.876787028118414,0.10025618170507009,0.04761405698681482,0.11293112822828842,0.05112657897489549,0.10930678987730805
frc_lorawd_wd0p2_lr3e4_c256_s43,frc,43.0,frc_lorawd_wd0p2_lr3e4_c256,lorawd,0.4375,-0.359021942641668,26.03,33.39,81.79,cs,33.44,18.63,43.23,37.03,34.6,29.779,9.1706,0.00030000000000000003,0.2,,,False,False,True,74.01,83.62,80.5,90.82,85.32,85.65,72.61,81.8,2.0694615128593146,1.8100692116929957,0.25939230116631884,305.34915379887843,29.778427124023438,9.172109596431255,7.028361856950235,20.22601953182426,0.07037594436400291,0.046984633528313904,0.07915532624583321,0.04839995121962036,0.06886291676176215
frc_sclora_lr1e4_c256_s43,frc,43.0,frc_sclora_lr1e4_c256,sclora,0.5593,-0.2523551806717518,21.16,28.91,80.46,cs,29.86,12.47,29.28,36.35,36.59,16.7293,6.5986,0.0001,,,,False,False,True,72.54,83.41,78.81,88.03,82.79,84.97,70.56,82.6,2.27127049530076,1.8100692116929957,0.46120128360776413,291.8773583101902,16.734912872314453,6.599072843790054,12.485954301993365,32.165550278180305,0.07525879705089222,0.04249025289415202,0.3897622866894832,0.009148517584316685,0.15841977346251399
qwsw_clora_k1024_lr2e4_s42,qwsw,42.0,qwsw_clora_k1024_lr2e4,clora,0.2109,-0.6759234202605136,38.92,46.92,87.14,cs,44.94,32.9,68.68,40.44,47.62,20.038,5.292,0.0002,,1024.0,,False,False,True,75.17,90.32,79.27,94.55,85.87,94.82,86.52,90.6,,,,243.98731284968397,20.048419952392578,5.293697431685827,8.301865229387104,23.15462522841678,0.05379778275286975,0.04297147182509115,0.059603325586500326,0.04449128915121356,0.04445991136428006
qwsw_sclora_r32_lr1e3_s44,qwsw,44.0,qwsw_sclora_r32_lr1e3,sclora,1.084,0.03502928220236815,4.78,21.03,69.11,cs,9.41,0.15,23.59,30.38,41.62,99.9238,19.3834,0.001,,,32.0,False,False,True,64.62,77.04,73.49,59.38,70.88,74.03,60.41,73.0,3.7539018059913767,1.9346918347336524,1.8192099712577243,1054.6459655132815,99.92478942871094,19.38585484623909,17.13256816854887,32.30589595209207,0.11897625972657744,0.09708887636805733,0.088964976954619,0.04842964100958752,0.09210006113075593
frc_milora_lr7e4_c256_s42,frc,42.0,frc_milora_lr7e4_c256,milora,1.4751,0.16882146300982398,15.5,24.45,63.53,cs,24.53,6.48,23.18,30.89,37.16,261.7909,28.2795,0.0007,,,,False,False,True,63.15,71.65,74.82,46.15,71.11,65.66,50.09,65.6,3.2281540004612634,1.8520239240816387,1.3761300763796247,1301.521288775818,261.7864990234375,28.281723123788833,15.15034991151033,27.071012374041832,0.0784868316421814,0.04780685627755618,0.06799067443548192,0.05855805220857477,0.07061776316713891
frc_lorawd_wd0p1_lr5e4_c256_s44,frc,44.0,frc_lorawd_wd0p1_lr5e4_c256,lorawd,0.7672,-0.11509140583739282,20.94,27.83,77.96,cs,28.92,12.95,27.76,35.58,33.93,72.4572,13.256,0.0005,0.1,,,False,False,True,71.41,79.98,78.66,81.05,82.87,81.19,66.13,82.4,2.3593916660297496,1.8100692116929957,0.5493224543367539,563.4368723041836,72.4566650390625,13.257551842927933,12.527030583482672,25.831027573196916,0.0730026275306683,0.045963738398748726,0.07389798750219878,0.04936765270143203,0.06927722058638978
mtx_lorawd_wd0p5_s42,mtx,42.0,mtx_lorawd_wd0p5,lorawd,0.2724,-0.5647928967592525,27.3,34.97,82.02,cs,34.42,20.17,45.6,39.93,34.71,17.0633,4.7769,,0.5,,,False,False,False,72.81,84.22,79.43,92.58,84.77,86.28,71.84,84.2,1.9634126128289966,1.8520239240816387,0.11138868874735786,153.37062107504494,17.063077926635742,4.778063140809536,6.438246870432409,17.7838641534184,0.07325744605809759,0.04824668166568196,0.09206973704666381,0.04839486405999811,0.0737944315876406
e1_randdir1_f040_s43,e1,43.0,e1_randdir1_f040,randdir1,0.4233,-0.3733517315259897,23.18,32.97,0.53,cs,31.42,14.93,35.75,43.0,39.73,23.0548,7.9809,,,,,False,False,False,3.7,0.0,0.2,0.0,0.0,0.04,0.09,0.2,,,,326.0771773926416,23.054576873779297,7.981172174215317,10.293860452967536,15.326891973609097,0.053049099028947264,0.05315649105891654,0.06846520981706275,0.05043843410212344,0.05772282540478735
b4_lora_null_r16_lr3e4_s45,b4,45.0,b4_lora_null_r16_lr3e4,lora_null,0.4647,-0.33282732752113153,24.69,33.08,79.68,cs,32.54,16.84,43.09,37.54,35.4,30.9938,10.9908,0.00030000000000000003,,,16.0,False,False,False,71.71,82.48,77.18,88.95,82.79,84.05,69.71,80.6,2.1010518911550586,1.8100692116929957,0.2909826794620629,349.26118776291673,31.023351669311523,10.994285267591476,6.428512639082522,15.057338335261143,0.12160001708894475,0.03939374482039046,0.09688063360173636,0.05705602613487401,0.0983157363917848
qwswm_lora_r32_lr3e4_s42,qwswm,42.0,qwswm_lora_r32_lr3e4,lora,0.2007,-0.6974526275125145,44.22,52.73,58.38,gsm8k,47.44,40.99,70.17,50.26,54.78,16.585,4.7996,0.00030000000000000003,,,32.0,False,False,True,,,,,,,,,,,,217.64381762654182,16.579872131347656,4.8006723348583495,12.201217812839795,26.43801622453424,0.11162580084863112,0.09827128264669945,0.06144994841740102,0.04846339090156049,0.06827363585646493
lrswm_lora_r16_lr1e3_s43,lrswm,43.0,lrswm_lora_r16_lr1e3,lora,1.2432,0.09454100145683908,19.72,27.01,42.23,gsm8k,28.87,10.57,25.1,29.44,41.05,166.1505,27.6062,0.001,,,16.0,False,False,True,,,,,,,,,3.1578702270663004,1.8100692116929957,1.3478010153733047,1120.6808349339756,166.1470489501953,27.60352548956871,10.510729064975054,15.062734117738964,0.07219411222779967,0.04517200363815697,0.07012409683676812,0.05049712617883931,0.0676196972804096
lrswm_dora_r16_lr1e3_s44,lrswm,44.0,lrswm_dora_r16_lr1e3,dora,2.3127,0.3641193003907618,18.51,26.62,31.54,gsm8k,27.12,9.9,25.75,28.33,42.02,393.6492,37.1586,0.001,,,16.0,False,False,True,,,,,,,,,3.450525402815216,1.8100692116929957,1.6404561911222204,1423.9630054298216,393.642822265625,37.15663389563561,9.152248495871028,14.178223224107276,0.09638196294341725,0.04582702115417076,0.08682293236689892,0.049626819736645435,0.08803394554610414
mtx_lorawd_wd0p5_s45,mtx,45.0,mtx_lorawd_wd0p5,lorawd,0.256,-0.5917600346881504,27.01,34.88,73.44,cs,33.97,20.05,45.48,39.93,34.99,16.9785,4.7024,,0.5,,,False,False,False,60.95,78.56,78.3,81.49,75.93,78.11,65.36,68.8,1.9205111062266114,1.8100692116929957,0.11044189453361564,152.85557338237243,16.978559494018555,4.703581853955984,6.660170969171421,17.89599161257127,0.07374040609675617,0.04840952715538649,0.0916928988945243,0.04839272730863395,0.07397755760500178
lora_wd0p05_full,lora,,lora_wd0p05_full,wd0p05,0.6795,-0.16781053893148687,24.12,,79.47,,31.35,16.9,,,,54.2023,14.8876,,0.05,,,False,False,False,70.8,83.68,79.22,87.53,83.82,81.99,68.34,80.4,,,,,,,,,,,,,
scl2_b0p5_r128_s43,scl2,43.0,scl2_b0p5_r128,b0p5,1.8745,0.2728854447575695,6.32,21.42,63.7,cs,12.62,0.01,23.43,30.97,40.06,68.4484,15.1422,,,,128.0,False,False,False,63.64,71.76,73.95,51.13,70.8,63.01,48.55,66.8,6.845215335383437,1.8520239240816387,4.993191411301798,959.4737992174108,68.44236755371094,15.142205089330673,29.754491308359775,116.2728443517744,0.1046315894279947,0.041926198386589425,0.3934812727556054,0.021902848251368824,0.1760163372715535
qwswm_dora_r16_lr1e4_s42,qwswm,42.0,qwswm_dora_r16_lr1e4,dora,0.0703,-1.1530446749801762,44.12,53.81,64.06,gsm8k,46.89,41.36,71.97,51.45,57.38,5.8574,1.8999,0.0001,,,16.0,False,False,True,,,,,,,,,,,,49.729061343175175,5.8693342208862305,1.9009809740952084,4.03924118915825,10.528705714484797,0.12230318740810182,0.10268019746365756,0.07099325212792963,0.05100539058052461,0.07517457380356812
frc_sclora_lr1e3_c256_s42,frc,42.0,frc_sclora_lr1e3_c256,sclora,8.2262,0.9151992641131625,1.14,19.29,36.86,cs,2.29,0.0,23.04,22.61,48.49,558.2896,89.1199,0.001,,,,True,False,True,62.2,51.47,33.11,23.27,49.72,23.53,25.0,26.6,9.359743761941282,1.8520239240816387,7.507719837859643,3514.2402905725244,558.4335327148438,89.12582939863205,12.195766040518365,25.705402013410737,0.09908242819655672,0.04770754784267158,0.1400443038156378,0.045889726331647875,0.11890226271176461
frm_clora_k64_lr3e4_c256_s42,frm,42.0,frm_clora_k64_lr3e4_c256,clora,1.1128,0.04641711698399,18.38,27.16,58.53,math_faithful,28.24,8.51,24.41,29.35,45.29,28.858,15.9622,0.00030000000000000003,,64.0,,False,False,True,,,,,,,,,3.4201094321455487,1.8520239240816387,1.56808550806391,986.3488431908511,28.85796356201172,15.96270280778408,25.959415411110783,55.139988101087006,0.06509290459338508,0.04628032284562267,0.06722572451835308,0.050457161024835696,0.06327049668879907
frc_milora_lr7e4_c256_s44,frc,44.0,frc_milora_lr7e4_c256,milora,1.5248,0.18321288329425114,14.68,23.33,65.02,cs,21.75,7.61,22.99,29.69,34.59,260.3666,28.4834,0.0007,,,,False,False,True,64.25,72.8,74.77,55.83,70.24,64.56,50.34,67.4,3.212242319347193,1.8100692116929957,1.4021731076541972,1306.2962490491516,260.360595703125,28.485636901855468,15.062084416920698,26.929288617470423,0.07817609062076246,0.047726082664471085,0.0680400853711866,0.05876020305388754,0.07051485243053376
qwswm_lora_r32_lr2e5_s42,qwswm,42.0,qwswm_lora_r32_lr2e5,lora,0.0388,-1.4111682744057927,43.47,53.5,61.26,gsm8k,47.49,39.45,72.03,50.85,57.69,2.4334,0.5812,2e-05,,,32.0,False,False,True,,,,,,,,,,,,13.983829902217149,2.4341962337493896,0.581531913046326,3.473305627959618,14.22189762934066,0.1255779589087429,0.1069730990506553,0.08726761860252402,0.0559638706643083,0.08094510005352452
frc_lorawdr16_wd0p3_lr3e4_c256_s45,frc,45.0,frc_lorawdr16_wd0p3_lr3e4_c256,lorawdr16,0.333,-0.4775557664936801,26.88,34.95,80.67,cs,33.37,20.39,45.2,40.36,35.45,20.6678,6.8244,0.00030000000000000003,0.3,,,False,False,True,72.87,83.57,80.09,89.71,83.58,84.81,70.73,80.0,1.9414920028328613,1.8100692116929957,0.13142279113986555,188.501949514116,20.68702507019043,6.829851707816124,4.6455903764542885,11.00742259313655,0.07140748523561975,0.04790808251549798,0.08738243694817006,0.04825370894068651,0.07136641265230191
mtx_lorawd_wd1p0_s44,mtx,44.0,mtx_lorawd_wd1p0,lorawd,0.1776,-0.7505570385574177,27.62,36.28,62.28,cs,34.79,20.44,47.46,41.13,37.59,8.037,2.722,,1.0,,,False,False,False,73.73,55.28,55.63,61.83,84.85,56.1,38.23,72.6,1.903516692970021,1.8520239240816387,0.05149276888838217,79.46067281830275,8.036942481994629,2.7232431627810003,5.1704165432690745,13.436571514968655,0.07557027653678147,0.0504367867472514,0.10559779097720766,0.05171538646599323,0.07890404314294365
qwswm_milora_r32_lr3e4_s43,qwswm,43.0,qwswm_milora_r32_lr3e4,milora,0.1954,-0.7090754406172457,40.96,51.98,59.51,gsm8k,42.8,39.13,70.27,52.9,54.79,13.434,3.5992,0.00030000000000000003,,,32.0,False,False,True,,,,,,,,,2.274295502689215,1.9346918347336524,0.33960366795556274,151.1096149840986,13.433976173400879,3.5997122057846616,12.312285211231972,30.188105223460962,0.0771498866414203,0.26099666287735407,0.05656093587303325,0.19520531620922546,0.057242043165066134
mtx_lorawd_wd0p5_s43,mtx,43.0,mtx_lorawd_wd0p5,lorawd,0.2526,-0.5975666537806881,27.96,35.21,81.92,cs,34.65,21.27,45.41,39.33,35.38,15.9948,4.7436,,0.5,,,False,False,False,72.81,84.93,80.66,92.21,83.9,85.9,72.18,82.8,1.9642239995015478,1.8520239240816387,0.11220007541990906,153.1150907359648,15.99457836151123,4.74495502486825,6.561517051261704,17.831649889119888,0.07466702342688163,0.048236897099542785,0.09222685630636777,0.04829218427782704,0.07444465166064798
qwswm_milora_r32_lr2e4_s44,qwswm,44.0,qwswm_milora_r32_lr2e4,milora,0.1493,-0.8259401922749746,43.37,52.71,63.46,gsm8k,46.61,40.13,71.38,49.74,55.69,9.1453,2.4396,0.0002,,,32.0,False,False,True,,,,,,,,,2.2169790058201198,1.9346918347336524,0.2822871710864674,96.52802024027085,9.145299911499023,2.43991434276104,11.426006964275603,31.262124469234177,0.06661236322696448,0.3413478795624781,0.05580837419615956,0.25160718165437623,0.051974038318156966
frc_lorawd_wd0_lr5e4_c256_s45,frc,45.0,frc_lorawd_wd0_lr5e4_c256,lorawd,1.1535,0.06201759885711227,17.9,25.85,72.62,cs,27.22,8.57,23.33,34.47,35.66,140.1158,22.5923,0.0005,0.0,,,False,False,True,66.73,77.48,78.4,74.77,77.27,73.27,58.28,74.8,2.851167098141927,1.8100692116929957,1.041097886448931,958.1284641414682,140.1141815185547,22.594821125268936,12.658222474637302,26.15647133879069,0.07311586796361601,0.045902589278267916,0.06822894941595832,0.05097909020101706,0.06731323533290844
lora_wd0p01_full,lora,,lora_wd0p01_full,wd0p01,0.7078,-0.15008944169850394,21.89,,79.37,,29.89,13.89,,,,56.2562,16.9608,,0.01,,,False,False,False,71.8,82.21,78.56,87.57,83.27,81.65,67.32,82.6,,,,,,,,,,,,,
qwsw_milora_r32_lr2e5_s44,qwsw,44.0,qwsw_milora_r32_lr2e5,milora,0.1023,-0.9901243662878398,38.57,50.81,84.25,cs,45.72,31.42,71.71,56.23,48.98,2.8236,0.749,2e-05,,,32.0,False,False,True,62.75,89.93,79.48,93.07,83.35,92.21,85.24,88.0,1.9906604685153384,1.8790178806577968,0.11164258785754155,21.125272176914226,2.824188709259033,0.7490751543215343,6.368574330774287,23.32560331551209,0.03715123772163854,0.5537734803750741,0.06904767441092263,0.30921080207028495,0.0332648660126404
lrsw_lora_null_r16_lr5e5_s42,lrsw,42.0,lrsw_lora_null_r16_lr5e5,lora_null,0.1863,-0.7297871451037574,26.62,37.11,55.8,cs,34.08,19.15,47.75,47.27,37.31,5.3158,2.1526,5e-05,,,16.0,False,False,True,55.99,78.45,72.88,41.24,76.56,45.71,41.81,33.8,1.9048317428008572,1.8520239240816387,0.05280781871921847,57.66245774599914,5.317149639129639,2.152871097251773,4.988167866673639,16.58380522774173,0.16521901110871293,0.02711367801984124,0.09175277545521983,0.05819007651595505,0.12381656629332506
qwswm_lorawd_wd0p3_lr5e5_s44,qwswm,44.0,qwswm_lorawd_wd0p3_lr5e5,lorawd,0.0476,-1.322393047279507,44.03,53.69,58.45,gsm8k,47.64,40.42,72.26,50.51,57.63,3.7004,1.0141,5e-05,0.3,,,False,False,True,,,,,,,,,1.9683531421642952,1.9346918347336524,0.033661307430642884,27.102632654970915,3.7054178714752197,1.0145497888326644,4.59850278367918,17.240692783342922,0.12607836820067114,0.10637700565433716,0.07536738990519132,0.05276679913553592,0.07799615707767373
lrswm_clora_k1024_lr5e5_s44,lrswm,44.0,lrswm_clora_k1024_lr5e5,clora,0.2147,-0.6681679555637513,25.31,32.89,38.97,gsm8k,33.01,17.61,26.06,45.65,42.14,7.6544,2.6213,5e-05,,1024.0,,False,False,True,,,,,,,,,1.9289723186526395,1.8100692116929957,0.11890310695964379,63.36482429698994,7.661944389343262,2.622530509531498,3.2051559706315724,11.726815024699855,0.06133138351970465,0.05674146986570952,0.08797879351831728,0.053565994398480136,0.06319036582709252
mtx_milora_r64_s42,mtx,42.0,mtx_milora_r64,milora,0.6707,-0.1734716936593485,22.88,28.69,78.97,cs,31.61,14.16,30.02,34.98,32.7,75.6062,16.281,,,,64.0,False,False,False,71.25,82.43,78.86,84.81,82.16,82.49,69.2,80.6,2.503489879225181,1.8520239240816387,0.6514659551435424,545.1638346015095,75.60539245605469,16.2820192784071,9.81236006545992,31.313593966353128,0.06923545723933916,0.08574262037642535,0.06914344734118717,0.09441434473744825,0.06523849833492212
lrsw_dora_r16_lr2e3_s43,lrsw,43.0,lrsw_dora_r16_lr2e3,dora,24.3192,1.3859492843630308,3.04,19.86,36.96,cs,6.08,0.0,23.12,22.53,47.59,4757.124,284.6208,0.002,,,16.0,True,False,True,61.99,51.96,34.19,24.92,49.01,25.13,26.45,22.0,12.088434960828724,1.8100692116929957,10.278365749135729,10477.64371757266,4757.13720703125,284.62704077959063,6.361855094529604,11.521268206447997,0.1477257737621743,0.047661277397509694,0.1559081078341349,0.04598652321478475,0.14889752740697904
frc_milora_a1r_lr3e4_c256_s44,frc,44.0,frc_milora_a1r_lr3e4_c256,milora,0.5623,-0.25003191649059714,24.06,32.62,34.58,cs,31.19,16.94,40.94,38.23,35.82,37.4071,15.6225,0.00030000000000000003,,,,False,False,True,62.08,10.34,10.64,36.79,60.93,33.29,25.17,37.4,2.2361077872353095,1.8100692116929957,0.4260385755423137,419.2066818203677,37.40700149536133,15.623989224433899,5.837390948276585,16.247534315059557,0.0669576878348695,0.08274209758977646,0.07285608293215892,0.08697294198703821,0.0657541256825073
lrsw_sclora_r32_lr5e4_s44,lrsw,44.0,lrsw_sclora_r32_lr5e4,sclora,1.0536,0.022675761953727433,15.2,24.29,72.41,cs,24.21,6.18,23.19,34.22,33.65,105.5939,15.8479,0.0005,,,32.0,False,False,True,65.41,79.92,78.56,58.56,80.03,78.07,62.97,75.8,2.77261841418226,1.8100692116929957,0.9625492024892643,768.0954263673065,105.59416198730469,15.849601835012436,16.239484130644442,32.70761983928388,0.08296534313063215,0.04223957540338696,0.17628929725040415,0.03536548345561669,0.11140722578651222
qwsw_lora_r16_lr2e5_s43,qwsw,43.0,qwsw_lora_r16_lr2e5,lora,0.1079,-0.9669785553170893,38.38,50.58,85.53,cs,46.37,30.4,71.43,54.86,49.85,4.3282,1.2145,2e-05,,,16.0,False,False,True,63.55,89.12,79.48,93.74,84.29,94.99,88.65,90.4,1.9850346491063544,1.9346918347336524,0.05034281437270205,23.462420384890617,4.337471008300781,1.2159281032426017,1.5839722175970927,3.504076789760106,0.10125952940610254,0.08904055467848962,0.11584944721710126,0.05974151102201476,0.07833960239652255
qwsw_lora_r16_lr3e4_s43,qwsw,43.0,qwsw_lora_r16_lr3e4,lora,0.3627,-0.44045244441956566,36.06,43.94,69.62,cs,43.43,28.68,64.72,38.23,44.65,30.7342,10.7442,0.00030000000000000003,,,16.0,False,False,True,73.85,76.17,78.2,94.4,85.79,36.78,32.59,79.2,2.3699349442188895,1.9346918347336524,0.43524310948523715,379.25135524556316,30.738025665283203,10.751986575978142,6.486376220568377,13.425288388452563,0.11190023267777793,0.09230802549654919,0.06572984292069294,0.04620775736399405,0.06894876701538638
lrsw_dora_r16_lr1e3_s44,lrsw,44.0,lrsw_dora_r16_lr1e3,dora,3.7348,0.572267350134817,13.92,23.74,68.41,cs,22.12,5.71,23.16,33.19,34.52,1055.2388,53.9174,0.001,,,16.0,True,False,True,64.71,76.33,76.97,64.35,74.9,67.42,54.01,68.6,4.75954125275334,1.8100692116929957,2.9494720410603437,2153.2105965431824,1055.2305908203125,53.91498135924339,7.815031483201634,13.024649871095765,0.1326885540654953,0.044927703503958805,0.1057190279773658,0.05018948894055533,0.11694241653124968
qwswm_lora_null_r16_lr5e5_s44,qwswm,44.0,qwswm_lora_null_r16_lr5e5,lora_null,0.0406,-1.391473966422806,43.56,53.45,60.8,gsm8k,47.84,39.28,72.13,50.94,57.05,3.2693,0.7944,5e-05,,,16.0,False,False,True,,,,,,,,,1.953735369058472,1.9346918347336524,0.019043534324819644,26.350484071978556,3.2706048488616943,0.7945026703178882,6.8484742402792715,18.043518943983397,0.21136541300522568,0.07518430725389255,0.09563049628383971,0.1393107327218083,0.11796789772452994
qwswm_sclora_r32_lr2e4_s42,qwswm,42.0,qwswm_sclora_r32_lr2e4,sclora,0.2946,-0.5307672574933879,36.72,49.11,71.42,gsm8k,45.05,28.39,67.37,50.17,54.57,9.2011,3.0959,0.0002,,,32.0,False,False,True,,,,,,,,,,,,170.273280117871,9.201481819152832,3.0963764071464537,15.996526537588034,41.55182204927073,0.1594112809676171,0.10040314024944541,0.32495131733630117,0.02813956761386365,0.1659718092619335
frc_lora_null_lr2e5_c256_s42,frc,42.0,frc_lora_null_lr2e5_c256,lora_null,0.1596,-0.7969671129852893,26.52,36.47,57.71,cs,34.65,18.38,46.7,46.42,36.19,4.0258,1.8068,2e-05,,,,False,False,True,55.35,69.97,70.32,48.57,43.41,64.14,47.35,62.6,1.9384578438278937,1.8520239240816387,0.08643391974625492,49.15025726430451,4.026056289672852,1.8069592777639627,5.265895980624553,25.465645257489125,0.1421457601702802,0.038416294012297895,0.1596253971215382,0.0834452647756668,0.13041929457532067
lrswm_lora_r16_lr5e5_s43,lrswm,43.0,lrswm_lora_r16_lr5e5,lora,0.3592,-0.4446636720047332,25.82,34.05,40.94,gsm8k,34.28,17.35,30.96,45.73,41.92,11.4533,3.6906,5e-05,,,16.0,False,False,True,,,,,,,,,2.0474077338355605,1.8100692116929957,0.2373385221425648,66.57670490090081,11.473810195922852,3.692653401196003,1.868696201377129,4.391979910773557,0.06610809258145114,0.056292006322530355,0.12247247694364131,0.050380328488339766,0.076945122783179
frc_lorawd_wd0p2_lr1e4_c256_s43,frc,43.0,frc_lorawd_wd0p2_lr1e4_c256,lorawd,0.2508,-0.6006724678413211,27.02,35.37,64.47,cs,34.97,19.08,46.43,41.64,34.71,18.1833,6.2614,0.0001,0.2,,,False,False,True,51.53,80.09,78.25,83.3,47.04,61.07,53.24,61.2,1.9402571108477116,1.8100692116929957,0.13018789915471585,141.34161832761333,18.190507888793945,6.262881574034691,3.1022209596802774,10.598612958210978,0.071314996308442,0.049724939384621795,0.08959876285106419,0.05030175455356901,0.0716044515241156
mtx_milora_r32_s45,mtx,45.0,mtx_milora_r32,milora,0.561,-0.25103713874383854,24.9,31.75,79.29,cs,32.25,17.54,37.64,36.09,35.21,54.139,15.5777,,,,32.0,False,False,False,72.23,82.54,79.32,84.92,83.43,82.62,68.69,80.6,2.2197030012595786,1.8100692116929957,0.4096337895665829,422.4072352888848,54.13917922973633,15.57936232984066,5.964914946042279,16.29953100571023,0.06780392044752706,0.08214369075798586,0.07216448641555345,0.08655357397234134,0.0657688228023987
e1_dora_f015_s43,e1,43.0,e1_dora_f015,dora,0.1584,-0.8002448227465253,25.73,35.3,15.19,cs,32.96,18.5,41.08,47.18,36.76,27.6404,3.0626,,,,,False,False,False,60.55,14.8,17.81,0.19,1.03,7.87,5.29,14.0,,,,100.18985630194199,27.640275955200195,3.063251806050539,6.919113177626242,13.254408218642968,0.08683486202560627,0.045219767773656265,0.07780975546353704,0.05002084291499658,0.07833499071839685
lrswm_lorawd_wd0p3_lr5e5_s43,lrswm,43.0,lrswm_lorawd_wd0p3_lr5e5,lorawd,0.2972,-0.5269511949114623,25.5,33.7,43.59,gsm8k,33.36,17.65,30.54,45.56,41.38,11.1649,3.5283,5e-05,0.3,,,False,False,True,,,,,,,,,2.052420503371391,1.8100692116929957,0.2423512916783952,71.2993132928546,11.057032585144043,3.516118790209293,2.414857117504018,7.66482219504596,0.06773968531499912,0.05539851541834783,0.11228087724530147,0.0510451216970302,0.07487177334995618
uioT_k3072_lr1e2,other,,uioT_k3072_lr1e2,k3072,0.7534,-0.12297438413275119,25.35,,58.09,,35.19,15.51,,,,9.5072,4.4327,0.01,,3072.0,,False,False,False,57.28,72.96,68.78,26.85,70.88,61.78,49.15,57.0,,,,,,,,,,,,,
frc_lorawd_wd0p3_lr2e4_c256_s43,frc,43.0,frc_lorawd_wd0p3_lr2e4_c256,lorawd,0.2998,-0.5231683714877393,26.33,35.12,58.82,cs,33.59,19.07,45.48,40.44,37.0,19.5055,6.9354,0.0002,0.3,,,False,False,True,62.2,63.38,63.41,52.19,62.04,66.12,54.61,46.6,1.972909857440613,1.8100692116929957,0.16284064574761725,196.17741499432486,19.526447296142578,6.938471432030201,4.988063109536221,15.70292339619686,0.07136272002939874,0.04827382831496068,0.08623339217759819,0.04851238493286171,0.07114044923784166
lrsw_lora_r16_lr5e4_s43,lrsw,43.0,lrsw_lora_r16_lr5e4,lora,0.9284,-0.0322648682161199,22.07,27.74,76.99,cs,30.72,13.42,23.52,34.56,36.47,98.2554,22.427,0.0005,,,16.0,False,False,True,69.45,81.83,78.56,86.1,80.51,78.96,63.91,76.6,2.526037370263099,1.8100692116929957,0.7159681585701032,756.8717463603681,98.25459289550781,22.43140854239464,7.422494194407254,13.836328057784565,0.0697986394667625,0.04583852203369263,0.06783554873988787,0.05055202526393381,0.06515497716588571
frm_clora_k64_lr3e4_c256_s43,frm,43.0,frm_clora_k64_lr3e4_c256,clora,1.1327,0.054114900510585866,18.48,27.58,60.5,math_faithful,28.09,8.88,26.17,30.03,44.75,28.8288,15.9658,0.00030000000000000003,,64.0,,False,False,True,,,,,,,,,3.419525594885668,1.8100692116929957,1.6094563831926723,985.8623693521752,28.82932472229004,15.966209280490876,25.86052860397228,55.1272691482533,0.06515642297375973,0.04627201993810331,0.0671578267605524,0.050400364212129435,0.06325502869666025
lora_wd1p0_s43,lora,43.0,lora_wd1p0,wd1p0,0.1889,-0.7237680420781664,28.1,,81.36,,35.79,20.41,,,,8.7367,2.767,,1.0,,,False,False,False,72.32,84.17,79.63,91.45,83.11,86.45,70.99,82.8,1.9027683748195068,1.8520239240816387,0.05074445073786804,79.90136486126586,8.736603736877441,2.768517342209816,4.956905802692009,13.178382100597863,0.0755413818953359,0.0501982229306206,0.10562889006206304,0.05185873012235305,0.0788679558198948
qwsw_milora_r32_lr5e5_s44,qwsw,44.0,qwsw_milora_r32_lr5e5,milora,0.1323,-0.878440155812499,38.7,49.47,86.27,cs,46.21,31.18,70.86,51.45,47.64,5.75,1.6236,5e-05,,,32.0,False,True,True,68.99,90.26,79.58,94.67,83.66,94.07,87.12,91.8,2.1098207339205883,1.9346918347336524,0.17512889918693597,49.7701264184454,5.751526832580566,1.6238473511167935,7.254553902560988,24.45249237532138,0.04702708801258057,0.47385364308729305,0.0650494305973198,0.2766820461540689,0.043075608597032945
frm_lorawd_wd0p2_lr5e4_c512_s44,frm,44.0,frm_lorawd_wd0p2_lr5e4_c512,lorawd,0.5565,-0.2545348313292729,22.32,31.24,65.28,math_faithful,30.95,13.68,30.47,37.12,43.96,57.9981,6.8074,0.0005,0.2,,,False,False,True,,,,,,,,,2.2970424694064624,1.8100692116929957,0.48697325771346667,372.0532740972564,57.99860382080078,6.807812103629113,22.08433104420129,50.138846458698886,0.0799972877750311,0.045438165041004966,0.08888219864305426,0.04764638132380971,0.07809600537089036
frc_lorawdr16_wd0p3_lr5e4_c256_s45,frc,45.0,frc_lorawdr16_wd0p3_lr5e4_c256,lorawdr16,0.3404,-0.4680104485874498,26.78,33.83,51.49,cs,33.74,19.81,43.54,39.16,32.9,22.9193,6.4681,0.0005,0.3,,,False,False,True,65.11,70.18,47.9,68.0,59.51,37.71,33.28,30.2,1.9461440790784579,1.8100692116929957,0.13607486738546215,218.0026179684128,22.91895294189453,6.470139215886593,7.102173855183125,13.322006831620525,0.07196109803820695,0.04666073940071999,0.08525152542070266,0.04796493081206537,0.07136900848511209
frm_lorawd_wd0p3_lr7e4_c256_s44,frm,44.0,frm_lorawd_wd0p3_lr7e4_c256,lorawd,0.4473,-0.349401101827343,24.0,34.09,63.53,math_faithful,32.36,15.64,34.54,39.59,48.32,51.2757,5.436,0.0007,0.3,,,False,False,True,,,,,,,,,2.198486110517457,1.8100692116929957,0.3884168988244612,284.65609028488956,51.27485275268555,5.436414255201816,19.715087368942818,46.64366176699089,0.08339981085247805,0.04522444944368864,0.09498445900961075,0.046702143328216476,0.08170176217547973
frm_lora_lr3e4_c256_s42,frm,42.0,frm_lora_lr3e4_c256,lora,1.2831,0.10826050497647348,18.04,26.63,60.2,math_faithful,29.14,6.93,24.18,27.99,44.9,160.7353,20.0747,0.00030000000000000003,,,,False,False,True,,,,,,,,,3.5702720910716774,1.8520239240816387,1.7182481669900387,1123.7024315487677,160.73529052734375,20.0754298299551,23.357417519905116,52.24299760554301,0.0724242400276544,0.045411019139475664,0.07029817517443943,0.05062415018659763,0.06823228673596463
qwswm_lora_null_r16_lr5e4_s42,qwswm,42.0,qwswm_lora_null_r16_lr5e4,lora_null,0.1781,-0.7493360805367565,42.86,52.87,70.05,gsm8k,46.2,39.52,69.99,54.35,54.28,14.4394,4.8516,0.0005,,,16.0,False,False,True,,,,,,,,,,,,214.89090124289453,14.452085494995117,4.851988248314176,10.793974308930606,17.435934219112244,0.13288294781539944,0.08748676114154119,0.07122514633498189,0.09792109611369605,0.08191859215132608
frc_lorawd_wd0p3_lr5e4_c256_s42,frc,42.0,frc_lorawd_wd0p3_lr5e4_c256,lorawd,0.4097,-0.38753403604685766,25.04,32.02,82.05,cs,31.45,18.63,37.13,38.99,33.92,41.0801,6.8068,0.0005,0.3,,,False,False,True,72.84,84.0,81.58,92.27,84.69,86.07,72.35,82.6,2.045922118056781,1.8520239240816387,0.19389819397514207,267.2471761017417,41.079620361328125,6.807270234823227,10.500784392519778,23.55765167881663,0.0745591482325491,0.04627878996565019,0.08375170714387534,0.04778800358143342,0.07277667646748782
frc_lorawd_wd0_lr2e4_c256_s45,frc,45.0,frc_lorawd_wd0_lr2e4_c256,lorawd,0.5168,-0.2866774950129723,23.55,32.25,80.19,cs,31.38,15.72,41.77,37.63,34.75,35.9402,13.7367,0.0002,0.0,,,False,False,True,71.53,83.08,79.73,89.07,83.66,82.91,69.97,81.6,2.2027117259379008,1.8100692116929957,0.39264251424490504,390.314862488908,35.96683120727539,13.742017328739166,5.117236830453492,17.271951344902618,0.06843235678185222,0.04683322077721237,0.07511035177995698,0.049216240648439345,0.06685663060795564
mtx_dora_r16_s43,mtx,43.0,mtx_dora_r16,dora,0.6333,-0.1983905119726812,23.34,32.09,79.77,cs,31.88,14.79,41.21,37.71,34.87,43.4823,17.5118,,,,16.0,False,False,False,71.62,83.13,80.04,89.2,82.16,81.78,68.6,81.6,2.2766212125307446,1.8520239240816387,0.4245972884491058,474.71824975277497,43.50743103027344,17.524225994944572,4.6836470231747676,11.397981898752933,0.06909301546944989,0.04645414936850475,0.07342251005829596,0.04938503632935522,0.06682925556163954
e1_milora_f080_s43,e1,43.0,e1_milora_f080,milora,0.8056,-0.09388054245443841,22.12,28.47,76.22,cs,29.52,14.71,29.6,36.69,31.84,134.5576,19.4301,,,,,False,False,False,69.42,72.2,78.66,85.13,76.24,81.48,67.41,79.2,,,,662.0615301851602,134.55723571777344,19.43158640861511,9.011079443220867,20.713420546271138,0.0714744679756565,0.06092505127645756,0.0673775316635609,0.06791550920185233,0.06515177312691199
lrsw_dora_r16_lr5e4_s43,lrsw,43.0,lrsw_dora_r16_lr5e4,dora,1.2465,0.09569228283979221,20.58,29.25,77.47,cs,29.5,11.67,34.7,36.86,33.51,229.6922,25.4503,0.0005,,,16.0,False,False,True,69.97,81.83,78.81,86.37,80.66,78.96,64.59,78.6,2.5152445233227545,1.8100692116929957,0.7051753116297588,832.577673804402,229.69058227539062,25.45562234520912,6.91911280228615,13.254408618227025,0.08683485377187383,0.04521976614987859,0.07780975883033595,0.05002084409335378,0.0783349851362949
lrsw_lora_r16_lr3e4_s45,lrsw,45.0,lrsw_lora_r16_lr3e4,lora,0.6107,-0.21417208000413437,23.99,31.29,79.44,cs,32.74,15.24,37.25,36.69,34.52,48.1447,17.1423,0.00030000000000000003,,,16.0,False,False,True,70.73,82.81,79.38,87.37,83.9,82.45,68.26,80.6,2.2254698527268446,1.8100692116929957,0.4154006410338489,470.4279842693785,48.196537017822266,17.155036547780036,4.750952059360905,11.552953661264473,0.0673094069465745,0.04631475072011754,0.07270589811041857,0.04928736781793933,0.06562443538554542
frm_lora_lr3e4_c256_s44,frm,44.0,frm_lora_lr3e4_c256,lora,1.2841,0.10859884597356675,17.84,27.16,60.73,math_faithful,27.49,8.19,24.77,30.46,44.88,156.2671,20.111,0.00030000000000000003,,,,False,False,True,,,,,,,,,3.592547550446957,1.8520239240816387,1.7405236263653183,1122.0810783723432,156.2649688720703,20.11191096007824,23.21585058507703,52.18639900163167,0.07181673813968749,0.045332060051237015,0.0702479537987433,0.050816678368586006,0.06799236520113192
lrsw_lora_null_r16_lr1e3_s44,lrsw,44.0,lrsw_lora_null_r16_lr1e3,lora_null,1.1446,0.05865374157237026,18.44,26.36,74.09,cs,28.57,8.3,25.69,35.75,33.51,172.079,25.6904,0.001,,,16.0,False,False,True,68.04,77.91,77.74,80.63,77.66,76.05,59.3,75.4,2.747679973383529,1.8100692116929957,0.9376107616905334,1023.7795976946422,172.07763671875,25.690411961078645,10.483876744061195,15.767536200792364,0.08964538682466469,0.04391278672285359,0.07568203662911724,0.05505018724989214,0.08102372809578935
frm_lorawd_wd0_lr3e4_c256_s44,frm,44.0,frm_lorawd_wd0_lr3e4_c256,lorawd,1.2733,0.10493073907774043,17.8,26.32,58.68,math_faithful,26.31,9.3,25.0,29.1,41.91,164.0599,20.0362,0.00030000000000000003,0.0,,,False,False,True,,,,,,,,,3.5405237451939393,1.8100692116929957,1.7304545335009436,1122.9560266375472,164.05511474609375,20.03709673285484,23.13531626877973,52.28713896826918,0.07191814618767972,0.045444035098574705,0.07069017587851839,0.05043941977735593,0.0682559893121696
frm_lorawd_wd0p1_lr5e4_c512_s43,frm,43.0,frm_lorawd_wd0p1_lr5e4_c512,lorawd,0.9252,-0.03376437590141819,20.94,29.2,63.08,math_faithful,30.03,11.86,27.17,34.04,42.89,103.0537,11.515,0.0005,0.1,,,False,False,True,,,,,,,,,2.7573503976381395,1.8100692116929957,0.9472811859451438,674.7316083866657,103.05429077148438,11.515281689167022,25.884969543474448,54.213500692292946,0.07831248985077387,0.04506282806142519,0.08460734624128437,0.048492816648051,0.07733079065315063
frc_milora_a1r_lr2e4_c256_s45,frc,45.0,frc_milora_a1r_lr2e4_c256,milora,0.4162,-0.38069792412439185,26.46,35.21,78.53,cs,34.05,18.87,44.4,42.15,36.59,27.4533,11.4819,0.0002,,,,False,False,True,71.83,71.16,78.4,86.0,83.74,84.39,71.76,81.0,2.088509181263989,1.8100692116929957,0.27843996957099315,269.9243906366469,27.453144073486328,11.485168513655662,4.573810785589944,13.671319749154732,0.06576752121044255,0.10716946691849491,0.0778683462211716,0.1057576695450902,0.06715713407219576
mtx_dora_r64_s43,mtx,43.0,mtx_dora_r64,dora,1.4317,0.15585202495926725,18.44,27.88,76.79,cs,27.37,9.52,33.2,35.49,33.83,304.1966,21.752,,,,64.0,False,False,False,69.91,80.52,80.35,83.6,80.98,78.45,62.29,78.2,2.8754144500294827,1.8520239240816387,1.023390525947844,881.3743338773352,304.1929931640625,21.753851675987242,11.487901120508276,36.828914926604384,0.09750888699603522,0.04472920667538534,0.08586507170176798,0.049289655898576194,0.08773997118397828
frc_milora_a1r_lr2e4_c256_s43,frc,43.0,frc_milora_a1r_lr2e4_c256,milora,0.4145,-0.38247546511370767,25.52,34.94,79.66,cs,33.1,17.93,47.69,40.19,35.77,28.018,11.61,0.0002,,,,False,False,True,72.63,83.46,73.85,89.58,83.43,84.13,70.39,79.8,2.0795447387122876,1.8100692116929957,0.2694755270192919,270.19560244521904,28.018321990966797,11.613807812333107,4.518135278075346,13.531690136055973,0.06636144500022963,0.10644431255520138,0.07810762727051561,0.10595898203586153,0.0674439883947131
lrsw_sclora_r32_lr1e4_s43,lrsw,43.0,lrsw_sclora_r32_lr1e4,sclora,0.4129,-0.3841551171252979,24.72,32.62,80.71,cs,33.53,15.92,41.42,37.71,34.54,9.7156,4.2027,0.0001,,,32.0,False,False,True,72.48,83.08,79.22,89.88,83.66,85.56,71.59,80.2,2.0771529101642408,1.8100692116929957,0.267083698471245,172.39089056798915,9.720380783081055,4.203324197232723,11.24743406477629,36.115891873127616,0.0891466250261727,0.038042294993329125,0.3525779500184741,0.014127559457805321,0.1543410767629428
qwswm_sclora_r32_lr3e4_s43,qwswm,43.0,qwswm_sclora_r32_lr3e4,sclora,0.3782,-0.42227847549097913,32.61,44.87,64.06,gsm8k,41.53,23.68,62.5,44.28,52.34,14.0619,4.5095,0.00030000000000000003,,,32.0,False,False,True,,,,,,,,,2.4482274908819384,1.9346918347336524,0.513535656148286,252.1290605217036,14.063231468200684,4.510404106974602,16.59351188978433,40.277243727056394,0.15652494697427566,0.09868181414084266,0.28210570533194984,0.03098814774901849,0.1564097435721018
lrsw_milora_r32_lr3e4_s45,lrsw,45.0,lrsw_milora_r32_lr3e4,milora,0.561,-0.25103713874383854,24.9,31.75,79.3,cs,32.25,17.54,37.64,36.09,35.21,54.139,15.5777,0.00030000000000000003,,,32.0,False,False,True,72.14,82.54,79.32,84.92,83.5,82.62,68.77,80.6,2.2197030012595786,1.8100692116929957,0.4096337895665829,422.4072352888848,54.13917922973633,15.57936232984066,5.964914946042279,16.29953100571023,0.06780392044752706,0.08214369075798586,0.07216448641555345,0.08655357397234134,0.0657688228023987
frc_lorawd_wd0p1_lr5e4_c256_s42,frc,42.0,frc_lorawd_wd0p1_lr5e4_c256,lorawd,0.7118,-0.1476420163321729,22.43,29.56,78.84,cs,28.98,15.88,32.87,36.26,33.83,72.3724,13.2424,0.0005,0.1,,,False,False,True,71.25,82.75,79.43,87.84,83.27,80.43,66.38,79.4,2.3827973570866274,1.8520239240816387,0.5307734330049887,561.8918542292691,72.37171936035156,13.24384954571724,12.583571549297119,25.868045197182738,0.07304236327256255,0.04591589047520779,0.07371552582233633,0.04938244490280545,0.06920036723061229
frc_lorawd_wd0p5_lr1e4_c256_s43,frc,43.0,frc_lorawd_wd0p5_lr1e4_c256,lorawd,0.2092,-0.6794383198047633,27.99,36.89,80.25,cs,35.69,20.3,47.54,43.6,37.32,12.3355,4.536,0.0001,0.5,,,False,False,True,72.39,83.73,79.12,84.78,83.43,85.48,72.1,81.0,1.8968152968744323,1.8100692116929957,0.08674608518143656,101.15993109305477,12.355354309082031,4.537184841930866,2.9566632237842385,9.404376669361344,0.07287588046682153,0.05144571773444356,0.09746092403848719,0.051360481502523134,0.07439916444748289
lrsw_lora_r16_lr2e4_s42,lrsw,42.0,lrsw_lora_r16_lr2e4,lora,0.4427,-0.3538904780211521,25.2,33.59,72.33,cs,32.78,17.61,41.56,39.76,36.22,34.1827,12.994,0.0002,,,16.0,False,False,True,54.46,80.09,78.97,73.14,69.53,78.79,64.08,79.6,2.1215845784199496,1.8520239240816387,0.2695606543383109,307.5757637307269,34.21980667114258,12.998553720116615,3.458638796370331,9.355291391409274,0.06759213686376955,0.04747105672779794,0.07800292369534041,0.04882501929776151,0.06712112267994355
qwswm_lora_r16_lr5e5_s43,qwswm,43.0,qwswm_lora_r16_lr5e5,lora,0.0514,-1.2890368810047244,43.39,53.74,61.94,gsm8k,47.52,39.25,72.13,51.96,57.84,3.3741,1.0789,5e-05,,,16.0,False,False,True,,,,,,,,,1.9643867744695094,1.9346918347336524,0.029694939735857018,25.40335853385357,3.377276659011841,1.079673532396555,3.2397878507927973,9.052630958178801,0.12498916440095918,0.1051135292588278,0.07956649613833643,0.05282164718108813,0.07880710662794278
qwsw_lorawd_wd0p3_lr2e5_s42,qwsw,42.0,qwsw_lorawd_wd0p3_lr2e5,lorawd,0.1001,-0.9995659225206813,38.67,50.96,86.54,cs,46.43,30.91,71.51,55.63,50.31,5.1106,1.3327,2e-05,0.3,,,False,False,True,72.94,88.9,79.32,94.58,83.66,95.03,87.88,90.0,,,,27.783390286862666,5.120565891265869,1.3337105919207846,1.9461029780784704,5.763737789337206,0.10319070193543553,0.0905404317971775,0.10752580050271274,0.05966777124391858,0.07624935964510075
qwsw_lora_r16_lr5e4_s42,qwsw,42.0,qwsw_lora_r16_lr5e4,lora,0.5267,-0.27843668164251917,14.52,31.77,84.16,cs,15.5,13.55,54.5,37.37,37.95,36.8395,14.168,0.0005,,,16.0,False,False,True,71.31,81.77,80.6,92.84,85.0,91.37,82.59,87.8,,,,589.5994146439002,36.838871002197266,14.17010157108307,9.281711478507653,14.873716390287218,0.11241111856113156,0.09383656022065963,0.06296874949235386,0.04727186543266255,0.06940285913501401
qwswm_lora_r16_lr5e4_s42,qwswm,42.0,qwswm_lora_r16_lr5e4,lora,0.2468,-0.6076548446387959,41.89,51.32,59.51,gsm8k,44.68,39.09,68.82,49.91,54.09,28.3036,6.8011,0.0005,,,16.0,False,False,True,,,,,,,,,,,,281.18964653867,28.310752868652344,6.8022718165602,9.52660725629664,14.845492108213396,0.11120782029842835,0.0985662665858296,0.06294043929321656,0.04842752958426075,0.06866891076459106
scl2_b0p5_r32_s43,scl2,43.0,scl2_b0p5_r32,b0p5,0.7458,-0.1273776209747116,18.98,27.32,79.36,cs,28.74,9.21,25.17,38.31,35.17,39.3146,10.2703,,,,32.0,False,False,False,72.05,82.32,79.53,87.26,82.79,82.62,66.3,82.0,2.507403742016905,1.8100692116929957,0.6973345303239091,481.8272839553206,39.31412124633789,10.271373137831688,14.492807877013012,34.01773505015801,0.08416426749599408,0.040573569445392324,0.24326257769479398,0.02631740932673971,0.12746139825930897
scl2_b0p9_r128_s43,scl2,43.0,scl2_b0p9_r128,b0p9,1.3425,0.1279142943715932,8.63,22.0,70.89,cs,16.3,0.96,23.39,32.68,36.65,116.7618,12.3463,,,,128.0,False,False,False,66.82,77.26,77.28,67.86,76.4,71.59,56.48,73.4,3.5248867969000273,1.8520239240816387,1.6728628728183885,848.8872797643021,116.76842498779297,12.346108168363571,37.45330313157432,123.61033727855988,0.0914575336440563,0.04074077252566492,0.2676876499010604,0.02528004481429628,0.1409410998980576
frc_lorawd_wd0_lr3e4_c256_s42,frc,42.0,frc_lorawd_wd0_lr3e4_c256,lorawd,0.7468,-0.1267956907229593,21.1,28.79,64.12,cs,30.2,12.0,30.16,36.09,35.52,55.2274,17.4945,0.00030000000000000003,0.0,,,False,False,True,62.2,56.91,55.99,54.78,77.03,78.54,66.3,61.2,2.4585228699832142,1.8520239240816387,0.6064989459015755,590.3112686403074,55.22713088989258,17.495972433686255,7.565575974123203,21.462118620578057,0.06929145362398802,0.04616104622096862,0.07030416561762595,0.049932500704658676,0.06567390022922039
frc_dora_r32_lr3e4_c256_s43,frc,43.0,frc_dora_r32_lr3e4_c256,dora,0.936,-0.028724151261894745,22.78,30.87,78.98,cs,31.21,14.34,36.85,38.05,33.88,107.6163,19.0248,0.00030000000000000003,,,32.0,False,False,True,70.92,81.5,78.61,87.84,82.87,82.66,67.83,79.6,2.443407126724521,1.8100692116929957,0.6333379150315255,615.2638584601505,107.61677551269531,19.02650884091854,6.914366758444561,20.662163755285324,0.07928846398487026,0.0457085209882155,0.07579448977901607,0.04967026167773824,0.0731104924243888
qwsw_sclora_r32_lr2e4_s44,qwsw,44.0,qwsw_sclora_r32_lr2e4,sclora,0.4343,-0.3622101706377709,30.02,35.46,76.06,cs,39.49,20.54,40.69,38.05,38.54,17.7984,5.2365,0.0002,,,32.0,False,False,True,73.85,70.67,79.94,31.08,84.85,94.02,85.24,88.8,2.519488714838607,1.9346918347336524,0.5847968801049546,293.9482210318172,17.81052589416504,5.237516473020826,16.354857634244315,36.2763336061393,0.10379178151952807,0.11963650671725577,0.19205653218200539,0.030575940197463257,0.11508727779415177
frc_dora_r32_lr3e4_c256_s44,frc,44.0,frc_dora_r32_lr3e4_c256,dora,0.9182,-0.03706271156999801,21.15,28.93,78.84,cs,29.92,12.38,30.6,37.46,34.31,144.9327,19.0177,0.00030000000000000003,,,32.0,False,False,True,70.24,83.68,79.07,87.38,84.21,80.93,67.41,77.8,2.4675555396690863,1.8100692116929957,0.6574863279760905,626.4343795696302,144.93174743652344,19.01996319293976,7.232031456940945,20.87877233944694,0.08313346424811295,0.045660626672204434,0.07697963436674835,0.049473770567461314,0.07535828350897653
frc_lorawd_wd0_lr1e3_c256_s44,frc,44.0,frc_lorawd_wd0_lr1e3_c256,lorawd,5.1609,0.7127254440594999,6.1,21.41,41.01,cs,12.06,0.13,23.69,26.45,44.71,496.3413,62.9686,0.001,0.0,,,False,False,True,62.2,51.14,47.59,24.91,53.28,29.21,25.34,34.4,4.979618203742325,1.8100692116929957,3.1695489920493287,2557.37526477569,496.3373718261719,62.97278533577919,12.819264341969362,25.729101448674836,0.09306265742648144,0.04819961427171652,0.09219749435242222,0.05178690223945815,0.09298884796338609
qwswm_lorawd_wd0p3_lr1e3_s43,qwswm,43.0,qwswm_lorawd_wd0p3_lr1e3,lorawd,11.9786,1.0784060628108865,0.0,19.23,0.0,gsm8k,0.0,0.0,22.96,25.68,47.51,710.1886,29.0383,0.001,0.3,,,True,False,True,,,,,,,,,9.827086752359136,1.9346918347336524,7.892394917625484,1099.6793655799636,710.1978149414062,29.067050218156407,1.0621074034261806,1.2022254414128497,0.17542934918240596,0.14143493590616163,0.11139175101715174,0.06264945726555157,0.11474979766550931
mtx_lorawd_wd0p3_s42,mtx,42.0,mtx_lorawd_wd0p3,lorawd,0.349,-0.4571745730408201,26.59,34.12,78.17,cs,33.54,19.64,44.76,40.1,32.55,23.0826,7.0996,,0.3,,,False,False,False,69.66,84.44,58.19,91.12,84.69,85.31,70.99,81.0,2.0331244916127265,1.8520239240816387,0.18110056753108772,233.92802758350194,23.082393646240234,7.10096792280674,6.894850450630024,19.49184984213776,0.0717477509399343,0.04732611231130964,0.08459395872422958,0.04819045263688589,0.07135193679318862
mtx_lora_r8_s42,mtx,42.0,mtx_lora_r8,lora,0.522,-0.2823294969977378,24.79,33.1,63.45,cs,32.33,17.25,43.73,36.01,36.2,43.631,16.5519,,,,8.0,False,False,False,53.98,77.75,44.98,71.53,70.48,71.09,56.83,61.0,2.141962180892583,1.8520239240816387,0.2899382568109443,373.6837933848385,43.68904113769531,16.557480686903,3.1433486477159973,6.168001940048419,0.06698688854976795,0.046566692049015555,0.07515877272060274,0.04904787401949387,0.06633585403664476
mtx_sclora_b0p7_s43,mtx,43.0,mtx_sclora_b0p7,sclora,1.3088,0.11687328632724776,8.41,21.65,76.99,cs,16.73,0.09,23.69,36.18,31.56,27.7368,11.6783,,,,,False,False,False,70.31,80.69,79.07,81.51,80.43,78.83,63.91,81.2,3.357572176352255,1.8520239240816387,1.505548252270616,538.9508668487163,27.73622703552246,11.679363909363747,13.572978396191075,33.98122643496989,0.10580500501482323,0.041283235199360745,0.43423662029257115,0.020206065393251472,0.18291028379070315
frm_lorawd_wd0p5_lr2e4_c256_s43,frm,43.0,frm_lorawd_wd0p5_lr2e4_c256,lorawd,0.2047,-0.6888821573374944,25.84,33.59,65.81,math_faithful,33.57,18.11,30.32,43.43,42.51,15.4655,3.0876,0.0002,0.5,,,False,False,True,,,,,,,,,1.953295612851881,1.8100692116929957,0.1432264011588853,126.2013720082379,15.465431213378906,3.0879396252334117,11.060033561755363,33.51288593066147,0.0772157636682846,0.049496587392937566,0.09468601195237732,0.048803383957390895,0.07623872351162686
frm_lora_null_lr1e4_c256_s42,frm,42.0,frm_lora_null_lr1e4_c256,lora_null,0.4739,-0.3243132913005989,22.9,30.17,63.76,math_faithful,32.15,13.65,26.86,38.48,39.7,22.9615,7.3527,0.0001,,,,False,False,True,,,,,,,,,2.5827871573593595,1.8520239240816387,0.7307632332777207,402.272266812509,22.960580825805664,7.353253439068794,19.809357958559684,63.8582923074058,0.10248553002687312,0.04106269135273617,0.10811888953244696,0.06328306208776364,0.0936308575875878
qwswm_lora_r16_lr1e3_s43,qwswm,43.0,qwswm_lora_r16_lr1e3,lora,0.5824,-0.2347786336950192,29.11,39.48,59.44,gsm8k,37.2,21.01,47.86,39.68,51.67,41.8975,15.2083,0.001,,,16.0,False,False,True,,,,,,,,,2.8289617500750373,1.9346918347336524,0.8942699153413849,705.1889663168089,53.045677185058594,15.168840892825807,11.355082625861142,15.458099551375032,0.11007826191812843,0.09143442448228788,0.06121465967011629,0.048012450714167494,0.06823524432328434
qwswm_milora_r32_lr2e5_s44,qwswm,44.0,qwswm_milora_r32_lr2e5,milora,0.0468,-1.329754146925876,42.76,53.14,43.44,gsm8k,45.2,40.33,72.1,51.54,56.52,1.4169,0.3681,2e-05,,,32.0,False,False,True,,,,,,,,,1.9872592854871645,1.9346918347336524,0.0525674507535121,11.807836770772552,1.417291522026062,0.36810643821954725,7.765324808194636,28.83558160062773,0.03662837561494822,0.5717895163693099,0.05998250731495038,0.370435299298053,0.02611780091655166
lrsw_sclora_r32_lr2e4_s43,lrsw,43.0,lrsw_sclora_r32_lr2e4,sclora,0.6063,-0.2173124317650336,20.8,29.28,80.53,cs,29.21,12.38,32.68,37.8,34.34,18.3596,7.243,0.0002,,,32.0,False,False,True,74.07,82.75,80.19,88.83,83.19,83.67,69.54,82.0,2.320058570717486,1.8100692116929957,0.5099893590244904,327.55814791719337,18.35944938659668,7.24353268891573,13.246059258416896,35.22307829805258,0.08630659765362254,0.03941279922253553,0.29266193190263584,0.020303090932988113,0.13977398645411118
qwswm_milora_r32_lr1e3_s44,qwswm,44.0,qwswm_milora_r32_lr1e3,milora,0.6548,-0.18389132926009613,9.5,31.13,60.27,gsm8k,16.51,2.49,46.36,38.31,51.98,35.7728,12.7483,0.001,,,32.0,False,False,True,,,,,,,,,3.2601782083445916,1.9346918347336524,1.3254863736109392,729.3008899276016,35.772438049316406,12.750296768971852,18.192125157062396,30.22586155063202,0.1012807075397029,0.1091591009686574,0.06090217852635782,0.07061666128571568,0.06649175643658957
frc_clora_k2048_lr3e4_c256_s42,frc,42.0,frc_clora_k2048_lr3e4_c256,clora,0.3436,-0.4639468448407953,25.02,33.99,68.53,cs,32.51,17.54,44.17,40.7,35.02,16.4748,8.3793,0.00030000000000000003,,2048.0,,False,False,True,62.05,81.94,47.9,66.87,74.9,80.39,67.83,66.4,2.171742758854179,1.8520239240816387,0.3197188347725404,293.1415066332131,16.493898391723633,8.38305759653449,5.956689094837085,18.9361682783548,0.05445072380749889,0.04895204183021555,0.06084103815684514,0.04855046543063849,0.052762462312051485
lrswm_lorawd_wd0p3_lr1e4_s43,lrswm,43.0,lrswm_lorawd_wd0p3_lr1e4,lorawd,0.2539,-0.5953372991262778,25.78,34.31,44.81,gsm8k,32.71,18.85,32.29,43.94,43.78,13.8368,4.887,0.0001,0.3,,,False,False,True,,,,,,,,,2.0213657306726227,1.8520239240816387,0.16934180659098397,113.97954524682227,13.882534980773926,4.888664399087429,3.2936103421393406,11.323960374403384,0.06990287322495306,0.05325599273868408,0.09209875228034406,0.04995174035320015,0.07096005059252682
mtx_clora_k256_s43,mtx,43.0,mtx_clora_k256,clora,0.5769,-0.23889946104185772,23.48,32.23,79.37,cs,31.42,15.53,40.45,37.63,36.13,29.7497,12.4082,,,256.0,,False,False,False,71.53,82.32,79.73,88.44,81.85,81.73,68.94,80.4,2.4129714323752673,1.8520239240816387,0.5609475082936286,467.01657441415585,29.75786018371582,12.4100262850523,8.378330257123437,23.517222272126865,0.06233423977191383,0.046087912231256446,0.06646268143284817,0.04910598339728849,0.06042158983783845
lrsw_lora_null_r16_lr2e4_s43,lrsw,43.0,lrsw_lora_null_r16_lr2e4,lora_null,0.3697,-0.43215054942689324,25.92,33.96,40.87,cs,34.19,17.64,43.61,41.3,33.06,17.9174,7.3298,0.0002,,,16.0,False,False,True,57.06,39.06,41.66,43.52,39.86,37.63,33.19,35.0,2.098183552804758,1.8100692116929957,0.2881143411117624,226.27718302523718,17.933748245239258,7.333598962426185,6.053399722771858,16.084741596491615,0.1718440726293288,0.03731847635280672,0.11662777516307467,0.06270277292971359,0.12180365312615707
lrswm_lorawd_wd0p3_lr2e5_s44,lrswm,44.0,lrswm_lorawd_wd0p3_lr2e5,lorawd,0.3361,-0.47353148753052254,25.98,33.64,36.77,gsm8k,34.7,17.27,29.13,45.9,41.2,7.6189,2.2633,2e-05,0.3,,,False,False,True,,,,,,,,,2.039150125081834,1.8100692116929957,0.2290809133888383,38.37957421077952,7.63463830947876,2.2649290204048156,1.545867776868415,3.748213566623744,0.06106620048854794,0.055165343379132314,0.16018693002847678,0.05106322464453868,0.08365001501731086
frm_lorawd_wd0p3_lr5e4_c256_s44,frm,44.0,frm_lorawd_wd0p3_lr5e4_c256,lorawd,0.4032,-0.39447947656253113,23.96,32.23,64.67,math_faithful,32.56,15.37,34.43,34.39,44.42,51.8804,5.187,0.0005,0.3,,,False,False,True,,,,,,,,,2.1564535564560896,1.8100692116929957,0.3463843447630939,258.61359933742693,51.88059997558594,5.187375144660473,18.73981626354458,45.27728011469578,0.0825074734819157,0.04565061329002218,0.09479518524514913,0.04722534064914166,0.08092230585676057
frc_lorawdr16_wd0p3_lr3e4_c256_s42,frc,42.0,frc_lorawdr16_wd0p3_lr3e4_c256,lorawdr16,0.3275,-0.48478869567219807,26.84,,13.53,cs,34.03,19.66,,,,18.1174,6.8085,0.00030000000000000003,0.3,,,False,False,True,61.74,3.1,0.31,39.84,1.42,0.63,0.43,0.8,1.9737162141000093,1.8520239240816387,0.12169229001837056,188.29254521007047,18.133028030395508,6.813746210932732,4.650663034433042,10.988454817224403,0.07157309149497414,0.04820673921028588,0.08803665506621194,0.048422360686469705,0.07177378464496374
qwswm_dora_r16_lr5e4_s42,qwswm,42.0,qwswm_dora_r16_lr5e4,dora,0.2603,-0.5845258318907642,40.04,51.66,70.58,gsm8k,41.04,39.05,69.13,54.27,54.81,29.3591,6.9244,0.0005,,,16.0,False,False,True,,,,,,,,,,,,282.35558584017383,29.38695526123047,6.926107672282628,9.360739324416993,14.728339411320878,0.11096769742765207,0.10015632154828007,0.06342006239304077,0.04833008018611358,0.06936016674487053
lrsw_sclora_r32_lr1e4_s44,lrsw,44.0,lrsw_sclora_r32_lr1e4,sclora,0.4117,-0.38541913300251396,24.46,32.05,80.83,cs,32.64,16.28,37.32,39.16,34.84,9.9249,4.2298,0.0001,,,32.0,False,False,True,72.57,83.9,79.48,90.46,83.66,85.06,70.48,81.0,2.084262824674836,1.8100692116929957,0.2741936129818401,172.61495483443505,9.927016258239746,4.230415099859238,11.180542423750422,36.08152641904839,0.08928368394754863,0.037811756418086144,0.352790149398509,0.014190395827907437,0.15467937823265043
qwswm_lora_r32_lr2e5_s43,qwswm,43.0,qwswm_lora_r32_lr2e5,lora,0.0385,-1.4145392704914994,43.36,53.4,56.18,gsm8k,47.67,39.05,72.05,50.85,57.37,2.3777,0.5799,2e-05,,,32.0,False,False,True,,,,,,,,,1.953988003587468,1.9346918347336524,0.019296168853815576,14.00934080015318,2.3785061836242676,0.5802309502980538,3.5636781495192733,14.238571452342498,0.12557281452824498,0.10679832280288383,0.08778414146772114,0.05571535525186013,0.08111002166858473
frm_lorawd_wd0p2_lr7e4_c256_s43,frm,43.0,frm_lorawd_wd0p2_lr7e4_c256,lorawd,1.2229,0.0873909449971878,5.32,21.01,55.04,math_faithful,4.41,6.23,24.51,26.45,43.43,169.4476,17.8312,0.0007,0.2,,,False,False,True,,,,,,,,,3.277396955395717,1.8100692116929957,1.4673277437027215,658.0186880792712,169.46458435058594,17.832004569470882,13.971588769513769,33.00881211707975,0.07951002618783334,0.04822232636831917,0.1051428670723038,0.04904375467340768,0.08684078185251905
frc_milora_lr7e4_c256_s43,frc,43.0,frc_milora_lr7e4_c256,milora,1.5291,0.18443588830837043,14.5,23.45,65.33,cs,21.7,7.31,22.97,30.2,35.08,259.3521,28.2971,0.0007,,,,False,False,True,63.61,73.45,75.08,56.66,71.59,64.52,49.91,67.8,3.279584293202586,1.8100692116929957,1.4695150815095903,1298.359428941307,259.3455505371094,28.2996634721756,15.203610560991947,27.094296890056608,0.07705769582758376,0.04779110536480713,0.06790344214467134,0.058571059253318354,0.06998242005513892
lrsw_lora_null_r16_lr5e5_s43,lrsw,43.0,lrsw_lora_null_r16_lr5e5,lora_null,0.1957,-0.7084091743419988,26.57,36.64,43.28,cs,34.17,18.97,46.65,47.61,35.79,4.6148,2.1941,5e-05,,,16.0,False,False,True,61.56,58.76,47.75,46.32,31.81,34.81,24.06,41.2,1.8927173210487713,1.8100692116929957,0.0826481093557756,57.8497158423649,4.617332458496094,2.1946347910910844,4.8157246338247175,16.13247622691932,0.2382758280215199,0.031525732387464825,0.15057688019465504,0.07802414931217504,0.16075560591028665
frc_sclora_lr1e3_c256_s43,frc,43.0,frc_sclora_lr1e3_c256,sclora,9.3854,0.9724527867166444,1.06,18.8,36.48,cs,2.13,0.0,22.97,21.33,47.55,777.9695,95.1698,0.001,,,,True,False,True,62.14,51.14,33.73,24.71,46.96,23.74,26.02,23.4,10.556099919420152,1.8520239240816387,8.704075995338513,3738.789543217429,778.0382690429688,95.17527412772179,11.862919624625215,25.19456985375197,0.1003693431385506,0.0476389535678585,0.14220732536290764,0.045948800641761635,0.12036041490382753
lrsw_dora_r16_lr5e5_s42,lrsw,42.0,lrsw_dora_r16_lr5e5,dora,0.2487,-0.604324214730064,27.3,36.58,44.19,cs,34.5,20.1,46.94,46.08,35.27,10.1937,4.0047,5e-05,,,16.0,False,False,True,54.86,57.34,36.49,42.55,74.27,32.7,26.54,28.8,2.081411960403854,1.8520239240816387,0.22938803632221516,69.7472338160942,10.21396255493164,4.007632119208575,1.7258138890402077,4.022677505648943,0.06952321630167803,0.050554084879589366,0.10538430711103876,0.056727673399921054,0.0755360122977507
frc_lora_null_lr1e4_c256_s45,frc,45.0,frc_lora_null_lr1e4_c256,lora_null,0.3141,-0.5029320636014952,25.76,34.12,77.15,cs,34.45,17.07,45.51,38.4,35.18,13.8215,5.8925,0.0001,,,,False,False,True,71.47,83.62,78.71,69.41,83.03,83.46,71.08,76.4,2.088098316732558,1.8100692116929957,0.27802910503956224,218.10757715432638,13.823171615600586,5.893907633423805,8.766375726122085,30.578346676060562,0.12119953700851242,0.04074857938961432,0.1333492658172038,0.0695699569520868,0.10901398909704967
qwswm_milora_r32_lr1e4_s44,qwswm,44.0,qwswm_milora_r32_lr1e4,milora,0.0983,-1.0074464821678644,44.55,53.32,57.85,gsm8k,47.24,41.86,71.66,50.0,55.82,4.7224,1.2942,0.0001,,,32.0,False,False,True,,,,,,,,,2.114939472367029,1.9346918347336524,0.1802476376333768,48.07918594502391,4.728550434112549,1.2944573889885629,10.674068345218723,32.354442133389384,0.05150825893718537,0.46039687149528313,0.05464397822995304,0.3194481495144879,0.041456770866229016
frc_milora_lr3e4_c256_s42,frc,42.0,frc_milora_lr3e4_c256,milora,0.7434,-0.12877744324029294,21.82,30.95,78.24,cs,29.44,14.2,37.72,35.24,38.14,77.686,19.3237,0.00030000000000000003,,,,False,False,True,70.92,81.77,78.05,86.75,81.85,81.02,65.96,79.6,2.483134364538658,1.8520239240816387,0.6311104404570194,606.4142712377902,77.68624114990234,19.324484783411027,7.777842531891195,19.196623926369398,0.06890014006064836,0.05763732068317369,0.06772198225178067,0.09182429267932257,0.06455728620676061
qwsw_dora_r16_lr2e4_s42,qwsw,42.0,qwsw_dora_r16_lr2e4,dora,0.2643,-0.5779028368682897,36.98,45.8,86.91,cs,43.11,30.85,68.26,40.78,46.01,24.0493,8.2628,0.0002,,,16.0,False,False,True,74.1,89.88,80.09,94.72,85.87,95.08,86.95,88.6,,,,251.4967358145634,24.07297134399414,8.270194935798646,4.829923292665884,11.648881724667602,0.11266135335059022,0.09233081495296998,0.07020858171039258,0.04648449870051955,0.07048087405915832
scl2_b0p99_r128_s44,scl2,44.0,scl2_b0p99_r128,b0p99,1.0871,0.036269495742815336,14.26,24.11,73.17,cs,22.92,5.59,23.2,32.25,36.61,118.7027,12.0852,,,,128.0,False,False,False,68.59,78.84,77.02,74.28,78.22,74.58,58.87,75.0,3.1553416305104354,1.8520239240816387,1.3033177064287966,793.140112049369,118.701171875,12.085135835409165,36.2565970095555,119.05204712486079,0.07986807081704839,0.04073013858138538,0.16735842239151788,0.030278352596527537,0.10889263271626502
qwswm_milora_r32_lr5e5_s42,qwswm,42.0,qwswm_milora_r32_lr5e5,milora,0.0692,-1.1598939055432422,44.24,53.25,53.6,gsm8k,46.94,41.53,71.8,49.4,56.58,2.6504,0.7249,5e-05,,,32.0,False,False,True,,,,,,,,,,,,25.435842766358054,2.6510767936706543,0.724954595629658,9.426833976056416,31.496821380490385,0.041022030729861436,0.5317568341582656,0.05667785724461095,0.3505697490170756,0.03274481950826322
a5_k512_v64_dE0_lr1e2,a5,,a5_k512_v64_dE0_lr1e2,k512,0.3285,-0.4834646261042004,22.3,,54.78,,31.89,12.72,,,,11.8777,3.7871,0.01,,512.0,,False,False,False,62.2,50.33,63.77,16.75,58.64,72.69,51.88,62.0,,,,,,,,,,,,,
lora_wd0p3,lora,,lora_wd0p3,wd0p3,0.3475,-0.4590451910738673,27.07,,52.01,,34.72,19.42,,,,28.7327,7.0717,,,,,False,False,False,62.17,63.22,44.68,92.03,84.37,27.82,26.62,15.2,2.038469547106527,1.8520239240816387,0.1864456230248881,234.40722582497258,28.73202133178711,7.072961387038231,7.018172562907267,19.530855105060297,0.07242876210003629,0.04734091975040224,0.08372286235341156,0.04809298889829604,0.0711222957386042
qwswm_clora_k1024_lr5e4_s43,qwswm,43.0,qwswm_clora_k1024_lr5e4,clora,0.1841,-0.7349462114959853,42.08,52.61,67.63,gsm8k,43.74,40.43,69.71,52.47,56.7,16.5079,3.5818,0.0005,,1024.0,,False,False,True,,,,,,,,,2.124017350671135,1.9346918347336524,0.1893255159374827,232.30607620238902,16.50698471069336,3.582540178959451,17.830777281005968,29.218818326207753,0.04800553784346016,0.0454639292821897,0.05279569992630365,0.04606193087169836,0.041504204891828884
e1_randdir1_f080_s43,e1,43.0,e1_randdir1_f080,randdir1,0.7977,-0.09816040794877054,17.05,25.95,1.2,cs,27.32,6.77,23.76,32.08,39.84,46.1603,15.9397,,,,,False,False,False,7.68,0.16,0.56,0.08,0.16,0.42,0.34,0.2,,,,652.152679651477,46.159793853759766,15.940021324157716,10.318820254113485,15.32882159024664,0.053044959252603066,0.053120256250190366,0.06844397004222541,0.050449565624413134,0.05770446439650464
scl2_b0p0_r128_s42,scl2,42.0,scl2_b0p0_r128,b0p0,2.0109,0.30339047411338865,3.96,19.92,60.63,cs,7.91,0.0,22.89,29.1,39.68,58.0292,16.6241,,,,128.0,False,False,False,61.87,68.55,72.98,47.76,68.75,58.63,44.71,61.8,7.4821630343037295,1.8520239240816387,5.630139110222091,1014.940482438192,58.02494812011719,16.624560058116913,26.094396237499478,110.84447247729241,0.11499941665598602,0.04194516367395839,0.4635823613992475,0.020202564725142685,0.19325476528257715
qwswm_clora_k1024_lr1e3_s42,qwswm,42.0,qwswm_clora_k1024_lr1e3,clora,0.4423,-0.35428306063039616,32.24,43.71,71.19,gsm8k,39.86,24.63,56.89,44.62,52.56,39.996,8.4642,0.001,,1024.0,,False,False,True,,,,,,,,,,,,559.2510779864559,39.98319625854492,8.465878698265755,19.051685026300227,29.53354480603518,0.05070335614090964,0.043984530217016767,0.05362237616954251,0.04546282859526129,0.043452019228543054
uilin_kval4096_kvec0,uilin,,uilin_kval4096_kvec0,kval4096,0.0486,-1.3133637307377066,25.09,,48.32,,32.27,17.91,,,,1.0462,0.219,,,,,False,False,False,61.59,64.47,49.95,18.94,51.14,58.59,41.64,40.2,,,,,,,,,,,,,
lrsw_clora_k1024_lr2e5_s44,lrsw,44.0,lrsw_clora_k1024_lr2e5,clora,0.1329,-0.8764750190572681,26.5,36.86,54.15,cs,34.0,19.0,45.73,47.87,37.69,4.0752,1.4224,2e-05,,1024.0,,False,False,True,67.71,57.89,76.71,28.1,71.03,40.28,35.67,55.8,1.8642190475103495,1.8100692116929957,0.054149835817353775,28.899481466997578,4.081915378570557,1.423394412919879,2.199743125256423,7.80512340870091,0.05813010271912614,0.04846642712745943,0.09462130513049344,0.06337180332410443,0.06443323288852733
frm_lorawd_wd0_lr1e4_c256_s42,frm,42.0,frm_lorawd_wd0_lr1e4_c256,lorawd,0.4336,-0.3629107264696695,22.58,30.4,64.97,math_faithful,30.96,14.19,27.89,37.71,41.27,27.6267,9.6415,0.0001,0.0,,,False,False,True,,,,,,,,,2.3665920849494895,1.8520239240816387,0.5145681608678507,337.4711363041713,27.63283920288086,9.642680996656418,8.059572423135094,33.186050476877625,0.06637211330992474,0.048481286481027,0.07233023539355826,0.05087835864836937,0.0647477990117706
mtx_dora_r16_s42,mtx,42.0,mtx_dora_r16,dora,0.6658,-0.17665620917935146,23.32,32.42,79.36,cs,30.52,16.12,42.13,38.82,34.49,52.6412,17.7157,,,,16.0,False,False,False,71.68,82.64,79.63,87.05,83.11,83.04,68.09,79.6,2.293486885938547,1.8520239240816387,0.44146296185690836,478.4291459881381,52.640296936035156,17.729127377271652,4.628515174589399,11.334379897280039,0.07194955295975498,0.04599854818250248,0.0741561963086922,0.049343710554764664,0.06841695686574477
uioW2_k2048_v410_dE0,other,,uioW2_k2048_v410_dE0,k2048,0.9273,-0.03277974021703262,22.19,,46.87,,31.66,12.72,,,,15.2546,4.3795,,,2048.0,,False,False,False,62.81,55.88,38.89,39.29,66.54,45.88,34.64,31.0,,,,,,,,,,,,,
frc_lorawd_wd0_lr2e5_c256_s44,frc,44.0,frc_lorawd_wd0_lr2e5_c256,lorawd,0.2227,-0.6522797829659618,26.52,36.41,6.01,cs,33.41,19.62,46.57,45.99,36.45,5.4311,2.2828,2e-05,0.0,,,False,False,True,2.54,2.01,4.09,9.82,3.24,11.78,12.37,2.2,2.0812225223869985,1.8100692116929957,0.2711533106940027,38.44010009528925,5.438711166381836,2.284599743783474,1.5176606611475374,3.834453579862051,0.06430619438020882,0.04884074663661171,0.12472776312629773,0.061407928431835394,0.07865939241601379
lrsw_lora_r16_lr1e3_s43,lrsw,43.0,lrsw_lora_r16_lr1e3,lora,1.4196,0.1521659906755552,17.53,24.82,66.9,cs,27.63,7.43,23.12,32.76,33.18,264.4646,32.0516,0.001,,,16.0,False,False,True,63.73,74.76,75.84,55.28,73.4,69.95,54.01,68.2,2.8883849691742944,1.8100692116929957,1.0783157574812987,1264.4236913718664,264.46026611328125,32.04992364048958,9.950938710270298,14.934334437113666,0.08050920822029768,0.04597143276555527,0.06697990374005171,0.052487405293527425,0.07073245158430935
mtx_sclora_b0p1_s44,mtx,44.0,mtx_sclora_b0p1,sclora,1.4512,0.16172726971602003,8.04,22.25,74.65,cs,16.08,0.01,23.1,35.58,36.46,45.3138,13.5139,,,,,False,False,False,68.81,80.2,77.58,76.6,80.03,77.06,61.09,75.8,3.929767298226242,1.8520239240816387,2.077743374144603,573.7796305002755,45.31654739379883,13.51444753408432,11.720285595600428,32.60093270044706,0.11301278228082794,0.041252823958769676,0.46581284962718644,0.019868310226257735,0.19571498176352034
frm_lorawd_wd0_lr5e4_c256_s42,frm,42.0,frm_lorawd_wd0_lr5e4_c256,lorawd,2.6809,0.42828061470717677,9.92,23.31,50.11,math_faithful,17.74,2.11,23.83,23.89,48.98,339.9277,37.0461,0.0005,0.0,,,False,False,True,,,,,,,,,6.9190802945235905,1.8520239240816387,5.067056370441952,2375.5406400419683,339.91943359375,37.04601565003395,28.721366826715425,57.05047045352541,0.08299329607840863,0.044612044636436574,0.08242506023286836,0.049618222367207566,0.08153511495345997
lrswm_lorawd_wd0p3_lr2e4_s43,lrswm,43.0,lrswm_lorawd_wd0p3_lr2e4,lorawd,0.2899,-0.5377517846450026,25.38,33.67,50.57,gsm8k,33.42,17.34,33.52,42.41,41.68,17.5447,6.503,0.0002,0.3,,,False,False,True,,,,,,,,,2.029886259612379,1.8100692116929957,0.21981704791938328,179.1739118724779,17.56104278564453,6.505962316691876,4.65063941303373,15.630003378430924,0.06817694685167287,0.05036423037623694,0.08286288588930003,0.04980154052734355,0.0684615588441411
lrswm_milora_r32_lr1e3_s43,lrswm,43.0,lrswm_milora_r32_lr1e3,milora,1.2863,0.10934226963797326,17.94,26.83,39.65,gsm8k,27.43,8.46,23.39,29.69,45.19,153.8453,24.1798,0.001,,,32.0,False,False,True,,,,,,,,,3.469605567174411,1.8100692116929957,1.6595363554814153,1097.2080490927808,153.843994140625,24.182852858304976,14.430285339205204,26.36265509713539,0.07055598151516734,0.05238674507844135,0.07083662324569528,0.05932152007734338,0.0675834407466961
lrsw_dora_r16_lr3e4_s43,lrsw,43.0,lrsw_dora_r16_lr3e4,dora,0.6679,-0.17528855653526565,23.6,32.3,75.26,cs,31.04,16.17,41.8,38.82,33.67,58.9352,17.6423,0.00030000000000000003,,,16.0,False,False,True,65.72,82.05,78.2,65.38,81.93,81.69,66.72,80.4,2.2348766827942574,1.8100692116929957,0.4248074711012617,477.7625408889151,58.934444427490234,17.654611659049987,4.664304919706625,11.383714820056538,0.07170686392435845,0.04608813897839501,0.0746440201024865,0.049388379456485575,0.06862920096595736
lam_E1e2_D1e2,lam,,lam_E1e2_D1e2,E1e2,0.2844,-0.5460704079422714,25.78,,41.21,,34.26,17.3,,,,3.9574,2.3718,,,,,False,False,False,63.03,51.47,38.79,12.84,46.88,39.23,30.63,46.8,,,,,,,,,,,,,
frc_lorawdr16_wd0p3_lr5e4_c256_s42,frc,42.0,frc_lorawdr16_wd0p3_lr5e4_c256,lorawdr16,0.3339,-0.47638358094562927,26.27,,81.04,cs,33.42,19.12,,,,18.81,6.4851,0.0005,0.3,,,False,False,True,72.26,83.41,80.76,88.7,84.29,85.23,70.9,82.8,1.9835131709949385,1.8520239240816387,0.13148924691329977,217.99110275178595,18.809736251831055,6.4871976122260095,7.073062687887304,13.264441670965043,0.07212118371937834,0.046671269885025186,0.0858949386965063,0.0479951085894432,0.07182644755110204
lrsw_clora_k1024_lr5e4_s42,lrsw,42.0,lrsw_clora_k1024_lr5e4,clora,0.6429,-0.19185657423850888,21.88,30.1,78.36,cs,29.66,14.11,36.48,36.18,34.06,29.7669,12.745,0.0005,,1024.0,,False,False,True,70.46,83.41,79.53,86.95,82.32,80.77,64.85,78.6,2.4825185897565967,1.8520239240816387,0.6304946656749579,555.6676575275677,29.759523391723633,12.745835506916046,11.200065514201482,25.579202951387064,0.05821719079464341,0.04622913369640831,0.06129611533601582,0.04906282540746361,0.05631000594729336
lrsw_clora_k1024_lr1e4_s42,lrsw,42.0,lrsw_clora_k1024_lr1e4,clora,0.2152,-0.6671577330056484,26.71,36.03,11.72,cs,33.85,19.57,46.62,43.6,36.53,12.012,4.9413,0.0001,,1024.0,,False,False,True,29.02,1.25,0.97,23.74,14.52,9.39,7.68,7.2,1.99920823643025,1.8520239240816387,0.14718431234861118,131.6828024637286,12.024399757385254,4.942779733240604,3.7213555142679318,13.527918213306876,0.06206906487085738,0.05188351336377105,0.07312009586599323,0.052299289973682446,0.06019716851727319
frm_sclora_lr2e4_c256_s42,frm,42.0,frm_sclora_lr2e4_c256,sclora,1.3417,0.12765541977520697,12.66,23.6,55.8,math_faithful,19.94,5.38,24.16,28.67,39.87,158.0614,15.9996,0.0002,,,,False,False,True,,,,,,,,,3.8863292640904605,1.8520239240816387,2.034305340008822,999.2408353987266,158.06056213378906,15.999490576982499,27.922936464478315,63.06799031456834,0.0866610604602797,0.04193875005031291,0.30136113297841965,0.023729357905536368,0.147504874002841
mtx_clora_k1024_s45,mtx,45.0,mtx_clora_k1024,clora,0.4388,-0.35773338109732644,23.54,33.13,79.69,cs,31.59,15.48,41.55,40.27,36.75,21.6101,9.8432,,,1024.0,,False,False,False,71.62,82.21,78.92,86.82,83.35,82.45,70.14,82.0,2.2042685996334273,1.8100692116929957,0.3941993879404315,369.83108882472305,21.629680633544922,9.845240634679794,7.606680639071795,22.13347248432246,0.058861366398072254,0.04738728683293652,0.06374436146560797,0.04886130379916613,0.05676671139386173
b4_sclora_r32_lr2e4_s42,b4,42.0,b4_sclora_r32_lr2e4,sclora,0.531,-0.2749054789185309,23.97,31.69,78.8,cs,31.33,16.61,37.67,38.65,34.19,19.0055,7.1463,0.0002,,,32.0,False,False,False,72.14,82.54,74.21,84.07,82.08,83.0,69.8,82.6,2.267573256855533,1.8100692116929957,0.4575040451625372,318.56610378109445,19.005353927612305,7.147002723813057,13.01242812501626,35.10230376553126,0.07791330690530875,0.039415462087883206,0.21133459706550983,0.022973554254716668,0.11733520234665627
qwswm_clora_k1024_lr1e3_s44,qwswm,44.0,qwswm_clora_k1024_lr1e3,clora,0.4318,-0.364717362001788,31.48,42.35,69.37,gsm8k,39.99,22.96,55.89,41.13,51.79,28.6005,8.0843,0.001,,1024.0,,False,False,True,,,,,,,,,2.672542533224491,1.9346918347336524,0.7378506984908388,559.7253397896304,28.606998443603516,8.086065999849493,19.770578785324382,30.308179704653245,0.050040947744527484,0.04374978445557559,0.05362895048909733,0.045361481961554075,0.04291365319905456
qwsw_dora_r16_lr5e4_s43,qwsw,43.0,qwsw_dora_r16_lr5e4,dora,0.5764,-0.23927602785804827,24.64,35.2,82.85,cs,29.21,20.07,57.35,29.1,40.29,81.932,15.4044,0.0005,,,16.0,False,False,True,72.14,86.02,78.92,83.31,83.35,90.91,80.72,87.4,3.012309618954639,1.9346918347336524,1.0776177842209864,616.7104874917419,82.006103515625,15.407235841240201,8.883075621825315,14.583589377571425,0.11521588711658134,0.09756908276803469,0.0640178162155851,0.04712618748925287,0.07185610981756206
uioT_k2048_lr2e2,other,,uioT_k2048_lr2e2,k2048,0.9342,-0.029560137048236065,22.7,,71.47,,32.0,13.39,,,,37.1262,6.1343,0.02,,2048.0,,False,False,False,67.37,78.67,77.23,79.22,69.3,72.05,54.69,73.2,,,,,,,,,,,,,
lrsw_lorawd_wd0p3_lr5e5_s43,lrsw,43.0,lrsw_lorawd_wd0p3_lr5e5,lorawd,0.2213,-0.6550185860727421,27.56,36.79,55.34,cs,35.05,20.07,47.42,45.14,36.27,10.8919,3.8192,5e-05,0.3,,,False,False,True,61.59,44.29,43.81,72.63,73.4,50.42,39.59,57.0,2.0670504098885054,1.8100692116929957,0.2569811981955097,73.5419517066455,10.896163940429688,3.8206994757056236,2.137822271273953,6.531062413392445,0.0710830319615676,0.051675472689488536,0.10295929734323525,0.055577264175919454,0.07517378182903418
frm_lorawd_wd0p2_lr5e4_c512_s42,frm,42.0,frm_lorawd_wd0p2_lr5e4_c512,lorawd,0.5309,-0.274987274658843,22.12,31.31,66.57,math_faithful,29.92,14.31,30.1,37.63,44.59,58.4895,6.8154,0.0005,0.2,,,False,False,True,,,,,,,,,2.3297272813714764,1.8520239240816387,0.4777033572898377,372.5141545420233,58.48954772949219,6.815732823312283,22.140680965078474,50.06574573085689,0.07975543600853717,0.04537282426290607,0.09001357311076988,0.04766790844119455,0.07865130940875407
frm_lorawd_wd0p3_lr3e4_c512_s42,frm,42.0,frm_lorawd_wd0p3_lr3e4_c512,lorawd,0.3154,-0.5011383110071159,25.54,35.14,67.48,math_faithful,33.7,17.37,39.97,40.96,43.7,32.4483,4.5247,0.00030000000000000003,0.3,,,False,False,True,,,,,,,,,2.1017363510206875,1.8520239240816387,0.24971242693904872,218.69286480693472,32.4479866027832,4.525159027427435,16.904566146161663,43.19318724569694,0.07702570156630643,0.047237200999206586,0.08872418265481488,0.048303147852308166,0.07542297040462546
mtxm_lora_r8_s44,mtxm,44.0,mtxm_lora_r8,lora,0.4585,-0.3386606599939601,25.6,32.93,43.44,gsm8k,34.48,16.71,29.81,40.53,43.13,34.2738,13.1197,,,,8.0,False,False,False,,,,,,,,,2.103824676138885,1.8100692116929957,0.29375546444588907,304.2324551391789,34.366455078125,13.125072467327119,3.2236938357626155,6.260780926426462,0.06622036860132563,0.048232385390798715,0.0773885587297227,0.04916563257066247,0.06591896316470147
frc_lorawd_wd0_lr7e4_c256_s44,frc,44.0,frc_lorawd_wd0_lr7e4_c256,lorawd,1.5076,0.17828612877756736,16.2,24.96,65.14,cs,24.39,8.0,22.86,32.08,37.48,232.2061,27.962,0.0007,0.0,,,False,False,True,64.68,73.29,73.95,58.45,70.88,64.39,48.72,66.8,3.1727518699624486,1.8100692116929957,1.362682658269453,1288.6847740278342,232.20252990722656,27.964785832166672,15.141563561874875,27.899093013566016,0.07872551763869506,0.04624879776545856,0.06892278383683059,0.05151979007314743,0.07096129318375756
mtx_sclora_b0p7_s45,mtx,45.0,mtx_sclora_b0p7,sclora,0.7209,-0.1421249744764375,20.48,26.63,79.3,cs,29.67,11.3,25.33,34.64,32.19,38.3028,10.1007,,,,,False,False,False,72.26,83.73,79.22,86.39,82.48,82.45,66.64,81.2,2.40590001034673,1.8100692116929957,0.5958307986537343,460.18440300622467,38.30223083496094,10.101467257738113,13.758829662025244,32.892010251965026,0.0756457349622027,0.04187199522156809,0.18157534603872022,0.030197918745963594,0.10791638585717668
frm_milora_lr2e4_c256_s44,frm,44.0,frm_milora_lr2e4_c256,milora,0.8169,-0.08783110394037301,20.62,29.66,62.17,math_faithful,30.23,11.0,27.28,34.22,45.56,92.6102,15.5404,0.0002,,,,False,False,True,,,,,,,,,2.953684907842237,1.8520239240816387,1.1016609837605982,711.8264643167521,92.6080551147461,15.541167044639588,16.988062617055967,42.02547329073878,0.06486000770060649,0.06298469070653102,0.06352792301360023,0.11795197783843048,0.061648891099146355
d1_leaky_lr2e2,d1,,d1_leaky_lr2e2,leaky,0.7951,-0.09957824654226238,23.87,,70.94,,33.45,14.29,,,,61.9455,8.3241,0.02,,,,False,False,False,64.43,67.79,77.02,66.7,78.93,77.9,61.95,72.8,,,,,,,,,,,,,
mtx_lorawd_wd0p1_s42,mtx,42.0,mtx_lorawd_wd0p1,lorawd,0.535,-0.27164621797877153,23.9,31.16,80.0,cs,31.27,16.53,36.85,37.03,34.13,43.8368,12.4335,,0.1,,,False,False,False,72.14,82.81,78.76,89.8,82.72,82.95,69.03,81.8,2.235804338524562,1.8520239240816387,0.3837804144429233,415.531300701524,43.83600616455078,12.434925374388694,7.383691043909255,20.910878293338417,0.07056551737294744,0.0468059991888887,0.07519589448024483,0.048913089377509086,0.0678233644276621
lrsw_milora_r32_lr2e5_s43,lrsw,43.0,lrsw_milora_r32_lr2e5,milora,0.1697,-0.7703181576823243,26.1,36.73,70.56,cs,33.87,18.34,46.27,47.95,37.2,2.9327,1.3198,2e-05,,,32.0,False,False,True,61.5,79.76,77.23,49.03,76.24,81.57,63.57,75.6,1.9096852629590315,1.8520239240816387,0.057661338877392776,23.437444358905324,2.936922073364258,1.3202441995963454,2.780153508209077,9.711297989018899,0.05281778596210113,0.26857374341049917,0.12250595571252546,0.230978908072825,0.071680979273197
qwsw_sclora_r32_lr5e5_s44,qwsw,44.0,qwsw_sclora_r32_lr5e5,sclora,0.2012,-0.6963720236161103,39.08,46.51,87.45,cs,45.88,32.29,70.3,38.05,46.04,5.8166,1.8275,5e-05,,,32.0,False,False,True,74.8,90.04,80.45,94.08,85.16,95.88,88.4,90.8,2.092615507994016,1.9346918347336524,0.15792367326036372,85.67501295775554,5.8173909187316895,1.8277964179004942,12.13076372510756,37.13388810463329,0.10241539092942706,0.12640115954500625,0.24733666857504463,0.02684494100543138,0.13022937925958697
frm_lorawd_wd0p5_lr2e4_c256_s42,frm,42.0,frm_lorawd_wd0p5_lr2e4_c256,lorawd,0.2028,-0.6929320493387017,25.56,34.04,65.81,math_faithful,33.16,17.96,33.75,43.26,42.08,16.2007,3.0751,0.0002,0.5,,,False,False,True,,,,,,,,,1.996389340606196,1.8520239240816387,0.14436541652455737,126.06454451322618,16.200641632080078,3.0754522770643233,11.186305712972732,33.57958626341317,0.07748802779552894,0.04952087423994799,0.0947373363008931,0.04878428041679803,0.07638484733518644
lrswm_clora_k1024_lr1e3_s43,lrswm,43.0,lrswm_clora_k1024_lr1e3,clora,0.8612,-0.06489597884855043,19.49,27.46,43.21,gsm8k,27.74,11.25,24.07,31.14,43.12,28.6856,14.7231,0.001,,1024.0,,False,False,True,,,,,,,,,2.9424218257339474,1.8100692116929957,1.1323526140409517,739.3989918801958,28.737945556640625,14.846487075090408,14.749629847738879,27.729038171261262,0.05988564846111233,0.04601351940749185,0.06299848102869371,0.049693357989271277,0.05793342067441219
qwswm_lora_null_r16_lr1e4_s42,qwswm,42.0,qwswm_lora_null_r16_lr1e4,lora_null,0.0553,-1.2572748686953017,42.34,52.91,68.99,gsm8k,45.34,39.33,72.29,50.6,56.98,4.9803,1.2922,0.0001,,,16.0,False,False,True,,,,,,,,,,,,47.19371748261242,4.980499744415283,1.2924876242876053,7.857235722590316,19.062147598239246,0.20078661868911563,0.07444717265463154,0.08995908472884585,0.1344616536364893,0.11076637469143764
qwsw_milora_r32_lr5e4_s42,qwsw,42.0,qwsw_milora_r32_lr5e4,milora,0.5616,-0.2505729008782511,14.3,31.31,83.47,cs,15.16,13.45,52.71,35.32,39.89,41.7975,11.7588,0.0005,,,32.0,False,False,True,71.53,85.75,79.43,92.27,83.35,88.68,79.52,87.2,,,,562.0357505821592,41.796531677246094,11.761401575803756,14.070771748332453,27.492540009749447,0.10135257628063747,0.14215633734467356,0.06089166427952556,0.08916632461831006,0.06655064978292714
lrsw_lora_r16_lr2e4_s44,lrsw,44.0,lrsw_lora_r16_lr2e4,lora,0.4414,-0.35516767117436376,25.7,34.0,79.9,cs,32.96,18.45,44.4,37.54,36.63,31.7228,13.0551,0.0002,,,16.0,False,False,True,71.13,83.51,79.38,90.7,82.4,83.88,68.6,79.6,2.0587598726902585,1.8100692116929957,0.24869066099726278,308.74395805946256,31.753599166870117,13.059919235110282,3.439295443725791,9.417870662651683,0.06833746472082344,0.04738665517429119,0.07807740195808087,0.04933082237406854,0.06755374434880557
lrswm_sclora_r32_lr2e4_s43,lrswm,43.0,lrswm_sclora_r32_lr2e4,sclora,0.5543,-0.2562551214075387,19.87,29.67,58.0,math_faithful,29.6,10.14,26.76,37.2,44.66,13.8888,5.6875,0.0002,,,32.0,False,False,True,,,,,,,,,2.415818903752394,1.8100692116929957,0.6057496920593983,259.5692157753432,13.89542293548584,5.6877416864037516,13.180799576494264,35.93384146637608,0.10219045897932051,0.03881945604331568,0.44844739194588573,0.014950336705387096,0.17476527379523302
lrswm_milora_r32_lr2e4_s42,lrswm,42.0,lrswm_milora_r32_lr2e4,milora,0.3422,-0.46571999479491855,24.6,32.47,44.28,gsm8k,31.32,17.88,29.35,41.55,42.24,21.6909,8.5319,0.0002,,,32.0,False,False,True,,,,,,,,,2.2863726882047626,1.8520239240816387,0.43434876412312384,201.547443615814,21.691028594970703,8.53360315412283,4.553945283322551,13.979529025608254,0.06253215778912288,0.12847475403736833,0.07639825222832335,0.1278328861330003,0.06495292782860444
lrsw_lora_null_r16_lr3e4_s44,lrsw,44.0,lrsw_lora_null_r16_lr3e4,lora_null,0.4667,-0.3309621991148441,23.9,32.63,50.88,cs,33.45,14.36,41.51,40.19,33.62,25.7361,10.4829,0.00030000000000000003,,,16.0,False,False,True,32.17,20.73,15.3,46.2,82.72,76.01,59.3,74.6,2.1607188610490797,1.8100692116929957,0.350649649356084,346.91712513822654,25.74469566345215,10.48693328499794,6.871918836655735,15.932022472933898,0.14387883600322912,0.0389141017133124,0.10437573843203958,0.059301306090529034,0.10784243971270743
d1_leaky_lr1e2,d1,,d1_leaky_lr1e2,leaky,0.6123,-0.21303574056426708,23.06,,41.75,,32.18,13.95,,,,11.9387,5.4923,0.01,,,,False,False,False,61.83,54.52,13.31,50.9,71.43,30.22,27.82,24.0,,,,,,,,,,,,,
qwswm_sclora_r32_lr2e5_s44,qwswm,44.0,qwswm_sclora_r32_lr2e5,sclora,0.0552,-1.258060922270801,44.56,54.42,66.11,gsm8k,48.36,40.76,71.68,53.84,57.46,1.8087,0.47,2e-05,,,32.0,False,False,True,,,,,,,,,1.9798805013381318,1.9346918347336524,0.0451886666044794,21.166089713488464,1.809341549873352,0.47003519316869125,12.38282280463766,35.25901915988249,0.15073543487841679,0.10397677621463323,0.41109873583497325,0.023882950219702524,0.1721738173706406
fft_full_lr1e5_s42,fft,42.0,fft_full_lr1e5,full,0.0227,-1.6439741428068773,26.9,36.73,54.12,cs,34.2,19.6,44.84,47.35,37.66,0.1959,0.0734,1e-05,,,,False,False,False,50.98,20.08,73.59,16.95,62.27,77.02,59.04,73.0,,,,,,,,,,,,,
lrsw_milora_r32_lr5e4_s44,lrsw,44.0,lrsw_milora_r32_lr5e4,milora,0.8658,-0.06258241852286214,21.0,29.86,77.67,cs,29.69,12.3,32.44,39.59,35.26,101.5895,20.6686,0.0005,,,32.0,False,False,True,69.69,80.96,78.97,85.86,80.98,79.04,65.44,80.4,2.535882304374965,1.8100692116929957,0.7258130926819695,700.6801662846502,101.58879852294922,20.670315116643906,8.929878108816887,20.834239439329348,0.06972268439479248,0.061298167394027006,0.06764193348243921,0.06820043694051738,0.06474826830885591
mtx_clora_k256_s42,mtx,42.0,mtx_clora_k256,clora,0.5662,-0.24703013497091578,23.14,29.83,78.92,cs,30.46,15.81,35.09,35.41,32.37,27.8756,12.1078,,,256.0,,False,False,False,70.0,82.54,79.68,87.83,82.79,82.49,68.26,77.8,2.37302377731257,1.8520239240816387,0.5209998532309315,467.2355309042998,27.872922897338867,12.1088876247406,8.699692023278011,23.903830488407777,0.06244054772813274,0.046042856892958964,0.06639129634017212,0.04891822053451491,0.060345621657799456
lrswm_clora_k1024_lr1e3_s42,lrswm,42.0,lrswm_clora_k1024_lr1e3,clora,0.8462,-0.07252697900472417,19.13,27.17,42.46,gsm8k,28.14,10.12,23.86,31.06,42.68,28.1474,14.5841,0.001,,1024.0,,False,False,True,,,,,,,,,2.976959054604722,1.8520239240816387,1.1249351305230832,741.8174701717473,28.19353675842285,14.587241527438163,15.488632848217648,27.894541400352427,0.0600450191825431,0.04609887625914304,0.06285884254539657,0.04950656668790488,0.057904546046712885
lrswm_milora_r32_lr1e4_s43,lrswm,43.0,lrswm_milora_r32_lr1e4,milora,0.2578,-0.5887170869826158,25.84,33.51,42.08,gsm8k,33.36,18.31,27.85,45.65,42.38,9.3055,4.7957,0.0001,,,32.0,False,False,True,,,,,,,,,2.013982161436957,1.8100692116929957,0.20391294974396135,102.0539718522667,9.337908744812012,4.796983274817467,3.8209193613254953,12.34153749209356,0.05934342944015284,0.18990978257983657,0.08478940973117276,0.1595809407284988,0.06556627201447641
qwsw_milora_r32_lr15e5_s42,qwsw,42.0,qwsw_milora_r32_lr15e5,milora,0.2342,-0.6304131092636557,37.64,46.51,87.33,cs,44.26,31.02,68.41,40.53,48.32,12.119,4.3118,0.00015000000000000001,,,32.0,False,False,True,73.98,89.39,80.35,94.84,85.56,94.95,88.74,90.8,2.3295915029969594,1.9346918347336524,0.394899668263307,156.79947269585637,12.122509956359863,4.312308499217034,8.933659148301475,25.192635228673463,0.07110411820737554,0.31115586701529124,0.06165539979223931,0.19497873496988602,0.055749538885662496
e1_randdir2_f080_s43,e1,43.0,e1_randdir2_f080,randdir2,0.7995,-0.0971815319177465,17.37,25.59,2.33,cs,27.48,7.25,25.07,33.02,35.12,44.984,15.9188,,,,,False,False,False,0.73,16.87,0.05,0.0,0.87,0.0,0.09,0.0,,,,652.1518616897861,44.983482360839844,15.918703413009643,10.340114857184425,15.331746263907215,0.05324152551258367,0.05314378191633813,0.06845739663159194,0.05045115468778747,0.05781951501571208
qwswm_sclora_r32_lr3e4_s42,qwswm,42.0,qwswm_sclora_r32_lr3e4,sclora,0.3781,-0.4223933226374644,30.12,45.26,66.49,gsm8k,38.18,22.05,63.86,45.31,56.91,14.4436,4.53,0.00030000000000000003,,,32.0,False,False,True,,,,,,,,,,,,252.26597083836143,14.458785057067871,4.530945601207869,16.45967210562045,40.27168844582554,0.15677166159280992,0.09857878001466594,0.2821246028983522,0.03096479861413171,0.15664871476164263
mtx_clora_k256_s45,mtx,45.0,mtx_clora_k256,clora,0.5675,-0.24603413413483968,24.3,32.41,49.06,cs,32.9,15.71,41.51,35.92,36.0,29.5303,12.2645,,,256.0,,False,False,False,64.59,35.15,33.11,40.74,70.8,56.27,43.43,48.4,2.361013005112379,1.8100692116929957,0.5509437934193835,467.0018120887849,29.53485107421875,12.265594565868378,8.567293527016101,23.70589820491085,0.06251452104815276,0.04611842933972261,0.06630270275317914,0.049102018212675715,0.06034341907856763
frc_lora_null_lr1e4_c256_s43,frc,43.0,frc_lora_null_lr1e4_c256,lora_null,0.3151,-0.5015515968260004,24.39,33.99,74.89,cs,32.99,15.79,46.09,40.1,34.97,13.7126,5.9282,0.0001,,,,False,False,True,51.9,84.66,75.59,83.74,81.85,79.0,63.14,79.2,2.077451387400753,1.8100692116929957,0.26738217570775746,217.9553545812934,13.717183113098145,5.929455570876598,8.734209478528015,30.53514835433689,0.12119586995437961,0.04069295923312427,0.13349610474836718,0.06972508105948351,0.1090877879866911
frm_lorawd_wd0p2_lr1e4_c256_s42,frm,42.0,frm_lorawd_wd0p2_lr1e4_c256,lorawd,0.2849,-0.5453075507605232,24.8,32.56,67.4,math_faithful,32.53,17.06,31.16,41.47,40.59,16.6524,5.516,0.0001,0.2,,,False,False,True,,,,,,,,,2.1345222881852277,1.8520239240816387,0.282498364103589,186.94095743118956,16.659975051879883,5.5168408274650576,7.479223501028457,29.573989524704206,0.07004655439664227,0.049960870972411184,0.08126834682234085,0.05015242388660426,0.0691087426326622
qwswm_lora_r32_lr1e3_s43,qwswm,43.0,qwswm_lora_r32_lr1e3,lora,0.9379,-0.027843464140506393,6.54,24.51,40.11,gsm8k,13.07,0.02,31.31,32.08,46.08,85.9007,18.7175,0.001,,,32.0,False,False,True,,,,,,,,,3.907269615905197,1.9346918347336524,1.9725777811715446,1056.6599474995464,85.89921569824219,18.72077817746571,17.592493424443674,30.092624639516508,0.11436367258503634,0.08837541544589805,0.06686489246954608,0.04890211590821111,0.07422253815872563
fr_k2048_v1024_dE0_lr1e2,fr,,fr_k2048_v1024_dE0_lr1e2,k2048,0.4942,-0.3060972589339394,22.86,,50.73,,31.77,13.95,,,,8.5704,4.1258,0.01,,2048.0,,False,False,False,62.26,56.2,59.72,14.14,69.77,57.91,44.8,41.0,,,,,,,,,,,,,
frm_lorawd_wd0_lr5e4_c256_s43,frm,43.0,frm_lorawd_wd0_lr5e4_c256,lorawd,2.6891,0.4296069527032835,8.56,23.09,50.64,math_faithful,16.02,1.1,24.14,25.43,48.76,339.1608,37.0325,0.0005,0.0,,,False,False,True,,,,,,,,,6.371144885334673,1.8100692116929957,4.561075673641677,2389.6346289582043,339.1485290527344,37.032263696193695,28.932531668646753,57.048797256718814,0.08329366120125002,0.04467980728380729,0.08219983962829872,0.04941380393822637,0.08135977426477269
mtx_clora_k1024_s42,mtx,42.0,mtx_clora_k1024,clora,0.4417,-0.35487260074160887,24.26,32.69,80.3,cs,31.53,16.99,43.86,37.03,34.05,23.8409,9.9083,,,1024.0,,False,False,False,72.57,82.86,80.3,89.29,82.56,83.38,70.05,81.4,2.282846525614057,1.8520239240816387,0.43082260153241814,370.726214068614,23.889907836914062,9.910681167244912,7.528471978220216,22.086509938394933,0.05856759141466046,0.047120144277080334,0.06382234511189068,0.04891145959862351,0.05667475018874318
lora_wd0p1_clean,lora,,lora_wd0p1_clean,wd0p1,0.5433,-0.26496029496627915,24.86,,80.43,,32.08,17.64,,,,38.3685,12.3719,,0.1,,,False,False,False,71.65,83.62,80.66,89.29,84.77,83.92,67.32,82.2,2.2204200849769,1.8520239240816387,0.3683961608952613,414.73194642491825,38.368072509765625,12.373956343531608,7.332797915930925,20.929903494099236,0.06954167690757077,0.04661476732609518,0.07529388737596433,0.04897165140518472,0.06745075383306144
lrswm_lorawd_wd0p3_lr5e4_s44,lrswm,44.0,lrswm_lorawd_wd0p3_lr5e4,lorawd,0.421,-0.3757179041643317,23.94,33.07,49.36,gsm8k,31.01,16.86,36.85,39.42,41.22,24.2325,7.2651,0.0005,0.3,,,False,False,True,,,,,,,,,2.1610031241455037,1.8100692116929957,0.35093391245250793,287.035946455891,24.23212242126465,7.26554459631443,9.934261723756705,23.61790093522752,0.07060992375491353,0.047890066146709404,0.08059843335030198,0.04917148458318108,0.06966064914829069
lora_r128,lora,,lora_r128,r128,1.2679,0.10308500184161448,16.23,,70.06,,25.75,6.7,,,,164.2672,20.3318,,,,,False,False,False,66.48,77.91,75.74,71.04,75.93,70.58,55.03,67.8,3.3056836086042156,1.8520239240816387,1.4536596845225769,1025.717295695151,164.26805114746094,20.332207733392714,19.875492017231846,68.64807524609142,0.07719085083516523,0.046137128193525216,0.07074037094277176,0.05057311993760359,0.07070917624386899
qwsw_lorawd_wd0p3_lr1e3_s44,qwsw,44.0,qwsw_lorawd_wd0p3_lr1e3,lorawd,14.3334,1.156349220829561,0.0,19.43,0.01,cs,0.0,0.0,22.95,24.91,49.31,513.4485,42.1998,0.001,0.3,,,True,False,True,0.0,0.0,0.05,0.0,0.0,0.0,0.0,0.0,10.402909851792856,1.9346918347336524,8.468218017059204,875.0852965049063,515.01806640625,42.25529603106635,1.1000566074241758,1.3299674218834998,0.1663633627372724,0.18634032919759255,0.09323912958733595,0.05566042683184795,0.09902724546816374
frm_lorawd_wd0p1_lr3e4_c256_s43,frm,43.0,frm_lorawd_wd0p1_lr3e4_c256,lorawd,0.679,-0.1681302257194983,21.26,29.9,62.24,math_faithful,30.07,12.46,27.94,34.81,44.21,79.9342,9.8196,0.00030000000000000003,0.1,,,False,False,True,,,,,,,,,2.484218145959481,1.8100692116929957,0.6741489342664855,513.3145350509444,79.93582916259766,9.82020263671875,20.419870059060397,49.206029523262174,0.07411415560491313,0.04627524461263663,0.07762486321347982,0.04948473431529237,0.07140702114566604
mtx_dora_r8_s44,mtx,44.0,mtx_dora_r8,dora,0.5276,-0.27769521312567236,23.84,32.66,21.57,cs,30.55,17.14,39.15,41.38,35.06,48.482,16.697,,,,8.0,False,False,False,31.87,37.7,11.46,24.42,38.04,12.12,10.92,6.0,2.132864707580989,1.8520239240816387,0.28084078349935027,378.3889795763983,48.6343994140625,16.702554714679717,3.157684328879195,6.161159736715354,0.06722773487423746,0.04666379719009697,0.07513821287921356,0.04910678411055743,0.06646618219288472
qwswm_lorawd_wd0p3_lr2e4_s44,qwswm,44.0,qwswm_lorawd_wd0p3_lr2e4,lorawd,0.0937,-1.0282604091122218,44.92,54.34,67.48,gsm8k,47.73,42.1,71.87,54.18,55.8,8.3138,2.1704,0.0002,0.3,,,False,False,True,,,,,,,,,2.0046883399583058,1.9346918347336524,0.0699965052246534,78.04768158434138,8.319854736328125,2.171027133294514,8.106770870222075,22.05699210668175,0.12121343224379096,0.10182550721190917,0.07389407656288972,0.047576237561530996,0.07675147263715563
frc_sclora_lr1e4_c256_s42,frc,42.0,frc_sclora_lr1e4_c256,sclora,0.5591,-0.2525105077413271,19.7,27.32,80.23,cs,28.94,10.46,25.43,38.23,33.54,16.8065,6.6291,0.0001,,,,False,False,True,73.12,82.92,78.2,88.91,82.08,84.43,70.56,81.6,2.2936705164523477,1.8520239240816387,0.4416465923707089,291.9957267604432,16.811901092529297,6.629654179513454,12.452121710761466,32.15612087412224,0.07562784865017144,0.04243369986674051,0.3888975445151085,0.009183790231862195,0.15846666193552095
clora_k2048_FULLre,clora,,clora_k2048_FULLre,k2048,0.3376,-0.47159756204638253,25.7,,65.38,,34.05,17.34,,,,16.4119,8.2798,,,2048.0,,False,False,False,71.8,83.13,12.18,37.81,81.45,84.68,69.62,82.4,,,,,,,,,,,,,
qwswm_dora_r16_lr2e4_s43,qwswm,43.0,qwswm_dora_r16_lr2e4,dora,0.112,-0.9507819773298184,44.46,54.35,60.73,gsm8k,46.55,42.38,71.36,53.33,58.11,9.9542,3.3322,0.0002,,,16.0,False,True,True,,,,,,,,,2.0388948665552555,1.9346918347336524,0.10420303182160318,102.00600666538678,9.959811210632324,3.334407788515091,5.431142569520928,12.365285244563855,0.11731171140210425,0.10120379239411739,0.06535087964841853,0.04937541894707308,0.07159487951381388
qwsw_lora_r16_lr2e4_s44,qwsw,44.0,qwsw_lora_r16_lr2e4,lora,0.2663,-0.5746288335610588,39.33,47.59,74.7,cs,45.25,33.4,67.95,44.54,46.79,22.6293,8.1661,0.0002,,,16.0,False,False,True,73.88,62.79,77.43,94.49,85.16,62.71,56.74,84.4,2.2205735362094305,1.9346918347336524,0.2858817014757782,249.9121516297313,22.664960861206055,8.173479503393173,4.851452363377034,11.688468272182538,0.11296848069286576,0.09140443544755132,0.07016054830421763,0.04617931980908013,0.07020644526632891
lrsw_lorawd_wd0p3_lr5e5_s42,lrsw,42.0,lrsw_lorawd_wd0p3_lr5e5,lorawd,0.2186,-0.660349842386316,27.8,36.9,45.39,cs,35.16,20.44,48.03,46.59,34.3,11.2165,3.7897,5e-05,0.3,,,False,False,True,30.15,51.96,37.72,56.53,79.95,41.5,32.34,33.0,2.1023961545240146,1.8520239240816387,0.2503722304423759,73.48565442425907,11.235029220581055,3.7916760206222535,2.1744180871802747,6.635515780120314,0.07083995419204386,0.05157809551869712,0.10342449575463643,0.055888600463159153,0.07517332872253918
frc_milora_a1r_lr2e4_c256_s42,frc,42.0,frc_milora_a1r_lr2e4_c256,milora,0.3976,-0.4005536242747243,25.84,34.26,75.2,cs,33.42,18.27,45.85,39.25,34.51,30.3015,11.5625,0.0002,,,,False,False,True,70.55,82.26,61.77,80.85,80.82,80.09,67.06,78.2,2.1208472161447918,1.8520239240816387,0.26882329206315303,270.91584557283807,30.301494598388672,11.565177115797997,4.600287361948842,13.622630353114069,0.06619656833714951,0.10734603907093436,0.07835399416235438,0.1055660842289923,0.06747970312582408
frc_lorawd_wd0_lr3e4_c256_s45,frc,45.0,frc_lorawd_wd0_lr3e4_c256,lorawd,0.7284,-0.13763006287711757,21.91,28.7,78.37,cs,29.3,14.52,29.87,36.09,33.71,62.2726,17.5817,0.00030000000000000003,0.0,,,False,False,True,70.76,82.26,79.22,86.38,80.74,81.86,67.32,78.4,2.412833142318176,1.8100692116929957,0.6027639306251802,593.1761822111175,62.27092742919922,17.583231124281884,7.55659702081081,21.554579355656045,0.0696879822662723,0.046259423267287506,0.07097459647890955,0.04977217034539686,0.06622088199749414
qwsw_lora_null_r16_lr2e4_s42,qwsw,42.0,qwsw_lora_null_r16_lr2e4,lora_null,0.2171,-0.66334017654558,38.43,48.27,87.17,cs,43.8,33.06,69.84,46.42,48.24,12.4767,4.7943,0.0002,,,16.0,False,False,True,73.85,90.1,79.73,94.91,85.4,95.54,87.46,90.4,,,,190.97760264354082,12.484702110290527,4.795022977249963,8.088968831908744,17.005242916404047,0.16617642864163634,0.06940556304551174,0.06992203545561998,0.05486801070350509,0.08994599753339363
frc_lorawd_wd0p5_lr2e4_c256_s44,frc,44.0,frc_lorawd_wd0p5_lr2e4_c256,lorawd,0.2371,-0.6250684460218119,27.36,35.9,58.63,cs,34.82,19.91,46.57,42.49,35.72,12.8787,4.9134,0.0002,0.5,,,False,False,True,65.66,68.55,44.47,56.57,79.87,62.37,50.34,41.2,1.9186971589759991,1.8100692116929957,0.1086279472830034,138.06778966105148,12.884090423583984,4.916191975772381,4.795076168388112,14.528662838953439,0.07229775100850047,0.049640016490092594,0.09330139256916767,0.04910374029419217,0.07351874997746419
frc_lorawd_wd0p3_lr5e4_c256_s44,frc,44.0,frc_lorawd_wd0p3_lr5e4_c256,lorawd,0.4168,-0.3800722897085319,26.26,32.18,81.69,cs,32.42,20.09,40.12,37.63,30.62,37.7714,6.8076,0.0005,0.3,,,False,False,True,72.69,84.0,80.91,90.5,84.77,86.2,71.67,82.8,2.0181400790146014,1.8100692116929957,0.20807086732160562,267.5653649866989,37.7711296081543,6.808094592392445,10.504328056620727,23.692023158168045,0.07644334181258873,0.046308182153254315,0.0838496003572234,0.04780024051362192,0.0733600590004405
lrsw_dora_r16_lr2e4_s43,lrsw,43.0,lrsw_dora_r16_lr2e4,dora,0.4361,-0.3604139133265736,25.5,33.23,80.24,cs,33.34,17.65,40.57,40.36,34.21,31.7912,13.0434,0.0002,,,16.0,False,False,True,71.96,83.35,80.04,89.66,82.72,83.54,69.45,81.2,2.1185684785158583,1.8520239240816387,0.26654455443421954,309.84666380403934,31.8277587890625,13.049235901236534,3.489397836545857,9.432800459035773,0.06829012486115552,0.0472611668236212,0.07812676046469676,0.049138927278106814,0.06761088584972645
frc_lorawd_wd0p1_lr7e4_c256_s43,frc,43.0,frc_lorawd_wd0p1_lr7e4_c256,lorawd,0.8504,-0.07037674848475962,21.94,28.01,75.57,cs,29.93,13.95,26.73,34.3,35.12,91.3275,14.095,0.0007,0.1,,,False,False,True,68.75,81.66,79.73,69.8,80.66,80.51,63.65,79.8,2.4341822635820534,1.8100692116929957,0.6241130518890576,642.3683611423712,91.32572174072266,14.096971482038498,14.91181885589098,27.788574765587846,0.07618793991830766,0.04574339621831231,0.07442120292708859,0.049467061254663706,0.07158493288792248
scl2_b0p9_r32_s42,scl2,42.0,scl2_b0p9_r32,b0p9,1.0495,0.020982442918419286,14.58,24.82,77.35,cs,25.57,3.6,23.27,36.43,35.23,25.9807,10.743,,,,32.0,False,False,False,71.01,81.99,78.92,82.34,82.0,80.26,64.08,78.2,2.77857124797501,1.8520239240816387,0.9265473238933715,519.6023039412811,25.980249404907227,10.74423644244671,14.861123704221043,34.70305859806879,0.09927278998202749,0.040996208492115056,0.38934154828588285,0.02131684486795581,0.16736428526058322
b4_sclora_r32_lr2e5_s42,b4,42.0,b4_sclora_r32_lr2e5,sclora,0.1521,-0.8178707859470016,27.53,36.95,13.17,cs,35.51,19.56,44.64,47.53,37.5,3.2735,1.2317,2e-05,,,32.0,False,False,False,25.5,12.13,3.17,6.74,33.07,7.58,5.8,11.4,1.887235359078117,1.8100692116929957,0.07716614738512129,39.13951859255139,3.2733538150787354,1.231851277127862,8.063014214111215,34.04461308383225,0.0825487346363633,0.0359717533735892,0.29183088506610344,0.013355675705711462,0.14137806362309752
mtx_dora_r8_s43,mtx,43.0,mtx_dora_r8,dora,0.5255,-0.27942727963573905,26.15,33.6,79.52,cs,33.17,19.12,41.41,39.85,34.46,44.1203,16.7342,,,,8.0,False,False,False,71.5,82.64,78.86,90.03,82.0,82.91,68.43,79.8,2.139823303021679,1.8520239240816387,0.2877993789400404,377.98344532001715,44.17710876464844,16.73889887034893,3.1373305393586493,6.1521803942264155,0.06770089443174304,0.04648829792545423,0.07542794461194734,0.0489349549963908,0.06678967473518886
scl2_b0p9_r32_s43,scl2,43.0,scl2_b0p9_r32,b0p9,0.6359,-0.1966111750163865,21.44,28.6,78.97,cs,29.33,13.56,29.32,38.48,32.29,37.2925,10.9252,,,,32.0,False,False,False,72.11,82.75,78.15,84.5,82.32,82.74,69.97,79.2,2.2768900565414265,1.8100692116929957,0.4668208448484308,428.24124029515804,37.292301177978516,10.925930976867676,10.632135319712987,26.99277843989695,0.06471352903277715,0.09066424927070893,0.10712286724611711,0.04276426279625732,0.07853575626873839
qwsw_sclora_r32_lr1e3_s42,qwsw,42.0,qwsw_sclora_r32_lr1e3,sclora,2.6995,0.4312833318072613,2.23,19.99,38.81,cs,4.44,0.02,23.66,26.02,45.8,140.3092,32.5707,0.001,,,32.0,True,False,True,62.17,50.11,47.85,16.57,52.41,25.08,22.27,34.0,,,,1507.546334853978,140.30703735351562,32.57483818190438,13.035336261950421,29.74098828408758,0.15636621906760004,0.09468674236427163,0.13327234211066835,0.04772071790118555,0.12887921801939714
lrsw_lora_null_r16_lr2e5_s43,lrsw,43.0,lrsw_lora_null_r16_lr2e5,lora_null,0.1381,-0.8598063214213687,26.04,36.36,70.5,cs,33.57,18.5,44.33,46.76,38.62,2.5297,1.1116,2e-05,,,16.0,False,False,True,62.29,74.76,75.54,62.17,72.53,81.36,63.74,71.6,1.87625604838791,1.8100692116929957,0.06618683669491432,27.807778543570418,2.5313284397125244,1.1118980664759874,4.3478859720561385,15.311380101143106,0.2488490301188701,0.031384582311199956,0.1633712799589786,0.07962765071236114,0.17496515515523253
lrswm_milora_r32_lr5e4_s42,lrswm,42.0,lrswm_milora_r32_lr5e4,milora,0.6523,-0.18555262147751236,22.42,30.24,47.54,gsm8k,31.27,13.56,29.14,34.98,42.25,64.4075,16.2702,0.0005,,,32.0,False,False,True,,,,,,,,,2.5920985493113826,1.8520239240816387,0.7400746252297439,527.4784840334349,64.40666961669922,16.27110200226307,7.9797101861971464,19.526077989600083,0.06508026874778222,0.07361535706014592,0.0685986160269425,0.08277747841046604,0.06311835066315451
scl2_b0p99_r128_s42,scl2,42.0,scl2_b0p99_r128,b0p99,1.1099,0.045283851395135605,15.45,24.09,73.14,cs,25.36,5.54,23.11,33.53,32.89,106.3961,12.0576,,,,128.0,False,False,False,69.6,78.78,77.79,66.45,80.27,74.12,60.49,77.6,3.186488232593076,1.8520239240816387,1.3344643085114374,790.4363162304078,106.3978271484375,12.057289189100265,35.59254177437299,119.12067207547675,0.078981267132693,0.040860209258779444,0.1674348031477852,0.030286930563412962,0.10849657472406446
lora_r4,lora,,lora_r4,r4,0.4598,-0.33743103306673977,25.36,,77.01,,34.09,16.63,,,,38.7803,15.6503,,,,,False,False,False,71.59,82.54,78.05,78.73,78.22,81.14,66.38,79.4,2.037583511009442,1.8520239240816387,0.18555958692780328,299.1986369714292,38.84488296508789,15.655276206135749,2.2011453500243303,3.368052226550075,0.06737240455242836,0.04676405873833787,0.07721228316190928,0.049094395687881674,0.06697007998318477
lrswm_lorawd_wd0p3_lr2e4_s42,lrswm,42.0,lrswm_lorawd_wd0p3_lr2e4,lorawd,0.2882,-0.5403060235220295,25.53,33.21,48.98,gsm8k,33.37,17.7,28.6,42.83,43.53,17.3409,6.3121,0.0002,0.3,,,False,False,True,,,,,,,,,2.0790930665962932,1.8520239240816387,0.2270691425146545,179.77524193208524,17.34383201599121,6.315128889679909,4.940415817515192,16.06807424164007,0.06863354048595646,0.05052814841874779,0.08222211736503388,0.04968376887574761,0.06822765904184998
lrswm_clora_k1024_lr5e4_s43,lrswm,43.0,lrswm_clora_k1024_lr5e4,clora,0.5001,-0.30094314545233225,21.85,30.52,45.49,gsm8k,29.9,13.8,27.7,38.91,42.28,20.458,9.5498,0.0005,,1024.0,,False,False,True,,,,,,,,,2.430127493027345,1.8100692116929957,0.6200582813343491,423.89758661279416,20.465364456176758,9.550436662137509,10.392577014400011,25.12423830055186,0.057607986447958934,0.047271456019390076,0.061799930109696116,0.0494693596081788,0.05539323725351462
lrswm_lora_r16_lr5e4_s43,lrswm,43.0,lrswm_lora_r16_lr5e4,lora,0.7682,-0.11452569717084266,20.98,29.23,46.55,gsm8k,29.14,12.82,27.28,34.9,42.01,48.8576,18.6396,0.0005,,,16.0,False,False,True,,,,,,,,,2.4995272521364487,1.8100692116929957,0.6894580404434529,601.3785445512522,48.85697555541992,18.649400174617767,6.4311960983402665,13.240262071977353,0.06566222681146336,0.04646032652306666,0.07108126166666126,0.05023635362961235,0.06424190788287315
scl2_b0p8_r128_s42,scl2,42.0,scl2_b0p8_r128,b0p8,1.5335,0.1856837803185043,5.19,20.84,68.8,cs,9.74,0.64,23.68,31.66,38.46,91.4469,12.7089,,,,128.0,False,False,False,66.36,75.84,75.28,62.68,75.61,69.11,55.89,69.6,4.737948507331649,1.8520239240816387,2.8859245832500102,873.4029182116961,91.4530258178711,12.708789920806884,35.50867365701937,122.84886676081067,0.0930285477223199,0.041300290912130014,0.3139465081454775,0.023576621307113313,0.15360971977169596
qwsw_clora_k1024_lr2e5_s42,qwsw,42.0,qwsw_clora_k1024_lr2e5,clora,0.0846,-1.0726296369609765,37.44,50.59,81.08,cs,46.17,28.72,71.56,56.31,50.2,4.156,1.0533,2e-05,,1024.0,,False,False,True,62.32,89.12,79.12,83.61,83.5,86.07,79.27,85.6,,,,25.595125682657486,4.156968593597412,1.0541038716351459,2.1335174148058633,7.261837403731004,0.05279092944406729,0.03906455453571991,0.0871883623540033,0.0595755778859501,0.05198887935618103
lrsw_milora_r32_lr2e4_s42,lrsw,42.0,lrsw_milora_r32_lr2e4,milora,0.3976,-0.4005536242747243,25.84,34.26,75.12,cs,33.42,18.27,45.85,39.25,34.51,30.3015,11.5625,0.0002,,,32.0,False,False,True,70.52,82.21,61.51,80.72,80.82,80.09,66.89,78.2,2.1208472161447918,1.8520239240816387,0.26882329206315303,270.91584557283807,30.301494598388672,11.565177115797997,4.600287361948842,13.622630353114069,0.06619656833714951,0.10734603907093436,0.07835399416235438,0.1055660842289923,0.06747970312582408
mtx_clora_k2048_s42,mtx,42.0,mtx_clora_k2048,clora,0.343,-0.46470587995722945,25.08,33.46,79.84,cs,32.99,17.18,45.23,37.03,34.86,16.4603,8.3261,,,2048.0,,False,False,False,71.62,82.86,78.4,87.21,82.64,84.05,69.71,82.2,2.1728144437468657,1.8520239240816387,0.320790519665227,292.63149643570745,16.48900032043457,8.329097601771355,6.0161630586691714,18.88439725854286,0.054626305942943744,0.048652769064615124,0.060823571172386307,0.04856205361035453,0.052813792834955
lrsw_clora_k1024_lr2e5_s42,lrsw,42.0,lrsw_clora_k1024_lr2e5,clora,0.1347,-0.8706324042770144,26.38,36.54,50.43,cs,33.65,19.11,46.21,46.16,37.57,4.1109,1.4362,2e-05,,1024.0,,False,False,True,62.26,76.61,77.64,26.13,39.94,36.32,24.15,60.4,1.904461875668228,1.8520239240816387,0.05243795158658937,29.147859486935115,4.11720609664917,1.4374497406184674,2.1974242492602545,7.718178689237049,0.05779347342769848,0.04856340002406521,0.0956367120390321,0.06329755453218805,0.06449859899333671
qwsw_milora_r32_lr3e4_s44,qwsw,44.0,qwsw_milora_r32_lr3e4,milora,0.3854,-0.4140882896805658,34.5,42.96,86.43,cs,40.02,28.98,63.68,38.91,43.19,23.9255,8.1585,0.00030000000000000003,,,32.0,False,False,True,74.13,88.57,80.45,94.24,85.56,93.94,84.73,89.8,2.574999754017056,1.9346918347336524,0.6403079192834036,339.98524821527633,23.925193786621094,8.15918550321034,11.123700395437217,25.873222993025934,0.08815749503901872,0.20028866577872076,0.06205972185006622,0.1259378330660409,0.062331746930163086
fr_k410_v205_dE1_lr3e3,fr,,fr_k410_v205_dE1_lr3e3,k410,0.2358,-0.6274561992409297,26.77,,66.61,,35.01,18.53,,,,4.7373,2.4143,0.003,,410.0,,False,False,False,61.38,77.37,70.73,27.59,73.4,81.78,65.02,75.6,,,,,,,,,,,,,
qwsw_lora_null_r16_lr5e4_s43,qwsw,43.0,qwsw_lora_null_r16_lr5e4,lora_null,0.4113,-0.3858412904908249,33.51,42.07,85.33,cs,42.64,24.38,63.39,38.65,41.31,27.7894,11.164,0.0005,,,16.0,False,True,True,71.77,87.92,78.35,93.72,85.64,92.93,84.3,88.0,2.4986402520922026,1.9346918347336524,0.5639484173585503,467.0651191314853,27.824417114257812,11.16559409584318,9.267248032495653,15.55047029393318,0.12649176090096637,0.08574569865135474,0.06976105778211392,0.07004278117658302,0.07662311677724763
qwsw_milora_r32_lr3e4_s45,qwsw,45.0,qwsw_milora_r32_lr3e4,milora,0.3686,-0.433444669116945,34.58,42.71,83.48,cs,40.56,28.61,63.37,36.95,44.04,20.5731,7.9973,0.00030000000000000003,,,32.0,False,False,True,73.03,87.21,80.09,89.64,83.74,88.72,81.4,84.0,2.587157291296137,1.9346918347336524,0.6524654565624846,338.61072637360695,20.572851181030273,7.998636760030474,11.15068148144553,26.019879670662277,0.08871805804724645,0.20106136382880263,0.060148348133922294,0.1264715204406571,0.06160990997844809
b4_sclora_r32_lr5e4_s45,b4,45.0,b4_sclora_r32_lr5e4,sclora,0.9864,-0.005946936412324747,18.55,25.87,76.11,cs,27.51,9.59,24.34,35.41,32.49,98.6596,15.9125,0.0005,,,32.0,False,False,False,70.4,80.36,79.32,83.01,79.87,76.64,63.31,76.0,2.682742074597385,1.8100692116929957,0.8726728629043892,758.2458127147506,98.65767669677734,15.914102160930634,15.912269732459869,32.1289289383555,0.07557011468630295,0.04248275629650365,0.13360971310378544,0.03728240060509544,0.09441942061768561
frc_lorawd_wd0p2_lr3e4_c256_s45,frc,45.0,frc_lorawd_wd0p2_lr3e4_c256,lorawd,0.4284,-0.368150537840182,25.6,32.28,73.73,cs,32.62,18.58,36.42,39.33,34.47,24.4184,9.0334,0.00030000000000000003,0.2,,,False,False,True,62.2,83.08,71.55,85.81,84.21,70.33,56.83,75.8,2.075345191493657,1.8100692116929957,0.2652759798006612,305.0059616649948,24.41937255859375,9.03498727530241,7.332049808422929,20.446508172240588,0.07112993513932706,0.04704829605342863,0.07953684025616263,0.048441316011665646,0.06941640980091641
frc_lorawd_wd0p5_lr1e4_c256_s42,frc,42.0,frc_lorawd_wd0p5_lr1e4_c256,lorawd,0.2079,-0.6821455106685308,27.74,36.38,53.0,cs,35.02,20.46,47.53,43.43,35.47,14.552,4.497,0.0001,0.5,,,False,False,True,27.61,22.25,72.67,76.56,81.77,48.23,39.51,55.4,1.9398331171272543,1.8520239240816387,0.08780919304561552,101.01600381819323,14.573447227478027,4.498260725289583,3.014345074605508,9.52455908839074,0.07255269420465156,0.05136427935841543,0.09745045653919483,0.05124866957867784,0.07417573581181544
lrsw_clora_k1024_lr1e3_s43,lrsw,43.0,lrsw_clora_k1024_lr1e3,clora,1.051,0.02160271602824219,16.15,23.98,71.76,cs,23.41,8.89,23.74,32.08,31.77,36.6273,18.081,0.001,,1024.0,,False,False,True,66.09,77.48,77.43,72.23,77.35,72.05,56.48,75.0,2.875256478303452,1.8100692116929957,1.0651872666104565,872.2628274693362,36.62703323364258,18.08384871482849,16.24050843526017,28.052679792010764,0.06296712101923366,0.04618324686632216,0.06207534479686645,0.050508272722250336,0.060057302412081584
lrsw_dora_r16_lr5e3_s44,lrsw,44.0,lrsw_dora_r16_lr5e3,dora,1801.9299,3.2557378917288644,0.0,20.17,31.22,cs,0.0,0.0,23.71,25.85,51.27,57842.9141,9526.5521,0.005,,,16.0,True,False,True,39.08,48.15,34.24,5.87,47.28,23.86,26.11,25.2,7.995452011805136,1.8100692116929957,6.18538280011214,180895.6084572576,57958.1953125,9530.33679561615,1.7225291849499278,2.808989324192039,0.07002484315689242,0.05447438431278705,0.1061388954628702,0.05133412931988792,0.08001918165654294
qwswm_clora_k1024_lr2e5_s44,qwswm,44.0,qwswm_clora_k1024_lr2e5,clora,0.0305,-1.5157001606532141,43.6,53.55,50.72,gsm8k,47.55,39.66,71.97,51.45,57.14,2.1036,0.4404,2e-05,,1024.0,,False,True,True,,,,,,,,,1.954394715174452,1.9346918347336524,0.019702880440799708,13.306005915455465,2.1041407585144043,0.4406420118178565,4.096159743619309,16.77672831059412,0.06110594553530668,0.04247216648039639,0.07256094004580808,0.05460586461611173,0.05314883801775028
lora_wd0p3_full,lora,,lora_wd0p3_full,wd0p3,0.3475,-0.4590451910738673,26.41,,52.06,,33.34,19.48,,,,28.7327,7.0717,,0.3,,,False,False,False,62.17,63.11,44.83,92.03,84.37,27.78,26.62,15.6,,,,,,,,,,,,,
frc_lorawd_wd0_lr1e4_c256_s45,frc,45.0,frc_lorawd_wd0_lr1e4_c256,lorawd,0.2986,-0.5249101966109935,26.38,34.67,79.96,cs,33.42,19.33,45.41,40.36,34.83,23.7498,8.1026,0.0001,0.0,,,False,False,True,72.2,84.6,80.04,90.81,83.11,83.29,69.8,75.8,1.9909762277728722,1.8100692116929957,0.18090701607987647,184.66674998748462,23.798669815063477,8.10431960374117,3.1853788567104786,11.445505208352513,0.07023348541070262,0.048879616254431615,0.08407994869420052,0.0501138574695976,0.0697741882411487
lrsw_sclora_r32_lr1e3_s43,lrsw,43.0,lrsw_sclora_r32_lr1e3,sclora,1.7424,0.24114786241169975,8.57,20.97,61.97,cs,12.38,4.77,23.07,27.39,37.26,227.6883,27.5462,0.001,,,32.0,False,False,True,63.7,70.95,73.85,45.19,67.8,62.37,45.9,66.0,3.604309972889736,1.8100692116929957,1.7942407611967404,1389.7775169156366,227.68072509765625,27.547909915447235,17.61094894968834,31.56677019254213,0.08261671846173432,0.04496138308893581,0.1099382943432861,0.0461652536002831,0.09530542931647742
frm_lorawd_wd0_lr1e4_c256_s43,frm,43.0,frm_lorawd_wd0_lr1e4_c256,lorawd,0.4484,-0.34833439607706446,23.35,31.89,63.68,math_faithful,31.27,15.43,30.78,40.02,41.97,28.1931,9.6664,0.0001,0.0,,,False,False,True,,,,,,,,,2.3544705683447447,1.8520239240816387,0.5024466442631059,337.35415286047265,28.25014305114746,9.668113002181054,7.985133401572491,33.06581188077143,0.06625422192347205,0.04847220786512922,0.07267922722414837,0.05112799114717766,0.06487603261909233
qwsw_lora_r16_lr1e3_s42,qwsw,42.0,qwsw_lora_r16_lr1e3,lora,0.8243,-0.08391470015629725,7.28,22.54,79.19,cs,13.84,0.71,25.4,34.39,38.35,121.4454,20.4882,0.001,,,16.0,False,False,True,66.85,83.46,77.64,84.29,78.69,86.11,73.29,83.2,,,,899.6266142354547,121.44413757324219,20.487743935414723,10.604652008964775,15.350338414828997,0.12107418780973174,0.0942448279143025,0.06455824967531147,0.051173211828981914,0.0757963768733015
b4_lora_null_r16_lr2e5_s43,b4,43.0,b4_lora_null_r16_lr2e5,lora_null,0.1491,-0.8265223565470055,26.36,36.51,69.62,cs,34.0,18.72,44.22,47.27,38.33,2.7249,1.1755,2e-05,,,16.0,False,False,False,62.2,71.55,76.97,60.43,69.06,81.57,62.97,72.2,1.8444206401533239,1.8100692116929957,0.034351428460328126,27.805187108823002,2.7274324893951416,1.1760195516049863,3.990871328077852,13.613923771812997,0.21359971880898124,0.029714564501604628,0.14525737197542463,0.07304929267209039,0.1613907895868669
mtx_dora_r32_s42,mtx,42.0,mtx_dora_r32,dora,0.8614,-0.06479513257341868,22.24,30.81,77.54,cs,30.66,13.83,39.37,37.2,32.98,93.4467,18.6389,,,,32.0,False,False,False,69.42,83.51,79.43,77.61,82.16,81.61,67.15,79.4,2.4714492384722857,1.8520239240816387,0.619425314390647,611.8438523385291,93.44526672363281,18.641610684990884,7.280646364317023,20.971572618444796,0.07672515174811058,0.04612255417832378,0.07444873260878368,0.04965520187529561,0.07133400511450425
qwsw_lora_null_r16_lr2e5_s43,qwsw,43.0,qwsw_lora_null_r16_lr2e5,lora_null,0.0802,-1.0958256317158366,39.9,52.3,84.91,cs,46.34,33.46,72.31,57.42,51.96,2.8888,0.795,2e-05,,,16.0,False,False,True,62.57,88.85,79.63,93.87,83.19,94.78,88.99,87.4,1.9645275493766259,1.9346918347336524,0.02983571464297352,21.967814857967962,2.8903582096099854,0.7951844238276993,4.710517734587969,13.700706641132586,0.21092721541393142,0.0784566945694949,0.10674084316146397,0.12752925051079578,0.1295083193443511
frm_lorawd_wd0p5_lr3e4_c256_s42,frm,42.0,frm_lorawd_wd0p5_lr3e4_c256,lorawd,0.2306,-0.6371406970413198,25.3,34.0,66.94,math_faithful,32.91,17.69,35.98,41.72,41.71,22.7511,3.1264,0.00030000000000000003,0.5,,,False,False,True,,,,,,,,,2.0092055594945717,1.8520239240816387,0.15718163541293295,138.92415248135157,22.7511043548584,3.126664899289608,13.773118261170014,37.077702722841764,0.0804633738224799,0.048012681328640616,0.09602301840649084,0.04798391593702908,0.078347222964727
qwswm_milora_r32_lr5e4_s43,qwswm,43.0,qwswm_milora_r32_lr5e4,milora,0.3009,-0.5215778122599195,39.2,49.54,50.42,gsm8k,43.74,34.67,66.36,49.32,53.61,24.6495,6.0765,0.0005,,,32.0,False,False,True,,,,,,,,,,,,285.3803359818832,24.65636444091797,6.077438555870738,14.576774857380164,29.405639775769288,0.08929649935757303,0.17539364669942195,0.0576144174956676,0.12668337789752063,0.06164412507948612
qwswm_dora_r16_lr5e5_s42,qwswm,42.0,qwswm_dora_r16_lr5e5,dora,0.0513,-1.2898826348881838,43.3,53.2,64.82,gsm8k,46.41,40.18,72.14,50.09,57.19,3.8026,1.0858,5e-05,,,16.0,False,False,True,,,,,,,,,,,,25.43123471347529,3.806354522705078,1.0865276185529573,3.2164677274512647,8.957452554705101,0.1249355032495996,0.10496315893147119,0.07949432633174348,0.052733459346753886,0.07862262753025134
lrsw_clora_k1024_lr1e4_s43,lrsw,43.0,lrsw_clora_k1024_lr1e4,clora,0.2151,-0.6673595896125374,27.04,36.55,66.64,cs,34.86,19.23,47.16,45.05,36.44,10.9058,4.8473,0.0001,,1024.0,,False,False,True,61.47,70.67,78.45,36.58,73.24,74.79,59.13,78.8,1.9386421596299699,1.8100692116929957,0.12857294793697416,130.8485823859299,10.922808647155762,4.848399941623211,3.757276376784205,13.72533871754547,0.0620475223100889,0.051704734532454756,0.07340811452853359,0.05179676620198119,0.060151937378110566
qwswm_clora_k1024_lr2e5_s42,qwswm,42.0,qwswm_clora_k1024_lr2e5,clora,0.0301,-1.5214335044061567,43.42,53.36,53.07,gsm8k,47.17,39.67,71.95,51.11,56.9,2.1364,0.4365,2e-05,,1024.0,,False,False,True,,,,,,,,,,,,13.254381991527096,2.137171745300293,0.4367083776461316,4.0808412304680095,16.85268168316076,0.06100556514032388,0.04229719988971611,0.07176874292993111,0.05442651848697483,0.05281682761192193
qwsw_lorawd_wd0p3_lr3e4_s44,qwsw,44.0,qwsw_lorawd_wd0p3_lr3e4,lorawd,0.2114,-0.6748950170285926,40.53,47.47,84.84,cs,46.09,34.98,69.06,40.7,46.51,12.1376,4.4988,0.00030000000000000003,0.3,,,False,False,True,62.94,89.06,80.09,95.62,86.35,90.32,85.15,89.2,2.152314056510881,1.9346918347336524,0.21762222177722856,194.73076465435142,12.152814865112305,4.499371970977102,9.739487627011204,23.615812404094314,0.11467831377421904,0.09110716494061526,0.07436044211841493,0.04433440649971191,0.07196828564520973
frm_lorawd_wd0p1_lr3e4_c512_s42,frm,42.0,frm_lorawd_wd0p1_lr3e4_c512,lorawd,0.6735,-0.17166239994099558,22.98,31.62,64.97,math_faithful,31.87,14.09,30.27,36.69,45.2,69.9192,9.6254,0.00030000000000000003,0.1,,,False,False,True,,,,,,,,,2.4691632988154573,1.8520239240816387,0.6171393747338185,508.1483165632172,69.91600036621094,9.626029984652996,20.714023792349398,49.54267094058328,0.07322842057941123,0.04627968326089884,0.07761844606027915,0.04957098175900072,0.07097615260028292
qwsw_sclora_r32_lr2e5_s44,qwsw,44.0,qwsw_sclora_r32_lr2e5,sclora,0.117,-0.9318141382538383,39.8,48.15,86.64,cs,47.26,32.33,72.08,42.24,46.84,3.2573,0.9947,2e-05,,,32.0,False,False,True,72.23,90.32,79.63,93.06,85.16,94.91,87.2,90.6,2.009743263866679,1.9346918347336524,0.07505142913302665,38.96517722485298,3.261873245239258,0.9952104932495526,9.530776552073906,34.1466159168741,0.10339588094207967,0.13413026488596494,0.25966633454344396,0.027686021573139773,0.13558492228739147
frc_milora_a1r_lr5e4_c256_s42,frc,42.0,frc_milora_a1r_lr5e4_c256,milora,0.8396,-0.07592757008963717,20.76,28.84,76.81,cs,29.61,11.91,32.23,36.01,34.44,128.7314,20.6305,0.0005,,,,False,False,True,70.24,81.94,79.48,82.98,80.58,78.87,63.4,77.0,2.5996852616355084,1.8520239240816387,0.7476613375538697,705.6000161960968,128.7319793701172,20.63196446299553,9.069614761359706,20.871665833942455,0.07065112090559468,0.060949503724314055,0.06749006189695943,0.06792382175659514,0.0649434651542665
lrsw_lorawd_wd0p3_lr5e4_s45,lrsw,45.0,lrsw_lorawd_wd0p3_lr5e4,lorawd,0.4071,-0.3902988976206005,25.64,32.87,81.59,cs,32.21,19.08,41.49,38.99,32.59,37.3153,6.7927,0.0005,0.3,,,False,False,True,72.75,82.92,80.81,91.33,84.29,85.65,71.16,83.8,2.037566246678821,1.8520239240816387,0.18554232259718217,267.35890722752464,37.315208435058594,6.793118162453174,10.611306862412095,23.641400889281183,0.07458106497825,0.04627930673730472,0.08305532560015004,0.04794365281137088,0.0724225636695616
lrsw_clora_k1024_lr1e4_s44,lrsw,44.0,lrsw_clora_k1024_lr1e4,clora,0.2152,-0.6671577330056484,26.83,35.98,28.35,cs,34.27,19.39,46.38,43.94,35.9,12.7518,4.9072,0.0001,,1024.0,,False,False,True,58.01,39.83,26.56,27.13,23.28,18.52,14.08,19.4,1.99741652658866,1.8100692116929957,0.18734731489566436,131.20317514869927,12.764932632446289,4.908252172917128,3.73481449309712,13.609884898021958,0.0622457009821714,0.05163062456598743,0.07342023932999851,0.05158580528087042,0.06030393214314019
mtx_milora_r128_s42,mtx,42.0,mtx_milora_r128,milora,0.8708,-0.06008157963094326,19.56,26.81,76.93,cs,27.57,11.55,26.68,34.3,33.96,119.7859,17.1272,,,,128.0,False,False,False,70.37,80.58,78.3,83.24,80.82,78.83,64.93,78.4,2.8087156493319627,1.8520239240816387,0.956691725250324,717.1676727278885,119.78829956054688,17.128182980418206,16.43799354865837,59.07537488072444,0.07200461305319826,0.08818724421270721,0.06832812413525387,0.0996098252168198,0.06659963400144897
qwswm_lora_null_r16_lr2e4_s44,qwswm,44.0,qwswm_lora_null_r16_lr2e4,lora_null,0.0852,-1.0695604052332999,43.5,53.53,75.66,gsm8k,46.09,40.92,72.01,52.05,56.57,7.5851,2.2581,0.0002,,,16.0,False,False,True,,,,,,,,,2.005776221859439,1.9346918347336524,0.07108438712578646,88.38239741719818,7.594475269317627,2.258547717971461,8.819337768212506,18.795869444373757,0.17630557209543238,0.0779249780200697,0.0835342873091662,0.12453137733072517,0.09974855413243043
qwswm_sclora_r32_lr1e3_s44,qwswm,44.0,qwswm_sclora_r32_lr1e3,sclora,0.8708,-0.06008157963094326,6.56,22.01,3.26,gsm8k,12.7,0.41,23.62,26.71,46.62,69.8089,14.1688,0.001,,,32.0,False,False,True,,,,,,,,,4.073955309372393,1.9346918347336524,2.139263474638741,845.8487849193104,69.80889129638672,14.170666646957397,19.491398170027512,34.24260353591904,0.13472208760811777,0.08782328897965795,0.1284385591759225,0.0433250972728845,0.1118879830555468
mtx_sclora_b0p1_s43,mtx,43.0,mtx_sclora_b0p1,sclora,1.4426,0.15914592785404733,10.9,22.96,74.28,cs,21.73,0.07,23.61,34.9,34.51,44.9658,13.5596,,,,,False,False,False,69.3,80.85,78.61,67.47,80.19,77.95,62.46,77.4,4.222253674844924,1.8520239240816387,2.3702297507632855,574.2271782623546,44.96689987182617,13.560071712732315,11.633495671474842,32.58591039546069,0.11281562694558192,0.041204838283243145,0.4659262716867113,0.01987324168873722,0.19541261157441284
qwswm_lora_r16_lr1e3_s44,qwswm,44.0,qwswm_lora_r16_lr1e3,lora,0.5801,-0.236497134532403,8.38,32.49,32.07,gsm8k,15.74,1.01,52.59,40.87,52.25,41.5107,15.0621,0.001,,,16.0,False,False,True,,,,,,,,,2.7941923194764895,1.9346918347336524,0.8595004847428371,703.2745009414028,41.510372161865234,15.06129674400602,11.373947319172517,15.487197798780164,0.1085565848307039,0.09143265049424801,0.0615438178908075,0.04790918811127742,0.0676420702004365
lrsw_milora_r32_lr1e3_s44,lrsw,44.0,lrsw_milora_r32_lr1e3,milora,1.5127,0.17975280689749815,14.84,24.17,65.2,cs,21.87,7.8,23.07,31.4,36.69,244.543,28.1704,0.001,,,32.0,False,False,True,63.85,72.91,74.26,55.14,72.22,64.6,50.6,68.0,3.198534623921109,1.8100692116929957,1.3884654122281133,1290.7323887517707,244.54440307617188,28.172676306962966,15.014835019010578,27.138656644059427,0.07748179374379215,0.049308825520239304,0.06851534563324034,0.05509922315714333,0.07071819960118324
frm_lorawd_wd0p1_lr5e4_c256_s44,frm,44.0,frm_lorawd_wd0p1_lr5e4_c256,lorawd,0.911,-0.04048162302700174,19.49,27.93,60.88,math_faithful,28.78,10.2,24.75,32.25,43.66,103.7646,11.867,0.0005,0.1,,,False,False,True,,,,,,,,,2.8275917051851303,1.8100692116929957,1.0175224934921345,684.7756045645464,103.76202392578125,11.867262864112854,25.377730780518743,53.899155388708905,0.07906040250000164,0.0452156546282121,0.08499342086735454,0.04843626016465976,0.07790710575275044
frc_lorawd_wd0p1_lr1e3_c256_s42,frc,42.0,frc_lorawd_wd0p1_lr1e3_c256,lorawd,0.9814,-0.008153946355103294,19.27,27.32,73.15,cs,28.21,10.33,28.75,33.79,35.5,127.2283,15.3392,0.001,0.1,,,False,False,True,66.97,79.33,77.43,78.95,77.58,73.27,59.3,72.4,2.5112363556935047,1.8520239240816387,0.6592124316118659,714.4789430025926,127.22618865966797,15.340968361496925,15.389150862234096,28.447923995631132,0.0788278500705529,0.04575160845081411,0.07621107611637468,0.04985359706037853,0.07428850418196953
mtx_clora_k512_s43,mtx,43.0,mtx_clora_k512,clora,0.5307,-0.2751509123706145,24.17,32.3,76.0,cs,32.42,15.92,40.63,37.71,34.82,23.8262,11.228,,,512.0,,False,False,False,71.71,82.48,77.64,63.01,82.95,81.86,67.32,81.0,2.320112530708046,1.8520239240816387,0.46808860662640717,427.0326432869383,23.829015731811523,11.22950586527586,8.12770960630311,23.21686079647363,0.06092745930115572,0.04651580708563719,0.06530611236761066,0.04885659093760519,0.058793525399052866
lrswm_sclora_r32_lr5e5_s44,lrswm,44.0,lrswm_sclora_r32_lr5e5,sclora,0.2717,-0.5659103615821093,24.88,33.1,59.29,math_faithful,33.16,16.61,27.07,45.56,43.11,6.9303,2.2263,5e-05,,,32.0,False,False,True,,,,,,,,,2.0109179010839537,1.8100692116929957,0.200848689390958,84.46731698322161,6.930694103240967,2.2268155451864002,10.013827690898886,34.126995958687175,0.10145144861045861,0.036718861615041655,0.5275700875963046,0.008825578950757536,0.18703066322592277
lrswm_lorawd_wd0p3_lr5e4_s43,lrswm,43.0,lrswm_lorawd_wd0p3_lr5e4,lorawd,0.4031,-0.39458720184694884,24.12,33.45,52.01,gsm8k,31.82,16.41,37.44,40.02,41.55,32.3728,7.3374,0.0005,0.3,,,False,False,True,,,,,,,,,2.1713134127229474,1.8100692116929957,0.3612442010299517,287.95895336315044,32.3723030090332,7.337924365699291,9.82299715714525,23.621879566150685,0.07160941755908654,0.04762688115238337,0.08139524596160211,0.049063114992533505,0.07039782031216564
lrsw_sclora_r32_lr5e4_s42,lrsw,42.0,lrsw_sclora_r32_lr5e4,sclora,1.8222,0.26059604230190886,3.6,19.94,70.33,cs,7.2,0.0,23.23,30.55,38.73,51.0579,18.6489,0.0005,,,32.0,False,False,True,66.27,76.28,77.28,65.56,76.16,71.0,56.48,73.6,5.803522692947161,1.8520239240816387,3.9514987688655223,858.1838725439162,51.05805206298828,18.65109044611454,14.16849062085145,33.06004447034645,0.10470550825714017,0.04280027545513028,0.3380244921798371,0.029113863071844416,0.1704358144904157
lrsw_lora_null_r16_lr5e4_s45,lrsw,45.0,lrsw_lora_null_r16_lr5e4,lora_null,0.701,-0.15428198203334137,20.62,27.09,78.66,cs,30.43,10.8,25.52,36.09,32.63,52.1815,16.0555,0.0005,,,16.0,False,False,True,71.8,82.32,79.84,87.68,81.53,81.02,66.72,78.4,2.3774814767183594,1.8100692116929957,0.5674122650253637,576.132928392812,52.18132019042969,16.057163605093955,8.283312481482561,15.78031936853349,0.11356645227002288,0.04149836172029287,0.09053293654954077,0.05656736705742943,0.0929926717037483
frc_lorawd_wd0p2_lr2e4_c256_s45,frc,45.0,frc_lorawd_wd0p2_lr2e4_c256,lorawd,0.3554,-0.4492825765307173,26.53,33.99,81.56,cs,34.93,18.13,41.85,40.19,34.86,23.9597,8.5588,0.0002,0.2,,,False,False,True,72.51,83.84,79.32,90.14,85.56,85.44,72.7,83.0,2.0203815025027128,1.8100692116929957,0.21031229080971703,240.09297115423092,23.98535919189453,8.563542234897614,4.928544734230888,16.13736207329388,0.07095031360656032,0.04789376279682226,0.08237449493953078,0.048594316049812736,0.06997181629548452
qwswm_lora_null_r16_lr3e4_s44,qwswm,44.0,qwswm_lora_null_r16_lr3e4,lora_null,0.1169,-0.9321854888381599,42.37,53.06,76.04,gsm8k,42.79,41.95,71.59,52.13,56.83,9.8746,3.1869,0.00030000000000000003,,,16.0,False,False,True,,,,,,,,,2.0301338911287696,1.9346918347336524,0.09544205639511727,130.45558967826506,9.885577201843262,3.1875047436782293,9.552548301286642,18.216114646036253,0.1563220499722095,0.08181118699134346,0.07831775299588015,0.11438456223443956,0.09155372047189124
frc_lora_null_lr3e4_c256_s45,frc,45.0,frc_lora_null_lr3e4_c256,lora_null,0.7717,-0.11255149975004629,18.09,26.53,78.23,cs,29.07,7.11,27.94,36.43,32.1,54.7348,14.7376,0.00030000000000000003,,,,False,False,True,70.7,82.48,79.07,86.91,82.95,79.76,65.19,78.8,2.5826145832020866,1.8100692116929957,0.7725453715090909,653.8094259935509,54.734283447265625,14.738915112614631,13.117555224278144,30.356678110389986,0.09247680019131856,0.04280233211628313,0.10272345345271591,0.060452358676838076,0.08859416122140899
lrswm_sclora_r32_lr2e5_s43,lrswm,43.0,lrswm_sclora_r32_lr2e5,sclora,0.1591,-0.7983298203534185,26.03,33.58,39.8,gsm8k,34.02,18.04,29.07,46.59,40.16,3.7082,1.2159,2e-05,,,32.0,False,False,True,,,,,,,,,1.9615557787749875,1.8100692116929957,0.15148656708199182,43.44721168974506,3.709291696548462,1.2163448486477138,9.046061049564631,32.85552203203711,0.1020896494742755,0.03645138015058861,0.543617521543999,0.007795969109144662,0.19230895789751068
mtx_lora_r128_s44,mtx,44.0,mtx_lora_r128,lora,1.2579,0.09964611712323065,16.09,24.29,69.91,cs,24.05,8.13,23.29,31.83,34.14,154.7756,20.2751,,,,128.0,False,False,False,66.94,75.68,75.95,67.57,75.14,70.62,53.75,73.6,3.3334873089966015,1.8520239240816387,1.4814633849149628,1031.091781594728,154.77743530273438,20.275773441791536,20.538617131050987,69.70175449024916,0.07659718615387694,0.046143428250691614,0.07058111274098659,0.05071311957562187,0.0703944091695001
frc_clora_k2048_lr3e4_c256_s44,frc,44.0,frc_clora_k2048_lr3e4_c256,clora,0.349,-0.4571745730408201,25.22,34.3,65.73,cs,33.6,16.83,44.37,41.04,35.66,16.2213,8.3797,0.00030000000000000003,,2048.0,,False,False,True,71.47,79.49,70.32,51.77,77.11,62.58,44.11,69.0,2.170068059809116,1.8520239240816387,0.31804413572747725,293.0027290727127,16.23766326904297,8.383588828146458,5.967829816887521,18.89431685301264,0.054416378923452,0.04841763487986666,0.061016295261152945,0.0489414743946968,0.05280340794288566
lrswm_milora_r32_lr1e4_s44,lrswm,44.0,lrswm_milora_r32_lr1e4,milora,0.2587,-0.5872035712834566,25.72,34.16,40.94,gsm8k,33.24,18.2,31.93,44.45,42.98,9.9297,4.8501,0.0001,,,32.0,False,False,True,,,,,,,,,2.0106139866442483,1.8100692116929957,0.20054477495125256,102.56880055011602,9.92978286743164,4.8511753007769585,3.795298078802839,12.256991833930176,0.05976110795077278,0.1894442180166325,0.08540513155071652,0.15918801074473943,0.06591444001604127
frm_dora_lr3e4_c256_s44,frm,44.0,frm_dora_lr3e4_c256,dora,2.8788,0.45921149401545547,18.01,26.71,59.06,math_faithful,27.15,8.87,23.16,27.99,46.37,732.192,31.5922,0.00030000000000000003,,,,False,False,True,,,,,,,,,3.963831059076308,1.8100692116929957,2.1537618473833122,1681.3404284651472,732.1736450195312,31.592706260085105,19.17021904835263,45.57699831311923,0.12092184889083102,0.0436328827549423,0.10185044037369817,0.04850223668010857,0.10795722566784745
frc_lora_r8_lr3e4_c256_s42,frc,42.0,frc_lora_r8_lr3e4_c256,lora,0.5178,-0.28583795390114675,23.96,32.86,78.99,cs,31.45,16.47,43.36,39.42,33.58,45.3324,16.5292,0.00030000000000000003,,,8.0,False,False,True,70.8,82.75,79.02,84.52,82.08,83.25,69.28,80.2,2.1173458292370713,1.8520239240816387,0.2653219051554325,375.9032337262316,45.39985275268555,16.533666971325875,3.1781287763907304,6.19418474715024,0.06685460397127033,0.04618126489988143,0.07489202469061816,0.04893360626786317,0.06605398746864272
qwsw_milora_r32_lr5e4_s44,qwsw,44.0,qwsw_milora_r32_lr5e4,milora,0.5639,-0.2487979054116469,10.72,30.57,83.47,cs,14.04,7.39,53.53,38.82,39.09,32.6142,11.6002,0.0005,,,32.0,False,False,True,70.64,87.27,80.14,87.35,84.14,90.78,80.8,86.6,2.861993156986659,1.9346918347336524,0.9273013222530064,561.4809334123271,32.61311721801758,11.60217519572803,14.139547558734268,27.634320287592157,0.0996370909767429,0.14200337730909018,0.0605465182369687,0.0892329107502733,0.06574307381134459
uioW4_k512_v64_dE0_lr3e3,other,,uioW4_k512_v64_dE0_lr3e3,k512,0.98,-0.00877392430750515,16.65,,53.42,,29.28,4.02,,,,17.75,4.7896,0.003,,512.0,,False,False,False,62.2,65.45,58.85,27.02,52.09,64.77,43.77,53.2,,,,,,,,,,,,,
qwswm_lora_r16_lr5e5_s44,qwswm,44.0,qwswm_lora_r16_lr5e5,lora,0.0513,-1.2898826348881838,43.79,53.58,55.57,gsm8k,47.66,39.92,72.16,51.02,57.16,3.706,1.0833,5e-05,,,16.0,False,False,True,,,,,,,,,1.96547976606459,1.9346918347336524,0.0307879313309376,25.493023903862326,3.7094972133636475,1.0841460103435177,3.223194714879035,9.037801438841623,0.12413717214424369,0.10427684833519558,0.08011008737306241,0.052441726699209566,0.07860755511645719
qwsw_lora_r16_lr5e5_s42,qwsw,42.0,qwsw_lora_r16_lr5e5,lora,0.1225,-0.9118639112994488,37.22,48.36,85.96,cs,42.79,31.65,71.66,45.82,49.86,9.8571,2.6585,5e-05,,,16.0,False,False,True,68.44,89.17,79.63,95.01,85.48,94.36,86.6,89.0,,,,56.49946725447392,9.872345924377441,2.660325311124325,2.1871134227705724,5.774892894975349,0.11187797122308116,0.09290201297245138,0.09151169492318584,0.05262907216680733,0.0754164109067921
qwsw_sclora_r32_lr1e4_s44,qwsw,44.0,qwsw_sclora_r32_lr1e4,sclora,0.3024,-0.5194182131708311,37.88,44.26,87.05,cs,43.22,32.54,65.65,38.48,41.43,8.7536,2.9751,0.0001,,,32.0,False,False,True,74.59,89.01,80.55,92.08,86.03,95.92,88.23,90.0,,,,158.2891192163389,8.753891944885254,2.9755049582038606,14.492071436440373,37.71149273239478,0.10283733676604928,0.12336035774530452,0.2276422613639385,0.027616342623469844,0.1246346962453939
frc_lora_null_lr5e4_c256_s42,frc,42.0,frc_lora_null_lr5e4_c256,lora_null,1.2055,0.08116721471347248,16.43,24.18,71.16,cs,26.0,6.86,23.76,32.34,31.96,159.5775,21.7528,0.0005,,,,False,False,True,67.0,78.13,76.41,61.53,78.77,73.61,59.04,74.8,2.964560673775605,1.8520239240816387,1.1125367496939664,1036.1546520182694,159.5753631591797,21.75497716665268,16.256593855388637,30.552332108639213,0.08666960928367926,0.0439881957730383,0.08857589960996148,0.05770873675943981,0.08330282766695898
qwsw_milora_r32_lr2e4_s44,qwsw,44.0,qwsw_milora_r32_lr2e4,milora,0.2863,-0.5431786519784014,36.72,44.92,86.96,cs,42.33,31.12,67.69,38.99,44.49,14.5147,5.6632,0.0002,,,32.0,False,False,True,74.13,88.79,79.53,94.92,85.95,94.99,87.54,89.8,2.4078556226659553,1.9346918347336524,0.47316378793230296,217.10698291936623,14.514616966247559,5.663951851640429,9.652565966546453,25.257310525745908,0.07837534048404951,0.26206283685513426,0.061716432440422096,0.16510346104195692,0.05867989661404158
frc_lorawdr16_wd0p3_lr5e4_c256_s46,frc,46.0,frc_lorawdr16_wd0p3_lr5e4_c256,lorawdr16,0.3634,-0.4396150770279845,26.86,35.2,81.39,cs,33.88,19.83,45.46,41.04,35.79,25.7945,6.5124,0.0005,0.3,,,False,False,True,72.2,84.55,80.3,90.12,84.85,85.35,69.54,84.2,1.9399815325319725,1.8100692116929957,0.12991232083897675,217.94079199382276,25.794313430786133,6.514807586371899,7.014337104782068,13.2173934353928,0.07188739866766629,0.04666047230625869,0.08562506149907996,0.048145391171852486,0.0714996850577745
qwswm_lora_r32_lr5e5_s44,qwswm,44.0,qwswm_lora_r32_lr5e5,lora,0.0519,-1.2848326421515421,44.14,54.0,57.01,gsm8k,47.2,41.07,72.29,51.11,58.31,3.6591,1.1263,5e-05,,,32.0,False,False,True,,,,,,,,,1.97586196854011,1.9346918347336524,0.04117013380645762,31.420567403952724,3.6598169803619385,1.1268331940685,5.037758872898658,18.356047890063483,0.12548829655173593,0.10565564394641108,0.07245382859461437,0.05352265863065971,0.07679357292504055
qwsw_lorawd_wd0p3_lr5e5_s44,qwsw,44.0,qwsw_lorawd_wd0p3_lr5e5,lorawd,0.107,-0.9706162223147904,39.31,49.65,85.78,cs,45.89,32.73,71.74,49.15,48.75,9.1575,2.4351,5e-05,0.3,,,False,False,True,69.79,89.55,79.94,95.12,85.16,91.2,86.09,89.4,2.0103913315852187,1.9346918347336524,0.0756994968515663,58.37334232690189,9.166462898254395,2.4361430659890173,2.819590856785123,9.802594568926493,0.11303272945666586,0.09331443936505408,0.08818696854020322,0.0511470173723827,0.07544563944480082
mtx_lorawd_wd0p01_s44,mtx,44.0,mtx_lorawd_wd0p01,lorawd,0.7009,-0.15434394001645568,22.24,29.31,78.97,cs,29.7,14.78,31.14,37.63,33.29,57.507,16.9753,,0.01,,,False,False,False,71.41,82.1,79.58,87.78,82.4,82.11,66.55,79.8,2.4331283658559992,1.8520239240816387,0.5811044417743605,572.0971877237031,57.506248474121094,16.976753228902815,7.515840867445459,21.554430715097048,0.06954312731183669,0.046330994204489,0.07097604783018498,0.04971910647937668,0.06606993669482344
lrswm_lorawd_wd0p3_lr3e4_s43,lrswm,43.0,lrswm_lorawd_wd0p3_lr3e4,lorawd,0.3462,-0.4606729364606249,25.28,33.73,51.02,gsm8k,32.07,18.48,35.56,42.32,40.23,17.4034,6.8925,0.00030000000000000003,0.3,,,False,False,True,,,,,,,,,2.077228152278935,1.8100692116929957,0.26715894058593936,225.9813537985523,17.412322998046875,6.89434150159359,6.602396422670832,19.40036146919324,0.06863940643762029,0.04950682877217956,0.08005117842939219,0.049620850881976264,0.06804003085103627
lrsw_lorawd_wd0p3_lr1e3_s43,lrsw,43.0,lrsw_lorawd_wd0p3_lr1e3,lorawd,0.4612,-0.33611070137733856,25.72,32.29,69.99,cs,32.93,18.5,38.79,37.97,33.25,51.5255,7.1468,0.001,0.3,,,False,False,True,71.38,49.4,80.81,87.82,55.64,77.02,60.84,77.0,2.0059792520030992,1.8100692116929957,0.1959100403101035,294.0488281130672,51.52444076538086,7.147204205393791,11.67030194465865,25.50985148672601,0.07641125977887739,0.04514157736914186,0.08384102108091585,0.047789067456447704,0.07488030684430115
frm_lorawd_wd0p3_lr3e4_c512_s43,frm,43.0,frm_lorawd_wd0p3_lr3e4_c512,lorawd,0.3202,-0.4945786724167191,25.04,35.29,68.84,math_faithful,32.87,17.21,39.62,41.38,45.39,32.0554,4.5359,0.00030000000000000003,0.3,,,False,False,True,,,,,,,,,2.070758888456304,1.8100692116929957,0.26068967676330845,218.90662933962236,32.0551872253418,4.536258394271135,16.731013833319327,43.165057199907615,0.0776733461217837,0.04713508826669093,0.08840323240581688,0.04842882817761315,0.07546775537606162
a5_k1024_v128_dE0_lr1e3,a5,,a5_k1024_v128_dE0_lr1e3,k1024,0.1679,-0.7749493038619513,26.3,,53.6,,36.86,15.74,,,,2.5631,1.3992,0.001,,1024.0,,False,False,False,60.4,43.42,68.01,19.86,49.17,71.55,51.62,64.8,,,,,,,,,,,,,
qwsw_lorawd_wd0p3_lr5e4_s43,qwsw,43.0,qwsw_lorawd_wd0p3_lr5e4,lorawd,0.245,-0.6108339156354675,40.53,46.47,87.51,cs,47.12,33.95,68.44,38.91,43.91,10.4714,4.5763,0.0005,0.3,,,False,False,True,72.51,89.93,81.12,95.67,86.27,94.91,87.46,92.2,2.1657001135567455,1.9346918347336524,0.23100827882309316,223.3222044278213,10.473299980163574,4.576745037095887,12.771828143235394,26.542344551898353,0.1151236049840381,0.09014028883559963,0.07445227119982711,0.04402444447187462,0.07292943254585448
frm_lorawd_wd0p3_lr1e4_c256_s43,frm,43.0,frm_lorawd_wd0p3_lr1e4_c256,lorawd,0.2421,-0.6160052105582672,25.36,34.27,65.73,math_faithful,33.01,17.72,35.02,44.45,41.16,14.6565,4.4823,0.0001,0.3,,,False,False,True,,,,,,,,,2.006794444670346,1.8100692116929957,0.19672523297735034,150.10038590614036,14.660045623779297,4.482993286848068,7.228805808172959,28.027247500142643,0.07121115285204531,0.05068953614789026,0.0857918668293798,0.049951131045209866,0.07087621460789237
frm_lorawd_wd0p1_lr7e4_c256_s42,frm,42.0,frm_lorawd_wd0p1_lr7e4_c256,lorawd,1.1891,0.0752183791115354,17.8,27.35,57.09,math_faithful,27.31,8.29,25.32,30.72,45.09,98.4568,13.8005,0.0007,0.1,,,False,False,True,,,,,,,,,3.3940878218198804,1.8520239240816387,1.5420638977382417,837.6192714977627,98.45304870605469,13.800729781389236,26.671321584824447,54.643752758911745,0.08078959860009517,0.04504386650267424,0.0923808588966176,0.04809701128677249,0.08300247782082629
lrswm_clora_k1024_lr2e4_s44,lrswm,44.0,lrswm_clora_k1024_lr2e4,clora,0.2513,-0.5998075114074239,24.44,32.33,45.56,gsm8k,31.85,17.02,27.18,42.83,42.75,14.3307,5.6394,0.0002,,1024.0,,False,False,True,,,,,,,,,2.0915205842765294,1.8100692116929957,0.2814513725835337,194.72551271939534,14.331428527832031,5.64223414696753,6.105864519758051,19.963542064559746,0.05973781204458169,0.050407990766780465,0.06654540769200612,0.04982573247800116,0.05690734542296187
qwsw_clora_k1024_lr5e5_s42,qwsw,42.0,qwsw_clora_k1024_lr5e5,clora,0.0957,-1.0190880622231564,39.06,50.77,86.17,cs,46.29,31.82,71.28,54.69,49.77,7.7222,2.1191,5e-05,,1024.0,,False,False,True,65.17,89.88,79.32,94.32,85.16,95.88,88.05,91.6,,,,60.98701969494296,7.72450590133667,2.1197941377410774,3.1319881449726363,11.79259031084057,0.05832956031909805,0.04199121950650255,0.0740386698430358,0.05123598984777431,0.04994546938328355
frc_lorawd_wd0p2_lr3e4_c256_s42,frc,42.0,frc_lorawd_wd0p2_lr3e4_c256,lorawd,0.4227,-0.3739677521709811,26.05,33.7,81.82,cs,33.97,18.13,42.22,38.99,35.18,29.873,9.0552,0.00030000000000000003,0.2,,,False,False,True,72.39,84.39,80.45,90.5,84.61,86.41,72.44,83.4,2.111981535577303,1.8520239240816387,0.2599576114956643,304.92973669269327,29.872350692749023,9.056651005148888,7.364362336418906,20.405362343593666,0.07092578216454393,0.047236975690837395,0.08000503762704964,0.048399937122371096,0.06957836580238674
uioW4_k2048_v410_dE0_lr3e3,other,,uioW4_k2048_v410_dE0_lr3e3,k2048,0.7785,-0.10874138309586093,22.81,,31.92,,32.12,13.5,,,,7.0053,2.4916,0.003,,2048.0,,False,False,False,58.07,38.14,13.25,26.79,56.83,25.29,16.21,20.8,,,,,,,,,,,,,
lrsw_clora_k1024_lr3e4_s43,lrsw,43.0,lrsw_clora_k1024_lr3e4,clora,0.4473,-0.349401101827343,24.64,32.08,60.07,cs,33.11,16.18,40.93,37.2,32.96,20.8758,9.8265,0.00030000000000000003,,1024.0,,False,False,True,63.79,53.21,56.96,50.52,82.24,62.04,51.62,60.2,2.273173319485963,1.8520239240816387,0.42114939540432417,370.9764654229884,20.8794002532959,9.828248380124569,7.63274083783963,22.25960131454787,0.05858987262028093,0.04734892063884715,0.06381759807819581,0.048577042837278726,0.05662326772766995
lrsw_milora_r32_lr1e4_s43,lrsw,43.0,lrsw_milora_r32_lr1e4,milora,0.2508,-0.6006724678413211,27.42,36.85,72.93,cs,35.28,19.56,48.63,44.71,36.07,12.9602,6.0222,0.0001,,,32.0,False,False,True,71.44,84.06,73.29,90.38,81.45,60.52,53.67,68.6,1.93380291028227,1.8100692116929957,0.1237336985892743,121.76916491107522,12.96022891998291,6.022694544494152,3.4963203883135376,11.101652904661856,0.0636127099247216,0.1630769932126598,0.08701710063553648,0.14715601949667903,0.06909414911768295
qwswm_lora_null_r16_lr1e3_s42,qwswm,42.0,qwswm_lora_null_r16_lr1e3,lora_null,0.3938,-0.40472428819790063,38.58,49.31,72.86,gsm8k,45.45,31.7,64.68,50.09,54.64,29.2563,10.0337,0.001,,,16.0,False,False,True,,,,,,,,,,,,468.9759839802665,29.30842399597168,10.034594965832573,11.540133742458167,16.351911969390134,0.11472160234748428,0.09104208945094928,0.06475366889741727,0.07123597454656616,0.07349331510309955
frc_lorawd_wd0_lr7e4_c256_s42,frc,42.0,frc_lorawd_wd0_lr7e4_c256,lorawd,1.4951,0.17467024148704727,16.32,24.59,65.53,cs,25.74,6.9,23.01,32.25,35.07,247.0611,28.0461,0.0007,0.0,,,False,False,True,62.97,74.48,76.77,57.53,70.64,64.39,50.85,66.6,3.2280783996899927,1.8520239240816387,1.376054475608354,1307.0033793107739,247.0572509765625,28.049109822511674,15.360338517544866,28.116924296613423,0.07912313652363392,0.046198253653120046,0.06879965320874744,0.051620581638465377,0.07134071656215198
lrsw_dora_r16_lr2e3_s44,lrsw,44.0,lrsw_dora_r16_lr2e3,dora,358.2287,2.5541603770247985,0.0,19.84,37.63,cs,0.0,0.0,25.42,22.27,51.52,9275.7334,2035.091,0.002,,,16.0,True,False,True,62.05,50.54,33.42,23.2,52.41,25.97,26.45,27.0,7.4670822585728756,1.8100692116929957,5.65701304687988,37494.03756596695,9291.1279296875,2035.7207065582274,1.680165062334952,2.797492006915353,0.07117995289204972,0.054274716642642065,0.09961701370712746,0.05290998137277642,0.07791359223422899
e1_sclora_f080_s43,e1,43.0,e1_sclora_f080,sclora,0.8594,-0.06580465065211559,20.52,27.43,77.84,cs,29.24,11.79,23.31,39.25,33.54,61.0449,11.5083,,,,,False,False,False,70.09,82.21,79.12,81.66,80.66,82.45,66.13,80.4,,,,563.7417283732383,61.0433349609375,11.509424233436585,16.274732149009594,32.81387199832523,0.08128870004058592,0.042325509466925815,0.17717886114875953,0.035247154968051975,0.1111988705618204
frm_lora_null_lr2e4_c256_s42,frm,42.0,frm_lora_null_lr2e4_c256,lora_null,0.8823,-0.05438372077326824,18.64,27.55,62.17,math_faithful,28.2,9.08,23.64,32.94,43.88,85.7944,13.2719,0.0002,,,,False,False,True,,,,,,,,,3.1377991392504962,1.8520239240816387,1.2857752151688575,792.4817336969265,85.79290771484375,13.272152826189995,25.771281931937217,62.01366734540814,0.08953649800356614,0.042428761714439385,0.09412170909504419,0.058975974948326196,0.085348019389962
mtx_lorawd_wd1p0_s43,mtx,43.0,mtx_lorawd_wd1p0,lorawd,0.1678,-0.7752080435073185,27.5,35.42,79.68,cs,34.93,20.07,45.39,40.96,35.77,10.0952,2.7518,,1.0,,,False,False,False,62.17,82.92,79.02,89.24,84.06,86.36,71.84,81.8,1.9036300190861162,1.8520239240816387,0.05160609500447744,79.73395343662916,10.09521770477295,2.7527878887951376,5.137296682011375,13.395174736842561,0.07607565576139282,0.050326455621315894,0.10610940626880667,0.05157110189448635,0.0792917314372538
lrsw_sclora_r32_lr2e5_s44,lrsw,44.0,lrsw_sclora_r32_lr2e5,sclora,0.166,-0.7798919119599449,27.02,36.58,19.93,cs,35.2,18.85,47.74,44.2,36.89,3.1188,1.3397,2e-05,,,32.0,False,False,True,45.93,5.98,16.02,40.09,5.45,12.46,9.9,23.6,1.9588381435308448,1.8100692116929957,0.14876893183784912,41.799529974183834,3.119044542312622,1.3401746649295092,7.556897431981433,31.659363644701,0.09324786899194148,0.03655212185703695,0.4121625029558899,0.010734163633959596,0.17052000074265586
frc_lorawd_wd0p3_lr1e4_c256_s43,frc,43.0,frc_lorawd_wd0p3_lr1e4_c256,lorawd,0.2342,-0.6304131092636557,27.51,36.1,69.86,cs,34.51,20.51,47.16,41.98,36.33,15.2793,5.5937,0.0001,0.3,,,False,False,True,10.37,64.31,79.02,85.53,82.95,84.81,71.08,80.8,1.9212039671131107,1.8100692116929957,0.11113475542011497,125.24051199093564,15.300626754760742,5.5948214650154116,3.03425500834485,10.201800970885307,0.07230952907185054,0.050058359883110484,0.09213550378990468,0.05039657172982871,0.07280275341125529
frm_lorawd_wd0p1_lr2e4_c512_s44,frm,44.0,frm_lorawd_wd0p1_lr2e4_c512,lorawd,0.503,-0.29843201494407257,23.51,31.23,66.79,math_faithful,32.3,14.72,27.27,37.63,44.25,49.886,8.5436,0.0002,0.1,,,False,False,True,,,,,,,,,2.303797264964866,1.8100692116929957,0.4937280532718702,395.9128005433031,49.885929107666016,8.5445990011096,14.861271576198943,43.469169115392354,0.06987478997499512,0.047584353724935274,0.0752177924229262,0.05021080947941313,0.06793499049311609
frc_sclora_lr1e4_c256_s44,frc,44.0,frc_sclora_lr1e4_c256,sclora,0.5864,-0.23180603836692842,21.17,27.79,79.19,cs,30.7,11.64,25.43,37.12,34.08,17.2249,6.6245,0.0001,,,,False,False,True,71.9,82.81,78.61,82.42,83.58,84.34,68.69,81.2,2.2700844409320458,1.8100692116929957,0.46001522923905,292.0361644578695,17.249608993530273,6.62508450448513,12.255889104328432,32.14961852932292,0.07501837991334077,0.042427843867033736,0.38928799842615214,0.009153608825504356,0.1582682966307104
lrswm_dora_r16_lr1e3_s42,lrswm,42.0,lrswm_dora_r16_lr1e3,dora,2.1922,0.3408801734136458,17.89,26.59,31.92,gsm8k,27.45,8.33,24.9,26.96,45.31,437.5943,37.309,0.001,,,16.0,False,False,True,,,,,,,,,3.4366585805245617,1.8520239240816387,1.584634656442923,1429.5213498668618,437.58978271484375,37.30732204318046,9.289862491829021,14.22206788855673,0.09490291534925617,0.04595900221085354,0.08615258626536369,0.049630818278304664,0.08672312003312424
lrsw_lora_null_r16_lr3e4_s43,lrsw,43.0,lrsw_lora_null_r16_lr3e4,lora_null,0.4624,-0.3349821745875274,24.82,32.82,80.37,cs,32.15,17.5,43.18,38.4,32.85,26.5639,10.4695,0.00030000000000000003,,,16.0,False,False,True,72.32,83.68,79.53,90.48,81.69,84.47,69.8,81.0,2.152587095129313,1.8100692116929957,0.34251788343631717,346.7608299025922,26.57452392578125,10.472868299484253,6.87618257017283,15.921302332601625,0.1435030201506673,0.03909386666709498,0.10447541410055275,0.05919566804811517,0.1077646668446414
lora_r16,lora,,lora_r16,r16,0.5995,-0.2222108125651325,24.76,,78.66,,33.91,15.62,,,,46.2106,17.2395,,,,,False,False,False,71.13,82.54,80.04,80.97,82.08,82.49,68.43,81.6,2.251769677858652,1.8520239240816387,0.39974575377701305,468.53860495280065,46.262306213378906,17.252573934197425,4.689889678763807,11.463526249961294,0.06739606319805742,0.04631929153020487,0.07270112630975305,0.04970829845733902,0.06574535169921812
uioW4_k2048_v410_dE0_lr5e3,other,,uioW4_k2048_v410_dE0_lr5e3,k2048,0.8381,-0.07670415934449608,21.92,,28.53,,31.13,12.72,,,,15.7627,3.3654,0.005,,2048.0,,False,False,False,64.1,45.38,5.63,30.5,52.49,12.84,11.69,5.6,,,,,,,,,,,,,
frc_lorawd_wd0_lr1e4_c256_s42,frc,42.0,frc_lorawd_wd0_lr1e4_c256,lorawd,0.3002,-0.5225893120927484,26.52,35.01,79.36,cs,34.31,18.73,45.87,40.53,35.62,19.875,8.1373,0.0001,0.0,,,False,False,True,67.19,82.75,79.84,85.92,82.95,84.97,70.22,81.0,2.0360680948623298,1.8520239240816387,0.18404417078069102,184.50649909682497,19.89751625061035,8.139121183753014,3.126171549952398,11.417663106547614,0.07008260914867508,0.0487226573299172,0.08387090505332319,0.05008305621483952,0.0696844022817068
lrswm_dora_r16_lr5e5_s43,lrswm,43.0,lrswm_dora_r16_lr5e5,dora,0.3357,-0.47404865875198754,25.58,32.6,39.2,gsm8k,34.31,16.86,25.66,44.71,41.46,11.5545,3.6746,5e-05,,,16.0,False,False,True,,,,,,,,,1.922006873709949,1.8100692116929957,0.11193766201695321,66.14162017299606,11.577434539794922,3.676734610646963,1.866132795942874,4.430817409271952,0.06519730493550248,0.05573916311112531,0.12160760653946165,0.050493770596950406,0.07613683818594114
qwsw_milora_r32_lr2e4_s43,qwsw,43.0,qwsw_milora_r32_lr2e4,milora,0.27,-0.5686362358410126,36.75,45.34,84.96,cs,42.88,30.62,67.22,39.51,46.48,14.7724,5.647,0.0002,,,32.0,False,False,True,73.91,89.12,79.17,94.84,85.32,87.75,82.17,87.4,2.3868870522108185,1.8790178806577968,0.5078691715530217,217.3840294702184,14.772384643554688,5.647555159670966,9.597639178991596,25.343203243007913,0.07870838507285481,0.2620991495613505,0.061728057230441474,0.16482007386547168,0.058883458493853305
frc_sclora_lr5e4_c256_s43,frc,43.0,frc_sclora_lr5e4_c256,sclora,1.4008,0.1463761330753897,14.94,24.44,69.46,cs,23.93,5.94,22.9,32.94,36.47,152.3173,21.9439,0.0005,,,,False,False,True,65.5,76.12,76.87,64.01,76.16,70.5,54.1,72.4,3.253401752138012,1.8100692116929957,1.4433325404450164,1111.0561969327798,152.31991577148438,21.945713543891905,17.42630509539369,31.8168278636999,0.07851489286253474,0.0439601238482574,0.18093046686130232,0.03539997026484668,0.11416824725883563
lrswm_milora_r32_lr1e3_s44,lrswm,44.0,lrswm_milora_r32_lr1e3,milora,1.3403,0.12720201759035335,18.26,27.04,32.45,gsm8k,27.97,8.54,23.44,29.27,45.96,153.9093,24.5122,0.001,,,32.0,False,False,True,,,,,,,,,3.5336456461023853,1.8100692116929957,1.7235764344093896,1106.3717918137725,153.90968322753906,24.515341299772263,14.461796422525492,26.267218816331184,0.07114065694854782,0.052431018405496604,0.07140927719948162,0.058750303308193724,0.06818582224889645
lrsw_lorawd_wd0p3_lr2e4_s44,lrsw,44.0,lrsw_lorawd_wd0p3_lr2e4,lorawd,0.2996,-0.5234581909725712,27.14,35.38,62.72,cs,34.66,19.61,45.93,42.15,34.54,19.7061,6.9905,0.0002,0.3,,,False,False,True,1.1,84.28,46.83,87.94,83.66,76.39,66.98,54.6,1.976574211441095,1.8100692116929957,0.16650499974809918,195.31118940361583,19.734519958496094,6.994180229306221,4.869078382876171,15.608879533112136,0.0712068497718229,0.04855152946763427,0.08624754068982521,0.04832392733873998,0.07114248834104792
mtx_milora_r128_s44,mtx,44.0,mtx_milora_r128,milora,0.8852,-0.052958594744779666,19.82,26.36,76.63,cs,28.06,11.58,25.5,33.96,32.72,154.7057,17.0988,,,,128.0,False,False,False,70.03,80.9,79.27,78.23,79.95,80.56,64.93,79.2,2.8626825099266195,1.8520239240816387,1.0106585858449808,720.0509255466873,154.7080841064453,17.099917313456537,16.04723824059081,59.08577091773603,0.07316317963891228,0.08829639449130164,0.06771077746549041,0.09986493751693641,0.06670224322949024
a5_k2048_v410_dE0_lr1e2,a5,,a5_k2048_v410_dE0_lr1e2,k2048,0.4971,-0.3035562368610008,24.33,,56.09,,33.16,15.51,,,,7.007,3.4578,0.01,,2048.0,,False,False,False,58.07,59.68,74.31,6.38,69.85,67.89,49.32,63.2,,,,,,,,,,,,,
lrswm_clora_k1024_lr1e4_s43,lrswm,43.0,lrswm_clora_k1024_lr1e4,clora,0.2029,-0.6927179529666541,25.19,33.45,43.9,gsm8k,32.78,17.6,29.26,43.6,43.99,10.0581,3.8171,0.0001,,1024.0,,False,False,True,,,,,,,,,1.9831754125833072,1.8100692116929957,0.17310620089031148,110.22284966931643,10.05864143371582,3.818909578025341,4.416308990288094,15.748557489699184,0.06204565738152141,0.054279241767211835,0.07411457783411754,0.05128819361749806,0.05970489156050014
qwswm_lora_r32_lr2e4_ep6_s43,qwswm,43.0,qwswm_lora_r32_lr2e4_ep6,lora,0.2199,-0.6577747706392096,44.34,52.72,64.82,gsm8k,47.03,41.65,70.37,50.6,53.93,19.1281,4.7868,0.0002,,,32.0,False,False,True,,,,,,,,,2.402457711175437,1.9346918347336524,0.46776587644178447,215.66262569965454,19.126192092895508,4.787605734382357,12.368140512795765,26.684353013735976,0.11337708311569437,0.10216994445196409,0.06565061945731876,0.049239533683960855,0.07070557466504639
qwsw_sclora_r32_lr5e4_s42,qwsw,42.0,qwsw_sclora_r32_lr5e4,sclora,0.9078,-0.04200982159316963,6.88,21.72,79.8,cs,13.02,0.74,24.7,31.57,38.57,86.1634,12.6774,0.0005,,,32.0,False,False,True,68.13,83.46,76.87,83.46,82.0,86.66,74.4,83.4,,,,672.2593357488294,86.16429138183594,12.679738970313753,16.03654115788853,34.49023093443111,0.16375755233190314,0.07666656434060969,0.20723374659597688,0.035083806319598426,0.14747538422112616
lrsw_lora_null_r16_lr1e3_s43,lrsw,43.0,lrsw_lora_null_r16_lr1e3,lora_null,1.2147,0.0844690314880758,17.62,25.23,73.86,cs,26.36,8.88,27.0,33.7,30.21,167.5658,25.6828,0.001,,,16.0,False,False,True,67.68,79.11,77.18,77.34,79.08,76.18,61.09,73.2,2.80480534991559,1.8520239240816387,0.9527814258339511,1019.5797445089516,167.56515502929688,25.682982701063157,10.412065669135634,15.769609669133994,0.0904042396354031,0.044000733696368206,0.07580139801990204,0.054986940263854464,0.08110154160961905
lrsw_lora_null_r16_lr2e5_s42,lrsw,42.0,lrsw_lora_null_r16_lr2e5,lora_null,0.1392,-0.8563607647254567,26.18,36.82,73.02,cs,33.79,18.58,45.95,47.87,37.91,2.4801,1.0815,2e-05,,,16.0,False,False,True,65.69,79.11,76.97,70.97,75.85,81.44,63.57,70.6,1.8848405530075492,1.8520239240816387,0.03281662892591042,27.57817817778465,2.4844062328338623,1.0817600820213555,4.5545120789091955,16.08135834154569,0.17593572324306334,0.024760263294108208,0.09754212169719617,0.05856058087804557,0.1368132285135686
frm_lorawd_wd0p5_lr5e4_c256_s43,frm,43.0,frm_lorawd_wd0p5_lr5e4_c256,lorawd,0.2512,-0.5999803649348415,26.29,33.88,64.52,math_faithful,34.88,17.69,31.1,42.83,42.88,27.4373,3.3687,0.0005,0.5,,,False,False,True,,,,,,,,,1.9842950437510676,1.8100692116929957,0.17422583205807185,157.67023059309173,27.43720817565918,3.3689935952425003,15.422266945571627,39.80296316462871,0.08316848006158124,0.04648011872040326,0.09844071733488528,0.04701829606368193,0.08083876273404803
mtx_lora_r64_s42,mtx,42.0,mtx_lora_r64,lora,0.9122,-0.0399099320950805,19.96,27.9,74.55,cs,28.84,11.08,29.76,33.36,36.47,90.9031,18.179,,,,64.0,False,False,False,69.36,80.3,77.84,70.79,79.64,77.82,62.03,78.6,2.777061456284453,1.8520239240816387,0.9250375322028144,764.3624792953091,90.90120697021484,18.180552849173544,12.630858868525749,39.46330334448794,0.0715734425024912,0.046309113444932694,0.06933062897407534,0.05026764603363424,0.06672820552171055
frm_milora_lr3e4_c256_s44,frm,44.0,frm_milora_lr3e4_c256,milora,1.2554,0.09878212431469197,18.24,27.1,58.91,math_faithful,27.23,9.25,23.74,28.75,46.52,143.9481,20.1041,0.00030000000000000003,,,,False,False,True,,,,,,,,,3.6091008319137763,1.8100692116929957,1.7990316202207806,1114.3003842616354,143.9454803466797,20.10442896783352,23.69513173555286,49.26913793743675,0.07009653618116003,0.05318330636624693,0.06730864252166334,0.08341684301643146,0.06628886728038279
qwsw_clora_k1024_lr1e4_s45,qwsw,45.0,qwsw_clora_k1024_lr1e4,clora,0.1284,-0.8914349762671656,40.72,50.15,86.88,cs,46.58,34.87,70.92,49.57,48.79,14.276,3.3946,0.0001,,1024.0,,False,False,True,71.77,89.39,79.53,93.9,85.48,95.5,88.65,90.8,2.0617447115659036,1.9346918347336524,0.1270528768322512,121.73469308680399,14.292686462402344,3.3972306681515225,4.942222909513693,17.465669963336545,0.057954052076678614,0.04267915512963947,0.06588242386239183,0.04623540637053821,0.0472658089941183
mtx_milora_r128_s43,mtx,43.0,mtx_milora_r128,milora,0.8533,-0.06889825436736126,19.92,27.35,76.75,cs,27.52,12.33,26.68,36.18,34.05,124.9293,17.171,,,,128.0,False,False,False,70.18,80.58,78.61,81.16,80.58,79.8,64.25,78.8,2.8889334245263933,1.8520239240816387,1.0369095004447546,717.795815629464,124.92859649658203,17.171832126379012,16.448504498236105,59.26267452612212,0.07190915688573128,0.08812451876400186,0.06712131156706887,0.09965580425455126,0.06588431001143738
qwswm_clora_k1024_lr1e4_s42,qwswm,42.0,qwswm_clora_k1024_lr1e4,clora,0.0537,-1.2700257143004443,43.86,53.61,63.0,gsm8k,46.52,41.19,72.17,51.28,56.89,6.1105,1.17,0.0001,,1024.0,,False,False,True,,,,,,,,,,,,48.3866134949104,6.125950813293457,1.1707907356673397,8.455248614256574,22.98113497608986,0.05530422941212434,0.04434954006982439,0.061838617456775824,0.04950405399602598,0.04727125055148944
frm_lorawd_wd0p5_lr1e4_c256_s42,frm,42.0,frm_lorawd_wd0p5_lr1e4_c256,lorawd,0.1959,-0.7079655640052637,25.66,33.74,66.03,math_faithful,32.42,18.9,29.73,45.14,42.5,11.576,3.2566,0.0001,0.5,,,False,False,True,,,,,,,,,1.9983484750612641,1.8520239240816387,0.14632455097962538,107.7580311901056,11.58698558807373,3.257229408621788,6.926980003754527,25.39024203886618,0.07513035149160745,0.052371981369894294,0.09403681481630638,0.04941359743087733,0.07437972051995959
qwswm_lora_r16_lr2e4_s43,qwswm,43.0,qwswm_lora_r16_lr2e4,lora,0.1178,-0.9288547095489171,44.84,54.0,49.73,gsm8k,48.2,41.49,71.65,51.62,57.05,10.2061,3.3835,0.0002,,,16.0,False,False,True,,,,,,,,,2.0247992998102693,1.9346918347336524,0.09010746507661693,102.33722816036696,10.220369338989258,3.3861556044646672,5.4428499755773565,12.23811437084073,0.11846638107448552,0.10111845132161412,0.06693455226725731,0.04918925310365621,0.0730604289513694
lrsw_milora_r32_lr5e4_s45,lrsw,45.0,lrsw_milora_r32_lr5e4,milora,0.8422,-0.07458476291575376,22.7,28.96,77.4,cs,31.68,13.73,29.52,35.15,34.71,85.7794,20.4439,0.0005,,,32.0,False,False,True,70.24,81.12,79.02,86.79,81.53,78.2,64.33,78.0,2.547923168060233,1.8100692116929957,0.737853956367237,700.2047192993292,85.77861022949219,20.44555330872536,9.085951574886327,20.8759496122188,0.06885764597567014,0.06124626201742009,0.06783092188413303,0.06776145453376838,0.0649192978821136
lora_r8,lora,,lora_r8,r8,0.5201,-0.2839131462251679,25.32,,78.33,,32.0,18.64,,,,44.8636,16.5291,,,,,False,False,False,70.12,78.62,76.61,89.28,81.14,83.33,68.77,78.8,2.118170450759146,1.8520239240816387,0.2661465266775074,374.23249912307165,44.921653747558594,16.53406728208065,3.1344541794172525,6.188872641370085,0.06721988144228558,0.0463620642177063,0.07495275926499925,0.049059458823251384,0.06631954916782039
qwswm_lora_r32_lr5e4_s42,qwswm,42.0,qwswm_lora_r32_lr5e4,lora,20.8928,1.3199966469243694,0.0,19.49,0.0,gsm8k,0.0,0.0,22.95,26.28,48.22,1014.9738,76.4985,0.0005,,,32.0,True,False,True,,,,,,,,,,,,1748.0693910316406,1015.2400512695312,76.5235725062234,1.6978939062224307,3.831572056134102,0.1742911886255009,0.17457508097971325,0.08749916021825982,0.05870147743764718,0.10050742207565483
lrswm_milora_r32_lr2e4_s44,lrswm,44.0,lrswm_milora_r32_lr2e4,milora,0.331,-0.48017200622428124,24.92,33.37,45.11,gsm8k,32.25,17.58,30.2,43.69,43.15,22.6107,8.5594,0.0002,,,32.0,False,False,True,,,,,,,,,2.2306385291575763,1.8100692116929957,0.4205693174645806,202.11937712958468,22.610811233520508,8.561179223656655,4.528172832509279,13.910386067280092,0.06181397268129372,0.12862908368657303,0.07646985393084271,0.12764038810876657,0.06481629842025553
qwsw_dora_r16_lr1e3_s42,qwsw,42.0,qwsw_dora_r16_lr1e3,dora,1.202,0.0799044676667207,6.96,21.54,77.63,cs,12.66,1.25,32.05,27.82,33.93,141.5424,28.3589,0.001,,,16.0,False,False,True,67.25,82.26,77.28,80.45,79.87,83.71,70.65,79.6,,,,1100.3075018933812,141.5389862060547,28.358657392433713,9.204194202099607,14.57329229277947,0.12838962585460195,0.11626714851721515,0.07294552250416705,0.05075183931341959,0.08656561892965438
frc_milora_lr1e4_c256_s44,frc,44.0,frc_milora_lr1e4_c256,milora,0.3154,-0.5011383110071159,27.39,35.8,78.81,cs,34.94,19.84,46.92,41.13,36.19,18.948,8.6694,0.0001,,,,False,False,True,70.98,84.06,78.76,82.36,82.32,83.54,70.65,77.8,2.000699449579029,1.8100692116929957,0.1906302378860334,187.39485731933576,18.948129653930664,8.671220782399178,3.9856845412896322,12.206268449906574,0.06728478010833741,0.09539272278384663,0.07795345148490085,0.1786551718309302,0.06746839562551579
qwswm_lora_r16_lr2e5_s43,qwswm,43.0,qwswm_lora_r16_lr2e5,lora,0.0394,-1.4045037781744258,43.3,53.42,57.77,gsm8k,47.32,39.28,72.11,50.94,57.46,2.4277,0.5441,2e-05,,,16.0,False,False,True,,,,,,,,,1.9513053857071374,1.9346918347336524,0.016613550973485047,11.282150610964003,2.4315431118011475,0.5445737986160176,2.3093516838548718,6.597575689300928,0.12347448466565415,0.10603661499170429,0.10196432556201734,0.05513623689681594,0.08366925160612405
frm_lorawd_wd0p2_lr3e4_c512_s42,frm,42.0,frm_lorawd_wd0p2_lr3e4_c512,lorawd,0.4207,-0.3760274879830036,24.81,33.73,66.41,math_faithful,32.44,17.18,37.43,39.16,42.42,40.3995,6.1041,0.00030000000000000003,0.2,,,False,False,True,,,,,,,,,2.2123778952447957,1.8520239240816387,0.3603539711631569,307.8520837272724,40.39892578125,6.104576884210109,18.671747749974614,46.39019380786576,0.0747821751451606,0.04680719636693279,0.08359336315013857,0.04899409409210473,0.07322442667439062
lrsw_sclora_r32_lr5e4_s45,lrsw,45.0,lrsw_sclora_r32_lr5e4,sclora,1.0716,0.030032704936171297,16.04,23.94,76.05,cs,26.14,5.94,22.87,35.75,28.99,96.2641,15.7325,0.0005,,,32.0,False,False,True,69.2,80.85,78.2,81.64,80.9,77.19,62.2,78.2,2.8351761325755387,1.8100692116929957,1.025106920882543,766.662977491976,96.2645034790039,15.734237259626388,16.222531370029877,32.73361893122416,0.08192209910027257,0.042377166844649414,0.17699423731498803,0.03534991966545834,0.11139079766051578
clora_k2048_s43,clora,43.0,clora_k2048,k2048,0.374,-0.42712839779951983,25.52,,69.75,,33.71,17.33,,,,26.697,8.5984,,,2048.0,,False,False,False,72.81,72.03,76.25,23.56,82.64,83.63,67.66,79.4,2.145676034574362,1.8520239240816387,0.2936521104927232,294.47461747909557,26.70054054260254,8.60183763951063,5.857101110007192,18.435792820777372,0.055105074085382684,0.04869354988476964,0.061018174086112036,0.04885763993946072,0.05318010648528447
qwswm_dora_r16_lr1e3_s42,qwswm,42.0,qwswm_dora_r16_lr1e3,dora,0.6778,-0.1688984354986406,22.56,31.3,24.49,gsm8k,35.66,9.45,31.46,28.41,51.51,111.338,17.8689,0.001,,,16.0,False,False,True,,,,,,,,,,,,779.4373398567044,111.4010238647461,17.86880133492606,10.680519432800155,15.074407336623475,0.11075999272268758,0.10215547678186643,0.06380949232068865,0.04802903501834167,0.0711058591764871
mtx_lorawd_wd0p0_s42,mtx,42.0,mtx_lorawd_wd0p0,lorawd,0.7262,-0.1389437554231265,22.18,30.12,78.64,cs,29.77,14.58,37.39,36.26,32.62,67.7642,17.7534,,0.0,,,False,False,False,71.19,82.86,77.99,86.02,80.9,80.05,67.75,82.4,2.474700566599745,1.8520239240816387,0.6226766425181061,594.4512811939195,67.76306915283203,17.754774564504622,7.480840583743673,21.448990706535763,0.06942891474168016,0.04623302587505939,0.07038678753216862,0.04977396417013385,0.06580545177727527
lrswm_sclora_r32_lr3e4_s43,lrswm,43.0,lrswm_sclora_r32_lr3e4,sclora,0.6933,-0.15907879980122822,18.19,27.65,55.88,math_faithful,28.67,7.7,22.94,36.01,42.94,17.9797,7.8743,0.00030000000000000003,,,32.0,False,False,True,,,,,,,,,2.62973707953305,1.8100692116929957,0.8196678678400542,374.4410247624697,17.979196548461914,7.874932543933392,14.17810991697944,35.39346241068319,0.10169930940177464,0.039782688025869255,0.3932796348903555,0.019857033401549862,0.1650782268610379
qwswm_lorawd_wd0p3_lr5e5_s42,qwswm,42.0,qwswm_lorawd_wd0p3_lr5e5,lorawd,0.0476,-1.322393047279507,43.63,53.66,60.42,gsm8k,46.78,40.48,72.26,51.62,57.18,3.7122,1.0112,5e-05,0.3,,,False,False,True,,,,,,,,,,,,27.133037208858408,3.7149362564086914,1.0115625209042005,4.597823644338233,17.173144882947483,0.12599000174704242,0.10677232940709369,0.07527471219026931,0.05272278411480999,0.07797102048465238
frc_lorawd_wd0p3_lr3e4_c256_s44,frc,44.0,frc_lorawd_wd0p3_lr3e4_c256,lorawd,0.3483,-0.4580465255417637,25.47,33.54,81.78,cs,32.68,18.26,42.29,39.93,34.53,23.7438,7.057,0.00030000000000000003,0.3,,,False,False,True,72.72,84.6,80.81,90.97,85.08,84.97,71.25,83.8,2.0470304555513907,1.8520239240816387,0.195006531469752,234.44654889701567,23.743247985839844,7.05816666930914,7.107935964222784,19.671519127748436,0.07234571765749755,0.04757672345730501,0.08371734677010603,0.048205285869583565,0.0709278154413799
lrsw_lora_null_r16_lr5e5_s44,lrsw,44.0,lrsw_lora_null_r16_lr5e5,lora_null,0.198,-0.7033348097384688,26.37,36.41,69.76,cs,33.85,18.89,46.55,46.33,36.43,4.6283,2.2025,5e-05,,,16.0,False,False,True,41.19,77.42,59.57,80.07,77.82,81.82,66.21,74.0,1.8951633151854521,1.8100692116929957,0.08509410349245639,57.96552417510791,4.630990028381348,2.2030680648982526,4.831969241554613,16.102219456677222,0.23829823579312578,0.03150686032499152,0.15071649743869864,0.07795229224278331,0.16077155580449928
frc_lorawd_wd0_lr2e4_c256_s44,frc,44.0,frc_lorawd_wd0_lr2e4_c256,lorawd,0.5136,-0.2893749849392032,24.96,32.69,79.88,cs,32.51,17.4,41.28,39.16,33.11,34.5214,13.6914,0.0002,0.0,,,False,False,True,71.35,82.7,79.32,89.77,82.4,83.21,69.11,81.2,2.1966545445333288,1.8100692116929957,0.38658533284033303,390.2793744715187,34.53571701049805,13.697271859645843,5.17640285283596,17.328028943972978,0.06841035175525537,0.04712346080509012,0.07456297776032436,0.049286909191775884,0.06660201118640689
lrswm_lorawd_wd0p3_lr5e5_s42,lrswm,42.0,lrswm_lorawd_wd0p3_lr5e5,lorawd,0.2963,-0.5282683485199489,25.42,34.35,41.09,gsm8k,33.33,17.5,31.95,46.5,42.47,11.899,3.547,5e-05,0.3,,,False,False,True,,,,,,,,,2.099409684007137,1.8520239240816387,0.24738575992549805,71.6179155606793,11.920395851135254,3.5484013251960276,2.392063230155561,7.61403199083084,0.06733038030053874,0.0563798062398068,0.11198915899021719,0.051421095197601206,0.07458615242793941
lrsw_lorawd_wd0p3_lr1e4_s44,lrsw,44.0,lrsw_lorawd_wd0p3_lr1e4,lorawd,0.2366,-0.6259852597080884,27.7,36.27,67.67,cs,35.08,20.32,48.22,41.3,36.44,14.4667,5.5389,0.0001,0.3,,,False,False,True,62.63,83.57,66.43,90.4,83.43,57.32,40.78,56.8,1.9203799521099458,1.8100692116929957,0.1103107404169501,125.05454008448747,14.486616134643555,5.540290574729442,3.0573657505317366,10.22252511276829,0.07157764164752034,0.050547816711146644,0.09230176831376735,0.05036144425050487,0.07259677460693939
qwsw_lora_null_r16_lr2e5_s44,qwsw,44.0,qwsw_lora_null_r16_lr2e5,lora_null,0.0802,-1.0958256317158366,39.67,52.29,83.87,cs,45.81,33.54,72.2,58.11,51.81,2.9267,0.7934,2e-05,,,16.0,False,False,True,62.26,89.45,78.61,91.64,83.58,92.38,84.81,88.2,1.9657045773885145,1.9346918347336524,0.03101274265486209,21.961703605778922,2.9295434951782227,0.7936202845403126,4.706519043969755,13.727671607775536,0.21096415086024853,0.07841776233166885,0.10702996111651697,0.12777463711463777,0.12959755227601977
frc_lorawdr16_wd0p3_lr3e4_c256_s44,frc,44.0,frc_lorawdr16_wd0p3_lr3e4_c256,lorawdr16,0.3055,-0.514988785421427,27.06,35.28,61.33,cs,33.97,20.14,45.08,40.53,36.66,15.9874,6.7743,0.00030000000000000003,0.3,,,False,False,True,62.08,49.35,49.03,57.63,75.06,69.78,54.69,73.0,1.9438627264953217,1.8100692116929957,0.13379351480232593,188.0910713533566,15.991999626159668,6.780012184381485,4.687252756169686,11.016437872216281,0.07114066234673505,0.048186739093294136,0.08766905194284993,0.048252381449601874,0.07142446890375333
clora_k512_fast,clora,,clora_k512_fast,k512,0.5137,-0.28929043427566276,24.72,,67.52,,32.58,16.85,,,,25.8854,11.1986,,,512.0,,False,False,False,63.24,66.32,52.2,89.16,80.27,67.34,51.02,70.6,,,,,,,,,,,,,
b4_sclora_r32_lr5e4_s43,b4,43.0,b4_sclora_r32_lr5e4,sclora,1.012,0.005180512503780314,19.34,27.06,76.58,cs,28.21,10.48,26.49,36.18,33.92,106.1289,16.0353,0.0005,,,32.0,False,False,False,69.36,80.3,78.92,83.47,80.19,78.28,63.14,79.0,2.7498108545958586,1.8100692116929957,0.9397416429028629,758.5192818616632,106.13020324707031,16.037081769108774,15.573447099536905,32.059368162660135,0.07647801789984694,0.04245516118983211,0.13355524961540924,0.037596071480756665,0.0944969834581258
qwswm_lorawd_wd0p3_lr2e4_s43,qwswm,43.0,qwswm_lorawd_wd0p3_lr2e4,lorawd,0.0872,-1.0594835150674329,44.96,53.92,58.98,gsm8k,47.34,42.59,71.93,52.3,55.43,7.0974,2.1061,0.0002,0.3,,,False,False,True,,,,,,,,,2.002915313732327,1.9346918347336524,0.06822347899867465,77.11060153210376,7.0978240966796875,2.106704439435686,8.23762910958775,22.36095860161141,0.11937632635528872,0.1023887948141699,0.0680846498519566,0.047999360054088426,0.07397345754340721
qwswm_lora_r16_lr2e4_s42,qwswm,42.0,qwswm_lora_r16_lr2e4,lora,0.1153,-0.938170692705301,43.92,53.77,65.28,gsm8k,46.83,41.01,71.93,53.24,55.83,10.7296,3.3265,0.0002,,,16.0,False,False,True,,,,,,,,,,,,102.29140108863693,10.73820972442627,3.328808885387012,5.523164164479733,12.400018888511994,0.11747153936609493,0.10116775596443014,0.06639462557655205,0.049119761783192495,0.07213833482223497
frc_lora_null_lr2e5_c256_s43,frc,43.0,frc_lora_null_lr2e5_c256,lora_null,0.1581,-0.801068130067791,26.0,36.21,70.6,cs,33.6,18.39,46.52,46.33,36.23,4.0893,1.8078,2e-05,,,,False,False,True,55.11,80.52,76.82,64.8,69.53,80.85,61.18,76.0,1.895269618028632,1.8100692116929957,0.08520040633563619,49.03082085671131,4.089919090270996,1.808024574816227,5.225184903287179,25.380666129743883,0.1419584531301483,0.03836570535211421,0.15975701962508895,0.0833222041633163,0.1304904188255957
qwsw_lora_r16_lr5e5_s43,qwsw,43.0,qwsw_lora_r16_lr5e5,lora,0.1228,-0.9108016331948511,38.93,49.53,86.61,cs,44.95,32.91,71.89,48.98,48.9,9.6384,2.6732,5e-05,,,16.0,False,False,True,73.27,87.92,79.38,93.95,84.61,94.95,87.63,91.2,2.0052026909173817,1.9346918347336524,0.07051085618372932,56.69787573681771,9.655065536499023,2.6752597323485783,2.180004390282014,5.746741173313175,0.11250791304363975,0.09273808981977827,0.09221300304372664,0.05217590094118868,0.07678212990420534
lrsw_clora_k1024_lr5e5_s42,lrsw,42.0,lrsw_clora_k1024_lr5e5,clora,0.1602,-0.7953374882517812,26.76,36.39,51.77,cs,33.96,19.56,46.62,45.14,36.65,7.1133,2.823,5e-05,,1024.0,,False,False,True,61.8,37.49,69.91,1.5,79.87,56.69,43.86,63.0,1.930034545407421,1.8520239240816387,0.07801062132578229,65.16741582378674,7.149648666381836,2.824387584626675,2.8329063958352414,10.13489098823268,0.06128989429974806,0.05218051439495926,0.08106052081030139,0.05876410697168731,0.06199643747899339
qwsw_clora_k1024_lr5e4_s43,qwsw,43.0,qwsw_clora_k1024_lr5e4,clora,0.4177,-0.3791355247348789,33.18,40.44,62.25,cs,40.47,25.89,58.23,36.95,40.67,30.6148,8.6311,0.0005,,1024.0,,False,False,True,72.08,50.49,74.67,61.42,84.21,43.86,32.51,78.8,2.6530299315739323,1.9346918347336524,0.7183380968402799,531.6795169151598,30.662891387939453,8.633566314396116,15.620233145237588,28.55817136185993,0.05128762144646911,0.04344820179210137,0.05535909594537151,0.04482216072631719,0.043435481749903096
frc_lora_null_lr2e4_c256_s42,frc,42.0,frc_lora_null_lr2e4_c256,lora_null,0.534,-0.2724587429714435,23.33,30.96,80.12,cs,32.51,14.15,39.69,37.12,31.32,27.3841,10.6335,0.0002,,,,False,False,True,71.53,83.35,79.84,89.29,82.87,83.5,68.17,82.4,2.398510818139287,1.8520239240816387,0.5464868940576482,439.745320907304,27.38395118713379,10.634160193800927,10.931041629395443,30.402012479535237,0.10165741024956455,0.04202630730525887,0.11454877864970486,0.06336167062876802,0.09513583301960502
frc_milora_r32_lr3e4_c256_s45,frc,45.0,frc_milora_r32_lr3e4_c256,milora,0.729,-0.1372724716820254,22.66,30.82,78.45,cs,31.36,13.95,36.65,35.32,36.81,60.2502,19.0709,0.00030000000000000003,,,32.0,False,False,True,71.96,81.23,79.12,87.05,81.22,81.36,66.64,79.0,2.4937703070096333,1.8520239240816387,0.6417463829279946,605.6159279462287,60.2495231628418,19.071992045640947,7.925187526281763,19.348459828290654,0.06834866701699265,0.057535946708455916,0.06767152230543969,0.0912798128373964,0.06440300469228764
frm_pissa_lr3e4_c256_s42,frm,42.0,frm_pissa_lr3e4_c256,pissa,2.2058,0.34356613238612466,3.62,21.7,49.66,math_faithful,7.23,0.0,24.54,24.06,52.65,117.9357,21.1917,0.00030000000000000003,,,,False,False,True,,,,,,,,,6.306760676868914,1.8520239240816387,4.454736752787276,1416.3361498223508,117.9316177368164,21.191681504249573,32.629676278894685,71.8794649688547,0.18772858155442845,0.03947951150659204,0.35115689917594717,0.03375028326870975,0.189435434545409
qwsw_lora_r16_lr2e4_s43,qwsw,43.0,qwsw_lora_r16_lr2e4,lora,0.264,-0.5783960731301689,38.21,45.89,80.61,cs,42.31,34.11,68.31,40.19,44.51,25.905,8.1948,0.0002,,,16.0,False,False,True,73.64,87.54,76.61,94.36,84.29,75.63,70.82,82.0,2.1759598363369963,1.8790178806577968,0.29694195567919945,250.76589934972668,25.929798126220703,8.202184603043966,4.831212247838587,11.699684827755545,0.1129155777478887,0.09165508808888377,0.06989282456708303,0.04614079907993484,0.07030718443594645
qwswm_milora_r32_lr1e4_s42,qwswm,42.0,qwswm_milora_r32_lr1e4,milora,0.0982,-1.0078885122130503,44.06,53.26,59.89,gsm8k,46.91,41.22,71.75,50.09,56.35,4.4093,1.2855,0.0001,,,32.0,False,False,True,,,,,,,,,,,,47.989721322911876,4.410266876220703,1.285618554694312,10.734180373997262,32.441975488751005,0.05085465655927122,0.4613097917548259,0.054111989023596804,0.3201102885126003,0.04110556220466567
lrsw_lorawd_wd0p3_lr2e4_s45,lrsw,45.0,lrsw_lorawd_wd0p3_lr2e4,lorawd,0.2995,-0.5236031732746699,26.68,34.64,79.87,cs,33.91,19.46,44.32,40.44,35.05,21.6688,6.9784,0.0002,0.3,,,False,False,True,72.08,83.62,71.9,88.31,85.16,85.61,71.84,80.4,1.9735583411168816,1.8100692116929957,0.16348912942388583,196.13738696897136,21.689146041870117,6.982110676169396,4.875645348414987,15.590141898785541,0.0710066411413342,0.04850163307558865,0.08598387021964017,0.04851040077229524,0.07099810286711969
lrsw_milora_r32_lr1e4_s44,lrsw,44.0,lrsw_milora_r32_lr1e4,milora,0.2536,-0.5958507507903049,26.92,36.49,36.43,cs,34.62,19.22,47.74,43.34,37.53,15.728,6.1708,0.0001,,,32.0,False,False,True,33.85,59.09,2.41,35.87,81.22,25.13,16.64,37.2,2.0601950855779414,1.8100692116929957,0.25012587388494567,123.69775761896898,15.727765083312988,6.171437540650368,3.416471813949622,10.94458275788595,0.06485908024567631,0.16085091468268511,0.08683349342846342,0.14629852520133432,0.06953570216706584
lrsw_clora_k1024_lr5e5_s43,lrsw,43.0,lrsw_clora_k1024_lr5e5,clora,0.1617,-0.7912899800935989,27.48,37.27,62.74,cs,35.06,19.91,47.44,46.67,37.26,7.3413,2.8491,5e-05,,1024.0,,False,False,True,61.65,64.42,75.74,8.3,78.77,78.24,63.57,71.2,1.8896924641215582,1.8100692116929957,0.0796232524285625,65.48003726186666,7.351303577423096,2.8505083244293927,2.790601942169602,10.008149447974064,0.060899554102475995,0.05195707638401639,0.08094411652297477,0.05825718464700081,0.06185215553267689
lrsw_lorawd_wd0p3_lr3e4_s45,lrsw,45.0,lrsw_lorawd_wd0p3_lr3e4,lorawd,0.3479,-0.4585455712524111,26.56,34.27,79.33,cs,34.13,18.99,44.15,40.1,33.98,26.1192,7.0686,0.00030000000000000003,0.3,,,False,False,True,71.04,84.39,79.89,78.45,83.66,85.14,70.65,81.4,1.9938344643721337,1.8100692116929957,0.183765252679138,234.4414412784103,26.118799209594727,7.070083603262901,7.027107556278601,19.565617001816403,0.0723467979091978,0.0473968251447683,0.08401633238825518,0.04821389102876027,0.07121880822041125
frc_lora_r32_lr3e4_c256_s44,frc,44.0,frc_lora_r32_lr3e4_c256,lora,0.7255,-0.1393625832262453,21.6,28.28,76.75,cs,29.66,13.55,29.95,35.15,33.09,59.6615,17.5605,0.00030000000000000003,,,32.0,False,False,True,70.28,82.05,78.71,81.18,77.03,80.81,65.96,78.0,2.432814214191541,1.8100692116929957,0.6227450024985453,591.5124592951211,59.6598014831543,17.56297543644905,7.488523837617256,21.549712660879646,0.06865849791887471,0.04638737437247302,0.07032838317636382,0.04999881050052335,0.06547338004509971
qwsw_sclora_r32_lr15e5_s42,qwsw,42.0,qwsw_sclora_r32_lr15e5,sclora,0.3737,-0.42747690215036244,35.28,42.46,86.85,cs,40.98,29.59,63.32,38.05,40.37,12.0382,4.113,0.00015000000000000001,,,32.0,False,False,True,74.98,87.11,80.09,94.8,86.74,94.28,86.6,90.2,2.354842330187783,1.9346918347336524,0.42015049545413063,227.41339341196866,12.046764373779297,4.113747781089374,15.600775757041713,37.04053475595039,0.10331462643412968,0.12189151805211632,0.20907108239276942,0.029029182119243713,0.11967711606538926
qwswm_lora_null_r16_lr2e5_s43,qwswm,43.0,qwswm_lora_null_r16_lr2e5,lora_null,0.0292,-1.5346171485515816,43.04,52.99,50.27,gsm8k,47.6,38.49,72.14,49.4,57.33,1.8916,0.4445,2e-05,,,16.0,False,False,True,,,,,,,,,1.944935452744154,1.9346918347336524,0.010243618010501665,13.222118993768051,1.8972513675689697,0.4445882234722376,5.7440205035836325,16.343951585462342,0.2131640999315333,0.07923243357869084,0.1030689121366298,0.14554930415627784,0.12561807170873765
lrsw_dora_r16_lr5e5_s44,lrsw,44.0,lrsw_dora_r16_lr5e5,dora,0.2544,-0.5944828930236237,27.3,36.32,18.73,cs,34.54,20.05,47.25,44.2,35.54,9.8828,4.0244,5e-05,,,16.0,False,False,True,7.61,4.73,13.1,44.43,4.34,30.64,28.58,16.4,2.0746516626995946,1.8100692116929957,0.26458245100659883,70.06838590178533,9.901449203491211,4.02731933221221,1.7154818572644697,4.01659386656549,0.06854860932311727,0.05075993220635287,0.10558892969400367,0.055469539410773754,0.07495456915895671
frc_milora_lr2e4_c256_s44,frc,44.0,frc_milora_lr2e4_c256,milora,0.5346,-0.2719710455794816,24.24,32.58,51.99,cs,31.16,17.31,38.95,39.25,36.22,40.8336,15.2158,0.0002,,,,False,False,True,56.94,79.49,21.44,84.17,24.07,61.45,57.76,30.6,2.248901991309805,1.8100692116929957,0.4388327796168092,401.3463513614671,40.83375930786133,15.217483401298523,5.783036978280708,15.938440533898303,0.06817768874308773,0.06851359238991092,0.07118154700418197,0.11946821916486543,0.06554818622836238
qwsw_lorawd_wd0p3_lr7e5_s42,qwsw,42.0,qwsw_lorawd_wd0p3_lr7e5,lorawd,0.1161,-0.9351677802614262,39.92,50.41,87.77,cs,45.29,34.54,71.91,51.71,48.58,10.4297,2.9227,7.000000000000001e-05,0.3,,,False,False,True,74.34,89.88,79.48,95.24,86.35,96.13,89.33,91.4,2.021880540085666,1.9346918347336524,0.0871887053520135,76.25919619435643,10.443395614624023,2.923585832118988,3.3935464245883646,11.876530579073238,0.1161731711743971,0.0925460059922083,0.08483832071270411,0.04898716437520006,0.07538152867814146
frc_clora_k256_lr3e4_c256_s45,frc,45.0,frc_clora_k256_lr3e4_c256,clora,0.5839,-0.23366152474871274,23.08,29.88,78.72,cs,31.53,14.62,34.94,37.03,31.27,26.7519,12.2391,0.00030000000000000003,,256.0,,False,False,True,71.16,81.94,79.79,88.7,82.56,81.65,65.19,78.8,2.332762782874611,1.8100692116929957,0.5226935711816154,466.34713001874815,26.75950813293457,12.240658056735992,8.511127375249147,23.623109237232025,0.06231691940708594,0.04622224913263321,0.06614974273433587,0.0490378007858781,0.06020362814553621
qwswm_milora_r32_lr15e5_s42,qwswm,42.0,qwswm_milora_r32_lr15e5,milora,0.1244,-0.9051796196452001,43.96,52.83,57.92,gsm8k,46.97,40.94,71.67,48.63,55.92,6.9192,1.8999,0.00015000000000000001,,,32.0,False,False,True,,,,,,,,,2.170013641172605,1.9346918347336524,0.23532180643895284,71.80898228759317,6.920613765716553,1.9000907472201756,10.988085327707108,31.722378375750758,0.05939319677270168,0.3953848186172066,0.0552004686738482,0.2840350600858875,0.0476667729947633
lrswm_lora_r16_lr2e4_s42,lrswm,42.0,lrswm_lora_r16_lr2e4,lora,0.3819,-0.41805034162668214,23.57,31.39,46.25,gsm8k,31.75,15.39,26.9,40.96,41.93,29.4329,10.0446,0.0002,,,16.0,False,False,True,,,,,,,,,2.143005645946444,1.8520239240816387,0.2909817218648052,241.98295423828736,29.487096786499023,10.049711734056473,3.490516292589847,9.48080399358965,0.06703406972106526,0.049542008981129294,0.07874677923104782,0.04976351221384525,0.06629763906687469
mtx_lorawd_wd0p0_s43,mtx,43.0,mtx_lorawd_wd0p0,lorawd,0.7271,-0.13840585535613475,22.78,30.55,78.78,cs,30.96,14.59,36.07,37.88,33.25,67.968,17.5829,,0.0,,,False,False,False,70.73,82.64,80.45,87.86,81.61,81.27,66.04,79.6,2.4700169695748215,1.8520239240816387,0.6179930454931828,594.2417633225775,67.9664535522461,17.58443638384342,7.626754122200283,21.521227686275942,0.06992738619351274,0.04632713736743554,0.0705066688196433,0.049734650235417246,0.06595621472703016
frc_sclora_b0p9_em_r128_lr5e5_s42,frc,42.0,frc_sclora_b0p9_em_r128_lr5e5,sclora,0.1948,-0.7104110474574032,27.05,35.98,71.5,cs,35.28,18.82,47.9,43.17,34.73,6.4749,2.4783,5e-05,,,128.0,False,False,True,70.09,78.4,67.86,64.58,83.03,77.9,65.96,64.2,1.9694938133957776,1.8520239240816387,0.11746988931413882,94.06350130742034,6.47467565536499,2.4786443792283537,14.200944176871362,73.288740275203,0.034698228917128156,0.39951488365448695,0.09859582130308707,0.06624197018565366,0.055163116914826275
lrsw_lorawd_wd0p3_lr3e4_s42,lrsw,42.0,lrsw_lorawd_wd0p3_lr3e4,lorawd,0.3769,-0.423773862550395,26.18,34.16,80.56,cs,32.97,19.39,43.24,39.93,35.27,22.6467,7.0799,0.00030000000000000003,0.3,,,False,False,True,69.39,82.64,79.84,89.7,84.53,85.02,71.76,81.6,2.043574158464022,1.8520239240816387,0.19155023438238317,233.70447500309743,22.64618492126465,7.081189750134945,6.957457174233737,19.450225424866616,0.07195047626013971,0.04744507078874093,0.08393438303435617,0.04803152781585257,0.07089397635723439
frc_milora_r32_lr3e4_c256_s42,frc,42.0,frc_milora_r32_lr3e4_c256,milora,0.7434,-0.12877744324029294,21.82,30.95,78.26,cs,29.44,14.2,37.72,35.24,38.14,77.686,19.3237,0.00030000000000000003,,,32.0,False,False,True,70.83,81.5,78.2,86.74,81.77,81.14,66.13,79.8,2.483134364538658,1.8520239240816387,0.6311104404570194,606.4142712377902,77.68624114990234,19.324484783411027,7.777842531891195,19.196623926369398,0.06890014006064836,0.05763732068317369,0.06772198225178067,0.09182429267932257,0.06455728620676061
clora_cs_k2048,clora,,clora_cs_k2048,cs,0.3376,-0.47159756204638253,25.65,,65.43,,34.05,17.25,,,,16.4119,8.2798,,,,,False,False,False,71.8,83.19,12.18,37.82,81.45,84.68,69.71,82.6,2.1545708481319688,1.8520239240816387,0.30254692405033,292.8945103672299,16.41766357421875,8.283364968374372,6.0734623629175815,18.943962818721854,0.054639649502385104,0.04868746660592252,0.061058241864502906,0.04858941857519129,0.05291111790930332
frc_lora_null_lr7e4_c256_s42,frc,42.0,frc_lora_null_lr7e4_c256,lora_null,1.6261,0.2111472498144923,14.34,24.49,63.86,cs,21.76,6.93,23.09,31.23,39.42,219.4746,28.7607,0.0007,,,,False,False,True,63.3,71.44,75.69,49.77,69.69,63.8,48.21,69.0,3.370616961276014,1.8520239240816387,1.5185930371943752,1385.1605450104328,219.47308349609375,28.762572330236434,16.553714512731418,30.503496585310785,0.08551333701372449,0.04500505224393003,0.08313902500658006,0.05617888879097629,0.08379830488887133
frc_lorawd_wd0p1_lr1e4_c256_s44,frc,44.0,frc_lorawd_wd0p1_lr1e4_c256,lorawd,0.2806,-0.5519123333076589,27.35,35.18,80.38,cs,35.19,19.51,46.83,40.61,33.75,19.6612,7.0681,0.0001,0.1,,,False,False,True,71.35,84.22,76.71,91.53,83.19,84.76,70.9,80.4,1.955645504581531,1.8100692116929957,0.14557629288853535,159.95562428740485,19.71563720703125,7.070184561610222,3.1129424325403763,10.971009072935615,0.07016593171096155,0.04971165933994559,0.08666770476765216,0.05008670667987267,0.07050899652358397
frm_lora_null_lr2e4_c256_s43,frm,43.0,frm_lora_null_lr2e4_c256,lora_null,0.883,-0.05403929642243141,19.45,28.33,62.24,math_faithful,29.43,9.48,24.37,33.19,45.2,82.5132,13.2632,0.0002,,,,False,False,True,,,,,,,,,3.0794753461747035,1.8520239240816387,1.2274514220930648,792.6090155663002,82.51178741455078,13.26349160373211,25.72684643964068,61.98436136175513,0.08966015354868481,0.04238775864555099,0.09412501367519453,0.05888615337849295,0.08533259985196795
qwswm_clora_k1024_lr5e5_s42,qwswm,42.0,qwswm_clora_k1024_lr5e5,clora,0.0386,-1.413412695328245,43.46,53.35,57.92,gsm8k,47.03,39.88,72.01,50.68,57.15,3.6464,0.7477,5e-05,,1024.0,,False,False,True,,,,,,,,,,,,27.24244967342247,3.6529717445373535,0.748054844433318,6.298026840680114,20.949604711750904,0.057997984515969624,0.04371324682046692,0.0662202064274637,0.05152368037847449,0.04961673958370812
lora_wd0p1_s44,lora,44.0,lora_wd0p1,wd0p1,0.5519,-0.25813960593473645,24.74,,80.2,,33.22,16.26,,,,40.0106,12.4034,,0.1,,,False,False,False,71.31,83.08,79.99,90.46,83.98,83.12,68.26,81.4,2.244884987416665,1.8520239240816387,0.39286106333502646,413.76230569364577,40.00967025756836,12.40499006807804,7.2299040552146545,20.856599999911094,0.07014480081199916,0.04672508738098468,0.07528673338082886,0.0489731126489916,0.06781892672802348
lrswm_lora_r16_lr1e3_s44,lrswm,44.0,lrswm_lora_r16_lr1e3,lora,1.2915,0.11109441050933604,19.08,27.23,41.85,gsm8k,27.28,10.87,25.2,29.95,42.85,145.7182,27.6013,0.001,,,16.0,False,False,True,,,,,,,,,3.1029373377616634,1.8520239240816387,1.2509134136800246,1117.5808654510352,145.71630859375,27.598764246702196,10.453561493302168,15.064544150107697,0.07129410924705805,0.04506576776234492,0.07003430533055092,0.05062693980217816,0.06721358082730815
mtx_lorawd_wd0p5_s44,mtx,44.0,mtx_lorawd_wd0p5,lorawd,0.2635,-0.5792193804514345,27.24,35.44,50.85,cs,34.53,19.96,47.74,40.78,34.18,12.9403,4.7588,,0.5,,,False,False,False,64.28,50.98,9.42,77.81,75.06,48.86,41.38,39.0,1.9840284922544713,1.8520239240816387,0.13200456817283257,152.7142953514028,12.940110206604004,4.759673951566219,6.484494485076866,17.703951673784385,0.07479538652908639,0.04849067267852235,0.09247639024431475,0.048275902995058434,0.07483518936417445
mtx_lora_r128_s45,mtx,45.0,mtx_lora_r128,lora,1.2666,0.10263948369129999,14.54,24.6,69.98,cs,22.73,6.35,23.1,33.11,37.73,156.3685,20.4687,,,,128.0,False,False,False,66.67,76.71,74.77,65.98,78.53,69.57,55.8,71.8,3.2881737157928574,1.8100692116929957,1.4781045040998617,1025.9563758833706,156.36099243164062,20.469228321313857,19.588944481587042,68.57396259695967,0.07755476361157468,0.04620243163243492,0.0705379561161371,0.05061161500116069,0.07068873786501378
qwswm_sclora_r32_lr1e3_s43,qwswm,43.0,qwswm_sclora_r32_lr1e3,sclora,0.8559,-0.0675769736232612,7.24,23.77,21.23,gsm8k,12.79,1.68,27.36,33.7,43.33,54.7218,14.1088,0.001,,,32.0,False,False,True,,,,,,,,,4.0868702718720264,1.9346918347336524,2.152178437138374,845.6936059848147,54.71877670288086,14.110639024632318,19.41120866139759,34.36542151950568,0.13317870883370886,0.08805169843594156,0.12793842768349403,0.04326056052896669,0.11136012392930297
lrswm_dora_r16_lr5e4_s43,lrswm,43.0,lrswm_dora_r16_lr5e4,dora,0.8492,-0.07099001450603883,21.03,28.96,44.2,gsm8k,29.52,12.54,24.13,35.67,42.93,56.446,19.6115,0.0005,,,16.0,False,False,True,,,,,,,,,2.4903192727724566,1.8100692116929957,0.6802500610794608,626.4218939593616,56.444786071777344,19.62034695148468,6.312690719311741,13.160021234505384,0.06950948719971857,0.04699799468838199,0.07197028850180741,0.05006672243996616,0.06640349168874357
frc_lorawd_wd0p1_lr3e4_c256_s42,frc,42.0,frc_lorawd_wd0p1_lr3e4_c256,lorawd,0.5734,-0.24154231138953428,24.08,32.57,49.11,cs,31.39,16.78,42.83,38.05,33.79,42.523,12.4488,0.00030000000000000003,0.1,,,False,False,True,33.03,19.31,46.32,20.27,50.67,81.02,68.26,74.0,2.256205750584091,1.8520239240816387,0.40418182650245216,415.2617092668213,42.521976470947266,12.450215631723404,7.2666402555016445,20.813816310797694,0.07042608712604537,0.046768353888393226,0.07482255331645106,0.04883845249440476,0.06768494966077403
frc_sclora_lr3e4_c256_s45,frc,45.0,frc_sclora_lr3e4_c256,sclora,1.0343,0.014646524684031777,16.0,25.36,76.65,cs,25.99,6.02,22.95,35.58,36.27,88.125,15.3106,0.00030000000000000003,,,,False,False,True,69.24,80.79,78.71,82.81,80.66,78.54,64.85,77.6,2.755979035598483,1.8100692116929957,0.9459098239054871,749.4791088913513,88.12378692626953,15.312237921357156,16.082546591950674,31.97467752604927,0.07640113399156087,0.04312354954972168,0.25917360716969357,0.024364649566287,0.13073205294082554
lrsw_lora_null_r16_lr2e5_s44,lrsw,44.0,lrsw_lora_null_r16_lr2e5,lora_null,0.138,-0.8601209135987634,26.12,36.47,68.84,cs,33.59,18.66,44.42,46.93,38.77,2.5567,1.1074,2e-05,,,16.0,False,False,True,62.17,75.19,76.05,62.21,58.09,81.31,63.74,72.0,1.8759606157205835,1.8100692116929957,0.06589140402758775,27.790810105820537,2.558845281600952,1.1076443625614047,4.389748740811117,15.350608554865602,0.24890928863312278,0.031372092364101906,0.1636657274316578,0.07918998550630788,0.17514095696734
lam_E1e3_D1e3,lam,,lam_E1e3_D1e3,E1e3,0.3438,-0.4636941276489664,25.07,,24.53,,35.07,15.07,,,,7.1963,2.9263,,,,,False,False,False,24.04,43.74,24.72,6.43,51.93,18.18,12.8,14.4,,,,,,,,,,,,,
frc_lorawd_wd0p1_lr2e4_c256_s44,frc,44.0,frc_lorawd_wd0p1_lr2e4_c256,lorawd,0.4177,-0.3791355247348789,25.74,34.23,80.05,cs,33.22,18.27,45.37,39.59,34.71,29.87,10.693,0.0002,0.1,,,False,False,True,69.39,82.59,76.05,90.86,85.0,84.72,70.39,81.4,2.089026957360004,1.8100692116929957,0.2789577456670085,302.6724595445657,29.901241302490234,10.698246708512306,5.01934173675045,16.741937053780408,0.06935940207191986,0.04744646717748805,0.07816517129931456,0.04902989934722248,0.06802998142386116
lrsw_dora_r16_lr5e4_s42,lrsw,42.0,lrsw_dora_r16_lr5e4,dora,1.2143,0.08432599501682705,17.8,27.2,74.36,cs,25.53,10.07,30.25,34.47,35.68,202.5434,25.0,0.0005,,,16.0,False,False,True,69.24,73.99,76.66,76.72,72.85,79.59,64.85,81.0,2.5739670675837893,1.8520239240816387,0.7219431435021506,821.016627445977,202.54212951660156,25.00685402750969,7.019665531642909,13.398729302270972,0.08228077290384285,0.04524254448589409,0.07659064466480166,0.049979669177951984,0.07616207711058455
mtx_lorawd_wd0p3_s43,mtx,43.0,mtx_lorawd_wd0p3,lorawd,0.3711,-0.43050904565121695,26.64,34.68,74.3,cs,33.51,19.76,44.05,38.99,37.07,20.2821,7.1216,,0.3,,,False,False,False,20.0,84.0,79.94,91.31,82.32,84.09,69.71,83.0,2.0309387157280754,1.8520239240816387,0.17891479164643664,233.94194462673775,20.28168487548828,7.123035500943661,6.788406850831101,19.407243502476362,0.0717056682319521,0.047398900729140055,0.0836696181945933,0.04822300345610792,0.07072751261387483
frc_lorawd_wd0p2_lr5e4_c256_s45,frc,45.0,frc_lorawd_wd0p2_lr5e4_c256,lorawd,0.5266,-0.2785191452299507,24.89,33.18,80.81,cs,31.61,18.17,42.25,38.91,34.98,48.7956,9.0472,0.0005,0.2,,,False,False,True,71.96,83.03,79.89,91.2,84.06,84.81,70.9,80.6,2.112479429453725,1.8100692116929957,0.3024102177607293,371.71463668924434,48.795047760009766,9.047785924375058,11.645013020375547,24.93630767266526,0.0741230203397406,0.046032399885227206,0.07905881882145051,0.048326634656868456,0.07121884493528118
frc_milora_a1r_lr5e4_c256_s43,frc,43.0,frc_milora_a1r_lr5e4_c256,milora,0.8585,-0.06625970050306466,21.27,27.48,76.92,cs,29.24,13.3,27.09,36.01,31.76,144.397,20.851,0.0005,,,,False,False,True,70.12,78.35,78.56,83.88,78.3,80.01,66.55,79.6,2.5658613428720956,1.8100692116929957,0.7557921311790998,710.4747902018032,144.39671325683594,20.852521306276323,9.011080198131195,20.713421982797342,0.07147446914330693,0.060925055488614384,0.06737753296984286,0.06791551179137656,0.06515177835487862
frm_clora_k128_lr3e4_c256_s42,frm,42.0,frm_clora_k128_lr3e4_c256,clora,1.0793,0.03314217706062464,18.52,27.28,59.59,math_faithful,27.55,9.49,23.74,29.78,45.84,27.0206,15.2187,0.00030000000000000003,,128.0,,False,False,True,,,,,,,,,3.372252300723053,1.8520239240816387,1.5202283766414144,940.3234178871093,27.023693084716797,15.219149288535117,25.73032315090285,54.81462978478083,0.06473216635727595,0.0461550617323849,0.06665379535697487,0.050369720587557065,0.06272054984344164
lrswm_clora_k1024_lr3e4_s43,lrswm,43.0,lrswm_clora_k1024_lr3e4,clora,0.3191,-0.49607319580648956,22.8,31.43,49.05,gsm8k,29.98,15.62,29.27,42.15,40.11,17.0256,7.1067,0.00030000000000000003,,1024.0,,False,False,True,,,,,,,,,2.2125124366402504,1.8100692116929957,0.4024432249472547,274.402508670628,17.032489776611328,7.107736168801784,7.529885113171816,22.352257939912768,0.058533722619931304,0.04872563772113779,0.06361916867150211,0.04954951066091129,0.055885939469746515
b4_sclora_r32_lr2e4_s43,b4,43.0,b4_sclora_r32_lr2e4,sclora,0.5357,-0.27107835362714067,24.57,32.69,79.81,cs,31.52,17.62,37.55,40.1,36.66,19.7965,7.1622,0.0002,,,32.0,False,False,False,72.26,83.41,78.92,88.23,82.08,83.54,68.43,81.6,2.290998412302625,1.8100692116929957,0.4809292006096293,318.6851334001085,19.796932220458984,7.162857617437839,12.956473873627074,35.07642058429746,0.07822758191613163,0.03940659267478231,0.2110189735570809,0.022994121059023195,0.1173439536986182
calib_lora_fastret,calib,,calib_lora_fastret,lora,0.7382,-0.13182595914036166,22.52,,78.56,,31.31,13.73,,,,55.3881,17.5608,,,,,False,False,False,69.25,85.0,79.0,83.5,83.0,81.75,66.75,80.25,,,,,,,,,,,,,
qwsw_dora_r16_lr5e4_s44,qwsw,44.0,qwsw_dora_r16_lr5e4,dora,0.5737,-0.24131515011755902,11.16,31.61,64.74,cs,14.38,7.95,57.04,38.14,40.53,40.3278,15.0901,0.0005,,,16.0,False,False,True,70.8,73.99,77.64,0.07,84.21,71.59,59.04,80.6,2.658365924195632,1.9346918347336524,0.7236740894619795,613.1744505472603,40.4033203125,15.09293248312814,8.984847804966353,14.745393140061758,0.11148262303265923,0.09820928196430066,0.06303557760447964,0.047066431776596696,0.06925912093713212
lrsw_clora_k1024_lr2e4_s45,lrsw,45.0,lrsw_clora_k1024_lr2e4,clora,0.3384,-0.47056964563301407,25.19,34.3,80.62,cs,31.67,18.71,44.25,41.38,35.48,16.1449,7.8811,0.0002,,1024.0,,False,False,True,72.42,82.75,79.48,90.16,83.98,84.26,71.08,80.8,2.097913038230755,1.8100692116929957,0.2878438265377594,258.1060037854607,16.14838218688965,7.884536007791757,5.582619533278118,18.819130477277735,0.059976573760536334,0.04877179717938487,0.06713877369662286,0.04898546104684254,0.05789045354057083
lrswm_milora_r32_lr3e4_s43,lrswm,43.0,lrswm_milora_r32_lr3e4,milora,0.4604,-0.3368646850422458,23.04,32.29,46.93,gsm8k,29.93,16.15,33.38,40.7,41.31,25.5421,11.6082,0.00030000000000000003,,,32.0,False,False,True,,,,,,,,,2.2922676821862695,1.8100692116929957,0.4821984704932738,306.1572604337626,25.54203987121582,11.610066759586335,5.40956264182469,15.771157743157188,0.0623994556670801,0.1010108494830881,0.07247871000425311,0.10723866284828425,0.06358338886972653
qwswm_lora_r32_lr5e4_s43,qwswm,43.0,qwswm_lora_r32_lr5e4,lora,0.386,-0.41341269532824504,35.7,47.11,71.04,gsm8k,40.13,31.27,62.64,49.15,52.34,32.727,8.5649,0.0005,,,32.0,False,False,True,,,,,,,,,2.4750286134132966,1.9346918347336524,0.5403367786796442,451.9790741529602,32.74052810668945,8.567090957505362,15.959261679657219,28.4966201450369,0.10904423912116953,0.09448897688085205,0.06144386305125487,0.04744989802570822,0.06737867128531617
scl2_b0p8_r128_s44,scl2,44.0,scl2_b0p8_r128,b0p8,1.5423,0.18816885858669632,6.81,20.64,67.34,cs,12.96,0.65,22.55,32.34,34.68,66.7183,12.6873,,,,128.0,False,False,False,66.18,75.73,76.2,53.67,73.88,69.57,54.52,69.0,4.588897925463288,1.8520239240816387,2.736874001381649,873.288630964282,66.71601867675781,12.68706094622612,35.423549758828955,122.84463706085666,0.09309312863661146,0.04133987942909164,0.31385103021693816,0.02358642144677002,0.1533845555009654
qwsw_clora_k1024_lr5e5_s43,qwsw,43.0,qwsw_clora_k1024_lr5e5,clora,0.0974,-1.0114410431213845,38.94,50.18,87.23,cs,45.43,32.45,72.15,51.62,49.23,7.804,2.1121,5e-05,,1024.0,,False,False,True,73.0,89.55,79.48,95.1,84.61,95.45,88.65,92.0,2.0078319229101464,1.9346918347336524,0.07314008817649409,61.070973552368386,7.806954860687256,2.112866890073045,3.1610383010711205,11.768307511585322,0.05892231509596631,0.042090131051310334,0.07470920040914644,0.05108379181302811,0.050469572486260356
lrsw_clora_k1024_lr2e3_s44,lrsw,44.0,lrsw_clora_k1024_lr2e3,clora,1.8887,0.27616298031914155,6.32,20.37,54.26,cs,11.69,0.94,22.9,26.54,39.78,116.2509,29.1829,0.002,,1024.0,,False,False,True,61.93,61.32,66.89,37.95,60.77,49.71,40.1,55.4,3.998854296146935,1.8100692116929957,2.188785084453939,1439.422710989847,116.25706481933594,29.186295706033707,16.50423125139968,29.240151737106128,0.07307616709283454,0.04772693039910327,0.06973789891753944,0.051156381445357314,0.07032054057234077
mtx_dora_r32_s44,mtx,44.0,mtx_dora_r32,dora,0.8836,-0.05374429280060265,21.1,27.69,78.8,cs,29.26,12.95,26.31,36.18,33.74,107.7165,18.8212,,,,32.0,False,False,False,71.13,82.05,79.17,85.9,82.32,81.61,66.21,82.0,2.487571306794185,1.8520239240816387,0.6355473827125464,616.7071830388629,107.71481323242188,18.823698565363884,7.261688199174699,20.949738363931246,0.07961361722155454,0.04592986782285374,0.07550615359282575,0.04958885141942353,0.07311310672573942
lrswm_clora_k1024_lr5e4_s42,lrswm,42.0,lrswm_clora_k1024_lr5e4,clora,0.4801,-0.31866829403083424,22.77,30.25,47.23,gsm8k,30.53,15.01,25.8,36.86,43.07,20.1656,9.4934,0.0005,,1024.0,,False,False,True,,,,,,,,,2.469135914528221,1.8520239240816387,0.617111990446582,423.8496544426218,20.168046951293945,9.494092588126659,10.483988069438093,25.20338434899169,0.05737079276802156,0.047317430543414404,0.06171491634917721,0.04945225015310357,0.05524678267078601
qwswm_lorawd_wd0p3_lr3e4_s43,qwswm,43.0,qwswm_lorawd_wd0p3_lr3e4,lorawd,0.0993,-1.0030507515046188,44.98,54.04,72.78,gsm8k,47.95,42.02,71.72,52.39,56.13,8.6699,2.232,0.00030000000000000003,0.3,,,False,False,True,,,,,,,,,,,,97.05874519717135,8.669093132019043,2.232509869975703,11.341910578571996,25.380257708124958,0.11643247735739642,0.10073485980076696,0.06649866498953935,0.04693050813504097,0.07199800647120068
a5_k1024_v128_dE0_lr1e2,a5,,a5_k1024_v128_dE0_lr1e2,k1024,0.3944,-0.40406309373082644,23.12,,54.77,,33.85,12.39,,,,8.8844,3.5247,0.01,,1024.0,,False,False,False,1.65,69.1,70.78,30.79,69.53,75.67,55.8,64.8,,,,,,,,,,,,,
frc_lorawd_wd0p5_lr1e4_c256_s45,frc,45.0,frc_lorawd_wd0p5_lr1e4_c256,lorawd,0.2102,-0.6773672883077766,27.92,35.78,76.14,cs,35.37,20.46,45.45,41.81,35.83,13.9508,4.5226,0.0001,0.5,,,False,False,True,56.73,78.35,78.56,82.22,82.16,83.29,69.2,78.6,1.899816154235944,1.8100692116929957,0.08974694254294824,100.90293330234454,13.956059455871582,4.523819535970688,2.9732178593196257,9.432386294948813,0.07262717295379083,0.05154974356819844,0.09745201049452401,0.050910638286861036,0.0743098883408496
clora_cs_k1024,clora,,clora_cs_k1024,cs,0.4568,-0.34027390476220837,24.82,,79.85,,33.53,16.11,,,,21.9637,9.7477,,,,,False,False,False,71.13,82.48,79.89,89.53,82.79,82.62,69.37,81.0,2.272355862430413,1.8520239240816387,0.42033193834877425,370.1155181633778,21.97883415222168,9.749713225662708,7.737279951833526,22.274983200613853,0.058451847677189375,0.04731511913474248,0.06352521354011716,0.048744423030000164,0.05642942173072165
frc_lorawd_wd0p5_lr5e4_c256_s43,frc,43.0,frc_lorawd_wd0p5_lr5e4_c256,lorawd,0.2636,-0.5790545940780277,26.97,33.78,80.92,cs,33.77,20.16,42.07,38.82,34.1,23.587,4.5314,0.0005,0.5,,,False,False,True,68.93,84.66,81.37,89.32,83.98,86.28,70.99,81.8,1.9152920531484143,1.8100692116929957,0.1052228414554186,164.16457768501002,23.58688735961914,4.531727416068316,8.751603557998308,20.92645053956414,0.07582594663227094,0.046938866669344305,0.09108597205867891,0.04806553093820854,0.07516058872193325
dora_r64,dora,,dora_r64,r64,1.4383,0.15784948045290167,20.81,,76.78,,31.02,10.6,,,,274.6541,21.7377,,,,,False,False,False,69.88,81.23,78.25,83.63,82.56,79.17,63.48,76.0,2.8245918754660724,1.8520239240816387,0.9725679513844336,872.7528398524145,274.65045166015625,21.739587366580963,11.429840620804557,36.58876219282679,0.09730392312932032,0.04461556484670328,0.08617445315753657,0.049341483675897344,0.08801195319329842
lrswm_clora_k1024_lr3e4_s44,lrswm,44.0,lrswm_clora_k1024_lr3e4,clora,0.318,-0.4975728800155673,23.76,31.0,47.38,gsm8k,31.98,15.54,25.29,42.24,39.97,17.3113,7.0445,0.00030000000000000003,,1024.0,,False,False,True,,,,,,,,,2.1945281098090095,1.8100692116929957,0.38445889811601375,274.4476547587092,17.33991050720215,7.0462344694882635,7.678778506044547,22.501297616553604,0.05812967631078671,0.04873930717085178,0.06356227182322403,0.04937200240614252,0.05569301704169005
qwsw_clora_k1024_lr2e4_s45,qwsw,45.0,qwsw_clora_k1024_lr2e4,clora,0.2083,-0.6813107300522541,40.64,48.48,78.32,cs,45.63,35.65,69.21,46.33,45.59,21.0264,5.3269,0.0002,,1024.0,,False,False,True,74.59,41.73,78.56,87.78,85.64,90.19,80.89,87.2,2.231274525339065,1.9346918347336524,0.29658269060541276,243.84526840586048,21.035808563232422,5.32866282847026,8.283452986734977,23.136337707345835,0.0535739618038629,0.04284836664721949,0.06030401406968506,0.044503589085004035,0.04446311507972127
lrsw_lora_null_r16_lr2e4_s44,lrsw,44.0,lrsw_lora_null_r16_lr2e4,lora_null,0.3507,-0.45506423411849745,25.24,33.54,61.36,cs,33.07,17.41,44.29,40.27,32.68,17.3862,7.2222,0.0002,,,16.0,False,False,True,71.16,67.85,24.97,59.3,79.48,71.0,54.35,62.8,2.0904983311429386,1.8520239240816387,0.23847440706129985,226.28762613519376,17.400161743164062,7.225383889675141,6.1946835377615,16.21847503034562,0.17173498100073745,0.03697819075329875,0.11634889186248912,0.0627246399489955,0.12169342048790127
qwsw_sclora_r32_lr1e3_s43,qwsw,43.0,qwsw_sclora_r32_lr1e3,sclora,1.0935,0.03881878737365583,6.24,20.82,59.43,cs,11.93,0.54,24.37,28.67,38.58,99.2904,19.3045,0.001,,,32.0,False,False,True,64.95,56.42,70.21,24.43,71.27,66.2,51.54,70.4,3.6615057934515596,1.9346918347336524,1.7268139587179072,1053.2278902433877,99.28701782226562,19.30670240521431,17.219494782192942,32.327464826998714,0.11909198058992018,0.09741595746608357,0.0887598560219038,0.04846785989257446,0.09215883020732243
scl2_b0p0_r32_s42,scl2,42.0,scl2_b0p0_r32,b0p0,1.4404,0.1584831126992477,11.02,23.85,74.0,cs,21.52,0.52,23.69,35.24,38.26,43.117,13.562,,,,32.0,False,False,False,68.96,79.6,77.18,75.12,79.87,76.18,61.52,73.6,4.083037498819771,1.8520239240816387,2.2310135747381326,575.2991123466369,43.12126922607422,13.562415665388107,11.625484908597592,32.57910448718224,0.11363390060702695,0.04120303969879416,0.46787633109552296,0.019887975199640924,0.19661603399645128
frm_milora_lr1e4_c256_s44,frm,44.0,frm_milora_lr1e4_c256,milora,0.4483,-0.34843126113420814,23.94,32.3,63.76,math_faithful,32.38,15.51,28.96,40.53,44.1,32.511,10.404,0.0001,,,,False,False,True,,,,,,,,,2.51962782135336,1.8520239240816387,0.6676038972717211,347.1065295728994,32.511268615722656,10.404637607932091,9.993262639970373,33.17733326842482,0.061581944019526096,0.08809552563369061,0.062278747676074185,0.1901777675367397,0.05931735145547859
qwsw_lora_r16_lr7e5_s42,qwsw,42.0,qwsw_lora_r16_lr7e5,lora,0.1352,-0.8690233083943829,36.38,48.09,87.47,cs,40.76,31.99,71.66,47.95,48.09,13.0507,3.4996,7.000000000000001e-05,,,16.0,False,False,True,73.58,89.72,80.96,95.02,84.77,95.62,88.65,91.4,2.022092537643677,1.9346918347336524,0.08740070291002455,80.14650518235318,13.071828842163086,3.5014163600546975,2.6033089608376514,7.12035488568994,0.11482723567175777,0.09197420963475898,0.0843653344727402,0.0500721267320833,0.07468083160590175
lrswm_milora_r32_lr2e5_s44,lrswm,44.0,lrswm_milora_r32_lr2e5,milora,0.2727,-0.5643148620583701,25.68,34.04,34.8,gsm8k,33.91,17.46,30.91,47.35,40.57,3.6069,1.5707,2e-05,,,32.0,False,False,True,,,,,,,,,1.8812072059105358,1.8100692116929957,0.07113799421754008,27.265228236189134,3.61389422416687,1.5714696083217858,2.7215964804944415,9.538934962363596,0.04994967586600197,0.26426505720047766,0.1506981170239568,0.17882454705419187,0.07593608156534741
lrsw_dora_r16_lr5e5_s43,lrsw,43.0,lrsw_dora_r16_lr5e5,dora,0.2557,-0.5922692719736646,26.98,36.61,35.79,cs,34.19,19.76,46.99,45.99,36.14,10.1364,4.0313,5e-05,,,16.0,False,False,True,53.55,72.03,20.88,14.81,44.99,34.47,28.41,17.2,2.0672504027319825,1.8100692116929957,0.25718119103898673,70.0632547320019,10.153182029724121,4.034120252728462,1.7130535988793003,3.976058899350708,0.06926457859518659,0.05042419161709721,0.10710950063208675,0.05515651041036787,0.07586926298308945
frc_lora_null_lr2e4_c256_s43,frc,43.0,frc_lora_null_lr2e4_c256,lora_null,0.5343,-0.272214825817094,23.29,31.55,79.75,cs,31.95,14.63,41.44,37.37,32.36,29.1502,10.6804,0.0002,,,,False,False,True,72.02,83.62,80.76,86.1,80.82,83.0,70.48,81.2,2.3434972588692133,1.8100692116929957,0.5334280471762176,440.0752014076673,29.14997100830078,10.681008699536324,10.958803504184633,30.35156755084074,0.10246816177916383,0.04189070994455196,0.11458962292858203,0.06334580159675807,0.09549395680570139
lrsw_clora_k1024_lr5e4_s45,lrsw,45.0,lrsw_clora_k1024_lr5e4,clora,0.6463,-0.18956584407732724,21.66,29.64,77.94,cs,30.56,12.75,33.73,36.18,35.0,27.1284,12.625,0.0005,,1024.0,,False,False,True,70.98,81.83,78.76,88.21,81.22,79.29,63.82,79.4,2.433674101264704,1.8100692116929957,0.6236048895717083,556.6187703102217,27.118383407592773,12.625804632902145,11.495393936245524,25.676459403100736,0.05839929925930018,0.04637668442074227,0.06106797364955634,0.04917534526600427,0.056291956462462
brq_lora_r16_lr1e4_s42,brq,42.0,brq_lora_r16_lr1e4,lora,0.0834,-1.0788339493622612,42.06,53.31,52.4,medmcqa,45.15,38.96,71.99,57.42,53.05,3.7509,1.1739,0.0001,,,16.0,False,False,False,,,,,,,,,,,,14.451762868095816,1.9930534362792969,0.93500136193775,2.410673414832704,6.129424897277591,0.2706937263773937,0.2703452006222794,0.09253715943284063,0.07272794694074888,0.14814245796148495
frc_clora_k1024_lr3e4_c256_s44,frc,44.0,frc_clora_k1024_lr3e4_c256,clora,0.4514,-0.34543844525825673,24.54,32.46,79.93,cs,32.59,16.5,38.71,39.42,35.1,20.1383,9.9465,0.00030000000000000003,,1024.0,,False,False,True,72.66,83.08,78.92,89.26,83.27,83.12,69.11,80.0,2.300719129400923,1.8520239240816387,0.4486952053192841,371.14403562842637,20.144256591796875,9.948599003255367,7.4604129749533135,22.128028477455025,0.058483365432449454,0.04726851219065712,0.06381730926392726,0.048883186774363326,0.05662746526064407
qwswm_milora_r32_lr3e4_s42,qwswm,42.0,qwswm_milora_r32_lr3e4,milora,0.1969,-0.7057542838618818,39.51,50.75,55.95,gsm8k,39.36,39.66,70.1,49.66,54.98,13.8738,3.5525,0.00030000000000000003,,,32.0,False,False,True,,,,,,,,,,,,151.0265244976021,13.873613357543945,3.5529053394283565,12.613135541176533,30.374995329450872,0.07668167688759328,0.26107506457578744,0.055933562331714655,0.1953330211659557,0.05663660267810589
frm_milora_lr1e4_c256_s43,frm,43.0,frm_milora_lr1e4_c256,milora,0.4519,-0.34495765866879824,24.04,32.75,64.44,math_faithful,32.56,15.53,35.8,38.99,40.89,41.9214,10.6017,0.0001,,,,False,False,True,,,,,,,,,2.553180866240772,1.8520239240816387,0.701156942159133,348.8112894437976,41.921016693115234,10.602432134747506,9.928588110918126,33.02511607831142,0.06275044266796966,0.087722010996499,0.06235730555432504,0.18946616549266573,0.059797872494971795
lrsw_clora_k1024_lr5e4_s44,lrsw,44.0,lrsw_clora_k1024_lr5e4,clora,0.6606,-0.18006143064460461,21.03,31.07,78.33,cs,29.32,12.74,38.05,37.37,37.85,27.8635,12.6177,0.0005,,1024.0,,False,False,True,70.28,82.05,79.63,86.92,81.93,80.51,65.7,79.6,2.497613664298703,1.8520239240816387,0.6455897402170643,556.4683797282505,27.85356903076172,12.618546524643898,11.47419117574656,25.65023140670714,0.05835641732318438,0.046338976635138036,0.061202072440064925,0.04917022608631401,0.05632810110659301
mtx_clora_k128_s44,mtx,44.0,mtx_clora_k128,clora,0.5989,-0.22264568691579126,23.2,31.93,79.06,cs,31.3,15.09,42.39,35.92,34.93,29.3562,12.9162,,,128.0,,False,False,False,70.4,82.64,79.32,88.39,81.85,81.69,68.6,79.6,2.4292084921990167,1.8520239240816387,0.577184568117378,496.9730270197378,29.348752975463867,12.916980466246605,8.899118124412846,24.091178245234182,0.06298138011223385,0.04602127284961159,0.06688468121758294,0.04915726198901869,0.06109783679794106
qwswm_dora_r16_lr1e4_s43,qwswm,43.0,qwswm_dora_r16_lr1e4,dora,0.071,-1.1487416512809248,43.42,53.65,62.93,gsm8k,46.95,39.88,72.07,52.73,56.61,6.0659,1.926,0.0001,,,16.0,False,False,True,,,,,,,,,1.9850969230734976,1.9346918347336524,0.05040508833984525,49.926647168491854,6.072073459625244,1.9270196889128004,3.976821992845201,10.439178241159967,0.12240210576962024,0.10209478757013596,0.07162879783040825,0.05054422736418801,0.07535516634307414
uioW4_k512_v64_dE0_lr1e3,other,,uioW4_k512_v64_dE0_lr1e3,k512,0.9384,-0.027612000892527164,14.17,,38.38,,21.64,6.7,,,,8.8164,3.1734,0.001,,512.0,,False,False,False,61.38,54.41,34.03,25.18,50.04,29.0,25.77,27.2,,,,,,,,,,,,,
grid_k410_v205_dE1_lr1e2,grid,,grid_k410_v205_dE1_lr1e2,k410,0.5516,-0.25837574249618783,25.66,,71.12,,34.14,17.19,,,,18.692,7.4921,0.01,,410.0,,False,False,False,53.76,80.3,78.25,62.66,78.06,79.59,63.57,72.8,,,,,,,,,,,,,
frc_lorawd_wd0_lr7e4_c256_s43,frc,43.0,frc_lorawd_wd0_lr7e4_c256,lorawd,1.5106,0.1791494803611487,16.06,24.93,64.84,cs,24.82,7.3,23.64,31.31,37.59,188.6424,27.766,0.0007,0.0,,,False,False,True,64.43,73.29,75.13,53.55,71.51,65.32,50.09,65.4,3.1799209289089214,1.8100692116929957,1.3698517172159257,1287.3456119064767,188.63755798339844,27.768754762411117,15.316579139590896,28.018981431288562,0.0768114067386354,0.046278664811945376,0.06866512832225391,0.051445950513504146,0.0702326502111332
lrsw_lora_null_r16_lr3e4_s42,lrsw,42.0,lrsw_lora_null_r16_lr3e4,lora_null,0.4459,-0.35076252765039273,24.5,32.5,31.64,cs,32.28,16.72,40.07,38.48,34.94,26.6201,10.1975,0.00030000000000000003,,,16.0,False,False,True,55.6,2.77,0.26,9.78,57.85,43.6,29.1,54.2,2.1606125566734575,1.8520239240816387,0.3085886325918188,343.8169998660805,26.61977195739746,10.200006291270256,7.078290479216039,15.715853882891814,0.10491352088987249,0.0388869288930514,0.07371192032361024,0.051600723703162266,0.08416366537152266
mtx_dora_r64_s44,mtx,44.0,mtx_dora_r64,dora,1.4109,0.14949623346574192,18.82,26.57,75.71,cs,28.41,9.23,26.81,35.15,33.25,335.1516,21.9444,,,,64.0,False,False,False,68.62,81.5,76.71,80.65,81.06,77.48,62.03,77.6,2.7932768654110074,1.8520239240816387,0.9412529413293687,891.6264606344268,335.1454162597656,21.946325653791426,11.541251951673877,36.6303101987585,0.09945833366248559,0.04468447000868848,0.08577410274679559,0.04920583401617573,0.08866031919319693
qwswm_lorawd_wd0p3_lr3e4_s42,qwswm,42.0,qwswm_lorawd_wd0p3_lr3e4,lorawd,0.1038,-0.9838026464875609,45.44,54.37,66.64,gsm8k,47.57,43.3,71.58,53.5,55.91,7.962,2.2187,0.00030000000000000003,0.3,,,False,False,True,,,,,,,,,,,,97.27526086860584,7.981849193572998,2.2192202787314144,11.376651172628327,25.35913965697349,0.11660150158197283,0.09988000072427282,0.06670744922812656,0.04701995596975234,0.07225601336526064
frm_lorawd_wd0_lr7e4_c256_s42,frm,42.0,frm_lorawd_wd0_lr7e4_c256,lorawd,10.8005,1.0334438612475563,1.82,20.05,37.0,math_faithful,3.64,0.0,23.28,25.09,48.23,1342.2177,115.7789,0.0007,0.0,,,True,False,True,,,,,,,,,10.21390813722959,1.8520239240816387,8.36188421314795,6903.042337438749,1342.241455078125,115.78249257206917,25.008023810213857,53.788669320908156,0.10116084764006879,0.044664005362752945,0.12083218600644972,0.04627298483426194,0.11208505446365105
lrsw_sclora_r32_lr5e5_s43,lrsw,43.0,lrsw_sclora_r32_lr5e5,sclora,0.286,-0.5436339668709571,25.56,34.5,80.84,cs,33.6,17.51,44.4,41.3,35.71,6.5311,2.6418,5e-05,,,32.0,False,False,True,72.26,83.9,79.32,90.35,81.93,85.1,72.27,81.6,2.018126304650288,1.8520239240816387,0.16610238056864945,92.80990130695348,6.5314412117004395,2.642764089629054,9.1537278283852,34.435684016438024,0.0909641825022707,0.03692642680731953,0.3867389711257165,0.01188689927066706,0.1626187667308032
lrsw_lora_null_r16_lr5e4_s44,lrsw,44.0,lrsw_lora_null_r16_lr5e4,lora_null,0.7055,-0.15150298190963335,21.64,29.7,78.82,cs,29.58,13.71,35.09,35.75,34.38,56.3436,16.0318,0.0005,,,16.0,False,False,True,71.04,81.66,78.51,88.18,82.79,80.89,66.89,80.6,2.39126871298316,1.8520239240816387,0.539244788901521,577.1233982198718,56.34230041503906,16.03326643705368,8.34715556983774,15.79890937394126,0.11399375291383225,0.041450289093321116,0.09001619192726076,0.05652532919652593,0.09277595130325424
frm_lorawd_wd0p3_lr2e4_c512_s42,frm,42.0,frm_lorawd_wd0p3_lr2e4_c512,lorawd,0.2821,-0.5495969138446337,26.15,34.78,69.52,math_faithful,33.57,18.73,36.97,41.55,43.09,21.1115,4.3849,0.0002,0.3,,,False,False,True,,,,,,,,,2.062832721929168,1.8520239240816387,0.21080879784752904,192.6486288393521,21.111215591430664,4.38540466427803,12.986614227507095,38.58789331202764,0.07326054150827019,0.0485288808199941,0.08633599503527373,0.04928998313864755,0.07267163268790416
qwsw_lora_r16_lr1e4_s42,qwsw,42.0,qwsw_lora_r16_lr1e4,lora,0.1609,-0.7934439559009705,38.55,47.82,87.43,cs,44.74,32.36,71.02,44.28,46.69,15.9876,4.7314,0.0001,,,16.0,False,False,True,73.33,89.72,79.84,95.11,85.79,96.0,89.08,90.6,,,,117.61025881342131,16.01188087463379,4.733590887699808,3.122489528485888,8.534703687477002,0.1157462507352042,0.09171508891920083,0.07863146659857725,0.04840234413861057,0.0736853962669266
lrsw_lora_r16_lr1e4_s43,lrsw,43.0,lrsw_lora_r16_lr1e4,lora,0.3036,-0.5176982327765572,26.46,35.27,54.46,cs,33.54,19.38,45.88,42.41,35.15,17.9099,7.3741,0.0001,,,16.0,False,False,True,63.98,62.51,53.74,79.48,72.06,37.33,32.0,34.6,2.0601335762829134,1.8100692116929957,0.25006436458991765,145.3913036670675,17.941457748413086,7.377063216269017,2.3128325952622206,6.252996731227204,0.07069078917009614,0.04927846704787761,0.08997178085773753,0.05044135580377142,0.0719556093530174
lrswm_dora_r16_lr5e5_s42,lrswm,42.0,lrswm_dora_r16_lr5e5,dora,0.3361,-0.47353148753052254,25.92,33.58,38.36,gsm8k,34.71,17.14,28.79,44.8,42.46,13.1105,3.6832,5e-05,,,16.0,False,False,True,,,,,,,,,1.9671348032823675,1.8520239240816387,0.11511087920072871,66.34165279622873,13.14430046081543,3.6855702981352807,1.8420305518304765,4.421956071907698,0.06534355221547643,0.05639165761015157,0.12370815509809188,0.05068263634429966,0.07666192222006676
qwswm_dora_r16_lr2e5_s43,qwswm,43.0,qwswm_dora_r16_lr2e5,dora,0.0396,-1.4023048140744876,43.52,53.67,56.41,gsm8k,47.98,39.05,72.1,51.79,57.44,2.1306,0.5476,2e-05,,,16.0,False,False,True,,,,,,,,,1.9507247312616534,1.9346918347336524,0.016032896528000995,11.252572725516957,2.135704278945923,0.5480655485498054,2.3069801982390397,6.53567089478874,0.12414795585423781,0.10588602568557852,0.10235241053601056,0.05497914842425681,0.08442844227349093
dora_r8_s43,dora,43.0,dora_r8,r8,0.5282,-0.27720160312909475,24.4,,79.2,,31.58,17.22,,,,45.7479,16.8128,,,,8.0,False,False,False,70.98,81.34,79.63,88.96,82.16,83.5,69.62,77.4,2.154631907021336,1.8520239240816387,0.30260798293969726,378.6682168778206,45.81090545654297,16.818257600069046,3.129987164955349,6.149372634484977,0.0673589471283271,0.04613785383515048,0.07578064747031749,0.0491703161762312,0.06691311701187859
frc_lorawd_wd0p1_lr5e4_c256_s45,frc,45.0,frc_lorawd_wd0p1_lr5e4_c256,lorawd,0.7391,-0.13129679772146333,22.29,29.52,78.79,cs,30.32,14.26,32.62,38.05,32.36,80.2495,13.3516,0.0005,0.1,,,False,False,True,70.86,82.43,79.73,87.5,81.45,80.85,66.72,80.8,2.3010770195726806,1.8100692116929957,0.4910078078796849,564.4667105878478,80.24688720703125,13.352918702363969,12.49841525160022,25.822610118425157,0.0741283246216478,0.0459862385415171,0.07375599399578303,0.04935393398454453,0.06950609252158454
frm_lorawd_wd0p2_lr1e4_c256_s43,frm,43.0,frm_lorawd_wd0p2_lr1e4_c256,lorawd,0.2795,-0.5536181877775579,25.5,34.3,64.52,math_faithful,33.34,17.65,37.48,42.32,40.72,18.7134,5.5096,0.0001,0.2,,,False,False,True,,,,,,,,,2.11997145238401,1.8520239240816387,0.2679475283023711,186.85392156930567,18.717660903930664,5.5103157490491865,7.504785334147993,29.655126585944444,0.06949328561940879,0.050260294043966425,0.08108356937620392,0.050257831911581265,0.06879476798604212
frc_lorawd_wd0_lr3e4_c256_s43,frc,43.0,frc_lorawd_wd0_lr3e4_c256,lorawd,0.7393,-0.13117929380248264,23.46,30.13,79.84,cs,31.72,15.21,30.98,37.71,35.01,62.6106,17.5556,0.00030000000000000003,0.0,,,False,False,True,71.5,83.3,79.63,88.07,82.48,82.11,69.2,82.4,2.4702164051272906,1.8100692116929957,0.6601471934342948,593.8158233043312,62.609561920166016,17.557985681295396,7.605369331433982,21.57965114200003,0.06897322812548007,0.04620317326446049,0.0709773498045382,0.049939365201045055,0.06597943343855502
uioW2_k256_v32_dE0,other,,uioW2_k256_v32_dE0,k256,1.1109,0.04567496676910502,3.89,,38.15,,5.21,2.57,,,,66.5966,9.1658,,,256.0,,False,False,False,62.45,50.82,34.24,24.36,50.43,27.02,27.05,28.8,,,,,,,,,,,,,
frc_milora_r32_lr3e4_c256_s43,frc,43.0,frc_milora_r32_lr3e4_c256,milora,0.7232,-0.14074158253269312,22.46,30.35,49.0,cs,30.98,13.95,34.03,36.69,36.12,71.3317,19.0445,0.00030000000000000003,,,32.0,False,False,True,67.43,27.2,17.55,69.04,9.94,77.86,63.99,59.0,2.4353326005959834,1.8100692116929957,0.6252633889029877,608.193335665043,71.33094024658203,19.045240938663483,7.954089496881877,19.28430341990594,0.06903013089943139,0.05739559441617775,0.0673311415959663,0.091496046214196,0.06458686397923492
frc_clora_k1024_lr3e4_c256_s42,frc,42.0,frc_clora_k1024_lr3e4_c256,clora,0.4413,-0.3552660725528074,24.3,32.72,80.14,cs,31.72,16.88,43.52,39.51,31.96,21.1078,9.9019,0.00030000000000000003,,1024.0,,False,False,True,71.83,84.44,78.45,88.61,82.64,83.96,68.43,82.8,2.2697829769998994,1.8520239240816387,0.41775905291826065,370.6636015854243,21.114238739013672,9.903950087726116,7.465596397687664,22.098794024618247,0.058315760060984205,0.047342016639686485,0.06369221660100244,0.048911323494002464,0.056483724234019615
mtx_sclora_b0p5_s45,mtx,45.0,mtx_sclora_b0p5,sclora,0.7496,-0.12517042212027812,18.24,25.69,59.97,cs,28.98,7.49,23.67,34.9,33.42,42.1681,10.2515,,,,,False,False,False,26.42,66.32,79.43,7.35,72.69,81.82,67.32,78.4,2.471160943015834,1.8100692116929957,0.6610917313228384,481.4088183262401,42.16813659667969,10.252565822005272,14.569083768163992,34.00519393379223,0.08425441306782612,0.04055797860307485,0.24335547027047813,0.026273506881946754,0.1275684381419366
frc_lora_null_lr3e4_c256_s42,frc,42.0,frc_lora_null_lr3e4_c256,lora_null,0.7731,-0.11176432672943283,18.66,26.55,78.65,cs,28.63,8.69,24.68,36.77,33.97,86.5699,14.9932,0.00030000000000000003,,,,False,False,True,71.96,83.08,79.02,86.03,81.69,80.77,67.83,78.8,2.615585326108065,1.8520239240816387,0.7635614020264261,658.713366184307,86.56841278076172,14.994580048322678,13.109176270250055,30.25507838668837,0.09431658138501231,0.04266274034602497,0.1021649461511538,0.06040715890214164,0.08872493108859819
lrsw_dora_r16_lr2e5_s43,lrsw,43.0,lrsw_dora_r16_lr2e5,dora,0.2191,-0.6593576224392947,26.18,36.25,66.73,cs,33.47,18.9,45.0,46.42,37.46,4.8437,1.9097,2e-05,,,16.0,False,False,True,68.44,78.56,66.22,42.65,56.83,82.03,63.91,75.2,1.8591089907446885,1.8100692116929957,0.04903977905169277,30.16177958146433,4.854936122894287,1.9115839499980212,1.2697272390865872,2.288385137625859,0.06207643632494495,0.04728831789479069,0.1345958534951185,0.06115818511932087,0.08002353891227504
frm_lorawd_wd0p5_lr2e4_c256_s44,frm,44.0,frm_lorawd_wd0p5_lr2e4_c256,lorawd,0.2211,-0.6554112574212861,25.91,35.45,64.97,math_faithful,33.6,18.22,39.45,42.15,43.85,16.6368,3.0962,0.0002,0.5,,,False,False,True,,,,,,,,,1.9503406913755108,1.8100692116929957,0.14027147968251508,126.57301005906191,16.636943817138672,3.096499568969011,10.889352656618781,33.304546961404846,0.07732536600975605,0.049567306858111206,0.09533025417082469,0.04878943852450404,0.07651860125133568
frm_lorawd_wd0p3_lr5e4_c256_s43,frm,43.0,frm_lorawd_wd0p3_lr5e4_c256,lorawd,0.3973,-0.4008814349446371,24.3,32.0,64.67,math_faithful,33.11,15.48,28.1,39.93,43.4,41.1982,5.0833,0.0005,0.3,,,False,False,True,,,,,,,,,2.1655337255904725,1.8100692116929957,0.3554645138974768,255.89831388038962,41.197994232177734,5.083739186823368,18.650201651461757,45.66695237454823,0.08176569125959948,0.04567588855252114,0.09357426303363903,0.04727918285650874,0.07985191281994311
frc_lorawd_wd0p3_lr5e4_c256_s45,frc,45.0,frc_lorawd_wd0p3_lr5e4_c256,lorawd,0.3917,-0.4070464284521341,25.8,32.25,81.67,cs,33.16,18.43,36.66,38.82,34.19,33.3102,6.7451,0.0005,0.3,,,False,False,True,72.69,84.22,80.86,90.85,85.16,85.02,71.76,82.8,1.995453527432173,1.8100692116929957,0.18538431573917724,266.2717497931986,33.309364318847656,6.745564275979996,10.469575389890446,23.680153135616276,0.07431723749233592,0.04643486494146752,0.08332253687793262,0.04793697558622844,0.072268632653493
scl2_b0p5_r32_s42,scl2,42.0,scl2_b0p5_r32,b0p5,1.412,0.14983469671578495,9.38,22.52,74.12,cs,18.49,0.27,23.42,31.83,38.57,34.1755,12.9568,,,,32.0,False,False,False,69.45,80.41,78.05,67.62,79.32,77.48,62.8,77.8,4.0211946985019615,1.8520239240816387,2.169170774420323,565.4796421956079,34.180667877197266,12.957510614395142,12.51890095003458,33.02762724158688,0.1096264539869143,0.04128014055491765,0.4497897877682177,0.020107236750977274,0.18992960600928757
frc_sclora_b0p9_em_r128_lr5e5_s43,frc,43.0,frc_sclora_b0p9_em_r128_lr5e5,sclora,0.2003,-0.6983190507064237,27.56,36.63,67.93,cs,35.62,19.51,48.68,43.17,36.18,7.0961,2.5037,5e-05,,,128.0,False,False,True,10.8,56.2,77.48,76.63,83.11,85.82,72.78,80.6,2.066721488114374,1.8100692116929957,0.25665227642137833,94.34923224415438,7.096102237701416,2.504219895973802,13.571346920460561,72.40997764698906,0.03505042713462182,0.3981119468821207,0.09955113462807066,0.066244413473472,0.055697939929026344
lrsw_lorawd_wd0p3_lr2e4_s42,lrsw,42.0,lrsw_lorawd_wd0p3_lr2e4,lorawd,0.3007,-0.5218665718994824,27.66,36.04,40.74,cs,35.28,20.05,47.07,42.83,34.97,21.1871,7.0286,0.0002,0.3,,,False,False,True,61.96,26.17,35.31,68.32,42.38,30.68,28.5,32.6,2.0188288582911476,1.8520239240816387,0.16680493420950882,195.62416257838262,21.207883834838867,7.0323129668831825,4.769270815544503,15.474202459714228,0.07045254128937325,0.048382314721409574,0.08568341581287338,0.048376521444908546,0.07067687968943749
lrswm_lora_r16_lr2e5_s44,lrswm,44.0,lrswm_lora_r16_lr2e5,lora,0.3337,-0.47664379334520723,26.06,33.78,34.72,gsm8k,34.66,17.45,29.87,46.33,40.59,7.0256,2.0815,2e-05,,,16.0,False,False,True,,,,,,,,,1.8754379517948685,1.8100692116929957,0.06536874010187277,33.193753017393526,7.040441513061523,2.0834625653922556,1.3181541726989285,2.3833112974992243,0.05983189034569297,0.05067548397085194,0.17359782865315412,0.04964827924293274,0.08599294667992725
frm_milora_lr7e4_c256_s43,frm,43.0,frm_milora_lr7e4_c256,milora,11.8947,1.075353493032589,0.44,20.2,36.69,math_faithful,0.8,0.08,24.13,25.77,50.24,1464.5677,127.4785,0.0007,,,,True,False,True,,,,,,,,,9.943685028987405,1.8100692116929957,8.133615817294409,7319.823499730953,1464.34619140625,127.47954705953597,24.827601783439427,52.49364969720573,0.10008285614961082,0.04575846569508725,0.12077329241173415,0.050052585107925276,0.111176327444522
frc_lorawd_wd0p2_lr3e4_c256_s44,frc,44.0,frc_lorawd_wd0p2_lr3e4_c256,lorawd,0.4315,-0.36501919994877163,25.96,33.25,79.1,cs,33.82,18.11,41.89,38.14,34.28,30.192,9.1723,0.00030000000000000003,0.2,,,False,False,True,68.44,83.03,69.86,90.9,84.06,84.01,71.67,80.8,2.0690428100785883,1.8100692116929957,0.25897359838559253,305.78961664298447,30.191232681274414,9.174101254343986,7.122816073983321,20.331550139617264,0.07149860156084453,0.046857712383612894,0.07950274248139225,0.048466959044322765,0.06946890160052348
lrsw_milora_r32_lr2e4_s43,lrsw,43.0,lrsw_milora_r32_lr2e4,milora,0.4145,-0.38247546511370767,25.52,34.94,79.62,cs,33.1,17.93,47.69,40.19,35.77,28.018,11.61,0.0002,,,32.0,False,False,True,72.48,83.46,73.85,89.58,83.43,84.13,70.22,79.8,2.0795447387122876,1.8100692116929957,0.2694755270192919,270.19560244521904,28.018321990966797,11.613807812333107,4.518135278075346,13.531690136055973,0.06636144500022963,0.10644431255520138,0.07810762727051561,0.10595898203586153,0.0674439883947131
frc_lorawd_wd0p3_lr3e4_c256_s43,frc,43.0,frc_lorawd_wd0p3_lr3e4_c256,lorawd,0.3422,-0.46571999479491855,25.99,34.38,35.1,cs,33.08,18.91,43.7,40.44,35.75,23.0973,7.0156,0.00030000000000000003,0.3,,,False,False,True,13.33,73.72,2.05,25.24,80.66,36.28,30.89,18.6,1.9937720910479981,1.8100692116929957,0.1837028793550024,233.90612363600238,23.096906661987305,7.016644544899464,7.110250271360133,19.670610692531394,0.07186870596829069,0.047385054576532123,0.08386297742382537,0.048008472084367544,0.07084418084566368
lrswm_dora_r16_lr2e4_s43,lrswm,43.0,lrswm_dora_r16_lr2e4,dora,0.39,-0.4089353929735008,23.99,31.7,46.17,gsm8k,31.96,16.02,27.45,42.83,40.26,27.5684,9.9224,0.0002,,,16.0,False,False,True,,,,,,,,,2.109795961038702,1.8100692116929957,0.2997267493457063,240.08849225915324,27.62748908996582,9.927496317029,3.5230668109246173,9.484978192028617,0.0669184583941354,0.04946047284402223,0.07964579954692101,0.049869130285567644,0.06680825865117783
lrsw_sclora_r32_lr3e4_s44,lrsw,44.0,lrsw_sclora_r32_lr3e4,sclora,0.7515,-0.12407101507707306,18.74,26.36,78.75,cs,29.32,8.16,25.47,36.43,32.44,41.928,10.2872,0.00030000000000000003,,,32.0,False,False,True,71.77,82.81,78.61,85.56,81.37,81.57,67.92,80.4,2.456819296958807,1.8100692116929957,0.6467500852658115,481.1982597221754,41.92731475830078,10.288229247927665,14.555234503710505,34.036083062116674,0.08441402504913353,0.04061795337082741,0.24333076385071117,0.02621463795510444,0.127729538027249
frc_lora_r16_lr3e4_c256_s43,frc,43.0,frc_lora_r16_lr3e4_c256,lora,0.6019,-0.22047565667521007,24.36,32.34,78.63,cs,32.79,15.92,39.39,37.46,36.16,42.5762,17.1427,0.00030000000000000003,,,16.0,False,False,True,70.03,82.75,79.73,83.04,83.43,84.43,67.24,78.4,2.2244252256769745,1.8100692116929957,0.4143560139839788,469.15384595820103,42.6005973815918,17.155373147130014,4.705245066888022,11.51354979070824,0.06779627662917928,0.04624986710558108,0.0729449206479152,0.049498532795124554,0.06596043057648067
frc_sclora_lr5e4_c256_s44,frc,44.0,frc_sclora_lr5e4_c256,sclora,1.4059,0.14795443093082056,8.53,21.64,69.48,cs,11.72,5.34,22.89,31.91,36.35,178.3363,22.2869,0.0005,,,,False,False,True,65.02,76.12,76.71,66.82,75.53,69.74,56.31,69.6,3.30462950168035,1.8520239240816387,1.4526055775987112,1115.256513832343,178.3349151611328,22.288527411222457,17.399020399515393,31.722801307499278,0.08013558395077777,0.04387934256057572,0.18089864580512233,0.03553674754671678,0.11472468207561867
frc_lorawd_wd0p3_lr2e4_c256_s42,frc,42.0,frc_lorawd_wd0p3_lr2e4_c256,lorawd,0.3258,-0.48704892002750944,26.97,34.79,79.3,cs,34.48,19.46,46.23,37.97,35.83,21.0025,7.1198,0.0002,0.3,,,False,False,True,73.03,83.19,79.58,74.46,83.98,85.82,72.53,81.8,2.020866272859175,1.8520239240816387,0.16884234877753634,195.61990953352102,21.02100944519043,7.12323471903801,4.688192059625914,15.144426248275817,0.07092535705365009,0.048598227394924406,0.08623417600963729,0.0484381289781995,0.07106144507280532
qwswm_clora_k1024_lr5e5_s44,qwswm,44.0,qwswm_clora_k1024_lr5e5,clora,0.0383,-1.4168012260313771,43.78,53.66,62.85,gsm8k,47.4,40.16,72.06,51.11,57.58,3.8981,0.7497,5e-05,,1024.0,,False,False,True,,,,,,,,,1.9586841467173364,1.9346918347336524,0.02399231198368401,27.286207599090606,3.899421453475952,0.7499794191343037,6.404431816216975,20.91745725012046,0.05835224934640411,0.04415893225660567,0.06597358486759738,0.051945137763149546,0.0496808916640983
frm_lorawd_wd0p1_lr5e4_c512_s44,frm,44.0,frm_lorawd_wd0p1_lr5e4_c512,lorawd,0.9068,-0.042488488545520196,20.51,29.07,62.62,math_faithful,29.75,11.27,25.43,33.02,45.88,106.8343,11.537,0.0005,0.1,,,False,False,True,,,,,,,,,2.762788056009252,1.8100692116929957,0.9527188443162562,675.2897105511739,106.833984375,11.537300935387611,25.88881732278294,54.20535706597216,0.07909586619907025,0.04498222849262205,0.08465849230854586,0.04845145414977074,0.07758198278984492
lrswm_lora_r16_lr3e4_s44,lrswm,44.0,lrswm_lora_r16_lr3e4,lora,0.4912,-0.30874164186688874,23.88,32.02,47.92,gsm8k,31.1,16.65,32.28,39.33,40.74,30.0164,13.0188,0.00030000000000000003,,,16.0,False,False,True,,,,,,,,,2.1961230878927367,1.8100692116929957,0.38605387619974096,359.90566858500944,30.050931930541992,13.029107540845871,4.626842358486581,11.38721889329529,0.06517948314859401,0.048072723913490586,0.07476640437545931,0.04981453701585618,0.06481456653523071
frc_lora_null_lr2e4_c256_s46,frc,46.0,frc_lora_null_lr2e4_c256,lora_null,0.535,-0.27164621797877153,22.78,30.75,78.57,cs,31.64,13.93,39.0,37.8,31.4,37.3063,10.7963,0.0002,,,,False,False,True,71.01,83.13,80.14,76.92,83.5,83.88,68.6,81.4,2.3752112366713884,1.8100692116929957,0.5651420249783927,441.10941098291875,37.30709457397461,10.796989580988884,10.888948491480836,30.264430459935355,0.10350848299869102,0.04180980450312924,0.11415498464012262,0.06328736601914399,0.09570880994307429
lrswm_lora_r16_lr5e4_s42,lrswm,42.0,lrswm_lora_r16_lr5e4,lora,0.7726,-0.11204529619119849,20.98,28.5,43.59,gsm8k,29.69,12.28,23.52,35.75,41.24,46.6037,18.754,0.0005,,,16.0,False,False,True,,,,,,,,,2.5792997303866105,1.8520239240816387,0.7272758063049718,607.3730451695535,46.602760314941406,18.76211716234684,6.4670104806142295,13.341852462098844,0.06536385932934305,0.046864595135781714,0.07052878819382183,0.04999760595162118,0.06392229552170159
qwsw_lorawd_wd0p3_lr2e4_s42,qwsw,42.0,qwsw_lorawd_wd0p3_lr2e4,lorawd,0.1873,-0.7274622226247627,40.66,48.05,87.36,cs,46.17,35.14,70.2,42.32,46.44,12.8752,4.4105,0.0002,0.3,,,False,False,True,73.06,89.5,79.94,95.43,86.11,95.5,88.14,91.2,,,,160.71200640239883,12.877548217773438,4.411589644210679,6.909203475854922,19.98648296160179,0.11682932979226075,0.09118780069713693,0.07565980142817716,0.04495462850022124,0.07316133536275012
qwsw_sclora_r32_lr7e5_s42,qwsw,42.0,qwsw_sclora_r32_lr7e5,sclora,0.2465,-0.6081830763867512,37.79,45.01,87.53,cs,43.89,31.69,69.14,37.63,42.71,6.9515,2.3116,7.000000000000001e-05,,,32.0,False,False,True,73.64,89.45,80.5,94.93,86.35,95.79,87.97,91.6,2.1490610053923875,1.9346918347336524,0.21436917065873518,115.25349977150579,6.952465057373047,2.3118455605847497,13.26645944810862,37.61844195784392,0.10237134277235425,0.12497877242916064,0.23932063345109017,0.027043481863678193,0.12771931880807302
lrswm_milora_r32_lr5e5_s44,lrswm,44.0,lrswm_milora_r32_lr5e5,milora,0.2829,-0.5483670525430092,25.4,33.73,37.3,gsm8k,33.05,17.75,30.74,45.73,41.4,6.1808,2.8739,5e-05,,,32.0,False,False,True,,,,,,,,,1.9311247651434564,1.8100692116929957,0.1210555534504607,55.20852375275011,6.182653903961182,2.8747139617800714,3.0812328391034134,10.82764643710203,0.05413459547768742,0.24303673967444311,0.11012042161821084,0.17687868180979405,0.06934504958869253
lrswm_clora_k1024_lr2e5_s44,lrswm,44.0,lrswm_clora_k1024_lr2e5,clora,0.1946,-0.7108571640676669,25.45,32.61,33.89,gsm8k,33.47,17.43,25.95,46.76,39.42,4.9233,1.5214,2e-05,,1024.0,,False,False,True,,,,,,,,,1.8928999313603405,1.8100692116929957,0.08283071966734479,31.966680324886944,4.930603981018066,1.522543202340603,2.3978432946070773,9.015248808829371,0.05809878519658601,0.050522287324091475,0.10984946645751122,0.05564713174542172,0.06663785652775112
lora_wd0p01,lora,,lora_wd0p01,wd0p01,0.7078,-0.15008944169850394,21.36,,79.42,,30.67,12.05,,,,56.2562,16.9608,,,,,False,False,False,71.83,82.32,78.66,87.7,83.19,81.57,67.49,82.6,2.41222225060552,1.8520239240816387,0.5601983265238815,569.0525678471042,56.25551986694336,16.962645095586776,7.407237828500917,21.40249947894058,0.06924125249156644,0.046276124956618155,0.0711072827783155,0.04979188633995419,0.0661121487627998
lrsw_lora_r16_lr3e4_s44,lrsw,44.0,lrsw_lora_r16_lr3e4,lora,0.6031,-0.21961067152904723,23.26,30.37,78.96,cs,30.93,15.58,35.11,36.18,34.07,45.1035,17.1531,0.00030000000000000003,,,16.0,False,False,True,69.57,82.54,78.92,88.6,82.0,81.69,66.98,81.4,2.243420687171184,1.8520239240816387,0.3913967630895452,469.0223013630638,45.13121795654297,17.166038224101065,4.743033168707871,11.534106570505879,0.06771849061356688,0.04628379609551564,0.07289967468745942,0.04938959163059404,0.06589237472896574
frc_lorawd_wd0p3_lr1e4_c256_s42,frc,42.0,frc_lorawd_wd0p3_lr1e4_c256,lorawd,0.2344,-0.630042392653947,27.14,35.62,23.84,cs,34.71,19.56,46.46,42.75,34.6,15.1193,5.5201,0.0001,0.3,,,False,False,True,13.43,30.41,7.11,56.61,48.07,12.25,11.43,11.4,1.9665691136052204,1.8520239240816387,0.11454518952358161,124.78458343734567,15.144989967346191,5.521679343283177,3.075797443970618,10.260803801280165,0.0717787423924838,0.050379007289921195,0.0916163710295053,0.05041202591581842,0.07237056215309652
lrsw_milorawd_wd0p3_r32_lr2e4_s42,lrsw,42.0,lrsw_milorawd_wd0p3_r32_lr2e4,milorawd,0.2484,-0.6048484084954574,27.99,35.85,59.98,cs,36.49,19.49,46.08,41.89,35.31,16.1544,5.7752,0.0002,0.3,,32.0,False,False,True,62.51,79.76,46.52,57.64,38.67,76.94,64.76,53.0,1.9593193586660842,1.8100692116929957,0.14925014697308847,135.5394614196115,16.154464721679688,5.776587416231632,4.15462092157838,13.49618747183922,0.06870782967207213,0.09867536473902502,0.09123436234930528,0.0941475962809075,0.07293291036428429
frc_lora_null_lr1e3_c256_s43,frc,43.0,frc_lora_null_lr1e3_c256,lora_null,8.021,0.9042285163400785,1.38,18.97,39.67,cs,2.75,0.0,23.05,21.33,47.73,430.3956,82.1931,0.001,,,,True,False,True,62.23,51.74,44.32,24.79,50.36,26.56,27.99,29.4,9.211153445183633,1.8100692116929957,7.4010842334906375,3307.151671653331,430.46270751953125,82.19773961901664,12.100091194392098,25.6512110914999,0.0998872851256175,0.04743648628651957,0.11511145833271827,0.05103120308269584,0.10984965017798015
uioW2_k512_v64_dE0,other,,uioW2_k512_v64_dE0,k512,1.0276,0.011824095594308588,17.18,,47.96,,29.22,5.13,,,,33.7548,5.8841,,,512.0,,False,False,False,62.51,58.92,53.53,21.75,48.07,56.94,37.54,44.4,,,,,,,,,,,,,
mtx_clora_k1024_s44,mtx,44.0,mtx_clora_k1024,clora,0.4489,-0.3478503945983471,25.02,33.47,76.51,cs,33.11,16.94,43.11,38.14,36.04,19.6804,9.8433,,,1024.0,,False,False,False,71.44,84.33,78.71,63.43,81.93,83.33,69.71,79.2,2.253663189812324,1.8520239240816387,0.4016392657306853,370.00874389476945,19.683504104614258,9.845572642982006,7.504762273624698,22.13651543984662,0.05861635103848346,0.04725250441183997,0.06375128884978566,0.04885639080764816,0.05665026251267388
qwsw_lorawd_wd0p3_lr5e4_s44,qwsw,44.0,qwsw_lorawd_wd0p3_lr5e4,lorawd,0.2457,-0.6095948435199191,40.39,46.9,87.62,cs,46.06,34.71,69.29,40.1,44.36,10.3607,4.5422,0.0005,0.3,,,False,False,True,73.82,89.39,80.35,95.75,87.21,95.5,88.31,90.6,2.1603790146175887,1.9346918347336524,0.22568717988393638,223.343041209956,10.361610412597656,4.542763300027166,12.87714634152356,26.62082601374901,0.11466147353058584,0.08998851443826479,0.07449852497205992,0.04418043240899635,0.07264104963275653
frc_clora_k128_lr3e4_c256_s45,frc,45.0,frc_clora_k128_lr3e4_c256,clora,0.6329,-0.19866490432545342,22.29,30.1,69.69,cs,30.56,14.02,33.49,38.57,33.84,30.5106,13.1027,0.00030000000000000003,,128.0,,False,False,True,70.76,75.73,29.53,86.67,68.03,81.19,67.24,78.4,2.3616478338653977,1.8100692116929957,0.5515786221724019,494.95934840625586,30.51935386657715,13.103454351425171,8.613040690293094,23.821291540443113,0.0634017760709365,0.04605613608848565,0.06706322531825266,0.049399050608399414,0.06131483183450961
lrsw_clora_k1024_lr5e5_s44,lrsw,44.0,lrsw_clora_k1024_lr5e5,clora,0.1625,-0.7891466346851068,27.26,37.07,44.14,cs,34.76,19.77,47.41,47.18,36.25,7.1561,2.8171,5e-05,,1024.0,,False,False,True,62.14,55.44,31.01,3.05,59.51,50.0,38.4,53.6,1.9270525027439542,1.8520239240816387,0.07502857866231549,65.17523484511369,7.168046951293945,2.8180757950991393,2.8439465494188028,10.137437816998636,0.06119370332026731,0.05223891031853163,0.08128668745344897,0.0582260003397345,0.06210961565181941
frm_lorawd_wd0p3_lr2e4_c256_s43,frm,43.0,frm_lorawd_wd0p3_lr2e4_c256,lorawd,0.2825,-0.5489815478445427,26.01,34.94,65.88,math_faithful,34.77,17.25,37.72,41.81,43.15,23.0059,4.5057,0.0002,0.3,,,False,False,True,,,,,,,,,2.087458401663106,1.8520239240816387,0.2354344775814674,192.1724098168429,23.00563621520996,4.506214276701212,12.310311474911437,37.499530462919104,0.07410399845584567,0.048653514071479775,0.08649062248421575,0.049109705743680544,0.07309435843137387
frc_milora_lr1e3_c256_s42,frc,42.0,frc_milora_lr1e3_c256,milora,248.2232,2.3948423700761263,0.0,19.75,0.0,cs,0.0,0.0,22.95,26.62,49.17,9143.6299,552.2205,0.001,,,,True,False,True,0.0,0.0,0.0,0.0,0.0,0.0,0.0,0.0,9.392564538427113,1.8520239240816387,7.540540614345474,14629.7594717584,9143.7685546875,552.4204793453216,1.643609446796613,4.107488335140421,0.08614629210818835,0.056482961670709285,0.11975951558259178,0.049981316969705335,0.09827518126722734
mtx_milora_r32_s44,mtx,44.0,mtx_milora_r32,milora,0.5623,-0.25003191649059714,24.07,32.63,34.62,cs,31.19,16.95,40.94,38.23,35.82,37.4071,15.6225,,,,32.0,False,False,False,62.02,10.34,10.75,37.08,60.93,33.29,25.17,37.4,2.2841258164585514,1.8520239240816387,0.43210189237691266,419.2066818203677,37.40700149536133,15.623989224433899,5.837390948276585,16.247534315059557,0.0669576878348695,0.08274209758977646,0.07285608293215892,0.08697294198703821,0.0657541256825073
qwsw_lorawd_wd0p3_lr1e4_s43,qwsw,43.0,qwsw_lorawd_wd0p3_lr1e4,lorawd,0.1323,-0.878440155812499,40.49,50.31,86.42,cs,45.57,35.41,71.36,50.34,48.89,11.7499,3.4609,0.0001,0.3,,,False,False,True,74.1,90.32,79.68,93.27,85.4,92.59,85.24,90.8,,,,100.22383648409242,11.7611665725708,3.462752200450216,4.25621852023316,14.405590751421245,0.11707649977878734,0.09185880179513187,0.08055085571488838,0.04722075746859158,0.07434759998618283
lrsw_sclora_r32_lr1e4_s42,lrsw,42.0,lrsw_sclora_r32_lr1e4,sclora,0.813,-0.08990945440593186,16.38,27.68,79.87,cs,27.2,5.56,32.87,37.03,35.74,17.7275,5.8762,0.0001,,,32.0,False,False,True,71.59,83.03,79.27,88.07,83.66,82.91,70.05,80.4,2.3278757160309476,1.8520239240816387,0.4758517919493088,214.35960070143884,17.731239318847656,5.876913864910603,8.845498951384558,31.283134450507557,0.11343263290234507,0.03914450921024488,0.6166048583369101,0.008922629163894346,0.21717499044290603
qwsw_lora_null_r16_lr3e4_s42,qwsw,42.0,qwsw_lora_null_r16_lr3e4,lora_null,0.2991,-0.524183586968682,37.96,45.87,86.15,cs,43.71,32.21,67.67,38.74,47.02,16.7239,6.8172,0.00030000000000000003,,,16.0,False,False,True,73.82,89.45,79.79,94.55,86.5,90.45,85.24,89.4,,,,285.83645641843725,16.7297306060791,6.817836855990546,8.987825199660586,16.55835346884306,0.14977067814324105,0.07568895622764915,0.06658025983116819,0.052725779381890554,0.08277304267945877
qwsw_sclora_r32_lr2e5_s42,qwsw,42.0,qwsw_sclora_r32_lr2e5,sclora,0.1703,-0.768785352037399,39.78,47.2,87.04,cs,44.79,34.78,70.38,40.78,45.26,4.3215,1.2649,2e-05,,,32.0,False,False,True,73.21,90.86,80.66,94.42,85.64,93.94,86.01,91.6,,,,42.03093974241671,4.322263717651367,1.2655377912734236,6.634896055700141,28.682323911171768,0.18495072820798333,0.06943077358470937,0.5014415919458733,0.019065484870553224,0.20566747489188797
lrsw_lora_r16_lr5e5_s42,lrsw,42.0,lrsw_lora_r16_lr5e5,lora,0.2544,-0.5944828930236237,27.29,36.22,38.15,cs,34.48,20.1,46.3,45.48,34.73,10.2328,4.0461,5e-05,,,16.0,False,False,True,62.6,17.36,31.22,47.01,64.88,29.12,24.83,28.2,2.1116810871373364,1.8520239240816387,0.25965716305569764,70.1770923729489,10.251457214355469,4.048996367305517,1.7027372416217244,3.9678181677089603,0.0697983271393933,0.05052216359373791,0.10648152869398683,0.056239203449140476,0.07585393229382308
e1_milora_f015_s43,e1,43.0,e1_milora_f015,milora,0.1616,-0.7915586435614327,27.74,37.58,16.43,cs,34.97,20.5,45.57,48.55,38.3,25.2296,3.6431,,,,,False,False,False,61.13,30.2,16.33,2.16,0.39,6.36,4.69,10.2,,,,124.13653969305581,25.229473114013672,3.643422479182482,9.011079572921586,20.71342040234975,0.07147446295892737,0.0609250522230901,0.06737753158281566,0.06791551031497196,0.06515177326623428
mtx_sclora_b0p3_s45,mtx,45.0,mtx_sclora_b0p3,sclora,0.8547,-0.06818629604086068,17.03,25.33,78.12,cs,28.8,5.26,23.6,35.07,33.92,45.0461,11.0695,,,,,False,False,False,70.89,81.61,79.12,84.52,81.29,80.26,66.3,81.0,2.548701608908905,1.8100692116929957,0.7386323972159092,517.5366600540457,45.045082092285156,11.070838993787765,14.577702880804303,34.163943212739056,0.0911897009089756,0.0407274188509977,0.301041645629103,0.02439661398056329,0.14510987264569083
mtxm_lorawd_wd0p01_s42,mtxm,42.0,mtxm_lorawd_wd0p01,lorawd,0.5664,-0.24687675531828737,22.6,32.23,49.36,gsm8k,31.65,13.56,32.04,39.85,44.05,31.3915,12.956,,0.01,,,False,False,False,,,,,,,,,2.461081071886232,1.8520239240816387,0.6090571478045934,423.2942054884511,31.39366340637207,12.959647172689438,6.6963829190135336,20.14488675036306,0.06570092114250428,0.048038579761529726,0.07274506904994134,0.050397190895810816,0.06468443365059007
lrswm_lora_r16_lr1e4_s43,lrswm,43.0,lrswm_lora_r16_lr1e4,lora,0.3173,-0.4985299278995877,25.14,32.81,43.97,gsm8k,33.13,17.15,26.17,44.37,43.22,16.3843,5.9945,0.0001,,,16.0,False,False,True,,,,,,,,,2.0848437628083913,1.8100692116929957,0.2747745511153956,124.09477819319257,16.412500381469727,5.996973268687725,2.5407167011031087,6.869078554737866,0.06916435377063027,0.05216500247006344,0.09348234829422618,0.049825052944103054,0.07080661896049778
qwsw_lora_null_r16_lr2e4_s44,qwsw,44.0,qwsw_lora_null_r16_lr2e4,lora_null,0.1979,-0.7035542057936037,38.69,46.88,84.38,cs,44.97,32.41,69.95,41.21,45.84,16.4358,5.3575,0.0002,,,16.0,False,False,True,62.17,89.34,79.73,82.63,86.19,95.29,89.08,90.6,2.139940110893013,1.9346918347336524,0.2052482761593608,189.3224146912462,16.45107078552246,5.359102119718279,6.767534681418331,15.16032458541988,0.1609806469278831,0.07611690042793,0.08156990163542759,0.08928376996193982,0.09253160912880644
frc_lorawd_wd0p1_lr1e4_c256_s42,frc,42.0,frc_lorawd_wd0p1_lr1e4_c256,lorawd,0.2676,-0.5725138909042145,27.0,35.4,70.61,cs,34.56,19.43,45.86,42.58,34.55,18.5687,7.0893,0.0001,0.1,,,False,False,True,62.78,63.55,54.76,65.57,82.24,84.22,71.93,79.8,2.0127619115390116,1.8520239240816387,0.1607379874573729,160.67391365714798,18.593610763549805,7.091019158065319,3.133141204045959,10.998611050339335,0.07077394144188581,0.04929733760300756,0.08654454639694154,0.0499033718169394,0.07064214500047412
frc_lorawd_wd0p3_lr2e5_c256_s43,frc,43.0,frc_lorawd_wd0p3_lr2e5_c256,lorawd,0.2171,-0.66334017654558,26.72,36.72,67.21,cs,33.59,19.86,46.65,46.5,36.98,4.9748,2.1267,2e-05,0.3,,,False,False,True,46.54,81.23,78.4,25.28,78.77,83.08,66.21,78.2,2.077710355368538,1.8100692116929957,0.26764114367554215,35.70063982213955,4.976385593414307,2.128529044240713,1.4851843346491969,3.5556399546495543,0.06412501042520102,0.0480171900837928,0.12959819109592638,0.06323778938054583,0.08016147624574084
frc_sclora_lr2e4_c256_s45,frc,45.0,frc_sclora_lr2e4_c256,sclora,0.7962,-0.09897782675192084,17.33,25.05,78.26,cs,27.6,7.06,23.62,35.24,31.72,35.2292,11.1442,0.0002,,,,False,False,True,71.93,81.61,78.15,84.69,81.06,81.69,65.53,81.4,2.547871483163887,1.8100692116929957,0.7378022714708912,533.9509247346334,35.22796630859375,11.14551094174385,14.856653828003997,32.244122517455104,0.07506219195055905,0.042668434848504834,0.3179182823418936,0.017127293978501996,0.14322445041909881
mtx_clora_k256_s44,mtx,44.0,mtx_clora_k256,clora,0.5685,-0.24526953097624643,23.04,30.07,79.45,cs,30.5,15.58,32.16,35.67,36.44,27.4967,12.2584,,,256.0,,False,False,False,71.62,83.68,79.89,87.68,82.79,82.11,68.43,79.4,2.4252128512756808,1.8520239240816387,0.573188927194042,467.5170722597221,27.516733169555664,12.259482771158218,8.585034535985258,23.752703164490608,0.06230173121829828,0.04607964708263159,0.06615586107101754,0.049015345853418754,0.060208086096308344
frc_clora_k2048_lr3e4_c256_s46,frc,46.0,frc_clora_k2048_lr3e4_c256,clora,0.3528,-0.45247142354021785,25.49,34.8,65.51,cs,33.8,17.19,45.06,38.48,39.46,17.6585,8.3649,0.00030000000000000003,,2048.0,,False,False,True,71.96,74.76,65.05,4.28,81.53,82.49,66.04,78.0,2.150532061984792,1.8100692116929957,0.34046285029179635,293.4282804844813,17.674522399902344,8.368352434039116,6.014800522068945,18.832658700202334,0.05429122946889238,0.04844578193418733,0.06077436071244419,0.04870434257359469,0.052663238070718744
qwswm_clora_k1024_lr3e4_s43,qwswm,43.0,qwswm_clora_k1024_lr3e4,clora,0.111,-0.9546770212133425,43.86,53.64,64.75,gsm8k,46.71,41.02,71.37,53.07,56.02,10.2738,2.3632,0.00030000000000000003,,1024.0,,False,False,True,,,,,,,,,2.044167511940849,1.9346918347336524,0.10947567720719675,132.05957104656386,11.556778907775879,2.3868506881585096,13.66071232647497,27.120122539106973,0.049883461223601926,0.04565394507638873,0.055124534408331684,0.04639421134804943,0.04307226219893161
qwswm_lora_null_r16_lr5e4_s43,qwswm,43.0,qwswm_lora_null_r16_lr5e4,lora_null,0.1795,-0.7459355470856621,43.71,53.37,65.28,gsm8k,47.58,39.84,70.42,53.58,55.44,14.7865,4.8805,0.0005,,,16.0,False,False,True,,,,,,,,,2.0818305391960235,1.9346918347336524,0.1471387044623711,215.46550959580114,14.784293174743652,4.8807761383908135,10.751155076240591,17.41941387805538,0.13264070255386215,0.08750971647733001,0.07116499154038508,0.09813000759657764,0.08184077597178348
frc_milora_a1r_lr1e4_c256_s42,frc,42.0,frc_milora_a1r_lr1e4_c256,milora,0.2479,-0.6057234732321786,27.56,36.58,36.01,cs,35.02,20.09,47.12,44.28,36.4,13.0673,5.9916,0.0001,,,,False,False,True,55.9,45.1,14.89,47.75,50.83,26.98,21.59,25.0,1.9736555104354359,1.8520239240816387,0.12163158635379712,121.89106695602332,13.06732177734375,5.9922067612409595,3.548793804561194,11.16050021482189,0.0645461921983044,0.1631762029580915,0.08715285742760036,0.1470637958223059,0.06953593081743532
mtx_lorawd_wd0p01_s42,mtx,42.0,mtx_lorawd_wd0p01,lorawd,0.7051,-0.15174928532295756,22.64,30.15,78.59,cs,30.72,14.56,32.72,37.37,35.38,59.2823,16.9977,,0.01,,,False,False,False,70.67,81.66,79.43,85.45,82.95,81.31,67.41,79.8,2.432132531767678,1.8520239240816387,0.5801086076860393,571.5147711588975,59.2808952331543,16.998991921544075,7.471072652867919,21.43475988152885,0.06913661075572403,0.04610298634040307,0.0711389328140678,0.04972683241727734,0.06597827566474486
frc_milora_a1r_lr7e4_c256_s43,frc,43.0,frc_milora_a1r_lr7e4_c256,milora,1.086,0.03582982525282818,18.4,26.69,62.46,cs,28.57,8.22,27.63,33.79,35.23,137.0981,23.0842,0.0007,,,,False,False,True,51.93,60.94,65.56,79.14,74.74,61.49,51.45,54.4,2.8429486562248996,1.8100692116929957,1.0328794445319038,946.4859372411903,137.09556579589844,23.086851370334625,12.374171481424712,24.329118917767143,0.07283726104312103,0.05299551223578089,0.06677874654426708,0.05975716186649408,0.06632265257092723
frc_lora_l2_lr3e4_c256_s42,frc,42.0,frc_lora_l2_lr3e4_c256,lora,0.7172,-0.1443597191098548,21.7,29.99,78.38,cs,29.52,13.89,36.03,36.18,34.33,62.0217,17.6298,0.00030000000000000003,,,,False,False,True,70.7,82.75,79.84,83.95,81.93,81.44,67.66,78.8,2.4559773847956423,1.8520239240816387,0.6039534607140036,593.2208977148202,62.0201416015625,17.631546273827553,7.500934054462585,21.49889859651197,0.06953333107938814,0.04618066973392886,0.07024062013276629,0.04978749480891476,0.06558722449350325
lrsw_lora_r16_lr3e4_s42,lrsw,42.0,lrsw_lora_r16_lr3e4,lora,0.623,-0.20551195334083036,24.42,32.73,79.11,cs,32.53,16.3,41.28,37.8,35.72,40.6552,16.9926,0.00030000000000000003,,,16.0,False,False,True,71.13,82.86,79.68,88.89,82.32,82.07,67.49,78.4,2.307111649190104,1.8520239240816387,0.45508772510846507,467.98095705117856,40.6735725402832,17.005224177241324,4.768477891293146,11.551114164109354,0.06703920915828107,0.0464523856933801,0.07285079256239567,0.049664642302944054,0.06550716062903023
frm_lorawd_wd0p3_lr1e4_c256_s42,frm,42.0,frm_lorawd_wd0p3_lr1e4_c256,lorawd,0.2381,-0.6232406045951201,25.39,33.71,65.28,math_faithful,32.84,17.94,33.31,43.26,41.22,15.1807,4.5033,0.0001,0.3,,,False,False,True,,,,,,,,,2.065894848032945,1.8520239240816387,0.21387092395130614,150.23572055812593,15.193731307983398,4.504137052595615,7.225240265130703,27.979831050068483,0.0714900027961339,0.05088050632140846,0.08618898787638299,0.04972990352774263,0.07112319059177645
qwswm_lorawd_wd0p3_lr3e4_ep6_s44,qwswm,44.0,qwswm_lorawd_wd0p3_lr3e4_ep6,lorawd,0.1136,-0.944621668625,44.35,52.91,68.08,gsm8k,44.91,43.79,71.47,50.26,54.1,7.326,2.2278,0.00030000000000000003,0.3,,,False,False,True,,,,,,,,,2.1231322074220658,1.9346918347336524,0.1884403726884134,108.13365347482498,7.334416389465332,2.228215013444424,13.865936244532415,27.243340169768075,0.11596338558287021,0.10450086277603425,0.07194306228436116,0.046995069168337365,0.07377219912329822
frc_lora_null_lr2e4_c256_s44,frc,44.0,frc_lora_null_lr2e4_c256,lora_null,0.5367,-0.2702684047129646,23.34,31.36,80.23,cs,31.5,15.17,36.95,38.65,34.55,33.2341,10.7168,0.0002,,,,False,False,True,71.99,83.08,80.71,88.96,82.56,83.42,69.54,81.6,2.3803951934978165,1.8100692116929957,0.5703259818048207,440.28996143361894,33.233795166015625,10.71756715476513,10.920915186803281,30.34963967927589,0.10271112294106909,0.04181053185779861,0.1146604645491845,0.06330026253787172,0.09562959871819891
qwswm_sclora_r32_lr2e4_s43,qwswm,43.0,qwswm_sclora_r32_lr2e4,sclora,0.2939,-0.5318004139273874,34.75,48.14,71.04,gsm8k,42.62,26.89,66.47,48.98,55.73,9.2216,3.1128,0.0002,,,32.0,False,False,True,,,,,,,,,2.294576409829824,1.9346918347336524,0.35988457509617167,170.18481377634453,9.222272872924805,3.1133168778249196,15.866338489512069,41.465944516939665,0.15966913050871387,0.10056035417336592,0.32544548985219773,0.028104176829805424,0.16621731184972144
qwsw_lorawd_wd0p3_lr5e4_s42,qwsw,42.0,qwsw_lorawd_wd0p3_lr5e4,lorawd,0.2458,-0.6094181214495648,39.28,46.29,87.17,cs,44.94,33.62,68.86,39.42,44.59,10.7057,4.5219,0.0005,0.3,,,False,False,True,66.79,90.59,80.66,95.41,86.74,95.96,88.65,92.6,,,,223.0086711383491,10.707830429077148,4.522358984180859,12.873537326654407,26.570884878367192,0.11419055746754547,0.09004276213611502,0.0735669600112112,0.04413406745134109,0.07214927546218466
lam_E1e4_D1e4,lam,,lam_E1e4_D1e4,E1e4,0.3248,-0.4883839794308623,24.78,,38.5,,33.28,16.29,,,,8.8116,2.7734,,,,,False,False,False,42.11,37.32,66.22,11.38,40.17,43.52,28.67,38.6,,,,,,,,,,,,,
dora_r8,dora,,dora_r8,r8,0.524,-0.28066871301627333,25.38,,79.81,,33.68,17.08,,,,49.9424,16.759,,,,,False,False,False,71.68,83.41,79.27,90.03,81.61,84.47,67.83,80.2,2.129223849248559,1.8520239240816387,0.2771999251669204,378.2002751784422,50.078224182128906,16.763455903530122,3.1280065750797617,6.167213636758238,0.0669774283155117,0.04635555797840497,0.07529320440664873,0.04873717350108434,0.0663586801669767
qwswm_lora_r32_lr1e4_s44,qwswm,44.0,qwswm_lora_r32_lr1e4,lora,0.0778,-1.109020403010311,44.74,54.08,66.26,gsm8k,46.48,42.99,72.2,51.71,57.04,6.9606,1.9607,0.0001,,,32.0,False,False,True,,,,,,,,,2.009210977079821,1.9346918347336524,0.07451914234616863,61.42424367836321,6.966267108917236,1.9616598331502506,6.288824189163568,20.45532115045924,0.12177385493584665,0.10359930582998932,0.06788249785052175,0.05133164592671398,0.07428691562756454
frc_lorawd_wd0p5_lr1e3_c256_s43,frc,43.0,frc_lorawd_wd0p5_lr1e3_c256,lorawd,0.9598,-0.017819254403597416,11.44,23.81,36.56,cs,22.88,0.0,22.74,27.3,46.14,257.9163,17.3402,0.001,0.5,,,False,False,True,62.2,48.86,34.08,23.77,48.22,25.34,23.04,27.0,2.2510193889092753,1.8100692116929957,0.4409501772162796,396.38649542535194,258.8846435546875,17.35023942887783,2.2657302981017025,4.342328449784909,0.09906177068299951,0.04810443606244988,0.09345734364496333,0.049983896816858636,0.0916687465566635
frm_lorawd_wd0p3_lr2e4_c512_s43,frm,43.0,frm_lorawd_wd0p3_lr2e4_c512,lorawd,0.2839,-0.5468346074741428,26.43,35.55,68.08,math_faithful,34.28,18.58,39.13,41.89,43.87,25.4406,4.4506,0.0002,0.3,,,False,False,True,,,,,,,,,2.031883891005255,1.8100692116929957,0.2218146793122593,193.28294214144006,25.440143585205078,4.451171057671308,12.688667137911409,38.402005405971664,0.0741189290892388,0.04868316699306743,0.08641498721755263,0.04913702946916246,0.0729525201073375
qwswm_lorawd_wd0p3_lr5e4_s44,qwswm,44.0,qwswm_lorawd_wd0p3_lr5e4,lorawd,0.1211,-0.9168558568569477,44.34,53.81,70.13,gsm8k,46.78,41.91,71.09,53.24,56.02,7.6593,2.3825,0.0005,0.3,,,False,False,True,,,,,,,,,2.0138028026978745,1.9346918347336524,0.07911096796422212,125.59648491004646,7.666812896728516,2.3829706479396138,15.862382586809062,28.315695141626595,0.11310550387677962,0.09767489767619954,0.06488920245619005,0.04638880944593825,0.06996309971207368
frm_lorawd_wd0p1_lr5e4_c256_s42,frm,42.0,frm_lorawd_wd0p1_lr5e4_c256,lorawd,0.9496,-0.022459294053465195,19.65,28.52,60.2,math_faithful,28.84,10.46,23.69,32.59,47.01,96.1401,11.8301,0.0005,0.1,,,False,False,True,,,,,,,,,2.875113215087439,1.8520239240816387,1.0230892910058,683.4795892257262,96.137451171875,11.83054268360138,25.273530073579813,53.862564548172315,0.07887802459929187,0.04516697656920546,0.08497074946629192,0.04855680734966337,0.07776251292817873
mtxm_lorawd_wd0p1_s42,mtxm,42.0,mtxm_lorawd_wd0p1,lorawd,0.4728,-0.32532253212680107,22.42,32.36,50.49,gsm8k,30.87,13.96,34.02,41.21,41.74,27.971,10.4965,,0.1,,,False,False,False,,,,,,,,,2.3674065426396522,1.8520239240816387,0.5153826185580135,341.6393400198992,27.970579147338867,10.498526060581208,6.619651307724725,19.844247714029557,0.06700188067991035,0.04834898602613541,0.07437178877300876,0.05003301558392789,0.06562144189062738
lrsw_lorawd_wd0p3_lr2e5_s42,lrsw,42.0,lrsw_lorawd_wd0p3_lr2e5,lorawd,0.2146,-0.6683702823700677,26.74,36.59,23.48,cs,34.0,19.49,46.56,46.5,36.42,5.5133,2.1129,2e-05,0.3,,,False,False,True,7.98,33.46,34.6,25.58,24.47,23.27,19.71,18.8,2.1213124137498016,1.8520239240816387,0.2692884896681629,35.49842832803133,5.524938583374023,2.1144824333488943,1.4899986597784565,3.599104316473871,0.06388333925633477,0.04830736913935664,0.12911483491327075,0.06357840724871705,0.07968261486012262
frc_lora_r16_lr3e4_c256_s42,frc,42.0,frc_lora_r16_lr3e4_c256,lora,0.6031,-0.21961067152904723,23.0,32.13,79.56,cs,30.38,15.62,41.7,38.82,34.11,46.6461,17.1526,0.00030000000000000003,,,16.0,False,False,True,70.49,82.37,79.22,89.3,82.32,83.59,67.75,81.4,2.2622745343109734,1.8520239240816387,0.4102506102293346,471.9366727858797,46.74434280395508,17.16590243279934,4.780419306035445,11.570738064662335,0.06739384044462217,0.04627468911586015,0.07264666379408193,0.04923634677140016,0.06570823705786348
qwsw_lora_null_r16_lr5e4_s42,qwsw,42.0,qwsw_lora_null_r16_lr5e4,lora_null,0.4194,-0.377371573870675,34.17,41.83,85.72,cs,40.16,28.19,62.21,37.46,41.14,24.0867,10.4451,0.0005,,,16.0,False,False,True,72.51,88.68,79.07,93.74,85.4,93.56,84.04,88.8,,,,458.85500418185524,24.0861873626709,10.445564713648388,10.110991271136312,16.18161412121317,0.13177005113759443,0.08432374244707835,0.06384988729915386,0.05079223872352107,0.07609829425639592
frc_lorawd_wd0p2_lr2e5_c256_s43,frc,43.0,frc_lorawd_wd0p2_lr2e5_c256,lorawd,0.2167,-0.6641410886801821,26.91,36.96,24.79,cs,34.25,19.57,46.88,47.01,37.09,5.6435,2.1727,2e-05,0.2,,,False,False,True,0.76,60.61,10.34,17.67,4.26,37.16,23.55,44.0,2.0782061872876323,1.8100692116929957,0.26813697559463656,36.60899002047006,5.64630126953125,2.1742773611098527,1.5002155724770894,3.662421814429316,0.06397010916151459,0.04796571944790658,0.12791720580871344,0.06335286013097803,0.07945355663444159
qwswm_clora_k1024_lr5e5_s43,qwswm,43.0,qwswm_clora_k1024_lr5e5,clora,0.0387,-1.4122890349810886,44.06,53.67,56.71,gsm8k,47.77,40.34,71.85,51.45,56.94,3.9256,0.7638,5e-05,,1024.0,,False,False,True,,,,,,,,,1.9608098315611369,1.9346918347336524,0.026117996827484502,27.337632052572435,3.9310014247894287,0.7642090685019346,6.35983817088723,20.654157973209884,0.05875896432784442,0.04424147654369266,0.06600653199219304,0.05172196165358175,0.04977412266504132
mtx_clora_k128_s43,mtx,43.0,mtx_clora_k128,clora,0.6048,-0.2183882175068499,23.48,30.81,78.39,cs,30.58,16.38,36.45,35.41,35.23,32.9488,12.9762,,,128.0,,False,False,False,70.52,82.1,79.99,88.49,81.77,81.23,64.42,78.6,2.3761958497943163,1.8520239240816387,0.5241719257126776,495.47049827455226,32.952491760253906,12.977404114603996,8.848488194319495,23.963796645222992,0.06319659253842146,0.0460161360370946,0.0669469324102085,0.04910905075114883,0.061227504079435176
qwswm_lora_r32_lr7e5_s42,qwswm,42.0,qwswm_lora_r32_lr7e5,lora,0.0629,-1.2013493545547311,43.72,53.62,67.17,gsm8k,45.77,41.67,72.4,50.77,57.48,5.2494,1.492,7.000000000000001e-05,,,32.0,False,False,True,,,,,,,,,1.9850023072699432,1.9346918347336524,0.05031047253629084,43.323916248983934,5.256280422210693,1.4925445778029305,5.445197444909748,19.222840687212123,0.12409674884236105,0.10484214865127617,0.0704624909224142,0.052393981430996175,0.07576658016641372
lrswm_lora_r16_lr2e5_s43,lrswm,43.0,lrswm_lora_r16_lr2e5,lora,0.332,-0.47886191629596364,26.02,34.41,34.57,gsm8k,34.43,17.6,31.93,46.67,41.41,7.346,2.0636,2e-05,,,16.0,False,False,True,,,,,,,,,1.871270961899134,1.8100692116929957,0.06120175020613838,33.12535851454503,7.369046688079834,2.0655243031680586,1.330425918178994,2.425208319685763,0.06006705230893842,0.049802629508012,0.17356915267605869,0.05009895085731522,0.08621789309555276
clora_k2048_s44,clora,44.0,clora_k2048,k2048,0.3431,-0.4645792819438266,25.2,,44.27,,33.7,16.71,,,,17.6539,8.3538,,,2048.0,,False,False,False,72.02,70.46,19.5,61.02,6.63,46.8,39.93,37.8,2.1298104406153753,1.8520239240816387,0.27778651653373654,292.9961739176007,17.68821144104004,8.357079151272774,5.953071869266013,18.906862873438037,0.05425443337634422,0.04853261042139511,0.061096785718435485,0.04868371639787103,0.05276862079876642
lrsw_lora_r16_lr1e4_s44,lrsw,44.0,lrsw_lora_r16_lr1e4,lora,0.305,-0.5157001606532141,26.58,35.65,67.3,cs,34.1,19.07,47.69,40.53,36.84,17.2339,7.3837,0.0001,,,16.0,False,False,True,71.99,68.55,55.37,69.33,82.64,65.7,47.61,77.2,1.9246878378714591,1.8100692116929957,0.11461862617846341,145.40525930846155,17.265460968017578,7.386779724061489,2.3098978093318276,6.270662251716516,0.07061554595639685,0.04931288690291657,0.08943411108578045,0.05076887268226911,0.07128196336682843
qwswm_lora_r32_lr3e4_s43,qwswm,43.0,qwswm_lora_r32_lr3e4,lora,0.2146,-0.6683702823700677,42.86,52.53,70.13,gsm8k,44.69,41.03,69.31,53.33,54.29,13.7196,4.8281,0.00030000000000000003,,,32.0,False,False,True,,,,,,,,,2.1439066453115316,1.9346918347336524,0.20921481057787927,217.18665811901428,13.722637176513672,4.829068067244121,11.758680515839634,26.430920610764083,0.11213410546199493,0.09800609336981234,0.06129611282117536,0.04832922734408855,0.0684105941735562
qwsw_milora_r32_lr5e4_s43,qwsw,43.0,qwsw_milora_r32_lr5e4,milora,0.5611,-0.2509597312965428,11.9,30.96,83.22,cs,14.36,9.44,55.01,37.54,38.45,32.6126,11.5558,0.0005,,,32.0,False,False,True,71.35,87.49,79.12,86.88,82.4,90.66,80.46,87.4,2.8684627769704156,1.9346918347336524,0.9337709422367633,561.9514289609591,32.612030029296875,11.557821424518313,14.136707948663663,27.71124405114302,0.10003874128172778,0.14204878187973463,0.060400775647357643,0.08924390585657352,0.06575142558050286
mtxm_lorawd_wd0p5_s43,mtxm,43.0,mtxm_lorawd_wd0p5,lorawd,0.2607,-0.5838589688316711,25.21,34.7,50.57,gsm8k,31.76,18.66,36.5,43.26,43.34,14.1283,5.1045,,0.5,,,False,False,False,,,,,,,,,1.9918546085769817,1.8100692116929957,0.18178539688398598,164.20701699919155,14.149024963378906,5.106233668327332,6.3028300311150955,18.520471280080354,0.07071635549781081,0.04985598557697232,0.08589543212318851,0.04932019499177377,0.07052894034923476
qwswm_sclora_r32_lr2e5_s42,qwswm,42.0,qwswm_sclora_r32_lr2e5,sclora,0.0551,-1.2588484011482148,44.16,54.27,70.74,gsm8k,47.81,40.5,71.71,54.52,56.81,1.8568,0.4712,2e-05,,,32.0,False,False,True,,,,,,,,,,,,21.182229197036634,1.8564194440841675,0.4712610647614513,12.374844668366727,35.19428498129378,0.150695566349905,0.10394758040147686,0.41145505200206733,0.023859465588440928,0.17228445258416447
qwswm_clora_k1024_lr2e5_s43,qwswm,43.0,qwswm_clora_k1024_lr2e5,clora,0.0303,-1.518557371497695,43.12,53.49,51.63,gsm8k,47.49,38.76,71.96,51.79,57.44,2.2299,0.4374,2e-05,,1024.0,,False,False,True,,,,,,,,,1.9533103004891645,1.9346918347336524,0.01861846575551218,13.288761265947969,2.2305798530578613,0.43761032860173665,4.0684055880617365,16.838259960053815,0.060836105629068056,0.04258103436598501,0.07297686015834738,0.05463147426075939,0.05312114182335673
frc_lorawd_wd0p1_lr3e4_c256_s44,frc,44.0,frc_lorawd_wd0p1_lr3e4_c256,lorawd,0.5481,-0.2611401979277997,24.14,32.51,80.64,cs,32.1,16.17,39.78,38.31,36.2,39.3946,12.3676,0.00030000000000000003,0.1,,,False,False,True,72.17,82.81,79.73,90.22,84.29,83.92,68.6,83.4,2.1982559150675054,1.8100692116929957,0.38818670337450967,414.54537695370874,39.39411544799805,12.368870916962624,7.382694619062229,20.980069263907964,0.06971478718869281,0.04676806188614263,0.0756405932969976,0.04902377461567299,0.06785513268702299
frm_lorawd_wd0p2_lr1e4_c256_s44,frm,44.0,frm_lorawd_wd0p2_lr1e4_c256,lorawd,0.279,-0.5543957967264024,25.06,34.08,64.29,math_faithful,32.56,17.55,32.52,44.62,43.17,16.87,5.4843,0.0001,0.2,,,False,False,True,,,,,,,,,2.1278298489191747,1.8520239240816387,0.27580592483753597,186.85384059608245,16.874130249023438,5.485082720220089,7.557719384354808,29.594180419654027,0.06927541026132039,0.050050095465922186,0.08102407323618237,0.05019527457785351,0.06859233062118682
qwsw_milora_r32_lr1e4_s42,qwsw,42.0,qwsw_milora_r32_lr1e4,milora,0.1836,-0.7361273231347764,39.74,48.3,87.53,cs,45.89,33.59,69.2,43.86,48.96,9.7366,2.9753,0.0001,,,32.0,False,False,True,74.19,90.37,79.53,94.76,85.4,95.58,89.59,90.8,,,,100.48665433910237,9.73827838897705,2.975991036210741,8.156600355508818,24.937547011466886,0.06115365580300338,0.3782713955820613,0.06201879916009495,0.23338022801106142,0.05113483703393042
lrswm_milora_r32_lr2e4_s43,lrswm,43.0,lrswm_milora_r32_lr2e4,milora,0.3217,-0.4925489390980302,24.84,32.42,45.41,gsm8k,32.08,17.61,27.66,43.34,41.43,18.5723,8.4393,0.0002,,,32.0,False,False,True,,,,,,,,,2.1706973022413454,1.8100692116929957,0.36062809054834966,201.83532231964062,18.572399139404297,8.44062193930149,4.7113384989438005,14.12375251169372,0.0621955190814216,0.130048200947361,0.07579029451953455,0.12827220241674167,0.0646713937402055
frc_lorawd_wd0p2_lr1e4_c256_s44,frc,44.0,frc_lorawd_wd0p2_lr1e4_c256,lorawd,0.252,-0.5985994592184558,27.73,35.78,54.78,cs,35.46,20.0,45.95,41.64,35.87,15.1595,6.1989,0.0001,0.2,,,False,False,True,62.08,69.04,19.91,73.79,52.88,57.32,45.05,58.2,1.9401248622564156,1.8100692116929957,0.13005565056341983,141.15329927675123,15.163610458374023,6.20032666027546,3.1354823239358156,10.655981801129245,0.07150680815309014,0.049863646565691665,0.08911567531640853,0.050293186293010446,0.07156168703453054
mtx_lorawd_wd1p0_s45,mtx,45.0,mtx_lorawd_wd1p0,lorawd,0.1676,-0.7757259857057424,28.06,35.59,66.9,cs,34.89,21.22,45.89,40.1,35.85,10.3791,2.7702,,1.0,,,False,False,False,61.19,67.74,78.81,40.27,79.4,73.36,56.4,78.0,1.8623777494775389,1.8100692116929957,0.05230853778454314,79.90460637348002,10.379012107849121,2.7713937021791937,5.094812980698696,13.329755359609736,0.07704178260739782,0.05009276076724622,0.10590973129759954,0.05174181814937749,0.07949760274547811
qwswm_milora_r32_lr2e4_s42,qwswm,42.0,qwswm_milora_r32_lr2e4,milora,0.1496,-0.8250684064715574,43.46,52.6,62.62,gsm8k,47.15,39.78,71.23,47.78,57.08,9.5892,2.4472,0.0002,,,32.0,False,False,True,,,,,,,,,,,,96.60841333940783,9.589184761047363,2.447555875352451,11.48023792606553,31.281563297136238,0.06620270294821277,0.34124462022034774,0.05516839187484493,0.2513600373820541,0.051402385872939944
b4_lora_null_r16_lr2e5_s42,b4,42.0,b4_lora_null_r16_lr2e5,lora_null,0.1491,-0.8265223565470055,26.75,36.47,68.16,cs,34.33,19.17,44.13,46.84,37.89,2.7267,1.1764,2e-05,,,16.0,False,False,False,61.28,77.8,76.71,42.02,70.8,81.44,63.05,72.2,1.8877545376541862,1.8520239240816387,0.035730613572547476,27.90623812945633,2.7292706966400146,1.1768863616511225,4.010775254952507,13.658405355656718,0.21366457417725956,0.02974473181913637,0.14565368091878103,0.07315426029967434,0.16148490720985767
lrswm_lora_r16_lr1e3_s42,lrswm,42.0,lrswm_lora_r16_lr1e3,lora,1.2748,0.10544205480169505,19.48,27.3,41.77,gsm8k,29.17,9.8,25.34,31.14,41.03,178.5354,27.5907,0.001,,,16.0,False,False,True,,,,,,,,,3.1144936444853273,1.8520239240816387,1.2624697204036885,1110.3015247867693,178.53224182128906,27.588837504386902,10.381008993736664,15.030011084468194,0.0721140245734631,0.04495218388277928,0.06994994824815323,0.05072767540403197,0.0675160029941139
lrsw_lorawd_wd0p3_lr5e4_s44,lrsw,44.0,lrsw_lorawd_wd0p3_lr5e4,lorawd,0.411,-0.38615817812393083,26.38,34.09,81.9,cs,33.04,19.71,44.02,39.08,34.62,33.6772,6.7516,0.0005,0.3,,,False,False,True,72.72,83.51,81.32,91.91,83.9,86.07,69.8,86.0,2.0409187356893947,1.8520239240816387,0.188894811607756,266.9955887447257,33.67736053466797,6.752056196331978,10.663479079891294,23.796571444779495,0.07516645171083526,0.046333269499346026,0.0833635866391886,0.047914725647888026,0.07258860444761724
frc_sclora_lr7e4_c256_s43,frc,43.0,frc_sclora_lr7e4_c256,sclora,1.8037,0.2561643052796146,11.02,21.7,37.09,cs,19.67,2.36,22.72,25.94,37.83,241.6877,29.2792,0.0007,,,,False,False,True,61.77,53.37,33.73,24.42,49.41,24.2,24.23,25.6,3.648736143239104,1.8100692116929957,1.8386669315461084,1458.1924035945974,241.6855926513672,29.280793333053587,17.054034153987764,31.282891322583644,0.08226046831161453,0.04511475942035485,0.13970860225840348,0.04244748340445414,0.10539121783856063
b4_lora_null_r16_lr2e5_s44,b4,44.0,b4_lora_null_r16_lr2e5,lora_null,0.1499,-0.8241983671517206,26.42,36.39,72.37,cs,33.71,19.13,43.61,47.18,38.3,2.7207,1.1757,2e-05,,,16.0,False,False,False,64.37,75.03,77.02,73.3,72.93,81.23,62.88,72.2,1.8450801809762656,1.8100692116929957,0.035010969283269855,27.85660535897557,2.723036050796509,1.176109892129898,4.016492647176202,13.655260602516602,0.21444364391083556,0.02967040478933894,0.14562431368455003,0.07289011601071274,0.1617569165579894
qwsw_dora_r16_lr2e4_s44,qwsw,44.0,qwsw_dora_r16_lr2e4,dora,0.2588,-0.5870357280033373,38.88,46.68,85.56,cs,44.86,32.91,69.27,40.19,46.15,25.3761,8.2352,0.0002,,,16.0,False,False,True,62.26,88.74,79.53,94.72,86.82,95.16,86.86,90.4,2.213015974851559,1.9346918347336524,0.2783241401179066,251.5951321850019,25.39939308166504,8.241904842853547,4.832210794059017,11.678864358714787,0.11348282532257903,0.09155110240508586,0.06972308950377128,0.046303685007767936,0.0703459382936983
mtxm_lorawd_wd0p1_s43,mtxm,43.0,mtxm_lorawd_wd0p1,lorawd,0.4869,-0.31256022545410567,24.31,31.61,51.33,gsm8k,32.96,15.66,29.23,39.25,40.95,26.718,10.6238,,0.1,,,False,False,False,,,,,,,,,2.229286749399616,1.8100692116929957,0.41921753770662007,339.42451865336045,26.732099533081055,10.62641941010952,6.38220732821879,19.69695636928747,0.06647729868737719,0.0480107709234366,0.07533225963698133,0.050265069024732566,0.06590704458827625
qwswm_lorawd_wd0p3_lr2e5_s43,qwswm,43.0,qwswm_lorawd_wd0p3_lr2e5,lorawd,0.0376,-1.424812155072339,43.63,53.68,55.42,gsm8k,47.77,39.49,71.95,51.45,57.72,2.2652,0.5549,2e-05,0.3,,,False,False,True,,,,,,,,,1.9538119057342733,1.9346918347336524,0.019120071000620964,13.133624610007994,2.2682766914367676,0.5551771989358323,3.3724187926650577,13.67509937046529,0.12526738266614265,0.10757658327919166,0.09009202726709929,0.05532443588554451,0.08195204993818675
frm_sclora_lr1e4_c256_s44,frm,44.0,frm_sclora_lr1e4_c256,sclora,0.8605,-0.06524912533642091,18.32,28.57,60.42,math_faithful,27.98,8.66,25.02,34.98,46.2,37.4167,9.0912,0.0001,,,,False,False,True,,,,,,,,,3.018724250401066,1.8520239240816387,1.166700326319427,541.5670873746582,37.4150390625,9.091534656286239,23.799596991200218,63.05878953360126,0.08170715462327686,0.04210696131009434,0.40905529328732676,0.012404673059096651,0.1677150459343898
qwswm_lorawd_wd0p3_lr1e4_s43,qwswm,43.0,qwswm_lorawd_wd0p3_lr1e4,lorawd,0.0632,-1.1992829217176149,44.44,54.17,63.76,gsm8k,47.3,41.58,72.12,52.05,57.82,5.9443,1.5578,0.0001,0.3,,,False,False,True,,,,,,,,,1.987733390397236,1.9346918347336524,0.053041555663583706,46.43615997112422,5.9508256912231445,1.5584135496190616,5.56125442807563,19.07597357695548,0.12445830436859096,0.10457133971017948,0.07117794605226058,0.050369610348990804,0.07649480534518598
frm_dora_lr3e4_c256_s43,frm,43.0,frm_dora_lr3e4_c256,dora,2.8444,0.4539906699682299,17.76,26.7,59.74,math_faithful,27.85,7.67,23.74,28.75,45.49,701.2923,31.0013,0.00030000000000000003,,,,False,False,True,,,,,,,,,4.724918807811289,1.8100692116929957,2.9148495961182928,1642.9804308114553,701.2981567382812,31.002068364620207,19.15874021205036,45.70231370989083,0.11912158511900998,0.043689018349675736,0.10260282643052972,0.04866644351923922,0.1075637369583956
qwswm_lora_r32_lr1e4_s42,qwswm,42.0,qwswm_lora_r32_lr1e4,lora,0.0781,-1.1073489661226996,43.46,53.98,64.75,gsm8k,44.62,42.29,72.01,53.67,57.3,7.1525,1.9628,0.0001,,,32.0,False,False,True,,,,,,,,,,,,61.528651611244484,7.1582818031311035,1.963391528385026,6.303267051343014,20.46461316782634,0.12223027159699573,0.10334042609584086,0.06818998742634204,0.051307062901076325,0.07437481590969525
e1_clora_f015_s45,e1,45.0,e1_clora_f015,clora,0.1574,-0.8029952719769542,27.3,37.15,31.73,cs,34.4,20.2,45.48,47.7,37.98,6.2961,2.9301,,,,,False,False,False,61.87,45.1,16.48,22.05,42.46,21.55,19.37,25.0,,,,129.18584724140158,6.293913841247559,2.9303274296224116,11.495393938096667,25.67645934472334,0.05839929751110302,0.046376682124739124,0.06106797274334221,0.04917534404713927,0.05629195694267789
frc_lorawd_wd0p3_lr1e4_c256_s46,frc,46.0,frc_lorawd_wd0p3_lr1e4_c256,lorawd,0.2355,-0.6280090885350851,27.08,36.31,81.56,cs,34.5,19.66,47.3,42.75,37.33,15.934,5.554,0.0001,0.3,,,False,False,True,72.81,85.26,79.89,92.37,83.19,85.44,71.93,81.6,1.921240106481882,1.8100692116929957,0.11117089478888631,124.9055770045963,15.969231605529785,5.555435718595982,3.063233069875675,10.245909770257597,0.07215535272082213,0.05016627456719361,0.09173149753346341,0.05059497616343076,0.07258675434997659
lrswm_dora_r16_lr1e4_s43,lrswm,43.0,lrswm_dora_r16_lr1e4,dora,0.3207,-0.49390104007155955,24.46,33.1,43.75,gsm8k,32.04,16.89,29.58,45.14,41.85,17.011,5.9233,0.0001,,,16.0,False,False,True,,,,,,,,,1.9876317481902748,1.8100692116929957,0.17756253649727904,123.62246883345364,17.031932830810547,5.925734865665436,2.5762027079786636,6.952974749276355,0.06913891582162444,0.05224750717242339,0.09301448818044808,0.05016388654936477,0.07059365165674651
frc_lorawd_wd0p3_lr1e4_c256_s45,frc,45.0,frc_lorawd_wd0p3_lr1e4_c256,lorawd,0.2385,-0.6225116166238673,26.94,35.59,78.28,cs,33.97,19.9,46.35,41.3,36.41,16.0388,5.589,0.0001,0.3,,,False,False,True,65.6,67.08,79.12,91.4,83.66,85.77,71.59,82.0,1.9627823404204343,1.8520239240816387,0.11075841633879557,125.45790783260284,16.044315338134766,5.5901843279600145,3.05508590055073,10.218491073254432,0.07191851430777205,0.0502845333403337,0.09195768684234128,0.05042484938611624,0.07252735387218766
frc_milora_lr1e3_c256_s43,frc,43.0,frc_milora_lr1e3_c256,milora,7.1808,0.8561728309040297,2.13,19.69,36.33,cs,4.27,0.0,23.22,23.21,47.73,811.9213,81.0672,0.001,,,,True,False,True,62.14,48.64,33.93,25.08,50.36,23.86,24.66,22.0,8.865112520247871,1.8100692116929957,7.055043308554875,3295.9015979023807,811.9063110351562,81.07501593828201,12.14476155579929,25.05371989587711,0.09317204282522319,0.048604986967079065,0.10353623411283713,0.05191289973829684,0.09819047061761371
brq_lora_r16_lr5e4_s42,brq,42.0,brq_lora_r16_lr5e4,lora,0.2305,-0.637329070274333,39.7,50.14,54.05,medmcqa,43.56,35.85,68.29,51.79,51.2,13.7362,6.2509,0.0005,,,16.0,False,False,False,,,,,,,,,,,,108.86333884666604,11.38155460357666,5.356451799472173,3.8441230639120967,9.190908339805658,0.2797790472523298,0.21766360965061682,0.08786704350173084,0.06893828496735196,0.14492539563701795
e1_randdir1_f015_s43,e1,43.0,e1_randdir1_f015,randdir1,0.1611,-0.7929044595807819,25.24,34.94,2.51,cs,31.92,18.57,40.23,44.2,39.76,8.6877,2.9925,,,,,False,False,False,12.08,2.88,3.84,0.1,0.0,0.63,0.17,0.4,,,,122.27466373986466,8.687573432922363,2.992536140233278,10.300593690382714,15.326333813433475,0.05315921385166641,0.05330323547495984,0.06847335223504378,0.050448476952365054,0.05779311870687647
frc_lorawd_wd0p3_lr2e5_c256_s44,frc,44.0,frc_lorawd_wd0p3_lr2e5_c256,lorawd,0.2124,-0.6728454875905685,27.3,36.8,12.19,cs,34.31,20.3,46.73,45.82,36.85,5.0793,2.1224,2e-05,0.3,,,False,False,True,17.98,5.66,13.61,23.34,9.71,10.77,11.26,5.2,2.073863758744269,1.8100692116929957,0.26379454705127325,35.602875764357066,5.0812811851501465,2.123962791264057,1.486942212271938,3.5684498475692825,0.06359939694971592,0.049352002577045,0.12961395122515773,0.062442871539839837,0.07973336551841255
frc_sclora_b0p9_em_r128_lr5e5_s44,frc,44.0,frc_sclora_b0p9_em_r128_lr5e5,sclora,0.2034,-0.6916490514132743,27.04,35.86,56.81,cs,34.4,19.69,47.69,42.41,35.1,6.3629,2.5017,5e-05,,,128.0,False,False,True,55.5,51.47,49.74,47.86,63.38,68.35,56.4,61.8,1.9867173395804016,1.8100692116929957,0.17664812788740591,94.30382716292483,6.362766742706299,2.502111369371414,13.568352946466488,72.51630232948973,0.03463616018305016,0.3986277929642054,0.09882955355083888,0.0663713894523633,0.055153034087248524
e1_randdir3_f080_s43,e1,43.0,e1_randdir3_f080,randdir3,0.8008,-0.09647593552873779,19.0,26.4,1.07,cs,29.24,8.76,23.49,32.42,38.07,45.6151,15.965,,,,,False,False,False,8.56,0.0,0.0,0.0,0.0,0.0,0.0,0.0,,,,652.1520497809912,45.61431884765625,15.965336346626282,10.284339730075843,15.326281644542732,0.053294074845148094,0.05298767958198979,0.0684677336439656,0.05044607339074653,0.05781216458521531
mtxm_lorawd_wd0p01_s43,mtxm,43.0,mtxm_lorawd_wd0p01,lorawd,0.5555,-0.2553159367231136,22.24,31.81,51.48,gsm8k,31.9,12.59,31.98,38.82,43.74,29.5278,12.9198,,0.01,,,False,False,False,,,,,,,,,2.344610609026956,1.8100692116929957,0.5345413973339601,423.48207828783416,29.529844284057617,12.92281656563282,6.7137767561833,20.334172677837447,0.0654509202958531,0.04802767526668077,0.07217849572001118,0.05046367242788794,0.06433704940539653
uioW4_k256_v32_dE0_lr3e3,other,,uioW4_k256_v32_dE0_lr3e3,k256,1.0651,0.027390384684969387,9.38,,35.65,,16.2,2.57,,,,26.2606,7.0707,0.003,,256.0,,False,False,False,61.56,48.75,31.01,20.92,50.36,25.04,21.16,26.4,,,,,,,,,,,,,
qwswm_lora_null_r16_lr2e5_s44,qwswm,44.0,qwswm_lora_null_r16_lr2e5,lora_null,0.0291,-1.5361070110140926,43.19,53.14,50.57,gsm8k,47.57,38.81,72.12,50.0,57.2,1.8556,0.4441,2e-05,,,16.0,False,False,True,,,,,,,,,1.8904103780555759,1.8790178806577968,0.011392497397779033,13.210195735766627,1.8563612699508667,0.44415637153599946,5.749769911814545,16.34908945639156,0.21319700401492903,0.07916621070598358,0.10292901076692115,0.14556530464202114,0.12554877426635408
frc_pissa_r32_lr3e4_c256_s44,frc,44.0,frc_pissa_r32_lr3e4_c256,pissa,1.3877,0.14229558828976357,9.38,22.11,68.87,cs,16.56,2.2,23.24,33.36,35.21,51.2253,13.8795,0.00030000000000000003,,,32.0,False,False,True,65.81,76.39,75.84,60.19,76.8,69.32,56.4,70.2,3.6694565584747725,1.8100692116929957,1.8593873467817768,723.9831594721331,51.23530578613281,13.881161734461784,18.117260975002708,39.77379030646538,0.2209002000748583,0.03856264737121432,0.45715886609297146,0.02768073010811645,0.21671792325739775
frm_lorawd_wd0p5_lr3e4_c256_s43,frm,43.0,frm_lorawd_wd0p5_lr3e4_c256,lorawd,0.2165,-0.6645420993106157,26.18,34.57,65.73,math_faithful,33.91,18.46,36.16,41.89,42.42,21.0085,3.1066,0.00030000000000000003,0.5,,,False,False,True,,,,,,,,,1.9621731214039706,1.8100692116929957,0.15210390971097487,138.66834982441742,21.008474349975586,3.106916832178831,13.797814737252825,37.14314491454753,0.079798145839111,0.0482052740304381,0.09602057016079148,0.04806377281203563,0.0780309896569149
mtx_milora_r16_s43,mtx,43.0,mtx_milora_r16,milora,0.4771,-0.32139058344107385,25.27,33.49,79.06,cs,32.74,17.8,44.72,37.88,34.29,31.548,14.718,,,,16.0,False,False,False,61.99,83.19,79.63,89.78,83.27,84.51,69.11,81.0,2.132809564080032,1.8520239240816387,0.28078563999839323,328.2665334853637,31.57863426208496,14.722456559538841,3.684356315249061,8.524124801493679,0.06670509351172724,0.07839917940064575,0.07720674817995979,0.07868325976135536,0.06725154632792615
mtx_milora_r32_s43,mtx,43.0,mtx_milora_r32,milora,0.5633,-0.24926024876464917,23.79,32.56,58.72,cs,31.06,16.52,41.97,37.71,35.52,38.7195,15.6158,,,,32.0,False,False,False,66.24,82.37,44.37,79.76,65.59,50.93,42.49,38.0,2.3612667513764802,1.8520239240816387,0.5092428272948415,420.17519798864606,38.72005081176758,15.61808572113514,5.8233759755036525,16.235343941331312,0.0670532974758504,0.08226622653058877,0.07270307868361313,0.08642570932587715,0.06568240882842642
frm_lorawd_wd0_lr2e4_c256_s44,frm,44.0,frm_lorawd_wd0_lr2e4_c256,lorawd,0.8572,-0.06691783763020896,20.81,29.34,62.85,math_faithful,29.58,12.04,25.52,34.9,44.68,86.4413,14.9727,0.0002,0.0,,,False,False,True,,,,,,,,,2.893871532803245,1.8100692116929957,1.0838023211102492,705.3526525837007,86.43941497802734,14.9740446716547,15.451890291652434,45.20203491869453,0.06780940867298577,0.046438165091124396,0.06905944325261494,0.05095592385294981,0.06488147082441477
scl2_b0p99_r128_s43,scl2,43.0,scl2_b0p99_r128,b0p99,1.1214,0.049760551762475666,12.9,23.41,73.73,cs,21.75,4.06,22.91,33.7,34.64,112.8421,12.1145,,,,128.0,False,False,False,67.0,78.51,77.74,75.45,79.79,76.52,59.81,75.0,3.197307971491706,1.8520239240816387,1.3452840474100674,791.6913274489028,112.8508529663086,12.11440531015396,35.93386839399581,119.00911721645697,0.07982112435513733,0.04083392202697215,0.16735488526665276,0.030238464440982347,0.10871272170193662
clora_k256_fast,clora,,clora_k256_fast,k256,0.5815,-0.23545028093553275,22.66,,79.29,,31.94,13.39,,,,29.834,12.2496,,,256.0,,False,False,False,70.83,81.94,80.19,88.17,82.0,81.9,68.52,80.8,,,,,,,,,,,,,
frc_lorawd_wd0p5_lr5e4_c256_s45,frc,45.0,frc_lorawd_wd0p5_lr5e4_c256,lorawd,0.2695,-0.5694412304772425,26.63,30.17,82.28,cs,33.9,19.36,23.06,40.19,34.32,24.9057,4.5489,0.0005,0.5,,,False,False,True,73.06,85.09,79.53,91.99,85.71,86.28,72.01,84.6,1.915809148868688,1.8100692116929957,0.10573993717569219,164.36754798844794,24.905405044555664,4.549174145609141,8.58810446735692,20.817560919191973,0.07692587010227162,0.04672333939724736,0.091630495205474,0.04794776166762072,0.07592779450785482
qwsw_sclora_r32_lr2e5_s43,qwsw,43.0,qwsw_sclora_r32_lr2e5,sclora,0.1167,-0.9329291439546299,39.75,47.63,87.18,cs,47.04,32.46,71.87,41.13,45.63,3.2279,0.9915,2e-05,,,32.0,False,False,True,73.18,90.1,79.84,93.87,85.4,95.71,88.57,90.8,2.009410264653233,1.9346918347336524,0.07471842991958066,38.8815941122803,3.2319321632385254,0.9919995174876282,9.562607597886029,34.15028614277947,0.1033809134176101,0.1340076413786772,0.2596262976702934,0.027653878589831746,0.1356352326492112
qwswm_sclora_r32_lr1e4_s44,qwswm,44.0,qwswm_sclora_r32_lr1e4,sclora,0.1807,-0.7430418474390681,40.33,52.01,76.8,gsm8k,46.78,33.88,69.96,53.07,56.36,5.2236,1.6511,0.0001,,,32.0,False,False,True,,,,,,,,,,,,88.09461949364324,5.224377632141113,1.651319105071681,15.28649540544662,41.062441839534365,0.1584992931794308,0.10191263533411475,0.36978771088383666,0.02536905695010176,0.1719980239111814
frm_lorawd_wd0p2_lr7e4_c256_s44,frm,44.0,frm_lorawd_wd0p2_lr7e4_c256,lorawd,0.6257,-0.2036338450224787,21.8,30.98,61.64,math_faithful,31.36,12.25,29.28,35.84,46.18,58.1796,7.514,0.0007,0.2,,,False,False,True,,,,,,,,,2.423683113155409,1.8100692116929957,0.6136139014624133,421.6204587065243,58.17831802368164,7.514344868063927,22.912718846479873,50.6049340665388,0.081084579285363,0.04507293702250885,0.0928824206729781,0.04729598876547311,0.08092556541309477
lrswm_dora_r16_lr2e5_s43,lrswm,43.0,lrswm_dora_r16_lr2e5,dora,0.3295,-0.48214458106997127,25.36,33.68,34.5,gsm8k,33.27,17.45,30.62,45.99,41.06,6.9882,2.0703,2e-05,,,16.0,False,False,True,,,,,,,,,1.8764704886857582,1.8100692116929957,0.06640127699276244,33.055648802220745,7.006877422332764,2.0723764941096308,1.3069564584383295,2.3728599760316262,0.059387189848349176,0.04983152151504521,0.17686699043648024,0.05048663293304761,0.08674166827916363
scl2_b0p5_r32_s44,scl2,44.0,scl2_b0p5_r32,b0p5,0.7515,-0.12407101507707306,18.74,26.36,78.74,cs,29.32,8.16,25.47,36.43,32.44,41.928,10.2872,,,,32.0,False,False,False,71.68,82.81,78.66,85.46,81.37,81.61,67.92,80.4,2.456819296958807,1.8100692116929957,0.6467500852658115,481.1982597221754,41.92731475830078,10.288229247927665,14.555234503710505,34.036083062116674,0.08441402504913353,0.04061795337082741,0.24333076385071117,0.02621463795510444,0.127729538027249
lrsw_lora_r16_lr1e4_s45,lrsw,45.0,lrsw_lora_r16_lr1e4,lora,0.2982,-0.5254923608830242,26.16,34.9,78.15,cs,33.02,19.31,46.18,40.02,35.96,20.4337,7.427,0.0001,,,16.0,False,False,True,71.04,80.2,79.02,81.07,83.35,83.5,69.62,77.4,1.9330951427814826,1.8100692116929957,0.12302593108848692,146.0659937490887,20.466251373291016,7.430858065187931,2.3003169660041056,6.18228381190524,0.07109005148211897,0.04924826824673879,0.08920602817456866,0.0507691100531376,0.0714318201795748
lrsw_lora_null_r16_lr1e4_s44,lrsw,44.0,lrsw_lora_null_r16_lr1e4,lora_null,0.2522,-0.5982549177629373,26.05,35.33,54.96,cs,33.19,18.91,46.11,43.43,35.0,8.5585,3.8892,0.0001,,,16.0,False,False,True,61.8,47.06,74.16,60.44,26.52,65.19,49.49,55.0,1.934891916117088,1.8100692116929957,0.12482270442409238,111.04907208834778,8.565451622009277,3.8901960022747515,5.391929926516385,16.497496715960533,0.2154915402916586,0.033982210146261294,0.13586106175911025,0.07078980588142757,0.144785115292289
uioT_k1024_lr1e2,other,,uioT_k1024_lr1e2,k1024,0.7357,-0.13329924395750095,22.71,,47.45,,31.02,14.4,,,,8.3366,4.0622,0.01,,1024.0,,False,False,False,62.17,43.47,16.53,31.53,71.98,54.38,38.14,61.4,,,,,,,,,,,,,
frc_clora_k1024_lr3e4_c256_s45,frc,45.0,frc_clora_k1024_lr3e4_c256,clora,0.4608,-0.3364875295848444,23.36,32.34,79.71,cs,31.15,15.58,39.61,38.4,36.97,20.5513,9.9838,0.00030000000000000003,,1024.0,,False,False,True,71.1,82.86,79.12,89.51,82.79,83.71,67.41,81.2,2.209820737932891,1.8100692116929957,0.3997515262398952,370.6602700785272,20.554834365844727,9.986488905549049,7.347158193279949,21.964719353277708,0.05882354241924175,0.04729036574456235,0.0638048587580417,0.04869134478290019,0.056771205877144716
scl2_b0p5_r128_s44,scl2,44.0,scl2_b0p5_r128,b0p5,1.8793,0.2739961137592796,3.69,20.05,64.03,cs,7.23,0.15,23.07,28.07,41.73,58.2778,14.9925,,,,128.0,False,False,False,64.53,72.47,73.13,50.33,73.24,63.85,48.72,66.0,6.296874568232603,1.8520239240816387,4.444850644150964,955.5591749588921,58.27584457397461,14.992338562011719,29.906842234049325,116.44192686002023,0.1046231553269241,0.041843335949557525,0.39415871187002904,0.021796090326434845,0.17620961547834593
lora_wd1p0_clean,lora,,lora_wd1p0_clean,wd1p0,0.1698,-0.7700623140920662,26.87,,76.7,,35.31,18.43,,,,8.1591,2.7813,,1.0,,,False,False,False,73.09,83.95,80.09,55.66,84.61,85.23,69.54,81.4,1.9061513650312136,1.8520239240816387,0.05412744094957489,80.16945177338725,8.174487113952637,2.78281225413084,5.080792506791037,13.264706385262269,0.07693620433044919,0.05004070650525453,0.10961241156426987,0.05182327840303513,0.08184595433854185
frm_milora_lr5e4_c256_s43,frm,43.0,frm_milora_lr5e4_c256,milora,2.671,0.42667388802137285,7.4,22.16,50.34,math_faithful,14.73,0.07,24.33,23.89,47.78,345.4026,36.798,0.0005,,,,False,False,True,,,,,,,,,6.243148003717169,1.8100692116929957,4.433078792024173,2370.4857021865387,345.3994445800781,36.79816085100174,29.32621215717057,56.14933230167883,0.08106942235687065,0.046997153707500565,0.08181973885423079,0.058876804112257555,0.08074510480635291
frc_lorawd_wd0p2_lr2e5_c256_s42,frc,42.0,frc_lorawd_wd0p2_lr2e5_c256,lorawd,0.2139,-0.669789215428472,26.67,36.42,21.44,cs,34.1,19.24,46.43,46.16,36.15,5.2551,2.154,2e-05,0.2,,,False,False,True,28.29,10.12,28.92,21.48,12.87,26.43,25.43,18.0,2.1233720064883777,1.8520239240816387,0.2713480824067389,36.26775523974725,5.263933181762695,2.1556724160909653,1.5086919394972804,3.7532046727132595,0.06412908146633288,0.04828198597202717,0.12669578173466656,0.06370364908006254,0.07914330277194774
qwsw_clora_k1024_lr1e4_s43,qwsw,43.0,qwsw_clora_k1024_lr1e4,clora,0.1266,-0.8975662943186637,39.64,50.5,86.85,cs,45.77,33.5,71.01,53.41,48.82,14.2329,3.3862,0.0001,,1024.0,,False,False,True,74.13,89.88,79.12,95.08,85.16,94.4,86.86,90.2,2.062429625193569,1.9346918347336524,0.12773779045991684,121.5930625445017,14.247793197631836,3.38842143970313,4.948289411355644,17.45589351601184,0.05757816381729656,0.042635155374169544,0.06583515098635438,0.046439865487659174,0.0470007459411901
lrsw_milora_r32_lr2e4_s45,lrsw,45.0,lrsw_milora_r32_lr2e4,milora,0.4162,-0.38069792412439185,26.46,35.21,78.53,cs,34.05,18.87,44.4,42.15,36.59,27.4533,11.4819,0.0002,,,32.0,False,False,True,71.87,71.22,78.51,85.87,83.82,84.3,71.67,81.0,2.088509181263989,1.8100692116929957,0.27843996957099315,269.9243906366469,27.453144073486328,11.485168513655662,4.573810785589944,13.671319749154732,0.06576752121044255,0.10716946691849491,0.0778683462211716,0.1057576695450902,0.06715713407219576
frm_lorawd_wd0p3_lr1e4_c256_s44,frm,44.0,frm_lorawd_wd0p3_lr1e4_c256,lorawd,0.2406,-0.6187043769961741,26.02,34.29,66.11,math_faithful,34.25,17.78,32.52,43.09,43.81,14.337,4.4805,0.0001,0.3,,,False,False,True,,,,,,,,,2.0188590545628298,1.8100692116929957,0.20878984286983404,150.03466191890553,14.349634170532227,4.481376588344574,7.228550396509477,28.03851359155711,0.0715440735016532,0.05060231019711484,0.08526480230914024,0.050015369239206645,0.07076416735425972
qwswm_lora_null_r16_lr3e4_s43,qwswm,43.0,qwswm_lora_null_r16_lr3e4,lora_null,0.1156,-0.9370421659154897,42.45,52.82,68.08,gsm8k,46.03,38.87,71.41,52.73,55.05,10.5043,3.1728,0.00030000000000000003,,,16.0,False,False,True,,,,,,,,,2.0429015051119603,1.9346918347336524,0.10820967037830798,130.57298520201354,10.514631271362305,3.173203553046499,9.586488135373566,18.225713747517915,0.15639019450094707,0.08198278009711292,0.07842340557731578,0.11415667153479153,0.09162496076791424
qwsw_milora_r32_lr1e3_s42,qwsw,42.0,qwsw_milora_r32_lr1e3,milora,0.955,-0.019996628416253676,6.41,22.58,72.24,cs,12.04,0.78,29.85,32.94,37.28,95.1106,18.5092,0.001,,,32.0,False,False,True,64.68,78.56,74.92,69.55,74.51,77.02,63.48,75.2,,,,995.0375939690259,95.10883331298828,18.511641733135495,16.71122599031108,29.76727990143764,0.1136192259980401,0.10377718331594106,0.06599501762387316,0.06322215752660319,0.07509110652570185
qwsw_sclora_r32_lr1e4_s42,qwsw,42.0,qwsw_sclora_r32_lr1e4,sclora,0.4408,-0.35575841415627135,9.44,33.08,87.07,cs,15.71,3.18,62.49,38.4,45.61,11.6482,3.7838,0.0001,,,32.0,False,False,True,74.46,89.06,79.53,94.77,86.19,95.33,87.2,90.0,,,,170.25073667081347,11.647764205932617,3.784306445292064,10.883275328702227,35.572243404161746,0.18206983888402334,0.06782687729043875,0.4196385320545582,0.020755172300018377,0.18959701613297386
lrsw_lora_null_r16_lr1e3_s42,lrsw,42.0,lrsw_lora_null_r16_lr1e3,lora_null,1.1609,0.0647948111953832,17.36,25.27,73.55,cs,27.02,7.7,25.82,34.39,31.43,135.7188,25.0528,0.001,,,16.0,False,False,True,67.0,79.05,78.25,79.87,78.22,74.75,58.02,73.2,2.7528173738144632,1.8520239240816387,0.9007934497328245,993.6370991938797,135.71774291992188,25.052598583698273,10.272362783831637,15.571557580005763,0.07949550675588983,0.044481910579276994,0.06630758702172405,0.05218141064339247,0.06987866719189852
lora_r64,lora,,lora_r64,r64,0.9091,-0.04138834223512058,21.14,,76.41,,28.88,13.39,,,,111.2896,18.3188,,,,,False,False,False,69.33,80.25,78.25,82.07,80.74,77.31,63.57,79.8,2.8006474754117687,1.8520239240816387,0.94862355133013,766.4785706797252,111.28952026367188,18.320316123962403,12.539247848769092,39.42148954036296,0.07266296101650088,0.04603585979942648,0.06976715033565571,0.05015633548261065,0.06731085989699223
frc_lora_null_lr1e3_c256_s44,frc,44.0,frc_lora_null_lr1e3_c256,lora_null,6.565,0.8172347304254981,1.08,19.35,37.25,cs,2.15,0.0,23.93,23.55,47.1,358.459,72.0998,0.001,,,,True,False,True,62.17,50.87,34.39,24.02,48.62,25.59,25.51,26.8,5.80027620845118,1.8100692116929957,3.990206996758184,2928.266669341626,358.45098876953125,72.10327830910683,12.582092698119,26.350994101515347,0.09720487081680966,0.04779335003153909,0.10747864853686039,0.05215997631563114,0.10439209925362518
lora_wd0p05_clean,lora,,lora_wd0p05_clean,wd0p05,0.6366,-0.19613336571501566,23.74,,80.11,,32.08,15.41,,,,45.2442,14.629,,0.05,,,False,False,False,71.96,82.75,79.79,88.68,82.16,84.01,68.09,83.4,2.3411569558093217,1.8520239240816387,0.48913303172768297,492.38208545450817,45.243614196777344,14.63090659379959,7.480159721724177,21.24263280370916,0.06923043886351858,0.046566474747150394,0.07241754664976634,0.049423579207960755,0.06637441853828276
qwswm_sclora_r32_lr5e5_s44,qwswm,44.0,qwswm_sclora_r32_lr5e5,sclora,0.1067,-0.9718355805755301,42.63,53.19,77.48,gsm8k,47.64,37.62,71.14,54.27,55.28,3.0901,0.9164,5e-05,,,32.0,False,False,True,,,,,,,,,2.038421982355392,1.9346918347336524,0.10373014762173982,46.225879032623645,3.0908169746398926,0.916459986780371,14.419972543004992,38.57102648878064,0.1541527711211929,0.1031941797430904,0.39229913742686234,0.024197899063153217,0.1704160731409019
frc_lorawd_wd0_lr5e4_c256_s44,frc,44.0,frc_lorawd_wd0_lr5e4_c256,lorawd,1.1744,0.06981604257199535,17.24,25.32,73.12,cs,26.63,7.84,24.81,32.68,34.63,132.6013,22.3773,0.0005,0.0,,,False,False,True,68.41,77.37,77.43,77.9,77.43,73.74,59.9,72.8,2.8611056478267707,1.8100692116929957,1.051036436133775,957.9957282898974,132.59703063964844,22.380327796936037,12.800957729460468,26.254757668234184,0.07213897144397295,0.045847731277339016,0.06786935578117484,0.050849911897318884,0.06668568832763072
lrswm_lorawd_wd0p3_lr2e5_s43,lrswm,43.0,lrswm_lorawd_wd0p3_lr2e5,lorawd,0.3275,-0.48478869567219807,26.4,33.94,36.69,gsm8k,35.29,17.51,30.33,46.08,40.48,7.8727,2.2323,2e-05,0.3,,,False,False,True,,,,,,,,,2.0435605386893334,1.8100692116929957,0.23349132699633768,38.16050291877015,7.876464366912842,2.2335461892187594,1.5820889533879596,3.8729696030880647,0.06121195617032186,0.052296745540362066,0.1599950068668867,0.051427839533364585,0.08382482877557046
qwsw_sclora_r32_lr3e4_s42,qwsw,42.0,qwsw_sclora_r32_lr3e4,sclora,0.7187,-0.14345235514325214,6.75,25.69,84.0,cs,12.64,0.86,36.66,39.25,39.04,34.6834,8.621,0.00030000000000000003,,,32.0,False,False,True,71.77,87.38,78.66,92.44,83.35,92.05,81.14,85.2,,,,450.3481154856388,34.682125091552734,8.622213378122874,14.51431812817605,35.6457692636891,0.17120184871723376,0.07209213403126427,0.28489901564488157,0.028461127182754262,0.1629786673571026
clora_cs_k512,clora,,clora_cs_k512,cs,0.5137,-0.28929043427566276,23.06,,67.6,,30.55,15.58,,,,25.8854,11.1986,,,,,False,False,False,63.21,66.38,52.3,89.21,80.58,67.3,51.45,70.4,2.3270124103564966,1.8520239240816387,0.4749884862748579,426.4530961797058,25.901172637939453,11.200281719863415,8.19339604578045,23.312656591424446,0.06101501614679487,0.04647200519231643,0.06521267443927047,0.04881332165334748,0.058813191245447996
qwswm_lorawd_wd0p3_lr2e4_s42,qwswm,42.0,qwswm_lorawd_wd0p3_lr2e4,lorawd,0.0856,-1.0675262353228467,45.86,54.48,59.14,gsm8k,48.0,43.71,71.97,51.28,57.43,8.109,2.1482,0.0002,0.3,,,False,False,True,,,,,,,,,,,,77.10523261168815,8.111968994140625,2.148784835423742,7.831624121927006,22.06032855817045,0.11875379409644128,0.10217015306624677,0.06855095015333029,0.047712351925238164,0.07371175045332516
qwswm_lora_r16_lr5e4_s43,qwswm,43.0,qwswm_lora_r16_lr5e4,lora,0.2414,-0.6172627342386696,42.35,51.77,65.88,gsm8k,44.56,40.14,69.38,49.57,55.2,21.9554,6.6557,0.0005,,,16.0,False,False,True,,,,,,,,,2.150928964523887,1.9346918347336524,0.21623712979023457,279.02267190920736,22.000717163085938,6.657249986273902,9.607853065066141,14.958670019290162,0.11043518956683158,0.09898534757827446,0.06078521377283017,0.04843638553281657,0.0676244704482328
qwswm_lorawd_wd0p3_lr2e5_s42,qwswm,42.0,qwswm_lorawd_wd0p3_lr2e5,lorawd,0.0381,-1.4190750243243806,43.66,53.31,58.53,gsm8k,47.6,39.71,71.96,50.0,57.28,2.3711,0.5545,2e-05,0.3,,,False,False,True,,,,,,,,,,,,13.158384668141297,2.371772527694702,0.5547076139066901,3.391824434496275,13.592674546881964,0.12547463588452684,0.10721627062535868,0.08930707370154481,0.055973609553707046,0.08142837823407317
mtx_sclora_b0p5_s42,mtx,42.0,mtx_sclora_b0p5,sclora,1.0519,0.021974455110060194,15.16,25.24,76.98,cs,27.48,2.83,24.48,37.03,34.4,26.9164,11.2617,,,,,False,False,False,69.76,81.34,78.71,83.11,81.22,79.92,63.99,77.8,2.678580629261211,1.8520239240816387,0.8265567051795721,538.9663530153298,26.9151668548584,11.262678566575051,14.56274852597407,34.67376711112446,0.10094144748216648,0.040945785791363334,0.37729823312362076,0.022133897028658325,0.16787069510264477
frm_lorawd_wd0p2_lr5e4_c256_s42,frm,42.0,frm_lorawd_wd0p2_lr5e4_c256,lorawd,0.5579,-0.25344363858963087,22.48,30.88,62.62,math_faithful,30.84,14.11,27.03,38.65,43.77,67.6177,7.0253,0.0005,0.2,,,False,False,True,,,,,,,,,2.3539075719431524,1.8520239240816387,0.5018836478615136,377.13083542326166,67.6173324584961,7.025672473013401,21.55416225626061,49.523847824939324,0.08115310992018554,0.04534831637745822,0.09054035980699598,0.047615862751207126,0.07966487177561724
qwsw_sclora_r32_lr2e4_s42,qwsw,42.0,qwsw_sclora_r32_lr2e4,sclora,0.6277,-0.20224787134928923,7.39,29.43,84.76,cs,14.71,0.07,58.36,38.4,35.59,19.8345,6.3477,0.0002,,,32.0,False,False,True,73.06,85.85,77.89,89.79,85.95,93.35,83.79,88.4,,,,318.2100069362179,19.836368560791016,6.348214741264071,13.156089221049719,36.158349179071145,0.17672745439866597,0.06981518698039929,0.34350089687160895,0.02444201511876342,0.17489378195157732
qwswm_clora_k1024_lr3e4_s44,qwswm,44.0,qwswm_clora_k1024_lr3e4,clora,0.1131,-0.9465373950745447,43.0,52.83,73.01,gsm8k,44.92,41.07,71.34,50.68,56.13,11.0799,2.3676,0.00030000000000000003,,1024.0,,False,False,True,,,,,,,,,2.040990592086131,1.9346918347336524,0.10629875735247873,131.789418164555,10.770438194274902,2.36784598957833,13.675993902327937,27.181090209045284,0.04974526488136414,0.045525241543393546,0.05464326092334577,0.04668366025647419,0.042765534889495825
lrswm_milora_r32_lr2e5_s43,lrswm,43.0,lrswm_milora_r32_lr2e5,milora,0.27,-0.5686362358410126,25.3,34.0,33.89,gsm8k,33.31,17.3,31.3,47.18,40.91,3.5835,1.5652,2e-05,,,32.0,False,False,True,,,,,,,,,1.8823985291370195,1.8100692116929957,0.07232931744402382,27.22973726774812,3.5905966758728027,1.5659500237554311,2.741602229508846,9.566766409173274,0.050097990529597444,0.2646506672536213,0.15052971914392207,0.1797778640264693,0.0761967581238201
qwsw_lora_null_r16_lr1e4_s44,qwsw,44.0,qwsw_lora_null_r16_lr1e4,lora_null,0.1295,-0.8877302315827293,40.64,50.32,80.78,cs,46.11,35.16,71.23,50.85,48.23,9.6096,2.9409,0.0001,,,16.0,False,False,True,70.03,88.19,80.14,94.25,86.35,73.74,65.78,87.8,2.033550920527271,1.9346918347336524,0.09885908579361846,93.45510740927315,9.607731819152832,2.941577106288501,5.731823430525737,14.924971179186398,0.1871614661479859,0.07424237101162418,0.0902398576823821,0.10454245919619512,0.1068862832863921
lrsw_lorawd_wd0p3_lr1e3_s44,lrsw,44.0,lrsw_lorawd_wd0p3_lr1e3,lorawd,0.4618,-0.33554607141884246,25.6,31.62,81.06,cs,32.21,18.99,37.05,36.52,33.35,47.7845,7.105,0.001,0.3,,,False,False,True,71.53,83.95,81.06,87.98,83.9,84.6,71.67,83.8,2.004636169362947,1.8100692116929957,0.19456695766995113,294.2512151216546,47.78323745727539,7.105374717712403,11.740704392221781,25.566765166656282,0.07687061381532655,0.045154006589842755,0.08456318232531063,0.04769734484581636,0.07558621647818463
frm_lorawd_wd0_lr3e4_c256_s42,frm,42.0,frm_lorawd_wd0_lr3e4_c256,lorawd,1.2941,0.11196783720607284,17.96,26.41,59.59,math_faithful,28.31,7.61,24.16,26.79,45.16,161.9034,20.0793,0.00030000000000000003,0.0,,,False,False,True,,,,,,,,,3.5548387667593966,1.8520239240816387,1.7028148426777578,1120.3556898498096,161.90093994140625,20.080186614394187,23.05444305548095,52.17587072547066,0.07216388845675226,0.045335729508290776,0.07059153002929885,0.05065426762679147,0.06835445907133099
lrsw_lora_null_r16_lr1e4_s43,lrsw,43.0,lrsw_lora_null_r16_lr1e4,lora_null,0.2442,-0.6122543403911364,26.18,35.3,68.49,cs,34.1,18.25,46.17,43.09,34.88,9.5119,3.8745,0.0001,,,16.0,False,False,True,59.91,77.09,62.9,82.15,61.4,75.21,63.05,66.2,1.9308238489571035,1.8100692116929957,0.12075463726410773,110.85513049702901,9.524558067321777,3.875693365931511,5.421671552139881,16.546896321647573,0.2156957248830734,0.03397691090793816,0.13575688792689317,0.07066511528235962,0.14468843895408154
lrswm_clora_k1024_lr5e5_s43,lrswm,43.0,lrswm_clora_k1024_lr5e5,clora,0.2101,-0.6775739475940474,25.7,33.31,40.79,gsm8k,33.56,17.83,28.27,44.45,42.46,7.5251,2.6008,5e-05,,1024.0,,False,False,True,,,,,,,,,1.9313566403964757,1.8100692116929957,0.12128742870347997,63.16645053935794,7.52816915512085,2.601647498831153,3.2467751451325224,11.852051657503303,0.06151087378772073,0.05682422527985222,0.08771583582488285,0.05356423037388031,0.06325619050480091
lrswm_clora_k1024_lr1e3_s44,lrswm,44.0,lrswm_clora_k1024_lr1e3,clora,0.8518,-0.06966236426226995,19.27,28.38,43.97,gsm8k,28.34,10.21,25.59,32.25,45.52,28.832,14.6142,0.001,,1024.0,,False,False,True,,,,,,,,,2.9041823117911933,1.8100692116929957,1.0941131000981976,741.9017507641672,28.887203216552734,14.61733457148075,15.43204968442647,27.918729149423417,0.0599912252178179,0.04610910962893871,0.06255552555304393,0.0495481890899229,0.05773514149920893
b4_lora_null_r16_lr1e4_s46,b4,46.0,b4_lora_null_r16_lr1e4,lora_null,0.2449,-0.6110112148752859,26.83,36.33,70.16,cs,34.65,19.01,47.22,44.8,35.95,10.5213,4.1037,0.0001,,,16.0,False,False,False,62.81,77.75,79.38,91.0,71.9,63.22,47.61,67.6,1.8931467819010623,1.8100692116929957,0.08307757020806661,112.23182210741071,10.536481857299805,4.104264488071204,5.052330694724388,15.115242170227429,0.18115553129381187,0.03353265596872822,0.12339944191175943,0.06390059110977159,0.13172424382252718
lrswm_milora_r32_lr5e5_s43,lrswm,43.0,lrswm_milora_r32_lr5e5,milora,0.2833,-0.5477534254795628,25.94,34.09,38.06,gsm8k,33.77,18.1,30.27,46.42,41.9,6.2326,2.8637,5e-05,,,32.0,False,False,True,,,,,,,,,1.9312301290451899,1.8100692116929957,0.12116091735219414,55.16912768187428,6.23447322845459,2.8643961511552334,3.103965854608639,10.875742172157436,0.05340707519886409,0.2434853472664017,0.11010625395058495,0.17732189987188343,0.06899761520380616
mtx_lorawd_wd0p01_s45,mtx,45.0,mtx_lorawd_wd0p01,lorawd,0.7069,-0.15064201833870106,23.2,30.4,78.83,cs,31.32,15.08,37.06,36.18,32.36,54.4602,16.9812,,0.01,,,False,False,False,70.18,83.03,79.43,87.61,82.16,81.23,67.41,79.6,2.381023574552138,1.8100692116929957,0.5709543628591425,568.9241969183213,54.45934295654297,16.982310333847998,7.406639163189228,21.45947082971532,0.06911981525887953,0.04632878348545753,0.07074559309848272,0.04972252291549529,0.06572003458026127
qwsw_clora_k1024_lr3e4_s44,qwsw,44.0,qwsw_clora_k1024_lr3e4,clora,0.2916,-0.535212480354063,37.94,44.79,84.8,cs,44.05,31.82,66.19,38.4,43.47,26.6421,6.7393,0.00030000000000000003,,1024.0,,False,False,True,73.7,84.44,78.97,90.56,84.45,92.68,83.62,90.0,2.387041065265457,1.9346918347336524,0.45234923053180465,355.40806244265013,26.64732551574707,6.740086740593064,11.14147750502403,25.90962071443911,0.05201432970541861,0.04310081367563226,0.05755098442407912,0.044063103529407226,0.04358566375087372
lrsw_dora_r16_lr5e4_s44,lrsw,44.0,lrsw_dora_r16_lr5e4,dora,1.2185,0.08582553352074308,19.08,27.33,76.87,cs,29.1,9.06,23.86,36.01,38.64,194.5255,25.2642,0.0005,,,16.0,False,False,True,68.81,80.74,79.43,85.92,77.98,78.16,63.74,80.2,2.523506346636152,1.8100692116929957,0.7134371349431563,822.5472791442102,194.5226287841797,25.270531803369522,6.911341858617148,13.32995578216151,0.08425066658168143,0.04541461231606264,0.07687746187644297,0.05003944889775038,0.07688493750026455
uioT_k2048_lr1e2,other,,uioT_k2048_lr1e2,k2048,0.744,-0.1284270644541213,22.74,,42.42,,32.75,12.72,,,,8.1041,4.2677,0.01,,2048.0,,False,False,False,63.73,67.63,8.24,36.8,68.51,38.59,30.03,25.8,,,,,,,,,,,,,
qwsw_sclora_r32_lr3e4_s44,qwsw,44.0,qwsw_sclora_r32_lr3e4,sclora,0.5221,-0.28224630678928436,28.58,37.24,83.23,cs,35.31,21.84,57.11,38.05,33.87,25.0582,7.4187,0.00030000000000000003,,,32.0,False,False,True,73.06,79.33,78.86,83.3,84.69,93.06,84.13,89.4,2.6527951881140597,1.9346918347336524,0.7181033533804073,419.6605194128372,25.07573699951172,7.4201874451977865,17.066097100030483,35.026887322181175,0.10446112809354408,0.11512532073727703,0.16374710403671736,0.033706468245737815,0.10703014256612083
frm_lorawd_wd0p3_lr2e4_c256_s44,frm,44.0,frm_lorawd_wd0p3_lr2e4_c256,lorawd,0.2793,-0.5539290642989949,25.06,33.44,67.25,math_faithful,32.85,17.26,34.23,42.58,40.26,25.1845,4.4938,0.0002,0.3,,,False,False,True,,,,,,,,,2.0791656570610244,1.8520239240816387,0.22714173297938567,192.2163811256441,25.184473037719727,4.494259195029736,12.453239490630194,37.61042202768088,0.07429474782564519,0.048705877446672735,0.08603528463341675,0.04923821775972659,0.07287036428247577
mtx_lorawd_wd0p0_s44,mtx,44.0,mtx_lorawd_wd0p0,lorawd,0.7221,-0.14140265500530758,22.18,29.84,78.55,cs,30.27,14.08,33.11,36.26,35.46,52.4812,17.5056,,0.0,,,False,False,False,70.76,82.7,79.22,87.14,81.85,80.81,67.49,78.4,2.459193629238521,1.8520239240816387,0.6071697051568821,591.9420892068912,52.48030090332031,17.50728745162487,7.54085726563486,21.63362097129401,0.06853920655732294,0.04633576535193389,0.07043032354988657,0.04977775581741373,0.06548509768356432
frc_lorawd_wd0p2_lr2e4_c256_s46,frc,46.0,frc_lorawd_wd0p2_lr2e4_c256,lorawd,0.3643,-0.4385408287580841,26.16,34.78,77.92,cs,33.74,18.58,44.53,41.55,35.52,25.9659,8.5419,0.0002,0.2,,,False,False,True,61.38,83.41,79.99,91.38,84.06,82.2,64.93,76.0,2.025835050165805,1.8100692116929957,0.2157658384728094,240.4270928291744,25.9923095703125,8.546112233400345,4.949465701490048,16.12510821876977,0.07037070427213521,0.04780180223607489,0.08208825861989039,0.04867006229610974,0.06973892815448478
lrsw_lorawd_wd0p3_lr1e3_s42,lrsw,42.0,lrsw_lorawd_wd0p3_lr1e3,lorawd,0.6315,-0.1996266451086505,23.2,30.99,80.26,cs,30.2,16.19,41.55,31.48,35.52,71.7703,9.7446,0.001,0.3,,,False,False,True,72.42,82.81,80.19,90.78,83.74,82.66,68.09,81.4,2.346343138356718,1.8520239240816387,0.4943192142750794,312.4811972967574,71.76943969726562,9.744909964501858,7.953084634899221,19.497124531028078,0.08000816416120252,0.04703202414420761,0.0974403482377657,0.04911270898930324,0.0830728593253579
lrsw_milora_r32_lr1e3_s43,lrsw,43.0,lrsw_milora_r32_lr1e3,milora,1.5126,0.17972409606008952,17.33,24.97,66.12,cs,26.05,8.61,22.95,31.91,35.35,229.3391,28.0612,0.001,,,32.0,False,False,True,64.46,73.07,74.26,57.7,72.45,66.29,50.51,70.2,3.1496052964456784,1.8100692116929957,1.3395360847526827,1280.8884182418708,229.33851623535156,28.063557440042494,14.955367904909098,27.047863356003443,0.07876495023226798,0.04924626081070909,0.06906823145273228,0.05502380597150696,0.07140187715653103
lrsw_milora_r32_lr3e4_s44,lrsw,44.0,lrsw_milora_r32_lr3e4,milora,0.5623,-0.25003191649059714,24.06,32.62,34.54,cs,31.19,16.94,40.94,38.23,35.82,37.4071,15.6225,0.00030000000000000003,,,32.0,False,False,True,62.08,10.34,10.75,36.67,60.77,33.33,25.0,37.4,2.2841258164585514,1.8520239240816387,0.43210189237691266,419.2066818203677,37.40700149536133,15.623989224433899,5.837390948276585,16.247534315059557,0.0669576878348695,0.08274209758977646,0.07285608293215892,0.08697294198703821,0.0657541256825073
frc_lorawd_wd0p2_lr2e5_c256_s44,frc,44.0,frc_lorawd_wd0p2_lr2e5_c256,lorawd,0.219,-0.6595558851598816,26.82,36.35,23.05,cs,33.51,20.12,46.19,45.48,36.47,5.6833,2.1691,2e-05,0.2,,,False,False,True,19.79,25.19,25.9,21.19,39.7,20.71,19.88,12.0,2.065842088240173,1.8100692116929957,0.2557728765471772,36.59004740709484,5.697011470794678,2.170877480879426,1.4994940033216693,3.687794314746029,0.06391084012552854,0.04978712667598032,0.12743826912594244,0.06206064849836503,0.07905461843848424
e1_randdir2_f040_s43,e1,43.0,e1_randdir2_f040,randdir2,0.4218,-0.3748934245965324,23.52,32.29,0.47,cs,31.92,15.12,33.18,42.92,38.3,23.3909,7.9849,,,,,False,False,False,3.36,0.33,0.1,0.0,0.0,0.0,0.0,0.0,,,,326.07679422632805,23.390531539916992,7.984983876347542,10.294139646613152,15.324644854590138,0.053337468330716335,0.05327294534858894,0.06845172138552441,0.050444985632666924,0.057890088249276404
frc_milora_a1r_lr3e4_c256_s45,frc,45.0,frc_milora_a1r_lr3e4_c256,milora,0.561,-0.25103713874383854,24.9,31.75,79.29,cs,32.25,17.54,37.64,36.09,35.21,54.139,15.5777,0.00030000000000000003,,,,False,False,True,72.2,82.54,79.22,84.87,83.5,82.62,68.77,80.6,2.2197030012595786,1.8100692116929957,0.4096337895665829,422.4072352888848,54.13917922973633,15.57936232984066,5.964914946042279,16.29953100571023,0.06780392044752706,0.08214369075798586,0.07216448641555345,0.08655357397234134,0.0657688228023987
frc_lora_null_lr3e4_c256_s43,frc,43.0,frc_lora_null_lr3e4_c256,lora_null,0.761,-0.11861534322942716,20.74,28.25,78.31,cs,29.26,12.23,30.22,36.35,33.19,81.8124,14.9535,0.00030000000000000003,,,,False,False,True,71.19,82.26,79.17,86.26,81.22,81.31,66.89,78.2,2.581426295532599,1.8100692116929957,0.7713570838396031,657.5298500658882,81.8141098022461,14.95482037961483,13.096345562056168,30.29645702164306,0.09391711380538655,0.042669762096960356,0.10208917520565061,0.06033239296794989,0.08853044877027229
frm_lorawd_wd0p2_lr2e4_c512_s44,frm,44.0,frm_lorawd_wd0p2_lr2e4_c512,lorawd,0.3685,-0.4335625078049297,24.4,33.64,66.94,math_faithful,32.05,16.75,36.73,40.27,42.38,30.6495,5.8688,0.0002,0.2,,,False,False,True,,,,,,,,,2.1281258399640466,1.8100692116929957,0.31805662827105086,261.6784202948566,30.648984909057617,5.8693892583251,13.493216040006757,40.6616931570955,0.070905274958344,0.048175086309903824,0.08073575992838272,0.04960992328176644,0.0700032211984943
mtx_lorawd_wd0p05_s44,mtx,44.0,mtx_lorawd_wd0p05,lorawd,0.657,-0.1824346304402192,15.23,25.66,79.78,cs,25.71,4.75,23.78,39.25,34.83,44.9314,14.5914,,0.05,,,False,False,False,71.74,82.59,79.43,88.83,83.9,83.29,69.62,78.8,2.4171879496409843,1.8520239240816387,0.5651640255593455,493.50316019643896,44.9305534362793,14.592864775657654,7.476150367390873,21.388961380281028,0.07011003147777017,0.04650397338099437,0.0749493721440036,0.04911675840279449,0.0682469195714407
lrsw_lora_r16_lr5e5_s43,lrsw,43.0,lrsw_lora_r16_lr5e5,lora,0.2543,-0.5946536398242911,27.46,36.62,48.9,cs,34.86,20.06,47.39,45.48,35.29,10.0963,4.0846,5e-05,,,16.0,False,False,True,61.99,31.61,49.49,38.16,72.53,51.56,41.04,44.8,2.0766223028393127,1.8100692116929957,0.266553091146317,70.37398347433462,10.114081382751465,4.08751265630126,1.6799928543111446,3.91492199166486,0.06914962328891978,0.05093974910134478,0.10654794574855439,0.055979991100004144,0.07581115902166864
qwswm_dora_r16_lr1e3_s44,qwswm,44.0,qwswm_dora_r16_lr1e3,dora,0.6779,-0.16883436609055755,28.98,39.67,65.28,gsm8k,38.66,19.3,49.25,42.06,49.08,67.9669,17.4312,0.001,,,16.0,False,False,True,,,,,,,,,2.9304346703187627,1.9346918347336524,0.9957428355851103,783.5196697055111,67.94491577148438,17.42918337413243,11.087269835900054,15.271582731257144,0.11042743882600314,0.10192393155219881,0.06491514154608845,0.047726947789501414,0.07115567852560505
frc_lorawd_wd0p2_lr5e4_c256_s42,frc,42.0,frc_lorawd_wd0p2_lr5e4_c256,lorawd,0.5258,-0.2791794182296561,24.3,31.86,60.22,cs,31.87,16.72,38.55,37.97,34.17,54.9591,9.0395,0.0005,0.2,,,False,False,True,70.8,52.88,73.29,71.5,63.69,55.81,50.77,43.0,2.1335735181252553,1.8520239240816387,0.28154959404361657,372.6729380179597,54.95830535888672,9.040089523792266,11.713853130755938,24.95250634770066,0.07443135428904607,0.045886871198786976,0.07914472431600034,0.048407893632561406,0.07131917087319116
frm_lorawd_wd0_lr3e4_c256_s43,frm,43.0,frm_lorawd_wd0_lr3e4_c256,lorawd,1.2647,0.10198751855829931,19.5,27.15,58.91,math_faithful,29.01,9.98,24.63,27.73,44.39,141.1209,19.8946,0.00030000000000000003,0.0,,,False,False,True,,,,,,,,,3.526980984780276,1.8100692116929957,1.7169117730872803,1118.1810847367967,141.11715698242188,19.89524604678154,23.26886330354763,52.39246119453467,0.07155703845999034,0.0454942875107087,0.07010813544713027,0.0505831367165786,0.06785680203755505
mtx_sclora_b0p3_s44,mtx,44.0,mtx_sclora_b0p3,sclora,1.4259,0.15408906901442093,5.26,20.6,74.98,cs,10.37,0.16,23.17,32.42,36.87,47.0133,13.3512,,,,,False,False,False,69.36,79.92,77.64,80.27,79.95,77.61,60.67,74.4,4.394413540908393,1.8520239240816387,2.542389616826754,571.8268923044732,47.01580810546875,13.351700478792191,11.993884016183419,32.728264895427635,0.11111291556024287,0.04128511600827816,0.4588721133035478,0.019966845302859443,0.19276846638986944
frc_lorawdr16_wd0p3_lr3e4_c256_s42_reeval,frc,42.0,frc_lorawdr16_wd0p3_lr3e4_c256_reeval,lorawdr16,0.3275,-0.48478869567219807,26.84,35.4,13.54,cs,34.03,19.66,47.18,41.81,34.31,18.1174,6.8085,0.00030000000000000003,0.3,,,False,False,True,61.83,3.1,0.36,39.76,1.42,0.63,0.43,0.8,,,,,,,,,,,,,
valfix_sclora_r16,valfix,,valfix_sclora_r16,sclora,0.1489,-0.8271053022478239,14.75,,8.44,,20.86,8.64,,,,4.7644,0.9972,,,,,False,False,False,67.5,0.0,0.0,0.0,0.0,0.0,0.0,0.0,2.0688898726723655,1.8520239240816387,0.21686594859072672,24.277341743201692,4.769258975982666,0.9974404571577906,3.8747921044049183,13.628262817684815,0.11998265155623859,0.038760565352002174,0.6710935140187383,0.00592561820126738,0.23154707270220776
qwsw_lorawd_wd0p3_lr5e5_s42,qwsw,42.0,qwsw_lorawd_wd0p3_lr5e5,lorawd,0.1075,-0.9685915357483759,39.33,50.08,86.04,cs,45.98,32.68,71.73,51.02,48.97,8.6642,2.4079,5e-05,0.3,,,False,False,True,66.61,89.66,79.43,95.28,84.21,94.74,86.77,91.6,,,,58.17287252485456,8.675663948059082,2.4086843192577363,2.8577087181409038,9.8984527237257,0.11404728642150587,0.09323965490726531,0.08852842197242122,0.05170480574758083,0.07554704594664878
mtx_milora_r16_s44,mtx,44.0,mtx_milora_r16,milora,0.483,-0.31605286924848786,25.44,33.68,76.19,cs,32.71,18.18,44.25,37.97,35.27,29.7259,14.6905,,,,16.0,False,False,False,63.12,83.03,78.71,70.59,82.64,82.83,68.0,80.6,2.1209307851260375,1.8520239240816387,0.26890686104439876,327.5780440304365,29.754154205322266,14.695451951026916,3.70353676932327,8.549033179762636,0.06654178564964904,0.0779359419513814,0.07685215359220263,0.07956738727045291,0.06691478706162271
lora_wd0p3_s43,lora,43.0,lora_wd0p3,wd0p3,0.3647,-0.43806423668621863,26.76,,81.38,,33.87,19.66,,,,25.322,7.0077,,0.3,,,False,False,False,72.78,84.06,80.66,91.05,83.19,85.65,71.84,81.8,2.035622461166111,1.8520239240816387,0.18359853708447238,234.3540736929348,25.321470260620117,7.008922436833382,7.1383450067187715,19.578211202500352,0.07227266720398973,0.04743330535763522,0.08417745763556575,0.04811225125229886,0.07128106907597899
b4_sclora_r32_lr1e4_s46,b4,46.0,b4_sclora_r32_lr1e4,sclora,0.3701,-0.43168091490488825,26.39,35.37,80.73,cs,34.37,18.41,42.69,43.69,37.67,9.8824,4.0428,0.0001,,,32.0,False,False,False,73.24,82.86,79.53,90.62,82.56,84.81,70.39,81.8,2.0873787858009236,1.8100692116929957,0.2773095741079279,165.62909181328283,9.882184028625488,4.043715687096119,11.162437632785776,36.9629598991856,0.07957761156228806,0.03784396618424227,0.251590277015882,0.016740532487986962,0.12895486545331009
mtx_milora_r64_s43,mtx,43.0,mtx_milora_r64,milora,0.6688,-0.17470373556904004,22.47,30.6,79.47,cs,30.24,14.7,38.38,35.67,34.03,89.4514,16.5233,,,,64.0,False,False,False,72.02,82.75,79.02,86.64,83.03,82.07,68.86,81.4,2.4772695186805103,1.8520239240816387,0.6252455945988715,549.3545352689815,89.4515151977539,16.524336135387422,9.821403727506622,31.17860341638024,0.06992815929864206,0.08519573308234192,0.06895893811346898,0.0939082361377598,0.06532091973343838
frc_lorawd_wd0p5_lr5e4_c256_s42,frc,42.0,frc_lorawd_wd0p5_lr5e4_c256,lorawd,0.2962,-0.5284149458148103,24.59,31.84,82.36,cs,33.28,15.9,37.63,37.54,34.83,22.286,4.6436,0.0005,0.5,,,False,False,True,73.76,83.62,80.86,92.56,84.45,85.65,72.61,85.4,1.960741185633686,1.8520239240816387,0.1087172615520473,165.90303752463362,22.28590202331543,4.643815045058727,8.524839798835101,20.642153577646887,0.07672285414968058,0.04677292546683414,0.09371136191819199,0.0481086550236844,0.077369797713507
qwswm_lora_r32_lr2e4_s42,qwswm,42.0,qwswm_lora_r32_lr2e4,lora,0.1358,-0.8671002300555171,43.6,53.48,64.14,gsm8k,46.38,40.81,71.64,54.1,54.49,12.0199,3.4119,0.0002,,,32.0,False,False,True,,,,,,,,,,,,131.90618769887138,12.020845413208008,3.412572931391852,9.196583700380314,23.914098290935577,0.11575580818353912,0.09999974811052612,0.06351359045393605,0.0493285466250492,0.07068036615707596
frm_lorawd_wd0p3_lr7e4_c256_s42,frm,42.0,frm_lorawd_wd0p3_lr7e4_c256,lorawd,0.4339,-0.3626103498707881,23.42,31.46,62.77,math_faithful,31.95,14.9,27.24,38.05,45.15,43.672,5.2977,0.0007,0.3,,,False,False,True,,,,,,,,,2.2318737187402427,1.8520239240816387,0.3798497946586039,282.59839902084025,43.67136001586914,5.298142354190349,20.01586553161104,46.93124180716363,0.08310213691859966,0.04522320100191283,0.09435458069857475,0.04684825187877656,0.08129971735463229
frc_milora_lr2e5_c256_s42,frc,42.0,frc_milora_lr2e5_c256,milora,0.1894,-0.7226200253327454,26.95,36.88,24.21,cs,34.65,19.25,46.06,47.01,37.44,4.222,1.8591,2e-05,,,,False,False,True,52.48,26.22,15.81,34.65,8.76,21.68,27.47,6.6,1.9119313203613701,1.8520239240816387,0.059907396279731406,33.89892949870595,4.226253032684326,1.8597181517630816,2.7426447625100083,9.766397983053768,0.058768146563597405,0.16121841120294741,0.10707341704050373,0.3209168325182998,0.07052906729585508
qwswm_sclora_r32_lr5e4_s43,qwswm,43.0,qwswm_sclora_r32_lr5e4,sclora,0.5236,-0.2810003621212819,26.84,41.02,56.71,gsm8k,36.51,17.16,55.73,41.3,54.41,24.5553,7.3296,0.0005,,,32.0,False,False,True,,,,,,,,,2.8297596771683327,1.9346918347336524,0.8950678424346803,424.36430286187726,24.578670501708984,7.331112441846303,17.827957067454474,37.62303732731677,0.14673343312540868,0.09485555227148366,0.21100838870331007,0.03583321393800347,0.13641915747072045
frc_lorawd_wd0p2_lr7e4_c256_s43,frc,43.0,frc_lorawd_wd0p2_lr7e4_c256,lorawd,0.5799,-0.2366468912517846,24.04,29.95,80.39,cs,31.88,16.2,31.77,37.12,32.76,60.2147,9.2364,0.0007,0.2,,,False,False,True,71.53,83.03,81.12,90.34,82.79,83.84,69.03,81.4,2.142167954944868,1.8100692116929957,0.33209874325187205,399.3588243590179,60.21372985839844,9.23764018714428,13.19107730390795,26.539665583091885,0.07613689595359246,0.04549157508715364,0.08053071376497623,0.04822196848973893,0.07351854431842908
lrswm_lorawd_wd0p3_lr1e3_s44,lrswm,44.0,lrswm_lorawd_wd0p3_lr1e3,lorawd,0.5492,-0.2602694714352825,22.48,29.91,48.29,gsm8k,31.44,13.51,26.04,36.52,42.02,45.0905,8.1272,0.001,0.3,,,False,False,True,,,,,,,,,2.2508834452451136,1.8100692116929957,0.4408142335521179,367.0175430340701,45.08978271484375,8.128483724594116,13.971291201044691,27.065108497148998,0.07704054787524652,0.04609167811558584,0.08618645452883603,0.04811201719997104,0.07547706328154123
b4_lora_null_r16_lr3e4_s43,b4,43.0,b4_lora_null_r16_lr3e4,lora_null,0.4745,-0.32376378323668853,25.36,34.49,52.72,cs,33.85,16.86,44.81,40.36,36.59,28.7047,11.0616,0.00030000000000000003,,,16.0,False,False,False,38.93,74.54,42.78,58.96,60.85,58.21,45.65,41.8,2.10223517706082,1.8100692116929957,0.29216596536782435,348.45081010552326,28.722455978393555,11.064397713541984,6.3879841686618395,14.950826679311017,0.12129352972325104,0.039599809634881813,0.09701434967960847,0.05697547251889907,0.09835718836244405
qwswm_sclora_r32_lr3e4_s44,qwswm,44.0,qwswm_sclora_r32_lr3e4,sclora,0.3869,-0.41240127027875506,30.16,45.1,68.61,gsm8k,39.95,20.38,64.02,47.01,54.12,13.0557,4.5752,0.00030000000000000003,,,32.0,False,True,True,,,,,,,,,2.5199617072224716,1.9346918347336524,0.5852698724888192,252.86857072736927,13.05766773223877,4.576010640604156,16.37345532278264,40.10159863409791,0.15624873319508092,0.09847155392229985,0.28295610568207574,0.030952107374912923,0.15648474208082735
scl2_b0p0_r32_s44,scl2,44.0,scl2_b0p0_r32,b0p0,1.4227,0.1531133315106092,8.47,21.9,75.2,cs,16.74,0.2,23.75,33.79,35.02,43.6911,13.5057,,,,32.0,False,False,False,68.38,80.69,78.71,80.95,80.27,76.68,60.32,75.6,4.047977489246508,1.8100692116929957,2.2379082775535117,574.8621879902473,43.69776153564453,13.506237584352494,11.69865652850054,32.57525835174798,0.11362198162190905,0.04122335598737598,0.4678547879557206,0.01984949701376469,0.19654734474810037
qwsw_lora_r16_lr5e4_s44,qwsw,44.0,qwsw_lora_r16_lr5e4,lora,0.5464,-0.26248930932652387,8.0,29.82,84.14,cs,14.56,1.43,58.05,37.54,37.5,47.089,14.1783,0.0005,,,16.0,False,False,True,71.28,86.89,78.61,92.85,83.66,92.72,80.89,86.2,2.6009662160273437,1.9346918347336524,0.6662743812936913,589.966889774233,47.087745666503906,14.180353444814681,9.32372841857751,14.86469129267462,0.11407305091073865,0.09318914800316469,0.06338309089587313,0.04684893716211614,0.07023784926771603
qwswm_lora_r16_lr2e4_s44,qwswm,44.0,qwswm_lora_r16_lr2e4,lora,0.1135,-0.9450041384708585,44.34,53.37,66.34,gsm8k,46.74,41.95,71.14,51.62,55.38,10.8407,3.3383,0.0002,,,16.0,False,False,True,,,,,,,,,2.0188292376806114,1.9346918347336524,0.08413740294695904,101.97066121403086,10.852615356445312,3.340600253854479,5.396330792200742,12.361756984413041,0.11826945266127165,0.10137043793160588,0.0655170081128701,0.04958477374040753,0.07198086391288668
qwsw_lorawd_wd0p3_lr1e3_s43,qwsw,43.0,qwsw_lorawd_wd0p3_lr1e3,lorawd,0.2822,-0.5494429905816709,39.1,44.84,87.44,cs,46.38,31.82,67.37,36.77,41.84,18.1416,4.9499,0.001,0.3,,,False,False,True,73.33,91.24,79.73,95.31,85.87,95.37,86.43,92.2,2.1704191327716122,1.9346918347336524,0.2357272980379599,241.57602346792046,18.143247604370117,4.950491278512137,12.855735015599224,27.100979192327998,0.11396533997930297,0.08907484625881473,0.07301432567842824,0.04500633801172377,0.07313617968135325
frm_lorawd_wd0p5_lr7e4_c256_s44,frm,44.0,frm_lorawd_wd0p5_lr7e4_c256,lorawd,0.2819,-0.5499049241283978,25.46,34.2,65.5,math_faithful,33.44,17.49,35.17,42.06,42.82,33.6546,3.6426,0.0007,0.5,,,False,False,True,,,,,,,,,2.0404415576865977,1.8100692116929957,0.230372345993602,172.83274646371262,33.65522766113281,3.6428961634635924,15.880106735325674,40.630308366254894,0.08517765701895336,0.04580193767391353,0.09833466643189241,0.04660406544981588,0.08176754375071395
frm_lorawd_wd0p5_lr1e4_c256_s44,frm,44.0,frm_lorawd_wd0p5_lr1e4_c256,lorawd,0.1955,-0.7088532382681144,25.24,34.01,63.53,math_faithful,32.48,18.0,32.47,43.52,43.57,11.9213,3.2747,0.0001,0.5,,,False,False,True,,,,,,,,,1.9495929038637965,1.8100692116929957,0.13952369217080074,107.84722589158572,11.930533409118652,3.2752932377159594,6.946424036939042,25.387731675458404,0.07545643127046218,0.051954292865885834,0.09350135007746659,0.04980363126681288,0.07432105348247804
mtx_lora_r16_s44,mtx,44.0,mtx_lora_r16,lora,0.6233,-0.2053028731080014,24.7,32.52,77.29,cs,32.5,16.89,41.81,37.29,34.09,42.07,17.2514,,,,16.0,False,False,False,61.93,82.32,79.32,86.87,79.56,81.36,67.15,79.8,2.2470138125853345,1.8520239240816387,0.39498988850369576,468.32414584792775,42.07948684692383,17.263571745157243,4.654429005341552,11.455640124525077,0.06766162965814305,0.04633413849101942,0.0726723751009842,0.04944605386134979,0.06567373126245664
lrsw_lora_null_r16_lr5e4_s43,lrsw,43.0,lrsw_lora_null_r16_lr5e4,lora_null,0.7058,-0.15131834597604962,21.14,30.31,79.05,cs,30.72,11.55,37.51,38.82,32.97,58.3033,16.0047,0.0005,,,16.0,False,False,True,70.4,82.97,79.48,87.25,81.22,81.94,68.34,80.8,2.445853241515209,1.8520239240816387,0.5938293174335705,576.7842631575894,58.302730560302734,16.00695858299732,8.357289043716106,15.793243706629532,0.11395117539839295,0.04137507233437328,0.0899225208449262,0.05645068775366341,0.09269722831329716
lrswm_clora_k1024_lr2e4_s43,lrswm,43.0,lrswm_clora_k1024_lr2e4,clora,0.2504,-0.6013656754616079,24.02,32.24,46.93,gsm8k,31.39,16.64,27.33,41.72,44.12,13.8807,5.6289,0.0002,,1024.0,,False,False,True,,,,,,,,,2.085273948334638,1.8100692116929957,0.27520473664164213,194.94688862149363,13.921952247619629,5.631783659011125,6.054809380602115,19.98116788851002,0.059795838105190034,0.050272564530121244,0.06656779615209801,0.04990676479532372,0.05704027173204723
b4_lora_null_r16_lr1e4_s45,b4,45.0,b4_lora_null_r16_lr1e4,lora_null,0.2435,-0.6135010344493469,26.54,36.5,32.5,cs,33.62,19.46,47.32,45.9,36.18,10.7764,4.0875,0.0001,,,16.0,False,False,False,62.08,43.85,24.56,32.11,39.62,23.65,23.12,11.0,1.8903569672302196,1.8100692116929957,0.08028775553722389,111.9055987638642,10.793030738830566,4.088130573183298,5.03288339351417,15.172637500756514,0.18131167628755232,0.03348080359562111,0.12326326947986174,0.06397303759190794,0.13162680168213828
mtx_lora_r64_s45,mtx,45.0,mtx_lora_r64,lora,0.9382,-0.027704571388860427,18.07,26.38,76.3,cs,28.06,8.08,26.82,33.87,35.06,105.4622,18.4882,,,,64.0,False,False,False,69.48,80.41,78.71,82.13,80.35,77.61,61.69,80.0,2.7688585624110407,1.8100692116929957,0.9587893507180449,765.8722234177349,105.46244812011719,18.4896222949028,12.235262983263276,39.00257239879571,0.07288440822605875,0.046189181285735806,0.0699101373834394,0.05032455716479449,0.06733789253696948
frc_milora_a1r_lr5e4_c256_s44,frc,44.0,frc_milora_a1r_lr5e4_c256,milora,0.8658,-0.06258241852286214,21.0,29.86,77.63,cs,29.69,12.3,32.44,39.59,35.26,101.5895,20.6686,0.0005,,,,False,False,True,69.69,80.9,78.86,85.85,80.98,79.0,65.36,80.4,2.535882304374965,1.8100692116929957,0.7258130926819695,700.6801662846502,101.58879852294922,20.670315116643906,8.929878108816887,20.834239439329348,0.06972268439479248,0.061298167394027006,0.06764193348243921,0.06820043694051738,0.06474826830885591
frc_lorawd_wd0p2_lr7e4_c256_s42,frc,42.0,frc_lorawd_wd0p2_lr7e4_c256,lorawd,0.5926,-0.22723835285596772,22.86,30.08,80.7,cs,29.84,15.87,32.86,36.6,35.21,55.3872,9.1851,0.0007,0.2,,,False,False,True,71.74,83.35,80.66,90.73,84.06,83.21,68.43,83.4,2.151931272689454,1.8520239240816387,0.2999073486078152,399.33363170969693,55.38580322265625,9.18641157746315,13.339009342206863,26.535924129969434,0.07685688476891188,0.04549869029990017,0.08000674263369607,0.04826497617993308,0.07349612996486131
frm_lorawd_wd0p1_lr1e4_c256_s44,frm,44.0,frm_lorawd_wd0p1_lr1e4_c256,lorawd,0.3395,-0.46916022138347946,24.71,33.76,64.37,math_faithful,32.61,16.81,34.72,42.58,42.1,21.0878,7.0797,0.0001,0.1,,,False,False,True,,,,,,,,,2.1593660302243194,1.8100692116929957,0.34929681853132366,244.1100694169373,21.120046615600586,7.08067869246006,7.750995110428859,31.31433555059842,0.06781578424050509,0.049216044435651765,0.07670355158734576,0.05047492514296752,0.06677924705015413
frc_milora_lr5e4_c256_s42,frc,42.0,frc_milora_lr5e4_c256,milora,1.1445,0.05861579701056173,17.54,25.93,72.85,cs,27.63,7.44,23.65,34.39,36.53,144.1887,23.4431,0.0005,,,,False,False,True,66.91,79.33,74.67,77.11,77.98,73.02,59.81,74.0,2.8721393192039297,1.8520239240816387,1.020115395122291,960.5954579509386,144.1873779296875,23.44544262290001,12.553838828252584,24.41782522393285,0.07171967677251762,0.049858918077251346,0.06640845439655084,0.06701876398620202,0.06585858840866632
fft_full_lr1e4_s42,fft,42.0,fft_full_lr1e4,full,0.3947,-0.4037328736044847,17.12,25.37,73.18,cs,27.35,6.89,24.75,32.25,35.62,4.188,1.5922,0.0001,,,,False,False,False,68.35,79.05,76.97,73.26,79.24,75.34,59.22,74.0,,,,,,,,,,,,,
calib_clora_k1024_fastret,calib,,calib_clora_k1024_fastret,clora,0.4568,-0.34027390476220837,25.57,,79.86,,35.07,16.07,,,,21.9637,9.7477,,,1024.0,,False,False,False,71.13,82.48,79.94,89.51,82.72,82.66,69.2,81.2,,,,,,,,,,,,,
uioW2_k256_v32_dE1,other,,uioW2_k256_v32_dE1,k256,0.734,-0.13430394008392949,25.1,,44.75,,33.56,16.63,,,,7.9121,3.9539,,,256.0,,False,False,False,38.81,72.42,43.3,33.4,68.11,39.94,23.63,38.4,,,,,,,,,,,,,
mtx_sclora_r16_s42,mtx,42.0,mtx_sclora_r16,sclora,0.9814,-0.008153946355103294,16.05,25.11,77.96,cs,27.42,4.67,24.2,36.43,32.84,28.61,11.4127,,,,16.0,False,False,False,71.04,82.1,79.12,83.71,80.66,79.97,66.3,80.8,2.5174224530064846,1.8520239240816387,0.6653985289248459,430.56902160756744,28.67152214050293,11.414491432905198,8.7314944386534,17.66680171671378,0.10596483095228515,0.04076911761585979,0.41611811309608887,0.021657651434095756,0.1767787082290891
frc_milora_a1r_lr1e4_c256_s44,frc,44.0,frc_milora_a1r_lr1e4_c256,milora,0.2536,-0.5958507507903049,26.92,36.49,36.4,cs,34.62,19.22,47.74,43.34,37.53,15.728,6.1708,0.0001,,,,False,False,True,34.04,59.03,2.41,36.07,81.22,25.08,16.55,36.8,2.0601950855779414,1.8100692116929957,0.25012587388494567,123.69775761896898,15.727765083312988,6.171437540650368,3.416471813949622,10.94458275788595,0.06485908024567631,0.16085091468268511,0.08683349342846342,0.14629852520133432,0.06953570216706584
lrswm_clora_k1024_lr2e4_s42,lrswm,42.0,lrswm_clora_k1024_lr2e4,clora,0.2506,-0.6010189333418688,24.27,33.95,47.61,gsm8k,31.84,16.7,33.22,43.52,44.49,14.2688,5.6501,0.0002,,1024.0,,False,False,True,,,,,,,,,2.130177551012573,1.8520239240816387,0.2781536269309344,195.00588731897938,14.280181884765625,5.653524062782526,6.07629557645839,19.92716116728594,0.059711702579098136,0.050458489406881156,0.0666405402368006,0.04977794334526401,0.05695077651248848
brl_lora_r16_lr5e4_s42,brl,42.0,brl_lora_r16_lr5e4,lora,0.4047,-0.3928667956084333,25.16,35.92,45.35,medmcqa,30.7,19.61,48.38,45.48,35.42,22.9018,10.6898,0.0005,,,16.0,False,False,False,,,,,,,,,,,,195.87003355503256,22.901409149169922,11.014376605550448,3.3185568977034685,8.466573891280323,0.09198449537014802,0.05070897401200142,0.09050050225599592,0.057043376699407906,0.08963623098493033
qwsw_lora_null_r16_lr2e5_s42,qwsw,42.0,qwsw_lora_null_r16_lr2e5,lora_null,0.0749,-1.1255181823005336,38.83,51.14,83.32,cs,46.37,31.29,71.64,56.74,49.66,2.7677,0.7553,2e-05,,,16.0,False,False,True,65.75,89.39,79.53,74.82,83.03,94.99,89.08,90.0,,,,23.062756108203462,2.7686269283294678,0.755509611751352,5.449329641021622,17.0567388461676,0.21761139902919005,0.059097543378966694,0.08516034830837069,0.0652647636299017,0.12561858412859317
lora_r256,lora,,lora_r256,r256,2.1053,0.3233139904620662,8.46,,57.89,,16.03,0.89,,,,241.7829,27.7642,,,,,False,False,False,62.72,65.13,71.55,41.02,64.96,53.2,42.15,62.4,4.309019567908764,1.8520239240816387,2.456995643827125,1540.5938047385882,241.7834014892578,27.764009833335876,28.712987474474772,107.49342564037555,0.08177644216079867,0.04689596991218705,0.07891810565036615,0.05009748589283795,0.07988238027988748
lrswm_sclora_r32_lr5e4_s43,lrswm,43.0,lrswm_sclora_r32_lr5e4,sclora,0.9514,-0.021636852916117073,18.01,26.66,53.98,math_faithful,28.26,7.75,23.15,33.53,40.62,49.2731,12.3261,0.0005,,,32.0,False,False,True,,,,,,,,,2.945713116469806,1.8100692116929957,1.13564390477681,612.0551354215152,49.27118682861328,12.327636009454727,15.839117779715936,34.20449027764296,0.09901491032943796,0.04079407146725406,0.3001273000785607,0.028259835560728582,0.14604617582065418
frc_lorawd_wd0p3_lr3e4_c256_s45,frc,45.0,frc_lorawd_wd0p3_lr3e4_c256,lorawd,0.3524,-0.4529641002599897,26.65,34.44,81.51,cs,34.08,19.22,44.65,41.13,33.14,23.7577,7.1449,0.00030000000000000003,0.3,,,False,False,True,72.42,83.95,80.5,91.46,84.77,86.28,70.48,82.2,1.9986028361695236,1.8100692116929957,0.18853362447652788,234.65099222072735,23.75743293762207,7.146414601802826,6.879397677412887,19.369988729858264,0.07245631329276798,0.04737133679285408,0.08422137640772893,0.04792123740271087,0.0713098372349773
frc_lorawd_wd0p5_lr2e4_c256_s45,frc,45.0,frc_lorawd_wd0p5_lr2e4_c256,lorawd,0.2601,-0.5848596478041272,27.28,35.73,71.06,cs,34.17,20.4,47.73,40.44,35.93,16.396,5.0096,0.0002,0.5,,,False,False,True,72.57,71.82,74.31,42.18,83.66,81.4,64.51,78.0,1.921194767144694,1.8100692116929957,0.11112555545169833,138.77369596647623,16.399887084960938,5.012218720465898,4.673014413828255,14.300364160022584,0.07326382446281796,0.04967268206369519,0.09348028884975486,0.04872685359462689,0.07395748411153773
qwswm_lora_r16_lr3e4_s43,qwswm,43.0,qwswm_lora_r16_lr3e4,lora,0.1677,-0.7754669373939143,44.8,54.04,56.56,gsm8k,47.57,42.02,71.56,52.22,56.84,14.4632,4.5021,0.00030000000000000003,,,16.0,False,False,True,,,,,,,,,2.0621820647329736,1.9346918347336524,0.12749022999932125,159.70432156461527,14.461648941040039,4.504747236200742,7.2146848394421745,13.690819506872588,0.11404477674813805,0.0994650183579249,0.06344487420029267,0.04856505862828178,0.07013093122201255
frc_milora_a1r_lr1e4_c256_s43,frc,43.0,frc_milora_a1r_lr1e4_c256,milora,0.2508,-0.6006724678413211,27.42,36.85,72.85,cs,35.28,19.56,48.63,44.71,36.07,12.9602,6.0222,0.0001,,,,False,False,True,71.38,83.95,73.34,90.27,81.45,60.52,53.5,68.4,1.93380291028227,1.8100692116929957,0.1237336985892743,121.76916491107522,12.96022891998291,6.022694544494152,3.4963203883135376,11.101652904661856,0.0636127099247216,0.1630769932126598,0.08701710063553648,0.14715601949667903,0.06909414911768295
frc_lorawd_wd0p2_lr1e3_c256_s44,frc,44.0,frc_lorawd_wd0p2_lr1e3_c256,lorawd,0.6361,-0.1964746044234676,23.12,30.97,79.48,cs,30.78,15.47,38.82,35.92,33.86,62.3841,9.5115,0.001,0.2,,,False,False,True,71.83,82.92,80.09,87.65,81.85,82.2,68.34,81.0,2.157474700980311,1.8100692116929957,0.3474054892873151,421.2820629631355,62.38398361206055,9.51256807744503,13.549149541198396,27.237327557363677,0.0763978894452747,0.045157355460483675,0.08094111888694602,0.04846918156807107,0.07472725636067136
frc_clora_k256_lr3e4_c256_s42,frc,42.0,frc_clora_k256_lr3e4_c256,clora,0.6048,-0.2183882175068499,22.66,31.27,79.41,cs,30.86,14.45,37.76,38.48,34.81,26.2256,12.2046,0.00030000000000000003,,256.0,,False,False,True,72.08,82.64,79.84,87.55,82.56,82.79,67.83,80.0,2.4068927884298286,1.8520239240816387,0.5548688643481898,467.1335960102941,26.2257022857666,12.205878537893295,8.57339128931401,23.820533371307075,0.06232488191075851,0.04610887219890656,0.06599491427659422,0.04906378711574473,0.060115338713608094
frc_lora_null_lr7e4_c256_s44,frc,44.0,frc_lora_null_lr7e4_c256,lora_null,1.6207,0.209702632120352,13.54,23.93,64.43,cs,19.66,7.41,23.02,32.17,37.39,246.0687,28.852,0.0007,,,,False,False,True,64.68,71.22,74.97,55.29,70.32,64.35,48.81,65.8,3.3235371754770884,1.8100692116929957,1.5134679637840927,1374.6080054397964,246.0657501220703,28.85369662642479,16.339133932917044,30.446221838279012,0.0856156265179433,0.0450529182242652,0.08294182329827013,0.05622565757938847,0.08332122352240938
frm_lorawd_wd0p1_lr2e4_c512_s42,frm,42.0,frm_lorawd_wd0p1_lr2e4_c512,lorawd,0.4995,-0.3014645074379989,24.32,33.19,66.11,math_faithful,33.21,15.43,34.41,38.31,44.57,45.1606,8.5028,0.0002,0.1,,,False,False,True,,,,,,,,,2.355480899415911,1.8520239240816387,0.5034569753342724,395.2147074187893,45.16040802001953,8.503829535841941,15.057404736664544,43.496055274960895,0.0695335471927041,0.047449863634975414,0.07505484488454854,0.05010607009387442,0.067723088594067
mtx_clora_k2048_s44,mtx,44.0,mtx_clora_k2048,clora,0.3418,-0.46622794161528197,24.48,33.88,23.03,cs,32.25,16.71,43.63,38.74,38.05,18.4977,8.3847,,,2048.0,,False,False,False,62.17,26.66,9.88,16.0,15.47,21.13,20.31,12.6,2.180932367915912,1.8520239240816387,0.3289084438342731,293.135192238794,18.50164031982422,8.387599129974841,5.949199619183763,18.85497649281833,0.05427796074750908,0.048436691113912037,0.06102506120843431,0.048745060249625216,0.052730248790200225
frc_lora_null_lr5e4_c256_s44,frc,44.0,frc_lora_null_lr5e4_c256,lora_null,1.24,0.09342168516223506,16.81,24.58,72.25,cs,26.23,7.39,23.18,33.7,32.41,163.1784,21.8336,0.0005,,,,False,False,True,67.13,77.48,77.89,72.36,78.37,72.35,58.45,74.0,2.9638696666537383,1.8100692116929957,1.1538004549607426,1039.7788760640192,163.17445373535156,21.835943120718003,16.091650897968425,30.54843757595554,0.08630081994849449,0.04389452475585987,0.08861755300912837,0.05767084887122745,0.08323273483519172
uioW2_k512_v64_dE1,other,,uioW2_k512_v64_dE1,k512,0.7343,-0.13412647179218534,22.61,,50.37,,31.94,13.28,,,,8.2776,3.9759,,,512.0,,False,False,False,61.19,59.47,43.76,26.23,58.88,57.7,42.92,52.8,,,,,,,,,,,,,
b4_sclora_r32_lr3e4_s45,b4,45.0,b4_sclora_r32_lr3e4,sclora,0.6784,-0.1685141607513426,22.32,28.52,78.84,cs,29.07,15.56,28.24,37.71,32.02,33.7045,10.2211,0.00030000000000000003,,,32.0,False,False,False,70.95,84.0,79.38,85.84,81.85,82.28,68.86,77.6,2.405326042011346,1.8100692116929957,0.5952568303183503,469.1343546933386,33.70362854003906,10.222142684459687,14.04445820044186,33.580576651955866,0.0754914373059841,0.0408447410967144,0.1781128279623262,0.028783969139223386,0.10673125408826581
qwswm_dora_r16_lr3e4_s42,qwswm,42.0,qwswm_dora_r16_lr3e4,dora,0.1568,-0.8046539416515803,36.39,50.54,70.96,gsm8k,30.1,42.69,71.17,52.82,55.9,14.071,4.4928,0.00030000000000000003,,,16.0,False,False,True,,,,,,,,,,,,158.77264230796425,14.070291519165039,4.494934814316886,7.094195942499869,13.704133486483244,0.11407508036679828,0.10038328275012663,0.06419855088841807,0.04866324423518779,0.07070639360279223
frm_lorawd_wd0p1_lr3e4_c256_s44,frm,44.0,frm_lorawd_wd0p1_lr3e4_c256,lorawd,0.6561,-0.1830299622427005,21.77,31.03,64.14,math_faithful,31.02,12.52,27.0,37.88,46.75,78.9002,9.8034,0.00030000000000000003,0.1,,,False,False,True,,,,,,,,,2.5439648705415836,1.8520239240816387,0.6919409464599449,512.4637065809519,78.89969635009766,9.803950402140618,20.434305350293826,49.1878622009807,0.07393136490425004,0.04625252905575872,0.07815705712966421,0.049448440550932594,0.07160113702504903
lrsw_lora_r16_lr5e4_s44,lrsw,44.0,lrsw_lora_r16_lr5e4,lora,0.9064,-0.04268010314465918,21.52,29.15,77.17,cs,30.47,12.57,32.95,35.24,34.51,94.3629,22.4336,0.0005,,,16.0,False,False,True,69.94,80.9,78.92,84.06,81.69,78.58,65.7,77.6,2.509469949688237,1.8100692116929957,0.6994007379952414,753.3070422314637,94.36187744140625,22.439635145664216,7.3303709354498805,13.799758836187863,0.06993026403632863,0.04574158834284504,0.06788887750895783,0.05081949096218144,0.06535734103812026
frc_lorawd_wd0p3_lr1e4_c256_s44,frc,44.0,frc_lorawd_wd0p3_lr1e4_c256,lorawd,0.2329,-0.6328305114653193,27.84,36.15,47.06,cs,35.74,19.93,47.11,41.38,36.59,15.0911,5.5402,0.0001,0.3,,,False,False,True,59.3,13.38,28.05,29.6,82.16,55.35,40.02,68.6,1.9191140314820248,1.8100692116929957,0.10904481978902902,125.35674803322571,15.129083633422852,5.541658899188041,3.078984941295016,10.249526270317922,0.07182143883370078,0.05040458910592687,0.09201041177300742,0.050455887606745256,0.07257628273444698
lrsw_lorawd_wd0p3_lr5e4_s42,lrsw,42.0,lrsw_lorawd_wd0p3_lr5e4,lorawd,0.3941,-0.40439356513439695,25.55,33.21,81.62,cs,32.38,18.72,39.2,40.44,35.33,34.2778,6.6902,0.0005,0.3,,,False,False,True,72.63,84.44,80.96,90.26,83.98,85.9,70.56,84.2,2.0437287245841684,1.8520239240816387,0.1917048005025297,266.7415268280986,34.27729797363281,6.690685829520225,10.71520787870005,23.79529842764886,0.07478452722661035,0.04642776845765228,0.08359088270506382,0.04803028852846316,0.07273912625405438
lrsw_lora_null_r16_lr3e4_s45,lrsw,45.0,lrsw_lora_null_r16_lr3e4,lora_null,0.4688,-0.32901239698996576,24.37,33.27,17.66,cs,33.25,15.49,42.17,40.19,35.23,27.9475,10.4763,0.00030000000000000003,,,16.0,False,False,True,8.29,31.5,16.99,26.7,53.35,1.94,2.13,0.4,2.1471184567310133,1.8100692116929957,0.3370492450380176,346.8170181543015,27.96198844909668,10.479806488752365,6.906016440316605,15.90832859786597,0.14372259514227842,0.03902716503460956,0.10493573492113058,0.05903810738458556,0.10806328175566168
mtxm_lorawd_wd0p01_s44,mtxm,44.0,mtxm_lorawd_wd0p01,lorawd,0.5603,-0.2515793775324316,22.81,31.6,49.81,gsm8k,31.5,14.12,31.73,38.82,41.81,31.3254,13.0491,,0.01,,,False,False,False,,,,,,,,,2.3995016513640532,1.8100692116929957,0.5894324396710575,423.63018224957443,31.324560165405273,13.052467787265778,6.595573761480617,20.07816590107385,0.06640149754403307,0.04775130284090367,0.07259755521002473,0.05026536376456224,0.0649437328684983
frc_clora_k128_lr3e4_c256_s44,frc,44.0,frc_clora_k128_lr3e4_c256,clora,0.5998,-0.22199353857649165,22.92,30.15,79.21,cs,29.95,15.89,33.24,37.71,33.96,29.9815,12.8899,0.00030000000000000003,,128.0,,False,False,True,71.16,83.3,79.17,87.32,83.5,81.82,67.83,79.6,2.3643913779739862,1.8100692116929957,0.5543221662809905,495.1471716870849,29.979999542236328,12.891291639208793,8.91212388943116,24.007522232909757,0.06309121074952964,0.046278947027695236,0.0669351899237375,0.04936978062716172,0.06110758669374298
e1_lora_f040_s43,e1,43.0,e1_lora_f040,lora,0.4359,-0.360613130982316,26.93,35.46,75.37,cs,34.36,19.5,41.86,44.37,37.21,42.3335,9.6626,,,,,False,False,False,61.9,81.39,77.74,79.82,77.51,82.41,65.78,76.4,,,,326.0972635433685,42.332862854003906,9.664544796943664,7.42249406562346,13.836327916599288,0.06979864134606548,0.045838520872154884,0.06783554372598034,0.050552021869106525,0.06515497135197336
lrsw_lorawd_wd0p3_lr1e4_s43,lrsw,43.0,lrsw_lorawd_wd0p3_lr1e4,lorawd,0.233,-0.632644078973981,27.44,36.47,71.78,cs,35.16,19.71,48.62,42.75,36.1,16.1284,5.5516,0.0001,0.3,,,False,False,True,61.38,83.24,61.21,55.84,80.51,83.67,71.16,77.2,1.922965213144968,1.8100692116929957,0.1128960014519722,125.29076337701773,16.15986442565918,5.553150522708893,3.07736394851489,10.259089838441115,0.07176250827215601,0.0503051255246392,0.09227136578701514,0.05049322277456005,0.07254969271787537
lrsw_dora_r16_lr1e4_s44,lrsw,44.0,lrsw_dora_r16_lr1e4,dora,0.3056,-0.5148466500963478,26.94,35.91,79.64,cs,34.62,19.25,46.9,43.69,35.09,16.6222,7.3684,0.0001,,,16.0,False,False,True,63.76,83.57,79.48,89.96,83.74,85.06,70.31,81.2,2.1031182163662745,1.8100692116929957,0.29304900467327877,145.4007569957502,16.64777946472168,7.371983554959297,2.330498517848819,6.261510658051487,0.0704939292816189,0.04914651472037738,0.0893779675533969,0.05077864168666882,0.07135886426850818
mtx_lora_r8_s44,mtx,44.0,mtx_lora_r8,lora,0.5313,-0.27466018409026277,24.06,32.9,67.92,cs,32.35,15.78,40.6,39.33,36.42,35.6474,16.6231,,,,8.0,False,False,False,69.48,78.94,79.53,30.54,54.06,82.28,66.3,82.2,2.105476702909536,1.8520239240816387,0.2534527788278971,374.9646457399978,35.81977462768555,16.629134103655815,3.1408908287333848,6.1888447143374945,0.06760329124947245,0.046383371255877916,0.07501662202682052,0.049139716414922374,0.0662943313301897
uioT_uilin_lr1e2,other,,uioT_uilin_lr1e2,uilin,0.7506,-0.12459143992293638,23.62,,70.46,,32.29,14.96,,,,9.141,4.4218,0.01,,,,False,False,False,69.14,79.82,77.18,58.36,77.11,73.19,55.46,73.4,,,,,,,,,,,,,
frm_lorawd_wd0p3_lr1e3_c256_s43,frm,43.0,frm_lorawd_wd0p3_lr1e3_c256,lorawd,106.8978,2.028968767344495,0.0,19.81,0.0,math_faithful,0.0,0.0,22.95,26.28,49.84,4495.519,183.9468,0.001,0.3,,,True,False,True,,,,,,,,,8.79052437011331,1.8520239240816387,6.9385004460316715,6704.061908460147,4507.26025390625,184.15457228422164,1.0302058134500989,1.0690339987562387,0.06085043806372854,0.05441271629790718,0.11243255316291893,0.05244267777677606,0.07553654582449705
qwsw_lora_null_r16_lr3e4_s43,qwsw,43.0,qwsw_lora_null_r16_lr3e4,lora_null,0.2682,-0.57154122648442,38.18,45.73,85.79,cs,45.03,31.34,68.3,39.85,44.15,20.6027,7.5258,0.00030000000000000003,,,16.0,False,False,True,73.3,86.72,79.94,86.69,85.71,95.41,88.74,89.8,2.233242946285791,1.8790178806577968,0.35422506562799394,287.6315820514211,20.60101318359375,7.527761896167482,7.7720373816937345,15.329497642641552,0.14372419353900506,0.07990241542202757,0.07605056865769307,0.07997173561724606,0.08422489472655276
frc_milora_lr3e4_c256_s43,frc,43.0,frc_milora_lr3e4_c256,milora,0.7232,-0.14074158253269312,22.46,30.35,49.15,cs,30.98,13.95,34.03,36.69,36.12,71.3317,19.0445,0.00030000000000000003,,,,False,False,True,67.37,27.04,18.22,69.14,9.79,77.82,63.99,59.8,2.4353326005959834,1.8100692116929957,0.6252633889029877,608.193335665043,71.33094024658203,19.045240938663483,7.954089496881877,19.28430341990594,0.06903013089943139,0.05739559441617775,0.0673311415959663,0.091496046214196,0.06458686397923492
qwswm_lora_r32_lr2e4_ep6_s42,qwswm,42.0,qwswm_lora_r32_lr2e4_ep6,lora,0.2064,-0.6852903070448263,41.45,51.81,62.4,gsm8k,40.88,42.02,70.0,51.11,55.03,17.3437,4.7135,0.0002,,,32.0,False,False,True,,,,,,,,,,,,214.1442156846314,17.34280014038086,4.714503173742975,12.401452203325587,26.828739703065583,0.1133799383697553,0.10243756940060579,0.063257394230382,0.049391977560525144,0.06961164634491628
mtx_dora_r64_s42,mtx,42.0,mtx_dora_r64,dora,1.46,0.1643528557844371,19.4,27.48,76.33,cs,28.87,9.93,28.02,35.92,34.68,275.481,21.9717,,,,64.0,False,False,False,69.39,81.28,78.45,83.09,80.19,77.86,62.2,78.2,2.881733648738348,1.8520239240816387,1.0297097246567093,872.6991559326195,275.4895324707031,21.973314398527144,11.258940539390098,36.5556207530445,0.09802546805824743,0.04467243454136113,0.08573025611353917,0.049270042064573714,0.0877379523126847
frc_milora_lr1e4_c256_s42,frc,42.0,frc_milora_lr1e4_c256,milora,0.308,-0.5114492834995558,27.36,36.07,58.93,cs,35.02,19.69,46.74,42.24,36.68,21.6291,8.6491,0.0001,,,,False,False,True,70.83,59.41,65.66,68.28,42.46,61.49,43.94,59.4,2.0416856114274093,1.8520239240816387,0.1896616873457706,187.21028256967693,21.629257202148438,8.650419346988201,3.9659903349216115,12.217386495773777,0.06727314477128911,0.09554513516503539,0.0777738976749316,0.1783617476373636,0.06745831056912562
lrsw_lora_r16_lr5e4_s45,lrsw,45.0,lrsw_lora_r16_lr5e4,lora,0.9364,-0.028538594975413254,21.84,30.21,77.33,cs,30.12,13.56,36.19,36.43,34.76,89.6593,22.4038,0.0005,,,16.0,False,False,True,69.2,80.85,79.22,84.57,82.24,79.25,64.33,79.0,2.4998906264289364,1.8100692116929957,0.6898214147359407,754.7002332165437,89.6581802368164,22.40834358930588,7.420942739571385,13.856409814207376,0.06977932987091909,0.045807240338422484,0.06754672747340801,0.05069287946325146,0.06507546192177736
frm_lorawd_wd0p1_lr1e4_c256_s43,frm,43.0,frm_lorawd_wd0p1_lr1e4_c256,lorawd,0.338,-0.4710832997223452,25.15,33.16,64.29,math_faithful,33.59,16.71,31.72,41.64,42.14,20.57,7.0846,0.0001,0.1,,,False,False,True,,,,,,,,,2.1618816134014116,1.8100692116929957,0.3518124017084159,244.1025595094156,20.606679916381836,7.085704623162746,7.709801306108754,31.316591885330563,0.06777512613573887,0.04916350345537734,0.0766792398332105,0.05060828693075092,0.06678126167209336
frc_milora_lr5e4_c256_s45,frc,45.0,frc_milora_lr5e4_c256,milora,1.1349,0.0549575960124065,19.27,26.68,73.97,cs,28.63,9.91,24.76,34.3,35.82,190.7704,23.7346,0.0005,,,,False,False,True,68.35,78.4,77.07,78.89,78.69,75.0,60.15,75.2,2.8662177745935113,1.8100692116929957,1.0561485629005156,974.8947587396657,190.76747131347656,23.737042552232744,12.506815334236114,24.384885689987566,0.07366363496207436,0.049646194046317225,0.0662175452989514,0.06725350639133913,0.06645153770101031
lrsw_lora_r16_lr3e4_s43,lrsw,43.0,lrsw_lora_r16_lr3e4,lora,0.6262,-0.20328693671910356,23.76,32.72,79.17,cs,32.24,15.27,40.42,40.44,35.24,50.6768,17.1642,0.00030000000000000003,,,16.0,False,False,True,71.25,83.03,79.68,87.65,81.29,82.53,68.09,79.8,2.2538742703494297,1.8520239240816387,0.4018503462677909,469.68979889841904,50.73134231567383,17.176603427529336,4.7346045169999575,11.520809604961554,0.06710707358863338,0.0462946539649071,0.07243379035674094,0.04950581630626046,0.06556225178314885
frc_sclora_lr3e4_c256_s42,frc,42.0,frc_sclora_lr3e4_c256,sclora,1.0273,0.011697288114142538,15.54,24.27,75.87,cs,25.13,5.95,23.02,34.39,32.88,72.8374,15.3325,0.00030000000000000003,,,,False,False,True,69.17,79.87,78.25,81.91,79.95,78.16,62.03,77.6,2.773484271538993,1.8520239240816387,0.9214603474573542,747.6306325294763,72.83635711669922,15.334144267439843,15.946865991259385,31.976625932167416,0.07578881667483822,0.04311636112978523,0.25884384715936976,0.024575242255902977,0.13045124499378422
qwswm_lora_r32_lr2e5_s44,qwswm,44.0,qwswm_lora_r32_lr2e5,lora,0.0386,-1.413412695328245,43.41,53.43,56.94,gsm8k,47.4,39.42,72.2,50.68,57.47,2.3151,0.5823,2e-05,,,32.0,False,False,True,,,,,,,,,1.955248526920863,1.9346918347336524,0.02055669218721068,13.975631511946176,2.3155670166015625,0.5826264798109021,3.499832639751764,14.181188440392752,0.12476790860555476,0.10720884637042541,0.08717019314118973,0.05578709679541878,0.08079127092988261
frc_milora_a1r_lr7e4_c256_s42,frc,42.0,frc_milora_a1r_lr7e4_c256,milora,1.1321,0.0538847903946921,17.84,25.31,73.68,cs,27.63,8.05,23.28,30.55,37.05,181.4573,23.5484,0.0007,,,,False,False,True,67.34,79.05,78.35,77.58,77.35,75.17,58.19,76.4,2.8598856559229007,1.8520239240816387,1.007861731841262,950.3601778597869,181.45640563964844,23.55128418803215,12.197667677003862,24.087577266624535,0.07316369849805014,0.05293247788766655,0.06688050200690336,0.06010047925002958,0.06637542252393899
lrsw_lora_r16_lr5e5_s44,lrsw,44.0,lrsw_lora_r16_lr5e5,lora,0.2592,-0.5863650028014443,27.12,36.36,25.65,cs,34.2,20.05,47.46,44.37,35.72,11.0626,4.0767,5e-05,,,16.0,False,False,True,50.18,0.82,4.45,19.09,74.35,21.38,22.95,12.0,2.07349269377777,1.8100692116929957,0.26342348208477406,70.70937020502909,11.086233139038086,4.07957946434617,1.7009928276322839,3.96721433747792,0.06930559431241042,0.05036516646094526,0.1078506214416189,0.05546005014219425,0.07612527222448598
mtx_lora_r8_s43,mtx,43.0,mtx_lora_r8,lora,0.5117,-0.29098458302788266,24.38,33.04,47.41,cs,31.87,16.9,39.3,41.13,36.02,43.8981,16.4791,,,,8.0,False,False,False,67.71,45.97,21.7,40.07,76.32,42.63,30.89,54.0,2.1290637113394824,1.8520239240816387,0.2770397872578436,374.613361996572,43.960018157958984,16.484653866291048,3.1849961984434794,6.195974550313364,0.06696707936528655,0.04657487980769738,0.07544613711650189,0.04912696604323942,0.06638775628101501
frc_milora_lr2e4_c256_s42,frc,42.0,frc_milora_lr2e4_c256,milora,0.5166,-0.2868455981627016,24.26,33.2,80.19,cs,32.1,16.41,44.72,38.48,34.31,44.5382,15.266,0.0002,,,,False,False,True,71.59,83.19,78.66,89.38,81.77,84.43,70.48,82.0,2.251320032244109,1.8520239240816387,0.3992961081624702,403.5301341815077,44.53801345825195,15.268544527888299,5.740905116876098,15.875382128022038,0.06836467236920726,0.0681458560745359,0.07076817326808836,0.11920907957687885,0.06524675717045819
frc_milora_a1r_lr5e4_c256_s45,frc,45.0,frc_milora_a1r_lr5e4_c256,milora,0.8422,-0.07458476291575376,22.7,28.96,77.41,cs,31.68,13.73,29.52,35.15,34.71,85.7794,20.4439,0.0005,,,,False,False,True,70.28,81.18,79.07,86.8,81.53,78.16,64.25,78.0,2.547923168060233,1.8100692116929957,0.737853956367237,700.2047192993292,85.77861022949219,20.44555330872536,9.085951574886327,20.8759496122188,0.06885764597567014,0.06124626201742009,0.06783092188413303,0.06776145453376838,0.0649192978821136
seed43_k1024_v128_dE0_lr1e2,seed43,,seed43_k1024_v128_dE0_lr1e2,k1024,0.9836,-0.00718147993332044,19.12,,47.02,,30.09,8.15,,,,29.8879,5.082,0.01,,1024.0,,False,False,False,62.08,48.31,56.81,14.96,51.46,56.61,36.69,49.2,,,,,,,,,,,,,
frc_milora_a1r_lr1e3_c256_s42,frc,42.0,frc_milora_a1r_lr1e3_c256,milora,1.5319,0.1852304161675628,17.21,24.56,65.2,cs,27.48,6.94,23.23,29.69,35.45,322.9453,28.6287,0.001,,,,False,False,True,62.69,72.8,74.36,55.84,70.09,65.24,51.19,69.4,3.2316140988102564,1.8520239240816387,1.3795901747286177,1304.541204410069,322.942626953125,28.631066566705705,15.090604815860447,26.99130586868774,0.0798791821754336,0.04889932363959538,0.06796855482438188,0.05483876888363276,0.07078653792952064
qwsw_milora_r32_lr7e5_s42,qwsw,42.0,qwsw_milora_r32_lr7e5,milora,0.1538,-0.8130436645345878,38.98,48.76,86.76,cs,46.43,31.53,70.52,46.33,49.0,7.9743,2.1772,7.000000000000001e-05,,,32.0,False,False,True,69.97,89.55,80.14,94.43,84.29,95.33,88.74,91.6,2.1553170530599757,1.9346918347336524,0.2206252183263233,69.60913570355333,7.974328994750977,2.177641304901668,7.650659468453805,24.67955451141839,0.05363207876187803,0.4299993607033356,0.06403311833613573,0.25836832481600364,0.047449101899779335
b4_sclora_r32_lr5e5_s42,b4,42.0,b4_sclora_r32_lr5e5,sclora,0.2602,-0.5846927077744326,26.54,35.16,80.14,cs,34.59,18.49,41.71,43.77,37.24,6.4659,2.4867,5e-05,,,32.0,False,False,False,72.29,83.57,78.66,88.99,81.06,84.76,71.16,80.6,1.9836964166496691,1.8520239240816387,0.13167249256803037,88.3382954161324,6.471840858459473,2.487797624617815,9.370636685577923,36.14609529503543,0.08131365578095917,0.03676263968529002,0.27473292068602734,0.014403052575450296,0.1358429557893985
frm_lorawd_wd0p3_lr2e4_c256_s42,frm,42.0,frm_lorawd_wd0p3_lr2e4_c256,lorawd,0.278,-0.5559552040819238,25.14,33.41,67.25,math_faithful,33.1,17.17,33.68,41.04,42.05,22.1211,4.4638,0.0002,0.3,,,False,False,True,,,,,,,,,2.080969146964349,1.8520239240816387,0.22894522288271046,191.77712592044878,22.120914459228516,4.464217048883438,12.473252869288924,37.76353472251942,0.07392936617647118,0.048573082752486445,0.08586973249403594,0.049313451729930936,0.07270145840505249
lrswm_lora_r16_lr3e4_s43,lrswm,43.0,lrswm_lora_r16_lr3e4,lora,0.4993,-0.30163843394489026,23.71,32.33,48.98,gsm8k,31.61,15.81,30.33,40.19,43.69,32.6804,13.151,0.00030000000000000003,,,16.0,False,False,True,,,,,,,,,2.2162881504715695,1.8100692116929957,0.40621893877857373,360.1881634547464,32.71586990356445,13.161066463589668,4.571142087204912,11.327701828079357,0.06553841705465117,0.04834881315829732,0.07471364028484448,0.049796413930031175,0.06505778692540709
qwsw_lora_null_r16_lr5e5_s42,qwsw,42.0,qwsw_lora_null_r16_lr5e5,lora_null,0.1027,-0.9884295564027218,38.12,51.11,86.05,cs,46.61,29.64,72.03,56.74,50.53,5.5506,1.5658,5e-05,,,16.0,False,False,True,73.12,81.5,80.3,93.13,84.45,96.04,89.42,90.4,,,,50.847989146758906,5.563358306884766,1.5663894649062837,5.9989485294984615,17.51742273275618,0.20954411503622486,0.06058992995159619,0.07931985828011595,0.06245039212750648,0.11431924055751072
lrsw_lora_null_r16_lr1e4_s45,lrsw,45.0,lrsw_lora_null_r16_lr1e4,lora_null,0.2447,-0.6113660306482108,26.57,35.53,42.79,cs,35.23,17.91,46.29,42.75,35.45,9.0367,3.8738,0.0001,,,16.0,False,False,True,70.12,67.25,21.75,38.54,71.43,32.07,22.35,18.8,1.935237971559582,1.8100692116929957,0.12516875986658627,110.99607693429425,9.046696662902832,3.8746960274875164,5.4339572755192265,16.544845368336542,0.2156364093419085,0.03395638036608067,0.1354808319507555,0.07038254933961308,0.14464874642642742
frm_lorawd_wd0p3_lr5e4_c512_s44,frm,44.0,frm_lorawd_wd0p3_lr5e4_c512,lorawd,0.3891,-0.4099387691962575,24.26,33.3,66.79,math_faithful,31.58,16.95,35.66,40.02,42.3,43.3128,4.9362,0.0005,0.3,,,False,False,True,,,,,,,,,2.1305545646037807,1.8100692116929957,0.32048535291078495,255.98742645086236,43.31228256225586,4.936631305515766,19.271771497712663,46.364955291445064,0.08245853332398441,0.04557298256427105,0.09242222017020353,0.0472949627508524,0.0796588723011253
d1_clean_lr1e3,d1,,d1_clean_lr1e3,clean,0.1674,-0.7762445463427589,26.41,,37.76,,35.19,17.63,,,,2.5299,1.4149,0.001,,,,False,False,False,60.52,11.75,57.63,1.43,34.33,51.56,35.24,49.6,,,,,,,,,,,,,
frm_lorawd_wd0p3_lr2e4_c512_s44,frm,44.0,frm_lorawd_wd0p3_lr2e4_c512,lorawd,0.2785,-0.5551748004902523,25.42,34.86,67.85,math_faithful,33.16,17.68,38.37,42.41,42.67,24.9268,4.422,0.0002,0.3,,,False,False,True,,,,,,,,,2.024511082073488,1.8100692116929957,0.21444187038049223,193.58132631735842,24.92621612548828,4.422405874729156,13.07904363994238,38.48218407412457,0.0744564430924308,0.04867699938637694,0.08677202328763935,0.049096470943286306,0.07326518783646263
qwsw_lorawd_wd0p3_lr2e5_s43,qwsw,43.0,qwsw_lorawd_wd0p3_lr2e5,lorawd,0.1013,-0.9943905546397196,38.69,50.94,85.28,cs,45.54,31.84,71.64,55.63,50.05,5.9982,1.3397,2e-05,0.3,,,False,False,True,62.23,89.28,78.92,93.94,85.24,94.57,88.23,89.8,1.9857182697895903,1.9346918347336524,0.05102643505593796,27.978434960673187,6.010098934173584,1.3407567786318915,1.941423915957076,5.753571557644255,0.10299625140972708,0.08987075684376836,0.1094258416166082,0.05916521692255566,0.0767717500690602
qwsw_milora_r32_lr3e4_s43,qwsw,43.0,qwsw_milora_r32_lr3e4,milora,0.3768,-0.42388910587916023,33.96,42.43,86.38,cs,40.41,27.52,63.25,37.29,43.66,17.2962,7.9821,0.00030000000000000003,,,32.0,False,False,True,73.76,88.63,80.19,93.93,85.64,93.6,85.49,89.8,2.6254966805482978,1.9346918347336524,0.6908048458146454,339.58762059851443,17.295801162719727,7.982983526161739,11.124460718977515,26.048499320531572,0.08827880517378649,0.2003697409347373,0.061551326194632605,0.12615154242343057,0.06223640936422769
qwswm_sclora_r32_lr1e4_s43,qwswm,43.0,qwswm_sclora_r32_lr1e4,sclora,0.1806,-0.743282254022513,39.97,51.39,75.13,gsm8k,47.14,32.79,70.4,51.11,55.49,5.2113,1.6492,0.0001,,,32.0,False,False,True,,,,,,,,,,,,88.06297916178181,5.212062358856201,1.6494847374303,15.290535640793639,41.07964247980311,0.15849280509602742,0.10193648696495643,0.36985242258632933,0.02534031905717919,0.17200818928532888
frm_lorawd_wd0p3_lr3e4_c256_s43,frm,43.0,frm_lorawd_wd0p3_lr3e4_c256,lorawd,0.3173,-0.4985299278995877,24.77,33.91,66.26,math_faithful,32.53,17.01,34.49,43.17,42.35,34.563,4.6401,0.00030000000000000003,0.3,,,False,False,True,,,,,,,,,2.1198640593374467,1.8520239240816387,0.26784013525580797,218.41968117674026,34.562461853027344,4.640572666376829,16.01669778901141,42.40278757416063,0.07739889664569681,0.04723509411499903,0.08891906715591921,0.048366172669065406,0.07570158700431276
lrsw_lora_null_r16_lr2e4_s42,lrsw,42.0,lrsw_lora_null_r16_lr2e4,lora_null,0.3245,-0.488785298863612,26.43,35.25,47.98,cs,34.5,18.36,45.73,42.83,34.83,15.5372,7.0734,0.0002,,,16.0,False,False,True,61.65,60.28,29.68,58.84,62.59,47.98,37.8,25.0,2.0380283025833763,1.8520239240816387,0.18600437850173757,225.47169224706906,15.536980628967285,7.076241666078568,6.302687148893285,16.079437423257577,0.12212259833825294,0.03624570983065143,0.07721473566070111,0.05241284943872775,0.09332825972617906
qwswm_lora_r32_lr5e4_s44,qwswm,44.0,qwswm_lora_r32_lr5e4,lora,0.3852,-0.4143137215475031,37.1,47.52,69.83,gsm8k,43.4,30.79,62.73,45.99,54.68,34.8879,8.5079,0.0005,,,32.0,False,False,True,,,,,,,,,2.4840068644565045,1.9346918347336524,0.5493150297228522,451.7849168875498,35.03430938720703,8.510502305201122,15.948270582141118,28.58782787039845,0.10823018513484273,0.09473370100153004,0.060387183934603406,0.047497290178992846,0.06658267022817549
frc_lorawd_wd0p5_lr1e3_c256_s44,frc,44.0,frc_lorawd_wd0p5_lr1e3_c256,lorawd,0.2977,-0.5262211653532752,26.18,33.9,82.41,cs,33.67,18.7,43.88,37.88,35.35,33.6102,4.8828,0.001,0.5,,,False,False,True,73.18,84.44,81.78,92.41,85.48,86.28,71.67,84.0,1.9122266263664418,1.8100692116929957,0.10215741467344608,179.02164141628114,33.60995864868164,4.883117085695266,8.938810819200128,21.961244373615944,0.07723073343642738,0.04561515203446078,0.08893088224559413,0.04783328492917917,0.0762970460913967
lrswm_lora_r16_lr2e4_s43,lrswm,43.0,lrswm_lora_r16_lr2e4,lora,0.3961,-0.4021951575957071,24.64,31.71,46.02,gsm8k,33.01,16.28,29.33,40.53,39.41,28.8372,10.106,0.0002,,,16.0,False,False,True,,,,,,,,,2.095213061432722,1.8100692116929957,0.28514384973972606,239.7286562096234,28.887216567993164,10.111212615668773,3.4078004800359807,9.26836949069123,0.06668737159280692,0.0495928817018278,0.07952753553300126,0.049343625982242255,0.06662533436048138
qwswm_lorawd_wd0p3_lr5e4_s43,qwswm,43.0,qwswm_lorawd_wd0p3_lr5e4,lorawd,0.122,-0.9136401693252518,45.48,54.31,68.84,gsm8k,48.87,42.1,70.99,54.18,55.43,7.1605,2.3856,0.0005,0.3,,,False,False,True,,,,,,,,,2.01720614298194,1.9346918347336524,0.08251430824828754,125.73297235445789,7.165935039520264,2.3860275658113617,15.781542408646605,28.299710260377008,0.11291713253169662,0.09809863331873545,0.06424426751844395,0.04645876134752322,0.06960375127529461
scl2_b0p8_r128_s43,scl2,43.0,scl2_b0p8_r128,b0p8,1.5432,0.18842221463582806,7.8,21.8,68.58,cs,15.36,0.24,23.13,31.83,38.45,59.9909,12.5651,,,,128.0,False,False,False,66.39,75.08,75.44,62.03,75.77,68.86,55.29,69.8,4.4801349100004115,1.8520239240816387,2.628110985918773,872.7389141663703,59.99048614501953,12.564843624830246,35.53307660736766,122.92802305349402,0.09294160309983748,0.04130860421435414,0.31367837960905787,0.02358657518721274,0.153355242458519
lrswm_clora_k1024_lr2e5_s43,lrswm,43.0,lrswm_clora_k1024_lr2e5,clora,0.1922,-0.7162466166674735,25.64,33.46,35.71,gsm8k,33.85,17.42,28.99,46.08,40.94,5.0137,1.517,2e-05,,1024.0,,False,False,True,,,,,,,,,1.893346478123005,1.8100692116929957,0.08327726643000921,31.974881774511918,5.028099060058594,1.518127035908401,2.414174470804397,9.034331500526465,0.05860769347286065,0.0504362066916582,0.10857734345274501,0.05618138744004266,0.06665475919056361
frm_lorawd_wd0p2_lr3e4_c512_s44,frm,44.0,frm_lorawd_wd0p2_lr3e4_c512,lorawd,0.4294,-0.3671379598997701,24.11,33.16,68.08,math_faithful,32.41,15.81,33.81,38.91,44.84,43.3367,6.0996,0.00030000000000000003,0.2,,,False,False,True,,,,,,,,,2.161838641516538,1.8100692116929957,0.3517694298235423,308.11016269916826,43.335594177246094,6.100102624297142,18.595317098970536,46.365113047768595,0.0747645677159218,0.04673134670066552,0.08345098437164603,0.0489351754018384,0.07312345254394739
e1_clora_f080_s45,e1,45.0,e1_clora_f080,clora,0.7806,-0.10757145305477013,17.06,26.11,74.21,cs,27.61,6.52,29.12,31.83,35.47,33.5752,15.6274,,,,,False,False,False,69.97,78.73,77.43,79.97,79.01,74.79,58.36,75.4,,,,688.9912143721929,33.56753921508789,15.628413379192352,11.495393455234558,25.676458512091937,0.05839929606836448,0.04637668109176227,0.06106797099386875,0.049175342696865326,0.056291953009393915
qwswm_lora_r32_lr3e4_s44,qwswm,44.0,qwswm_lora_r32_lr3e4,lora,0.2099,-0.6779875614175995,39.75,51.02,71.19,gsm8k,38.9,40.59,69.28,51.02,55.29,16.409,4.8014,0.00030000000000000003,,,32.0,False,False,True,,,,,,,,,2.1403243561807677,1.9346918347336524,0.2056325214471153,217.7105380850453,16.40581703186035,4.80260123355048,12.145795411988281,26.482401505827355,0.11183426900638836,0.09804099634677663,0.06147891765481803,0.048323527161865956,0.06844805987307442
frc_lorawd_wd0p2_lr5e4_c256_s43,frc,43.0,frc_lorawd_wd0p2_lr5e4_c256,lorawd,0.5274,-0.2778598745425845,24.26,31.18,81.05,cs,31.52,17.01,35.9,37.8,33.69,46.1119,8.9807,0.0005,0.2,,,False,False,True,71.65,83.73,80.76,89.93,83.82,85.48,69.8,83.2,2.119075424783917,1.8100692116929957,0.30900621309092124,370.8761848647693,46.111114501953125,8.981399075686932,11.697467224893394,24.961693317523533,0.0739372538673988,0.04604807063904036,0.07876401992804563,0.04830957075399726,0.07085937746894842
qwsw_lora_null_r16_lr7e5_s42,qwsw,42.0,qwsw_lora_null_r16_lr7e5,lora_null,0.1156,-0.9370421659154897,40.03,50.62,86.12,cs,46.08,33.98,71.91,50.85,50.28,7.7519,2.1951,7.000000000000001e-05,,,16.0,False,False,True,64.19,89.83,79.89,94.64,84.69,95.71,88.4,91.6,2.0057360629713363,1.9346918347336524,0.07104422823768397,66.24532403570156,7.753884792327881,2.1955143964716366,5.378805089928913,14.58900976721834,0.19635946597664158,0.07441783438153717,0.09389798168476267,0.11068323409166128,0.11258502368551336
frc_milora_lr5e4_c256_s44,frc,44.0,frc_milora_lr5e4_c256,milora,1.1293,0.052809328140561336,16.09,24.79,73.24,cs,28.32,3.86,24.21,33.7,33.88,214.0665,23.9827,0.0005,,,,False,False,True,67.58,78.07,77.12,76.79,77.58,74.83,59.13,74.8,2.8747211274888356,1.8100692116929957,1.0646519157958398,979.3785298438816,214.0640106201172,23.98527820110321,12.491203373205003,24.183306242346422,0.07593809862943238,0.04945761630881121,0.06686602805971825,0.0671441080955022,0.06762752585819844
frc_lorawd_wd0p3_lr3e4_c256_s42,frc,42.0,frc_lorawd_wd0p3_lr3e4_c256,lorawd,0.3581,-0.4459956789880971,27.28,34.5,76.17,cs,35.26,19.29,45.95,37.88,34.12,26.1334,7.1337,0.00030000000000000003,0.3,,,False,False,True,62.17,83.03,78.3,67.16,83.82,84.26,70.22,80.4,2.027440440424872,1.8520239240816387,0.1754165163432333,234.64697506694554,26.133102416992188,7.134811578691005,6.952354916870564,19.47825037337659,0.07265369182580025,0.047355457842345516,0.0842320349173353,0.04812746628686734,0.07140811360178459
frm_lorawd_wd0p1_lr7e4_c256_s44,frm,44.0,frm_lorawd_wd0p1_lr7e4_c256,lorawd,1.2185,0.08582553352074308,18.6,26.78,57.16,math_faithful,28.81,8.38,24.88,26.62,45.19,101.6923,13.7326,0.0007,0.1,,,False,False,True,,,,,,,,,3.4479654019767825,1.8100692116929957,1.6378961902837867,838.0812335336627,101.68871307373047,13.732974427938462,26.86431621500278,54.64754352086017,0.08091348173984055,0.04507930639532313,0.09218190198822812,0.04800002757151541,0.08291122837702454
qwsw_clora_k1024_lr5e4_s42,qwsw,42.0,qwsw_clora_k1024_lr5e4,clora,0.4331,-0.3634118162701577,31.62,40.38,84.67,cs,40.33,22.91,59.05,36.09,43.51,31.5555,8.652,0.0005,,1024.0,,False,False,True,71.31,88.36,79.84,93.14,84.14,91.62,81.74,87.2,,,,532.2467438722291,31.63185691833496,8.654657760394599,15.631221422402039,28.495808601242995,0.05126467276411407,0.0437944209143733,0.0556292312110041,0.04462978872320841,0.04364066589457156
frc_lorawd_wd0p2_lr2e4_c256_s43,frc,43.0,frc_lorawd_wd0p2_lr2e4_c256,lorawd,0.3616,-0.44177157819667434,26.45,34.99,69.98,cs,33.13,19.77,46.38,39.25,36.4,23.3555,8.5416,0.0002,0.2,,,False,False,True,62.17,71.82,64.99,90.46,83.58,69.11,61.09,56.6,2.023904884004843,1.8100692116929957,0.2138356723118473,240.4413203524882,23.403371810913086,8.545588876307011,4.9068915451463715,16.068242596654684,0.07033460961878113,0.04785775573591421,0.08224626422555276,0.04852443186028178,0.06958138645160684
lrsw_clora_k1024_lr2e4_s43,lrsw,43.0,lrsw_clora_k1024_lr2e4,clora,0.3289,-0.4829361265173453,25.71,34.56,58.82,cs,32.99,18.43,46.28,39.76,35.34,15.707,7.8853,0.0002,,1024.0,,False,False,True,64.22,41.35,41.86,83.61,72.77,61.15,57.17,48.4,2.13728590939113,1.8100692116929957,0.3272166976981341,257.9949328329216,15.725406646728516,7.8896593987941745,5.550864018024695,18.881943077771624,0.06002082792865511,0.04884862932692453,0.06708069621316358,0.04890286446153662,0.057873651183143124
lrsw_sclora_r32_lr2e5_s42,lrsw,42.0,lrsw_sclora_r32_lr2e5,sclora,0.3257,-0.4871822414351269,25.29,34.3,79.54,cs,34.05,16.53,43.18,41.13,36.63,7.0681,2.0601,2e-05,,,32.0,False,False,True,71.5,83.13,79.32,88.04,81.29,84.76,68.26,80.0,2.028159157245214,1.8520239240816387,0.17613523316357504,55.892243651612134,7.074077129364014,2.060516745224595,5.1296608148800695,23.896541199274203,0.11403159550011806,0.03819052011722197,0.7026033680091951,0.005466437266131126,0.23313165949973833
qwsw_lorawd_wd0p3_lr1e3_s42,qwsw,42.0,qwsw_lorawd_wd0p3_lr1e3,lorawd,0.2818,-0.5500590112266623,37.21,44.53,87.4,cs,46.11,28.31,66.73,39.68,41.84,24.9852,5.0695,0.001,0.3,,,False,False,True,73.79,89.28,80.71,94.15,85.71,95.58,86.35,93.6,,,,242.2540306312354,24.997846603393555,5.070058053731918,12.621024201606327,26.893929627727896,0.11433304371363869,0.08847426546876898,0.07284564259057037,0.044739751703562605,0.07320291355099619
lrsw_lorawd_wd0p3_lr1e4_s42,lrsw,42.0,lrsw_lorawd_wd0p3_lr1e4,lorawd,0.2332,-0.6322714539130235,26.94,35.64,76.97,cs,34.51,19.38,47.5,42.32,34.51,15.55,5.5436,0.0001,0.3,,,False,False,True,62.2,79.65,73.39,90.18,82.87,84.93,69.54,73.0,1.9691813619152814,1.8520239240816387,0.11715743783364263,125.13420921219449,15.583643913269043,5.545030581951141,3.0880879023825214,10.225157527562551,0.07180752493286366,0.05026568728285861,0.09215143488198758,0.050341900377637895,0.07262228113491638
mtx_clora_k512_s45,mtx,45.0,mtx_clora_k512,clora,0.5394,-0.2680890578831276,23.0,31.52,79.31,cs,30.95,15.06,37.99,37.88,35.71,24.9686,11.4599,,,512.0,,False,False,False,72.29,79.33,79.58,88.09,82.95,82.83,67.24,82.2,2.287238074333024,1.8100692116929957,0.47716886264002834,427.24368531935755,24.972938537597656,11.461908939480782,7.958745112366144,22.94314519839869,0.06219497915327132,0.04639936561054384,0.06559782217236083,0.04892317857029131,0.060248773190566755
qwswm_lora_null_r16_lr5e5_s42,qwswm,42.0,qwswm_lora_null_r16_lr5e5,lora_null,0.0408,-1.38933983691012,42.88,53.15,62.62,gsm8k,47.37,38.39,72.27,50.43,57.31,3.3167,0.7915,5e-05,,,16.0,False,False,True,,,,,,,,,,,,26.34633003045361,3.317028522491455,0.7916958056390285,6.8833308536914455,18.061482653669124,0.2117278837421506,0.07519482763485005,0.09595142561289494,0.1393785470127136,0.11830002137576512
scl2_b0p9_r128_s42,scl2,42.0,scl2_b0p9_r128,b0p9,1.3246,0.12208475071086936,12.88,23.91,70.77,cs,22.3,3.47,23.1,33.7,36.96,111.9721,12.2029,,,,128.0,False,False,False,67.43,76.71,76.1,69.41,76.87,71.09,55.55,73.0,3.6251763372952346,1.8520239240816387,1.7731524132135958,847.3267132108708,111.96670532226562,12.202587488293648,37.60288695061581,123.75241491635742,0.09087869376361812,0.040758821904928196,0.2680374356969267,0.02521976762493564,0.14070569674723393
frc_lorawd_wd0p5_lr3e4_c256_s42,frc,42.0,frc_lorawd_wd0p5_lr3e4_c256,lorawd,0.2548,-0.5938005763366871,27.47,35.55,43.59,cs,34.88,20.05,47.69,39.76,35.36,16.6238,4.768,0.00030000000000000003,0.5,,,False,False,True,49.3,67.14,22.93,83.16,64.17,20.79,18.0,23.2,1.957915142517914,1.8520239240816387,0.10589121843627525,153.26624060367496,16.623571395874023,4.769057117402554,6.540689232212439,17.83524480109759,0.07376953225996036,0.04829588665359125,0.09225962740265754,0.04827818372446583,0.07428610357058728
mtx_sclora_b0p3_s42,mtx,42.0,mtx_sclora_b0p3,sclora,1.309,0.11693964655075577,7.42,21.84,75.42,cs,14.53,0.32,24.14,34.81,35.39,38.5432,12.1054,,,,,False,False,False,69.63,79.92,79.48,76.69,80.19,77.82,62.03,77.6,3.1531095166397347,1.8520239240816387,1.301085592558096,554.8767012044525,38.546077728271484,12.106124398112296,13.493510963860617,33.91788370128908,0.10640684658028676,0.0412486693225992,0.4195221220292356,0.02107026930728065,0.18138131685566125
lrsw_milora_r32_lr2e4_s44,lrsw,44.0,lrsw_milora_r32_lr2e4,milora,0.402,-0.3957739469155299,26.52,34.87,22.31,cs,33.6,19.45,46.94,39.42,34.92,26.3707,11.5635,0.0002,,,32.0,False,False,True,62.17,0.16,2.2,12.79,0.55,44.65,37.54,18.4,2.0798272280296555,1.8100692116929957,0.26975801633665974,270.3118194542118,26.37084197998047,11.566428723931313,4.599351578986303,13.606412823270135,0.06554823392230191,0.10722576999336147,0.07775624810401653,0.10608735783530379,0.06688004540326692
frm_clora_k256_lr3e4_c256_s42,frm,42.0,frm_clora_k256_lr3e4_c256,clora,1.0191,0.008216801589690346,19.02,26.69,60.8,math_faithful,28.61,9.42,23.01,31.48,40.95,29.0263,14.2422,0.00030000000000000003,,256.0,,False,False,True,,,,,,,,,3.2445586319265645,1.8520239240816387,1.3925347078449257,873.3435788382158,29.029020309448242,14.24290212392807,25.237531546771383,54.13445920863456,0.06385777446903748,0.045958138906492425,0.06568568862825876,0.05027770396256943,0.06177141889698707
lrsw_dora_r16_lr3e4_s44,lrsw,44.0,lrsw_dora_r16_lr3e4,dora,0.684,-0.16494389827988373,23.27,29.99,79.05,cs,30.87,15.67,34.35,36.18,32.88,44.8559,17.7558,0.00030000000000000003,,,16.0,False,False,True,70.43,82.1,78.4,88.93,82.56,82.37,67.83,79.8,2.2376845387146362,1.8100692116929957,0.4276153270216405,475.9243729434308,44.88307571411133,17.768617129325868,4.511906693427026,11.3298239913037,0.07072158753208035,0.04648318495875114,0.07467895058102555,0.04947874034975999,0.0681787007342038
qwswm_milora_r32_lr5e5_s43,qwswm,43.0,qwswm_milora_r32_lr5e5,milora,0.0692,-1.1598939055432422,43.72,53.27,54.51,gsm8k,46.52,40.92,71.74,51.02,56.16,2.3831,0.7215,5e-05,,,32.0,False,False,True,,,,,,,,,2.0345846861317853,1.9346918347336524,0.09989285139813298,25.374731668971286,2.3831522464752197,0.7215368267680917,9.457078940024793,31.575503942791226,0.0416833973870086,0.5322839497246148,0.05630791755141617,0.35141033733899835,0.0330580752353207
frc_lorawdr16_wd0p3_lr5e4_c256_s44,frc,44.0,frc_lorawdr16_wd0p3_lr5e4_c256,lorawdr16,0.3594,-0.444421927227045,26.64,33.13,81.19,cs,33.87,19.42,37.49,39.93,34.93,19.9828,6.5295,0.0005,0.3,,,False,False,True,71.8,83.84,80.86,89.71,84.37,85.48,72.44,81.0,1.9425154391686499,1.8100692116929957,0.13244622747565415,217.6964404834598,19.982501983642578,6.531942829489708,6.9198287681930895,13.23149074611867,0.07179408487492334,0.04681308131839496,0.08559170802296122,0.048038100490497,0.07138598025635948
qwsw_milora_r32_lr1e3_s44,qwsw,44.0,qwsw_milora_r32_lr1e3,milora,0.9856,-0.006299305179649748,7.52,21.73,72.42,cs,11.57,3.47,24.35,29.18,40.06,96.4732,18.6997,0.001,,,32.0,False,False,True,65.63,79.49,75.38,70.59,73.09,77.4,62.2,75.6,3.61607629386719,1.9346918347336524,1.6813844591335378,999.9946791132212,96.47135162353516,18.702132742745537,16.42797199158059,29.76263484472519,0.11408478435649491,0.10270690063063458,0.06603424396130513,0.06288119229559919,0.07542489986919781
lora_wd0p1_full,lora,,lora_wd0p1_full,wd0p1,0.556,-0.25492520841794253,24.42,,80.18,,31.15,17.7,,,,43.7226,12.478,,0.1,,,False,False,False,72.94,83.24,80.86,87.68,82.08,83.33,68.94,82.4,,,,,,,,,,,,,
mtxm_lorawd_wd0p05_s43,mtxm,43.0,mtxm_lorawd_wd0p05,lorawd,0.5388,-0.26857241294905204,23.36,32.0,51.63,gsm8k,31.88,14.85,34.16,38.65,40.44,30.9075,11.7894,,0.05,,,False,False,False,,,,,,,,,2.2864233109115184,1.8100692116929957,0.4763540992185227,382.91311480021045,30.936002731323242,11.792577198147773,6.557421399019047,20.011900398065226,0.06595207753492975,0.048143573076457516,0.07395908116673133,0.05025032821745485,0.06531253498603277
lrswm_dora_r16_lr5e4_s42,lrswm,42.0,lrswm_dora_r16_lr5e4,dora,0.9321,-0.030537492025363093,21.66,29.77,45.26,gsm8k,31.27,12.05,28.06,35.15,42.31,117.4489,20.0822,0.0005,,,16.0,False,False,True,,,,,,,,,2.577068808140023,1.8520239240816387,0.7250448840583843,637.5181986436988,117.44839477539062,20.09199277162552,6.252310262063599,13.006889347730668,0.07664323124617693,0.04639250985733558,0.07538546937370912,0.05004062392511528,0.07124573177789344
scl2_b0p0_r32_s43,scl2,43.0,scl2_b0p0_r32,b0p0,1.4873,0.17239857793930471,10.41,23.14,74.92,cs,20.78,0.04,23.79,34.04,37.04,42.9653,13.6179,,,,32.0,False,False,False,68.44,80.36,78.1,77.88,78.69,77.44,59.64,78.8,4.474494142484948,1.8520239240816387,2.6224702184033095,575.4134260847691,42.97315979003906,13.61835387647152,11.565568591861217,32.50977407033355,0.1134860558053965,0.04122360364959695,0.4678111079395334,0.019779356006334972,0.19630818466984715
qwswm_lora_r16_lr1e4_s43,qwswm,43.0,qwswm_lora_r16_lr1e4,lora,0.0724,-1.140261433802853,43.78,53.61,59.44,gsm8k,46.74,40.83,71.76,52.05,56.66,5.8269,1.946,0.0001,,,16.0,False,False,True,,,,,,,,,1.983586830289468,1.9346918347336524,0.04889499555581556,50.20375461575157,5.833394527435303,1.9472110011747905,3.9520198986680017,10.359293477011036,0.12246435200663178,0.10229871136731061,0.07174684189330634,0.05074636094646806,0.07552922285902587
lrswm_lora_r16_lr5e5_s44,lrswm,44.0,lrswm_lora_r16_lr5e5,lora,0.3589,-0.44502654166676014,25.51,33.35,40.33,gsm8k,33.56,17.45,29.35,45.56,40.81,11.7362,3.7026,5e-05,,,16.0,False,False,True,,,,,,,,,2.0266277359175087,1.8100692116929957,0.21655852422451294,66.91406855547437,11.755385398864746,3.7047675266861915,1.8764728461976796,4.4292454256132086,0.06576993904915256,0.056567048457255,0.12197827349309955,0.05016788326184808,0.07660431531275307
lrsw_lora_r16_lr1e4_s42,lrsw,42.0,lrsw_lora_r16_lr1e4,lora,0.3103,-0.5082182244158342,26.68,35.4,78.27,cs,33.67,19.69,46.96,42.83,33.87,19.2351,7.4154,0.0001,,,16.0,False,False,True,65.66,83.68,79.27,77.86,82.72,85.19,71.16,80.6,2.1283409174981487,1.8520239240816387,0.27631699341650995,145.97543370063116,19.266530990600586,7.41882475912571,2.284932784131675,6.235574228534116,0.07058798485485931,0.04953133401781978,0.08888597469263809,0.050388599203278546,0.07112691432322372
e1_sclora_f015_s43,e1,43.0,e1_sclora_f015,sclora,0.2396,-0.6205131862827262,27.38,36.79,13.47,cs,34.83,19.92,43.36,47.87,37.97,11.4456,2.1578,,,,,False,False,False,62.17,27.31,0.77,7.67,6.95,1.52,0.94,0.4,,,,105.7015652662344,11.44562816619873,2.158016891404986,16.274731360987996,32.813870468722065,0.0812886993657175,0.042325507556115506,0.17717886096715182,0.03524715439104099,0.1111988668238541
mtxm_lorawd_wd1p0_s43,mtxm,43.0,mtxm_lorawd_wd1p0,lorawd,0.1812,-0.7418418066592057,25.71,33.4,46.02,gsm8k,32.58,18.84,32.79,43.86,38.92,11.0682,2.9921,,1.0,,,False,False,False,,,,,,,,,1.9134766746598593,1.8100692116929957,0.10340746296686354,95.73277065445187,11.078801155090332,2.9930383332073687,6.122890587748343,16.811118620942885,0.07513021503614901,0.051923531776358556,0.09705875919494837,0.049233159484902554,0.0745843815518159
frm_lorawd_wd0p2_lr5e4_c256_s44,frm,44.0,frm_lorawd_wd0p2_lr5e4_c256,lorawd,0.5437,-0.26464066699828925,22.23,30.86,62.77,math_faithful,30.35,14.11,28.48,36.95,44.41,61.832,6.8966,0.0005,0.2,,,False,False,True,,,,,,,,,2.339686317010432,1.8100692116929957,0.5296171053174363,375.63626890371233,61.83130645751953,6.897005462646485,21.925584330516717,49.75974511671656,0.0805936246691463,0.045367169942524245,0.08919456447191561,0.047543903830909805,0.07887250866935863
mtx_sclora_b0p5_s43,mtx,43.0,mtx_sclora_b0p5,sclora,1.4134,0.15026508697870372,8.06,21.45,75.92,cs,14.82,1.29,23.5,31.91,35.75,34.2468,12.9754,,,,,False,False,False,69.11,80.74,78.97,80.65,79.87,77.61,62.63,77.8,3.9457320936318983,1.8520239240816387,2.0937081695502595,565.698513868382,34.252403259277344,12.976055133342744,12.502948264873389,33.03141557204513,0.10933957896719378,0.041120825355241794,0.4495608242687918,0.020068797031564473,0.18954690450759346
frm_sclora_lr2e4_c256_s43,frm,43.0,frm_sclora_lr2e4_c256,sclora,1.3431,0.1281083491031075,13.69,24.06,55.72,math_faithful,23.71,3.67,23.93,30.63,38.37,150.5238,16.0392,0.0002,,,,False,False,True,,,,,,,,,3.824260155683743,1.8100692116929957,2.014190943990747,998.9844566588816,150.52621459960938,16.03921888768673,27.802040415368158,63.11003438807721,0.08584985903285608,0.041871286912567175,0.30132990078659766,0.023566970473122385,0.14731218084057685
frm_lorawd_wd0p2_lr2e4_c512_s42,frm,42.0,frm_lorawd_wd0p2_lr2e4_c512,lorawd,0.368,-0.43415218132648237,24.28,32.77,67.17,math_faithful,31.04,17.52,37.74,39.42,38.15,30.3155,5.8612,0.0002,0.2,,,False,False,True,,,,,,,,,2.1794656069012763,1.8520239240816387,0.3274416828196376,261.6287312667702,30.315027236938477,5.861793006956577,13.604552593597624,40.68932313833739,0.07115430781484904,0.047967234421610765,0.08080450389458776,0.04967311648306169,0.07012485608308824
frc_lorawd_wd0p2_lr2e4_c256_s42,frc,42.0,frc_lorawd_wd0p2_lr2e4_c256,lorawd,0.349,-0.4571745730408201,26.32,34.09,70.05,cs,33.41,19.24,46.0,39.42,32.36,21.4819,8.5057,0.0002,0.2,,,False,False,True,71.87,71.87,68.83,38.8,85.0,81.23,65.02,77.8,2.059225880794567,1.8520239240816387,0.2072019567129284,240.6643254781575,21.489059448242188,8.509367932379245,4.969388533716429,16.2438294557527,0.0701872642480223,0.047817304512962316,0.0821702139179423,0.048377348610310345,0.06953252484845635
qwswm_lora_null_r16_lr1e3_s43,qwswm,43.0,qwswm_lora_null_r16_lr1e3,lora_null,0.3918,-0.40693556834128247,39.8,49.09,73.31,gsm8k,44.65,34.96,63.48,50.34,52.0,40.4582,10.1509,0.001,,,16.0,False,False,True,,,,,,,,,,,,471.5696061958912,40.45309066772461,10.15122636301177,11.496664710945916,16.3280381407497,0.1144684482497278,0.0910198509435424,0.06436993346279242,0.07140074362793028,0.07340790047635062
mtxm_lorawd_wd0p0_s43,mtxm,43.0,mtxm_lorawd_wd0p0,lorawd,0.6124,-0.21296481797377653,22.08,31.74,49.66,gsm8k,30.9,13.27,32.29,40.27,41.96,30.1528,13.3711,,0.0,,,False,False,False,,,,,,,,,2.3729672900659233,1.8100692116929957,0.5628980783729276,431.21680081481657,30.158723831176758,13.373547530174255,6.535276036491492,20.014010628014386,0.0651620136798708,0.047604681465869936,0.0727354914421552,0.050756777574969825,0.06453714532680893
qwsw_lora_r16_lr15e5_s42,qwsw,42.0,qwsw_lora_r16_lr15e5,lora,0.2096,-0.678608721688311,38.39,47.31,78.3,cs,43.4,33.39,70.23,41.81,47.73,21.8307,6.6041,0.00015000000000000001,,,16.0,False,False,True,73.36,53.32,77.53,94.25,84.53,83.59,73.21,86.6,2.1240611295910257,1.9346918347336524,0.1893692948573733,183.48676043408153,21.860370635986328,6.609188623939242,3.9668168854792385,10.341070752611483,0.11489479386354301,0.09066388751577291,0.07392505220176783,0.046536496325541056,0.0721746003720399
e1_lora_f015_s43,e1,43.0,e1_lora_f015,lora,0.1661,-0.7796303675486055,27.82,36.99,22.81,cs,35.37,20.27,43.6,47.53,38.19,15.875,3.6235,,,,,False,False,False,62.05,39.55,28.1,0.96,1.89,15.57,11.18,23.2,,,,122.28646918857109,15.874824523925781,3.6242041625082493,7.422493849158377,13.836326620982485,0.06979863377833843,0.045838517994028556,0.0678355402034067,0.05055201823795678,0.06515496858774869
lrsw_dora_r16_lr2e4_s44,lrsw,44.0,lrsw_dora_r16_lr2e4,dora,0.4513,-0.3455346664798542,25.27,33.25,64.36,cs,31.36,19.18,40.91,40.02,34.76,31.1158,13.092,0.0002,,,16.0,False,False,True,71.25,82.21,76.36,26.51,67.32,64.35,51.11,75.8,2.1300833117802003,1.8520239240816387,0.27805938769856153,308.6564810399953,31.14971160888672,13.096973049640656,3.445635546910506,9.4028829797146,0.06800907035228447,0.047305944486493764,0.07821254068459729,0.049095888571506055,0.06751511924364942
qwsw_dora_r16_lr1e3_s44,qwsw,44.0,qwsw_dora_r16_lr1e3,dora,1.1426,0.057894219724530224,9.52,26.08,77.36,cs,13.41,5.63,37.57,35.92,37.89,146.5724,27.6076,0.001,,,16.0,False,False,True,66.79,83.51,76.25,81.73,78.77,82.37,68.69,80.8,3.2122994515529837,1.9346918347336524,1.2776076168193313,1086.839752757033,146.56956481933594,27.607108724968775,9.474700431763928,14.703631516276124,0.1260391863222316,0.11865618357711706,0.0738935598026936,0.050617278859967536,0.08526931705907911
lrswm_lorawd_wd0p3_lr5e5_s44,lrswm,44.0,lrswm_lorawd_wd0p3_lr5e5,lorawd,0.2923,-0.5341711846425636,25.81,34.18,41.62,gsm8k,33.37,18.25,31.75,46.16,41.37,12.5347,3.4967,5e-05,0.3,,,False,False,True,,,,,,,,,1.9306757249260715,1.8100692116929957,0.12060651323307581,71.1346730363655,12.55455207824707,3.4977410204708574,2.440613737047055,7.65925888739361,0.06725610925939021,0.055053304080529206,0.11217306065130984,0.05156295924503517,0.07452840235858249
lrswm_clora_k1024_lr3e4_s42,lrswm,42.0,lrswm_clora_k1024_lr3e4,clora,0.3282,-0.4838614232829256,24.02,32.49,49.43,gsm8k,32.5,15.54,29.46,40.96,43.98,16.3749,7.085,0.00030000000000000003,,1024.0,,False,False,True,,,,,,,,,2.2787372986968264,1.8520239240816387,0.42671337461518766,274.51010190836706,16.394893646240234,7.086797436699271,7.6141043285663965,22.344677480252486,0.05796571657482437,0.048803430524136625,0.06362975155745279,0.04953337512402474,0.055675389468849985
frc_milora_lr2e5_c256_s43,frc,43.0,frc_milora_lr2e5_c256,milora,0.1853,-0.7321245806811024,26.32,36.61,42.96,cs,33.62,19.01,46.72,46.5,37.2,4.1362,1.8455,2e-05,,,,False,False,True,62.2,71.6,44.42,20.5,14.21,53.41,51.37,26.0,1.8724108367733303,1.8100692116929957,0.062341625080334584,33.63710442254565,4.140167713165283,1.8461308021098375,2.7289302724859965,9.786776645286027,0.05896246581327043,0.16094617740784092,0.10653813395161844,0.32141677071206043,0.07026443429794763
mtxm_lorawd_wd0p05_s42,mtxm,42.0,mtxm_lorawd_wd0p05,lorawd,0.5353,-0.2714027566165684,22.45,30.98,48.52,gsm8k,31.1,13.8,29.43,38.74,41.84,26.4287,11.8482,,0.05,,,False,False,False,,,,,,,,,2.411248770103749,1.8520239240816387,0.5592248460221101,381.1645625658392,26.435251235961914,11.850989043712616,6.472322851908757,19.81700334136476,0.0653677990062863,0.04820431370594374,0.07335464979474729,0.050481859551332345,0.06467164006479453
lora_wd1p0,lora,,lora_wd1p0,wd1p0,0.1702,-0.7690404442514309,27.35,,69.49,,37.96,16.74,,,,9.9854,2.7177,,,,,False,False,False,66.24,83.79,78.1,80.7,85.24,61.53,53.5,46.8,1.9027991438288892,1.8520239240816387,0.05077521974725041,79.74756097125437,9.985451698303223,2.719005198031664,5.218718201547149,13.428741141123437,0.07567622974976829,0.050107841122185075,0.10604208820820173,0.05211355489130145,0.07911504472516767
qwsw_lora_null_r16_lr1e4_s43,qwsw,43.0,qwsw_lora_null_r16_lr1e4,lora_null,0.1284,-0.8914349762671656,40.51,50.49,86.65,cs,45.37,35.65,71.84,51.45,48.12,9.2424,2.9134,0.0001,,,16.0,False,False,True,71.01,90.21,79.68,92.47,84.93,95.16,88.91,90.8,2.031497771579986,1.9346918347336524,0.09680593684633365,93.23513102856911,9.241456031799316,2.913973101547786,5.754256930658467,14.991979158845805,0.18812675841641058,0.07359681885829703,0.0895057578958775,0.10450011144455307,0.10676898699705913
frc_lorawd_wd0p5_lr7e4_c256_s42,frc,42.0,frc_lorawd_wd0p5_lr7e4_c256,lorawd,0.2963,-0.5282683485199489,26.9,33.11,81.24,cs,34.73,19.08,38.47,37.88,35.37,29.1585,4.6856,0.0007,0.5,,,False,False,True,72.75,83.95,80.5,85.44,85.71,85.86,72.53,83.2,1.9532564445502887,1.8520239240816387,0.10123252046864994,171.22142347827815,29.158222198486328,4.68603927642107,8.973667401197027,21.63389594308475,0.07639898770841375,0.04601865701308161,0.08944704432837461,0.04819384028410066,0.07523934984144366
frc_sclora_lr2e4_c256_s42,frc,42.0,frc_sclora_lr2e4_c256,sclora,0.8047,-0.09436599867304526,16.36,26.04,78.41,cs,26.51,6.2,24.6,39.42,33.48,44.8871,11.2599,0.0002,,,,False,False,True,70.92,81.83,78.71,84.61,81.14,82.24,68.43,79.4,2.5833663415108163,1.8520239240816387,0.7313424174291776,534.2505549370007,44.88642883300781,11.261190274357796,14.74781609604895,32.15329348430104,0.07562263477369019,0.04277349900978419,0.31744188911746446,0.01716779512496388,0.14313505458631917
frc_lora_null_lr5e4_c256_s43,frc,43.0,frc_lora_null_lr5e4_c256,lora_null,1.1827,0.07287459681098879,17.47,24.51,72.97,cs,27.28,7.66,23.55,32.0,32.04,122.3641,21.339,0.0005,,,,False,False,True,67.77,77.86,77.28,76.3,77.9,74.2,57.85,74.6,3.0079479839006567,1.8100692116929957,1.197878772207661,1030.821215063976,122.3624267578125,21.341022855043413,16.37372957874466,30.716627444069534,0.08509381316223315,0.04402801943918577,0.08902390298072038,0.05773716662114101,0.08325453626340491
frc_milora_lr2e5_c256_s44,frc,44.0,frc_milora_lr2e5_c256,milora,0.1873,-0.7274622226247627,26.58,36.78,25.23,cs,33.94,19.21,46.5,47.44,36.8,4.0918,1.8529,2e-05,,,,False,False,True,54.95,21.65,48.21,23.52,2.76,17.72,23.04,10.0,1.9110853242549648,1.8520239240816387,0.05906140017332606,33.785184015035036,4.092660903930664,1.8536075558513403,2.731983802515502,9.781257609893734,0.05860646697541579,0.16122322727538327,0.10707280096064523,0.3209000427185235,0.07032260795935637
frc_lorawdr16_wd0p3_lr5e4_c256_s43,frc,43.0,frc_lorawdr16_wd0p3_lr5e4_c256,lorawdr16,0.3373,-0.47198365881079857,26.52,33.95,77.79,cs,33.77,19.27,43.98,38.4,34.33,20.0763,6.4621,0.0005,0.3,,,False,False,True,60.73,80.79,80.35,83.03,84.06,84.93,69.45,79.0,1.9449003080671965,1.8100692116929957,0.13483109637420077,217.63653274985714,20.076065063476562,6.464376121759415,7.083299444672893,13.330892145120185,0.07220765997454179,0.04660612955530869,0.0852011650137066,0.047771297889415136,0.07138185394755309
grid_k410_v51_dE1_lr1e2,grid,,grid_k410_v51_dE1_lr1e2,k410,0.5231,-0.281415279972564,25.1,,23.22,,32.23,17.97,,,,16.355,5.9656,0.01,,410.0,,False,False,False,56.39,28.78,0.36,16.32,68.82,6.86,3.41,4.8,,,,,,,,,,,,,
qwsw_milora_r32_lr3e4_s42,qwsw,42.0,qwsw_milora_r32_lr3e4,milora,0.3856,-0.41386297476920686,34.3,42.31,80.12,cs,41.02,27.57,62.8,36.77,43.41,19.6131,8.0235,0.00030000000000000003,,,32.0,False,False,True,62.35,86.07,77.79,90.83,85.95,80.6,72.95,84.4,,,,339.6837935506116,19.61924934387207,8.024195884806769,11.2184763969165,26.035096208681075,0.08761687722995316,0.20042478426300742,0.06103094912044295,0.12605071313152938,0.06149798655478334
frm_lorawd_wd0p1_lr3e4_c512_s43,frm,43.0,frm_lorawd_wd0p1_lr3e4_c512,lorawd,0.6574,-0.18217030025439443,21.87,31.29,67.32,math_faithful,31.12,12.62,30.79,35.92,46.0,73.1984,9.5504,0.00030000000000000003,0.1,,,False,False,True,,,,,,,,,2.4496605141837553,1.8100692116929957,0.6395913024907596,508.09279739643307,73.19715118408203,9.55097905099392,20.913454555784888,49.68232084587207,0.0728871966725302,0.04631229521570909,0.07729116923758118,0.04945980627430988,0.07063764850343288
lrsw_milora_r32_lr2e5_s42,lrsw,42.0,lrsw_milora_r32_lr2e5,milora,0.1729,-0.7622050067260775,26.25,36.57,70.19,cs,33.77,18.73,45.14,47.18,38.03,2.9702,1.3293,2e-05,,,32.0,False,False,True,61.13,79.11,76.82,68.32,70.24,77.95,61.77,66.2,1.907960317818916,1.8520239240816387,0.05593639373727721,23.64781149438308,2.9742729663848877,1.3296919230371713,2.7796403155243956,9.70407164875215,0.052712858944067874,0.26815193745241006,0.1225201121632616,0.23158200864912026,0.07178644289453728
dora_r8_s44,dora,44.0,dora_r8,r8,0.5246,-0.28017171374566524,25.12,,54.02,,32.25,17.99,,,,36.6278,16.6785,,,,8.0,False,False,False,51.71,46.19,63.77,66.02,45.07,62.5,53.67,43.2,2.134928863367804,1.8520239240816387,0.2829049392861651,376.26773788905035,36.66225051879883,16.683357602357866,3.142274234876953,6.162057332574221,0.06698967719832107,0.04671149944114631,0.07583812639522484,0.04893041269096809,0.06660132079637925
brl_lora_r16_lr3e4_s42,brl,42.0,brl_lora_r16_lr3e4,lora,0.2576,-0.5890541413122254,26.47,37.29,44.68,medmcqa,32.36,20.58,50.06,45.48,37.98,10.3517,6.4432,0.00030000000000000003,,,16.0,False,False,False,,,,,,,,,,,,104.17860375906119,10.351499557495117,6.536395942171414,2.6640214770596744,6.847186846829428,0.0900924215338928,0.052481224215673854,0.09183347197236298,0.056767412802097364,0.08944276217367976
mtx_lorawd_wd0p1_s44,mtx,44.0,mtx_lorawd_wd0p1,lorawd,0.56,-0.25181197299379954,23.02,29.12,80.71,cs,29.98,16.05,31.12,38.05,30.38,41.2336,12.3382,,0.1,,,False,False,False,71.8,85.15,78.97,90.25,83.43,83.96,68.34,83.8,2.213101031576702,1.8520239240816387,0.3610771074950634,413.87139034838435,41.232505798339844,12.339885997772218,7.358938463381706,21.001732100993845,0.0702912926974246,0.04659828388947367,0.07527322286291341,0.04894814099908939,0.06774886831412913
grid_k256_v256_dE1_lr1e2,grid,,grid_k256_v256_dE1_lr1e2,k256,0.283,-0.5482135644757098,26.12,,50.84,,32.7,19.53,,,,20.8028,5.4794,0.01,,256.0,,False,False,False,66.67,65.29,43.45,61.38,72.85,35.52,30.97,30.6,,,,,,,,,,,,,
lrsw_lorawd_wd0p3_lr2e5_s43,lrsw,43.0,lrsw_lorawd_wd0p3_lr2e5,lorawd,0.2158,-0.6659485596531082,26.5,36.45,56.48,cs,33.33,19.68,46.46,46.25,36.55,5.8066,2.1266,2e-05,0.3,,,False,False,True,4.59,78.07,75.08,26.28,66.61,72.77,55.46,73.0,2.0838732387972225,1.8100692116929957,0.2738040271042268,35.723630254842035,5.819927215576172,2.1279801458120344,1.4849791334254754,3.5813026468365172,0.06380436915508785,0.04817018609764244,0.12928146289800332,0.06339448068946135,0.0796865978044386
frm_clora_k64_lr3e4_c256_s44,frm,44.0,frm_clora_k64_lr3e4_c256,clora,1.1357,0.05526362578418403,19.21,27.67,58.45,math_faithful,28.69,9.72,23.65,30.38,45.89,30.5931,16.1689,0.00030000000000000003,,64.0,,False,False,True,,,,,,,,,3.4851015656296864,1.8100692116929957,1.6750323539366907,985.4315121166427,30.59406089782715,16.16949906349182,25.300455005596778,54.87678050543049,0.06501164816849482,0.04625329998635516,0.06732422336095036,0.05052005212010991,0.06327233729855286
qwswm_clora_k1024_lr2e4_s44,qwswm,44.0,qwswm_clora_k1024_lr2e4,clora,0.0832,-1.079876673709276,43.56,53.75,65.96,gsm8k,45.31,41.82,71.91,52.99,56.73,9.7624,1.8183,0.0002,,1024.0,,False,False,True,,,,,,,,,2.021400842681564,1.9346918347336524,0.08670900794791159,88.98205028188693,9.770277976989746,1.8187222357768145,11.068457826640378,25.20470181316944,0.05223931481534321,0.045351171535424464,0.05760919531452175,0.04754671320389466,0.04492970539761493
qwswm_lorawd_wd0p3_lr5e4_s42,qwswm,42.0,qwswm_lorawd_wd0p3_lr5e4,lorawd,0.1241,-0.9062282185012701,45.06,53.5,65.35,gsm8k,48.01,42.1,71.34,50.77,55.28,10.5678,2.4121,0.0005,0.3,,,False,False,True,,,,,,,,,,,,125.67370100460515,10.56441879272461,2.412546719397817,15.663368135593188,28.14505744872932,0.11275681903761806,0.09777644325343703,0.06486569582731176,0.046381581522782454,0.0700198356116206
lrswm_dora_r16_lr1e4_s44,lrswm,44.0,lrswm_dora_r16_lr1e4,dora,0.32,-0.494850021680094,24.98,33.67,42.08,gsm8k,33.21,16.75,31.0,44.54,42.83,18.9338,6.0154,0.0001,,,16.0,False,False,True,,,,,,,,,2.049861135147065,1.8100692116929957,0.2397919234540693,124.09285327896015,18.969247817993164,6.017787933349609,2.500017510823516,6.807988006621012,0.06854470217478172,0.052261874328631996,0.09319627466298971,0.04974255742781212,0.07041463394814838
qwswm_lora_r16_lr1e3_s42,qwswm,42.0,qwswm_lora_r16_lr1e3,lora,0.5871,-0.23128791962233644,8.88,33.36,67.32,gsm8k,15.96,1.8,52.57,44.71,51.76,42.5072,15.1548,0.001,,,16.0,False,False,True,,,,,,,,,,,,708.9265959551644,42.50639343261719,15.15339879649026,11.454628634635734,15.477245196894417,0.10875959580033294,0.09205212966656355,0.06247563419273398,0.048033658292273,0.06827379977233554
lrsw_sclora_r32_lr2e4_s42,lrsw,42.0,lrsw_sclora_r32_lr2e4,sclora,1.1421,0.057704131534029604,10.22,22.63,77.7,cs,18.75,1.7,23.56,32.94,36.21,28.4941,9.5701,0.0002,,,32.0,False,False,True,70.28,82.05,78.51,83.8,82.95,80.77,65.27,78.0,2.9423312473230903,1.8520239240816387,1.0903073232414515,397.4449400883026,28.49264144897461,9.570716512203216,11.223449171677087,32.929743120150825,0.1116034956883153,0.04034234133296473,0.5258629335247013,0.014529614961354641,0.2024525934948997
lrsw_clora_k1024_lr5e3_s44,lrsw,44.0,lrsw_clora_k1024_lr5e3,clora,191.106,2.2812743224604835,1.17,20.17,0.22,cs,0.0,2.34,22.95,26.62,48.94,28530.0234,973.8857,0.005,,1024.0,,True,False,True,0.0,0.0,0.51,0.0,0.0,0.51,0.34,0.4,9.797876705271966,1.8100692116929957,7.98780749357897,48224.32956180886,28530.1796875,974.3456619430333,1.1429104854815917,1.4563932250729903,0.07002446181431457,0.05880425805100952,0.20829748226650935,0.04355511638838316,0.11073848012745145
clora_k1024_fast,clora,,clora_k1024_fast,k1024,0.4568,-0.34027390476220837,25.57,,79.87,,35.07,16.07,,,,21.9637,9.7477,,,1024.0,,False,False,False,71.13,82.54,79.89,89.51,82.79,82.7,69.2,81.2,,,,,,,,,,,,,
e1_dora_f040_s43,e1,43.0,e1_dora_f040,dora,0.4208,-0.37592426885431734,26.42,35.54,28.62,cs,33.91,18.93,43.62,45.65,35.61,73.708,8.1669,,,,,False,False,False,61.71,41.84,13.2,12.37,38.83,22.47,15.78,22.8,,,,267.1729322109541,73.70738983154297,8.16867080628872,6.919113359409619,13.254408068457835,0.08683485338193248,0.045219767261079444,0.07780975589262737,0.05002084139884948,0.07833499108763135
qwsw_sclora_r32_lr5e4_s43,qwsw,43.0,qwsw_sclora_r32_lr5e4,sclora,0.704,-0.1524273408578878,6.7,21.14,83.35,cs,12.64,0.76,23.91,29.27,39.14,33.2248,11.2879,0.0005,,,32.0,False,False,True,71.19,86.02,79.73,90.54,82.72,90.4,79.01,87.2,3.3440180765505167,1.9346918347336524,1.4093262418168644,630.8388555904844,33.248809814453125,11.289678234713419,17.53236485396959,33.58880053200064,0.10822436353981377,0.10711122384115607,0.12542822435630058,0.03968247486239815,0.09817965089223045
lrsw_clora_k1024_lr5e4_s43,lrsw,43.0,lrsw_clora_k1024_lr5e4,clora,0.6307,-0.20017716900668017,21.84,29.78,78.53,cs,31.67,12.01,37.37,35.07,32.77,28.1897,12.6674,0.0005,,1024.0,,False,False,True,70.24,82.81,79.48,86.64,82.24,80.22,65.44,81.2,2.517226521367381,1.8520239240816387,0.665202597285742,556.3963826587493,28.179479598999023,12.668399849534035,11.37038590786712,25.60896702763247,0.058194311834927015,0.04630552616082692,0.06112398782828561,0.04909940613186255,0.056200493211416284
qwswm_milora_r32_lr1e3_s43,qwswm,43.0,qwswm_milora_r32_lr1e3,milora,45.7398,1.6602942612963905,0.0,19.26,0.0,gsm8k,0.0,0.0,22.95,25.85,47.52,2115.3064,144.4121,0.001,,,32.0,True,False,True,,,,,,,,,10.063321464710288,1.9346918347336524,8.128629629976636,3617.010970168597,2115.33935546875,144.49626017638616,1.3751000900838384,2.620451247433989,0.1443395780243061,0.17231793752461202,0.08694593269925036,0.06939274836778006,0.09389902554710605
lrswm_sclora_r32_lr2e5_s44,lrswm,44.0,lrswm_sclora_r32_lr2e5,sclora,0.1596,-0.7969671129852893,25.81,33.2,40.26,gsm8k,33.64,17.98,27.7,46.42,40.25,3.8224,1.2187,2e-05,,,32.0,False,False,True,,,,,,,,,1.9615575964532066,1.8100692116929957,0.15148838476021087,43.495723359801474,3.822772979736328,1.2190500600263476,9.029931001496712,32.84542920629793,0.10192287271071557,0.036469287048862306,0.5436056236923016,0.007810248348093312,0.19215659210969827
lrswm_dora_r16_lr3e4_s42,lrswm,42.0,lrswm_dora_r16_lr3e4,dora,0.4904,-0.30944953848964135,23.3,30.83,46.93,gsm8k,31.35,15.26,27.38,38.57,41.57,33.728,13.4408,0.00030000000000000003,,,16.0,False,False,True,,,,,,,,,2.294905685727723,1.8520239240816387,0.4428817616460843,365.47052164140314,33.76801681518555,13.451130256056786,4.439645895742562,11.167945305393538,0.06542341733693946,0.04838373259226572,0.07462378352038485,0.04987537927774566,0.06475718864258674
mtx_sclora_b0p7_s42,mtx,42.0,mtx_sclora_b0p7,sclora,0.8403,-0.07556563645676932,14.96,24.56,78.37,cs,22.92,6.99,23.86,36.43,32.62,27.8834,10.4571,,,,,False,False,False,70.49,83.13,78.81,85.81,81.93,80.81,66.81,79.2,2.498470917942766,1.8520239240816387,0.6464469938611273,503.2641303982748,27.882503509521484,10.457958573102951,14.859207048062071,34.981539819487956,0.09370054713407915,0.040793076959637485,0.3309907728938255,0.023146585078438187,0.151962636443982
lrsw_clora_k1024_lr1e3_s44,lrsw,44.0,lrsw_clora_k1024_lr1e3,clora,1.0545,0.023046584075505198,16.21,24.47,71.8,cs,25.96,6.46,25.29,29.35,35.29,36.7739,18.1765,0.001,,1024.0,,False,False,True,67.06,77.04,76.66,73.93,77.35,73.44,56.74,72.2,2.837698837301153,1.8100692116929957,1.0276296256081572,869.0289397998957,36.77561950683594,18.179606145620347,16.046680614763286,27.904853581486837,0.06329137418355904,0.04607456570580132,0.06224247677354506,0.05052834504241104,0.06026252044277409
mtxm_lora_r8_s42,mtxm,42.0,mtxm_lora_r8,lora,0.4799,-0.3188492500675786,24.05,33.05,42.91,gsm8k,31.84,16.26,35.1,40.36,41.7,34.4676,13.0622,,,,8.0,False,False,False,,,,,,,,,2.1376208856658323,1.8520239240816387,0.28559696158419356,303.79947728856274,34.54140090942383,13.066895109415054,3.221824698563134,6.261273936914831,0.06610783425107913,0.04842606574965223,0.07709918587135407,0.049427449800170414,0.06557341275232578
frm_lorawd_wd0p3_lr3e4_c256_s42,frm,42.0,frm_lorawd_wd0p3_lr3e4_c256,lorawd,0.3294,-0.48227640516626447,25.16,34.5,65.05,math_faithful,33.47,16.84,39.13,40.27,42.79,32.2544,4.5927,0.00030000000000000003,0.3,,,False,False,True,,,,,,,,,2.1244257650721896,1.8520239240816387,0.27240184099055087,217.98250376015787,32.254600524902344,4.593106506764888,16.212038269181097,42.556589066930634,0.0773970469051459,0.047255026967984004,0.08915342362698962,0.048269398241270446,0.07590106186304674
lrsw_milorawd_wd0p3_r32_lr5e4_s42,lrsw,42.0,lrsw_milorawd_wd0p3_r32_lr5e4,milorawd,0.2963,-0.5282683485199489,26.66,34.68,80.22,cs,34.71,18.62,44.9,39.76,35.39,24.7275,5.468,0.0005,0.3,,32.0,False,False,True,61.71,82.32,80.71,90.49,84.85,86.03,72.01,83.6,1.959038602556362,1.8100692116929957,0.14896939086336625,186.80085805827224,24.727468490600586,5.468607085943222,7.881218101497125,20.97642989586162,0.07424516199987358,0.06522999289054454,0.08777080972362424,0.06505683598836058,0.07352677907787086
lrsw_milora_r32_lr5e4_s43,lrsw,43.0,lrsw_milora_r32_lr5e4,milora,0.8585,-0.06625970050306466,21.27,27.48,76.96,cs,29.24,13.3,27.09,36.01,31.76,144.397,20.851,0.0005,,,32.0,False,False,True,70.03,78.4,78.4,83.84,78.37,79.97,67.06,79.6,2.5658613428720956,1.8100692116929957,0.7557921311790998,710.4747902018032,144.39671325683594,20.852521306276323,9.011080198131195,20.713421982797342,0.07147446914330693,0.060925055488614384,0.06737753296984286,0.06791551179137656,0.06515177835487862
qwsw_sclora_r32_lr1e4_s43,qwsw,43.0,qwsw_sclora_r32_lr1e4,sclora,0.2994,-0.5237482039929664,36.22,44.58,87.32,cs,43.48,28.96,66.89,38.82,44.74,8.5567,2.9557,0.0001,,,32.0,False,False,True,74.74,89.72,79.63,94.91,86.5,95.2,86.86,91.0,,,,158.1658705406787,8.556611061096191,2.9559180089405603,14.61659053409486,37.768130577987115,0.10269842151900445,0.12367953180061828,0.2275031898083889,0.02764774360152646,0.12447428356388561
frm_clora_k256_lr3e4_c256_s43,frm,43.0,frm_clora_k256_lr3e4_c256,clora,1.0094,0.004063300397667094,18.85,27.91,60.2,math_faithful,28.75,8.95,26.29,30.72,44.82,26.0615,14.1927,0.00030000000000000003,,256.0,,False,False,True,,,,,,,,,3.2009744409387126,1.8100692116929957,1.390905229245717,872.8098613945909,26.063535690307617,14.193432092666626,25.322690443337677,54.24995891412674,0.06397892273695854,0.04611705136416925,0.06562970686017543,0.050321611420400744,0.061749308386998256
qwsw_lora_null_r16_lr2e4_s43,qwsw,43.0,qwsw_lora_null_r16_lr2e4,lora_null,0.1969,-0.7057542838618818,39.72,47.08,87.14,cs,45.58,33.86,70.44,40.44,45.09,14.3234,5.2928,0.0002,,,16.0,False,False,True,74.01,89.93,80.09,91.94,85.16,95.41,88.4,92.2,,,,188.68101651961558,14.347345352172852,5.294052273035049,6.821793659997519,15.250411613546659,0.16115407333446471,0.07656148420897724,0.08144463968927616,0.08939336278461447,0.09250359186954288
frc_clora_k512_lr3e4_c256_s44,frc,44.0,frc_clora_k512_lr3e4_c256,clora,0.5411,-0.26672246606741823,23.18,31.46,79.74,cs,31.41,14.94,39.92,36.35,34.66,21.9908,11.1581,0.00030000000000000003,,512.0,,False,False,True,70.76,81.83,81.47,85.88,82.79,83.5,69.11,82.6,2.3653134915187173,1.8520239240816387,0.5132895674370785,426.2818749195234,21.987247467041016,11.159408354759217,8.250801516439951,23.32356332495161,0.06093185712074445,0.04647940044592454,0.06520096439406058,0.049020465329132575,0.05883659083514863
fr_k1024_v512_dE0_lr1e2,fr,,fr_k1024_v512_dE0_lr1e2,k1024,0.4024,-0.395342027952129,24.94,,37.53,,35.71,14.17,,,,9.9437,4.43,0.01,,1024.0,,False,False,False,62.11,36.29,40.23,8.86,63.14,37.04,25.17,27.4,,,,,,,,,,,,,
qwswm_lora_null_r16_lr1e3_s44,qwswm,44.0,qwswm_lora_null_r16_lr1e3,lora_null,0.3703,-0.4314462879505574,38.54,49.07,70.81,gsm8k,44.19,32.9,64.88,50.51,52.86,27.8072,10.0152,0.001,,,16.0,False,False,True,,,,,,,,,2.347688649587524,1.9346918347336524,0.41299681485387163,471.5190935002936,27.825929641723633,10.015469838891711,11.636854078736803,16.375781757036926,0.11598701151604124,0.09091438569346084,0.06412677661129268,0.07156597660437163,0.07388631148277448
qwswm_lora_null_r16_lr3e4_s42,qwswm,42.0,qwswm_lora_null_r16_lr3e4,lora_null,0.1159,-0.935916564036404,42.37,53.2,70.36,gsm8k,43.97,40.77,72.11,52.47,56.67,10.5711,3.1786,0.00030000000000000003,,,16.0,False,False,True,,,,,,,,,,,,129.9135661416105,10.582337379455566,3.178966346808842,9.523494003516745,18.210862042583997,0.1569569870982855,0.08213869614160667,0.0787508704009231,0.11483224577352921,0.09212782941603176
lrsw_dora_r16_lr1e3_s43,lrsw,43.0,lrsw_dora_r16_lr1e3,dora,3.7383,0.5726741507390642,15.74,24.4,68.48,cs,25.77,5.72,22.95,33.62,33.93,1045.0509,53.2968,0.001,,,16.0,True,False,True,64.56,75.68,75.84,64.18,74.98,69.28,53.5,69.8,6.478256812813985,1.8100692116929957,4.668187601120989,2150.0411348115103,1045.0484619140625,53.29489673376084,8.002109509755426,13.151293482367013,0.13187263463146207,0.045067667914299364,0.10326895004540834,0.0503256471569637,0.11470520977181063
brl_lora_r16_lr1e3_s42,brl,42.0,brl_lora_r16_lr1e3,lora,0.7774,-0.1093554637047524,19.4,31.64,17.57,medmcqa,27.46,11.34,43.18,38.57,37.66,71.6832,19.337,0.001,,,16.0,False,False,False,,,,,,,,,,,,437.8131484737415,71.68258666992188,21.026399190227192,4.549334267515436,10.980580573622023,0.09438127035362263,0.0498779365143826,0.0881831054859889,0.056727794541705026,0.08976615853997677
lrsw_lora_r16_lr1e3_s42,lrsw,42.0,lrsw_lora_r16_lr1e3,lora,1.4165,0.15121657885645604,17.41,24.83,66.59,cs,26.85,7.97,23.19,32.34,33.8,200.4489,31.5775,0.001,,,16.0,False,False,True,63.06,75.63,76.46,52.66,73.16,68.98,54.18,68.6,2.91487949817428,1.8520239240816387,1.0628555740926413,1243.8867824539025,200.44456481933594,31.575725281238554,9.954050236458706,15.000326896358601,0.07849143279010716,0.04620187182440518,0.06653735935943204,0.052616046223459965,0.06991438201202756
qwswm_lorawd_wd0p3_lr1e4_s44,qwswm,44.0,qwswm_lorawd_wd0p3_lr1e4,lorawd,0.0633,-1.1985962899826448,44.61,53.85,63.46,gsm8k,46.87,42.35,72.28,50.17,57.58,4.7896,1.5379,0.0001,0.3,,,False,False,True,,,,,,,,,1.990124176447888,1.9346918347336524,0.05543234171423572,46.21005608664883,4.794134140014648,1.538607910488333,5.662736443111139,19.207471241532453,0.1244901723869877,0.10511766687223482,0.07143003576451686,0.050347069510879916,0.07664550142971539
d1_leaky_lr3e3,d1,,d1_leaky_lr3e3,leaky,0.241,-0.6179829574251317,26.61,,29.75,,37.04,16.18,,,,3.2021,1.7601,0.003,,,,False,False,False,60.18,27.8,17.81,3.81,61.4,24.12,19.11,23.8,,,,,,,,,,,,,
qwswm_dora_r16_lr2e5_s42,qwswm,42.0,qwswm_dora_r16_lr2e5,dora,0.0394,-1.4045037781744258,43.64,53.58,55.88,gsm8k,47.98,39.3,72.07,51.28,57.25,2.313,0.546,2e-05,,,16.0,False,False,True,,,,,,,,,,,,11.270461415657964,2.3164453506469727,0.5464219814432519,2.3178456859202425,6.554295225778997,0.12409454820749664,0.10526006899692672,0.10299080219664182,0.05525434085985382,0.08454815963007672
lora_cs_r32_repro,lora,,lora_cs_r32_repro,cs,0.7435,-0.12871902714202693,22.62,29.59,79.09,cs,30.84,14.4,31.17,35.92,35.64,63.2895,17.7104,,,,32.0,False,False,False,71.31,83.19,79.79,87.71,81.85,81.27,68.43,79.2,2.4726158035712507,1.8520239240816387,0.6205918794896119,591.9959063616772,63.28824234008789,17.711471611261366,7.456616426785691,21.389260678463195,0.06887568840268238,0.046268082926452875,0.07038229214226005,0.049861619325920974,0.06555149818366353
frc_lorawd_wd0p1_lr3e4_c256_s43,frc,43.0,frc_lorawd_wd0p1_lr3e4_c256,lorawd,0.5415,-0.2664015390386609,24.24,31.59,80.81,cs,31.24,17.25,37.3,37.2,34.97,43.9474,12.2985,0.00030000000000000003,0.1,,,False,False,True,71.44,84.93,80.3,90.65,82.24,84.3,70.39,82.2,2.1996029608989036,1.8100692116929957,0.3895337492059079,415.87651758895504,43.94644546508789,12.30048838853836,7.449631662227281,21.028102639878465,0.06968798657977908,0.04650764494906385,0.07502216834948923,0.04895239752318479,0.06746433192068844
qwswm_lora_r32_lr15e5_s42,qwswm,42.0,qwswm_lora_r32_lr15e5,lora,0.105,-0.978810700930062,44.18,53.91,54.81,gsm8k,45.77,42.59,71.84,52.13,57.24,8.5945,2.7101,0.00015000000000000001,,,32.0,False,False,True,,,,,,,,,2.04148291014371,1.9346918347336524,0.10679107541005761,94.39560311122024,8.603654861450195,2.7111356811864034,7.568078523097956,22.19350019316251,0.11836777917514436,0.10147514872391075,0.06494825304591262,0.05028600332072085,0.07176821101868479
frc_lora_null_lr1e4_c256_s44,frc,44.0,frc_lora_null_lr1e4_c256,lora_null,0.31,-0.5086383061657274,25.71,34.53,69.3,cs,34.02,17.4,44.89,41.38,34.97,13.475,5.9243,0.0001,,,,False,False,True,71.68,83.3,77.79,91.35,43.96,61.53,49.57,75.2,2.0793003906824934,1.8100692116929957,0.26923117898949767,218.3103437291595,13.476339340209961,5.925748305022717,8.723741945826852,30.509191592560683,0.12102286429869448,0.04066594255386646,0.13353172303551625,0.06962618442939654,0.1089853913555696
grid_k2048_v1024_dE1_lr1e2,grid,,grid_k2048_v1024_dE1_lr1e2,k2048,0.7205,-0.1423660148499919,24.09,,47.4,,33.22,14.96,,,,20.7846,6.4555,0.01,,2048.0,,False,False,False,60.49,59.52,54.96,17.37,52.01,48.99,39.25,46.6,,,,,,,,,,,,,
uioT_k2048_lr5e3,other,,uioT_k2048_lr5e3,k2048,0.4668,-0.33086915262666744,25.11,,47.61,,32.81,17.41,,,,4.1933,2.5332,0.005,,2048.0,,False,False,False,61.68,70.78,33.01,18.72,60.85,49.54,41.13,45.2,,,,,,,,,,,,,
qwsw_sclora_r32_lr3e4_s43,qwsw,43.0,qwsw_sclora_r32_lr3e4,sclora,0.5346,-0.2719710455794816,29.0,37.15,85.43,cs,36.77,21.23,53.39,37.03,37.35,22.8149,7.3402,0.00030000000000000003,,,32.0,False,False,True,73.49,88.14,79.99,93.52,85.32,94.02,82.17,86.8,2.702189448798115,1.9346918347336524,0.7674976140644625,419.6673703859587,22.820789337158203,7.34161188687597,17.219234522005213,35.109592709288506,0.10438930573171573,0.11531857021157749,0.1635467404589546,0.03372013879349403,0.10683339139163237
frc_clora_k512_lr3e4_c256_s43,frc,43.0,frc_clora_k512_lr3e4_c256,clora,0.5413,-0.2665619729089387,22.09,29.18,79.2,cs,30.55,13.63,32.32,37.03,32.35,23.0597,11.23,0.00030000000000000003,,512.0,,False,False,True,71.65,82.86,78.86,88.64,81.85,82.32,67.24,80.2,2.3062219308036,1.8100692116929957,0.4961527191106041,427.1351348077743,23.06119728088379,11.231320896744728,8.143385601586635,23.238090768006128,0.06087800647115825,0.04648113653355572,0.06532512307610264,0.048857648160282666,0.058835673376995974
qwswm_milora_r32_lr1e3_s42,qwswm,42.0,qwswm_milora_r32_lr1e3,milora,0.654,-0.1844222516757327,7.26,29.58,62.17,gsm8k,14.04,0.49,45.57,36.43,51.39,48.1106,12.8886,0.001,,,32.0,False,False,True,,,,,,,,,,,,729.2546893565143,48.109649658203125,12.890594287429536,18.125170455476916,30.160471237722692,0.10245678049179285,0.10935333332091364,0.061158494426248024,0.07054705362351568,0.06717509846581543
qwsw_lora_r16_lr2e5_s42,qwsw,42.0,qwsw_lora_r16_lr2e5,lora,0.1096,-0.9601894458516497,38.12,50.31,86.0,cs,46.29,29.96,71.6,54.86,48.84,4.8844,1.231,2e-05,,,16.0,False,False,True,70.4,89.55,79.07,92.16,84.77,95.03,88.65,88.4,,,,23.593829136932783,4.89112663269043,1.2324194380215236,1.5639919201680343,3.4195177923406805,0.10147852181113347,0.08858576973874714,0.1165835841563819,0.060067869451471814,0.0785329564995846
frc_lorawd_wd0p1_lr7e4_c256_s42,frc,42.0,frc_lorawd_wd0p1_lr7e4_c256,lorawd,0.8594,-0.06580465065211559,20.75,27.12,77.08,cs,29.04,12.46,24.86,34.56,34.68,103.7369,14.1611,0.0007,0.1,,,False,False,True,69.45,80.41,78.97,85.07,80.11,79.21,63.4,80.0,2.4346622995910696,1.8520239240816387,0.5826383755094309,642.693313156939,103.73568725585938,14.163102117180824,14.829611803876011,27.662858251737447,0.07615208092336703,0.04562949794839713,0.07439447457950746,0.049368679848820485,0.07146202761699359
lrswm_sclora_r32_lr5e4_s44,lrswm,44.0,lrswm_sclora_r32_lr5e4,sclora,0.9775,-0.009883233932095567,18.27,26.74,55.65,math_faithful,27.69,8.86,23.72,32.51,40.92,48.0999,12.2726,0.0005,,,32.0,False,False,True,,,,,,,,,3.00237033510051,1.8520239240816387,1.1503464110188713,610.669223096069,48.09846115112305,12.274189952015877,15.833327264592828,34.20094899465894,0.09925467372090654,0.040906269300167636,0.30069715254063645,0.028297936463572145,0.1463638347754813
qwsw_lorawd_wd0p3_lr1e4_s44,qwsw,44.0,qwsw_lorawd_wd0p3_lr1e4,lorawd,0.1383,-0.8591778198906894,40.61,50.77,86.64,cs,45.98,35.24,71.51,53.24,47.89,11.5625,3.5291,0.0001,0.3,,,False,False,True,69.91,89.34,79.07,95.06,85.79,95.24,87.71,91.0,,,,100.36036411991161,11.572782516479492,3.530925220676831,4.1189178639143895,14.264557980759545,0.11656480200974416,0.09248897441672387,0.0808885565815429,0.04723703732664881,0.07464303980970945
lrsw_clora_k1024_lr2e3_s43,lrsw,43.0,lrsw_clora_k1024_lr2e3,clora,1.8852,0.27535743108759814,6.25,21.34,56.22,cs,10.95,1.55,23.27,27.47,43.47,110.4241,29.0992,0.002,,1024.0,,False,False,True,61.5,64.58,68.78,41.47,63.46,50.59,40.19,59.2,3.9599003132983506,1.8100692116929957,2.149831101605355,1440.0083371911815,110.42224884033203,29.10265708565712,16.650767946984313,29.255469881100122,0.0727327482976182,0.04784879607512377,0.06949464442350115,0.051173681552747055,0.06996892081075944
frm_clora_k128_lr3e4_c256_s44,frm,44.0,frm_clora_k128_lr3e4_c256,clora,1.109,0.044931546149160055,19.2,28.1,60.58,math_faithful,29.4,8.99,24.92,29.18,47.99,29.7421,15.3401,0.00030000000000000003,,128.0,,False,False,True,,,,,,,,,3.341031830999706,1.8100692116929957,1.5309626193067103,940.3612022115982,29.744190216064453,15.34062565267086,25.53030195261686,54.710747209487415,0.06485247439563839,0.046094592982436566,0.06675420252319053,0.05043842460959651,0.06284487347677739
lrswm_clora_k1024_lr5e4_s44,lrswm,44.0,lrswm_clora_k1024_lr5e4,clora,0.4962,-0.3043432400638097,22.34,30.87,46.25,gsm8k,30.18,14.5,28.96,37.71,42.98,21.4521,9.6694,0.0005,,1024.0,,False,False,True,,,,,,,,,2.464094345042527,1.8520239240816387,0.612070420960888,424.91280676905853,21.456695556640625,9.670600449293852,10.24609403578034,24.939093167762177,0.05751486131540625,0.04723692633940168,0.06164349744567784,0.04954626791191059,0.05529958242330855
lrswm_lora_r16_lr1e4_s44,lrswm,44.0,lrswm_lora_r16_lr1e4,lora,0.3184,-0.49702694093436856,25.06,33.14,42.53,gsm8k,33.11,17.0,29.13,43.43,43.02,17.1395,6.0466,0.0001,,,16.0,False,False,True,,,,,,,,,2.0807175013566215,1.8100692116929957,0.27064828966362575,124.63201145631508,17.168222427368164,6.049093353748321,2.512966702380777,6.80653458149207,0.06872322766344827,0.05235107570019117,0.09315594677148381,0.04992828533038434,0.07048281958057957
lrswm_clora_k1024_lr1e4_s44,lrswm,44.0,lrswm_clora_k1024_lr1e4,clora,0.2032,-0.6920762963881184,25.54,33.03,44.12,gsm8k,33.5,17.59,27.7,44.11,42.27,10.5786,3.8221,0.0001,,1024.0,,False,False,True,,,,,,,,,1.9877269145858156,1.8100692116929957,0.1776577028928199,110.2658712800532,10.58021068572998,3.823643383011222,4.405620463329548,15.765660921166242,0.061838940194504526,0.05421854010186715,0.07442568500966679,0.05143973450481714,0.05965634812724491
qwswm_milora_r32_lr5e4_s44,qwswm,44.0,qwswm_milora_r32_lr5e4,milora,0.297,-0.5272435506827877,39.75,50.27,67.02,gsm8k,45.32,34.19,66.65,51.19,54.02,18.5357,5.7994,0.0005,,,32.0,False,False,True,,,,,,,,,,,,280.77314409333667,18.53559112548828,5.8002967353378025,14.851803475363633,29.802781002107917,0.08935343130542496,0.17767176604885965,0.056639299517097175,0.12810862757543803,0.0608463760318364
lrswm_dora_r16_lr2e5_s42,lrswm,42.0,lrswm_dora_r16_lr2e5,dora,0.3267,-0.4858508655245626,25.18,33.8,33.28,gsm8k,33.96,16.41,30.55,46.67,41.43,7.1279,2.0826,2e-05,,,16.0,False,False,True,,,,,,,,,1.9189572264331938,1.8520239240816387,0.06693330235155504,33.11993345860088,7.146727561950684,2.0845887679606676,1.2923299635100218,2.3406225752857566,0.05918019644183675,0.049792047613897585,0.1763405685185214,0.050561495104553475,0.08624950023717068
grid_k1024_v1024_dE0_lr1e2,grid,,grid_k1024_v1024_dE0_lr1e2,k1024,0.1381,-0.8598063214213687,28.26,,42.92,,37.67,18.86,,,,7.293,1.2649,0.01,,1024.0,,False,False,False,48.5,75.08,45.14,33.8,51.78,43.52,25.34,20.2,,,,,,,,,,,,,
mtx_lora_r16_s45,mtx,45.0,mtx_lora_r16,lora,0.6392,-0.19436323369406502,24.18,31.36,79.23,cs,32.15,16.22,35.51,37.54,35.38,43.8139,17.3894,,,,16.0,False,False,False,71.71,82.43,78.81,88.91,80.9,83.67,70.05,77.4,2.292482114140658,1.8100692116929957,0.4824129024476622,469.0041094064029,43.855350494384766,17.40171970129013,4.60847951547318,11.390797452529991,0.06768016764834797,0.04617378127157662,0.0729399738725832,0.04949247568263262,0.06584839539293452
frm_milora_lr5e4_c256_s44,frm,44.0,frm_milora_lr5e4_c256,milora,2.6923,0.4301234512002894,5.61,21.67,50.95,math_faithful,11.2,0.03,23.27,25.26,48.59,330.011,36.4541,0.0005,,,,False,False,True,,,,,,,,,5.962066925695594,1.8100692116929957,4.151997714002598,2375.462965552076,330.0030517578125,36.454166972637175,29.57321991400502,56.20537719980448,0.08138285582721945,0.046995581836252964,0.0818568788976536,0.058477755237873665,0.08095821313620653
lrswm_lora_r16_lr2e5_s42,lrswm,42.0,lrswm_lora_r16_lr2e5,lora,0.3309,-0.4803032328401469,26.07,33.91,33.89,gsm8k,34.94,17.2,30.4,46.08,40.95,6.9483,2.0766,2e-05,,,16.0,False,False,True,,,,,,,,,1.9127797898096406,1.8520239240816387,0.060755865728001845,33.150829391102945,6.9657745361328125,2.0784238394349814,1.3151479045550043,2.4023813317589497,0.059617615730363144,0.05071641619810908,0.17447630758084795,0.04979269869415238,0.08599654653350784
lrswm_sclora_r32_lr1e4_s43,lrswm,43.0,lrswm_sclora_r32_lr1e4,sclora,0.3906,-0.4082677610481644,22.53,32.24,59.36,math_faithful,30.32,14.74,29.14,41.72,45.28,9.8388,3.4728,0.0001,,,32.0,False,False,True,,,,,,,,,2.1463121395241505,1.8100692116929957,0.3362429278311547,145.139948140522,9.840492248535156,3.473185317963362,11.474711538620328,35.54048223410675,0.10199966212924094,0.037438845165141954,0.5030430748349557,0.010478959554835864,0.18338561730629552
qwswm_lorawd_wd0p3_lr2e5_s44,qwswm,44.0,qwswm_lorawd_wd0p3_lr2e5,lorawd,0.0379,-1.4213607900319276,43.38,53.42,57.47,gsm8k,47.41,39.35,72.16,50.94,57.25,2.4027,0.5557,2e-05,0.3,,,False,False,True,,,,,,,,,1.9541583478080493,1.9346918347336524,0.01946651307439695,13.155535246605123,2.405874013900757,0.556014488105263,3.4033082339586693,13.666612852668473,0.12426000538278757,0.10777909770060909,0.09046763377266995,0.05527013218149319,0.08150677459761291
qwsw_lorawd_wd0p3_lr2e4_s43,qwsw,43.0,qwsw_lorawd_wd0p3_lr2e4,lorawd,0.1816,-0.7408841558149337,39.76,47.59,85.88,cs,45.4,34.12,70.6,40.78,47.05,12.4385,4.427,0.0002,0.3,,,False,False,True,62.29,88.63,80.04,95.47,87.37,95.2,87.8,90.2,2.113493893680148,1.9346918347336524,0.1788020589464958,160.7307734974903,12.435505867004395,4.427981261696134,6.863909986468262,19.88616657144918,0.11577798084776415,0.09154549673597753,0.07597554336207149,0.04494760062091588,0.07303685059172381
qwsw_milora_r32_lr5e5_s43,qwsw,43.0,qwsw_milora_r32_lr5e5,milora,0.1295,-0.8877302315827293,39.42,50.37,86.9,cs,46.89,31.96,70.94,53.07,48.98,6.5251,1.5986,5e-05,,,32.0,False,False,True,72.08,90.59,80.09,94.72,83.03,95.33,88.74,90.6,2.11507770439978,1.9346918347336524,0.1803858696661278,49.652400575941,6.526878356933594,1.5989117171083178,7.302481813338949,24.518854626792866,0.047021154873411124,0.47496666047385555,0.06441127977095508,0.2770275581085801,0.0426384650048044
qwsw_lora_r16_lr2e4_s42,qwsw,42.0,qwsw_lora_r16_lr2e4,lora,0.2626,-0.5807052782465394,37.67,46.55,86.78,cs,43.03,32.31,68.09,42.83,46.48,23.9483,8.2027,0.0002,,,16.0,False,False,True,73.82,89.5,79.17,94.88,85.95,94.23,87.29,89.4,,,,250.1306523872398,23.959115982055664,8.209623445783343,4.827059264908628,11.714989627787077,0.11337203589701692,0.09117113397730887,0.07008866474933778,0.046336008576137754,0.07042388677905737
qwsw_lorawd_wd0p3_lr3e4_s43,qwsw,43.0,qwsw_lorawd_wd0p3_lr3e4,lorawd,0.2097,-0.6784015695346561,41.44,47.16,86.99,cs,46.63,36.24,70.34,38.48,44.12,12.2293,4.5059,0.00030000000000000003,0.3,,,False,False,True,73.7,89.77,80.96,95.56,86.58,94.15,87.03,88.2,2.1393137107339553,1.9346918347336524,0.2046218760003029,195.0556085294214,12.2454833984375,4.50667670411723,9.639109061127385,23.585653205621597,0.11531316665879651,0.0910271168357523,0.07461879751236211,0.044362721752014875,0.07246654813647385
mtx_lorawd_wd0p05_s43,mtx,43.0,mtx_lorawd_wd0p05,lorawd,0.6482,-0.18829097330380884,23.64,31.94,79.56,cs,30.7,16.57,37.02,38.99,36.42,44.6665,14.6914,,0.05,,,False,False,False,71.65,82.32,80.14,88.64,83.11,82.15,68.69,79.8,2.359898980994862,1.8520239240816387,0.5078750569132233,491.12292342045623,44.665428161621094,14.693434247374535,7.3072967869928664,21.15498403926802,0.06946613514581279,0.04636916227842418,0.07270833139517302,0.04936558275741984,0.06658605056447357
qwsw_lora_null_r16_lr3e4_s44,qwsw,44.0,qwsw_lora_null_r16_lr3e4,lora_null,0.2693,-0.5697636465884897,37.7,45.24,76.54,cs,45.37,30.04,68.26,39.93,42.58,19.2533,7.5458,0.00030000000000000003,,,16.0,False,False,True,73.21,84.49,79.12,28.9,84.53,90.07,83.79,88.2,2.2700915034344256,1.9346918347336524,0.3353996687007732,287.3372562389511,19.249549865722656,7.5474767352853505,7.68743482071513,15.315673748071642,0.14400143353665312,0.07978538341000661,0.07621463537256247,0.0799410449067124,0.08438254153672109
frc_milora_a1r_lr3e4_c256_s42,frc,42.0,frc_milora_a1r_lr3e4_c256,milora,0.5432,-0.2650402387275547,24.72,33.64,79.85,cs,32.5,16.95,43.09,39.76,35.91,48.5074,15.6114,0.00030000000000000003,,,,False,False,True,71.35,82.64,79.63,89.27,83.58,84.05,69.28,79.0,2.261508517512025,1.8520239240816387,0.4094845934303861,420.20305580964055,48.50727462768555,15.613604140281677,5.930291500394581,16.244204981295127,0.06798420820445789,0.08275718854391786,0.0725626703349235,0.08648955137417752,0.06577212109036806
grid_k410_v410_dE1_lr2e2,grid,,grid_k410_v410_dE1_lr2e2,k410,0.3129,-0.5045944368538067,25.69,,39.34,,33.97,17.41,,,,47.9028,5.552,0.02,,410.0,,False,False,False,62.26,61.59,31.78,4.79,73.01,33.21,27.65,20.4,,,,,,,,,,,,,
qwswm_lorawd_wd0p3_lr1e3_s42,qwswm,42.0,qwswm_lorawd_wd0p3_lr1e3,lorawd,15.7605,1.1975699913132085,0.0,20.28,0.0,gsm8k,0.0,0.0,24.92,27.3,49.2,1425.5997,41.7707,0.001,0.3,,,True,False,True,,,,,,,,,,,,1860.710407381228,1425.93505859375,41.807130221011384,1.0589337332148174,1.1603283642396134,0.1683622465457381,0.2063633216774079,0.1039338951806521,0.06486656490170538,0.11019164006330642
mtx_sclora_b0p5_s44,mtx,44.0,mtx_sclora_b0p5,sclora,1.4158,0.15100190799283128,5.96,21.03,74.87,cs,11.3,0.62,23.29,34.81,35.15,35.0293,12.9591,,,,,False,False,False,68.29,79.49,76.61,76.64,79.56,78.16,62.8,77.4,4.593912012689634,1.8520239240816387,2.741888088607995,565.1403152182245,35.03663635253906,12.95990719795227,12.485267519383708,33.0742605707472,0.109307045627094,0.041334976367021936,0.44950020113916467,0.020053447911517648,0.18983249807683908
b4_sclora_r32_lr1e4_s45,b4,45.0,b4_sclora_r32_lr1e4,sclora,0.3685,-0.4335625078049297,26.39,34.55,80.82,cs,33.97,18.81,41.85,41.21,36.9,9.8414,4.0278,0.0001,,,32.0,False,False,False,72.23,83.3,79.79,90.18,83.66,85.19,70.82,81.4,2.0565499419172095,1.8100692116929957,0.2464807302242138,165.76406458739305,9.84228229522705,4.028562813997269,11.213651710383914,37.01395824315984,0.07957861544734374,0.037886549762314946,0.2516355049348648,0.01669158880624375,0.12903713061650118
lrsw_lora_null_r16_lr1e4_s42,lrsw,42.0,lrsw_lora_null_r16_lr1e4,lora_null,0.2243,-0.6491707264170322,27.42,36.56,47.29,cs,35.65,19.2,47.54,44.54,35.89,9.1964,3.7908,0.0001,,,16.0,False,False,True,52.78,66.87,31.47,33.53,71.19,44.87,41.04,36.6,1.9436718973071125,1.8520239240816387,0.0916479732254738,111.16265909472796,9.206001281738281,3.791239795088768,5.5691220813346565,16.742437112682996,0.14975306362485963,0.03143749666033924,0.08381794802339465,0.055203698395969204,0.109986483164738
mtx_clora_k2048_s43,mtx,43.0,mtx_clora_k2048,clora,0.3375,-0.4717262228329563,25.08,34.08,79.97,cs,33.56,16.6,43.34,40.36,36.52,18.7346,8.3213,,,2048.0,,False,False,False,71.1,82.59,79.63,90.38,82.79,83.63,68.26,81.4,2.1506142425743566,1.8520239240816387,0.2985903184927179,292.60275676674445,18.752347946166992,8.325213581323624,6.006503576611063,18.977241663204808,0.05440076410076114,0.04853302535758041,0.06084066092195868,0.048617655020982614,0.05274582170023776
frc_milora_lr2e4_c256_s43,frc,43.0,frc_milora_lr2e4_c256,milora,0.5202,-0.28382965214014605,24.16,33.08,80.19,cs,31.22,17.1,42.02,39.33,35.72,36.3879,15.0914,0.0002,,,,False,False,True,71.25,83.62,78.61,90.06,82.56,85.35,69.71,80.4,2.206997280840006,1.8100692116929957,0.39692806914701007,400.3502824791923,36.387428283691406,15.093638241291046,5.756912787958296,15.936990856087888,0.0674049649848605,0.06852310794569823,0.07061547776722926,0.11989871387900537,0.06490043229580827
mtxm_lorawd_wd0p05_s44,mtxm,44.0,mtxm_lorawd_wd0p05,lorawd,0.5179,-0.28575408898210597,22.65,31.47,48.45,gsm8k,30.46,14.84,30.84,39.76,41.47,24.8068,11.6815,,0.05,,,False,False,False,,,,,,,,,2.270302885901972,1.8100692116929957,0.4602336742089761,381.9597812497994,24.812639236450195,11.683720621466637,6.693395433633304,20.1528023695566,0.06630543803274447,0.04837722626683119,0.07353740876342633,0.05022735643651817,0.06519710207658189
lrsw_lorawd_wd0p3_lr3e4_s43,lrsw,43.0,lrsw_lorawd_wd0p3_lr3e4,lorawd,0.3499,-0.45605605751709355,26.64,34.3,79.61,cs,34.23,19.04,45.61,40.19,32.41,26.4847,7.1276,0.00030000000000000003,0.3,,,False,False,True,62.23,82.7,80.25,91.59,82.48,85.98,69.45,82.2,1.997637208817239,1.8100692116929957,0.1875679971242432,234.83436080613222,26.48444175720215,7.1293730065226555,6.920613789277418,19.38556450393637,0.07188112458740506,0.04741484203466147,0.0839771660041214,0.04836960932895668,0.07089943623856507
frm_sclora_lr1e4_c256_s43,frm,43.0,frm_sclora_lr1e4_c256,sclora,0.8535,-0.06879647454924756,18.11,27.63,61.03,math_faithful,27.4,8.83,23.87,35.15,42.89,39.5431,9.162,0.0001,,,,False,False,True,,,,,,,,,3.0188906520857137,1.8520239240816387,1.166866728004075,542.3661141750941,39.54452133178711,9.162318581342697,23.796731665861397,62.957565174653475,0.08189721487230445,0.04201885844798673,0.40938323061373216,0.012422674783594337,0.16789593536307781
frc_lora_r8_lr3e4_c256_s43,frc,43.0,frc_lora_r8_lr3e4_c256,lora,0.5068,-0.29516339378859624,24.95,32.98,78.95,cs,32.47,17.43,40.9,37.71,36.41,43.7104,16.5702,0.00030000000000000003,,,8.0,False,False,True,71.9,82.7,79.79,82.47,81.77,83.54,69.2,80.2,2.083911906542193,1.8100692116929957,0.2738426948491972,375.13086268629627,43.7655029296875,16.575232738256453,3.1561595603466577,6.1563852705978475,0.06701757089408229,0.04627853855338125,0.07528297557382152,0.04898287282494015,0.06625312035874525
grid_k410_v410_dE1_lr1e2,grid,,grid_k410_v410_dE1_lr1e2,k410,0.2788,-0.5547072305740282,26.42,,48.15,,36.11,16.74,,,,19.8899,4.6681,0.01,,410.0,,False,False,False,62.17,74.43,38.89,42.38,74.35,36.62,30.97,25.4,,,,,,,,,,,,,
qwswm_lora_r16_lr5e5_s42,qwswm,42.0,qwswm_lora_r16_lr5e5,lora,0.0517,-1.2865094569060576,43.56,53.33,62.4,gsm8k,47.21,39.91,72.09,50.77,56.67,3.8444,1.0801,5e-05,,,16.0,False,False,True,,,,,,,,,,,,25.500941959965253,3.8480682373046875,1.0808496040957314,3.270226546368853,9.027241812822508,0.12458996401649876,0.1049219143520037,0.08077511875929465,0.05238887524081166,0.078958374125909
mtx_lorawd_wd1p0_s42,mtx,42.0,mtx_lorawd_wd1p0,lorawd,0.1648,-0.783042792638903,27.87,35.79,59.43,cs,35.34,20.4,46.4,41.21,35.62,9.3922,2.7321,,1.0,,,False,False,False,59.88,80.2,46.47,85.01,84.45,41.67,36.35,41.4,1.9025820983776158,1.8520239240816387,0.05055817429597709,79.67440961539687,9.401347160339355,2.7330815576016905,5.158595670149546,13.412053447299792,0.07610827759352616,0.04991734947526413,0.10573817008148818,0.05173632413795362,0.07913246481863781
d1_clean_lr3e3,d1,,d1_clean_lr3e3,clean,0.2656,-0.5757719293040201,25.68,,41.83,,36.17,15.18,,,,11.9423,2.42,0.003,,,,False,False,False,65.84,42.55,48.36,2.6,45.78,55.3,40.19,34.0,,,,,,,,,,,,,
frc_clora_k512_lr3e4_c256_s45,frc,45.0,frc_clora_k512_lr3e4_c256,clora,0.502,-0.29929628285498067,24.16,31.47,79.49,cs,32.04,16.29,39.12,36.86,33.06,24.5229,11.1135,0.00030000000000000003,,512.0,,False,False,True,71.8,83.41,79.43,89.41,81.53,82.87,68.86,78.6,2.2962442237403358,1.8100692116929957,0.48617501204734004,427.056839490937,24.52274513244629,11.114915603399277,8.383942808382479,23.418004666902824,0.06098135881376707,0.04649438319476531,0.06534634485026627,0.04889100810310341,0.05887233826773482
dora_r16,dora,,dora_r16,r16,0.6779,-0.16883436609055755,22.38,,75.83,,31.6,13.17,,,,70.054,17.9181,,,,,False,False,False,71.04,62.95,79.53,78.53,81.69,83.08,66.98,82.8,2.263354369469115,1.8520239240816387,0.4113304453874762,481.6837477871821,70.0535888671875,17.93109384775162,4.606599265171265,11.33745003612693,0.07410076779609506,0.046150415331167406,0.07489307678212405,0.04923524982193502,0.06958919625727053
frm_lorawd_wd0p2_lr5e4_c512_s43,frm,43.0,frm_lorawd_wd0p2_lr5e4_c512,lorawd,0.5629,-0.2495687513397978,23.1,30.87,64.52,math_faithful,30.73,15.47,30.7,37.8,39.63,62.4313,6.9345,0.0005,0.2,,,False,False,True,,,,,,,,,2.295273541591932,1.8100692116929957,0.48520432989893636,373.239602859791,62.43124771118164,6.93479564934969,21.856809230790073,49.85503649099165,0.08013359920905526,0.04538095763419583,0.08981020221854713,0.04774077557513326,0.07867747660662171
frc_lorawd_wd0_lr5e4_c256_s43,frc,43.0,frc_lorawd_wd0_lr5e4_c256,lorawd,1.1542,0.062281069972643884,17.51,24.69,73.49,cs,26.88,8.14,23.01,32.94,32.48,153.1895,22.5878,0.0005,0.0,,,False,False,True,68.1,78.07,78.86,77.49,77.98,74.07,57.17,76.2,2.8223460397372393,1.8100692116929957,1.0122768280442436,972.5457294723305,153.18605041503906,22.590540498495102,13.089032290458734,26.36528194306241,0.0736590053633289,0.045801907587142095,0.06784333475091973,0.051014778884726775,0.0673506555617083
b4_sclora_r32_lr2e5_s43,b4,43.0,b4_sclora_r32_lr2e5,sclora,0.1519,-0.8184422261372136,27.3,37.19,77.34,cs,35.46,19.14,46.28,47.7,37.37,3.2785,1.2288,2e-05,,,32.0,False,False,False,71.71,82.97,78.76,76.02,81.06,83.67,67.32,77.2,1.8852794528445407,1.8100692116929957,0.07521024115154495,39.055474186415935,3.278437614440918,1.2289305336773395,8.115812142069977,34.01031543427336,0.08271230639158884,0.035852279701730376,0.29193424439053195,0.013356318230528694,0.1414429405248256
qwsw_clora_k1024_lr2e5_s43,qwsw,43.0,qwsw_clora_k1024_lr2e5,clora,0.0832,-1.079876673709276,37.9,51.07,84.08,cs,45.92,29.89,71.23,58.02,50.3,4.4957,1.0588,2e-05,,1024.0,,False,False,True,62.35,88.68,79.32,89.23,83.82,93.81,87.2,88.2,1.9963763936370789,1.9346918347336524,0.0616845589034265,25.641487035752466,4.496969223022461,1.0595146114692657,2.1124575838614934,7.27012766137503,0.05287251780343774,0.03933223211174396,0.08781918868213223,0.059887133946545226,0.05200888653691908
frc_lorawd_wd0p2_lr1e3_c256_s43,frc,43.0,frc_lorawd_wd0p2_lr1e3_c256,lorawd,0.6321,-0.19921420967223738,24.02,31.03,79.82,cs,31.9,16.15,35.15,37.71,34.23,59.3315,9.51,0.001,0.2,,,False,False,True,71.1,82.7,80.6,89.56,81.93,83.04,68.26,81.4,2.1513264618285732,1.8100692116929957,0.3412572501355775,422.0933046902252,59.3304328918457,9.511450278759003,13.525618180598016,27.253915783018204,0.07655805390583682,0.045173482710366725,0.0807468765575767,0.048370876587292964,0.07456464666796163
lrsw_lora_r16_lr2e5_s43,lrsw,43.0,lrsw_lora_r16_lr2e5,lora,0.2249,-0.6480105445643678,26.6,36.51,62.24,cs,33.84,19.35,44.96,46.16,38.25,4.8921,1.9412,2e-05,,,16.0,False,False,True,51.59,73.88,68.27,37.14,58.96,77.19,60.07,70.8,1.8581929820647831,1.8100692116929957,0.04812377037178739,30.458935133341264,4.9011969566345215,1.943097174912691,1.2645595553330873,2.2419423639049048,0.062163320100824135,0.04763446589074634,0.13486172492551154,0.06179463296236832,0.08018562169504492
mtx_sclora_b0p1_s42,mtx,42.0,mtx_sclora_b0p1,sclora,1.4032,0.1471195760219653,11.94,22.74,75.75,cs,23.51,0.37,23.33,32.51,33.98,43.2185,12.9341,,,,,False,False,False,69.48,80.14,78.25,80.87,79.79,77.36,61.35,78.8,3.5875463667686214,1.8520239240816387,1.7355224426869826,568.2658754468013,43.22140121459961,12.934431210160255,12.447901543352069,33.09244880386951,0.11071776794649744,0.04118542160052838,0.45242691031534255,0.020207804939971156,0.19119380832106597
lrswm_sclora_r32_lr3e4_s44,lrswm,44.0,lrswm_sclora_r32_lr3e4,sclora,0.7064,-0.15094930943048782,19.3,28.51,57.16,math_faithful,28.75,9.84,24.01,36.26,43.67,18.2789,7.8619,0.00030000000000000003,,,32.0,False,False,True,,,,,,,,,2.633939188366392,1.8100692116929957,0.8238699766733963,374.1978613599612,18.278823852539062,7.8625416025519375,14.22603399155376,35.41790806095053,0.10133638810603009,0.039615180117834194,0.3936893319005169,0.01987298471889609,0.16475820345962416
frc_lora_r32_lr3e4_c256_s42,frc,42.0,frc_lora_r32_lr3e4_c256,lora,0.7393,-0.13117929380248264,22.19,29.82,73.46,cs,30.86,13.52,32.89,37.2,34.62,60.154,17.637,0.00030000000000000003,,,32.0,False,False,True,70.95,81.66,79.17,47.88,81.45,80.43,66.55,79.6,2.4503866519613258,1.8520239240816387,0.598362727879687,593.0909417841382,60.152992248535156,17.639408084750176,7.536649904388737,21.475716886571078,0.0693250151169291,0.04618823050925272,0.07036222469788307,0.04999000498422501,0.06562185121737585
frc_sclora_lr5e4_c256_s42,frc,42.0,frc_sclora_lr5e4_c256,sclora,1.4014,0.14656211315755666,15.13,23.96,68.99,cs,25.02,5.24,23.08,32.34,34.1,162.3406,22.1587,0.0005,,,,False,False,True,64.86,76.5,76.1,62.35,76.24,70.08,54.61,71.2,3.199555857402742,1.8520239240816387,1.347531933321103,1115.87188430853,162.3389129638672,22.160464012622832,17.381338359474015,31.755367383048064,0.07933190777975262,0.04388055344545063,0.1809721373905178,0.03546352070128537,0.11457036305636711
frc_lorawdr16_wd0p3_lr3e4_c256_s43,frc,43.0,frc_lorawdr16_wd0p3_lr3e4_c256,lorawdr16,0.3336,-0.4767739580342989,27.25,35.84,71.95,cs,34.79,19.71,46.82,41.47,36.41,18.3984,6.8558,0.00030000000000000003,0.3,,,False,False,True,62.17,81.77,78.81,85.69,83.27,60.82,56.66,66.4,1.9429365609114821,1.8100692116929957,0.13286734921848642,188.15928698760413,18.427288055419922,6.86176868379116,4.521827150580712,10.910365083181524,0.07102439264315757,0.04807303061053384,0.08773345774650511,0.048305908248354984,0.07134855018796177
frc_lorawd_wd0p3_lr2e5_c256_s42,frc,42.0,frc_lorawd_wd0p3_lr2e5_c256,lorawd,0.214,-0.6695862266508091,26.52,36.35,23.5,cs,33.77,19.27,46.16,46.5,36.04,5.2881,2.1264,2e-05,0.3,,,False,False,True,56.02,13.17,35.21,15.55,4.34,24.79,26.28,12.6,2.125922977971927,1.8520239240816387,0.27389905389028835,35.671465758865004,5.290235996246338,2.1280425008386374,1.4895409501807095,3.61618314510707,0.0642521784568281,0.047961960134317014,0.12986529603401892,0.06303501292200593,0.08022519860645971
frm_lorawd_wd0p1_lr7e4_c256_s43,frm,43.0,frm_lorawd_wd0p1_lr7e4_c256,lorawd,1.2164,0.08507641147209453,17.86,26.91,57.01,math_faithful,26.75,8.97,24.33,30.29,44.22,100.619,13.8827,0.0007,0.1,,,False,False,True,,,,,,,,,3.4671137322620282,1.8100692116929957,1.6570445205690325,840.4923832610343,100.61640930175781,13.883026173710823,26.522821602020173,54.494538163207295,0.08061483606747692,0.04508045889813922,0.09225915829320634,0.04790166538009818,0.0829609665360664
frc_lora_null_lr1e4_c256_s42,frc,42.0,frc_lora_null_lr1e4_c256,lora_null,0.3105,-0.507938395487401,24.08,33.25,51.06,cs,32.7,15.45,44.56,41.64,31.91,13.5754,5.9409,0.0001,,,,False,False,True,72.91,35.26,42.89,85.86,77.9,25.46,18.0,50.2,2.124705683811734,1.8520239240816387,0.27268175973009523,218.10898896691563,13.578371047973633,5.94238872230053,8.680966754140785,30.502969359632218,0.12120869823221,0.040761395286099227,0.13343500857318188,0.06968153002613361,0.10908858264009524
mtx_dora_r16_s44,mtx,44.0,mtx_dora_r16,dora,0.6434,-0.19151894343404902,23.51,31.99,62.64,cs,31.67,15.35,41.28,38.31,33.34,41.676,17.5778,,,,16.0,False,False,False,70.61,80.41,32.96,32.4,72.93,75.0,61.18,75.6,2.257656307747009,1.8520239240816387,0.40563238366537036,476.5014398750852,41.692813873291016,17.590901470184328,4.664567855573381,11.437288282987561,0.07041233457923318,0.04639492363576343,0.07377969608381069,0.04941457792149049,0.06751232726647267
qwsw_dora_r16_lr2e5_s42,qwsw,42.0,qwsw_dora_r16_lr2e5,dora,0.1084,-0.9649707177976319,37.67,49.97,86.11,cs,46.17,29.18,71.56,54.61,48.31,4.6738,1.2232,2e-05,,,16.0,False,False,True,66.15,89.34,79.27,94.24,85.24,95.45,89.16,90.0,,,,23.761134115920772,4.6818928718566895,1.224660653195211,1.6039943000152415,3.560285359204591,0.10082121913425253,0.0893680584246734,0.11535566468554578,0.06099179080757913,0.07778503698844424
lrsw_clora_k1024_lr1e4_s45,lrsw,45.0,lrsw_clora_k1024_lr1e4,clora,0.2137,-0.6701954778359306,26.59,36.15,27.63,cs,33.87,19.31,47.66,43.09,36.83,12.42,4.8934,0.0001,,1024.0,,False,False,True,29.51,19.48,37.15,34.47,2.05,34.47,30.55,33.4,2.0403210007574097,1.8520239240816387,0.188297076675771,131.22202772684096,12.432546615600586,4.894570638239384,3.7476194105359215,13.700977787105034,0.06224023842989834,0.05168550546602227,0.0738765591468829,0.05156226383514502,0.060529149859544315
qwsw_milora_r32_lr2e4_s45,qwsw,45.0,qwsw_milora_r32_lr2e4,milora,0.2874,-0.5415132362017931,36.76,44.96,86.6,cs,42.91,30.61,66.39,39.42,45.46,15.5036,5.6218,0.0002,,,32.0,False,False,True,73.3,89.5,79.68,94.89,84.14,94.74,86.52,90.0,2.4081391674741335,1.9346918347336524,0.4734473327404811,217.47908562511003,15.501022338867188,5.622372551901,9.69598280484661,25.422530802650936,0.07804608962889699,0.2617977464284952,0.061219891728761494,0.1651071620332638,0.058309434069089575
mtx_lora_r128_s42,mtx,42.0,mtx_lora_r128,lora,1.2701,0.10383791602560985,14.23,23.49,70.89,cs,21.69,6.77,22.97,30.38,35.64,156.5133,20.176,,,,128.0,False,False,False,66.12,76.33,77.33,69.79,76.4,71.13,56.66,73.4,3.3128791204047427,1.8520239240816387,1.460855196323104,1021.9323988741608,156.51898193359375,20.176603776216506,20.06428315120872,68.50451284671415,0.07650742247241847,0.04608489429543029,0.07064071123275015,0.050582206382752855,0.07040178839647175
qwsw_lora_r16_lr1e3_s44,qwsw,44.0,qwsw_lora_r16_lr1e3,lora,0.8609,-0.06504729218214192,6.02,21.58,72.59,cs,11.93,0.11,24.48,30.8,40.6,112.5974,20.86,0.001,,,16.0,False,False,True,66.61,79.33,76.36,75.82,77.11,69.15,55.72,80.6,3.22347943445354,1.9346918347336524,1.2887875997198877,904.5996540128033,112.59574127197266,20.860004199402674,10.371544241103877,15.27382046731722,0.12109478662823803,0.09279093714838425,0.06701360007371578,0.050933846509968635,0.07838899319670761
qwswm_milora_r32_lr2e5_s43,qwswm,43.0,qwswm_milora_r32_lr2e5,milora,0.0469,-1.3288271572849168,43.3,53.43,44.58,gsm8k,46.08,40.53,72.07,51.79,56.66,1.3732,0.3676,2e-05,,,32.0,False,False,True,,,,,,,,,1.9329557776889112,1.8790178806577968,0.0539378970311144,11.804065095691886,1.373526930809021,0.3676596800131457,7.768868647717239,28.87909209575602,0.03665904132395611,0.5715004297302485,0.060161378055941066,0.37058298765481623,0.02623587949452242
qwswm_sclora_r32_lr5e5_s42,qwswm,42.0,qwswm_sclora_r32_lr5e5,sclora,0.107,-0.9706162223147904,43.95,53.78,76.35,gsm8k,47.96,39.94,71.62,54.52,54.86,3.0754,0.919,5e-05,,,32.0,False,False,True,,,,,,,,,,,,46.22693285458266,3.0759100914001465,0.9190523394516537,14.36362526387377,38.53886938527906,0.1543108027602641,0.1030295528392541,0.39263606976961746,0.0242009526798313,0.17080570437071796
frc_milora_lr2e4_c256_s45,frc,45.0,frc_milora_lr2e4_c256,milora,0.537,-0.27002571430044436,25.12,32.91,72.82,cs,32.79,17.45,43.73,37.12,33.46,39.3353,15.1453,0.0002,,,,False,False,True,40.55,83.79,69.55,85.05,72.85,83.08,68.69,79.0,2.2177196020515866,1.8100692116929957,0.40765039035859085,400.92894775204036,39.33525085449219,15.147343236207963,5.719724668268509,15.922575015453056,0.06826707669016853,0.06838152508384501,0.07049012038024027,0.11958461387019119,0.06518303594893757
frm_lorawd_wd0p1_lr5e4_c512_s42,frm,42.0,frm_lorawd_wd0p1_lr5e4_c512,lorawd,0.918,-0.03715731879875755,20.01,29.24,64.52,math_faithful,28.71,11.3,26.88,33.45,45.85,86.1062,11.4263,0.0005,0.1,,,False,False,True,,,,,,,,,2.7838834770622456,1.8520239240816387,0.9318595529806069,672.8005339051026,86.10332489013672,11.426521554589272,25.809250890651658,54.315494541658985,0.0783604026574157,0.045189656536577506,0.08448768467896482,0.048612721765185815,0.07717789107260668
qwswm_lorawd_wd0p3_lr5e5_s43,qwswm,43.0,qwswm_lorawd_wd0p3_lr5e5,lorawd,0.0473,-1.3251388592621884,43.62,53.61,61.87,gsm8k,46.92,40.31,71.92,51.88,57.04,3.5733,1.0122,5e-05,0.3,,,False,False,True,,,,,,,,,1.9695485898396234,1.9346918347336524,0.03485675510597108,27.04583384202429,3.574488878250122,1.012652554575886,4.590815505607578,17.21594595544558,0.12676192067690734,0.10675061210754053,0.07479362246145359,0.05297944753385838,0.07810744433872782
frm_lorawd_wd0p1_lr2e4_c256_s43,frm,43.0,frm_lorawd_wd0p1_lr2e4_c256,lorawd,0.5083,-0.29387989029729644,24.18,31.86,65.2,math_faithful,32.79,15.58,30.25,37.63,43.03,51.4271,8.6503,0.0002,0.1,,,False,False,True,,,,,,,,,2.3374868962331568,1.8100692116929957,0.527417684540161,396.1641163157783,51.427913665771484,8.651148276031018,14.519829728392631,42.82785163455119,0.07015278046400014,0.04748824829786062,0.07506811626945176,0.05003725973415413,0.0680329514829161
lrswm_dora_r16_lr1e3_s43,lrswm,43.0,lrswm_dora_r16_lr1e3,dora,2.2162,0.345608950540594,19.28,26.68,33.51,gsm8k,29.38,9.19,22.99,26.88,44.98,420.4177,36.5227,0.001,,,16.0,False,False,True,,,,,,,,,4.143608802145036,1.8100692116929957,2.33353959045204,1398.7460023363042,420.4073791503906,36.52120270729065,9.201462605445368,14.219974035427745,0.09508505216215792,0.04560273813314155,0.0849972542570205,0.04976050511657253,0.08624917691527216
mtx_sclora_r64_s43,mtx,43.0,mtx_sclora_r64,sclora,1.5971,0.20333210968170606,3.45,19.6,71.58,cs,6.83,0.07,23.42,31.66,36.0,37.4545,13.4771,,,,64.0,False,False,False,69.08,78.94,77.79,64.48,77.35,73.57,56.66,74.8,5.876467914942882,1.8520239240816387,4.0244439908612435,721.521632530069,37.454254150390625,13.477783194184303,19.754848875868092,62.97221232103423,0.10521224799208537,0.041552349401798826,0.4153437531374444,0.02094226409561254,0.18150146887471233
frm_lorawd_wd0p1_lr5e4_c256_s43,frm,43.0,frm_lorawd_wd0p1_lr5e4_c256,lorawd,0.941,-0.026410376572743116,20.07,28.63,60.35,math_faithful,30.07,10.06,25.91,31.06,46.05,103.3963,11.8789,0.0005,0.1,,,False,False,True,,,,,,,,,2.8393792897976735,1.8100692116929957,1.0293100781046778,684.6990871432689,103.39370727539062,11.87923304438591,25.323890096984535,53.903182899617946,0.0788600360265711,0.04523741333489065,0.08458465637237161,0.04858698756645712,0.07765507610391678
mtx_sclora_b0p3_s43,mtx,43.0,mtx_sclora_b0p3,sclora,1.4447,0.15977767278724844,9.78,22.45,75.53,cs,19.49,0.07,23.66,33.02,36.02,46.9531,13.2943,,,,,False,False,False,68.81,80.14,78.45,80.7,79.87,77.57,61.69,77.0,3.8453785279958095,1.8520239240816387,1.9933546039141707,571.1771365997267,46.959014892578125,13.29487724006176,12.054138367580258,32.77460414885911,0.11126321285215217,0.041251534835979306,0.45923963790959804,0.01993341842080782,0.19290614094004976
frc_sclora_lr5e4_c256_s45,frc,45.0,frc_sclora_lr5e4_c256,sclora,1.4302,0.15539677370485075,14.91,24.8,69.05,cs,23.13,6.69,22.92,33.62,37.64,177.7115,22.232,0.0005,,,,False,False,True,65.29,74.21,76.51,67.02,74.66,69.82,55.46,69.4,3.1958222789087607,1.8100692116929957,1.385753067215765,1118.359681281179,177.70559692382812,22.233742010593414,17.352618632735837,31.702400760413482,0.07995203797577692,0.04388204471263834,0.1811373241339976,0.035581302320816674,0.11500448568022069
frc_lorawd_wd0p1_lr1e4_c256_s43,frc,43.0,frc_lorawd_wd0p1_lr1e4_c256,lorawd,0.272,-0.5654310959658013,26.7,35.91,80.89,cs,33.48,19.91,47.53,41.89,36.74,18.5424,7.108,0.0001,0.1,,,False,False,True,72.35,84.11,78.25,90.43,83.5,84.76,70.9,82.8,1.9576008136003142,1.8100692116929957,0.1475316019073185,160.46318405444032,18.568126678466797,7.109349381923676,3.1096454742449713,10.98983448269571,0.07078916360146499,0.04938424560522818,0.08679079680765633,0.05001646286616882,0.0707505881006629
qwsw_clora_k1024_lr3e4_s42,qwsw,42.0,qwsw_clora_k1024_lr3e4,clora,0.2865,-0.5428753736965912,36.65,44.75,86.12,cs,42.34,30.95,65.9,39.08,45.5,24.4184,6.7247,0.00030000000000000003,,1024.0,,False,False,True,73.21,88.63,79.07,94.3,85.48,94.36,84.73,89.2,,,,355.69272132319406,24.410154342651367,6.72578961115765,11.096480742895961,25.984719747602643,0.05186364031971803,0.043206869845911634,0.05686589994861155,0.044134542459783044,0.04330866871847473
mtx_clora_k1024_s43,mtx,43.0,mtx_clora_k1024,clora,0.4306,-0.3659259745125316,25.01,33.59,61.83,cs,32.97,17.05,42.69,38.14,37.11,18.5957,9.7672,,,1024.0,,False,False,False,62.48,77.37,54.04,39.18,76.32,69.53,57.51,58.2,2.267012824351382,1.8520239240816387,0.41498890026974333,370.7904457483967,18.59791374206543,9.769170285761357,7.7265899784947445,22.34549724794266,0.05868108187114871,0.047225832618437893,0.06381338611700434,0.048695903591805194,0.056642462548681896
frc_clora_k256_lr3e4_c256_s43,frc,43.0,frc_clora_k256_lr3e4_c256,clora,0.5696,-0.24443001937120004,24.18,32.88,78.61,cs,32.31,16.05,40.61,38.31,37.12,27.3839,12.1964,0.00030000000000000003,,256.0,,False,False,True,71.83,81.5,79.84,83.59,82.48,83.33,66.55,79.8,2.3140700907075584,1.8100692116929957,0.5040008790145627,466.822218956205,27.4075984954834,12.19767756164074,8.637434339162308,23.719205522500133,0.06245304674245749,0.04607580391213604,0.06635121529658773,0.04905915354569497,0.060391962645941585
frm_lora_null_lr2e4_c256_s44,frm,44.0,frm_lora_null_lr2e4_c256,lora_null,0.8942,-0.04856533446798701,18.93,27.33,61.18,math_faithful,29.06,8.81,24.25,33.28,41.24,93.2208,13.3267,0.0002,,,,False,False,True,,,,,,,,,3.0892301652184107,1.8100692116929957,1.279160953525415,793.67780729921,93.23082733154297,13.327209740877151,25.73636696448705,61.96694403014796,0.08968093125673322,0.0423615405472483,0.09390778696942464,0.058945467580481636,0.08521828052715893
lrsw_dora_r16_lr3e4_s42,lrsw,42.0,lrsw_dora_r16_lr3e4,dora,0.6833,-0.16538857927731282,23.7,31.12,64.39,cs,31.45,15.94,36.34,36.6,35.27,69.0663,17.8584,0.00030000000000000003,,,16.0,False,False,True,69.79,64.25,20.01,70.56,72.06,81.31,65.96,71.2,2.2778328226861757,1.8520239240816387,0.42580889860453697,481.87469366609986,69.06544494628906,17.87202807366848,4.630230913108319,11.36039840774384,0.07346732676148664,0.04612445525708321,0.07471229949044764,0.04911109473659942,0.0694506209617277
b4_sclora_r32_lr1e4_s42,b4,42.0,b4_sclora_r32_lr1e4,sclora,0.3646,-0.4381833356810425,27.02,35.65,80.72,cs,35.03,19.0,45.76,41.55,36.9,9.8539,4.0426,0.0001,,,32.0,False,False,False,72.35,83.46,78.76,90.78,84.37,85.31,69.71,81.0,2.1216847940398615,1.8520239240816387,0.2696608699582228,165.45046003856947,9.853732109069824,4.043219075351954,11.20532953305609,36.99371972465708,0.07987885462068159,0.03788939212393842,0.251876305143728,0.016721705399743745,0.12928812020990912
brq_lora_r16_lr3e4_s42,brq,42.0,brq_lora_r16_lr3e4,lora,0.1555,-0.8082696066371436,40.4,51.33,41.79,medmcqa,43.2,37.61,70.16,51.45,54.21,9.1504,3.8352,0.00030000000000000003,,,16.0,False,False,False,,,,,,,,,,,,56.87775254727394,6.809380531311035,3.200276696965808,3.0926106430288973,7.712821973921598,0.2888306428819241,0.23122191325067631,0.09013267693360287,0.07055227357276253,0.15009762852042347
lora_wd0p01_clean,lora,,lora_wd0p01_clean,wd0p01,0.7101,-0.14868048735125486,22.22,,79.23,,29.89,14.54,,,,61.5884,17.0781,,0.01,,,False,False,False,70.43,82.37,80.3,87.65,82.87,81.44,68.0,80.8,2.4677162046116505,1.8520239240816387,0.6156922805300118,571.9363377822037,61.58686065673828,17.079655650258065,7.465099580629707,21.39071255957023,0.06973137113150407,0.04604744977789878,0.07120861478493844,0.04974389084163305,0.06629315305298229
frc_milora_a1r_lr3e4_c256_s43,frc,43.0,frc_milora_a1r_lr3e4_c256,milora,0.5633,-0.24926024876464917,23.8,32.56,58.72,cs,31.06,16.54,41.97,37.71,35.52,38.7195,15.6158,0.00030000000000000003,,,,False,False,True,66.33,82.59,44.47,79.66,65.35,51.01,43.17,37.2,2.3107260134096386,1.8100692116929957,0.5006568017166428,420.17519798864606,38.72005081176758,15.61808572113514,5.8233759755036525,16.235343941331312,0.0670532974758504,0.08226622653058877,0.07270307868361313,0.08642570932587715,0.06568240882842642
qwswm_clora_k1024_lr1e3_s43,qwswm,43.0,qwswm_clora_k1024_lr1e3,clora,0.4335,-0.3630108981877709,31.48,42.49,70.81,gsm8k,40.09,22.86,57.71,42.24,49.54,28.2526,8.0758,0.001,,1024.0,,False,False,True,,,,,,,,,2.6648659053106756,1.9346918347336524,0.7301740705770232,557.9012405068615,28.261445999145508,8.077564235998528,19.756136298051473,30.25521846427559,0.05031373365389604,0.044004767421833756,0.053426135371735885,0.04535939716706888,0.04295487220014004
lrsw_milora_r32_lr5e4_s42,lrsw,42.0,lrsw_milora_r32_lr5e4,milora,0.8396,-0.07592757008963717,20.76,28.84,76.74,cs,29.61,11.9,32.23,36.01,34.44,128.7314,20.6305,0.0005,,,32.0,False,False,True,70.12,81.99,79.53,82.85,80.58,78.79,63.48,76.6,2.5996852616355084,1.8520239240816387,0.7476613375538697,705.6000161960968,128.7319793701172,20.63196446299553,9.069614761359706,20.871665833942455,0.07065112090559468,0.060949503724314055,0.06749006189695943,0.06792382175659514,0.0649434651542665
frc_lorawd_wd0p5_lr2e4_c256_s43,frc,43.0,frc_lorawd_wd0p5_lr2e4_c256,lorawd,0.2375,-0.6243363860391147,27.12,35.48,77.34,cs,35.36,18.89,46.03,41.72,35.42,15.1568,4.9774,0.0002,0.5,,,False,False,True,63.33,85.42,75.79,88.84,83.03,81.27,65.44,75.6,1.918406771603809,1.8100692116929957,0.10833755991081317,138.32312191080086,15.170804023742676,4.9798027038574215,4.737852296618566,14.451824785628308,0.07353428594326929,0.049469029200299636,0.09299598596437852,0.04894866952495397,0.07394347167764373
frm_lorawd_wd0p2_lr3e4_c256_s43,frm,43.0,frm_lorawd_wd0p2_lr3e4_c256,lorawd,0.4257,-0.37089634982286357,24.0,32.4,64.97,math_faithful,32.96,15.04,34.07,37.46,42.45,51.0271,6.262,0.00030000000000000003,0.2,,,False,False,True,,,,,,,,,2.1928812357562424,1.8100692116929957,0.38281202406324666,309.86139698323683,51.026206970214844,6.262455239892006,18.015640687656145,45.66743173484665,0.07583731799738304,0.046807142928804835,0.08430605780718821,0.048522085900885366,0.07407491819731783
lrswm_sclora_r32_lr5e5_s43,lrswm,43.0,lrswm_sclora_r32_lr5e5,sclora,0.2694,-0.5696024086130332,24.24,33.3,57.77,math_faithful,31.93,16.55,30.05,45.05,42.92,6.8016,2.2227,5e-05,,,32.0,False,False,True,,,,,,,,,1.9997299575821665,1.8100692116929957,0.1896607458891708,84.4662832770198,6.801991939544678,2.223219325020909,10.046533568738168,34.14068968916807,0.10125474606622538,0.036648503586010434,0.5276226633733712,0.008817606426624557,0.18677966755084796
e1_lora_f080_s43,e1,43.0,e1_lora_f080,lora,0.8143,-0.08921556520716284,23.57,28.98,78.34,cs,31.87,15.27,24.78,36.77,36.21,84.667,19.3253,,,,,False,False,False,69.94,82.59,79.02,88.13,80.74,81.61,66.3,78.4,,,,652.194527086737,84.66572570800781,19.32908959388733,7.42249406562346,13.836327916599288,0.06979864134606548,0.045838520872154884,0.06783554372598034,0.050552021869106525,0.06515497135197336
frc_clora_k512_lr3e4_c256_s42,frc,42.0,frc_clora_k512_lr3e4_c256,clora,0.5069,-0.29507770877659817,23.6,32.1,78.86,cs,31.3,15.89,42.64,37.88,32.81,24.2164,10.9874,0.00030000000000000003,,512.0,,False,False,True,71.22,83.13,79.38,86.11,81.45,82.45,67.58,79.6,2.3297962392640645,1.8520239240816387,0.4777723151824258,425.9881718765362,24.215944290161133,10.988516920804978,8.542781003726393,23.43726811987103,0.061174361427639136,0.04636041695358806,0.06508064718249529,0.048793294446786394,0.05882012491282207
clora_k1024_s44,clora,44.0,clora_k1024,k1024,0.4358,-0.36071277408976316,24.49,,72.67,,32.91,16.07,,,,21.3941,9.8472,,,1024.0,,False,False,False,71.1,82.21,78.56,88.36,28.65,82.58,68.52,81.4,2.2791600108015615,1.8520239240816387,0.42713608671992276,371.3882099512026,21.3945369720459,9.848624005913734,7.635679454977794,22.23589399316519,0.058741837651310524,0.04736172652301865,0.06359061832286579,0.048648171365979084,0.056603159567860994
lrsw_lora_r16_lr2e4_s43,lrsw,43.0,lrsw_lora_r16_lr2e4,lora,0.4473,-0.349401101827343,25.02,34.03,80.01,cs,31.58,18.45,43.06,40.44,36.61,35.7709,12.9227,0.0002,,,16.0,False,False,True,71.9,83.08,79.07,90.8,82.16,84.34,67.92,80.8,2.1259236824106083,1.8520239240816387,0.2738997583289695,308.01416839707514,35.8186149597168,12.927741965651512,3.5187887200325356,9.466022481867105,0.06808440491427702,0.0470570255011252,0.07809749241759448,0.04901815901989892,0.06740502668648805
frc_lorawd_wd0p3_lr7e4_c256_s42,frc,42.0,frc_lorawd_wd0p3_lr7e4_c256,lorawd,0.4347,-0.361810359809163,25.64,31.68,81.91,cs,32.68,18.6,34.99,37.97,34.18,40.1249,6.8704,0.0007,0.3,,,False,False,True,73.3,84.28,80.81,91.75,84.53,85.44,71.76,83.4,2.051104821719017,1.8520239240816387,0.19908089763737813,279.44374580894635,40.124412536621094,6.870842915773392,11.436669513158005,24.937786144591282,0.07562989489121108,0.0456788039745338,0.0837445228489581,0.04805148035511235,0.07361619321772032
grid_k1024_v1024_dE1_lr1e2,grid,,grid_k1024_v1024_dE1_lr1e2,k1024,0.2278,-0.6424462802569184,28.18,,45.05,,37.5,18.86,,,,15.9863,3.5811,0.01,,1024.0,,False,False,False,25.14,55.22,41.66,2.42,71.74,61.2,48.04,55.0,,,,,,,,,,,,,
qwsw_lora_r16_lr5e5_s44,qwsw,44.0,qwsw_lora_r16_lr5e5,lora,0.1218,-0.9143527117031435,37.7,48.21,86.72,cs,44.19,31.21,71.54,46.5,47.62,9.3685,2.6563,5e-05,,,16.0,False,False,True,72.32,89.5,80.35,93.31,85.79,94.36,87.37,90.8,1.9554601386449777,1.8790178806577968,0.07644225798718085,56.45115712396774,9.383228302001953,2.6581824536834446,2.1809056989336715,5.725678418597515,0.11140469557213707,0.09256193645394686,0.09027709773569215,0.052217317536627866,0.07526965305226643
a5_k1024_v128_dE1_lr1e2,a5,,a5_k1024_v128_dE1_lr1e2,k1024,0.6126,-0.2128230075294461,25.04,,68.95,,32.12,17.97,,,,13.647,5.4389,0.01,,1024.0,,False,False,False,68.84,78.56,76.25,33.48,75.85,79.8,62.63,76.2,,,,,,,,,,,,,
frc_lorawd_wd0p3_lr1e3_c256_s44,frc,44.0,frc_lorawd_wd0p3_lr1e3_c256,lorawd,0.446,-0.35066514128785814,25.5,30.54,80.87,cs,32.73,18.28,30.39,37.8,33.52,49.3201,7.1222,0.001,0.3,,,False,False,True,71.8,82.59,80.5,92.23,83.27,84.55,70.22,81.8,2.0055050798997054,1.8100692116929957,0.19543586820670966,293.84984687621716,49.319454193115234,7.122652293741703,11.649006612883527,25.50751011191056,0.07739561970125132,0.045163655268292635,0.08411414454456623,0.0478935941436757,0.07549319437705071
mtx_sclora_r16_s44,mtx,44.0,mtx_sclora_r16,sclora,1.2889,0.11021922368940354,8.18,22.01,77.61,cs,15.93,0.44,23.37,35.07,35.24,32.1931,12.8654,,,,16.0,False,False,False,70.0,81.23,79.22,83.84,81.45,78.75,65.02,81.4,3.2059696962068998,1.8520239240816387,1.353945772125261,448.9041093570236,32.195030212402344,12.866958525776862,7.636328703527257,16.945610170259304,0.11465853706559644,0.041059386199603344,0.4824796777767298,0.01950612673989346,0.19916403939542549
lrswm_milora_r32_lr5e5_s42,lrswm,42.0,lrswm_milora_r32_lr5e5,milora,0.2852,-0.544850478820172,25.24,33.2,36.24,gsm8k,33.11,17.37,27.55,45.48,42.51,6.3958,2.8773,5e-05,,,32.0,False,False,True,,,,,,,,,1.9751068167973496,1.8520239240816387,0.12308289271571082,55.20140822370144,6.3974690437316895,2.878057359158993,3.0883666125923357,10.86060956286047,0.053719294007280705,0.2432120786316437,0.11047266503933141,0.17761269148327566,0.06912222355045533
frc_lora_l2_lr3e4_c256_s43,frc,43.0,frc_lora_l2_lr3e4_c256,lora,0.7153,-0.14551177495556958,22.57,30.51,77.63,cs,30.56,14.58,37.29,36.26,33.84,56.4143,17.5242,0.00030000000000000003,,,,False,False,True,62.54,82.26,79.53,85.38,82.08,81.06,65.78,82.4,2.4468293970340933,1.8100692116929957,0.6367601853410976,591.8852068873632,56.41366958618164,17.525307402014732,7.5469177684643265,21.56993788123892,0.06866579057250786,0.04624618936668913,0.07045948530332434,0.049556340387417186,0.06553595432775283
frc_lora_r32_lr3e4_c256_s45,frc,45.0,frc_lora_r32_lr3e4_c256,lora,0.7473,-0.12650501774383105,21.86,30.08,78.63,cs,30.21,13.51,36.5,37.12,33.07,58.8574,17.6781,0.00030000000000000003,,,32.0,False,False,True,70.43,82.64,79.84,87.21,80.9,81.52,65.87,80.6,2.420789230733542,1.8100692116929957,0.6107200190405464,592.3898223705768,58.85706329345703,17.68069359064102,7.415228310544699,21.471589481105465,0.06915544575279292,0.046499372114441245,0.07032440618490998,0.0497316184417921,0.06554304338393552
uioW4_k1024_v128_dE0_lr1e3,other,,uioW4_k1024_v128_dE0_lr1e3,k1024,0.8525,-0.06930561233546464,19.94,,59.96,,32.18,7.7,,,,7.5059,2.3038,0.001,,1024.0,,False,False,False,62.51,73.18,67.14,32.72,65.35,69.28,50.09,59.4,,,,,,,,,,,,,
frc_milora_lr1e4_c256_s43,frc,43.0,frc_milora_lr1e4_c256,milora,0.3179,-0.4977094720852271,25.94,36.02,76.2,cs,33.45,18.43,47.61,43.52,37.1,20.7333,8.7584,0.0001,,,,False,False,True,64.1,82.37,79.02,75.33,81.37,84.43,68.77,74.2,2.1366343298032455,1.8100692116929957,0.3265651181102498,188.0627240219142,20.73350715637207,8.760231494903564,3.8753073138496936,12.103279971314983,0.06759103350579883,0.09468727267249577,0.07810020325572634,0.1776777866982802,0.06779566647373712
frm_lorawd_wd0p5_lr1e3_c256_s44,frm,44.0,frm_lorawd_wd0p5_lr1e3_c256,lorawd,54.0399,1.732714536695508,0.0,19.9,1.74,math_faithful,0.0,0.0,22.8,26.88,49.8,2513.2932,93.7435,0.001,0.5,,,True,False,True,,,,,,,,,15.888584225294789,1.8100692116929957,14.078515013601793,3470.94982438778,2519.82958984375,93.84183261990547,1.0326232424896555,1.0901518563778778,0.05842948264991384,0.05519868383934693,0.08919535093329796,0.05526650732342144,0.06873550307526494
frc_lorawd_wd0p5_lr1e4_c256_s44,frc,44.0,frc_lorawd_wd0p5_lr1e4_c256,lorawd,0.2097,-0.6784015695346561,27.86,36.57,62.96,cs,35.4,20.32,46.86,43.86,36.4,13.5993,4.5057,0.0001,0.5,,,False,False,True,60.18,57.13,35.31,70.95,83.9,67.55,51.88,76.8,1.8955385936438869,1.8100692116929957,0.08546938195089115,101.18550802523524,13.620782852172852,4.506801911443472,2.9921905812064655,9.488969930873113,0.07250264560299265,0.05124405961172196,0.09723079955879428,0.05127316223744328,0.07414487441520946
frc_lorawd_wd0p1_lr2e4_c256_s45,frc,45.0,frc_lorawd_wd0p1_lr2e4_c256,lorawd,0.4239,-0.37273658343177896,25.22,32.63,80.83,cs,33.39,17.06,39.09,38.99,34.63,31.6792,10.7441,0.0002,0.1,,,False,False,True,71.93,83.41,79.89,89.63,83.43,85.23,71.93,81.2,2.1006369335717663,1.8100692116929957,0.29056772187877056,302.9656072697903,31.71055793762207,10.749254393577576,5.001760203961824,16.74654719881576,0.06957390047535515,0.04724913712957854,0.07833855505146341,0.04888982534506195,0.06822707223141118
mtx_sclora_r16_s45,mtx,45.0,mtx_sclora_r16,sclora,0.6895,-0.16146572948813143,18.65,26.67,79.27,cs,27.29,10.01,24.31,37.71,34.01,23.4172,10.3492,,,,16.0,False,False,False,70.89,82.97,79.73,88.37,81.53,82.2,68.86,79.6,2.3124080758257253,1.8100692116929957,0.5023388641327295,386.51837382373685,23.416927337646484,10.35069060921669,8.671360783982198,17.458971980759518,0.08928837467609883,0.04055438887615578,0.2938336920136756,0.025106606421812512,0.14010842927919132
lrswm_dora_r16_lr3e4_s44,lrswm,44.0,lrswm_dora_r16_lr3e4,dora,0.5237,-0.28091742609851406,23.09,31.07,45.26,gsm8k,31.67,14.51,28.93,39.51,40.73,33.4319,13.3703,0.00030000000000000003,,,16.0,False,False,True,,,,,,,,,2.2376206042285074,1.8100692116929957,0.42755139253551167,362.7608015738123,33.46475601196289,13.379753229022025,4.475292315158634,11.157366149614342,0.06522450872211272,0.048264790554473115,0.07441076915613262,0.04976120874207664,0.06468872309357022
lrswm_dora_r16_lr1e4_s42,lrswm,42.0,lrswm_dora_r16_lr1e4,dora,0.3191,-0.49607319580648956,25.08,33.14,41.93,gsm8k,33.56,16.59,26.53,44.88,44.16,19.901,5.978,0.0001,,,16.0,False,False,True,,,,,,,,,2.1351158768386,1.8520239240816387,0.2830919527569611,124.04830028441566,19.945127487182617,5.980342897772789,2.5326535907989176,6.886125440893195,0.0681972331918618,0.05262323199386393,0.0935678424857406,0.05015222518778972,0.07033031404960212
frc_lorawd_wd0_lr5e4_c256_s42,frc,42.0,frc_lorawd_wd0_lr5e4_c256,lorawd,1.1427,0.057932227380608686,17.46,26.06,71.03,cs,27.03,7.88,25.57,34.04,35.77,157.9087,22.7888,0.0005,0.0,,,False,False,True,66.97,78.24,77.74,61.46,78.22,74.54,58.7,72.4,2.895038447978181,1.8520239240816387,1.0430145238965425,960.7961276751789,157.904541015625,22.79149485230446,12.644624221499173,25.9771977079247,0.07383585690696207,0.045683793570102264,0.06850113199585621,0.0509647047577948,0.0678174260678855
d1_clean_lr1e2,d1,,d1_clean_lr1e2,clean,0.3948,-0.4036228560024009,23.99,,50.28,,34.26,13.73,,,,8.1279,3.4965,0.01,,,,False,False,False,7.03,65.34,63.72,35.69,68.03,62.46,40.61,59.4,,,,,,,,,,,,,
qwswm_lora_r16_lr2e5_s42,qwswm,42.0,qwswm_lora_r16_lr2e5,lora,0.0393,-1.4056074496245734,43.54,53.55,53.9,gsm8k,47.8,39.29,72.15,51.11,57.42,2.2147,0.5417,2e-05,,,16.0,False,False,True,,,,,,,,,,,,11.217937104751318,2.2182857990264893,0.5421806353543486,2.3067684688697745,6.594309615073038,0.12427729631848854,0.10618999205289628,0.10309883694022305,0.05505497125204411,0.08456595065091704
clora_k1024_FULLre,clora,,clora_k1024_FULLre,k1024,0.4568,-0.34027390476220837,24.85,,79.84,,33.53,16.17,,,,21.9637,9.7477,,,1024.0,,False,False,False,71.13,82.48,79.79,89.52,82.79,82.66,69.37,81.0,,,,,,,,,,,,,
lrsw_lora_null_r16_lr5e4_s42,lrsw,42.0,lrsw_lora_null_r16_lr5e4,lora_null,0.6956,-0.15764042666932515,23.64,30.97,78.93,cs,33.22,14.06,33.34,39.25,34.98,54.6211,15.6906,0.0005,,,16.0,False,False,True,69.69,82.81,78.35,88.3,83.5,81.02,67.75,80.0,2.3798914991341413,1.8520239240816387,0.5278675750525026,569.0900408972122,54.620399475097656,15.691673791408538,8.442282067974523,15.537637517312778,0.08795392465950556,0.04184925525606309,0.06989999379376445,0.05135338207881197,0.0752491606572913
mtxm_lorawd_wd0p0_s44,mtxm,44.0,mtxm_lorawd_wd0p0,lorawd,0.602,-0.22040350874217546,22.32,32.14,51.4,gsm8k,30.72,13.91,35.41,37.03,43.62,32.9198,13.5216,,0.0,,,False,False,False,,,,,,,,,2.4380671177814137,1.8100692116929957,0.627997906088418,432.4549213832217,32.93451690673828,13.525231799483299,6.454425887449035,19.793144614121523,0.0649691987278676,0.04806832196318727,0.07283987730456462,0.05052121858723948,0.06452017410288889
frc_sclora_lr3e4_c256_s44,frc,44.0,frc_sclora_lr3e4_c256,sclora,1.0202,0.008685319195168106,15.11,24.18,62.69,cs,23.74,6.48,23.38,33.7,33.6,76.9042,15.2035,0.00030000000000000003,,,,False,False,True,63.46,49.84,68.83,35.15,69.38,76.47,60.41,78.0,2.8106825725104674,1.8100692116929957,1.0006133608174717,747.7122979265256,76.90345764160156,15.205277943611145,16.167007771694582,32.04643872783862,0.07582430146145833,0.04303762065604635,0.2588713876202251,0.024464066770325792,0.13042125330347115
lrsw_lorawd_wd0p3_lr2e4_s43,lrsw,43.0,lrsw_lorawd_wd0p3_lr2e4,lorawd,0.3017,-0.5204246898250116,26.43,35.28,77.05,cs,33.05,19.81,45.86,41.72,35.95,17.2927,6.9479,0.0002,0.3,,,False,False,True,73.55,83.9,77.18,61.76,83.5,85.02,69.88,81.6,1.974055195068709,1.8100692116929957,0.16398598337571335,195.61307547633336,17.298202514648438,6.95076457709074,4.94212668354264,15.718151370403422,0.07124328505251962,0.04838408775718293,0.08598659237821449,0.04842689992396685,0.07102318785225788
frc_milora_a1r_lr1e3_c256_s43,frc,43.0,frc_milora_a1r_lr1e3_c256,milora,1.5126,0.17972409606008952,17.33,24.97,66.12,cs,26.05,8.61,22.95,31.91,35.35,229.3391,28.0612,0.001,,,,False,False,True,64.62,72.74,74.21,58.08,72.53,66.37,50.6,69.8,3.1496052964456784,1.8100692116929957,1.3395360847526827,1280.8884182418708,229.33851623535156,28.063557440042494,14.955367904909098,27.047863356003443,0.07876495023226798,0.04924626081070909,0.06906823145273228,0.05502380597150696,0.07140187715653103
frc_lorawd_wd0p5_lr7e4_c256_s43,frc,43.0,frc_lorawd_wd0p5_lr7e4_c256,lorawd,0.2858,-0.5439377755450485,26.5,33.24,82.09,cs,33.17,19.83,42.15,37.46,33.59,30.5557,4.7034,0.0007,0.5,,,False,False,True,73.55,84.28,81.12,92.84,85.0,86.57,70.99,82.4,1.9074292571940026,1.8100692116929957,0.09736004550100685,171.1909381310604,30.555404663085938,4.703829218447209,8.859673641398349,21.561587712091,0.07637520759874904,0.04626766355263379,0.08927806252293322,0.04791182318906365,0.07525700073702757
frm_lorawd_wd0p5_lr7e4_c256_s42,frm,42.0,frm_lorawd_wd0p5_lr7e4_c256,lorawd,57.2227,1.7575683457348292,0.0,19.68,0.99,math_faithful,0.0,0.0,22.95,26.45,49.0,2963.7412,77.5219,0.0007,0.5,,,True,False,True,,,,,,,,,10.745821770107991,1.8520239240816387,8.893797846026352,4561.905054653009,2963.794921875,77.59427055120469,1.022159591751411,1.051496913902997,0.05793215349057544,0.05716040219421971,0.0924666066627772,0.05505573199296254,0.06915335702127957
lrswm_lorawd_wd0p3_lr2e4_s44,lrswm,44.0,lrswm_lorawd_wd0p3_lr2e4,lorawd,0.2839,-0.5468346074741428,25.58,33.17,49.2,gsm8k,33.25,17.91,31.44,42.24,41.03,17.6796,6.2995,0.0002,0.3,,,False,False,True,,,,,,,,,2.031978237363412,1.8100692116929957,0.22190902567041637,179.54836237395995,17.69582748413086,6.302006554603577,4.92337137108761,16.12909331078001,0.06837757931064266,0.05027215802415694,0.08213523589508041,0.04990456032116426,0.06816371844995574
fft_full_lr3e5_s42,fft,42.0,fft_full_lr3e5,full,0.0802,-1.0958256317158366,26.16,35.29,80.47,cs,33.33,19.0,45.86,42.92,35.36,0.9124,0.2904,3.0000000000000004e-05,,,,False,False,False,62.17,85.09,78.86,89.37,83.27,86.49,74.91,83.6,,,,,,,,,,,,,
qwsw_milora_r32_lr5e5_s42,qwsw,42.0,qwsw_milora_r32_lr5e5,milora,0.132,-0.8794260687941502,39.41,50.2,85.91,cs,46.91,31.91,70.7,52.39,49.11,6.139,1.6194,5e-05,,,32.0,False,False,True,62.48,90.21,79.89,94.93,83.9,95.33,88.91,91.6,,,,49.70660434021038,6.140256881713867,1.6198139484439578,7.275242817610521,24.441347219102788,0.0469494177689233,0.47409897634961806,0.06479852071672627,0.2769086363451375,0.042821489889328254
valfix_milora_r16,valfix,,valfix_milora_r16,milora,0.0384,-1.4156687756324693,27.02,,17.56,,33.4,20.64,,,,0.6691,0.2935,,,,,False,False,False,64.0,38.0,17.0,0.0,0.0,5.5,7.5,8.5,1.9062925036322809,1.8520239240816387,0.054268579550642126,6.105193059407668,0.6693050265312195,0.29365542680025103,2.744581774322758,9.043215240639634,0.05096811855919933,0.34178179687074667,0.08090121379779999,0.3380185148696,0.05254684821291115
frc_lorawd_wd0_lr2e4_c256_s42,frc,42.0,frc_lorawd_wd0_lr2e4_c256,lorawd,0.5052,-0.2965366581167069,24.36,33.67,80.04,cs,31.87,16.84,43.93,38.91,36.78,40.9931,13.7847,0.0002,0.0,,,False,False,True,71.28,82.32,78.81,90.11,83.82,83.8,69.8,80.4,2.236917664131768,1.8520239240816387,0.3848937400501291,388.9898789123984,41.0294075012207,13.790997511148452,5.0853578125911945,17.304564956693294,0.0680157593267268,0.047019238712811315,0.0747387197826746,0.04933369751558672,0.06645480832714797
calib_clora_k2048_fastret,calib,,calib_clora_k2048_fastret,clora,0.3376,-0.47159756204638253,26.76,,65.43,,36.11,17.41,,,,16.4119,8.2798,,,2048.0,,False,False,False,71.8,83.19,12.28,37.78,81.45,84.6,69.71,82.6,,,,,,,,,,,,,
frc_lorawd_wd0_lr2e4_c256_s43,frc,43.0,frc_lorawd_wd0_lr2e4_c256,lorawd,0.5124,-0.2903908789273513,24.51,33.23,32.86,cs,31.78,17.24,41.93,38.65,36.55,37.9996,13.7631,0.0002,0.0,,,False,False,True,62.08,14.85,6.86,39.02,25.34,40.82,39.33,34.6,2.1931588730544975,1.8100692116929957,0.3830896613615018,390.8516373301031,38.040428161621094,13.769005206227302,5.136229549010936,17.315695562376156,0.06849068601658724,0.0467209333281534,0.07487006007093619,0.04940202761025682,0.06657358642945108
lrsw_dora_r16_lr2e5_s42,lrsw,42.0,lrsw_dora_r16_lr2e5,dora,0.2302,-0.637894680706227,26.45,36.48,30.62,cs,33.71,19.19,45.53,46.67,37.32,4.9812,1.9715,2e-05,,,16.0,False,False,True,3.15,8.27,35.16,40.05,39.78,44.91,38.23,35.4,2.1228977261161632,1.8520239240816387,0.2708738020345245,30.984706071142693,4.990794658660889,1.9733688186854124,1.2628251682634095,2.2445269566174044,0.06293061219939187,0.048917304975319396,0.1344192714728413,0.0610422433308599,0.08104002729414393
mtx_lora_r64_s43,mtx,43.0,mtx_lora_r64,lora,0.9304,-0.031330298279608,19.26,26.66,76.52,cs,27.31,11.2,25.95,35.49,33.37,103.5063,18.2092,,,,64.0,False,False,False,68.35,79.27,79.58,80.2,80.66,78.49,64.85,80.8,2.820213091164481,1.8520239240816387,0.9681891670828424,763.2424196037404,103.50831604003906,18.21078453361988,12.38857448340294,39.343234391064804,0.07259804473017493,0.04594528650999536,0.07028011536124971,0.05040777098045096,0.06763687516110582
lrswm_sclora_r32_lr2e5_s42,lrswm,42.0,lrswm_sclora_r32_lr2e5,sclora,0.2851,-0.5450027826905399,23.94,33.22,41.77,gsm8k,32.67,15.22,29.43,46.76,42.03,8.9996,1.7383,2e-05,,,32.0,False,False,True,,,,,,,,,2.0687628109568204,1.8520239240816387,0.2167388868751816,57.229406747669195,9.00782585144043,1.7386825565248727,7.102672268012344,28.162921939550895,0.11330826033791239,0.03853119220041136,0.759112907229178,0.0045274795612517075,0.2365978074155671
mtxm_lorawd_wd0p3_s42,mtxm,42.0,mtxm_lorawd_wd0p3,lorawd,0.3331,-0.4774253673088232,25.38,34.0,50.19,gsm8k,32.88,17.89,34.8,42.06,42.36,17.0217,6.9166,,0.3,,,False,False,False,,,,,,,,,2.1332697629826973,1.8520239240816387,0.2812458389010586,225.59792569774785,17.03029441833496,6.918161834776401,6.505293461741062,19.24264778196339,0.06783802757106369,0.04917095102745738,0.07996615294743704,0.04949929963088116,0.06772733797516622
mtx_lora_r16_s42,mtx,42.0,mtx_lora_r16,lora,0.6047,-0.21846003139405826,23.98,31.4,80.16,cs,32.15,15.82,38.71,38.14,32.16,47.2937,17.1568,,,,16.0,False,False,False,71.5,83.3,79.22,88.79,82.72,83.54,69.62,82.6,2.259136931058008,1.8520239240816387,0.4071130069763691,470.46924169194097,47.34553146362305,17.169689255952836,4.747608097597569,11.548314701378736,0.06794087737583651,0.046289868037506225,0.07256327399146997,0.049211456487282576,0.06583764314767984
lrsw_clora_k1024_lr3e4_s44,lrsw,44.0,lrsw_clora_k1024_lr3e4,clora,0.4471,-0.3495953301319682,24.09,32.75,79.66,cs,32.08,16.1,43.65,37.12,34.8,20.8425,9.8652,0.00030000000000000003,,1024.0,,False,False,True,72.05,81.83,78.71,89.16,82.4,82.37,68.94,81.8,2.2469523964633877,1.8100692116929957,0.436883184770392,370.36942384193037,20.85467529296875,9.868320666253567,7.525760473360544,22.12640753243382,0.0586863303294438,0.04736129128032258,0.06376117647966235,0.048879694916226867,0.05667367577111732
frc_lorawd_wd0p1_lr1e4_c256_s45,frc,45.0,frc_lorawd_wd0p1_lr1e4_c256,lorawd,0.2719,-0.5655907924124999,27.11,36.06,48.8,cs,34.76,19.46,46.99,42.32,36.79,20.2047,7.0738,0.0001,0.1,,,False,False,True,69.14,51.14,29.27,73.21,82.32,29.25,27.9,28.2,1.9596121426329018,1.8100692116929957,0.14954293093990612,160.44509861663886,20.23940658569336,7.075698518753052,3.167620139798888,11.078987852995539,0.07079223673031212,0.049375884756679866,0.08682353821650131,0.05015292788282374,0.07073354017751625
lora_wd1p0_full,lora,,lora_wd1p0_full,wd1p0,0.1666,-0.7783250029292312,27.74,,81.57,,34.96,20.51,,,,9.7217,2.7459,,1.0,,,False,False,False,73.06,83.68,79.32,90.58,85.0,86.07,70.82,84.0,,,,,,,,,,,,,
lrsw_lorawd_wd0p3_lr2e3_s44,lrsw,44.0,lrsw_lorawd_wd0p3_lr2e3,lorawd,87.484,1.941928631912614,0.0,20.08,0.0,cs,0.0,0.0,22.95,27.13,50.34,4262.2129,121.8668,0.002,0.3,,,True,False,True,0.0,0.0,0.0,0.0,0.0,0.0,0.0,0.0,10.34002086021009,1.8100692116929957,8.529951648517095,6427.941153480128,4262.30615234375,121.98770715668797,1.017021454028063,1.0503753756997458,0.05954200237399213,0.05821086116185663,0.10019922350998249,0.052913088280657786,0.0715314486123107
qwsw_dora_r16_lr5e4_s42,qwsw,42.0,qwsw_dora_r16_lr5e4,dora,0.5724,-0.24230037491226122,13.18,31.89,84.16,cs,15.76,10.59,57.4,37.29,38.42,37.9809,15.0939,0.0005,,,16.0,False,False,True,70.83,86.72,78.71,92.38,84.69,91.75,81.23,87.0,,,,613.4257444601539,38.066104888916016,15.096892773253577,8.947767989799205,14.740433637556299,0.11071717266951944,0.09831996540041678,0.06398985148611441,0.047154550873071084,0.06938063816211715
mtx_dora_r8_s42,mtx,42.0,mtx_dora_r8,dora,0.5276,-0.27769521312567236,23.7,33.14,63.07,cs,31.78,15.62,40.68,41.21,36.42,45.0023,16.8696,,,,8.0,False,False,False,63.55,50.33,35.77,55.71,78.45,81.57,63.57,75.6,2.14203983578845,1.8520239240816387,0.2900159117068113,378.8293551888074,45.06159591674805,16.873610174655916,3.0937575582047945,6.131232817138069,0.06808154389848238,0.04622721207745614,0.07485646043653629,0.049029515703393,0.06663816930873284
lrswm_milora_r32_lr1e4_s42,lrswm,42.0,lrswm_milora_r32_lr1e4,milora,0.2644,-0.5777385491863973,25.66,33.48,42.08,gsm8k,33.25,18.06,27.58,44.8,43.73,9.2693,4.8605,0.0001,,,32.0,False,False,True,,,,,,,,,2.1422739594761966,1.8520239240816387,0.29025003539455785,102.58042507648764,9.269407272338867,4.861544699966908,3.7574016733743374,12.219418068833708,0.05997055167723759,0.1886268010659284,0.08547543132173319,0.15952191202238422,0.06603909989869211
lrswm_dora_r16_lr2e5_s44,lrswm,44.0,lrswm_dora_r16_lr2e5,dora,0.336,-0.4736607226101559,25.42,33.55,32.68,gsm8k,33.73,17.12,29.53,46.59,40.79,7.0258,2.083,2e-05,,,16.0,False,False,True,,,,,,,,,1.8763594162948192,1.8100692116929957,0.06629020460182344,33.182680499267846,7.0422163009643555,2.085045375674963,1.3067079734781148,2.355788320136356,0.05946687125582722,0.049695886538995086,0.1776497796106004,0.050290344289646766,0.08649877405756122
frc_clora_k128_lr3e4_c256_s43,frc,43.0,frc_clora_k128_lr3e4_c256,clora,0.6168,-0.2098556349570994,22.88,30.65,78.91,cs,31.09,14.66,37.04,36.69,33.77,28.7719,13.1514,0.00030000000000000003,,128.0,,False,False,True,71.56,82.81,78.51,87.45,82.56,82.62,65.19,80.6,2.4122848917806365,1.8520239240816387,0.5602609676989978,495.0759905431478,28.767335891723633,13.15238164961338,8.55526439630947,23.616135017848197,0.06321138754405234,0.045953857243561685,0.0671339043893509,0.049277219777166974,0.061324232269626265
d1_clean_lr2e2,d1,,d1_clean_lr2e2,clean,0.4639,-0.3335756274812404,22.64,,37.24,,32.12,13.17,,,,16.7622,4.2711,0.02,,,,False,False,False,16.12,51.58,54.81,12.31,68.51,39.69,26.11,28.8,,,,,,,,,,,,,
frm_clora_k128_lr3e4_c256_s43,frm,43.0,frm_clora_k128_lr3e4_c256,clora,1.0884,0.036788533107720095,18.57,27.62,59.82,math_faithful,27.57,9.57,24.55,30.55,45.88,27.0467,15.2759,0.00030000000000000003,,128.0,,False,False,True,,,,,,,,,3.3106200655027194,1.8100692116929957,1.5005508538097236,940.4234154599759,27.046194076538086,15.276393362879753,25.558656399473435,54.74365356048966,0.06445926261993778,0.04611991268883905,0.06660538256214811,0.05052498226291488,0.06255387616119691
qwswm_milora_r32_lr5e4_s42,qwswm,42.0,qwswm_milora_r32_lr5e4,milora,0.2979,-0.5259294967849564,39.92,49.48,68.31,gsm8k,45.15,34.68,67.5,49.49,50.58,22.9712,5.8359,0.0005,,,32.0,False,False,True,,,,,,,,,,,,282.5187110717128,22.970556259155273,5.836798783711025,14.9816638173272,29.79882786232516,0.08899008071614814,0.17636133677835306,0.05697913977269666,0.12770042764332032,0.060842155817197915
b4_sclora_r32_lr1e4_s44,b4,44.0,b4_sclora_r32_lr1e4,sclora,0.3687,-0.4333268623938834,25.94,34.43,80.91,cs,33.88,18.01,41.77,41.47,37.04,9.9952,4.0352,0.0001,,,32.0,False,False,False,72.91,83.84,79.32,90.37,83.58,85.27,70.56,81.4,2.0751776129748336,1.8100692116929957,0.2651084012818379,165.7559698237447,9.99477767944336,4.035857141762972,11.248581071638592,36.987979247885164,0.07969195932357716,0.03790548414276479,0.2517507229802071,0.016721770803411414,0.12924845025784984
clora_k128_fast,clora,,clora_k128_fast,k128,0.6005,-0.22148698826107513,23.48,,79.2,,32.35,14.62,,,,32.4941,13.0517,,,128.0,,False,False,False,71.07,82.43,78.66,88.72,80.58,82.03,68.52,81.6,,,,,,,,,,,,,
qwswm_dora_r16_lr2e4_s42,qwswm,42.0,qwswm_dora_r16_lr2e4,dora,0.1125,-0.9488474775526187,44.28,53.96,67.1,gsm8k,45.62,42.94,71.86,52.22,57.18,10.3065,3.3144,0.0002,,,16.0,False,False,True,,,,,,,,,,,,102.14909762119586,10.309919357299805,3.3173285471541543,5.456366260361172,12.37137949907001,0.11762832848081198,0.10069651973043064,0.06594149440993681,0.04894975548545485,0.07205624098507693
qwswm_lora_r32_lr2e4_s43,qwswm,43.0,qwswm_lora_r32_lr2e4,lora,0.1437,-0.8425432318657744,44.46,53.1,63.84,gsm8k,47.7,41.22,70.45,51.11,55.03,12.2235,3.4297,0.0002,,,32.0,False,False,True,,,,,,,,,2.015938193103267,1.8790178806577968,0.1369203124454701,132.41823518107,12.227516174316406,3.4307381387267792,9.187945634284134,23.879528462119506,0.11669642207503071,0.09994624269687329,0.06409281604711926,0.04924130572365197,0.0715394582271113
frc_lorawd_wd0_lr1e4_c256_s44,frc,44.0,frc_lorawd_wd0_lr1e4_c256,lorawd,0.299,-0.5243288116755703,26.9,35.14,79.64,cs,34.2,19.61,45.23,40.27,36.39,20.7499,8.1265,0.0001,0.0,,,False,False,True,62.78,83.79,79.17,91.49,82.64,84.89,71.33,81.0,1.9846121883640488,1.8100692116929957,0.17454297667105312,184.26235168725293,20.778289794921875,8.128122279047966,3.144592539366612,11.443869848667624,0.0693597954320905,0.048879068562810817,0.08359156433940015,0.050430751996977774,0.06920220632855192
qwswm_clora_k1024_lr2e4_s43,qwswm,43.0,qwswm_clora_k1024_lr2e4,clora,0.0829,-1.0814454694497264,43.75,53.8,60.96,gsm8k,46.35,41.15,71.51,52.82,57.15,10.0284,1.8139,0.0002,,1024.0,,False,False,True,,,,,,,,,2.0178271749240126,1.9346918347336524,0.08313534019036029,88.96235424802325,10.036083221435547,1.8145312805966438,11.124537421816838,25.285784004552625,0.051928453124566565,0.04553035230601887,0.05739889459976441,0.04730470622824865,0.04438931985620583
uioW2_k1024_v128_dE0,other,,uioW2_k1024_v128_dE0,k1024,0.9841,-0.0069607681930904846,18.5,,55.37,,29.86,7.14,,,,30.6348,5.0701,,,1024.0,,False,False,False,62.2,58.27,62.9,30.62,62.83,66.54,45.22,54.4,,,,,,,,,,,,,
lrsw_dora_r16_lr1e3_s42,lrsw,42.0,lrsw_dora_r16_lr1e3,dora,3.7257,0.5712078818028553,15.64,24.86,67.95,cs,24.3,6.99,23.13,33.7,36.2,1073.5913,52.8779,0.001,,,16.0,True,False,True,63.73,74.48,75.9,64.95,72.06,67.85,52.65,72.0,4.612484563990473,1.8520239240816387,2.7604606399088345,2178.1432030122614,1073.5823974609375,52.875492757558824,7.922772011425282,13.152617335552232,0.13423921909738204,0.04505765884138035,0.10491266199480023,0.04984084109702593,0.1166150673772113
qwsw_lora_r16_lr2e5_s44,qwsw,44.0,qwsw_lora_r16_lr2e5,lora,0.1081,-0.9661743060466896,38.94,50.71,85.62,cs,45.38,32.5,71.49,55.89,48.27,4.3448,1.2132,2e-05,,,16.0,False,False,True,68.9,89.01,79.84,93.42,84.45,94.32,87.63,87.4,1.9837451473755519,1.9346918347336524,0.049053312641899494,23.45519334079445,4.353630065917969,1.2146598157073771,1.6014135152337914,3.550881727640706,0.10115792678642939,0.08950241066995557,0.11496198641413381,0.06045419439135731,0.07773452743513676
lrswm_lorawd_wd0p3_lr1e4_s42,lrswm,42.0,lrswm_lorawd_wd0p3_lr1e4,lorawd,0.2576,-0.5890541413122254,25.72,33.82,46.02,gsm8k,34.14,17.3,30.86,43.69,43.12,15.2769,4.8881,0.0001,0.3,,,False,False,True,,,,,,,,,2.0256795699150967,1.8520239240816387,0.17365564583345794,114.64359775601804,15.297760963439941,4.8894686356186865,3.3435788186248048,11.448869427677511,0.07044980644802912,0.052961042367787384,0.0916996185735444,0.05032652819018443,0.07090700408258904
frm_lorawd_wd0p1_lr2e4_c512_s43,frm,43.0,frm_lorawd_wd0p1_lr2e4_c512,lorawd,0.5155,-0.28777133038046465,23.84,32.59,67.78,math_faithful,32.05,15.63,32.74,39.68,42.84,50.9661,8.5679,0.0002,0.1,,,False,False,True,,,,,,,,,2.3150410129294325,1.8100692116929957,0.5049718012364368,395.9204835287001,50.96435546875,8.568821248412132,14.8226625741936,43.39344667004261,0.07001489628427764,0.047476226767370545,0.07529469294217879,0.05000176070335062,0.06799292351609186
frc_clora_k1024_lr3e4_c256_s43,frc,43.0,frc_clora_k1024_lr3e4_c256,clora,0.4408,-0.35575841415627135,24.32,31.69,59.72,cs,32.05,16.6,36.79,37.88,35.14,21.1398,9.9653,0.00030000000000000003,,1024.0,,False,False,True,58.26,72.69,46.52,65.51,77.27,62.42,49.32,45.8,2.300955573423611,1.8520239240816387,0.44893164934197216,371.1311637703504,21.145610809326172,9.967087025940419,7.44785036999762,22.07402706618889,0.05843810505113093,0.04733963884388404,0.06385396313821966,0.04878028884346267,0.05657456759543041
lrswm_lorawd_wd0p3_lr1e3_s43,lrswm,43.0,lrswm_lorawd_wd0p3_lr1e3,lorawd,0.5605,-0.25142438306900805,22.59,31.62,48.98,gsm8k,31.06,14.12,32.69,36.77,43.48,42.39,8.1679,0.001,0.3,,,False,False,True,,,,,,,,,2.2948955328680105,1.8520239240816387,0.4428716087863718,367.19095414017403,42.38936996459961,8.169217023253442,13.866040110105793,27.048878502191222,0.07640092001910297,0.04608660647245129,0.08649330054748058,0.048029605716033805,0.07533353969234269
lrswm_lora_r16_lr3e4_s42,lrswm,42.0,lrswm_lora_r16_lr3e4,lora,0.5196,-0.2843308575990098,22.86,31.52,46.55,gsm8k,30.82,14.89,29.62,39.33,42.93,35.3366,13.2946,0.00030000000000000003,,,16.0,False,False,True,,,,,,,,,2.244210448667214,1.8520239240816387,0.3921865245855751,357.9361046445771,35.38069152832031,13.303724777698516,4.404876297006863,11.169757208486956,0.0646994379635869,0.047976700283659426,0.075074620288004,0.05002642446125122,0.0647810142888098
lrswm_lora_r16_lr5e4_s44,lrswm,44.0,lrswm_lora_r16_lr5e4,lora,0.7694,-0.11384781802920334,21.3,29.99,45.34,gsm8k,30.07,12.52,26.29,36.43,44.64,38.2746,18.6468,0.0005,,,16.0,False,False,True,,,,,,,,,2.4916844220533174,1.8100692116929957,0.6816152103603217,606.0516684292091,38.27418518066406,18.65533978641033,6.500181642060075,13.360186557436213,0.06569880460419945,0.04691236640517992,0.07071905529174476,0.05004894446418493,0.0640966151434918
lrsw_sclora_r32_lr2e5_s43,lrsw,43.0,lrsw_sclora_r32_lr2e5,sclora,0.1661,-0.7796303675486055,26.98,36.58,38.43,cs,34.62,19.35,47.19,45.14,36.58,3.0794,1.3371,2e-05,,,32.0,False,False,True,62.23,35.04,54.35,51.05,15.55,32.62,25.77,30.8,1.9550050309553577,1.8100692116929957,0.144935819262362,41.700276624950696,3.0796289443969727,1.3374948270618916,7.535510787740742,31.59709532480699,0.09316234687844034,0.03665922873528658,0.4132432616668916,0.010647937233922563,0.17070542633605704
frm_lorawd_wd0p1_lr1e4_c256_s42,frm,42.0,frm_lorawd_wd0p1_lr1e4_c256,lorawd,0.3404,-0.4680104485874498,24.4,33.98,64.67,math_faithful,31.9,16.91,37.47,41.38,42.22,23.2282,7.1487,0.0001,0.1,,,False,False,True,,,,,,,,,2.2165675057374914,1.8520239240816387,0.36454358165585266,244.13158617877866,23.247364044189453,7.1496543601155285,7.657744098773711,31.18195103969192,0.06768227971218847,0.04928785463280672,0.07687712181057546,0.050547022726087215,0.06686611865003082
qwsw_dora_r16_lr1e3_s43,qwsw,43.0,qwsw_dora_r16_lr1e3,dora,1.1285,0.05250156341378086,16.65,28.4,77.19,cs,28.12,5.18,33.29,37.63,37.76,135.4728,27.2815,0.001,,,16.0,False,False,True,66.06,83.19,76.46,82.12,77.11,83.25,67.49,81.8,3.208409450274521,1.9346918347336524,1.2737176155408685,1078.4296456415466,135.47088623046875,27.281111985445023,9.487070518117845,14.746209477749156,0.12410404847853292,0.11860141135287902,0.0722251960513736,0.05037151149032655,0.08338506398807242
qwsw_lora_r16_lr1e3_s43,qwsw,43.0,qwsw_lora_r16_lr1e3,lora,0.8215,-0.08539243222891947,6.38,21.78,79.19,cs,12.66,0.1,23.34,37.12,35.69,124.1124,20.4478,0.001,,,16.0,False,False,True,66.73,83.79,77.64,84.41,78.85,85.31,73.21,83.6,2.961941686033485,1.9346918347336524,1.0272498512998327,902.1946054165347,124.1103286743164,20.448013463190623,10.633751711807099,15.367823156525573,0.12049561351526958,0.0942758091967709,0.06497804183725657,0.050806201281945414,0.07590916771895195
clora_k2048_fast,clora,,clora_k2048_fast,k2048,0.3376,-0.47159756204638253,26.76,,65.44,,36.11,17.41,,,,16.4119,8.2798,,,2048.0,,False,False,False,71.83,83.19,12.18,37.75,81.45,84.68,69.8,82.6,,,,,,,,,,,,,
b4_sclora_r32_lr5e5_s43,b4,43.0,b4_sclora_r32_lr5e5,sclora,0.258,-0.5883802940367698,26.82,35.59,80.49,cs,34.66,18.98,43.38,43.94,37.01,6.4184,2.4868,5e-05,,,32.0,False,False,False,72.6,83.19,79.79,90.7,81.22,85.44,70.99,80.0,1.9435519695144237,1.8100692116929957,0.13348275782142793,88.34917964992454,6.419867515563965,2.487882437556982,9.38965472083537,36.19672674650531,0.08105334590937761,0.03671222394011708,0.2742010911337816,0.014421906905550364,0.13544791796980693
frm_lorawd_wd0p3_lr1e3_c256_s42,frm,42.0,frm_lorawd_wd0p3_lr1e3_c256,lorawd,116.0394,2.0646054745483893,0.0,19.71,0.0,math_faithful,0.0,0.0,22.95,26.71,48.89,3906.333,215.1151,0.001,0.3,,,True,False,True,,,,,,,,,15.343386869276724,1.8520239240816387,13.491362945195085,6417.786315659006,3916.754638671875,215.34461481571196,1.0233395718641463,1.0708109133151655,0.06131362005912619,0.06014008958960927,0.12167689142821586,0.05000953410568492,0.07818686054669309
dora_r32,dora,,dora_r32,r32,0.9179,-0.03720463014276677,23.03,,77.66,,33.56,12.5,,,,138.4138,19.0795,,,,,False,False,False,65.99,82.81,78.81,83.25,82.56,81.02,65.61,81.2,2.4820753108711107,1.8520239240816387,0.6300513867894719,626.5794530865882,138.4132537841797,19.081971633434296,7.197329198040745,20.800107320257762,0.08289827251985149,0.0455556171271468,0.07733375246613795,0.04940881807182858,0.07559598369935554
lora_wd0p05,lora,,lora_wd0p05,wd0p05,0.6795,-0.16781053893148687,24.42,,79.47,,32.87,15.96,,,,54.2023,14.8876,,,,,False,False,False,71.22,83.62,79.02,87.59,83.9,81.99,68.26,80.2,2.318047079390993,1.8520239240816387,0.4660231553093541,492.42986528389457,54.201576232910156,14.889187601208686,7.107787837299366,20.884164268686668,0.06957599252631722,0.04630192930768928,0.07254697540827569,0.04944338310802504,0.06651804714864946
b4_sclora_r32_lr3e4_s42,b4,42.0,b4_sclora_r32_lr3e4,sclora,0.6885,-0.16209605540705752,22.03,28.63,72.62,cs,30.55,13.51,27.1,37.97,34.0,33.1128,10.2558,0.00030000000000000003,,,32.0,False,False,False,71.22,78.35,79.84,38.08,82.08,82.62,66.98,81.8,2.4551058866260025,1.8520239240816387,0.6030819625443637,468.72452292766155,33.11232376098633,10.256762853264808,13.918371247575589,33.54620115129867,0.07599180791734052,0.04071934863142147,0.17831457210304483,0.02877552960887226,0.10742617291509418
qwswm_lora_null_r16_lr2e4_s43,qwswm,43.0,qwswm_lora_null_r16_lr2e4,lora_null,0.0849,-1.0710923097560472,44.2,53.7,66.79,gsm8k,47.7,40.69,71.61,52.39,56.13,8.055,2.2637,0.0002,,,16.0,False,False,True,,,,,,,,,2.0042933655649042,1.9346918347336524,0.06960153083125187,88.47134783690011,8.053000450134277,2.264083365031651,8.799097906139734,18.785477332087144,0.17643698164532418,0.07767849504698321,0.0834708091263175,0.12431589144934978,0.09970093285428626
frm_milora_lr2e4_c256_s43,frm,43.0,frm_milora_lr2e4_c256,milora,0.8267,-0.08265206237222837,20.9,29.55,63.53,math_faithful,30.3,11.5,28.79,33.7,43.48,71.2342,15.4298,0.0002,,,,False,False,True,,,,,,,,,2.9251106231840973,1.8100692116929957,1.1150414114911016,709.6351531080891,71.23192596435547,15.430645552277564,16.836177568720387,42.10125097605985,0.06445738606734093,0.06322074680182328,0.06337984856372621,0.11785499952459087,0.061382931868961474
e1_randdir3_f015_s43,e1,43.0,e1_randdir3_f015,randdir3,0.1611,-0.7929044595807819,25.3,34.88,7.02,cs,32.85,17.74,40.65,44.54,38.61,8.5528,2.9907,,,,,False,False,False,52.32,0.16,1.69,0.04,0.0,1.05,0.51,0.4,,,,122.27465016351721,8.552711486816406,2.990772166103125,10.307973575324196,15.329295425745707,0.05327724704756322,0.053378413871590105,0.06846175555492941,0.05044561226294349,0.05778149689618315
frc_lorawd_wd0_lr2e5_c256_s43,frc,43.0,frc_lorawd_wd0_lr2e5_c256,lorawd,0.2239,-0.6499459064209697,26.9,36.51,29.7,cs,34.28,19.52,46.55,45.65,36.55,5.5163,2.2947,2e-05,0.0,,,False,False,True,8.04,65.34,24.16,24.22,24.07,33.63,24.74,33.4,2.121555224478953,1.8520239240816387,0.2695313003973143,38.580741402303815,5.5242486000061035,2.2964781686663627,1.5123295645211334,3.790130624796815,0.06413188580538741,0.04921434325179039,0.12399877595664965,0.06288351115625515,0.07841929359121774
qwsw_clora_k1024_lr1e4_s44,qwsw,44.0,qwsw_clora_k1024_lr1e4,clora,0.1288,-0.8900841369762067,39.74,49.01,87.26,cs,45.71,33.77,71.23,47.95,46.38,13.5761,3.3896,0.0001,,1024.0,,False,False,True,74.65,89.83,80.09,94.04,85.4,95.29,88.4,90.4,2.0714655360412513,1.9346918347336524,0.13677370130759892,121.57105479717723,13.589786529541016,3.3919148409237097,4.94273015780751,17.515396583987133,0.05737937521297508,0.04278262271396307,0.06595525709658012,0.04628280468884646,0.047141528041466624
fr_k410_v205_dE0_lr1e2,fr,,fr_k410_v205_dE0_lr1e2,k410,0.305,-0.5157001606532141,24.74,,51.81,,33.62,15.85,,,,13.7016,4.1639,0.01,,410.0,,False,False,False,61.38,43.47,27.74,22.09,73.72,70.71,53.75,61.6,,,,,,,,,,,,,
lrswm_clora_k1024_lr1e4_s42,lrswm,42.0,lrswm_clora_k1024_lr1e4,clora,0.202,-0.6946486305533762,26.1,34.07,43.75,gsm8k,34.5,17.69,28.98,45.65,43.51,10.2937,3.8107,0.0001,,1024.0,,False,False,True,,,,,,,,,2.0309688749330084,1.8520239240816387,0.17894495085136963,110.346899849681,10.294628143310547,3.8128356378525496,4.441132109029395,15.731202246293458,0.061997282671055295,0.054088963291075855,0.07447342073258997,0.05114763697374737,0.05979243429139367
frc_dora_r32_lr3e4_c256_s42,frc,42.0,frc_dora_r32_lr3e4_c256,dora,0.8973,-0.04706233224901941,20.9,29.87,78.54,cs,27.14,14.67,34.25,37.12,36.17,116.6841,18.9455,0.00030000000000000003,,,32.0,False,False,True,70.31,80.41,79.58,86.74,81.85,81.78,65.87,81.8,2.5003465475859667,1.8520239240816387,0.648322623504328,620.9659489013825,116.68265533447266,18.946882620453835,7.210838771736299,20.86886329780365,0.08026786964394478,0.04583916478637464,0.07608164958613498,0.04944643058898129,0.073671575079553
frc_milora_lr1e4_c256_s45,frc,45.0,frc_milora_lr1e4_c256,milora,0.3126,-0.5050110263168319,26.97,35.27,73.24,cs,34.57,19.37,46.25,40.02,36.12,18.0252,8.6694,0.0001,,,,False,False,True,28.04,79.33,78.92,80.44,82.87,84.34,70.56,81.4,2.001651234665983,1.8100692116929957,0.1915820229729872,187.21503183425241,18.025232315063477,8.671997615695,3.9485805106464777,12.245495513322274,0.06723840058859508,0.09544013058054208,0.07694856698060161,0.17880504292208227,0.06703309259518837
qwswm_milora_r32_lr2e4_s43,qwswm,43.0,qwswm_milora_r32_lr2e4,milora,0.1363,-0.8655041441653264,42.42,52.41,69.98,gsm8k,44.71,40.13,71.07,52.56,53.58,9.224,2.5336,0.0002,,,32.0,False,False,True,,,,,,,,,2.1927378698024698,1.9346918347336524,0.2580460350688174,97.29727201726219,9.231101036071777,2.533929462943758,11.134040781724854,30.675231218149783,0.06693567675111607,0.33884048080511486,0.05711884186416173,0.24914885013997326,0.05301873482463129
qwsw_dora_r16_lr3e4_s42,qwsw,42.0,qwsw_dora_r16_lr3e4,dora,0.3612,-0.44225225835853177,34.28,42.11,86.61,cs,42.14,26.43,64.51,36.18,41.3,31.2535,10.9357,0.00030000000000000003,,,16.0,False,False,True,73.12,89.01,80.45,94.36,85.16,93.86,85.92,91.0,,,,383.68411184078985,31.259672164916992,10.94325956106186,6.469886000094126,13.336622457401363,0.11156011918316507,0.0932802740673971,0.06634383541635464,0.04620432470198767,0.06915346613504413
frc_lora_r8_lr3e4_c256_s45,frc,45.0,frc_lora_r8_lr3e4_c256,lora,0.5165,-0.2869296741443606,25.04,31.99,61.18,cs,33.08,17.0,40.51,36.6,32.74,38.9296,16.5628,0.00030000000000000003,,,8.0,False,False,True,61.59,77.97,43.04,89.22,24.94,67.26,55.03,70.4,2.089740534063535,1.8100692116929957,0.2796713223705394,376.538756314129,38.97100067138672,16.56707717180252,3.18114196006203,6.19304445264518,0.06758796742772123,0.04624994819401667,0.07479959788745319,0.049156481105486934,0.06631197530760678
qwswm_dora_r16_lr5e5_s44,qwswm,44.0,qwswm_dora_r16_lr5e5,dora,0.0507,-1.294992040666664,43.72,53.56,57.39,gsm8k,46.86,40.58,71.98,50.6,57.8,3.4768,1.0896,5e-05,,,16.0,False,False,True,,,,,,,,,1.9661137577226973,1.9346918347336524,0.03142192298904489,25.529084698716744,3.480377435684204,1.09041863573449,3.2649673638123313,9.042682050069034,0.12492255344801965,0.10430877824592945,0.0798154877981535,0.05225235913726069,0.0787972073721505
lrsw_milora_r32_lr3e4_s42,lrsw,42.0,lrsw_milora_r32_lr3e4,milora,0.5432,-0.2650402387275547,24.72,33.64,79.86,cs,32.5,16.95,43.09,39.76,35.91,48.5074,15.6114,0.00030000000000000003,,,32.0,False,False,True,71.35,82.64,79.68,89.24,83.66,84.01,69.28,79.0,2.261508517512025,1.8520239240816387,0.4094845934303861,420.20305580964055,48.50727462768555,15.613604140281677,5.930291500394581,16.244204981295127,0.06798420820445789,0.08275718854391786,0.0725626703349235,0.08648955137417752,0.06577212109036806
b4_lora_null_r16_lr3e4_s44,b4,44.0,b4_lora_null_r16_lr3e4,lora_null,0.4619,-0.33545203775345334,24.32,33.52,79.79,cs,31.95,16.7,42.04,39.59,37.32,26.4479,10.9958,0.00030000000000000003,,,16.0,False,False,False,71.87,82.92,78.81,89.49,82.0,84.01,69.2,80.0,2.0945576320865937,1.8100692116929957,0.284488420393598,348.5291650744239,26.457582473754883,10.998749309778214,6.4156467473383625,15.002087234731345,0.12100694957630385,0.039569834672057304,0.09714363941561593,0.05692754339444509,0.09826178115034165
frc_clora_k512_lr3e4_c256_s46,frc,46.0,frc_clora_k512_lr3e4_c256,clora,0.5122,-0.2905604258675891,23.52,32.72,79.64,cs,31.76,15.29,38.71,39.42,38.4,24.9103,11.1303,0.00030000000000000003,,512.0,,False,False,True,71.8,82.37,79.22,88.68,81.69,82.32,69.8,81.2,2.3535711207929007,1.8100692116929957,0.5435019090999049,426.6054526549626,24.91706085205078,11.13184944242239,8.356628729909856,23.286665697311165,0.06086237972520662,0.046505439116803014,0.06515104155504492,0.04904395566547038,0.058777126384648805
qwswm_milora_r32_lr5e5_s44,qwswm,44.0,qwswm_milora_r32_lr5e5,milora,0.0689,-1.1617807780923741,43.55,53.02,57.47,gsm8k,45.74,41.36,71.8,49.66,56.54,2.5754,0.7204,5e-05,,,32.0,False,False,True,,,,,,,,,2.035960318368447,1.9346918347336524,0.10126848363479457,25.398487598784907,2.575446367263794,0.7204379794853074,9.471938212071425,31.595588722741738,0.041691948548670775,0.5320418082111867,0.05635082750293504,0.3509935133871564,0.03292285766878909
uioW4_k1024_v128_dE0_lr3e3,other,,uioW4_k1024_v128_dE0_lr3e3,k1024,0.8934,-0.04895405186418023,19.76,,57.38,,31.48,8.04,,,,15.5621,3.4174,0.003,,1024.0,,False,False,False,61.74,61.1,69.75,26.94,66.77,66.04,46.5,60.2,,,,,,,,,,,,,
mtx_sclora_b0p1_s45,mtx,45.0,mtx_sclora_b0p1,sclora,0.9592,-0.018090829909207715,16.9,25.74,77.6,cs,28.2,5.61,22.91,35.92,36.08,37.312,11.4192,,,,,False,False,False,71.07,81.5,77.94,85.89,82.16,80.01,63.65,78.6,2.6674259490557772,1.8100692116929957,0.8573567373627815,535.7946771531637,37.31111526489258,11.420431545376777,14.387677799757894,34.31501134089976,0.09943909888667804,0.040737045216391383,0.3732623033985389,0.022255744067137106,0.1645332575291125
lora_wd0p1_s43,lora,43.0,lora_wd0p1,wd0p1,0.5831,-0.23425695857895562,24.34,,79.95,,30.92,17.76,,,,46.2763,12.445,,0.1,,,False,False,False,72.11,83.57,79.22,89.7,81.45,83.21,69.71,80.6,2.2458537707687403,1.8520239240816387,0.3938298466871015,414.8262074018878,46.27503967285156,12.446808770298958,7.165772853418325,20.83722472835064,0.06995233299340671,0.04660023098523942,0.07520343435957574,0.04915470166625534,0.06765089975841598
lora_wd1p0_s44,lora,44.0,lora_wd1p0,wd1p0,0.1664,-0.7788466780452948,28.33,,53.08,,35.46,21.19,,,,8.8736,2.7336,,1.0,,,False,False,False,62.17,52.29,36.59,71.94,77.35,41.29,37.2,45.8,1.9027774295209572,1.8520239240816387,0.05075350543931845,79.56508150923233,8.896512985229492,2.734900212287903,5.1616409464136295,13.529997163111787,0.07624404022544833,0.05024348431618718,0.10555849185460524,0.05173561617549802,0.07912921892064101
lrswm_lorawd_wd0p3_lr1e4_s44,lrswm,44.0,lrswm_lorawd_wd0p3_lr1e4,lorawd,0.2521,-0.5984271543235541,25.8,34.15,46.32,gsm8k,33.34,18.26,31.01,44.8,43.35,14.9287,4.8735,0.0001,0.3,,,False,False,True,,,,,,,,,1.9787553999005745,1.8100692116929957,0.16868618820757875,114.62699535627132,14.949050903320312,4.875416608154774,3.364207904723253,11.498670631320293,0.07035981757506456,0.052596734914797834,0.09169831959944029,0.05022792246425375,0.07103640176516633
mtxm_lorawd_wd1p0_s42,mtxm,42.0,mtxm_lorawd_wd1p0,lorawd,0.1814,-0.7413627172759235,25.76,34.82,45.87,gsm8k,33.22,18.29,34.63,45.48,42.47,9.9672,2.962,,1.0,,,False,False,False,,,,,,,,,1.955963960769088,1.8520239240816387,0.10394003668744922,95.4410902089654,9.976531982421875,2.962940139696002,6.16441398329658,16.79778263198397,0.07457337716013342,0.05187319699080154,0.09734783109727078,0.04943651687824899,0.07431725156271173
qwsw_clora_k1024_lr1e3_s43,qwsw,43.0,qwsw_clora_k1024_lr1e3,clora,0.6813,-0.16666161106060237,14.82,29.5,39.02,cs,13.82,15.82,43.06,37.88,36.91,66.0043,12.579,0.001,,1024.0,,False,False,True,67.19,12.02,72.06,16.3,80.03,4.25,2.3,58.0,2.9051315446855916,1.9346918347336524,0.9704397099519393,792.9917345526165,66.00308990478516,12.581873391294877,17.855980843572112,29.794342793492216,0.058119425256868786,0.0444688124558191,0.05918997098282931,0.04688305858916065,0.050465392561760615
frc_lora_r16_lr3e4_c256_s45,frc,45.0,frc_lora_r16_lr3e4_c256,lora,0.6031,-0.21961067152904723,23.32,31.95,79.91,cs,31.27,15.37,40.12,37.46,35.55,48.1827,17.1891,0.00030000000000000003,,,16.0,False,False,True,71.13,84.44,80.14,89.2,82.56,82.03,69.2,80.6,2.2103546718486373,1.8100692116929957,0.4002854601556416,470.6354090964501,48.23137664794922,17.20222412645817,4.74518959189901,11.52334176758354,0.06772649251099618,0.04625888501252588,0.07259543093194093,0.04945799972000548,0.06576267807215154
lora_wd0p1,lora,,lora_wd0p1,wd0p1,0.556,-0.25492520841794253,26.57,,80.21,,33.39,19.75,,,,43.7226,12.478,,,,,False,False,False,72.97,83.24,80.86,87.7,82.08,83.29,69.11,82.4,2.241990769414318,1.8520239240816387,0.3899668453326792,415.24678793432366,43.72190475463867,12.479534327983856,7.293935156532792,20.773872840149085,0.07016682292245092,0.0467253762354655,0.07541462845642102,0.049035472234114974,0.06794279109814232
qwswm_lora_r32_lr2e4_ep6_s44,qwswm,44.0,qwswm_lora_r32_lr2e4_ep6,lora,0.2039,-0.69058277422186,43.22,51.78,70.66,gsm8k,45.32,41.12,69.72,48.81,53.93,15.4542,4.7207,0.0002,,,32.0,False,False,True,,,,,,,,,2.4241480387305,1.9346918347336524,0.4894562039968475,214.56232675688952,15.46184253692627,4.721708212154252,12.468492697648003,26.82288762057242,0.11376311188180488,0.10231409523469356,0.06379121584263238,0.04941646963692778,0.07004256181491332
frc_lora_l2_lr3e4_c256_s45,frc,45.0,frc_lora_l2_lr3e4_c256,lora,0.7332,-0.13477754370982095,23.38,30.5,78.87,cs,31.29,15.48,35.96,35.41,34.36,60.3047,17.7053,0.00030000000000000003,,,,False,False,True,71.41,81.99,77.89,88.14,83.19,81.9,65.87,80.6,2.416584319112975,1.8100692116929957,0.6065151074199793,592.360680717195,60.303932189941406,17.70793499946594,7.391720298746203,21.433406228712844,0.06888550509900215,0.04629128871902566,0.07043056085791131,0.049772745899882405,0.06550499701433109
qwswm_lora_null_r16_lr1e4_s43,qwswm,43.0,qwswm_lora_null_r16_lr1e4,lora_null,0.0551,-1.2588484011482148,43.77,53.68,66.19,gsm8k,47.75,39.79,72.22,51.62,57.02,4.9561,1.2913,0.0001,,,16.0,False,False,True,,,,,,,,,1.9701579948377979,1.9346918347336524,0.035466160104145494,47.16875210507947,4.956376552581787,1.2915999803159919,7.860110530521294,19.058827766217714,0.20077983173037167,0.07441190174676005,0.08997072021855171,0.13434605372507866,0.11071598113724057
lrswm_sclora_r32_lr2e4_s44,lrswm,44.0,lrswm_sclora_r32_lr2e4,sclora,0.5446,-0.26392236299605426,20.74,29.91,57.92,math_faithful,30.38,11.1,23.54,39.33,45.18,14.0145,5.6953,0.0002,,,32.0,False,False,True,,,,,,,,,2.4226146064714853,1.8100692116929957,0.6125453947784896,259.7136379621855,14.01392650604248,5.695732700824737,13.152290318198881,35.913992244335,0.10226623729949288,0.038705583017601686,0.4484997758402884,0.01496548399392386,0.17491305902519322
frc_pissa_r32_lr3e4_c256_s42,frc,42.0,frc_pissa_r32_lr3e4_c256,pissa,1.4138,0.15038797732528011,10.59,22.22,70.05,cs,19.18,2.0,23.74,29.01,37.18,54.6307,13.9806,0.00030000000000000003,,,32.0,False,False,True,65.87,77.75,76.25,68.57,75.85,69.11,53.58,73.4,3.930924849780089,1.8520239240816387,2.0789009256984503,723.9691402444324,54.64010238647461,13.9822333663702,18.025627448268274,39.688926189655064,0.22140781811605262,0.03841927380309912,0.45694895758196946,0.027793170721834654,0.21615268883723784
scl2_b0p9_r32_s44,scl2,44.0,scl2_b0p9_r32,b0p9,0.6558,-0.18322858766665354,21.02,27.05,79.73,cs,30.61,11.44,23.86,37.12,32.2,32.0629,10.839,,,,32.0,False,False,False,71.93,82.97,80.3,88.81,82.79,82.87,66.55,81.6,2.2827826870240204,1.8100692116929957,0.4727134753310247,427.3247927718188,32.06259536743164,10.839885500073432,10.626736500039627,27.017509628992887,0.06443634319146742,0.09087631131991945,0.10691243241400535,0.042843328480207325,0.07832290397005953
qwsw_lora_null_r16_lr5e4_s44,qwsw,44.0,qwsw_lora_null_r16_lr5e4,lora_null,0.4273,-0.3692671071828035,16.66,34.76,84.94,cs,16.66,16.66,63.02,37.03,40.45,26.6224,11.1842,0.0005,,,16.0,False,False,True,72.05,88.47,78.81,93.78,85.4,90.03,81.57,89.4,2.4801805494453113,1.8790178806577968,0.6011626687875145,467.7829753289113,26.65835952758789,11.186148251805987,9.22122650968839,15.524068135875773,0.12738639008862154,0.08560975865417715,0.06965362769847387,0.06998597387585435,0.07701029996628962
mtxm_lora_r8_s43,mtxm,43.0,mtxm_lora_r8,lora,0.4752,-0.3231235680268629,24.43,32.32,44.12,gsm8k,32.56,16.3,32.42,39.76,40.56,30.9284,13.1777,,,,8.0,False,False,False,,,,,,,,,2.08390614759452,1.8100692116929957,0.27383693590152425,301.52562603522983,30.96394157409668,13.183020010590553,3.145912742898918,6.197069166821168,0.06695821237692665,0.04846241697292098,0.07784405008535553,0.04928236164469464,0.06634568554963705
lrsw_sclora_r32_lr1e3_s44,lrsw,44.0,lrsw_sclora_r32_lr1e3,sclora,1.7217,0.2359574794666207,7.5,21.05,61.92,cs,11.38,3.62,22.61,30.2,37.46,252.8096,27.5188,0.001,,,32.0,False,False,True,63.21,68.44,73.49,44.53,69.06,60.73,48.89,67.0,3.607861098770362,1.8100692116929957,1.7977918870773661,1391.525151350025,252.81105041503906,27.520373398065566,17.68428004489783,31.586901613468573,0.08350306090503516,0.04485176026807352,0.10954103601440897,0.04618308548428807,0.09526288791196924
qwswm_lorawd_wd0p3_lr3e4_ep6_s43,qwswm,43.0,qwswm_lorawd_wd0p3_lr3e4_ep6,lorawd,0.1147,-0.9404365820987324,44.12,53.44,67.17,gsm8k,44.72,43.53,71.56,53.07,54.32,7.6698,2.2309,0.00030000000000000003,0.3,,,False,False,True,,,,,,,,,2.1214401057063204,1.9346918347336524,0.186748270972668,108.27485295174358,7.6739301681518555,2.231339383763926,13.795040949861813,27.20090697118629,0.11640147365168887,0.10455024164274863,0.07177211239181279,0.04696857225175453,0.07411810090856757
uioW2_k1024_v128_dE1,other,,uioW2_k1024_v128_dE1,k1024,0.7379,-0.1320024896550488,23.68,,50.45,,32.75,14.62,,,,7.2756,4.0392,,,1024.0,,False,False,False,58.47,38.74,66.73,56.82,60.06,40.07,33.28,49.4,,,,,,,,,,,,,
lrswm_dora_r16_lr3e4_s43,lrswm,43.0,lrswm_dora_r16_lr3e4,dora,0.5251,-0.279757981712943,23.22,30.86,47.16,gsm8k,31.27,15.18,28.74,40.02,39.11,31.6266,13.4748,0.00030000000000000003,,,16.0,False,False,True,,,,,,,,,2.2732573534278484,1.8100692116929957,0.4631881417348527,363.4705149064016,31.663190841674805,13.483838841319084,4.44614821897094,11.07445654983065,0.06545230751765442,0.048276584704168866,0.0747967819132374,0.04967726630678095,0.064952296058962
qwsw_milora_r32_lr2e4_s42,qwsw,42.0,qwsw_milora_r32_lr2e4,milora,0.2917,-0.5350635708782673,36.5,44.96,87.05,cs,42.01,31.0,66.98,39.76,45.05,15.2664,5.6504,0.0002,,,32.0,False,False,True,74.1,89.01,80.3,94.76,85.48,94.7,86.86,91.2,,,,217.39614025391617,15.264878273010254,5.6510418031896865,9.66920246793476,25.329832110122265,0.07863356797088886,0.26175730827098054,0.06172320835850832,0.16508007320989077,0.05899590002969503
lrswm_lorawd_wd0p3_lr3e4_s44,lrswm,44.0,lrswm_lorawd_wd0p3_lr3e4,lorawd,0.3515,-0.4540746706441573,24.92,34.12,49.2,gsm8k,32.38,17.46,37.37,41.47,41.94,14.9811,6.971,0.00030000000000000003,0.3,,,False,False,True,,,,,,,,,2.1405347102531587,1.8100692116929957,0.33046549856016294,225.4533778154034,14.981035232543945,6.97315153926611,6.471775899730791,19.05775428666675,0.06864227793107652,0.049190241102315756,0.08140124252458893,0.04945050449836918,0.06882677220039375
qwsw_lorawd_wd0p3_lr3e4_s42,qwsw,42.0,qwsw_lorawd_wd0p3_lr3e4,lorawd,0.2131,-0.671416550285798,41.1,47.22,86.33,cs,47.5,34.69,69.0,39.93,44.97,12.3831,4.5414,0.00030000000000000003,0.3,,,False,False,True,62.26,89.72,80.66,95.4,86.9,95.03,88.05,92.6,,,,195.18004686125937,12.400544166564941,4.542139241950853,9.66921516968184,23.503059569254905,0.11512049782268685,0.0912686155917616,0.07462146831905171,0.04425170563315221,0.07255164013436508
qwswm_milora_r32_lr7e5_s42,qwswm,42.0,qwswm_milora_r32_lr7e5,milora,0.0812,-1.0904439707588247,44.09,53.15,57.09,gsm8k,47.23,40.95,71.76,49.15,56.67,3.3901,0.9506,7.000000000000001e-05,,,32.0,False,False,True,,,,,,,,,2.0669579194931615,1.9346918347336524,0.13226608475950918,34.41827289627105,3.391278028488159,0.950711115449667,10.12124266242084,32.162565242861916,0.045066334336861885,0.5034500844546644,0.055350674206716265,0.3387089314896107,0.03655637268216554
qwsw_sclora_r32_lr5e4_s44,qwsw,44.0,qwsw_sclora_r32_lr5e4,sclora,0.7207,-0.14224547794055775,19.06,26.05,82.7,cs,28.75,9.36,27.02,30.55,34.56,39.7706,11.4474,0.0005,,,32.0,False,False,True,70.18,85.42,78.35,91.19,82.79,90.11,78.75,84.8,3.2314829600167823,1.9346918347336524,1.29679112528313,632.0950969045358,39.77802276611328,11.44921481864793,17.568317209869303,33.30767245577248,0.10626320877875504,0.10755444214448091,0.12649202375380306,0.039510603884105884,0.09721308614128335
frc_sclora_lr1e4_c256_s45,frc,45.0,frc_sclora_lr1e4_c256,sclora,0.5586,-0.25289906863501377,21.53,28.62,80.2,cs,30.78,12.28,29.26,37.12,33.67,16.7337,6.5823,0.0001,,,,False,False,True,72.35,83.57,79.38,88.62,82.4,83.29,69.97,82.0,2.25002423957063,1.8100692116929957,0.4399550278776341,291.68930296206133,16.73948097229004,6.582798062264919,12.507881000388634,32.20685941726433,0.07529032080961594,0.04248510542911797,0.38945766600855747,0.00915352293523247,0.15853328901605226
qwswm_sclora_r32_lr2e4_s44,qwswm,44.0,qwswm_sclora_r32_lr2e4,sclora,0.2962,-0.5284149458148103,35.87,48.46,70.96,gsm8k,43.62,28.12,67.46,47.1,55.99,9.5347,3.1346,0.0002,,,32.0,False,False,True,,,,,,,,,2.324968734351588,1.9346918347336524,0.39027689961793577,170.51919519321575,9.536511421203613,3.1351142236164637,15.86146228890845,41.40782244711009,0.15999497462890894,0.10045782133353395,0.3255110470416856,0.028120333256469544,0.16736130458066548
mtx_lorawd_wd0p05_s45,mtx,45.0,mtx_lorawd_wd0p05,lorawd,0.6279,-0.20210951694165108,22.59,31.26,79.2,cs,29.73,15.45,40.91,36.77,33.42,44.6957,14.7102,,0.05,,,False,False,False,71.83,82.92,80.19,85.77,82.56,83.21,65.53,81.6,2.2873586561045234,1.8100692116929957,0.47728944441152765,494.5197231255353,44.694637298583984,14.712357601523399,7.419008988057502,21.28130771821793,0.0701551534827737,0.04642902213418497,0.07325645080278746,0.04942020385138886,0.06715649392621051
mtx_sclora_r16_s43,mtx,43.0,mtx_sclora_r16,sclora,1.2936,0.11180000689834475,11.34,23.12,76.32,cs,22.64,0.03,24.31,33.11,35.5,32.5154,12.8155,,,,16.0,False,False,False,68.93,80.79,77.48,78.9,81.29,80.35,64.25,78.6,3.1514057432158538,1.8520239240816387,1.299381819134215,448.9902311394865,32.514259338378906,12.817372381687164,7.701873240366502,16.982528505150793,0.11459133423952014,0.04097816424409825,0.48210886723420304,0.019476641696380755,0.1988888996903486
lrswm_milora_r32_lr5e4_s44,lrswm,44.0,lrswm_milora_r32_lr5e4,milora,0.6963,-0.15720360482441983,21.71,30.09,47.54,gsm8k,29.37,14.05,30.69,35.75,40.58,60.8402,16.3007,0.0005,,,32.0,False,False,True,,,,,,,,,2.542353102629059,1.8100692116929957,0.7322838909360632,527.8670024752023,60.839881896972656,16.302003332972525,7.878754806101064,19.505891827311626,0.06471580454217273,0.07361473372938557,0.06890964714866753,0.08266163180417395,0.06328162736692572
frc_lorawd_wd0p2_lr5e4_c256_s44,frc,44.0,frc_lorawd_wd0p2_lr5e4_c256,lorawd,0.5276,-0.27769521312567236,24.65,31.7,80.55,cs,31.35,17.95,38.4,37.88,32.9,51.6757,9.0093,0.0005,0.2,,,False,False,True,72.48,83.84,80.35,91.83,82.4,82.95,68.94,81.6,2.103397155150894,1.8100692116929957,0.29332794345789837,371.30764111188785,51.674476623535156,9.009951177239419,11.692670352419821,24.96186513031559,0.07365778247833574,0.04590036359506754,0.07849120675934325,0.04817300578439978,0.07060668550205167
qwswm_lora_null_r16_lr2e5_s42,qwswm,42.0,qwswm_lora_null_r16_lr2e5,lora_null,0.0292,-1.5346171485515816,43.44,53.27,52.54,gsm8k,47.66,39.21,72.11,50.09,57.29,1.822,0.4429,2e-05,,,16.0,False,False,True,,,,,,,,,,,,13.201640017808984,1.8220361471176147,0.4430205222751413,5.763245914111363,16.376852606792156,0.2136657299250463,0.07925525803424446,0.10312770140170172,0.14560589472600147,0.12586807140375528
lrsw_lorawd_wd0p3_lr2e3_s43,lrsw,43.0,lrsw_lorawd_wd0p3_lr2e3,lorawd,90.9627,1.9588633428153226,0.0,20.04,0.0,cs,0.0,0.0,22.95,27.39,49.87,1952.0587,188.1019,0.002,0.3,,,True,False,True,0.0,0.0,0.0,0.0,0.0,0.0,0.0,0.0,10.058796462210537,1.8520239240816387,8.206772538128899,4342.813816041782,1952.0968017578125,188.25379914045334,1.0257663828668921,1.0756825469165499,0.06301962218542456,0.06400863614507868,0.08753683807971623,0.05419451478151053,0.06943288289109939
mtx_lorawd_wd0p3_s45,mtx,45.0,mtx_lorawd_wd0p3,lorawd,0.343,-0.46470587995722945,27.26,34.36,65.15,cs,34.97,19.56,43.66,38.99,34.63,26.1596,7.0482,,0.3,,,False,False,False,62.2,71.87,44.52,63.1,83.9,69.53,57.85,68.2,1.9848967090185738,1.8100692116929957,0.17482749732557812,234.61426250802532,26.159273147583008,7.049352584779262,7.093042563072711,19.658130700528325,0.07257726949581071,0.04737231584328301,0.08421121201357262,0.04804379410164083,0.0714493910865156
mtx_lorawd_wd0p3_s44,mtx,44.0,mtx_lorawd_wd0p3,lorawd,0.3453,-0.4618034216505458,26.77,35.09,80.44,cs,34.4,19.14,46.94,40.61,34.36,27.7682,7.0859,,0.3,,,False,False,False,62.63,84.39,79.73,91.82,84.53,85.86,71.93,82.6,2.037312112037642,1.8520239240816387,0.1852881879560031,234.65436679523413,27.767898559570312,7.087087444961071,6.944470383438358,19.607675773586877,0.07231607241412503,0.04742456126774719,0.08405407046574678,0.04806245700847836,0.0712889572530692
qwsw_clora_k1024_lr5e5_s44,qwsw,44.0,qwsw_clora_k1024_lr5e5,clora,0.0959,-1.0181813928293364,39.34,50.63,87.39,cs,46.12,32.57,71.94,53.84,48.68,7.3105,2.1263,5e-05,,1024.0,,False,False,True,72.63,90.04,79.99,94.89,85.16,95.54,89.85,91.0,2.0135858449436914,1.9346918347336524,0.07889401021003906,61.02656233127576,7.31328821182251,2.126870068875464,3.09763594511051,11.765983263462715,0.05823900110097281,0.04256491055536112,0.07371476203671716,0.05128895037205042,0.04974358808441921
lrswm_milora_r32_lr3e4_s44,lrswm,44.0,lrswm_milora_r32_lr3e4,milora,0.4425,-0.3540867249661558,23.96,32.54,48.37,gsm8k,31.96,15.97,30.62,40.36,43.79,38.114,11.6409,0.00030000000000000003,,,32.0,False,False,True,,,,,,,,,2.280681682247089,1.8100692116929957,0.4706124705540933,307.33155097481864,38.114227294921875,11.643471905589104,5.545168723255137,15.858023198533086,0.0631485830663324,0.10100490939410249,0.07225517804709775,0.10721501877194942,0.06379046384296172
frc_pissa_r32_lr3e4_c256_s43,frc,43.0,frc_pissa_r32_lr3e4_c256,pissa,1.4141,0.15048012227033458,13.25,23.8,69.25,cs,25.25,1.25,23.43,31.14,37.93,54.1678,13.9728,0.00030000000000000003,,,32.0,False,False,True,66.09,76.33,76.31,61.9,77.11,70.96,54.69,70.6,3.8435286939316966,1.8100692116929957,2.033459482238701,724.3925488098992,54.180145263671875,13.974416953325271,18.046002646851083,39.71883044997787,0.22100774313001023,0.03851175227726975,0.4571030001835942,0.027628338833781237,0.2162396027337775
scl2_b0p0_r128_s43,scl2,43.0,scl2_b0p0_r128,b0p0,1.9579,0.2917905063857841,4.53,19.99,60.73,cs,9.05,0.0,22.92,29.18,38.79,53.9188,16.5941,,,,128.0,False,False,False,63.46,68.39,73.59,46.04,68.19,59.43,44.54,62.2,7.380542294251413,1.8520239240816387,5.528518370169774,1014.2840800176806,53.914249420166016,16.594134372472762,26.22276797248729,110.93437795251207,0.11501988829403653,0.0418559210004531,0.46355932270901773,0.0201890253114823,0.19325580342990256
mtx_sclora_r64_s45,mtx,45.0,mtx_sclora_r64,sclora,0.8833,-0.05389176956309403,17.52,24.63,77.76,cs,27.94,7.1,23.62,33.53,30.96,62.5755,10.9147,,,,64.0,False,False,False,72.35,82.26,78.92,83.19,80.82,80.93,65.78,77.8,2.7029449280406705,1.8100692116929957,0.8928757163476748,597.3320899878778,62.575767517089844,10.915167808532715,21.861901250089254,62.37606112662746,0.07916512661836644,0.04521431606067987,0.19053786591363125,0.030233790662388207,0.11389200019700489
mtxm_lorawd_wd0p3_s43,mtxm,43.0,mtxm_lorawd_wd0p3,lorawd,0.3551,-0.4496493276983845,23.97,33.08,52.77,gsm8k,30.61,17.33,31.51,43.43,42.52,19.0091,7.0047,,0.3,,,False,False,False,,,,,,,,,2.0677647475064718,1.8100692116929957,0.25769553581347604,225.23350092674886,19.094463348388672,7.00726975351572,6.383134902885012,19.073998746695743,0.06824174903079153,0.049170650977970035,0.08102930072874605,0.049566853493375106,0.06836758704638506
frc_lorawd_wd0_lr2e5_c256_s42,frc,42.0,frc_lorawd_wd0_lr2e5_c256,lorawd,0.2203,-0.6569855028492324,26.38,36.37,26.23,cs,33.73,19.03,46.14,46.67,36.28,5.9793,2.3025,2e-05,0.0,,,False,False,True,57.65,40.42,27.58,18.38,2.29,21.34,18.94,23.2,2.113616865244536,1.8520239240816387,0.2615929411628972,38.308161252318044,5.290060997009277,2.2784867253154517,1.5210393040559607,3.839868945042249,0.06439761905823296,0.04837327731201294,0.12473284390223802,0.061718951909226216,0.0787708246005292
mtx_lorawd_wd0p05_s42,mtx,42.0,mtx_lorawd_wd0p05,lorawd,0.6329,-0.19866490432545342,23.4,30.29,0.05,cs,30.56,16.24,32.12,37.97,34.55,52.0335,14.7123,,0.05,,,False,False,False,0.0,0.22,0.0,0.03,0.0,0.17,0.0,0.0,2.3333948570570944,1.8520239240816387,0.48137093297545563,492.02023978934733,52.032867431640625,14.714481604099273,7.3676161655258,21.184627186938783,0.06954946731600979,0.0464984427289595,0.07272341919875273,0.04954523000156005,0.06670509850941468
lrsw_clora_k1024_lr1e3_s42,lrsw,42.0,lrsw_clora_k1024_lr1e3,clora,1.0576,0.024321442141565057,16.76,24.37,72.02,cs,25.34,8.18,23.95,31.23,33.16,37.1783,18.1422,0.001,,1024.0,,False,False,True,66.3,77.37,78.2,74.33,77.51,71.8,56.06,74.6,2.87452189570547,1.8520239240816387,1.0224979716238312,871.0729183883801,37.18466567993164,18.144997614622117,16.19402907611082,27.987637177340133,0.06288450208796223,0.0461137976131377,0.06218590378464394,0.05062129403851964,0.06009918403592443
frc_milora_lr3e4_c256_s44,frc,44.0,frc_milora_lr3e4_c256,milora,0.7361,-0.13306318226836064,22.58,29.92,78.8,cs,30.66,14.49,32.99,36.52,34.93,84.4544,19.3371,0.00030000000000000003,,,,False,False,True,70.46,82.21,78.76,87.8,81.77,81.44,68.52,79.4,2.4564784636834647,1.8100692116929957,0.646409251990469,606.564199188182,84.45504760742188,19.338108551502227,7.86340958063234,19.231234376614953,0.06986447711601376,0.057563435395281706,0.06766993170328041,0.09192643614257433,0.06489444344580457
frc_lorawd_wd0p2_lr7e4_c256_s44,frc,44.0,frc_lorawd_wd0p2_lr7e4_c256,lorawd,0.5988,-0.22271820832898526,22.72,28.84,80.8,cs,30.27,15.17,25.12,37.63,36.0,58.5616,9.2549,0.0007,0.2,,,False,False,True,72.29,83.9,79.99,90.81,83.74,84.18,68.86,82.6,2.176821781020799,1.8100692116929957,0.3667525693278033,398.90071641166156,58.56089782714844,9.256131109595298,13.112152558315172,26.47906786416578,0.07654003583139758,0.04540388913952366,0.07983595350712697,0.04830446481455424,0.07336216871044841
frm_lorawd_wd0p1_lr3e4_c512_s44,frm,44.0,frm_lorawd_wd0p1_lr3e4_c512,lorawd,0.6598,-0.18058768879067488,21.72,30.87,66.26,math_faithful,29.9,13.55,31.48,36.6,42.8,63.8764,9.543,0.00030000000000000003,0.1,,,False,False,True,,,,,,,,,2.4458776302895,1.8100692116929957,0.6358084185965043,507.0217563203826,63.87538146972656,9.543629701435567,20.849771211656925,49.730289707502,0.0730707069811439,0.04629258474642613,0.07758686535773292,0.04953917210307112,0.07096378950417381
qwsw_milora_r32_lr1e4_s45,qwsw,45.0,qwsw_milora_r32_lr1e4,milora,0.1822,-0.7394516273630205,40.07,47.9,69.26,cs,46.94,33.2,69.68,43.52,46.18,9.9606,2.9693,0.0001,,,32.0,False,False,True,74.1,80.14,78.97,86.97,85.0,33.84,30.29,84.8,2.210993010933373,1.9346918347336524,0.2763011761997207,100.60278860584839,9.967615127563477,2.969805686388697,8.11113634383406,24.988985396491874,0.06123424897988176,0.3779966036851136,0.06133039913435579,0.23314776997631487,0.050810279471393514
lrsw_sclora_r32_lr5e5_s42,lrsw,42.0,lrsw_sclora_r32_lr5e5,sclora,0.559,-0.25258819211357664,22.47,32.46,80.14,cs,31.99,12.95,41.87,39.59,35.9,11.2865,3.7554,5e-05,,,32.0,False,False,True,71.87,83.35,79.32,90.18,81.45,85.02,68.34,81.6,2.1648488816906912,1.8520239240816387,0.3128249576090525,117.70318725185882,11.292670249938965,3.7563799247145653,6.705845446357446,28.071725521827712,0.1132225601321431,0.0384290327273708,0.6664179288565786,0.006636201194866617,0.22442961011693818
b4_sclora_r32_lr5e5_s44,b4,44.0,b4_sclora_r32_lr5e5,sclora,0.2613,-0.5828605902726745,26.83,35.41,80.28,cs,34.93,18.73,43.49,43.69,36.19,6.5963,2.4764,5e-05,,,32.0,False,False,False,72.6,84.11,79.63,89.33,82.48,84.89,69.97,79.2,1.9497838798815856,1.8100692116929957,0.1397146681885899,88.13822584693563,6.598450660705566,2.4775478068739174,9.437609552174832,36.152078231057565,0.0812916719753766,0.03678893907834895,0.2743633949428505,0.01444818304181067,0.13591336236042548
frm_lorawd_wd0p3_lr3e4_c512_s44,frm,44.0,frm_lorawd_wd0p3_lr3e4_c512,lorawd,0.3225,-0.4914702810287134,24.6,32.77,68.69,math_faithful,32.35,16.86,30.86,40.1,43.68,33.3526,4.5617,0.00030000000000000003,0.3,,,False,False,True,,,,,,,,,2.0612668717752496,1.8100692116929957,0.25119766008225386,219.17476828496686,33.35249328613281,4.562080325186253,16.717025142319365,43.02925683245487,0.07685753144311157,0.047189733953470335,0.08870436816086943,0.0484963624083836,0.07531118526246541
qwsw_lora_r16_lr3e4_s44,qwsw,44.0,qwsw_lora_r16_lr3e4,lora,0.3759,-0.42492767428618755,34.94,42.22,83.94,cs,41.28,28.61,64.68,36.86,39.68,30.5779,10.6945,0.00030000000000000003,,,16.0,False,False,True,73.55,89.34,76.82,94.29,83.9,87.21,79.78,86.6,2.393254353968371,1.9346918347336524,0.45856251923471847,378.9868857971999,30.583223342895508,10.701972371339798,6.5183500379086805,13.453411224606015,0.11169356915546345,0.09254842411041754,0.06578066020987586,0.04623851372454157,0.06878532259572762
mtx_clora_k512_s44,mtx,44.0,mtx_clora_k512,clora,0.5348,-0.2718086014100532,23.44,32.39,79.89,cs,31.99,14.9,42.34,37.46,35.24,25.1138,11.2076,,,512.0,,False,False,False,70.37,82.92,79.12,89.24,82.56,82.62,70.31,82.0,2.321667612780882,1.8520239240816387,0.46964368869924344,426.2973400022376,25.118465423583984,11.208672380447387,8.09810113799835,23.198307992921315,0.06082008754028433,0.046477964463350306,0.06534000984627596,0.048955916232171305,0.05886533824908519
qwswm_milora_r32_lr3e4_s44,qwswm,44.0,qwswm_milora_r32_lr3e4,milora,0.1856,-0.7314220281171567,43.14,52.19,61.03,gsm8k,47.72,38.56,70.23,48.38,56.04,14.0188,3.5995,0.00030000000000000003,,,32.0,False,False,True,,,,,,,,,2.2390210943064868,1.8790178806577968,0.3600032136486899,151.6154662283829,14.019126892089844,3.5999100357294083,12.41991663950364,30.16646311432909,0.07752672926504589,0.2598720755538766,0.056568805372080935,0.19520538647273017,0.05731170797915323
lrswm_milora_r32_lr3e4_s42,lrswm,42.0,lrswm_milora_r32_lr3e4,milora,0.4679,-0.3298469548078198,24.16,32.21,47.54,gsm8k,32.11,16.22,32.54,39.59,40.61,29.0666,11.6509,0.00030000000000000003,,,32.0,False,False,True,,,,,,,,,2.336056564985544,1.8520239240816387,0.4840326409039051,306.9366294376187,29.066471099853516,11.653344714641571,5.494012585416949,15.774638560688246,0.06277520878462407,0.10067109393660378,0.07259269099727537,0.10704061438074061,0.06391111139351259
lrswm_milora_r32_lr1e3_s42,lrswm,42.0,lrswm_milora_r32_lr1e3,milora,1.2944,0.11206850426819709,18.95,26.83,40.79,gsm8k,27.88,10.03,22.94,28.58,44.7,171.7255,24.4051,0.001,,,32.0,False,False,True,,,,,,,,,3.436705591410807,1.8520239240816387,1.5846816673291682,1078.6858363759652,171.7261962890625,24.40772517323494,13.701849154589015,25.916930101165754,0.07078035741570039,0.05292958544908731,0.07075401026508485,0.05960661170082782,0.06755000748234938
b4_sclora_r32_lr3e4_s44,b4,44.0,b4_sclora_r32_lr3e4,sclora,0.6861,-0.16361258067358905,22.04,28.17,79.3,cs,28.83,15.25,24.37,36.43,35.96,37.9232,10.2214,0.00030000000000000003,,,32.0,False,False,False,71.99,83.13,79.02,89.12,82.08,82.41,67.83,78.8,2.412117189762795,1.8100692116929957,0.6020479780697994,469.4332783761227,37.923744201660156,10.2225782006979,14.141159608429936,33.57743325379278,0.07613654795813606,0.04084941241463245,0.17784683187527028,0.028774259824091337,0.10708575191199601
mtxm_lorawd_wd0p0_s42,mtxm,42.0,mtxm_lorawd_wd0p0,lorawd,0.5985,-0.2229358452575705,23.42,31.86,50.04,gsm8k,32.39,14.44,31.28,37.71,43.48,30.0826,13.4223,,0.0,,,False,False,False,,,,,,,,,2.503473038227839,1.8520239240816387,0.6514491141462004,433.48181039547376,30.0820369720459,13.425173750519752,6.562271199310637,20.021434345620474,0.06583480338789123,0.0479069502919862,0.07193610745890908,0.0504203020341477,0.06444448344016666
frc_lorawd_wd0p2_lr1e3_c256_s42,frc,42.0,frc_lorawd_wd0p2_lr1e3_c256,lorawd,0.6426,-0.19205927878450074,24.08,30.48,78.8,cs,31.61,16.55,33.72,35.24,35.27,60.0743,9.5314,0.001,0.2,,,False,False,True,69.79,82.21,80.66,87.44,81.45,81.69,68.34,78.8,2.182870988422297,1.8520239240816387,0.33084706434065847,421.9315379191352,60.07316589355469,9.532605665922166,13.579889197086361,27.256467471850634,0.07726139154451313,0.04517173138893266,0.08062559209088617,0.04839071277054185,0.0747728868899911
frm_lorawd_wd0_lr1e4_c256_s44,frm,44.0,frm_lorawd_wd0_lr1e4_c256,lorawd,0.4449,-0.3517375942519555,23.14,31.57,63.31,math_faithful,31.65,14.63,27.46,40.78,43.32,27.1613,9.6693,0.0001,0.0,,,False,False,True,,,,,,,,,2.3920447554663316,1.8520239240816387,0.5400208313846928,337.2290660546988,27.180194854736328,9.670947889983655,7.968937261250341,33.12845577898808,0.06597329255327916,0.04841938201567364,0.07259736710170973,0.05113826194604566,0.06467161900180661
lrswm_dora_r16_lr2e4_s42,lrswm,42.0,lrswm_dora_r16_lr2e4,dora,0.3777,-0.422853015172475,24.34,32.13,45.56,gsm8k,31.96,16.72,28.54,41.04,42.38,25.6792,9.9953,0.0002,,,16.0,False,False,True,,,,,,,,,2.1636196462120223,1.8520239240816387,0.31159572213038356,240.81980963719906,25.714889526367188,10.001145376265049,3.482865851458648,9.473752312277439,0.06665012909352538,0.04927033539228003,0.07965610363139901,0.04978187815287162,0.0665270086407837
mtxm_lorawd_wd0p3_s44,mtxm,44.0,mtxm_lorawd_wd0p3,lorawd,0.3452,-0.461929212956828,25.07,33.67,50.87,gsm8k,32.71,17.43,32.41,41.98,43.82,16.2042,6.9906,,0.3,,,False,False,False,,,,,,,,,2.167604786523272,1.8100692116929957,0.3575355748302764,225.71759513710592,16.206239700317383,6.992867556214333,6.424281839181504,19.076776911453944,0.06826755180091065,0.04926747571357327,0.08043059628140643,0.04963417094395301,0.06820304904896113
mtxm_lorawd_wd0p5_s42,mtxm,42.0,mtxm_lorawd_wd0p5,lorawd,0.265,-0.5767541260631921,25.56,33.81,49.36,gsm8k,33.07,18.06,31.27,43.43,43.21,15.374,5.0808,,0.5,,,False,False,False,,,,,,,,,2.054285250750513,1.8520239240816387,0.2022613266688742,164.13892518743663,15.388162612915039,5.082561627775431,6.346654674328106,18.35644950959358,0.07021409671838962,0.04993199226495905,0.08580448901630106,0.04941187281695355,0.07029273929502462
b4_sclora_r32_lr1e4_s43,b4,43.0,b4_sclora_r32_lr1e4,sclora,0.3654,-0.437231456983481,25.8,34.66,81.23,cs,33.6,18.0,42.56,41.89,37.27,9.868,4.0395,0.0001,,,32.0,False,False,False,72.48,83.84,80.66,90.72,83.5,84.85,70.99,82.8,2.0673211266034937,1.8100692116929957,0.2572519149104979,165.7424985756618,9.867454528808594,4.04023710489273,11.249126849327688,36.96050674331337,0.07948601825101659,0.03793499785292468,0.25168971393687845,0.016731372333488988,0.12887429029237582
lrsw_clora_k1024_lr2e4_s44,lrsw,44.0,lrsw_clora_k1024_lr2e4,clora,0.3321,-0.47873112440161475,25.32,33.66,74.17,cs,32.85,17.78,41.6,40.27,35.79,16.5136,7.8458,0.0002,,1024.0,,False,False,True,71.35,83.46,69.91,74.23,82.4,75.67,58.36,78.0,2.1049706577345146,1.8100692116929957,0.2949014460415189,258.3108096014177,16.51614761352539,7.850437062978744,5.582591491854311,18.875886315925914,0.06010870150584907,0.04873702029903438,0.06702650547355395,0.049113906091518375,0.057899097544551296
lrsw_lora_r16_lr1e3_s44,lrsw,44.0,lrsw_lora_r16_lr1e3,lora,1.402,0.14674801363063983,16.93,24.87,68.69,cs,25.51,8.35,23.8,31.4,35.3,252.0014,32.0512,0.001,,,16.0,False,False,True,64.89,74.92,76.36,63.33,74.11,70.41,56.48,69.0,2.886296146387437,1.8100692116929957,1.0762269346944413,1264.3007564794982,251.99729919433594,32.04918010234833,9.981975980943629,14.950247298129296,0.07997380122901698,0.04604518426557928,0.06724164803652352,0.052722449300486564,0.07081068425726975
qwswm_clora_k1024_lr1e4_s43,qwswm,43.0,qwswm_clora_k1024_lr1e4,clora,0.0538,-1.269217724333611,43.34,53.74,64.29,gsm8k,44.65,42.02,71.95,52.65,57.44,5.7126,1.1636,0.0001,,1024.0,,False,False,True,,,,,,,,,1.980874308492533,1.9346918347336524,0.04618247375888074,48.34720561239136,5.717251300811768,1.1639782199269186,8.508610077330369,22.97821712718002,0.05590211045374947,0.044726495250857465,0.06196525599716407,0.04961172338145247,0.04732596675354658
qwswm_sclora_r32_lr2e5_s43,qwswm,43.0,qwswm_sclora_r32_lr2e5,sclora,0.0551,-1.2588484011482148,44.28,54.32,69.07,gsm8k,48.41,40.15,71.7,54.18,57.16,1.8126,0.4702,2e-05,,,32.0,False,False,True,,,,,,,,,1.9794590311471414,1.9346918347336524,0.04476719641348903,21.15901309123067,1.8131853342056274,0.4702192832316671,12.386218999705463,35.24653744078103,0.15074952743029119,0.1040554796611109,0.41119782032908164,0.023812989345924053,0.17232219627361914
scl2_b0p5_r128_s42,scl2,42.0,scl2_b0p5_r128,b0p5,1.887,0.27577190016493136,4.58,21.49,63.5,cs,9.14,0.02,23.81,28.58,45.88,55.8214,14.9863,,,,128.0,False,False,False,63.3,70.35,74.51,51.4,72.45,63.22,47.95,64.8,7.205940956012479,1.8520239240816387,5.35391703193084,954.5448853715721,55.821964263916016,14.986126479506492,29.86790382919667,116.35955034551768,0.10465837240275422,0.04185024132171694,0.3941663292334032,0.021830723628186464,0.17611416024918528
frc_sclora_lr7e4_c256_s42,frc,42.0,frc_sclora_lr7e4_c256,sclora,1.7708,0.24816951330681028,6.29,20.48,59.69,cs,11.15,1.43,23.32,29.18,37.33,219.5419,28.7302,0.0007,,,,False,False,True,62.78,67.52,72.16,43.98,65.11,59.93,44.2,61.8,3.715890001157715,1.8520239240816387,1.8638660770760764,1447.5767835572524,219.5381622314453,28.73168659210205,17.25225422032024,31.397920035065017,0.08180415821505087,0.045095581509262725,0.1395480275316528,0.042316355081837786,0.10518675172793472
qwsw_clora_k1024_lr3e4_s43,qwsw,43.0,qwsw_clora_k1024_lr3e4,clora,0.2865,-0.5428753736965912,37.88,44.56,85.84,cs,43.86,31.91,65.88,38.4,42.73,26.0211,6.7606,0.00030000000000000003,,1024.0,,False,False,True,73.88,89.01,79.58,94.46,84.77,92.51,83.28,89.2,2.3892735097235027,1.9346918347336524,0.45458167498985036,355.1418981162484,26.044923782348633,6.761719928692661,11.036339930573842,25.816813251390787,0.0516564669535711,0.04303329873457451,0.05719793843513544,0.04410604830621424,0.043208580395538945
frm_sclora_lr1e4_c256_s42,frm,42.0,frm_sclora_lr1e4_c256,sclora,0.8531,-0.06900005804384787,17.6,27.01,59.97,math_faithful,28.44,6.76,23.48,33.7,42.65,35.8787,9.113,0.0001,,,,False,False,True,,,,,,,,,3.0573106527508784,1.8520239240816387,1.2052867286692397,542.1494318698105,35.87779235839844,9.113319055736065,23.80943087050069,63.00177449509348,0.08163481701001521,0.04205429668445849,0.4088275762677301,0.012427519878257944,0.1677748507150181
frm_lorawd_wd0p5_lr5e4_c256_s44,frm,44.0,frm_lorawd_wd0p5_lr5e4_c256,lorawd,0.2608,-0.5836924129401175,25.08,33.08,64.82,math_faithful,32.54,17.62,31.87,39.68,43.7,28.5665,3.388,0.0005,0.5,,,False,False,True,,,,,,,,,1.9846522583420048,1.8100692116929957,0.17458304664900903,158.36476780677867,28.566268920898438,3.3883649088442325,15.427448697511625,39.72676349332469,0.08488297198370319,0.04637668034654067,0.0986121124784135,0.04691752520263051,0.08156182928502981
frc_sclora_lr2e4_c256_s43,frc,43.0,frc_sclora_lr2e4_c256,sclora,0.8038,-0.09485199814398397,18.31,26.12,78.5,cs,29.21,7.41,24.51,36.01,33.47,37.8828,11.2106,0.0002,,,,False,False,True,71.8,82.37,78.66,85.51,82.87,81.14,65.61,80.0,2.5506599769493032,1.8100692116929957,0.7405907652563075,533.7271928388107,37.88285446166992,11.211896207928657,14.74769447721674,32.19504275447015,0.07501622308286936,0.042696129794743264,0.3179577470115044,0.017047906729433935,0.14299281692145857
fr_k410_v205_dE1_lr2e2,fr,,fr_k410_v205_dE1_lr2e2,k410,0.7219,-0.14152295818665947,22.38,,54.82,,31.02,13.73,,,,60.3073,10.8577,0.02,,410.0,,False,False,False,62.23,71.98,45.04,47.29,72.69,54.34,42.41,42.6,,,,,,,,,,,,,
qwsw_dora_r16_lr1e4_s42,qwsw,42.0,qwsw_dora_r16_lr1e4,dora,0.159,-0.7986028756795485,38.5,48.43,86.8,cs,45.58,31.43,70.83,47.7,46.63,16.3514,4.7442,0.0001,,,16.0,False,False,True,74.13,89.17,79.99,95.01,86.35,92.97,85.58,91.2,,,,117.58669742545891,16.379737854003906,4.74618695804051,3.1096107412025114,8.581648486176606,0.11525760546909151,0.09175847011496573,0.0791098454311681,0.04835536895553394,0.07362993835326336
qwsw_lora_r16_lr5e4_s43,qwsw,43.0,qwsw_lora_r16_lr5e4,lora,0.5288,-0.27670855352241613,15.4,32.9,73.51,cs,14.65,16.16,57.17,38.48,38.06,41.4081,14.1717,0.0005,,,16.0,False,False,True,70.12,58.54,78.15,57.17,82.95,85.86,73.72,81.6,2.626065011443537,1.9346918347336524,0.6913731767098845,589.2792842637656,41.407127380371094,14.174031627178191,9.2964142173438,14.859521691903742,0.11326986525131014,0.09349523090361206,0.06299393559865953,0.04725657290615054,0.06958585626322024
lrswm_sclora_r32_lr1e3_s44,lrswm,44.0,lrswm_sclora_r32_lr1e3,sclora,1.6668,0.22188349178524042,6.76,21.77,45.56,math_faithful,12.0,1.51,23.63,27.22,44.49,183.5986,23.0847,0.001,,,32.0,False,False,True,,,,,,,,,4.362299518784735,1.8100692116929957,2.5522303070917394,1227.3714899536483,183.59681701660156,23.086936867237092,18.64499508483288,32.68856503453309,0.09448767426216938,0.04253610580515033,0.17660794339364344,0.040141621146104416,0.11827408675053301
brl_lora_r16_lr1e4_s42,brl,42.0,brl_lora_r16_lr1e4,lora,0.1612,-0.7926349625309281,26.06,36.5,44.82,medmcqa,32.7,19.42,48.8,45.14,36.45,4.2918,2.0727,0.0001,,,16.0,False,False,False,,,,,,,,,,,,29.18155609418311,4.291769027709961,2.1170284412801266,2.015684719852298,4.881278259264594,0.09479486914927371,0.05562941819049858,0.101603137097332,0.05686195990106972,0.09612604973281241
qwsw_lora_r16_lr1e4_s44,qwsw,44.0,qwsw_lora_r16_lr1e4,lora,0.1612,-0.7926349625309281,37.77,47.03,86.61,cs,46.03,29.51,70.73,42.41,46.49,15.2075,4.7202,0.0001,,,16.0,False,False,True,73.52,88.52,78.86,94.89,85.0,94.95,86.77,90.4,,,,117.11496156601713,15.232866287231445,4.722035699231284,3.095148166041992,8.588560047607416,0.11545982818401916,0.0916793481197878,0.079428435023101,0.04804719485304003,0.07391289540694035
lrswm_dora_r16_lr5e4_s44,lrswm,44.0,lrswm_dora_r16_lr5e4,dora,0.8888,-0.05119595406718878,21.36,30.12,44.28,gsm8k,30.16,12.57,27.8,37.2,42.88,97.2612,19.9288,0.0005,,,16.0,False,False,True,,,,,,,,,2.484930321338413,1.8100692116929957,0.6748611096454173,629.1573321475935,97.2593002319336,19.937479564547537,6.182236436175476,12.990312842354587,0.07197432846418553,0.04667724276358904,0.07467554720378318,0.050040298413563854,0.06909777196089101
frm_lorawd_wd0p2_lr7e4_c256_s42,frm,42.0,frm_lorawd_wd0p2_lr7e4_c256,lorawd,0.6445,-0.1907770783105782,20.82,29.96,61.26,math_faithful,30.21,11.44,27.6,36.35,44.18,55.7539,7.4768,0.0007,0.2,,,False,False,True,,,,,,,,,2.480879352597427,1.8520239240816387,0.6288554285157884,421.568285497598,55.75177764892578,7.477226421236992,22.82263944002055,50.619192287042,0.08097690106101359,0.045061409318901346,0.09304491285561747,0.04719635127180539,0.08104277929701519
qwsw_lora_null_r16_lr5e5_s44,qwsw,44.0,qwsw_lora_null_r16_lr5e5,lora_null,0.1069,-0.971022294791222,38.94,51.21,85.66,cs,45.98,31.89,71.66,55.89,50.63,6.0593,1.6635,5e-05,,,16.0,False,False,True,62.17,89.39,79.68,93.89,85.08,95.03,88.82,91.2,1.9941492791671245,1.9346918347336524,0.05945744443347212,48.6446590110143,6.060436248779297,1.6637699787105833,5.177384177832467,14.35988312828288,0.20258884753672618,0.07526921936099594,0.09806614888673769,0.11560289569098878,0.11774244897523196
frm_lorawd_wd0p2_lr2e4_c256_s44,frm,44.0,frm_lorawd_wd0p2_lr2e4_c256,lorawd,0.3621,-0.4411714751829884,25.21,33.75,64.67,math_faithful,33.42,17.0,34.19,40.61,43.53,32.5246,5.9224,0.0002,0.2,,,False,False,True,,,,,,,,,2.141852981766768,1.8100692116929957,0.33178377007377224,260.94089418712707,32.52446365356445,5.923142156004905,13.40421754071639,40.05611365140533,0.07179940288342472,0.04826708147523406,0.08094438079497726,0.049529030059685675,0.07055950356097507
mtx_clora_k2048_s45,mtx,45.0,mtx_clora_k2048,clora,0.3612,-0.44225225835853177,25.07,34.11,79.69,cs,34.08,16.06,44.72,39.85,35.82,18.222,8.3405,,,2048.0,,False,False,False,72.51,82.59,78.97,84.43,83.27,84.13,70.39,81.2,2.0823311527795885,1.8100692116929957,0.27226194108659274,293.52593741876467,18.223230361938477,8.344402639567852,5.966829783352177,18.945693035486993,0.05450034423375627,0.04851567098883251,0.06077703776175448,0.048913551891623656,0.052728323763623734
frm_lorawd_wd0p2_lr5e4_c256_s43,frm,43.0,frm_lorawd_wd0p2_lr5e4_c256,lorawd,0.5639,-0.2487979054116469,22.56,32.31,62.4,math_faithful,31.02,14.09,31.46,38.31,46.69,57.2899,6.9812,0.0005,0.2,,,False,False,True,,,,,,,,,2.318121794092624,1.8100692116929957,0.5080525823996285,374.45860885137284,57.289894104003906,6.9815713301301,21.49475573408742,49.60831738377612,0.07996042624779205,0.04540195788011194,0.08990296649193355,0.047625384880274596,0.0788269515460564
lrsw_lora_r16_lr2e5_s42,lrsw,42.0,lrsw_lora_r16_lr2e5,lora,0.2289,-0.6403542073254571,26.32,36.8,53.56,cs,33.59,19.05,45.83,47.61,37.93,4.9188,1.9701,2e-05,,,16.0,False,False,True,7.19,58.43,46.67,46.1,74.82,72.56,59.9,62.8,2.1331621092467725,1.8520239240816387,0.2811381851651338,30.959485566626295,4.928798198699951,1.9719704668968916,1.2765119585822111,2.246061580555928,0.06279511191565397,0.04778277515984823,0.13682633458298502,0.06023675122088779,0.08124344238271337
frc_lorawd_wd0_lr1e4_c256_s43,frc,43.0,frc_lorawd_wd0_lr1e4_c256,lorawd,0.299,-0.5243288116755703,26.2,35.21,80.93,cs,33.24,19.16,46.77,40.36,36.52,19.4162,8.066,0.0001,0.0,,,False,False,True,72.2,84.17,78.56,91.37,83.19,84.93,71.59,81.4,1.9844879988502595,1.8100692116929957,0.17441878715726378,184.19626800462544,19.41985321044922,8.067555004358292,3.1903902516517424,11.530489788376435,0.07004285446368774,0.04887612103298263,0.08416983821368008,0.04986517429726702,0.06970830788548842
lrsw_lorawd_wd0p3_lr3e4_s44,lrsw,44.0,lrsw_lorawd_wd0p3_lr3e4,lorawd,0.3507,-0.45506423411849745,26.9,34.94,49.84,cs,34.27,19.53,44.94,40.96,35.01,20.3812,7.0489,0.00030000000000000003,0.3,,,False,False,True,44.53,71.33,26.46,26.97,58.72,63.51,51.37,55.8,2.0010711570244637,1.8100692116929957,0.19100194533146797,233.90933711129688,20.380992889404297,7.050029443204403,7.035176910976501,19.614077751256414,0.07260969371057478,0.04737959932587962,0.08364329878466144,0.04808276638755896,0.0710507815294398
lrsw_sclora_r32_lr3e4_s43,lrsw,43.0,lrsw_sclora_r32_lr3e4,sclora,0.7458,-0.1273776209747116,18.98,27.32,79.29,cs,28.74,9.21,25.17,38.31,35.17,39.3146,10.2703,0.00030000000000000003,,,32.0,False,False,True,71.99,82.26,79.48,87.15,82.72,82.49,66.21,82.0,2.507403742016905,1.8100692116929957,0.6973345303239091,481.8272839553206,39.31412124633789,10.271373137831688,14.492807877013012,34.01773505015801,0.08416426749599408,0.040573569445392324,0.24326257769479398,0.02631740932673971,0.12746139825930897
frc_clora_k2048_lr3e4_c256_s45,frc,45.0,frc_clora_k2048_lr3e4_c256,clora,0.3359,-0.4737899961583357,25.29,33.23,71.52,cs,33.44,17.14,38.42,40.27,36.88,16.6064,8.2727,0.00030000000000000003,,2048.0,,False,False,True,44.65,83.41,79.53,52.16,79.24,83.63,69.71,79.8,2.1027025955595535,1.8100692116929957,0.2926333838665578,293.3429075981437,16.62433433532715,8.27593711167574,6.10197041875656,19.011965913960704,0.054644889890287214,0.04880412256214,0.0608778391250889,0.048585577448481555,0.05281066162490215
qwswm_lorawd_wd0p3_lr3e4_s44,qwswm,44.0,qwswm_lorawd_wd0p3_lr3e4,lorawd,0.1038,-0.9838026464875609,45.16,54.22,67.48,gsm8k,47.09,43.23,71.49,52.05,57.22,7.9923,2.239,0.00030000000000000003,0.3,,,False,False,True,,,,,,,,,,,,97.00495446474915,7.9920549392700195,2.2394759359104293,11.336624474366792,25.43020653682357,0.11685990091364674,0.10079024375231804,0.06644043586400689,0.04714875705731642,0.07255640673437364
frc_clora_k2048_lr3e4_c256_s43,frc,43.0,frc_clora_k2048_lr3e4_c256,clora,0.3516,-0.45395113359826567,25.27,34.65,75.63,cs,33.64,16.9,44.86,40.02,37.83,17.5681,8.4944,0.00030000000000000003,,2048.0,,False,False,True,62.17,82.59,73.64,71.76,82.24,83.92,69.11,79.6,2.189928495759926,1.8520239240816387,0.33790457167828736,293.7223695573525,17.571374893188477,8.497913520038129,5.863729316438789,18.76077019098201,0.05447111357040687,0.04855671137752721,0.06090587593638859,0.04856503085474856,0.05275055733866241
frc_lorawd_wd0p1_lr2e4_c256_s42,frc,42.0,frc_lorawd_wd0p1_lr2e4_c256,lorawd,0.4288,-0.36774522331528636,25.24,33.94,81.28,cs,32.13,18.35,42.87,41.64,34.69,29.5455,10.6581,0.0002,0.1,,,False,False,True,72.81,83.9,79.89,91.11,83.98,86.07,70.65,81.8,2.1324998854124804,1.8520239240816387,0.2804759613308416,302.17436488414353,29.584373474121094,10.663493371009826,5.086134999555241,16.827388644983177,0.06914214739692301,0.04735449656676901,0.07864165593969555,0.048859201305407614,0.06811700442700376
lrswm_clora_k1024_lr2e5_s42,lrswm,42.0,lrswm_clora_k1024_lr2e5,clora,0.1947,-0.7106340484799682,26.15,33.85,34.87,gsm8k,34.74,17.55,30.5,46.25,40.2,5.0204,1.5235,2e-05,,1024.0,,False,False,True,,,,,,,,,1.9381953046365474,1.8520239240816387,0.0861713805549087,31.97136893822821,5.029606819152832,1.5245819360017776,2.399548807727332,9.069954465191701,0.058156254606323225,0.050605015998632846,0.11014374583623321,0.05594437370696015,0.06672917646239751
lrswm_clora_k1024_lr5e5_s42,lrswm,42.0,lrswm_clora_k1024_lr5e5,clora,0.2113,-0.6751005029476866,25.56,33.9,40.64,gsm8k,33.33,17.78,30.22,45.48,42.68,7.197,2.6017,5e-05,,1024.0,,False,False,True,,,,,,,,,1.9766705135096625,1.8520239240816387,0.12464658942802376,63.21678987932209,7.204617977142334,2.603040646761656,3.2239230048615135,11.856344741847956,0.06113583401875949,0.05673863128540896,0.0877176411149551,0.05338858172311747,0.06305073894056933
lrsw_milora_r32_lr5e5_s44,lrsw,44.0,lrsw_milora_r32_lr5e5,milora,0.1984,-0.7024583321818402,27.28,36.65,38.85,cs,34.94,19.61,47.54,44.37,36.79,6.2668,3.0166,5e-05,,,32.0,False,False,True,55.99,47.44,3.12,20.16,63.46,48.95,37.12,34.6,1.8801803169229971,1.8100692116929957,0.07011110523000141,56.56670718299365,6.268835067749023,3.017185980081558,2.980664098492585,10.189327957858714,0.0583735758699181,0.22112938711585728,0.09958247288262032,0.19269867022121948,0.0694658799142913
mtx_milora_r16_s45,mtx,45.0,mtx_milora_r16,milora,0.484,-0.31515463835558755,26.24,34.69,61.51,cs,33.31,19.17,45.06,39.25,36.65,31.462,14.72,,,,16.0,False,False,False,68.56,59.36,33.88,37.44,81.53,77.95,62.54,70.8,2.096622325019396,1.8100692116929957,0.2865531133264001,328.2011706009592,31.492889404296875,14.725822940468788,3.6971989842656385,8.577986079652897,0.06614157446735211,0.07805363764166802,0.07609494395428429,0.07886668573197249,0.06638654069535421
lrsw_lora_r16_lr2e5_s44,lrsw,44.0,lrsw_lora_r16_lr2e5,lora,0.2325,-0.6335770427740273,26.49,36.89,59.43,cs,33.79,19.19,46.23,47.61,37.64,4.8536,1.9812,2e-05,,,16.0,False,False,True,61.8,55.06,66.02,34.86,70.88,67.21,58.62,61.0,2.0840292587578664,1.8100692116929957,0.27396004706487065,30.977224385583288,4.8643012046813965,1.9830470044165849,1.2596316891971326,2.2371137573973336,0.06279438925299484,0.047547553984381215,0.13758850250681792,0.05975234720232152,0.081794814724074
qwswm_sclora_r32_lr5e4_s44,qwswm,44.0,qwswm_sclora_r32_lr5e4,sclora,0.5244,-0.28033731698195336,23.58,39.37,59.14,gsm8k,31.64,15.53,55.17,42.15,52.38,25.4734,7.3134,0.0005,,,32.0,False,False,True,,,,,,,,,2.844025901429144,1.9346918347336524,0.9093340666954917,424.25778368360545,25.493173599243164,7.314906608206885,17.85643204352601,37.63287275738604,0.1465418730042251,0.0949908023793165,0.21106195549478768,0.03586787736203602,0.13635138725391632
qwswm_lora_r32_lr5e5_s42,qwswm,42.0,qwswm_lora_r32_lr5e5,lora,0.0518,-1.285670240254767,43.84,53.6,62.24,gsm8k,46.84,40.84,72.11,50.68,57.51,3.8337,1.1338,5e-05,,,32.0,False,False,True,,,,,,,,,,,,31.4187020451609,3.8352761268615723,1.1341798862176282,4.964951201572802,18.28682939749442,0.12552472091017527,0.10580918684211701,0.07264184173321421,0.053672680433460254,0.07693744360370114
scl2_b0p0_r128_s44,scl2,44.0,scl2_b0p0_r128,b0p0,1.9824,0.2971912890319882,2.23,19.79,61.12,cs,4.44,0.02,23.19,30.63,40.69,50.4352,16.6082,,,,128.0,True,False,False,63.24,69.8,71.55,45.25,70.64,60.48,44.37,63.6,7.272985527783074,1.8520239240816387,5.420961603701436,1015.53091743366,50.43718719482422,16.60841803252697,26.121848494937936,110.90559722243945,0.11489494977595789,0.04197518203582451,0.46315709081149337,0.020240006902311338,0.19328993530688499
frc_lora_null_lr3e4_c256_s44,frc,44.0,frc_lora_null_lr3e4_c256,lora_null,0.781,-0.10734896612269966,18.32,27.03,78.18,cs,28.41,8.23,25.56,38.99,33.95,77.9604,15.0227,0.00030000000000000003,,,,False,False,True,70.03,81.83,79.07,85.42,80.98,81.19,66.55,80.4,2.6230459969421487,1.8100692116929957,0.812976785249153,658.3770272003364,77.95926666259766,15.024038380384445,13.008808526733327,30.21675411123966,0.0943391268104251,0.042637342156313776,0.1033701029498751,0.06039428501455513,0.08970128722824784
lora_wd0_fast,lora,,lora_wd0_fast,wd0,0.7435,-0.12871902714202693,23.36,,79.11,,32.0,14.73,,,,63.2895,17.7104,,0.0,,,False,False,False,71.31,83.19,79.68,87.72,81.85,81.36,68.6,79.2,,,,,,,,,,,,,
mtx_milora_r32_s42,mtx,42.0,mtx_milora_r32,milora,0.5432,-0.2650402387275547,24.72,33.64,79.86,cs,32.5,16.95,43.09,39.76,35.91,48.5074,15.6114,,,,32.0,False,False,False,71.35,82.64,79.63,89.25,83.66,84.09,69.28,79.0,2.261508517512025,1.8520239240816387,0.4094845934303861,420.20305580964055,48.50727462768555,15.613604140281677,5.930291500394581,16.244204981295127,0.06798420820445789,0.08275718854391786,0.0725626703349235,0.08648955137417752,0.06577212109036806
mtx_sclora_r64_s42,mtx,42.0,mtx_sclora_r64,sclora,1.2134,0.08400399060802946,11.7,23.35,74.69,cs,22.75,0.66,23.06,35.41,34.85,58.9914,11.8206,,,,64.0,False,False,False,68.87,79.05,77.48,76.64,79.95,76.94,61.35,77.2,2.986307625489864,1.8520239240816387,1.1342837014082252,683.4137341369668,58.98787307739258,11.820972907543183,23.131199585015903,66.37525444806329,0.09668564454618135,0.04107574714509952,0.3223326045253645,0.023551657174384944,0.15603125668303075
frc_lorawd_wd0_lr3e4_c256_s44,frc,44.0,frc_lorawd_wd0_lr3e4_c256,lorawd,0.76,-0.11918640771920865,22.62,31.15,78.78,cs,31.16,14.08,38.28,37.12,35.11,67.7143,17.6812,0.00030000000000000003,0.0,,,False,False,True,69.57,81.99,79.79,88.86,82.87,81.94,66.64,78.6,2.4541965042712923,1.8100692116929957,0.6441272925782966,593.2364522334947,67.71345520019531,17.683122992515564,7.467128284300186,21.384654169885803,0.07019602868698732,0.046100383540718146,0.07051325198876093,0.04971948260389584,0.06613971768727749
frc_lora_null_lr5e4_c256_s46,frc,46.0,frc_lora_null_lr5e4_c256,lora_null,1.1823,0.07272768958526546,16.39,24.48,72.26,cs,24.11,8.67,23.15,32.76,33.72,150.6621,21.6292,0.0005,,,,False,False,True,67.13,79.22,76.0,71.09,77.51,73.53,58.79,74.8,2.9855689914310433,1.8100692116929957,1.1754997797380475,1035.168531060826,150.65769958496094,21.631474620103837,16.213998901919382,30.599529377090047,0.08611372598795827,0.043868934751781705,0.08871496047502038,0.057784121749800854,0.08320959728729471
frc_lorawd_wd0p3_lr1e3_c256_s43,frc,43.0,frc_lorawd_wd0p3_lr1e3_c256,lorawd,0.4418,-0.35477428846458386,25.54,32.9,81.31,cs,33.6,17.49,41.8,37.63,33.97,48.9869,7.1465,0.001,0.3,,,False,False,True,72.2,84.28,80.5,91.75,83.5,84.01,69.2,85.0,2.004617754513131,1.8100692116929957,0.19454854282013545,296.0925132054652,48.98600769042969,7.146924632787704,11.740895643983851,25.462841273894497,0.07701569547039756,0.04498734277557825,0.08532624559525796,0.04773068437733351,0.07606460670424758
frc_lora_null_lr7e4_c256_s43,frc,43.0,frc_lora_null_lr7e4_c256,lora_null,1.5955,0.2028968085295292,15.64,24.96,62.49,cs,24.05,7.22,23.06,31.83,38.65,204.1212,28.3484,0.0007,,,,False,False,True,63.64,71.76,74.21,46.2,70.32,63.22,48.21,62.4,3.343153943720239,1.8100692116929957,1.5330847320272432,1379.141373890178,204.1199188232422,28.350052058696747,16.60983872220714,30.578426287620836,0.08532961489484676,0.045082022574308385,0.08311125983732806,0.05619652311309865,0.08346579749186729
frm_lorawd_wd0p2_lr2e4_c512_s43,frm,43.0,frm_lorawd_wd0p2_lr2e4_c512,lorawd,0.3538,-0.45124217142629564,25.02,34.35,67.85,math_faithful,32.9,17.14,37.65,40.96,43.12,30.1186,5.769,0.0002,0.2,,,False,False,True,,,,,,,,,2.1126494329358816,1.8100692116929957,0.30258022124288586,261.7515057094879,30.117938995361328,5.769575496017933,14.00241965724264,40.957689290469446,0.07154336187008345,0.04811930356122564,0.08065384212458478,0.04962530097674291,0.07021126747338549
frm_lorawd_wd0p2_lr2e4_c256_s45,frm,45.0,frm_lorawd_wd0p2_lr2e4_c256,lorawd,0.3554,-0.4492825765307173,24.37,34.44,64.29,math_faithful,32.36,16.38,37.96,40.7,44.81,31.9973,5.9416,0.0002,0.2,,,False,False,True,,,,,,,,,2.1449601050110587,1.8100692116929957,0.334890893318063,261.1615552047309,31.998065948486328,5.9421802625060085,13.260071945992566,40.03447855871047,0.0719021502749964,0.04804414665364891,0.0810909778552275,0.049420538599366175,0.07068174261293288
lrswm_dora_r16_lr5e5_s44,lrswm,44.0,lrswm_dora_r16_lr5e5,dora,0.3394,-0.469288162018343,25.84,33.24,41.7,gsm8k,34.3,17.39,28.44,44.8,41.28,12.1508,3.6875,5e-05,,,16.0,False,False,True,,,,,,,,,1.9276548867797298,1.8100692116929957,0.11758567508673412,66.25980642602256,12.178173065185547,3.6895715802907945,1.8625723453529122,4.422830256304651,0.06457826333907868,0.055666809657576706,0.1230889501198755,0.050744328929825964,0.07623288329733767
qwsw_clora_k1024_lr1e4_s42,qwsw,42.0,qwsw_clora_k1024_lr1e4,clora,0.1295,-0.8877302315827293,37.96,49.13,87.07,cs,44.49,31.42,71.41,49.49,48.85,12.1192,3.4195,0.0001,,1024.0,,False,False,True,72.14,89.83,79.84,95.26,85.87,95.5,88.74,89.4,,,,121.79020638288858,12.130279541015625,3.4217817793664707,4.920791218364266,17.303708516799983,0.0573858427500857,0.04288821031864802,0.06601304000309974,0.0462809582436043,0.04726182187757109
qwsw_dora_r16_lr2e4_s43,qwsw,43.0,qwsw_dora_r16_lr2e4,dora,0.2584,-0.5877074906769535,38.28,46.9,86.85,cs,44.99,31.57,68.34,44.54,45.05,23.6496,8.2019,0.0002,,,16.0,False,False,True,73.58,89.5,79.58,94.8,86.11,94.15,86.69,90.4,2.222975427727989,1.9346918347336524,0.2882835929943366,250.85402556578424,23.678882598876953,8.209315928391048,4.82827069371459,11.698347510870288,0.11290389461618873,0.0920858106966001,0.07021971260102994,0.04640492702394475,0.07054149472658172
frm_lorawd_wd0p1_lr3e4_c256_s42,frm,42.0,frm_lorawd_wd0p1_lr3e4_c256,lorawd,0.6511,-0.18635230465310332,21.16,29.88,63.31,math_faithful,30.15,12.18,28.51,34.81,43.75,77.294,9.8557,0.00030000000000000003,0.1,,,False,False,True,,,,,,,,,2.5312329554390125,1.8520239240816387,0.6792090313573738,512.3321931514336,77.2908706665039,9.856271310150623,20.22489176498258,49.18874802044756,0.074155081187619,0.046390215644105934,0.07785528113091222,0.04950593003232887,0.07149472410058831
frc_clora_k128_lr3e4_c256_s42,frc,42.0,frc_clora_k128_lr3e4_c256,clora,0.61,-0.21467016498923297,22.64,29.95,79.53,cs,29.96,15.33,35.59,35.67,33.18,28.765,12.9739,0.00030000000000000003,,128.0,,False,False,True,71.31,82.43,79.17,88.04,81.85,81.94,67.66,83.8,2.408633733779311,1.8520239240816387,0.5566098096976724,495.2318396365657,28.76190185546875,12.974754011631012,8.814808413358941,23.96263260813208,0.06317497775439465,0.04604527948416902,0.06678785416446129,0.04938537463950909,0.06111704501117328
frm_milora_lr3e4_c256_s43,frm,43.0,frm_milora_lr3e4_c256,milora,1.2607,0.10061175283379013,17.86,26.97,59.29,math_faithful,28.06,7.65,24.17,29.52,45.47,166.3815,20.3981,0.00030000000000000003,,,,False,False,True,,,,,,,,,3.617247799429716,1.8520239240816387,1.7652238753480773,1120.8285555598911,166.3824462890625,20.39848386645317,23.6532165780953,49.09812024070882,0.07102444222961272,0.053076072844668386,0.06746670974542808,0.08325930702636333,0.06674116324697807
frc_lorawd_wd0p2_lr1e4_c256_s45,frc,45.0,frc_lorawd_wd0p2_lr1e4_c256,lorawd,0.2515,-0.5994620106080537,27.26,36.1,67.2,cs,33.97,20.55,47.44,42.15,36.37,18.4747,6.3034,0.0001,0.2,,,False,False,True,56.06,60.72,76.56,33.09,84.06,81.82,67.92,77.4,1.9436746896980002,1.8100692116929957,0.13360547800500444,141.03365594247774,18.48145866394043,6.304731774330139,3.064173448584487,10.561114342084853,0.07173787958418876,0.04960342612157883,0.08969591817487363,0.050142541929282435,0.07194973397368978
frc_milora_r32_lr3e4_c256_s44,frc,44.0,frc_milora_r32_lr3e4_c256,milora,0.7361,-0.13306318226836064,22.58,29.92,78.72,cs,30.66,14.49,32.99,36.52,34.93,84.4544,19.3371,0.00030000000000000003,,,32.0,False,False,True,70.28,82.1,78.86,87.77,81.77,81.4,68.17,79.4,2.4564784636834647,1.8100692116929957,0.646409251990469,606.564199188182,84.45504760742188,19.338108551502227,7.86340958063234,19.231234376614953,0.06986447711601376,0.057563435395281706,0.06766993170328041,0.09192643614257433,0.06489444344580457
qwswm_lora_r16_lr3e4_s42,qwswm,42.0,qwswm_lora_r16_lr3e4,lora,0.1585,-0.7999707334462297,44.84,54.11,65.73,gsm8k,46.72,42.95,71.14,54.35,55.4,14.6788,4.4693,0.00030000000000000003,,,16.0,False,False,True,,,,,,,,,,,,159.23055309669323,14.68161678314209,4.471445424216134,7.168104253888486,13.749221760458232,0.113429843662797,0.099816659629361,0.06354247519103073,0.0483800644952522,0.06985657654049308
frm_lorawd_wd0p2_lr2e4_c256_s43,frm,43.0,frm_lorawd_wd0p2_lr2e4_c256,lorawd,0.3545,-0.45038376048091466,23.97,33.43,65.2,math_faithful,32.04,15.9,34.3,40.27,44.64,37.5218,5.9431,0.0002,0.2,,,False,False,True,,,,,,,,,2.159990349837869,1.8100692116929957,0.34992113814487324,261.6325893833431,37.520957946777344,5.943692788481712,13.260023479774867,40.03113262313252,0.07234549272013215,0.04816709579120986,0.08087222104875444,0.04938643328076946,0.07073401399055199
qwsw_milora_r32_lr2e5_s43,qwsw,43.0,qwsw_milora_r32_lr2e5,milora,0.1018,-0.99225222199926,39.19,51.4,85.44,cs,45.97,32.41,71.54,57.25,49.81,2.9206,0.746,2e-05,,,32.0,False,False,True,62.75,89.99,79.94,93.69,84.06,94.15,87.97,91.0,2.042830536860529,1.9346918347336524,0.10813870212687648,21.092577102748116,2.9212639331817627,0.7460970234658036,6.344531826299447,23.334387102864486,0.03698324831473802,0.5549093450902005,0.06883512340458336,0.30945716150580316,0.032997391685833696
frm_lorawd_wd0p1_lr2e4_c256_s42,frm,42.0,frm_lorawd_wd0p1_lr2e4_c256,lorawd,0.5035,-0.29800052511036323,23.92,31.52,65.66,math_faithful,33.22,14.61,29.06,36.77,43.96,46.0495,8.6411,0.0002,0.1,,,False,False,True,,,,,,,,,2.3813435504187384,1.8520239240816387,0.5293196263370996,395.7069453645995,46.049129486083984,8.641981437802315,14.393859159645686,42.80458107655499,0.06955901829262154,0.04745371597160548,0.07509621030226055,0.050005189127123074,0.0678873923347057
frc_lorawd_wd0p3_lr7e4_c256_s44,frc,44.0,frc_lorawd_wd0p3_lr7e4_c256,lorawd,0.4274,-0.3691654821719494,26.08,31.19,65.11,cs,33.57,18.6,32.99,37.63,33.14,45.5036,6.9251,0.0007,0.3,,,False,False,True,62.32,74.81,29.43,79.9,75.45,75.25,58.28,65.4,1.9918823133391306,1.8100692116929957,0.18181310164613484,281.4780309211818,45.5028190612793,6.9255526304245,11.519874988684634,24.916092295276677,0.0762750630512164,0.045665287731106265,0.08378209186074037,0.047916990281570246,0.07413239133360493
lrsw_sclora_r32_lr5e5_s44,lrsw,44.0,lrsw_sclora_r32_lr5e5,sclora,0.2836,-0.5472937734889711,25.77,33.94,80.86,cs,33.96,17.58,43.53,39.85,34.79,6.6762,2.6447,5e-05,,,32.0,False,False,True,71.83,83.08,80.19,89.77,83.58,84.76,72.1,81.6,2.0062747039828217,1.8520239240816387,0.15425077990118297,92.90224300774683,6.676280498504639,2.6456661470234395,9.158684111201632,34.423558423665646,0.09103353329979849,0.037027355250568716,0.3865081089026398,0.011888692473340677,0.16268344971757112
frc_lora_r8_lr3e4_c256_s44,frc,44.0,frc_lora_r8_lr3e4_c256,lora,0.5245,-0.28025450747042335,24.83,32.7,78.37,cs,31.88,17.78,42.23,37.46,34.15,42.2381,16.5976,0.00030000000000000003,,,8.0,False,False,True,70.03,82.1,79.99,89.28,82.4,79.46,63.48,80.2,2.116840586939231,1.8520239240816387,0.2648166628575921,375.6427193786936,42.29307556152344,16.602672213315962,3.144157780068952,6.188709017736758,0.0670733675201136,0.046627977234325386,0.0747730932485699,0.048965103178167886,0.06609968594165858
a5_k2048_v410_dE0_lr1e3,a5,,a5_k2048_v410_dE0_lr1e3,k2048,0.191,-0.7189666327522725,26.93,,64.36,,36.11,17.75,,,,5.0642,1.2266,0.001,,2048.0,,False,False,False,62.17,59.63,73.49,34.05,64.8,80.6,63.91,76.2,,,,,,,,,,,,,
lrswm_dora_r16_lr2e4_s44,lrswm,44.0,lrswm_dora_r16_lr2e4,dora,0.3777,-0.422853015172475,24.24,32.31,45.34,gsm8k,31.65,16.82,28.61,42.92,41.54,26.5985,9.9622,0.0002,,,16.0,False,False,True,,,,,,,,,2.1053610398586,1.8100692116929957,0.29529182816560406,241.56976177166692,26.655105590820312,9.967164385318757,3.539514643797553,9.516803603642666,0.06709518773996112,0.04969265459859943,0.07951838062702446,0.04975546294315713,0.06664521268076856
qwswm_clora_k1024_lr1e4_s44,qwswm,44.0,qwswm_clora_k1024_lr1e4,clora,0.0531,-1.274905478918531,42.56,53.08,63.23,gsm8k,43.79,41.33,72.38,51.71,56.17,6.5698,1.1581,0.0001,,1024.0,,False,False,True,,,,,,,,,1.9812639530125369,1.9346918347336524,0.04657211827888452,48.42110574468869,6.5880632400512695,1.1586367303439538,8.578887880787459,23.07080291061086,0.05531104350975613,0.044863372092549425,0.06192299282266968,0.049656420825690085,0.047163768136547185
frm_lorawd_wd0p3_lr5e4_c512_s42,frm,42.0,frm_lorawd_wd0p3_lr5e4_c512,lorawd,0.399,-0.3990271043132517,24.68,32.69,67.55,math_faithful,33.31,16.04,32.05,39.76,42.31,38.9547,4.8992,0.0005,0.3,,,False,False,True,,,,,,,,,2.1432520726070012,1.8520239240816387,0.2912281485253625,255.45866071146918,38.954132080078125,4.8996047176420685,19.379081476300144,46.37773733860972,0.08180098374313281,0.045692191918592404,0.09253614869994942,0.04745970656265513,0.07943210778389265
frm_lorawd_wd0p3_lr7e4_c256_s43,frm,43.0,frm_lorawd_wd0p3_lr7e4_c256,lorawd,0.4423,-0.35428306063039616,24.54,31.47,64.37,math_faithful,33.37,15.72,30.25,36.43,41.58,50.807,5.4772,0.0007,0.3,,,False,False,True,,,,,,,,,2.2350684990918572,1.8100692116929957,0.4249992873988615,283.78713489027405,50.8060302734375,5.477670648694039,19.658102171036138,46.56878531776828,0.08338141701755875,0.04511287539133672,0.09559608400204055,0.046782123883338494,0.08158656920461893
qwsw_clora_k1024_lr2e4_s44,qwsw,44.0,qwsw_clora_k1024_lr2e4,clora,0.216,-0.6655462488490691,38.82,47.29,80.29,cs,43.77,33.86,69.2,42.24,47.37,19.5574,5.3013,0.0002,,1024.0,,False,False,True,74.4,88.52,79.89,45.4,85.56,93.06,85.49,90.0,2.218228212382734,1.9346918347336524,0.2835363776490816,243.89355210577435,19.56366539001465,5.302980703452444,8.283350975189316,23.190872375299485,0.053879745072654736,0.042975521983644,0.060045900714644544,0.04456590805899639,0.0445770979878208
e1_dora_f080_s43,e1,43.0,e1_dora_f080,dora,0.8213,-0.08549817717268593,24.05,33.1,79.31,cs,31.41,16.69,42.54,39.76,35.11,147.416,16.3338,,,,,False,False,False,69.94,83.9,79.07,89.86,82.24,82.32,67.58,79.6,,,,534.3458644219082,147.41477966308594,16.33734161257744,6.919113359409619,13.254408068457835,0.08683485338193248,0.045219767261079444,0.07780975589262737,0.05002084139884948,0.07833499108763135
qwswm_lora_null_r16_lr1e4_s44,qwswm,44.0,qwswm_lora_null_r16_lr1e4,lora_null,0.0553,-1.2572748686953017,43.96,53.55,67.25,gsm8k,48.0,39.93,72.05,51.02,56.74,4.8773,1.296,0.0001,,,16.0,False,False,True,,,,,,,,,1.9706520507211793,1.9346918347336524,0.03596021598752697,47.18593970979724,4.8772292137146,1.2963110081851483,7.824020251870964,19.045397952197224,0.20064331646794473,0.07442953994905234,0.08993790150174233,0.13433969841230176,0.1107105039514885
lrswm_sclora_r32_lr1e4_s44,lrswm,44.0,lrswm_sclora_r32_lr1e4,sclora,0.3907,-0.40815658877521555,22.81,32.13,58.83,math_faithful,31.85,13.77,27.9,41.64,45.49,9.9641,3.4805,0.0001,,,32.0,False,False,True,,,,,,,,,2.170630897460693,1.8100692116929957,0.3605616857676972,145.41519238917283,9.96394157409668,3.4810286119580267,11.488432131846537,35.514900239031874,0.10182880355729836,0.03746859083319194,0.503022387676435,0.010497198276460633,0.18324261715135437
qwswm_lorawd_wd0p3_lr3e4_ep6_s42,qwswm,42.0,qwswm_lorawd_wd0p3_lr3e4_ep6,lorawd,0.1144,-0.9415739755429946,44.57,52.99,71.65,gsm8k,46.48,42.66,70.97,50.94,53.88,7.2238,2.2151,0.00030000000000000003,0.3,,,False,False,True,,,,,,,,,,,,108.15158360737958,7.23179817199707,2.215506285216127,13.880125595445083,27.248048887969254,0.11655549315137083,0.10390253090004048,0.07190385090342308,0.04692276984260983,0.07406472179514283
frc_lorawd_wd0p3_lr7e4_c256_s43,frc,43.0,frc_lorawd_wd0p3_lr7e4_c256,lorawd,0.4343,-0.3622101706377709,25.46,31.15,80.24,cs,32.65,18.27,34.88,37.03,32.9,46.8428,6.9496,0.0007,0.3,,,False,False,True,71.68,83.73,80.5,81.76,85.64,84.85,70.56,83.2,1.9992809680814396,1.8100692116929957,0.1892117563884439,282.15430439150157,46.84226989746094,6.949956792593002,11.479791805052491,24.972023651043912,0.07721511527866039,0.045470990997459486,0.08443801716224589,0.047661204815999086,0.07487112205566233
frc_lora_r32_lr3e4_c256_s43,frc,43.0,frc_lora_r32_lr3e4_c256,lora,0.7589,-0.11981544717356656,22.34,30.43,78.58,cs,29.98,14.69,34.87,36.77,35.82,68.6977,17.8038,0.00030000000000000003,,,32.0,False,False,True,70.12,82.05,80.4,85.5,81.45,80.72,69.37,79.0,2.4430484950544185,1.8100692116929957,0.6329792833614227,593.3101490724205,68.69705963134766,17.806461983919142,7.289600698773939,21.3587747957811,0.06948195213113478,0.04603405104822594,0.0708775012958802,0.04966318571326363,0.066004578796721
qwswm_clora_k1024_lr3e4_s42,qwswm,42.0,qwswm_clora_k1024_lr3e4,clora,0.1116,-0.9523358053984401,43.98,53.75,71.8,gsm8k,46.43,41.52,72.12,52.3,56.36,10.2408,2.3601,0.00030000000000000003,,1024.0,,False,False,True,,,,,,,,,,,,131.71798939791267,10.24351978302002,2.3607721827068286,13.697192566798464,27.189833980022858,0.04952705752949145,0.0457405852270773,0.05465243787084011,0.046601338359617384,0.04272220276201605
lrsw_sclora_r32_lr2e4_s45,lrsw,45.0,lrsw_sclora_r32_lr2e4,sclora,0.6004,-0.22155931642876717,22.12,28.31,80.06,cs,31.01,13.24,27.35,36.6,33.35,19.6139,7.2332,0.0002,,,32.0,False,False,True,73.0,83.79,79.07,87.27,82.32,83.92,69.54,81.6,2.295906753089038,1.8100692116929957,0.48583754139604207,328.27516764215096,19.61322021484375,7.23363706022501,13.33437307021989,35.23010499048647,0.0862310307003207,0.03942838119461714,0.2927684736366691,0.02033348777991849,0.13979748854727184
e1_milora_f040_s43,e1,43.0,e1_milora_f040,milora,0.4236,-0.37304404856455264,26.69,36.05,65.6,cs,33.45,19.93,45.75,45.14,35.97,67.2788,9.7151,,,,,False,False,False,62.17,58.81,73.64,48.09,65.35,81.65,63.48,71.6,,,,331.0307650925801,67.27861785888672,9.715793204307555,9.011079443220867,20.713420546271138,0.0714744679756565,0.06092505127645756,0.0673775316635609,0.06791550920185233,0.06515177312691199
frc_lorawd_wd0_lr1e3_c256_s43,frc,43.0,frc_lorawd_wd0_lr1e3_c256,lorawd,5.4008,0.7324580949807639,3.12,19.94,37.13,cs,6.24,0.0,23.8,25.26,44.39,602.1952,66.5717,0.001,0.0,,,False,False,True,62.17,50.87,33.78,25.28,50.67,23.99,27.3,23.0,5.62739577557749,1.8100692116929957,3.817326563884494,2698.4978330285103,602.1846313476562,66.57768433690072,12.589599157890357,25.90431304698738,0.09357859586326912,0.04806081237327721,0.09376641629492687,0.05130430226686482,0.09422506646750019
mtx_lora_r16_s43,mtx,43.0,mtx_lora_r16,lora,0.6069,-0.21688286250953287,24.28,32.64,79.53,cs,32.78,15.77,39.75,37.63,37.28,45.7434,17.1153,,,,16.0,False,False,False,69.02,82.59,79.32,89.34,83.19,82.79,68.43,81.6,2.253406720060869,1.8520239240816387,0.40138279597923043,470.8544687848592,45.79849624633789,17.127897572517394,4.782721715932537,11.55702431997858,0.0676034421156674,0.04622120399716443,0.07242101203353665,0.04942700120171683,0.06566699966676615
qwsw_clora_k1024_lr2e5_s44,qwsw,44.0,qwsw_clora_k1024_lr2e5,clora,0.0838,-1.0767559813697236,37.45,50.61,84.08,cs,45.92,28.98,71.46,57.08,49.61,4.2387,1.058,2e-05,,1024.0,,False,False,True,62.91,88.79,79.17,84.39,84.53,95.08,88.4,89.4,1.9926440228621627,1.9346918347336524,0.05795218812851033,25.556293238053225,4.242469310760498,1.0587741920018743,2.0888905296955818,7.2410864997176185,0.052437808342755875,0.03951858224321032,0.088144377494459,0.05933079425546564,0.05197782644912327
qwswm_lora_r16_lr5e4_s44,qwswm,44.0,qwswm_lora_r16_lr5e4,lora,0.2425,-0.6152882570617175,42.72,52.33,55.42,gsm8k,46.78,38.66,68.83,53.58,53.81,22.4769,6.6464,0.0005,,,16.0,False,False,True,,,,,,,,,2.1453650135479876,1.9346918347336524,0.21067317881433523,279.03895764233636,22.531009674072266,6.647787644181933,9.606071859899394,14.950109343174924,0.11090679713046475,0.09836155622192709,0.0604307599747123,0.0486098210121449,0.0677260961709249
lrsw_milora_r32_lr2e5_s44,lrsw,44.0,lrsw_milora_r32_lr2e5,milora,0.1729,-0.7622050067260775,26.17,36.74,62.87,cs,33.42,18.92,45.93,47.78,37.65,2.8826,1.3185,2e-05,,,32.0,False,False,True,10.58,76.06,77.33,39.75,78.77,82.11,63.57,74.8,1.8656647047375692,1.8100692116929957,0.05559549304457345,23.48855236995139,2.886545181274414,1.3188720831647516,2.7790588157866614,9.724053932629161,0.052359812780207134,0.2688119348954667,0.12322723361744643,0.23234439133899293,0.07171763880441726
frc_sclora_lr1e3_c256_s44,frc,44.0,frc_sclora_lr1e3_c256,sclora,7.3776,0.8679151048753324,0.64,19.2,36.81,cs,1.27,0.0,23.86,23.29,47.56,508.4888,81.8081,0.001,,,,True,False,True,62.2,50.33,34.08,24.22,49.17,25.0,24.91,24.6,9.280853530835168,1.8100692116929957,7.470784319142172,3301.324683205536,508.4736633300781,81.81342376470566,12.528325987329755,26.318553456690143,0.09905912010778362,0.047623557805488645,0.13777030126846052,0.04630554677843787,0.1182495620056216
frm_lorawd_wd0p5_lr1e4_c256_s43,frm,43.0,frm_lorawd_wd0p5_lr1e4_c256,lorawd,0.1949,-0.7101881608823786,26.14,34.22,64.67,math_faithful,33.94,18.33,31.63,45.56,41.66,11.2612,3.2674,0.0001,0.5,,,False,False,True,,,,,,,,,1.9559463628259663,1.8100692116929957,0.14587715113297062,107.55241903694956,11.27110481262207,3.2682166837155817,6.871624717541159,25.400795566089737,0.07490828529031104,0.05223312478189262,0.09343278827089921,0.04970988022197794,0.0741740675660721
e1_randdir3_f040_s43,e1,43.0,e1_randdir3_f040,randdir3,0.4226,-0.37407050728370544,23.3,32.48,1.84,cs,30.3,16.29,34.35,42.15,39.31,22.9924,7.9664,,,,,False,False,False,6.21,0.6,3.53,0.0,0.32,1.64,1.19,1.2,,,,326.0769978635328,22.992206573486328,7.966635605692863,10.329918901227154,15.33209978218049,0.053091829635770714,0.05310620189274534,0.06847833727633627,0.05045338598921272,0.05775884269880299
uioW4_k2048_v410_dE0_lr1e3,other,,uioW4_k2048_v410_dE0_lr1e3,k2048,0.7167,-0.14466259553045968,25.7,,57.49,,34.09,17.3,,,,3.317,1.5622,0.001,,2048.0,,False,False,False,68.41,61.64,75.38,35.3,55.96,60.27,48.55,54.4,,,,,,,,,,,,,
mtx_sclora_r64_s44,mtx,44.0,mtx_sclora_r64,sclora,1.602,0.20466251174821887,4.17,20.62,73.08,cs,8.12,0.22,22.96,32.42,39.4,35.8106,13.4345,,,,64.0,False,False,False,68.13,78.35,78.05,74.17,78.53,74.45,57.59,75.4,5.364044277380443,1.8520239240816387,3.512020353298804,721.0510848291941,35.823848724365234,13.435519456863403,19.753553008927334,62.992769517054604,0.10473582532137267,0.041673245852333535,0.4152194799346739,0.020946161456553817,0.18111784478934664
lrswm_sclora_r32_lr1e3_s43,lrswm,43.0,lrswm_sclora_r32_lr1e3,sclora,1.641,0.21510858105309322,12.5,24.69,46.85,math_faithful,22.68,2.32,23.57,27.13,47.75,177.5149,23.0407,0.001,,,32.0,False,False,True,,,,,,,,,4.18167166984488,1.8100692116929957,2.3716024581518838,1227.6923567561296,177.51596069335938,23.042878299951553,18.750554912572643,32.73088198043294,0.09399963324967288,0.04258382775305315,0.17619227176068336,0.04014817960382744,0.11786863489596604
d1_leaky_lr1e3,d1,,d1_leaky_lr1e3,leaky,0.1116,-0.9523358053984401,27.58,,31.47,,36.86,18.3,,,,2.5983,0.8486,0.001,,,,False,False,False,62.11,28.51,15.92,23.55,65.43,22.1,18.77,15.4,,,,,,,,,,,,,
qwswm_lora_r32_lr2e4_s44,qwswm,44.0,qwswm_lora_r32_lr2e4,lora,0.1427,-0.845576026885353,44.36,53.64,61.87,gsm8k,47.0,41.73,70.71,53.07,55.68,10.3726,3.415,0.0002,,,32.0,False,False,True,,,,,,,,,2.066929939926266,1.9346918347336524,0.1322381051926138,131.86161559582922,10.36870002746582,3.415805476478168,9.231823373578802,23.903874766788626,0.1161634671843167,0.1002625161598039,0.06360300865718774,0.04937890801153885,0.07095337887042398
qwsw_lora_null_r16_lr1e4_s42,qwsw,42.0,qwsw_lora_null_r16_lr1e4,lora_null,0.1314,-0.8814046347762381,37.64,49.5,85.93,cs,45.38,29.9,71.76,52.3,48.16,7.92,2.6855,0.0001,,,16.0,False,False,True,62.6,89.83,79.58,95.44,84.93,95.96,88.48,90.6,,,,96.18490887017774,7.923287868499756,2.6864534037453787,6.775334164227591,17.59494464672322,0.19275623532348624,0.0630873565999228,0.07413761209536499,0.059090210046000055,0.10284794918149398
lrsw_sclora_r32_lr2e4_s44,lrsw,44.0,lrsw_sclora_r32_lr2e4,sclora,0.5877,-0.2308443092856012,21.52,28.23,79.16,cs,29.8,13.24,27.1,36.09,34.93,22.008,7.26,0.0002,,,32.0,False,False,True,71.68,82.05,78.97,84.25,82.32,84.05,68.52,81.4,2.3485223480864064,1.8100692116929957,0.5384531363934106,328.7354055000185,22.007301330566406,7.2604652389884,13.378671868441868,35.25052577847589,0.08654985296999669,0.039431065305671004,0.2920339894694757,0.020329942216012,0.1397601514641255
frm_lora_lr3e4_c256_s43,frm,43.0,frm_lora_lr3e4_c256,lora,1.2974,0.1130738935942079,18.44,27.49,57.85,math_faithful,27.83,9.06,23.68,29.69,47.2,145.8327,19.9877,0.00030000000000000003,,,,False,False,True,,,,,,,,,3.6110873785840734,1.8520239240816387,1.7590634545024346,1118.3801213378763,145.83155822753906,19.98847902715206,23.158968473795444,52.20171656466595,0.07180873487215082,0.045384966217756124,0.0702851613576187,0.050653963932249274,0.06802717904772489
qwswm_lora_null_r16_lr2e4_s42,qwswm,42.0,qwswm_lora_null_r16_lr2e4,lora_null,0.0849,-1.0710923097560472,43.47,53.67,68.99,gsm8k,47.2,39.74,71.85,52.47,57.08,7.7807,2.2516,0.0002,,,16.0,False,False,True,,,,,,,,,,,,88.42016973299431,7.7818803787231445,2.2519629084638186,8.853523101024784,18.81498845906982,0.17615795045850266,0.0779433516385501,0.08341877915448981,0.12457905737303367,0.09971843502236125
frc_lorawd_wd0p1_lr1e3_c256_s44,frc,44.0,frc_lorawd_wd0p1_lr1e3_c256,lorawd,0.9957,-0.0018714928717335991,19.7,27.53,73.78,cs,28.11,11.3,29.48,33.36,35.4,107.7175,15.0903,0.001,0.1,,,False,False,True,68.26,79.27,77.07,79.84,75.06,76.05,60.07,74.6,2.5138328700370125,1.8100692116929957,0.7037636583440168,710.3690538561715,107.71549224853516,15.092073807120324,15.515062433101097,28.54961307162824,0.07743446020640081,0.04595537520313975,0.07548191356988289,0.04996438695207572,0.0733625823969798
lrsw_dora_r16_lr2e5_s44,lrsw,44.0,lrsw_dora_r16_lr2e5,dora,0.2325,-0.6335770427740273,26.9,36.95,63.07,cs,34.46,19.33,46.26,47.01,37.69,4.6335,1.9683,2e-05,,,16.0,False,False,True,29.33,71.06,77.89,37.81,68.75,81.36,64.16,74.2,2.084448679578089,1.8100692116929957,0.27437946788509326,30.894907252092093,4.643105506896973,1.9702365797013044,1.2623294986110227,2.24081477372914,0.0622057785941512,0.04764089246876578,0.1372006898604457,0.05994567938000684,0.08115282141061081
frc_sclora_lr2e4_c256_s44,frc,44.0,frc_sclora_lr2e4_c256,sclora,0.8069,-0.0931802845334546,15.62,25.01,78.04,cs,23.67,7.56,25.45,36.18,32.2,35.5429,11.1834,0.0002,,,,False,False,True,71.38,81.94,78.81,84.13,79.95,81.99,65.7,80.4,2.5087028770397066,1.8100692116929957,0.6986336653467109,533.8909984070939,35.54227828979492,11.184870237112046,14.860235293414853,32.209207492261825,0.07482718484870647,0.042794026014022706,0.31747806332580153,0.017120249807841638,0.14285756608182917
qwswm_lora_r16_lr3e4_s44,qwswm,44.0,qwswm_lora_r16_lr3e4,lora,0.1569,-0.8043770564130633,44.52,53.91,63.61,gsm8k,47.09,41.95,71.06,53.16,56.27,13.8117,4.494,0.00030000000000000003,,,16.0,False,False,True,,,,,,,,,2.0466720508348297,1.9346918347336524,0.11198021610117737,158.23486015408253,13.812836647033691,4.496314281650952,7.0571803795477095,13.669702427372883,0.1142430747076155,0.09994992932260834,0.06377397048702022,0.048623104574038824,0.07035111632107605
frm_lorawd_wd0p5_lr3e4_c256_s44,frm,44.0,frm_lorawd_wd0p5_lr3e4_c256,lorawd,0.2373,-0.624702261782661,26.02,34.92,67.02,math_faithful,34.2,17.83,38.14,41.38,43.05,23.5393,3.1576,0.00030000000000000003,0.5,,,False,False,True,,,,,,,,,1.9700500271577677,1.8100692116929957,0.15998081546477194,139.39149834967264,23.538822174072266,3.157887553423643,13.531327410148775,36.98560479182443,0.0807019474125347,0.047958637708453426,0.0965200261789614,0.04812671222690637,0.07856590125529238
qwsw_sclora_r32_lr5e5_s43,qwsw,43.0,qwsw_sclora_r32_lr5e5,sclora,0.1968,-0.7059749059046773,38.27,46.02,53.38,cs,45.89,30.65,71.1,37.2,45.28,5.6829,1.8162,5e-05,,,32.0,False,False,True,61.93,71.6,62.79,91.99,41.67,36.87,37.63,22.6,2.0933753044198897,1.9346918347336524,0.15868346968623737,85.43701724588446,5.683760643005371,1.8165694898792675,12.233508130287357,37.19249240984288,0.10252162231244308,0.1265170695028392,0.24728365611202677,0.02686997275901957,0.1304796692280418
frc_lorawd_wd0p1_lr5e4_c256_s43,frc,43.0,frc_lorawd_wd0p1_lr5e4_c256,lorawd,0.7531,-0.12314735239865653,22.76,28.97,78.4,cs,30.04,15.48,28.49,36.01,34.84,76.1725,13.2633,0.0005,0.1,,,False,False,True,71.65,82.05,79.27,86.19,81.22,81.19,65.02,80.6,2.412166217544362,1.8520239240816387,0.5601422934627234,563.4355711167178,76.1714096069336,13.264806631207467,12.518758352418198,25.846288209078544,0.07347372142050758,0.045889583856781886,0.07392676813259251,0.049154580100605964,0.0694174386221892
lrswm_lorawd_wd0p3_lr2e5_s42,lrswm,42.0,lrswm_lorawd_wd0p3_lr2e5,lorawd,0.3199,-0.4949857599158929,26.2,34.03,35.1,gsm8k,35.0,17.4,29.59,46.42,41.72,8.0027,2.2105,2e-05,0.3,,,False,False,True,,,,,,,,,1.9241371928221571,1.8520239240816387,0.07211326874051838,37.903222525091685,8.020543098449707,2.211979519203305,1.586538516397214,3.91351419718079,0.06036356076637521,0.052941395456074125,0.16097995812144916,0.05166594380643139,0.08327417831858558
frc_lorawd_wd0p1_lr3e4_c256_s45,frc,45.0,frc_lorawd_wd0p1_lr3e4_c256,lorawd,0.5482,-0.2610609687965204,25.4,33.26,75.89,cs,32.7,18.09,41.82,39.08,34.61,48.1114,12.473,0.00030000000000000003,0.1,,,False,False,True,71.16,83.41,80.09,88.77,83.74,67.63,55.55,76.8,2.1957474490512956,1.8100692116929957,0.38567823735829987,415.15021694492333,48.11078643798828,12.475216609239578,7.259007343690876,20.813620638270383,0.07062526772938063,0.04657258794510667,0.07528743288904953,0.04893224217943976,0.06798645558707402
scl2_b0p9_r128_s44,scl2,44.0,scl2_b0p9_r128,b0p9,1.3281,0.12323077669851039,6.28,20.73,70.6,cs,12.23,0.32,23.36,33.02,34.72,112.4672,12.237,,,,128.0,False,False,False,67.46,76.39,76.36,65.62,75.37,72.47,58.53,72.6,3.576338938980422,1.8520239240816387,1.7243150148987834,847.2914514366707,112.46869659423828,12.236781030893326,37.55332947921062,123.75043010676852,0.0910030993345384,0.0407685979476856,0.2681316424544218,0.025196985432682485,0.14078518318017447
qwswm_clora_k1024_lr5e4_s42,qwswm,42.0,qwswm_clora_k1024_lr5e4,clora,0.1895,-0.7223907856959089,43.53,52.19,71.42,gsm8k,46.17,40.88,70.04,50.09,53.75,22.0476,3.6341,0.0005,,1024.0,,False,False,True,,,,,,,,,,,,234.23557637158223,22.04836654663086,3.6348724024522587,17.858446677349765,29.10938047772917,0.047718126432135334,0.04541603039367348,0.05220667052208279,0.04623932119081006,0.041189266073008116
uioT_k410_lr1e2,other,,uioT_k410_lr1e2,k410,0.731,-0.13608262304213956,24.98,,72.69,,31.77,18.19,,,,8.9965,3.913,0.01,,410.0,,False,False,False,63.33,71.93,76.51,80.57,72.77,78.91,63.48,74.0,,,,,,,,,,,,,
