run,family,family_label,model,task,recipe,method,method_display,lr,seed,cell,withheld,quarantined,on_pool,retention_mean,retention_broad,adapt,bbh,mmlu_pro,mmlu,arc_c,truthfulqa,fdelta,log10_fdelta
frc_clora_k1024_lr3e4_c256_s42,frc,Llama-CS grid (frc),Llama-2-7B,cs,faithful-CLoRA grid,clora,CLoRA,0.0003,42.0,frc_clora_k1024_lr3e4_c256,False,False,True,24.3,32.72,80.14,31.72,16.88,43.52,39.51,31.96,0.4413,-0.3552660725528074
frc_clora_k1024_lr3e4_c256_s43,frc,Llama-CS grid (frc),Llama-2-7B,cs,faithful-CLoRA grid,clora,CLoRA,0.0003,43.0,frc_clora_k1024_lr3e4_c256,False,False,True,24.32,31.69,59.72,32.05,16.6,36.79,37.88,35.14,0.4408,-0.3557584141562713
frc_clora_k1024_lr3e4_c256_s44,frc,Llama-CS grid (frc),Llama-2-7B,cs,faithful-CLoRA grid,clora,CLoRA,0.0003,44.0,frc_clora_k1024_lr3e4_c256,False,False,True,24.54,32.46,79.93,32.59,16.5,38.71,39.42,35.1,0.4514,-0.3454384452582567
frc_clora_k1024_lr3e4_c256_s45,frc,Llama-CS grid (frc),Llama-2-7B,cs,faithful-CLoRA grid,clora,CLoRA,0.0003,45.0,frc_clora_k1024_lr3e4_c256,False,False,True,23.36,32.34,79.71,31.15,15.58,39.61,38.4,36.97,0.4608,-0.3364875295848444
frc_clora_k128_lr3e4_c256_s42,frc,Llama-CS grid (frc),Llama-2-7B,cs,faithful-CLoRA grid,clora,CLoRA,0.0003,42.0,frc_clora_k128_lr3e4_c256,False,False,True,22.64,29.95,79.53,29.96,15.33,35.59,35.67,33.18,0.61,-0.2146701649892329
frc_clora_k128_lr3e4_c256_s43,frc,Llama-CS grid (frc),Llama-2-7B,cs,faithful-CLoRA grid,clora,CLoRA,0.0003,43.0,frc_clora_k128_lr3e4_c256,False,False,True,22.88,30.65,78.91,31.09,14.66,37.04,36.69,33.77,0.6168,-0.2098556349570994
frc_clora_k128_lr3e4_c256_s44,frc,Llama-CS grid (frc),Llama-2-7B,cs,faithful-CLoRA grid,clora,CLoRA,0.0003,44.0,frc_clora_k128_lr3e4_c256,False,False,True,22.92,30.15,79.21,29.95,15.89,33.24,37.71,33.96,0.5998,-0.2219935385764916
frc_clora_k128_lr3e4_c256_s45,frc,Llama-CS grid (frc),Llama-2-7B,cs,faithful-CLoRA grid,clora,CLoRA,0.0003,45.0,frc_clora_k128_lr3e4_c256,False,False,True,22.29,30.1,69.69,30.56,14.02,33.49,38.57,33.84,0.6329,-0.1986649043254534
frc_clora_k2048_lr3e4_c256_s42,frc,Llama-CS grid (frc),Llama-2-7B,cs,faithful-CLoRA grid,clora,CLoRA,0.0003,42.0,frc_clora_k2048_lr3e4_c256,False,False,True,25.02,33.99,68.53,32.51,17.54,44.17,40.7,35.02,0.3436,-0.4639468448407953
frc_clora_k2048_lr3e4_c256_s43,frc,Llama-CS grid (frc),Llama-2-7B,cs,faithful-CLoRA grid,clora,CLoRA,0.0003,43.0,frc_clora_k2048_lr3e4_c256,False,False,True,25.27,34.65,75.63,33.64,16.9,44.86,40.02,37.83,0.3516,-0.4539511335982656
frc_clora_k2048_lr3e4_c256_s44,frc,Llama-CS grid (frc),Llama-2-7B,cs,faithful-CLoRA grid,clora,CLoRA,0.0003,44.0,frc_clora_k2048_lr3e4_c256,False,False,True,25.22,34.3,65.73,33.6,16.83,44.37,41.04,35.66,0.349,-0.4571745730408201
frc_clora_k2048_lr3e4_c256_s45,frc,Llama-CS grid (frc),Llama-2-7B,cs,faithful-CLoRA grid,clora,CLoRA,0.0003,45.0,frc_clora_k2048_lr3e4_c256,False,False,True,25.29,33.23,71.52,33.44,17.14,38.42,40.27,36.88,0.3359,-0.4737899961583357
frc_clora_k2048_lr3e4_c256_s46,frc,Llama-CS grid (frc),Llama-2-7B,cs,faithful-CLoRA grid,clora,CLoRA,0.0003,46.0,frc_clora_k2048_lr3e4_c256,False,False,True,25.49,34.8,65.51,33.8,17.19,45.06,38.48,39.46,0.3528,-0.4524714235402178
frc_clora_k256_lr3e4_c256_s42,frc,Llama-CS grid (frc),Llama-2-7B,cs,faithful-CLoRA grid,clora,CLoRA,0.0003,42.0,frc_clora_k256_lr3e4_c256,False,False,True,22.66,31.27,79.41,30.86,14.45,37.76,38.48,34.81,0.6048,-0.2183882175068499
frc_clora_k256_lr3e4_c256_s43,frc,Llama-CS grid (frc),Llama-2-7B,cs,faithful-CLoRA grid,clora,CLoRA,0.0003,43.0,frc_clora_k256_lr3e4_c256,False,False,True,24.18,32.88,78.61,32.31,16.05,40.61,38.31,37.12,0.5696,-0.2444300193712
frc_clora_k256_lr3e4_c256_s45,frc,Llama-CS grid (frc),Llama-2-7B,cs,faithful-CLoRA grid,clora,CLoRA,0.0003,45.0,frc_clora_k256_lr3e4_c256,False,False,True,23.08,29.88,78.72,31.53,14.62,34.94,37.03,31.27,0.5839,-0.2336615247487127
frc_clora_k512_lr3e4_c256_s42,frc,Llama-CS grid (frc),Llama-2-7B,cs,faithful-CLoRA grid,clora,CLoRA,0.0003,42.0,frc_clora_k512_lr3e4_c256,False,False,True,23.6,32.1,78.86,31.3,15.89,42.64,37.88,32.81,0.5069,-0.2950777087765982
frc_clora_k512_lr3e4_c256_s43,frc,Llama-CS grid (frc),Llama-2-7B,cs,faithful-CLoRA grid,clora,CLoRA,0.0003,43.0,frc_clora_k512_lr3e4_c256,False,False,True,22.09,29.18,79.2,30.55,13.63,32.32,37.03,32.35,0.5413,-0.2665619729089387
frc_clora_k512_lr3e4_c256_s44,frc,Llama-CS grid (frc),Llama-2-7B,cs,faithful-CLoRA grid,clora,CLoRA,0.0003,44.0,frc_clora_k512_lr3e4_c256,False,False,True,23.18,31.46,79.74,31.41,14.94,39.92,36.35,34.66,0.5411,-0.2667224660674182
frc_clora_k512_lr3e4_c256_s45,frc,Llama-CS grid (frc),Llama-2-7B,cs,faithful-CLoRA grid,clora,CLoRA,0.0003,45.0,frc_clora_k512_lr3e4_c256,False,False,True,24.16,31.47,79.49,32.04,16.29,39.12,36.86,33.06,0.502,-0.2992962828549806
frc_clora_k512_lr3e4_c256_s46,frc,Llama-CS grid (frc),Llama-2-7B,cs,faithful-CLoRA grid,clora,CLoRA,0.0003,46.0,frc_clora_k512_lr3e4_c256,False,False,True,23.52,32.72,79.64,31.76,15.29,38.71,39.42,38.4,0.5122,-0.2905604258675891
frc_cordapp_a1r_lr2e5_c256_s42,frc,Llama-CS grid (frc),Llama-2-7B,cs,faithful-CLoRA grid,cordapp,CorDA++ (withheld),2e-05,42.0,frc_cordapp_a1r_lr2e5_c256,True,False,False,26.56,36.32,37.73,34.27,18.84,42.52,46.5,39.49,0.1737,-0.7602001815529014
frc_cordapp_lr1e3_c256_s42,frc,Llama-CS grid (frc),Llama-2-7B,cs,faithful-CLoRA grid,cordapp,CorDA++ (withheld),0.001,42.0,frc_cordapp_lr1e3_c256,True,True,False,0.0,19.84,1.44,0.0,0.0,22.95,26.54,49.72,110.3962,2.042954124593958
frc_cordapp_lr1e4_c256_s42,frc,Llama-CS grid (frc),Llama-2-7B,cs,faithful-CLoRA grid,cordapp,CorDA++ (withheld),0.0001,42.0,frc_cordapp_lr1e4_c256,True,False,False,25.53,34.84,52.1,33.05,18.02,44.36,45.31,33.44,0.4333,-0.3632113109656252
frc_cordapp_lr2e4_c256_s42,frc,Llama-CS grid (frc),Llama-2-7B,cs,faithful-CLoRA grid,cordapp,CorDA++ (withheld),0.0002,42.0,frc_cordapp_lr2e4_c256,True,False,False,22.98,33.66,73.51,31.53,14.44,43.58,43.43,35.3,0.5616,-0.2505729008782511
frc_cordapp_lr2e5_c256_s42,frc,Llama-CS grid (frc),Llama-2-7B,cs,faithful-CLoRA grid,cordapp,CorDA++ (withheld),2e-05,42.0,frc_cordapp_lr2e5_c256,True,False,False,26.03,35.85,52.18,33.74,18.32,43.06,45.14,38.97,0.2288,-0.6405439798790133
frc_cordapp_lr3e4_c256_s42,frc,Llama-CS grid (frc),Llama-2-7B,cs,faithful-CLoRA grid,cordapp,CorDA++ (withheld),0.0003,42.0,frc_cordapp_lr3e4_c256,True,False,False,22.44,32.17,78.5,31.25,13.63,41.33,40.87,33.76,0.7653,-0.1161682866705475
frc_cordapp_lr5e4_c256_s42,frc,Llama-CS grid (frc),Llama-2-7B,cs,faithful-CLoRA grid,cordapp,CorDA++ (withheld),0.0005,42.0,frc_cordapp_lr5e4_c256,True,True,False,16.27,26.26,77.77,25.5,7.05,25.59,37.03,36.15,10.5845,1.0246703472520045
frc_cordapp_lr7e4_c256_s42,frc,Llama-CS grid (frc),Llama-2-7B,cs,faithful-CLoRA grid,cordapp,CorDA++ (withheld),0.0007,42.0,frc_cordapp_lr7e4_c256,True,True,False,15.98,25.82,71.82,26.77,5.19,23.63,36.35,37.14,31.046,1.4920056531492256
frc_dora_r32_lr3e4_c256_s42,frc,Llama-CS grid (frc),Llama-2-7B,cs,faithful-CLoRA grid,dora,DoRA,0.0003,42.0,frc_dora_r32_lr3e4_c256,False,False,True,20.9,29.87,78.54,27.14,14.67,34.25,37.12,36.17,0.8973,-0.0470623322490194
frc_dora_r32_lr3e4_c256_s43,frc,Llama-CS grid (frc),Llama-2-7B,cs,faithful-CLoRA grid,dora,DoRA,0.0003,43.0,frc_dora_r32_lr3e4_c256,False,False,True,22.78,30.87,78.98,31.21,14.34,36.85,38.05,33.88,0.936,-0.0287241512618947
frc_dora_r32_lr3e4_c256_s44,frc,Llama-CS grid (frc),Llama-2-7B,cs,faithful-CLoRA grid,dora,DoRA,0.0003,44.0,frc_dora_r32_lr3e4_c256,False,False,True,21.15,28.93,78.84,29.92,12.38,30.6,37.46,34.31,0.9182,-0.037062711569998
frc_lora_l2_lr3e4_c256_s42,frc,Llama-CS grid (frc),Llama-2-7B,cs,faithful-CLoRA grid,lora,LoRA,0.0003,42.0,frc_lora_l2_lr3e4_c256,False,False,True,21.7,29.99,78.38,29.52,13.89,36.03,36.18,34.33,0.7172,-0.1443597191098548
frc_lora_l2_lr3e4_c256_s43,frc,Llama-CS grid (frc),Llama-2-7B,cs,faithful-CLoRA grid,lora,LoRA,0.0003,43.0,frc_lora_l2_lr3e4_c256,False,False,True,22.57,30.51,77.63,30.56,14.58,37.29,36.26,33.84,0.7153,-0.1455117749555695
frc_lora_l2_lr3e4_c256_s44,frc,Llama-CS grid (frc),Llama-2-7B,cs,faithful-CLoRA grid,lora,LoRA,0.0003,44.0,frc_lora_l2_lr3e4_c256,False,False,True,23.0,31.18,78.42,31.45,14.55,40.34,36.35,33.19,0.7235,-0.1405614645449437
frc_lora_l2_lr3e4_c256_s45,frc,Llama-CS grid (frc),Llama-2-7B,cs,faithful-CLoRA grid,lora,LoRA,0.0003,45.0,frc_lora_l2_lr3e4_c256,False,False,True,23.38,30.5,78.87,31.29,15.48,35.96,35.41,34.36,0.7332,-0.1347775437098209
frc_lora_null_lr1e3_c256_s42,frc,Llama-CS grid (frc),Llama-2-7B,cs,faithful-CLoRA grid,lora_null,LoRA-Null,0.001,42.0,frc_lora_null_lr1e3_c256,False,True,True,2.48,19.71,38.1,4.91,0.06,23.02,23.29,47.27,7.6799,0.8853555651186297
frc_lora_null_lr1e3_c256_s43,frc,Llama-CS grid (frc),Llama-2-7B,cs,faithful-CLoRA grid,lora_null,LoRA-Null,0.001,43.0,frc_lora_null_lr1e3_c256,False,True,True,1.38,18.97,39.67,2.75,0.0,23.05,21.33,47.73,8.021,0.9042285163400784
frc_lora_null_lr1e3_c256_s44,frc,Llama-CS grid (frc),Llama-2-7B,cs,faithful-CLoRA grid,lora_null,LoRA-Null,0.001,44.0,frc_lora_null_lr1e3_c256,False,True,True,1.08,19.35,37.25,2.15,0.0,23.93,23.55,47.1,6.565,0.8172347304254982
frc_lora_null_lr1e4_c256_s42,frc,Llama-CS grid (frc),Llama-2-7B,cs,faithful-CLoRA grid,lora_null,LoRA-Null,0.0001,42.0,frc_lora_null_lr1e4_c256,False,False,True,24.08,33.25,51.06,32.7,15.45,44.56,41.64,31.91,0.3105,-0.507938395487401
frc_lora_null_lr1e4_c256_s43,frc,Llama-CS grid (frc),Llama-2-7B,cs,faithful-CLoRA grid,lora_null,LoRA-Null,0.0001,43.0,frc_lora_null_lr1e4_c256,False,False,True,24.39,33.99,74.89,32.99,15.79,46.09,40.1,34.97,0.3151,-0.5015515968260004
frc_lora_null_lr1e4_c256_s44,frc,Llama-CS grid (frc),Llama-2-7B,cs,faithful-CLoRA grid,lora_null,LoRA-Null,0.0001,44.0,frc_lora_null_lr1e4_c256,False,False,True,25.71,34.53,69.3,34.02,17.4,44.89,41.38,34.97,0.31,-0.5086383061657274
frc_lora_null_lr1e4_c256_s45,frc,Llama-CS grid (frc),Llama-2-7B,cs,faithful-CLoRA grid,lora_null,LoRA-Null,0.0001,45.0,frc_lora_null_lr1e4_c256,False,False,True,25.76,34.12,77.15,34.45,17.07,45.51,38.4,35.18,0.3141,-0.5029320636014952
frc_lora_null_lr2e4_c256_s42,frc,Llama-CS grid (frc),Llama-2-7B,cs,faithful-CLoRA grid,lora_null,LoRA-Null,0.0002,42.0,frc_lora_null_lr2e4_c256,False,False,True,23.33,30.96,80.12,32.51,14.15,39.69,37.12,31.32,0.534,-0.2724587429714435
frc_lora_null_lr2e4_c256_s43,frc,Llama-CS grid (frc),Llama-2-7B,cs,faithful-CLoRA grid,lora_null,LoRA-Null,0.0002,43.0,frc_lora_null_lr2e4_c256,False,False,True,23.29,31.55,79.75,31.95,14.63,41.44,37.37,32.36,0.5343,-0.272214825817094
frc_lora_null_lr2e4_c256_s44,frc,Llama-CS grid (frc),Llama-2-7B,cs,faithful-CLoRA grid,lora_null,LoRA-Null,0.0002,44.0,frc_lora_null_lr2e4_c256,False,False,True,23.34,31.36,80.23,31.5,15.17,36.95,38.65,34.55,0.5367,-0.2702684047129646
frc_lora_null_lr2e4_c256_s45,frc,Llama-CS grid (frc),Llama-2-7B,cs,faithful-CLoRA grid,lora_null,LoRA-Null,0.0002,45.0,frc_lora_null_lr2e4_c256,False,False,True,22.9,31.19,80.56,32.93,12.88,40.02,38.14,31.96,0.539,-0.2684112348132613
frc_lora_null_lr2e4_c256_s46,frc,Llama-CS grid (frc),Llama-2-7B,cs,faithful-CLoRA grid,lora_null,LoRA-Null,0.0002,46.0,frc_lora_null_lr2e4_c256,False,False,True,22.78,30.75,78.57,31.64,13.93,39.0,37.8,31.4,0.535,-0.2716462179787715
frc_lora_null_lr2e5_c256_s42,frc,Llama-CS grid (frc),Llama-2-7B,cs,faithful-CLoRA grid,lora_null,LoRA-Null,2e-05,42.0,frc_lora_null_lr2e5_c256,False,False,True,26.52,36.47,57.71,34.65,18.38,46.7,46.42,36.19,0.1596,-0.7969671129852894
frc_lora_null_lr2e5_c256_s43,frc,Llama-CS grid (frc),Llama-2-7B,cs,faithful-CLoRA grid,lora_null,LoRA-Null,2e-05,43.0,frc_lora_null_lr2e5_c256,False,False,True,26.0,36.21,70.6,33.6,18.39,46.52,46.33,36.23,0.1581,-0.801068130067791
frc_lora_null_lr3e4_c256_s42,frc,Llama-CS grid (frc),Llama-2-7B,cs,faithful-CLoRA grid,lora_null,LoRA-Null,0.0003,42.0,frc_lora_null_lr3e4_c256,False,False,True,18.66,26.55,78.65,28.63,8.69,24.68,36.77,33.97,0.7731,-0.1117643267294328
frc_lora_null_lr3e4_c256_s43,frc,Llama-CS grid (frc),Llama-2-7B,cs,faithful-CLoRA grid,lora_null,LoRA-Null,0.0003,43.0,frc_lora_null_lr3e4_c256,False,False,True,20.74,28.25,78.31,29.26,12.23,30.22,36.35,33.19,0.761,-0.1186153432294271
frc_lora_null_lr3e4_c256_s44,frc,Llama-CS grid (frc),Llama-2-7B,cs,faithful-CLoRA grid,lora_null,LoRA-Null,0.0003,44.0,frc_lora_null_lr3e4_c256,False,False,True,18.32,27.03,78.18,28.41,8.23,25.56,38.99,33.95,0.781,-0.1073489661226996
frc_lora_null_lr3e4_c256_s45,frc,Llama-CS grid (frc),Llama-2-7B,cs,faithful-CLoRA grid,lora_null,LoRA-Null,0.0003,45.0,frc_lora_null_lr3e4_c256,False,False,True,18.09,26.53,78.23,29.07,7.11,27.94,36.43,32.1,0.7717,-0.1125514997500462
frc_lora_null_lr5e4_c256_s42,frc,Llama-CS grid (frc),Llama-2-7B,cs,faithful-CLoRA grid,lora_null,LoRA-Null,0.0005,42.0,frc_lora_null_lr5e4_c256,False,False,True,16.43,24.18,71.16,26.0,6.86,23.76,32.34,31.96,1.2055,0.0811672147134724
frc_lora_null_lr5e4_c256_s43,frc,Llama-CS grid (frc),Llama-2-7B,cs,faithful-CLoRA grid,lora_null,LoRA-Null,0.0005,43.0,frc_lora_null_lr5e4_c256,False,False,True,17.47,24.51,72.97,27.28,7.66,23.55,32.0,32.04,1.1827,0.0728745968109887
frc_lora_null_lr5e4_c256_s44,frc,Llama-CS grid (frc),Llama-2-7B,cs,faithful-CLoRA grid,lora_null,LoRA-Null,0.0005,44.0,frc_lora_null_lr5e4_c256,False,False,True,16.81,24.58,72.25,26.23,7.39,23.18,33.7,32.41,1.24,0.093421685162235
frc_lora_null_lr5e4_c256_s45,frc,Llama-CS grid (frc),Llama-2-7B,cs,faithful-CLoRA grid,lora_null,LoRA-Null,0.0005,45.0,frc_lora_null_lr5e4_c256,False,False,True,17.32,24.78,72.99,27.37,7.26,22.95,33.53,32.8,1.2324,0.090751689644903
frc_lora_null_lr5e4_c256_s46,frc,Llama-CS grid (frc),Llama-2-7B,cs,faithful-CLoRA grid,lora_null,LoRA-Null,0.0005,46.0,frc_lora_null_lr5e4_c256,False,False,True,16.39,24.48,72.26,24.11,8.67,23.15,32.76,33.72,1.1823,0.0727276895852654
frc_lora_null_lr7e4_c256_s42,frc,Llama-CS grid (frc),Llama-2-7B,cs,faithful-CLoRA grid,lora_null,LoRA-Null,0.0007,42.0,frc_lora_null_lr7e4_c256,False,False,True,14.34,24.49,63.86,21.76,6.93,23.09,31.23,39.42,1.6261,0.2111472498144923
frc_lora_null_lr7e4_c256_s43,frc,Llama-CS grid (frc),Llama-2-7B,cs,faithful-CLoRA grid,lora_null,LoRA-Null,0.0007,43.0,frc_lora_null_lr7e4_c256,False,False,True,15.64,24.96,62.49,24.05,7.22,23.06,31.83,38.65,1.5955,0.2028968085295292
frc_lora_null_lr7e4_c256_s44,frc,Llama-CS grid (frc),Llama-2-7B,cs,faithful-CLoRA grid,lora_null,LoRA-Null,0.0007,44.0,frc_lora_null_lr7e4_c256,False,False,True,13.54,23.93,64.43,19.66,7.41,23.02,32.17,37.39,1.6207,0.209702632120352
frc_lora_r16_lr3e4_c256_s42,frc,Llama-CS grid (frc),Llama-2-7B,cs,faithful-CLoRA grid,lora,LoRA,0.0003,42.0,frc_lora_r16_lr3e4_c256,False,False,True,23.0,32.13,79.56,30.38,15.62,41.7,38.82,34.11,0.6031,-0.2196106715290472
frc_lora_r16_lr3e4_c256_s43,frc,Llama-CS grid (frc),Llama-2-7B,cs,faithful-CLoRA grid,lora,LoRA,0.0003,43.0,frc_lora_r16_lr3e4_c256,False,False,True,24.36,32.34,78.63,32.79,15.92,39.39,37.46,36.16,0.6019,-0.2204756566752101
frc_lora_r16_lr3e4_c256_s45,frc,Llama-CS grid (frc),Llama-2-7B,cs,faithful-CLoRA grid,lora,LoRA,0.0003,45.0,frc_lora_r16_lr3e4_c256,False,False,True,23.32,31.95,79.91,31.27,15.37,40.12,37.46,35.55,0.6031,-0.2196106715290472
frc_lora_r32_lr3e4_c256_s42,frc,Llama-CS grid (frc),Llama-2-7B,cs,faithful-CLoRA grid,lora,LoRA,0.0003,42.0,frc_lora_r32_lr3e4_c256,False,False,True,22.19,29.82,73.46,30.86,13.52,32.89,37.2,34.62,0.7393,-0.1311792938024826
frc_lora_r32_lr3e4_c256_s43,frc,Llama-CS grid (frc),Llama-2-7B,cs,faithful-CLoRA grid,lora,LoRA,0.0003,43.0,frc_lora_r32_lr3e4_c256,False,False,True,22.34,30.43,78.58,29.98,14.69,34.87,36.77,35.82,0.7589,-0.1198154471735665
frc_lora_r32_lr3e4_c256_s44,frc,Llama-CS grid (frc),Llama-2-7B,cs,faithful-CLoRA grid,lora,LoRA,0.0003,44.0,frc_lora_r32_lr3e4_c256,False,False,True,21.6,28.28,76.75,29.66,13.55,29.95,35.15,33.09,0.7255,-0.1393625832262453
frc_lora_r32_lr3e4_c256_s45,frc,Llama-CS grid (frc),Llama-2-7B,cs,faithful-CLoRA grid,lora,LoRA,0.0003,45.0,frc_lora_r32_lr3e4_c256,False,False,True,21.86,30.08,78.63,30.21,13.51,36.5,37.12,33.07,0.7473,-0.126505017743831
frc_lora_r32_lr3e4_c256_s46,frc,Llama-CS grid (frc),Llama-2-7B,cs,faithful-CLoRA grid,lora,LoRA,0.0003,46.0,frc_lora_r32_lr3e4_c256,False,False,True,22.66,30.29,77.81,29.8,15.51,34.08,37.97,34.07,0.7621,-0.1179880383733413
frc_lora_r8_lr3e4_c256_s42,frc,Llama-CS grid (frc),Llama-2-7B,cs,faithful-CLoRA grid,lora,LoRA,0.0003,42.0,frc_lora_r8_lr3e4_c256,False,False,True,23.96,32.86,78.99,31.45,16.47,43.36,39.42,33.58,0.5178,-0.2858379539011467
frc_lora_r8_lr3e4_c256_s43,frc,Llama-CS grid (frc),Llama-2-7B,cs,faithful-CLoRA grid,lora,LoRA,0.0003,43.0,frc_lora_r8_lr3e4_c256,False,False,True,24.95,32.98,78.95,32.47,17.43,40.9,37.71,36.41,0.5068,-0.2951633937885962
frc_lora_r8_lr3e4_c256_s44,frc,Llama-CS grid (frc),Llama-2-7B,cs,faithful-CLoRA grid,lora,LoRA,0.0003,44.0,frc_lora_r8_lr3e4_c256,False,False,True,24.83,32.7,78.37,31.88,17.78,42.23,37.46,34.15,0.5245,-0.2802545074704233
frc_lora_r8_lr3e4_c256_s45,frc,Llama-CS grid (frc),Llama-2-7B,cs,faithful-CLoRA grid,lora,LoRA,0.0003,45.0,frc_lora_r8_lr3e4_c256,False,False,True,25.04,31.99,61.18,33.08,17.0,40.51,36.6,32.74,0.5165,-0.2869296741443606
frc_lorawd_wd0_lr1e3_c256_s42,frc,Llama-CS grid (frc),Llama-2-7B,cs,faithful-CLoRA grid,lorawd,LoRA+wd,0.001,42.0,frc_lorawd_wd0_lr1e3_c256,False,False,True,3.32,20.17,38.63,6.65,0.0,23.02,23.81,47.38,7.04,0.8475726591421122
frc_lorawd_wd0_lr1e3_c256_s43,frc,Llama-CS grid (frc),Llama-2-7B,cs,faithful-CLoRA grid,lorawd,LoRA+wd,0.001,43.0,frc_lorawd_wd0_lr1e3_c256,False,False,True,3.12,19.94,37.13,6.24,0.0,23.8,25.26,44.39,5.4008,0.7324580949807639
frc_lorawd_wd0_lr1e3_c256_s44,frc,Llama-CS grid (frc),Llama-2-7B,cs,faithful-CLoRA grid,lorawd,LoRA+wd,0.001,44.0,frc_lorawd_wd0_lr1e3_c256,False,False,True,6.1,21.41,41.01,12.06,0.13,23.69,26.45,44.71,5.1609,0.7127254440594999
frc_lorawd_wd0_lr1e4_c256_s42,frc,Llama-CS grid (frc),Llama-2-7B,cs,faithful-CLoRA grid,lorawd,LoRA+wd,0.0001,42.0,frc_lorawd_wd0_lr1e4_c256,False,False,True,26.52,35.01,79.36,34.31,18.73,45.87,40.53,35.62,0.3002,-0.5225893120927484
frc_lorawd_wd0_lr1e4_c256_s43,frc,Llama-CS grid (frc),Llama-2-7B,cs,faithful-CLoRA grid,lorawd,LoRA+wd,0.0001,43.0,frc_lorawd_wd0_lr1e4_c256,False,False,True,26.2,35.21,80.93,33.24,19.16,46.77,40.36,36.52,0.299,-0.5243288116755703
frc_lorawd_wd0_lr1e4_c256_s44,frc,Llama-CS grid (frc),Llama-2-7B,cs,faithful-CLoRA grid,lorawd,LoRA+wd,0.0001,44.0,frc_lorawd_wd0_lr1e4_c256,False,False,True,26.9,35.14,79.64,34.2,19.61,45.23,40.27,36.39,0.299,-0.5243288116755703
frc_lorawd_wd0_lr1e4_c256_s45,frc,Llama-CS grid (frc),Llama-2-7B,cs,faithful-CLoRA grid,lorawd,LoRA+wd,0.0001,45.0,frc_lorawd_wd0_lr1e4_c256,False,False,True,26.38,34.67,79.96,33.42,19.33,45.41,40.36,34.83,0.2986,-0.5249101966109935
frc_lorawd_wd0_lr2e4_c256_s42,frc,Llama-CS grid (frc),Llama-2-7B,cs,faithful-CLoRA grid,lorawd,LoRA+wd,0.0002,42.0,frc_lorawd_wd0_lr2e4_c256,False,False,True,24.36,33.67,80.04,31.87,16.84,43.93,38.91,36.78,0.5052,-0.2965366581167069
frc_lorawd_wd0_lr2e4_c256_s43,frc,Llama-CS grid (frc),Llama-2-7B,cs,faithful-CLoRA grid,lorawd,LoRA+wd,0.0002,43.0,frc_lorawd_wd0_lr2e4_c256,False,False,True,24.51,33.23,32.86,31.78,17.24,41.93,38.65,36.55,0.5124,-0.2903908789273513
frc_lorawd_wd0_lr2e4_c256_s44,frc,Llama-CS grid (frc),Llama-2-7B,cs,faithful-CLoRA grid,lorawd,LoRA+wd,0.0002,44.0,frc_lorawd_wd0_lr2e4_c256,False,False,True,24.96,32.69,79.88,32.51,17.4,41.28,39.16,33.11,0.5136,-0.2893749849392031
frc_lorawd_wd0_lr2e4_c256_s45,frc,Llama-CS grid (frc),Llama-2-7B,cs,faithful-CLoRA grid,lorawd,LoRA+wd,0.0002,45.0,frc_lorawd_wd0_lr2e4_c256,False,False,True,23.55,32.25,80.19,31.38,15.72,41.77,37.63,34.75,0.5168,-0.2866774950129723
frc_lorawd_wd0_lr2e5_c256_s42,frc,Llama-CS grid (frc),Llama-2-7B,cs,faithful-CLoRA grid,lorawd,LoRA+wd,2e-05,42.0,frc_lorawd_wd0_lr2e5_c256,False,False,True,26.38,36.37,26.23,33.73,19.03,46.14,46.67,36.28,0.2203,-0.6569855028492324
frc_lorawd_wd0_lr2e5_c256_s43,frc,Llama-CS grid (frc),Llama-2-7B,cs,faithful-CLoRA grid,lorawd,LoRA+wd,2e-05,43.0,frc_lorawd_wd0_lr2e5_c256,False,False,True,26.9,36.51,29.7,34.28,19.52,46.55,45.65,36.55,0.2239,-0.6499459064209697
frc_lorawd_wd0_lr2e5_c256_s44,frc,Llama-CS grid (frc),Llama-2-7B,cs,faithful-CLoRA grid,lorawd,LoRA+wd,2e-05,44.0,frc_lorawd_wd0_lr2e5_c256,False,False,True,26.52,36.41,6.01,33.41,19.62,46.57,45.99,36.45,0.2227,-0.6522797829659618
frc_lorawd_wd0_lr3e4_c256_s42,frc,Llama-CS grid (frc),Llama-2-7B,cs,faithful-CLoRA grid,lorawd,LoRA+wd,0.0003,42.0,frc_lorawd_wd0_lr3e4_c256,False,False,True,21.1,28.79,64.12,30.2,12.0,30.16,36.09,35.52,0.7468,-0.1267956907229593
frc_lorawd_wd0_lr3e4_c256_s43,frc,Llama-CS grid (frc),Llama-2-7B,cs,faithful-CLoRA grid,lorawd,LoRA+wd,0.0003,43.0,frc_lorawd_wd0_lr3e4_c256,False,False,True,23.46,30.13,79.84,31.72,15.21,30.98,37.71,35.01,0.7393,-0.1311792938024826
frc_lorawd_wd0_lr3e4_c256_s44,frc,Llama-CS grid (frc),Llama-2-7B,cs,faithful-CLoRA grid,lorawd,LoRA+wd,0.0003,44.0,frc_lorawd_wd0_lr3e4_c256,False,False,True,22.62,31.15,78.78,31.16,14.08,38.28,37.12,35.11,0.76,-0.1191864077192086
frc_lorawd_wd0_lr3e4_c256_s45,frc,Llama-CS grid (frc),Llama-2-7B,cs,faithful-CLoRA grid,lorawd,LoRA+wd,0.0003,45.0,frc_lorawd_wd0_lr3e4_c256,False,False,True,21.91,28.7,78.37,29.3,14.52,29.87,36.09,33.71,0.7284,-0.1376300628771175
frc_lorawd_wd0_lr5e4_c256_s42,frc,Llama-CS grid (frc),Llama-2-7B,cs,faithful-CLoRA grid,lorawd,LoRA+wd,0.0005,42.0,frc_lorawd_wd0_lr5e4_c256,False,False,True,17.46,26.06,71.03,27.03,7.88,25.57,34.04,35.77,1.1427,0.0579322273806086
frc_lorawd_wd0_lr5e4_c256_s43,frc,Llama-CS grid (frc),Llama-2-7B,cs,faithful-CLoRA grid,lorawd,LoRA+wd,0.0005,43.0,frc_lorawd_wd0_lr5e4_c256,False,False,True,17.51,24.69,73.49,26.88,8.14,23.01,32.94,32.48,1.1542,0.0622810699726438
frc_lorawd_wd0_lr5e4_c256_s44,frc,Llama-CS grid (frc),Llama-2-7B,cs,faithful-CLoRA grid,lorawd,LoRA+wd,0.0005,44.0,frc_lorawd_wd0_lr5e4_c256,False,False,True,17.24,25.32,73.12,26.63,7.84,24.81,32.68,34.63,1.1744,0.0698160425719953
frc_lorawd_wd0_lr5e4_c256_s45,frc,Llama-CS grid (frc),Llama-2-7B,cs,faithful-CLoRA grid,lorawd,LoRA+wd,0.0005,45.0,frc_lorawd_wd0_lr5e4_c256,False,False,True,17.9,25.85,72.62,27.22,8.57,23.33,34.47,35.66,1.1535,0.0620175988571122
frc_lorawd_wd0_lr5e4_c256_s46,frc,Llama-CS grid (frc),Llama-2-7B,cs,faithful-CLoRA grid,lorawd,LoRA+wd,0.0005,46.0,frc_lorawd_wd0_lr5e4_c256,False,False,True,18.26,25.9,73.85,27.78,8.75,23.18,34.22,35.58,1.1402,0.0569810366681131
frc_lorawd_wd0_lr7e4_c256_s42,frc,Llama-CS grid (frc),Llama-2-7B,cs,faithful-CLoRA grid,lorawd,LoRA+wd,0.0007,42.0,frc_lorawd_wd0_lr7e4_c256,False,False,True,16.32,24.59,65.53,25.74,6.9,23.01,32.25,35.07,1.4951,0.1746702414870472
frc_lorawd_wd0_lr7e4_c256_s43,frc,Llama-CS grid (frc),Llama-2-7B,cs,faithful-CLoRA grid,lorawd,LoRA+wd,0.0007,43.0,frc_lorawd_wd0_lr7e4_c256,False,False,True,16.06,24.93,64.84,24.82,7.3,23.64,31.31,37.59,1.5106,0.1791494803611487
frc_lorawd_wd0_lr7e4_c256_s44,frc,Llama-CS grid (frc),Llama-2-7B,cs,faithful-CLoRA grid,lorawd,LoRA+wd,0.0007,44.0,frc_lorawd_wd0_lr7e4_c256,False,False,True,16.2,24.96,65.14,24.39,8.0,22.86,32.08,37.48,1.5076,0.1782861287775673
frc_lorawd_wd0p1_lr1e3_c256_s42,frc,Llama-CS grid (frc),Llama-2-7B,cs,faithful-CLoRA grid,lorawd,LoRA+wd,0.001,42.0,frc_lorawd_wd0p1_lr1e3_c256,False,False,True,19.27,27.32,73.15,28.21,10.33,28.75,33.79,35.5,0.9814,-0.0081539463551032
frc_lorawd_wd0p1_lr1e3_c256_s43,frc,Llama-CS grid (frc),Llama-2-7B,cs,faithful-CLoRA grid,lorawd,LoRA+wd,0.001,43.0,frc_lorawd_wd0p1_lr1e3_c256,False,False,True,19.2,26.85,73.82,28.86,9.53,29.06,31.06,35.75,0.9951,-0.0021332737608552
frc_lorawd_wd0p1_lr1e3_c256_s44,frc,Llama-CS grid (frc),Llama-2-7B,cs,faithful-CLoRA grid,lorawd,LoRA+wd,0.001,44.0,frc_lorawd_wd0p1_lr1e3_c256,False,False,True,19.7,27.53,73.78,28.11,11.3,29.48,33.36,35.4,0.9957,-0.0018714928717335
frc_lorawd_wd0p1_lr1e4_c256_s42,frc,Llama-CS grid (frc),Llama-2-7B,cs,faithful-CLoRA grid,lorawd,LoRA+wd,0.0001,42.0,frc_lorawd_wd0p1_lr1e4_c256,False,False,True,27.0,35.4,70.61,34.56,19.43,45.86,42.58,34.55,0.2676,-0.5725138909042145
frc_lorawd_wd0p1_lr1e4_c256_s43,frc,Llama-CS grid (frc),Llama-2-7B,cs,faithful-CLoRA grid,lorawd,LoRA+wd,0.0001,43.0,frc_lorawd_wd0p1_lr1e4_c256,False,False,True,26.7,35.91,80.89,33.48,19.91,47.53,41.89,36.74,0.272,-0.5654310959658012
frc_lorawd_wd0p1_lr1e4_c256_s44,frc,Llama-CS grid (frc),Llama-2-7B,cs,faithful-CLoRA grid,lorawd,LoRA+wd,0.0001,44.0,frc_lorawd_wd0p1_lr1e4_c256,False,False,True,27.35,35.18,80.38,35.19,19.51,46.83,40.61,33.75,0.2806,-0.5519123333076589
frc_lorawd_wd0p1_lr1e4_c256_s45,frc,Llama-CS grid (frc),Llama-2-7B,cs,faithful-CLoRA grid,lorawd,LoRA+wd,0.0001,45.0,frc_lorawd_wd0p1_lr1e4_c256,False,False,True,27.11,36.06,48.8,34.76,19.46,46.99,42.32,36.79,0.2719,-0.5655907924124999
frc_lorawd_wd0p1_lr2e4_c256_s42,frc,Llama-CS grid (frc),Llama-2-7B,cs,faithful-CLoRA grid,lorawd,LoRA+wd,0.0002,42.0,frc_lorawd_wd0p1_lr2e4_c256,False,False,True,25.24,33.94,81.28,32.13,18.35,42.87,41.64,34.69,0.4288,-0.3677452233152863
frc_lorawd_wd0p1_lr2e4_c256_s43,frc,Llama-CS grid (frc),Llama-2-7B,cs,faithful-CLoRA grid,lorawd,LoRA+wd,0.0002,43.0,frc_lorawd_wd0p1_lr2e4_c256,False,False,True,25.92,34.43,38.65,33.42,18.41,43.83,40.44,36.07,0.4115,-0.3856301604517114
frc_lorawd_wd0p1_lr2e4_c256_s44,frc,Llama-CS grid (frc),Llama-2-7B,cs,faithful-CLoRA grid,lorawd,LoRA+wd,0.0002,44.0,frc_lorawd_wd0p1_lr2e4_c256,False,False,True,25.74,34.23,80.05,33.22,18.27,45.37,39.59,34.71,0.4177,-0.3791355247348789
frc_lorawd_wd0p1_lr2e4_c256_s45,frc,Llama-CS grid (frc),Llama-2-7B,cs,faithful-CLoRA grid,lorawd,LoRA+wd,0.0002,45.0,frc_lorawd_wd0p1_lr2e4_c256,False,False,True,25.22,32.63,80.83,33.39,17.06,39.09,38.99,34.63,0.4239,-0.3727365834317789
frc_lorawd_wd0p1_lr3e4_c256_s42,frc,Llama-CS grid (frc),Llama-2-7B,cs,faithful-CLoRA grid,lorawd,LoRA+wd,0.0003,42.0,frc_lorawd_wd0p1_lr3e4_c256,False,False,True,24.08,32.57,49.11,31.39,16.78,42.83,38.05,33.79,0.5734,-0.2415423113895343
frc_lorawd_wd0p1_lr3e4_c256_s43,frc,Llama-CS grid (frc),Llama-2-7B,cs,faithful-CLoRA grid,lorawd,LoRA+wd,0.0003,43.0,frc_lorawd_wd0p1_lr3e4_c256,False,False,True,24.24,31.59,80.81,31.24,17.25,37.3,37.2,34.97,0.5415,-0.2664015390386609
frc_lorawd_wd0p1_lr3e4_c256_s44,frc,Llama-CS grid (frc),Llama-2-7B,cs,faithful-CLoRA grid,lorawd,LoRA+wd,0.0003,44.0,frc_lorawd_wd0p1_lr3e4_c256,False,False,True,24.14,32.51,80.64,32.1,16.17,39.78,38.31,36.2,0.5481,-0.2611401979277997
frc_lorawd_wd0p1_lr3e4_c256_s45,frc,Llama-CS grid (frc),Llama-2-7B,cs,faithful-CLoRA grid,lorawd,LoRA+wd,0.0003,45.0,frc_lorawd_wd0p1_lr3e4_c256,False,False,True,25.4,33.26,75.89,32.7,18.09,41.82,39.08,34.61,0.5482,-0.2610609687965204
frc_lorawd_wd0p1_lr5e4_c256_s42,frc,Llama-CS grid (frc),Llama-2-7B,cs,faithful-CLoRA grid,lorawd,LoRA+wd,0.0005,42.0,frc_lorawd_wd0p1_lr5e4_c256,False,False,True,22.43,29.56,78.84,28.98,15.88,32.87,36.26,33.83,0.7118,-0.1476420163321729
frc_lorawd_wd0p1_lr5e4_c256_s43,frc,Llama-CS grid (frc),Llama-2-7B,cs,faithful-CLoRA grid,lorawd,LoRA+wd,0.0005,43.0,frc_lorawd_wd0p1_lr5e4_c256,False,False,True,22.76,28.97,78.4,30.04,15.48,28.49,36.01,34.84,0.7531,-0.1231473523986565
frc_lorawd_wd0p1_lr5e4_c256_s44,frc,Llama-CS grid (frc),Llama-2-7B,cs,faithful-CLoRA grid,lorawd,LoRA+wd,0.0005,44.0,frc_lorawd_wd0p1_lr5e4_c256,False,False,True,20.94,27.83,77.96,28.92,12.95,27.76,35.58,33.93,0.7672,-0.1150914058373928
frc_lorawd_wd0p1_lr5e4_c256_s45,frc,Llama-CS grid (frc),Llama-2-7B,cs,faithful-CLoRA grid,lorawd,LoRA+wd,0.0005,45.0,frc_lorawd_wd0p1_lr5e4_c256,False,False,True,22.29,29.52,78.79,30.32,14.26,32.62,38.05,32.36,0.7391,-0.1312967977214633
frc_lorawd_wd0p1_lr7e4_c256_s42,frc,Llama-CS grid (frc),Llama-2-7B,cs,faithful-CLoRA grid,lorawd,LoRA+wd,0.0007,42.0,frc_lorawd_wd0p1_lr7e4_c256,False,False,True,20.75,27.12,77.08,29.04,12.46,24.86,34.56,34.68,0.8594,-0.0658046506521155
frc_lorawd_wd0p1_lr7e4_c256_s43,frc,Llama-CS grid (frc),Llama-2-7B,cs,faithful-CLoRA grid,lorawd,LoRA+wd,0.0007,43.0,frc_lorawd_wd0p1_lr7e4_c256,False,False,True,21.94,28.01,75.57,29.93,13.95,26.73,34.3,35.12,0.8504,-0.0703767484847596
frc_lorawd_wd0p1_lr7e4_c256_s44,frc,Llama-CS grid (frc),Llama-2-7B,cs,faithful-CLoRA grid,lorawd,LoRA+wd,0.0007,44.0,frc_lorawd_wd0p1_lr7e4_c256,False,False,True,21.58,28.29,76.88,29.6,13.55,27.48,36.35,34.45,0.8692,-0.060880282351513
frc_lorawd_wd0p2_lr1e3_c256_s42,frc,Llama-CS grid (frc),Llama-2-7B,cs,faithful-CLoRA grid,lorawd,LoRA+wd,0.001,42.0,frc_lorawd_wd0p2_lr1e3_c256,False,False,True,24.08,30.48,78.8,31.61,16.55,33.72,35.24,35.27,0.6426,-0.1920592787845007
frc_lorawd_wd0p2_lr1e3_c256_s43,frc,Llama-CS grid (frc),Llama-2-7B,cs,faithful-CLoRA grid,lorawd,LoRA+wd,0.001,43.0,frc_lorawd_wd0p2_lr1e3_c256,False,False,True,24.02,31.03,79.82,31.9,16.15,35.15,37.71,34.23,0.6321,-0.1992142096722373
frc_lorawd_wd0p2_lr1e3_c256_s44,frc,Llama-CS grid (frc),Llama-2-7B,cs,faithful-CLoRA grid,lorawd,LoRA+wd,0.001,44.0,frc_lorawd_wd0p2_lr1e3_c256,False,False,True,23.12,30.97,79.48,30.78,15.47,38.82,35.92,33.86,0.6361,-0.1964746044234676
frc_lorawd_wd0p2_lr1e4_c256_s42,frc,Llama-CS grid (frc),Llama-2-7B,cs,faithful-CLoRA grid,lorawd,LoRA+wd,0.0001,42.0,frc_lorawd_wd0p2_lr1e4_c256,False,False,True,27.42,35.12,35.41,34.63,20.22,45.9,40.36,34.49,0.254,-0.595166283380062
frc_lorawd_wd0p2_lr1e4_c256_s43,frc,Llama-CS grid (frc),Llama-2-7B,cs,faithful-CLoRA grid,lorawd,LoRA+wd,0.0001,43.0,frc_lorawd_wd0p2_lr1e4_c256,False,False,True,27.02,35.37,64.47,34.97,19.08,46.43,41.64,34.71,0.2508,-0.6006724678413211
frc_lorawd_wd0p2_lr1e4_c256_s44,frc,Llama-CS grid (frc),Llama-2-7B,cs,faithful-CLoRA grid,lorawd,LoRA+wd,0.0001,44.0,frc_lorawd_wd0p2_lr1e4_c256,False,False,True,27.73,35.78,54.78,35.46,20.0,45.95,41.64,35.87,0.252,-0.5985994592184559
frc_lorawd_wd0p2_lr1e4_c256_s45,frc,Llama-CS grid (frc),Llama-2-7B,cs,faithful-CLoRA grid,lorawd,LoRA+wd,0.0001,45.0,frc_lorawd_wd0p2_lr1e4_c256,False,False,True,27.26,36.1,67.2,33.97,20.55,47.44,42.15,36.37,0.2515,-0.5994620106080538
frc_lorawd_wd0p2_lr2e4_c256_s42,frc,Llama-CS grid (frc),Llama-2-7B,cs,faithful-CLoRA grid,lorawd,LoRA+wd,0.0002,42.0,frc_lorawd_wd0p2_lr2e4_c256,False,False,True,26.32,34.09,70.05,33.41,19.24,46.0,39.42,32.36,0.349,-0.4571745730408201
frc_lorawd_wd0p2_lr2e4_c256_s43,frc,Llama-CS grid (frc),Llama-2-7B,cs,faithful-CLoRA grid,lorawd,LoRA+wd,0.0002,43.0,frc_lorawd_wd0p2_lr2e4_c256,False,False,True,26.45,34.99,69.98,33.13,19.77,46.38,39.25,36.4,0.3616,-0.4417715781966743
frc_lorawd_wd0p2_lr2e4_c256_s44,frc,Llama-CS grid (frc),Llama-2-7B,cs,faithful-CLoRA grid,lorawd,LoRA+wd,0.0002,44.0,frc_lorawd_wd0p2_lr2e4_c256,False,False,True,26.35,33.79,59.4,33.87,18.83,42.36,38.91,34.98,0.3465,-0.4602967610521745
frc_lorawd_wd0p2_lr2e4_c256_s45,frc,Llama-CS grid (frc),Llama-2-7B,cs,faithful-CLoRA grid,lorawd,LoRA+wd,0.0002,45.0,frc_lorawd_wd0p2_lr2e4_c256,False,False,True,26.53,33.99,81.56,34.93,18.13,41.85,40.19,34.86,0.3554,-0.4492825765307173
frc_lorawd_wd0p2_lr2e4_c256_s46,frc,Llama-CS grid (frc),Llama-2-7B,cs,faithful-CLoRA grid,lorawd,LoRA+wd,0.0002,46.0,frc_lorawd_wd0p2_lr2e4_c256,False,False,True,26.16,34.78,77.92,33.74,18.58,44.53,41.55,35.52,0.3643,-0.4385408287580841
frc_lorawd_wd0p2_lr2e5_c256_s42,frc,Llama-CS grid (frc),Llama-2-7B,cs,faithful-CLoRA grid,lorawd,LoRA+wd,2e-05,42.0,frc_lorawd_wd0p2_lr2e5_c256,False,False,True,26.67,36.42,21.44,34.1,19.24,46.43,46.16,36.15,0.2139,-0.669789215428472
frc_lorawd_wd0p2_lr2e5_c256_s43,frc,Llama-CS grid (frc),Llama-2-7B,cs,faithful-CLoRA grid,lorawd,LoRA+wd,2e-05,43.0,frc_lorawd_wd0p2_lr2e5_c256,False,False,True,26.91,36.96,24.79,34.25,19.57,46.88,47.01,37.09,0.2167,-0.6641410886801821
frc_lorawd_wd0p2_lr2e5_c256_s44,frc,Llama-CS grid (frc),Llama-2-7B,cs,faithful-CLoRA grid,lorawd,LoRA+wd,2e-05,44.0,frc_lorawd_wd0p2_lr2e5_c256,False,False,True,26.82,36.35,23.05,33.51,20.12,46.19,45.48,36.47,0.219,-0.6595558851598816
frc_lorawd_wd0p2_lr3e4_c256_s42,frc,Llama-CS grid (frc),Llama-2-7B,cs,faithful-CLoRA grid,lorawd,LoRA+wd,0.0003,42.0,frc_lorawd_wd0p2_lr3e4_c256,False,False,True,26.05,33.7,81.82,33.97,18.13,42.22,38.99,35.18,0.4227,-0.3739677521709811
frc_lorawd_wd0p2_lr3e4_c256_s43,frc,Llama-CS grid (frc),Llama-2-7B,cs,faithful-CLoRA grid,lorawd,LoRA+wd,0.0003,43.0,frc_lorawd_wd0p2_lr3e4_c256,False,False,True,26.03,33.39,81.79,33.44,18.63,43.23,37.03,34.6,0.4375,-0.3590219426416679
frc_lorawd_wd0p2_lr3e4_c256_s44,frc,Llama-CS grid (frc),Llama-2-7B,cs,faithful-CLoRA grid,lorawd,LoRA+wd,0.0003,44.0,frc_lorawd_wd0p2_lr3e4_c256,False,False,True,25.96,33.25,79.1,33.82,18.11,41.89,38.14,34.28,0.4315,-0.3650191999487716
frc_lorawd_wd0p2_lr3e4_c256_s45,frc,Llama-CS grid (frc),Llama-2-7B,cs,faithful-CLoRA grid,lorawd,LoRA+wd,0.0003,45.0,frc_lorawd_wd0p2_lr3e4_c256,False,False,True,25.6,32.28,73.73,32.62,18.58,36.42,39.33,34.47,0.4284,-0.368150537840182
frc_lorawd_wd0p2_lr5e4_c256_s42,frc,Llama-CS grid (frc),Llama-2-7B,cs,faithful-CLoRA grid,lorawd,LoRA+wd,0.0005,42.0,frc_lorawd_wd0p2_lr5e4_c256,False,False,True,24.3,31.86,60.22,31.87,16.72,38.55,37.97,34.17,0.5258,-0.279179418229656
frc_lorawd_wd0p2_lr5e4_c256_s43,frc,Llama-CS grid (frc),Llama-2-7B,cs,faithful-CLoRA grid,lorawd,LoRA+wd,0.0005,43.0,frc_lorawd_wd0p2_lr5e4_c256,False,False,True,24.26,31.18,81.05,31.52,17.01,35.9,37.8,33.69,0.5274,-0.2778598745425845
frc_lorawd_wd0p2_lr5e4_c256_s44,frc,Llama-CS grid (frc),Llama-2-7B,cs,faithful-CLoRA grid,lorawd,LoRA+wd,0.0005,44.0,frc_lorawd_wd0p2_lr5e4_c256,False,False,True,24.65,31.7,80.55,31.35,17.95,38.4,37.88,32.9,0.5276,-0.2776952131256723
frc_lorawd_wd0p2_lr5e4_c256_s45,frc,Llama-CS grid (frc),Llama-2-7B,cs,faithful-CLoRA grid,lorawd,LoRA+wd,0.0005,45.0,frc_lorawd_wd0p2_lr5e4_c256,False,False,True,24.89,33.18,80.81,31.61,18.17,42.25,38.91,34.98,0.5266,-0.2785191452299507
frc_lorawd_wd0p2_lr7e4_c256_s42,frc,Llama-CS grid (frc),Llama-2-7B,cs,faithful-CLoRA grid,lorawd,LoRA+wd,0.0007,42.0,frc_lorawd_wd0p2_lr7e4_c256,False,False,True,22.86,30.08,80.7,29.84,15.87,32.86,36.6,35.21,0.5926,-0.2272383528559677
frc_lorawd_wd0p2_lr7e4_c256_s43,frc,Llama-CS grid (frc),Llama-2-7B,cs,faithful-CLoRA grid,lorawd,LoRA+wd,0.0007,43.0,frc_lorawd_wd0p2_lr7e4_c256,False,False,True,24.04,29.95,80.39,31.88,16.2,31.77,37.12,32.76,0.5799,-0.2366468912517845
frc_lorawd_wd0p2_lr7e4_c256_s44,frc,Llama-CS grid (frc),Llama-2-7B,cs,faithful-CLoRA grid,lorawd,LoRA+wd,0.0007,44.0,frc_lorawd_wd0p2_lr7e4_c256,False,False,True,22.72,28.84,80.8,30.27,15.17,25.12,37.63,36.0,0.5988,-0.2227182083289852
frc_lorawd_wd0p3_lr1e3_c256_s42,frc,Llama-CS grid (frc),Llama-2-7B,cs,faithful-CLoRA grid,lorawd,LoRA+wd,0.001,42.0,frc_lorawd_wd0p3_lr1e3_c256,False,False,True,25.46,31.72,81.6,32.07,18.85,33.63,38.14,35.89,0.4647,-0.3328273275211315
frc_lorawd_wd0p3_lr1e3_c256_s43,frc,Llama-CS grid (frc),Llama-2-7B,cs,faithful-CLoRA grid,lorawd,LoRA+wd,0.001,43.0,frc_lorawd_wd0p3_lr1e3_c256,False,False,True,25.54,32.9,81.31,33.6,17.49,41.8,37.63,33.97,0.4418,-0.3547742884645838
frc_lorawd_wd0p3_lr1e3_c256_s44,frc,Llama-CS grid (frc),Llama-2-7B,cs,faithful-CLoRA grid,lorawd,LoRA+wd,0.001,44.0,frc_lorawd_wd0p3_lr1e3_c256,False,False,True,25.5,30.54,80.87,32.73,18.28,30.39,37.8,33.52,0.446,-0.3506651412878581
frc_lorawd_wd0p3_lr1e4_c256_s42,frc,Llama-CS grid (frc),Llama-2-7B,cs,faithful-CLoRA grid,lorawd,LoRA+wd,0.0001,42.0,frc_lorawd_wd0p3_lr1e4_c256,False,False,True,27.14,35.62,23.84,34.71,19.56,46.46,42.75,34.6,0.2344,-0.630042392653947
frc_lorawd_wd0p3_lr1e4_c256_s43,frc,Llama-CS grid (frc),Llama-2-7B,cs,faithful-CLoRA grid,lorawd,LoRA+wd,0.0001,43.0,frc_lorawd_wd0p3_lr1e4_c256,False,False,True,27.51,36.1,69.86,34.51,20.51,47.16,41.98,36.33,0.2342,-0.6304131092636557
frc_lorawd_wd0p3_lr1e4_c256_s44,frc,Llama-CS grid (frc),Llama-2-7B,cs,faithful-CLoRA grid,lorawd,LoRA+wd,0.0001,44.0,frc_lorawd_wd0p3_lr1e4_c256,False,False,True,27.84,36.15,47.06,35.74,19.93,47.11,41.38,36.59,0.2329,-0.6328305114653193
frc_lorawd_wd0p3_lr1e4_c256_s45,frc,Llama-CS grid (frc),Llama-2-7B,cs,faithful-CLoRA grid,lorawd,LoRA+wd,0.0001,45.0,frc_lorawd_wd0p3_lr1e4_c256,False,False,True,26.94,35.59,78.28,33.97,19.9,46.35,41.3,36.41,0.2385,-0.6225116166238673
frc_lorawd_wd0p3_lr1e4_c256_s46,frc,Llama-CS grid (frc),Llama-2-7B,cs,faithful-CLoRA grid,lorawd,LoRA+wd,0.0001,46.0,frc_lorawd_wd0p3_lr1e4_c256,False,False,True,27.08,36.31,81.56,34.5,19.66,47.3,42.75,37.33,0.2355,-0.6280090885350851
frc_lorawd_wd0p3_lr2e4_c256_s42,frc,Llama-CS grid (frc),Llama-2-7B,cs,faithful-CLoRA grid,lorawd,LoRA+wd,0.0002,42.0,frc_lorawd_wd0p3_lr2e4_c256,False,False,True,26.97,34.79,79.3,34.48,19.46,46.23,37.97,35.83,0.3258,-0.4870489200275094
frc_lorawd_wd0p3_lr2e4_c256_s43,frc,Llama-CS grid (frc),Llama-2-7B,cs,faithful-CLoRA grid,lorawd,LoRA+wd,0.0002,43.0,frc_lorawd_wd0p3_lr2e4_c256,False,False,True,26.33,35.12,58.82,33.59,19.07,45.48,40.44,37.0,0.2998,-0.5231683714877393
frc_lorawd_wd0p3_lr2e4_c256_s44,frc,Llama-CS grid (frc),Llama-2-7B,cs,faithful-CLoRA grid,lorawd,LoRA+wd,0.0002,44.0,frc_lorawd_wd0p3_lr2e4_c256,False,False,True,26.79,34.91,50.95,33.74,19.84,44.57,41.64,34.78,0.3043,-0.5166980476418329
frc_lorawd_wd0p3_lr2e4_c256_s45,frc,Llama-CS grid (frc),Llama-2-7B,cs,faithful-CLoRA grid,lorawd,LoRA+wd,0.0002,45.0,frc_lorawd_wd0p3_lr2e4_c256,False,False,True,26.98,35.08,66.07,33.97,20.0,47.24,41.13,33.05,0.3026,-0.5191310763128322
frc_lorawd_wd0p3_lr2e5_c256_s42,frc,Llama-CS grid (frc),Llama-2-7B,cs,faithful-CLoRA grid,lorawd,LoRA+wd,2e-05,42.0,frc_lorawd_wd0p3_lr2e5_c256,False,False,True,26.52,36.35,23.5,33.77,19.27,46.16,46.5,36.04,0.214,-0.6695862266508091
frc_lorawd_wd0p3_lr2e5_c256_s43,frc,Llama-CS grid (frc),Llama-2-7B,cs,faithful-CLoRA grid,lorawd,LoRA+wd,2e-05,43.0,frc_lorawd_wd0p3_lr2e5_c256,False,False,True,26.72,36.72,67.21,33.59,19.86,46.65,46.5,36.98,0.2171,-0.66334017654558
frc_lorawd_wd0p3_lr2e5_c256_s44,frc,Llama-CS grid (frc),Llama-2-7B,cs,faithful-CLoRA grid,lorawd,LoRA+wd,2e-05,44.0,frc_lorawd_wd0p3_lr2e5_c256,False,False,True,27.3,36.8,12.19,34.31,20.3,46.73,45.82,36.85,0.2124,-0.6728454875905685
frc_lorawd_wd0p3_lr3e4_c256_s42,frc,Llama-CS grid (frc),Llama-2-7B,cs,faithful-CLoRA grid,lorawd,LoRA+wd,0.0003,42.0,frc_lorawd_wd0p3_lr3e4_c256,False,False,True,27.28,34.5,76.17,35.26,19.29,45.95,37.88,34.12,0.3581,-0.4459956789880971
frc_lorawd_wd0p3_lr3e4_c256_s43,frc,Llama-CS grid (frc),Llama-2-7B,cs,faithful-CLoRA grid,lorawd,LoRA+wd,0.0003,43.0,frc_lorawd_wd0p3_lr3e4_c256,False,False,True,25.99,34.38,35.1,33.08,18.91,43.7,40.44,35.75,0.3422,-0.4657199947949185
frc_lorawd_wd0p3_lr3e4_c256_s44,frc,Llama-CS grid (frc),Llama-2-7B,cs,faithful-CLoRA grid,lorawd,LoRA+wd,0.0003,44.0,frc_lorawd_wd0p3_lr3e4_c256,False,False,True,25.47,33.54,81.78,32.68,18.26,42.29,39.93,34.53,0.3483,-0.4580465255417637
frc_lorawd_wd0p3_lr3e4_c256_s45,frc,Llama-CS grid (frc),Llama-2-7B,cs,faithful-CLoRA grid,lorawd,LoRA+wd,0.0003,45.0,frc_lorawd_wd0p3_lr3e4_c256,False,False,True,26.65,34.44,81.51,34.08,19.22,44.65,41.13,33.14,0.3524,-0.4529641002599897
frc_lorawd_wd0p3_lr5e4_c256_s42,frc,Llama-CS grid (frc),Llama-2-7B,cs,faithful-CLoRA grid,lorawd,LoRA+wd,0.0005,42.0,frc_lorawd_wd0p3_lr5e4_c256,False,False,True,25.04,32.02,82.05,31.45,18.63,37.13,38.99,33.92,0.4097,-0.3875340360468576
frc_lorawd_wd0p3_lr5e4_c256_s43,frc,Llama-CS grid (frc),Llama-2-7B,cs,faithful-CLoRA grid,lorawd,LoRA+wd,0.0005,43.0,frc_lorawd_wd0p3_lr5e4_c256,False,False,True,26.67,33.94,82.02,33.94,19.4,43.77,37.97,34.61,0.3889,-0.4101620568525402
frc_lorawd_wd0p3_lr5e4_c256_s44,frc,Llama-CS grid (frc),Llama-2-7B,cs,faithful-CLoRA grid,lorawd,LoRA+wd,0.0005,44.0,frc_lorawd_wd0p3_lr5e4_c256,False,False,True,26.26,32.18,81.69,32.42,20.09,40.12,37.63,30.62,0.4168,-0.3800722897085319
frc_lorawd_wd0p3_lr5e4_c256_s45,frc,Llama-CS grid (frc),Llama-2-7B,cs,faithful-CLoRA grid,lorawd,LoRA+wd,0.0005,45.0,frc_lorawd_wd0p3_lr5e4_c256,False,False,True,25.8,32.25,81.67,33.16,18.43,36.66,38.82,34.19,0.3917,-0.4070464284521341
frc_lorawd_wd0p3_lr7e4_c256_s42,frc,Llama-CS grid (frc),Llama-2-7B,cs,faithful-CLoRA grid,lorawd,LoRA+wd,0.0007,42.0,frc_lorawd_wd0p3_lr7e4_c256,False,False,True,25.64,31.68,81.91,32.68,18.6,34.99,37.97,34.18,0.4347,-0.361810359809163
frc_lorawd_wd0p3_lr7e4_c256_s43,frc,Llama-CS grid (frc),Llama-2-7B,cs,faithful-CLoRA grid,lorawd,LoRA+wd,0.0007,43.0,frc_lorawd_wd0p3_lr7e4_c256,False,False,True,25.46,31.15,80.24,32.65,18.27,34.88,37.03,32.9,0.4343,-0.3622101706377709
frc_lorawd_wd0p3_lr7e4_c256_s44,frc,Llama-CS grid (frc),Llama-2-7B,cs,faithful-CLoRA grid,lorawd,LoRA+wd,0.0007,44.0,frc_lorawd_wd0p3_lr7e4_c256,False,False,True,26.08,31.19,65.11,33.57,18.6,32.99,37.63,33.14,0.4274,-0.3691654821719494
frc_lorawd_wd0p5_lr1e3_c256_s42,frc,Llama-CS grid (frc),Llama-2-7B,cs,faithful-CLoRA grid,lorawd,LoRA+wd,0.001,42.0,frc_lorawd_wd0p5_lr1e3_c256,False,False,True,26.34,34.16,81.58,34.39,18.29,44.52,37.97,35.61,0.3146,-0.502241281712732
frc_lorawd_wd0p5_lr1e3_c256_s43,frc,Llama-CS grid (frc),Llama-2-7B,cs,faithful-CLoRA grid,lorawd,LoRA+wd,0.001,43.0,frc_lorawd_wd0p5_lr1e3_c256,False,False,True,11.44,23.81,36.56,22.88,0.0,22.74,27.3,46.14,0.9598,-0.0178192544035974
frc_lorawd_wd0p5_lr1e3_c256_s44,frc,Llama-CS grid (frc),Llama-2-7B,cs,faithful-CLoRA grid,lorawd,LoRA+wd,0.001,44.0,frc_lorawd_wd0p5_lr1e3_c256,False,False,True,26.18,33.9,82.41,33.67,18.7,43.88,37.88,35.35,0.2977,-0.5262211653532752
frc_lorawd_wd0p5_lr1e4_c256_s42,frc,Llama-CS grid (frc),Llama-2-7B,cs,faithful-CLoRA grid,lorawd,LoRA+wd,0.0001,42.0,frc_lorawd_wd0p5_lr1e4_c256,False,False,True,27.74,36.38,53.0,35.02,20.46,47.53,43.43,35.47,0.2079,-0.6821455106685308
frc_lorawd_wd0p5_lr1e4_c256_s43,frc,Llama-CS grid (frc),Llama-2-7B,cs,faithful-CLoRA grid,lorawd,LoRA+wd,0.0001,43.0,frc_lorawd_wd0p5_lr1e4_c256,False,False,True,27.99,36.89,80.25,35.69,20.3,47.54,43.6,37.32,0.2092,-0.6794383198047633
frc_lorawd_wd0p5_lr1e4_c256_s44,frc,Llama-CS grid (frc),Llama-2-7B,cs,faithful-CLoRA grid,lorawd,LoRA+wd,0.0001,44.0,frc_lorawd_wd0p5_lr1e4_c256,False,False,True,27.86,36.57,62.96,35.4,20.32,46.86,43.86,36.4,0.2097,-0.6784015695346561
frc_lorawd_wd0p5_lr1e4_c256_s45,frc,Llama-CS grid (frc),Llama-2-7B,cs,faithful-CLoRA grid,lorawd,LoRA+wd,0.0001,45.0,frc_lorawd_wd0p5_lr1e4_c256,False,False,True,27.92,35.78,76.14,35.37,20.46,45.45,41.81,35.83,0.2102,-0.6773672883077766
frc_lorawd_wd0p5_lr2e4_c256_s42,frc,Llama-CS grid (frc),Llama-2-7B,cs,faithful-CLoRA grid,lorawd,LoRA+wd,0.0002,42.0,frc_lorawd_wd0p5_lr2e4_c256,False,False,True,27.56,35.67,79.2,34.93,20.19,45.88,41.98,35.38,0.237,-0.6252516539898961
frc_lorawd_wd0p5_lr2e4_c256_s43,frc,Llama-CS grid (frc),Llama-2-7B,cs,faithful-CLoRA grid,lorawd,LoRA+wd,0.0002,43.0,frc_lorawd_wd0p5_lr2e4_c256,False,False,True,27.12,35.48,77.34,35.36,18.89,46.03,41.72,35.42,0.2375,-0.6243363860391147
frc_lorawd_wd0p5_lr2e4_c256_s44,frc,Llama-CS grid (frc),Llama-2-7B,cs,faithful-CLoRA grid,lorawd,LoRA+wd,0.0002,44.0,frc_lorawd_wd0p5_lr2e4_c256,False,False,True,27.36,35.9,58.63,34.82,19.91,46.57,42.49,35.72,0.2371,-0.6250684460218119
frc_lorawd_wd0p5_lr2e4_c256_s45,frc,Llama-CS grid (frc),Llama-2-7B,cs,faithful-CLoRA grid,lorawd,LoRA+wd,0.0002,45.0,frc_lorawd_wd0p5_lr2e4_c256,False,False,True,27.28,35.73,71.06,34.17,20.4,47.73,40.44,35.93,0.2601,-0.5848596478041272
frc_lorawd_wd0p5_lr3e4_c256_s42,frc,Llama-CS grid (frc),Llama-2-7B,cs,faithful-CLoRA grid,lorawd,LoRA+wd,0.0003,42.0,frc_lorawd_wd0p5_lr3e4_c256,False,False,True,27.47,35.55,43.59,34.88,20.05,47.69,39.76,35.36,0.2548,-0.5938005763366871
frc_lorawd_wd0p5_lr3e4_c256_s43,frc,Llama-CS grid (frc),Llama-2-7B,cs,faithful-CLoRA grid,lorawd,LoRA+wd,0.0003,43.0,frc_lorawd_wd0p5_lr3e4_c256,False,False,True,25.42,32.5,78.67,33.82,17.01,38.81,38.23,34.61,0.2596,-0.5856953118716683
frc_lorawd_wd0p5_lr3e4_c256_s45,frc,Llama-CS grid (frc),Llama-2-7B,cs,faithful-CLoRA grid,lorawd,LoRA+wd,0.0003,45.0,frc_lorawd_wd0p5_lr3e4_c256,False,False,True,23.8,30.79,81.62,30.2,17.39,31.56,39.42,35.36,0.258,-0.5883802940367698
frc_lorawd_wd0p5_lr5e4_c256_s42,frc,Llama-CS grid (frc),Llama-2-7B,cs,faithful-CLoRA grid,lorawd,LoRA+wd,0.0005,42.0,frc_lorawd_wd0p5_lr5e4_c256,False,False,True,24.59,31.84,82.36,33.28,15.9,37.63,37.54,34.83,0.2962,-0.5284149458148103
frc_lorawd_wd0p5_lr5e4_c256_s43,frc,Llama-CS grid (frc),Llama-2-7B,cs,faithful-CLoRA grid,lorawd,LoRA+wd,0.0005,43.0,frc_lorawd_wd0p5_lr5e4_c256,False,False,True,26.97,33.78,80.92,33.77,20.16,42.07,38.82,34.1,0.2636,-0.5790545940780277
frc_lorawd_wd0p5_lr5e4_c256_s44,frc,Llama-CS grid (frc),Llama-2-7B,cs,faithful-CLoRA grid,lorawd,LoRA+wd,0.0005,44.0,frc_lorawd_wd0p5_lr5e4_c256,False,False,True,27.1,34.36,78.94,33.91,20.3,45.32,38.14,34.15,0.2732,-0.5635193049905051
frc_lorawd_wd0p5_lr5e4_c256_s45,frc,Llama-CS grid (frc),Llama-2-7B,cs,faithful-CLoRA grid,lorawd,LoRA+wd,0.0005,45.0,frc_lorawd_wd0p5_lr5e4_c256,False,False,True,26.63,30.17,82.28,33.9,19.36,23.06,40.19,34.32,0.2695,-0.5694412304772425
frc_lorawd_wd0p5_lr7e4_c256_s42,frc,Llama-CS grid (frc),Llama-2-7B,cs,faithful-CLoRA grid,lorawd,LoRA+wd,0.0007,42.0,frc_lorawd_wd0p5_lr7e4_c256,False,False,True,26.9,33.11,81.24,34.73,19.08,38.47,37.88,35.37,0.2963,-0.5282683485199489
frc_lorawd_wd0p5_lr7e4_c256_s43,frc,Llama-CS grid (frc),Llama-2-7B,cs,faithful-CLoRA grid,lorawd,LoRA+wd,0.0007,43.0,frc_lorawd_wd0p5_lr7e4_c256,False,False,True,26.5,33.24,82.09,33.17,19.83,42.15,37.46,33.59,0.2858,-0.5439377755450486
frc_lorawd_wd0p5_lr7e4_c256_s44,frc,Llama-CS grid (frc),Llama-2-7B,cs,faithful-CLoRA grid,lorawd,LoRA+wd,0.0007,44.0,frc_lorawd_wd0p5_lr7e4_c256,False,False,True,27.1,33.86,80.91,34.6,19.59,43.73,38.31,33.07,0.2849,-0.5453075507605232
frc_lorawdr16_wd0p3_lr3e4_c256_s42,frc,Llama-CS grid (frc),Llama-2-7B,cs,faithful-CLoRA grid,lorawdr16,LoRA+wd-r16,0.0003,42.0,frc_lorawdr16_wd0p3_lr3e4_c256,False,False,True,26.84,,13.53,34.03,19.66,,,,0.3275,-0.4847886956721981
frc_lorawdr16_wd0p3_lr3e4_c256_s42_reeval,frc,Llama-CS grid (frc),Llama-2-7B,cs,faithful-CLoRA grid,lorawdr16,LoRA+wd-r16,0.0003,,frc_lorawdr16_wd0p3_lr3e4_c256_s42_reeval,False,False,True,26.84,35.4,13.54,34.03,19.66,47.18,41.81,34.31,0.3275,-0.4847886956721981
frc_lorawdr16_wd0p3_lr3e4_c256_s43,frc,Llama-CS grid (frc),Llama-2-7B,cs,faithful-CLoRA grid,lorawdr16,LoRA+wd-r16,0.0003,43.0,frc_lorawdr16_wd0p3_lr3e4_c256,False,False,True,27.25,35.84,71.95,34.79,19.71,46.82,41.47,36.41,0.3336,-0.4767739580342989
frc_lorawdr16_wd0p3_lr3e4_c256_s44,frc,Llama-CS grid (frc),Llama-2-7B,cs,faithful-CLoRA grid,lorawdr16,LoRA+wd-r16,0.0003,44.0,frc_lorawdr16_wd0p3_lr3e4_c256,False,False,True,27.06,35.28,61.33,33.97,20.14,45.08,40.53,36.66,0.3055,-0.514988785421427
frc_lorawdr16_wd0p3_lr3e4_c256_s45,frc,Llama-CS grid (frc),Llama-2-7B,cs,faithful-CLoRA grid,lorawdr16,LoRA+wd-r16,0.0003,45.0,frc_lorawdr16_wd0p3_lr3e4_c256,False,False,True,26.88,34.95,80.67,33.37,20.39,45.2,40.36,35.45,0.333,-0.4775557664936801
frc_lorawdr16_wd0p3_lr5e4_c256_s42,frc,Llama-CS grid (frc),Llama-2-7B,cs,faithful-CLoRA grid,lorawdr16,LoRA+wd-r16,0.0005,42.0,frc_lorawdr16_wd0p3_lr5e4_c256,False,False,True,26.27,,81.04,33.42,19.12,,,,0.3339,-0.4763835809456292
frc_lorawdr16_wd0p3_lr5e4_c256_s43,frc,Llama-CS grid (frc),Llama-2-7B,cs,faithful-CLoRA grid,lorawdr16,LoRA+wd-r16,0.0005,43.0,frc_lorawdr16_wd0p3_lr5e4_c256,False,False,True,26.52,33.95,77.79,33.77,19.27,43.98,38.4,34.33,0.3373,-0.4719836588107985
frc_lorawdr16_wd0p3_lr5e4_c256_s44,frc,Llama-CS grid (frc),Llama-2-7B,cs,faithful-CLoRA grid,lorawdr16,LoRA+wd-r16,0.0005,44.0,frc_lorawdr16_wd0p3_lr5e4_c256,False,False,True,26.64,33.13,81.19,33.87,19.42,37.49,39.93,34.93,0.3594,-0.444421927227045
frc_lorawdr16_wd0p3_lr5e4_c256_s45,frc,Llama-CS grid (frc),Llama-2-7B,cs,faithful-CLoRA grid,lorawdr16,LoRA+wd-r16,0.0005,45.0,frc_lorawdr16_wd0p3_lr5e4_c256,False,False,True,26.78,33.83,51.49,33.74,19.81,43.54,39.16,32.9,0.3404,-0.4680104485874498
frc_lorawdr16_wd0p3_lr5e4_c256_s46,frc,Llama-CS grid (frc),Llama-2-7B,cs,faithful-CLoRA grid,lorawdr16,LoRA+wd-r16,0.0005,46.0,frc_lorawdr16_wd0p3_lr5e4_c256,False,False,True,26.86,35.2,81.39,33.88,19.83,45.46,41.04,35.79,0.3634,-0.4396150770279845
frc_milora_a1r_lr1e3_c256_s42,frc,Llama-CS grid (frc),Llama-2-7B,cs,faithful-CLoRA grid,milora,MiLoRA,0.001,42.0,frc_milora_a1r_lr1e3_c256,False,False,True,17.21,24.56,65.2,27.48,6.94,23.23,29.69,35.45,1.5319,0.1852304161675628
frc_milora_a1r_lr1e3_c256_s43,frc,Llama-CS grid (frc),Llama-2-7B,cs,faithful-CLoRA grid,milora,MiLoRA,0.001,43.0,frc_milora_a1r_lr1e3_c256,False,False,True,17.33,24.97,66.12,26.05,8.61,22.95,31.91,35.35,1.5126,0.1797240960600895
frc_milora_a1r_lr1e3_c256_s44,frc,Llama-CS grid (frc),Llama-2-7B,cs,faithful-CLoRA grid,milora,MiLoRA,0.001,44.0,frc_milora_a1r_lr1e3_c256,False,False,True,14.84,24.17,65.04,21.87,7.8,23.07,31.4,36.69,1.5127,0.1797528068974981
frc_milora_a1r_lr1e4_c256_s42,frc,Llama-CS grid (frc),Llama-2-7B,cs,faithful-CLoRA grid,milora,MiLoRA,0.0001,42.0,frc_milora_a1r_lr1e4_c256,False,False,True,27.56,36.58,36.01,35.02,20.09,47.12,44.28,36.4,0.2479,-0.6057234732321786
frc_milora_a1r_lr1e4_c256_s43,frc,Llama-CS grid (frc),Llama-2-7B,cs,faithful-CLoRA grid,milora,MiLoRA,0.0001,43.0,frc_milora_a1r_lr1e4_c256,False,False,True,27.42,36.85,72.85,35.28,19.56,48.63,44.71,36.07,0.2508,-0.6006724678413211
frc_milora_a1r_lr1e4_c256_s44,frc,Llama-CS grid (frc),Llama-2-7B,cs,faithful-CLoRA grid,milora,MiLoRA,0.0001,44.0,frc_milora_a1r_lr1e4_c256,False,False,True,26.92,36.49,36.4,34.62,19.22,47.74,43.34,37.53,0.2536,-0.5958507507903049
frc_milora_a1r_lr1e4_c256_s45,frc,Llama-CS grid (frc),Llama-2-7B,cs,faithful-CLoRA grid,milora,MiLoRA,0.0001,45.0,frc_milora_a1r_lr1e4_c256,False,False,True,27.31,36.17,74.29,34.71,19.91,47.24,42.92,36.06,0.2454,-0.6101254416090145
frc_milora_a1r_lr2e4_c256_s42,frc,Llama-CS grid (frc),Llama-2-7B,cs,faithful-CLoRA grid,milora,MiLoRA,0.0002,42.0,frc_milora_a1r_lr2e4_c256,False,False,True,25.84,34.26,75.2,33.42,18.27,45.85,39.25,34.51,0.3976,-0.4005536242747243
frc_milora_a1r_lr2e4_c256_s43,frc,Llama-CS grid (frc),Llama-2-7B,cs,faithful-CLoRA grid,milora,MiLoRA,0.0002,43.0,frc_milora_a1r_lr2e4_c256,False,False,True,25.52,34.94,79.66,33.1,17.93,47.69,40.19,35.77,0.4145,-0.3824754651137076
frc_milora_a1r_lr2e4_c256_s44,frc,Llama-CS grid (frc),Llama-2-7B,cs,faithful-CLoRA grid,milora,MiLoRA,0.0002,44.0,frc_milora_a1r_lr2e4_c256,False,False,True,26.52,34.87,22.28,33.6,19.45,46.94,39.42,34.92,0.402,-0.3957739469155299
frc_milora_a1r_lr2e4_c256_s45,frc,Llama-CS grid (frc),Llama-2-7B,cs,faithful-CLoRA grid,milora,MiLoRA,0.0002,45.0,frc_milora_a1r_lr2e4_c256,False,False,True,26.46,35.21,78.53,34.05,18.87,44.4,42.15,36.59,0.4162,-0.3806979241243918
frc_milora_a1r_lr3e4_c256_s42,frc,Llama-CS grid (frc),Llama-2-7B,cs,faithful-CLoRA grid,milora,MiLoRA,0.0003,42.0,frc_milora_a1r_lr3e4_c256,False,False,True,24.72,33.64,79.85,32.5,16.95,43.09,39.76,35.91,0.5432,-0.2650402387275547
frc_milora_a1r_lr3e4_c256_s43,frc,Llama-CS grid (frc),Llama-2-7B,cs,faithful-CLoRA grid,milora,MiLoRA,0.0003,43.0,frc_milora_a1r_lr3e4_c256,False,False,True,23.8,32.56,58.72,31.06,16.54,41.97,37.71,35.52,0.5633,-0.2492602487646492
frc_milora_a1r_lr3e4_c256_s44,frc,Llama-CS grid (frc),Llama-2-7B,cs,faithful-CLoRA grid,milora,MiLoRA,0.0003,44.0,frc_milora_a1r_lr3e4_c256,False,False,True,24.06,32.62,34.58,31.19,16.94,40.94,38.23,35.82,0.5623,-0.2500319164905971
frc_milora_a1r_lr3e4_c256_s45,frc,Llama-CS grid (frc),Llama-2-7B,cs,faithful-CLoRA grid,milora,MiLoRA,0.0003,45.0,frc_milora_a1r_lr3e4_c256,False,False,True,24.9,31.75,79.29,32.25,17.54,37.64,36.09,35.21,0.561,-0.2510371387438385
frc_milora_a1r_lr5e4_c256_s42,frc,Llama-CS grid (frc),Llama-2-7B,cs,faithful-CLoRA grid,milora,MiLoRA,0.0005,42.0,frc_milora_a1r_lr5e4_c256,False,False,True,20.76,28.84,76.81,29.61,11.91,32.23,36.01,34.44,0.8396,-0.0759275700896371
frc_milora_a1r_lr5e4_c256_s43,frc,Llama-CS grid (frc),Llama-2-7B,cs,faithful-CLoRA grid,milora,MiLoRA,0.0005,43.0,frc_milora_a1r_lr5e4_c256,False,False,True,21.27,27.48,76.92,29.24,13.3,27.09,36.01,31.76,0.8585,-0.0662597005030646
frc_milora_a1r_lr5e4_c256_s44,frc,Llama-CS grid (frc),Llama-2-7B,cs,faithful-CLoRA grid,milora,MiLoRA,0.0005,44.0,frc_milora_a1r_lr5e4_c256,False,False,True,21.0,29.86,77.63,29.69,12.3,32.44,39.59,35.26,0.8658,-0.0625824185228621
frc_milora_a1r_lr5e4_c256_s45,frc,Llama-CS grid (frc),Llama-2-7B,cs,faithful-CLoRA grid,milora,MiLoRA,0.0005,45.0,frc_milora_a1r_lr5e4_c256,False,False,True,22.7,28.96,77.41,31.68,13.73,29.52,35.15,34.71,0.8422,-0.0745847629157537
frc_milora_a1r_lr7e4_c256_s42,frc,Llama-CS grid (frc),Llama-2-7B,cs,faithful-CLoRA grid,milora,MiLoRA,0.0007,42.0,frc_milora_a1r_lr7e4_c256,False,False,True,17.84,25.31,73.68,27.63,8.05,23.28,30.55,37.05,1.1321,0.0538847903946921
frc_milora_a1r_lr7e4_c256_s43,frc,Llama-CS grid (frc),Llama-2-7B,cs,faithful-CLoRA grid,milora,MiLoRA,0.0007,43.0,frc_milora_a1r_lr7e4_c256,False,False,True,18.4,26.69,62.46,28.57,8.22,27.63,33.79,35.23,1.086,0.0358298252528281
frc_milora_a1r_lr7e4_c256_s44,frc,Llama-CS grid (frc),Llama-2-7B,cs,faithful-CLoRA grid,milora,MiLoRA,0.0007,44.0,frc_milora_a1r_lr7e4_c256,False,False,True,18.82,26.47,74.43,27.48,10.16,23.8,33.53,37.37,1.1428,0.0579702317107054
frc_milora_lr1e3_c256_s42,frc,Llama-CS grid (frc),Llama-2-7B,cs,faithful-CLoRA grid,milora,MiLoRA,0.001,42.0,frc_milora_lr1e3_c256,False,True,True,0.0,19.75,0.0,0.0,0.0,22.95,26.62,49.17,248.2232,2.3948423700761263
frc_milora_lr1e3_c256_s43,frc,Llama-CS grid (frc),Llama-2-7B,cs,faithful-CLoRA grid,milora,MiLoRA,0.001,43.0,frc_milora_lr1e3_c256,False,True,True,2.13,19.69,36.33,4.27,0.0,23.22,23.21,47.73,7.1808,0.8561728309040297
frc_milora_lr1e3_c256_s44,frc,Llama-CS grid (frc),Llama-2-7B,cs,faithful-CLoRA grid,milora,MiLoRA,0.001,44.0,frc_milora_lr1e3_c256,False,False,True,4.62,21.08,36.89,9.25,0.0,23.34,25.51,47.31,5.4068,0.7329403051216139
frc_milora_lr1e4_c256_s42,frc,Llama-CS grid (frc),Llama-2-7B,cs,faithful-CLoRA grid,milora,MiLoRA,0.0001,42.0,frc_milora_lr1e4_c256,False,False,True,27.36,36.07,58.93,35.02,19.69,46.74,42.24,36.68,0.308,-0.5114492834995558
frc_milora_lr1e4_c256_s43,frc,Llama-CS grid (frc),Llama-2-7B,cs,faithful-CLoRA grid,milora,MiLoRA,0.0001,43.0,frc_milora_lr1e4_c256,False,False,True,25.94,36.02,76.2,33.45,18.43,47.61,43.52,37.1,0.3179,-0.4977094720852271
frc_milora_lr1e4_c256_s44,frc,Llama-CS grid (frc),Llama-2-7B,cs,faithful-CLoRA grid,milora,MiLoRA,0.0001,44.0,frc_milora_lr1e4_c256,False,False,True,27.39,35.8,78.81,34.94,19.84,46.92,41.13,36.19,0.3154,-0.5011383110071159
frc_milora_lr1e4_c256_s45,frc,Llama-CS grid (frc),Llama-2-7B,cs,faithful-CLoRA grid,milora,MiLoRA,0.0001,45.0,frc_milora_lr1e4_c256,False,False,True,26.97,35.27,73.24,34.57,19.37,46.25,40.02,36.12,0.3126,-0.5050110263168319
frc_milora_lr2e4_c256_s42,frc,Llama-CS grid (frc),Llama-2-7B,cs,faithful-CLoRA grid,milora,MiLoRA,0.0002,42.0,frc_milora_lr2e4_c256,False,False,True,24.26,33.2,80.19,32.1,16.41,44.72,38.48,34.31,0.5166,-0.2868455981627016
frc_milora_lr2e4_c256_s43,frc,Llama-CS grid (frc),Llama-2-7B,cs,faithful-CLoRA grid,milora,MiLoRA,0.0002,43.0,frc_milora_lr2e4_c256,False,False,True,24.16,33.08,80.19,31.22,17.1,42.02,39.33,35.72,0.5202,-0.283829652140146
frc_milora_lr2e4_c256_s44,frc,Llama-CS grid (frc),Llama-2-7B,cs,faithful-CLoRA grid,milora,MiLoRA,0.0002,44.0,frc_milora_lr2e4_c256,False,False,True,24.24,32.58,51.99,31.16,17.31,38.95,39.25,36.22,0.5346,-0.2719710455794816
frc_milora_lr2e4_c256_s45,frc,Llama-CS grid (frc),Llama-2-7B,cs,faithful-CLoRA grid,milora,MiLoRA,0.0002,45.0,frc_milora_lr2e4_c256,False,False,True,25.12,32.91,72.82,32.79,17.45,43.73,37.12,33.46,0.537,-0.2700257143004443
frc_milora_lr2e5_c256_s42,frc,Llama-CS grid (frc),Llama-2-7B,cs,faithful-CLoRA grid,milora,MiLoRA,2e-05,42.0,frc_milora_lr2e5_c256,False,False,True,26.95,36.88,24.21,34.65,19.25,46.06,47.01,37.44,0.1894,-0.7226200253327454
frc_milora_lr2e5_c256_s43,frc,Llama-CS grid (frc),Llama-2-7B,cs,faithful-CLoRA grid,milora,MiLoRA,2e-05,43.0,frc_milora_lr2e5_c256,False,False,True,26.32,36.61,42.96,33.62,19.01,46.72,46.5,37.2,0.1853,-0.7321245806811024
frc_milora_lr2e5_c256_s44,frc,Llama-CS grid (frc),Llama-2-7B,cs,faithful-CLoRA grid,milora,MiLoRA,2e-05,44.0,frc_milora_lr2e5_c256,False,False,True,26.58,36.78,25.23,33.94,19.21,46.5,47.44,36.8,0.1873,-0.7274622226247627
frc_milora_lr3e4_c256_s42,frc,Llama-CS grid (frc),Llama-2-7B,cs,faithful-CLoRA grid,milora,MiLoRA,0.0003,42.0,frc_milora_lr3e4_c256,False,False,True,21.82,30.95,78.24,29.44,14.2,37.72,35.24,38.14,0.7434,-0.1287774432402929
frc_milora_lr3e4_c256_s43,frc,Llama-CS grid (frc),Llama-2-7B,cs,faithful-CLoRA grid,milora,MiLoRA,0.0003,43.0,frc_milora_lr3e4_c256,False,False,True,22.46,30.35,49.15,30.98,13.95,34.03,36.69,36.12,0.7232,-0.1407415825326931
frc_milora_lr3e4_c256_s44,frc,Llama-CS grid (frc),Llama-2-7B,cs,faithful-CLoRA grid,milora,MiLoRA,0.0003,44.0,frc_milora_lr3e4_c256,False,False,True,22.58,29.92,78.8,30.66,14.49,32.99,36.52,34.93,0.7361,-0.1330631822683606
frc_milora_lr3e4_c256_s45,frc,Llama-CS grid (frc),Llama-2-7B,cs,faithful-CLoRA grid,milora,MiLoRA,0.0003,45.0,frc_milora_lr3e4_c256,False,False,True,22.66,30.82,78.44,31.36,13.95,36.65,35.32,36.81,0.729,-0.1372724716820254
frc_milora_lr5e4_c256_s42,frc,Llama-CS grid (frc),Llama-2-7B,cs,faithful-CLoRA grid,milora,MiLoRA,0.0005,42.0,frc_milora_lr5e4_c256,False,False,True,17.54,25.93,72.85,27.63,7.44,23.65,34.39,36.53,1.1445,0.0586157970105617
frc_milora_lr5e4_c256_s43,frc,Llama-CS grid (frc),Llama-2-7B,cs,faithful-CLoRA grid,milora,MiLoRA,0.0005,43.0,frc_milora_lr5e4_c256,False,False,True,17.4,24.9,73.42,25.8,8.99,24.38,30.72,34.59,1.1201,0.0492567972322272
frc_milora_lr5e4_c256_s44,frc,Llama-CS grid (frc),Llama-2-7B,cs,faithful-CLoRA grid,milora,MiLoRA,0.0005,44.0,frc_milora_lr5e4_c256,False,False,True,16.09,24.79,73.24,28.32,3.86,24.21,33.7,33.88,1.1293,0.0528093281405613
frc_milora_lr5e4_c256_s45,frc,Llama-CS grid (frc),Llama-2-7B,cs,faithful-CLoRA grid,milora,MiLoRA,0.0005,45.0,frc_milora_lr5e4_c256,False,False,True,19.27,26.68,73.97,28.63,9.91,24.76,34.3,35.82,1.1349,0.0549575960124065
frc_milora_lr7e4_c256_s42,frc,Llama-CS grid (frc),Llama-2-7B,cs,faithful-CLoRA grid,milora,MiLoRA,0.0007,42.0,frc_milora_lr7e4_c256,False,False,True,15.5,24.45,63.53,24.53,6.48,23.18,30.89,37.16,1.4751,0.1688214630098239
frc_milora_lr7e4_c256_s43,frc,Llama-CS grid (frc),Llama-2-7B,cs,faithful-CLoRA grid,milora,MiLoRA,0.0007,43.0,frc_milora_lr7e4_c256,False,False,True,14.5,23.45,65.33,21.7,7.31,22.97,30.2,35.08,1.5291,0.1844358883083704
frc_milora_lr7e4_c256_s44,frc,Llama-CS grid (frc),Llama-2-7B,cs,faithful-CLoRA grid,milora,MiLoRA,0.0007,44.0,frc_milora_lr7e4_c256,False,False,True,14.68,23.33,65.02,21.75,7.61,22.99,29.69,34.59,1.5248,0.1832128832942511
frc_milora_r32_lr3e4_c256_s42,frc,Llama-CS grid (frc),Llama-2-7B,cs,faithful-CLoRA grid,milora,MiLoRA,0.0003,42.0,frc_milora_r32_lr3e4_c256,False,False,True,21.82,30.95,78.26,29.44,14.2,37.72,35.24,38.14,0.7434,-0.1287774432402929
frc_milora_r32_lr3e4_c256_s43,frc,Llama-CS grid (frc),Llama-2-7B,cs,faithful-CLoRA grid,milora,MiLoRA,0.0003,43.0,frc_milora_r32_lr3e4_c256,False,False,True,22.46,30.35,49.0,30.98,13.95,34.03,36.69,36.12,0.7232,-0.1407415825326931
frc_milora_r32_lr3e4_c256_s44,frc,Llama-CS grid (frc),Llama-2-7B,cs,faithful-CLoRA grid,milora,MiLoRA,0.0003,44.0,frc_milora_r32_lr3e4_c256,False,False,True,22.58,29.92,78.72,30.66,14.49,32.99,36.52,34.93,0.7361,-0.1330631822683606
frc_milora_r32_lr3e4_c256_s45,frc,Llama-CS grid (frc),Llama-2-7B,cs,faithful-CLoRA grid,milora,MiLoRA,0.0003,45.0,frc_milora_r32_lr3e4_c256,False,False,True,22.66,30.82,78.45,31.36,13.95,36.65,35.32,36.81,0.729,-0.1372724716820254
frc_pissa_r32_lr3e4_c256_s42,frc,Llama-CS grid (frc),Llama-2-7B,cs,faithful-CLoRA grid,pissa,PiSSA,0.0003,42.0,frc_pissa_r32_lr3e4_c256,False,False,True,10.59,22.22,70.05,19.18,2.0,23.74,29.01,37.18,1.4138,0.1503879773252801
frc_pissa_r32_lr3e4_c256_s43,frc,Llama-CS grid (frc),Llama-2-7B,cs,faithful-CLoRA grid,pissa,PiSSA,0.0003,43.0,frc_pissa_r32_lr3e4_c256,False,False,True,13.25,23.8,69.25,25.25,1.25,23.43,31.14,37.93,1.4141,0.1504801222703345
frc_pissa_r32_lr3e4_c256_s44,frc,Llama-CS grid (frc),Llama-2-7B,cs,faithful-CLoRA grid,pissa,PiSSA,0.0003,44.0,frc_pissa_r32_lr3e4_c256,False,False,True,9.38,22.11,68.87,16.56,2.2,23.24,33.36,35.21,1.3877,0.1422955882897635
frc_pissa_r32_lr3e4_c256_s45,frc,Llama-CS grid (frc),Llama-2-7B,cs,faithful-CLoRA grid,pissa,PiSSA,0.0003,45.0,frc_pissa_r32_lr3e4_c256,False,False,True,12.2,23.34,69.56,22.82,1.58,23.57,31.91,36.84,1.4031,0.1470886246281665
frc_sclora_b0p9_em_r128_lr5e5_s42,frc,Llama-CS grid (frc),Llama-2-7B,cs,faithful-CLoRA grid,sclora,SC-LoRA,5e-05,42.0,frc_sclora_b0p9_em_r128_lr5e5,False,False,True,27.05,35.98,71.5,35.28,18.82,47.9,43.17,34.73,0.1948,-0.7104110474574032
frc_sclora_b0p9_em_r128_lr5e5_s43,frc,Llama-CS grid (frc),Llama-2-7B,cs,faithful-CLoRA grid,sclora,SC-LoRA,5e-05,43.0,frc_sclora_b0p9_em_r128_lr5e5,False,False,True,27.56,36.63,67.93,35.62,19.51,48.68,43.17,36.18,0.2003,-0.6983190507064237
frc_sclora_b0p9_em_r128_lr5e5_s44,frc,Llama-CS grid (frc),Llama-2-7B,cs,faithful-CLoRA grid,sclora,SC-LoRA,5e-05,44.0,frc_sclora_b0p9_em_r128_lr5e5,False,False,True,27.04,35.86,56.81,34.4,19.69,47.69,42.41,35.1,0.2034,-0.6916490514132743
frc_sclora_lr1e3_c256_s42,frc,Llama-CS grid (frc),Llama-2-7B,cs,faithful-CLoRA grid,sclora,SC-LoRA,0.001,42.0,frc_sclora_lr1e3_c256,False,True,True,1.14,19.29,36.86,2.29,0.0,23.04,22.61,48.49,8.2262,0.9151992641131624
frc_sclora_lr1e3_c256_s43,frc,Llama-CS grid (frc),Llama-2-7B,cs,faithful-CLoRA grid,sclora,SC-LoRA,0.001,43.0,frc_sclora_lr1e3_c256,False,True,True,1.06,18.8,36.48,2.13,0.0,22.97,21.33,47.55,9.3854,0.9724527867166444
frc_sclora_lr1e3_c256_s44,frc,Llama-CS grid (frc),Llama-2-7B,cs,faithful-CLoRA grid,sclora,SC-LoRA,0.001,44.0,frc_sclora_lr1e3_c256,False,True,True,0.64,19.2,36.81,1.27,0.0,23.86,23.29,47.56,7.3776,0.8679151048753324
frc_sclora_lr1e4_c256_s42,frc,Llama-CS grid (frc),Llama-2-7B,cs,faithful-CLoRA grid,sclora,SC-LoRA,0.0001,42.0,frc_sclora_lr1e4_c256,False,False,True,19.7,27.32,80.23,28.94,10.46,25.43,38.23,33.54,0.5591,-0.2525105077413271
frc_sclora_lr1e4_c256_s43,frc,Llama-CS grid (frc),Llama-2-7B,cs,faithful-CLoRA grid,sclora,SC-LoRA,0.0001,43.0,frc_sclora_lr1e4_c256,False,False,True,21.16,28.91,80.46,29.86,12.47,29.28,36.35,36.59,0.5593,-0.2523551806717518
frc_sclora_lr1e4_c256_s44,frc,Llama-CS grid (frc),Llama-2-7B,cs,faithful-CLoRA grid,sclora,SC-LoRA,0.0001,44.0,frc_sclora_lr1e4_c256,False,False,True,21.17,27.79,79.19,30.7,11.64,25.43,37.12,34.08,0.5864,-0.2318060383669284
frc_sclora_lr1e4_c256_s45,frc,Llama-CS grid (frc),Llama-2-7B,cs,faithful-CLoRA grid,sclora,SC-LoRA,0.0001,45.0,frc_sclora_lr1e4_c256,False,False,True,21.53,28.62,80.2,30.78,12.28,29.26,37.12,33.67,0.5586,-0.2528990686350137
frc_sclora_lr2e4_c256_s42,frc,Llama-CS grid (frc),Llama-2-7B,cs,faithful-CLoRA grid,sclora,SC-LoRA,0.0002,42.0,frc_sclora_lr2e4_c256,False,False,True,16.36,26.04,78.41,26.51,6.2,24.6,39.42,33.48,0.8047,-0.0943659986730452
frc_sclora_lr2e4_c256_s43,frc,Llama-CS grid (frc),Llama-2-7B,cs,faithful-CLoRA grid,sclora,SC-LoRA,0.0002,43.0,frc_sclora_lr2e4_c256,False,False,True,18.31,26.12,78.5,29.21,7.41,24.51,36.01,33.47,0.8038,-0.0948519981439839
frc_sclora_lr2e4_c256_s44,frc,Llama-CS grid (frc),Llama-2-7B,cs,faithful-CLoRA grid,sclora,SC-LoRA,0.0002,44.0,frc_sclora_lr2e4_c256,False,False,True,15.62,25.01,78.04,23.67,7.56,25.45,36.18,32.2,0.8069,-0.0931802845334546
frc_sclora_lr2e4_c256_s45,frc,Llama-CS grid (frc),Llama-2-7B,cs,faithful-CLoRA grid,sclora,SC-LoRA,0.0002,45.0,frc_sclora_lr2e4_c256,False,False,True,17.33,25.05,78.26,27.6,7.06,23.62,35.24,31.72,0.7962,-0.0989778267519208
frc_sclora_lr3e4_c256_s42,frc,Llama-CS grid (frc),Llama-2-7B,cs,faithful-CLoRA grid,sclora,SC-LoRA,0.0003,42.0,frc_sclora_lr3e4_c256,False,False,True,15.54,24.27,75.87,25.13,5.95,23.02,34.39,32.88,1.0273,0.0116972881141425
frc_sclora_lr3e4_c256_s43,frc,Llama-CS grid (frc),Llama-2-7B,cs,faithful-CLoRA grid,sclora,SC-LoRA,0.0003,43.0,frc_sclora_lr3e4_c256,False,False,True,16.6,23.76,77.29,26.49,6.72,23.4,31.83,30.38,1.0338,0.0144365278316721
frc_sclora_lr3e4_c256_s44,frc,Llama-CS grid (frc),Llama-2-7B,cs,faithful-CLoRA grid,sclora,SC-LoRA,0.0003,44.0,frc_sclora_lr3e4_c256,False,False,True,15.11,24.18,62.69,23.74,6.48,23.38,33.7,33.6,1.0202,0.0086853191951681
frc_sclora_lr3e4_c256_s45,frc,Llama-CS grid (frc),Llama-2-7B,cs,faithful-CLoRA grid,sclora,SC-LoRA,0.0003,45.0,frc_sclora_lr3e4_c256,False,False,True,16.0,25.36,76.65,25.99,6.02,22.95,35.58,36.27,1.0343,0.0146465246840317
frc_sclora_lr5e4_c256_s42,frc,Llama-CS grid (frc),Llama-2-7B,cs,faithful-CLoRA grid,sclora,SC-LoRA,0.0005,42.0,frc_sclora_lr5e4_c256,False,False,True,15.13,23.96,68.99,25.02,5.24,23.08,32.34,34.1,1.4014,0.1465621131575566
frc_sclora_lr5e4_c256_s43,frc,Llama-CS grid (frc),Llama-2-7B,cs,faithful-CLoRA grid,sclora,SC-LoRA,0.0005,43.0,frc_sclora_lr5e4_c256,False,False,True,14.94,24.44,69.46,23.93,5.94,22.9,32.94,36.47,1.4008,0.1463761330753897
frc_sclora_lr5e4_c256_s44,frc,Llama-CS grid (frc),Llama-2-7B,cs,faithful-CLoRA grid,sclora,SC-LoRA,0.0005,44.0,frc_sclora_lr5e4_c256,False,False,True,8.53,21.64,69.48,11.72,5.34,22.89,31.91,36.35,1.4059,0.1479544309308205
frc_sclora_lr5e4_c256_s45,frc,Llama-CS grid (frc),Llama-2-7B,cs,faithful-CLoRA grid,sclora,SC-LoRA,0.0005,45.0,frc_sclora_lr5e4_c256,False,False,True,14.91,24.8,69.05,23.13,6.69,22.92,33.62,37.64,1.4302,0.1553967737048507
frc_sclora_lr7e4_c256_s42,frc,Llama-CS grid (frc),Llama-2-7B,cs,faithful-CLoRA grid,sclora,SC-LoRA,0.0007,42.0,frc_sclora_lr7e4_c256,False,False,True,6.29,20.48,59.69,11.15,1.43,23.32,29.18,37.33,1.7708,0.2481695133068103
frc_sclora_lr7e4_c256_s43,frc,Llama-CS grid (frc),Llama-2-7B,cs,faithful-CLoRA grid,sclora,SC-LoRA,0.0007,43.0,frc_sclora_lr7e4_c256,False,False,True,11.02,21.7,37.09,19.67,2.36,22.72,25.94,37.83,1.8037,0.2561643052796146
frm_clora_k128_lr3e4_c256_s42,frm,Llama-Math grid (frm),Llama-2-7B,math,faithful-CLoRA grid,clora,CLoRA,0.0003,42.0,frm_clora_k128_lr3e4_c256,False,False,True,18.52,27.28,59.59,27.55,9.49,23.74,29.78,45.84,1.0793,0.0331421770606246
frm_clora_k128_lr3e4_c256_s43,frm,Llama-Math grid (frm),Llama-2-7B,math,faithful-CLoRA grid,clora,CLoRA,0.0003,43.0,frm_clora_k128_lr3e4_c256,False,False,True,18.57,27.62,59.82,27.57,9.57,24.55,30.55,45.88,1.0884,0.03678853310772
frm_clora_k128_lr3e4_c256_s44,frm,Llama-Math grid (frm),Llama-2-7B,math,faithful-CLoRA grid,clora,CLoRA,0.0003,44.0,frm_clora_k128_lr3e4_c256,False,False,True,19.2,28.1,60.58,29.4,8.99,24.92,29.18,47.99,1.109,0.04493154614916
frm_clora_k256_lr3e4_c256_s42,frm,Llama-Math grid (frm),Llama-2-7B,math,faithful-CLoRA grid,clora,CLoRA,0.0003,42.0,frm_clora_k256_lr3e4_c256,False,False,True,19.02,26.69,60.8,28.61,9.42,23.01,31.48,40.95,1.0191,0.0082168015896903
frm_clora_k256_lr3e4_c256_s43,frm,Llama-Math grid (frm),Llama-2-7B,math,faithful-CLoRA grid,clora,CLoRA,0.0003,43.0,frm_clora_k256_lr3e4_c256,False,False,True,18.85,27.91,60.2,28.75,8.95,26.29,30.72,44.82,1.0094,0.004063300397667
frm_clora_k256_lr3e4_c256_s44,frm,Llama-Math grid (frm),Llama-2-7B,math,faithful-CLoRA grid,clora,CLoRA,0.0003,44.0,frm_clora_k256_lr3e4_c256,False,False,True,18.98,27.03,60.96,28.54,9.41,23.02,29.35,44.82,1.0045,0.0019499410842679
frm_clora_k64_lr3e4_c256_s42,frm,Llama-Math grid (frm),Llama-2-7B,math,faithful-CLoRA grid,clora,CLoRA,0.0003,42.0,frm_clora_k64_lr3e4_c256,False,False,True,18.38,27.16,58.53,28.24,8.51,24.41,29.35,45.29,1.1128,0.04641711698399
frm_clora_k64_lr3e4_c256_s43,frm,Llama-Math grid (frm),Llama-2-7B,math,faithful-CLoRA grid,clora,CLoRA,0.0003,43.0,frm_clora_k64_lr3e4_c256,False,False,True,18.48,27.58,60.5,28.09,8.88,26.17,30.03,44.75,1.1327,0.0541149005105858
frm_clora_k64_lr3e4_c256_s44,frm,Llama-Math grid (frm),Llama-2-7B,math,faithful-CLoRA grid,clora,CLoRA,0.0003,44.0,frm_clora_k64_lr3e4_c256,False,False,True,19.21,27.67,58.45,28.69,9.72,23.65,30.38,45.89,1.1357,0.055263625784184
frm_clora_k64_lr3e4_c256_s45,frm,Llama-Math grid (frm),Llama-2-7B,math,faithful-CLoRA grid,clora,CLoRA,0.0003,45.0,frm_clora_k64_lr3e4_c256,False,False,True,18.3,26.51,60.05,27.29,9.32,23.98,27.47,44.48,1.1432,0.0581222157829138
frm_cordapp_lr1e4_c256_s42,frm,Llama-Math grid (frm),Llama-2-7B,math,faithful-CLoRA grid,cordapp,CorDA++ (withheld),0.0001,42.0,frm_cordapp_lr1e4_c256,True,False,False,22.7,29.77,58.76,31.56,13.85,26.05,39.42,37.95,0.6323,-0.1990768181867817
frm_cordapp_lr2e4_c256_s42,frm,Llama-Math grid (frm),Llama-2-7B,math,faithful-CLoRA grid,cordapp,CorDA++ (withheld),0.0002,42.0,frm_cordapp_lr2e4_c256,True,False,False,21.09,29.36,58.61,30.7,11.48,26.35,37.12,41.16,0.8553,-0.0678815279708776
frm_cordapp_lr3e4_c256_s42,frm,Llama-Math grid (frm),Llama-2-7B,math,faithful-CLoRA grid,cordapp,CorDA++ (withheld),0.0003,42.0,frm_cordapp_lr3e4_c256,True,True,False,13.22,23.74,59.74,17.74,8.71,23.6,28.58,40.07,4.1151,0.6143803933564301
frm_dora_lr3e4_c256_s42,frm,Llama-Math grid (frm),Llama-2-7B,math,faithful-CLoRA grid,dora,DoRA,0.0003,42.0,frm_dora_lr3e4_c256,False,False,True,19.18,26.67,58.76,29.26,9.09,23.72,29.01,42.27,2.8399,0.453303047718583
frm_dora_lr3e4_c256_s43,frm,Llama-Math grid (frm),Llama-2-7B,math,faithful-CLoRA grid,dora,DoRA,0.0003,43.0,frm_dora_lr3e4_c256,False,False,True,17.76,26.7,59.74,27.85,7.67,23.74,28.75,45.49,2.8444,0.4539906699682299
frm_dora_lr3e4_c256_s44,frm,Llama-Math grid (frm),Llama-2-7B,math,faithful-CLoRA grid,dora,DoRA,0.0003,44.0,frm_dora_lr3e4_c256,False,False,True,18.01,26.71,59.06,27.15,8.87,23.16,27.99,46.37,2.8788,0.4592114940154554
frm_lora_lr3e4_c256_s42,frm,Llama-Math grid (frm),Llama-2-7B,math,faithful-CLoRA grid,lora,LoRA,0.0003,42.0,frm_lora_lr3e4_c256,False,False,True,18.04,26.63,60.2,29.14,6.93,24.18,27.99,44.9,1.2831,0.1082605049764734
frm_lora_lr3e4_c256_s43,frm,Llama-Math grid (frm),Llama-2-7B,math,faithful-CLoRA grid,lora,LoRA,0.0003,43.0,frm_lora_lr3e4_c256,False,False,True,18.44,27.49,57.85,27.83,9.06,23.68,29.69,47.2,1.2974,0.1130738935942079
frm_lora_lr3e4_c256_s44,frm,Llama-Math grid (frm),Llama-2-7B,math,faithful-CLoRA grid,lora,LoRA,0.0003,44.0,frm_lora_lr3e4_c256,False,False,True,17.84,27.16,60.73,27.49,8.19,24.77,30.46,44.88,1.2841,0.1085988459735667
frm_lora_null_lr1e4_c256_s42,frm,Llama-Math grid (frm),Llama-2-7B,math,faithful-CLoRA grid,lora_null,LoRA-Null,0.0001,42.0,frm_lora_null_lr1e4_c256,False,False,True,22.9,30.17,63.76,32.15,13.65,26.86,38.48,39.7,0.4739,-0.3243132913005989
frm_lora_null_lr2e4_c256_s42,frm,Llama-Math grid (frm),Llama-2-7B,math,faithful-CLoRA grid,lora_null,LoRA-Null,0.0002,42.0,frm_lora_null_lr2e4_c256,False,False,True,18.64,27.55,62.17,28.2,9.08,23.64,32.94,43.88,0.8823,-0.0543837207732682
frm_lora_null_lr2e4_c256_s43,frm,Llama-Math grid (frm),Llama-2-7B,math,faithful-CLoRA grid,lora_null,LoRA-Null,0.0002,43.0,frm_lora_null_lr2e4_c256,False,False,True,19.45,28.33,62.24,29.43,9.48,24.37,33.19,45.2,0.883,-0.0540392964224314
frm_lora_null_lr2e4_c256_s44,frm,Llama-Math grid (frm),Llama-2-7B,math,faithful-CLoRA grid,lora_null,LoRA-Null,0.0002,44.0,frm_lora_null_lr2e4_c256,False,False,True,18.93,27.33,61.18,29.06,8.81,24.25,33.28,41.24,0.8942,-0.048565334467987
frm_lorawd_wd0_lr1e3_c256_s42,frm,Llama-Math grid (frm),Llama-2-7B,math,faithful-CLoRA grid,lorawd,LoRA+wd,0.001,42.0,frm_lorawd_wd0_lr1e3_c256,False,True,False,0.0,,0.0,0.0,0.0,22.95,22.7,,,
frm_lorawd_wd0_lr1e3_c256_s43,frm,Llama-Math grid (frm),Llama-2-7B,math,faithful-CLoRA grid,lorawd,LoRA+wd,0.001,43.0,frm_lorawd_wd0_lr1e3_c256,False,True,False,0.0,,0.0,0.0,0.0,22.95,22.7,,,
frm_lorawd_wd0_lr1e3_c256_s44,frm,Llama-Math grid (frm),Llama-2-7B,math,faithful-CLoRA grid,lorawd,LoRA+wd,0.001,44.0,frm_lorawd_wd0_lr1e3_c256,False,True,False,0.0,,0.0,0.0,0.0,22.95,22.7,,,
frm_lorawd_wd0_lr1e4_c256_s42,frm,Llama-Math grid (frm),Llama-2-7B,math,faithful-CLoRA grid,lorawd,LoRA+wd,0.0001,42.0,frm_lorawd_wd0_lr1e4_c256,False,False,True,22.58,30.4,64.97,30.96,14.19,27.89,37.71,41.27,0.4336,-0.3629107264696695
frm_lorawd_wd0_lr1e4_c256_s43,frm,Llama-Math grid (frm),Llama-2-7B,math,faithful-CLoRA grid,lorawd,LoRA+wd,0.0001,43.0,frm_lorawd_wd0_lr1e4_c256,False,False,True,23.35,31.89,63.68,31.27,15.43,30.78,40.02,41.97,0.4484,-0.3483343960770644
frm_lorawd_wd0_lr1e4_c256_s44,frm,Llama-Math grid (frm),Llama-2-7B,math,faithful-CLoRA grid,lorawd,LoRA+wd,0.0001,44.0,frm_lorawd_wd0_lr1e4_c256,False,False,True,23.14,31.57,63.31,31.65,14.63,27.46,40.78,43.32,0.4449,-0.3517375942519555
frm_lorawd_wd0_lr2e4_c256_s42,frm,Llama-Math grid (frm),Llama-2-7B,math,faithful-CLoRA grid,lorawd,LoRA+wd,0.0002,42.0,frm_lorawd_wd0_lr2e4_c256,False,False,True,19.24,28.86,61.33,26.75,11.74,25.19,34.22,46.42,0.87,-0.0604807473813814
frm_lorawd_wd0_lr2e4_c256_s43,frm,Llama-Math grid (frm),Llama-2-7B,math,faithful-CLoRA grid,lorawd,LoRA+wd,0.0002,43.0,frm_lorawd_wd0_lr2e4_c256,False,False,True,20.3,28.09,62.4,30.59,10.01,25.62,32.25,41.97,0.852,-0.0695604052332999
frm_lorawd_wd0_lr2e4_c256_s44,frm,Llama-Math grid (frm),Llama-2-7B,math,faithful-CLoRA grid,lorawd,LoRA+wd,0.0002,44.0,frm_lorawd_wd0_lr2e4_c256,False,False,True,20.81,29.34,62.85,29.58,12.04,25.52,34.9,44.68,0.8572,-0.0669178376302089
frm_lorawd_wd0_lr3e4_c256_s42,frm,Llama-Math grid (frm),Llama-2-7B,math,faithful-CLoRA grid,lorawd,LoRA+wd,0.0003,42.0,frm_lorawd_wd0_lr3e4_c256,False,False,True,17.96,26.41,59.59,28.31,7.61,24.16,26.79,45.16,1.2941,0.1119678372060728
frm_lorawd_wd0_lr3e4_c256_s43,frm,Llama-Math grid (frm),Llama-2-7B,math,faithful-CLoRA grid,lorawd,LoRA+wd,0.0003,43.0,frm_lorawd_wd0_lr3e4_c256,False,False,True,19.5,27.15,58.91,29.01,9.98,24.63,27.73,44.39,1.2647,0.1019875185582993
frm_lorawd_wd0_lr3e4_c256_s44,frm,Llama-Math grid (frm),Llama-2-7B,math,faithful-CLoRA grid,lorawd,LoRA+wd,0.0003,44.0,frm_lorawd_wd0_lr3e4_c256,False,False,True,17.8,26.32,58.68,26.31,9.3,25.0,29.1,41.91,1.2733,0.1049307390777404
frm_lorawd_wd0_lr5e4_c256_s42,frm,Llama-Math grid (frm),Llama-2-7B,math,faithful-CLoRA grid,lorawd,LoRA+wd,0.0005,42.0,frm_lorawd_wd0_lr5e4_c256,False,False,True,9.92,23.31,50.11,17.74,2.11,23.83,23.89,48.98,2.6809,0.4282806147071767
frm_lorawd_wd0_lr5e4_c256_s43,frm,Llama-Math grid (frm),Llama-2-7B,math,faithful-CLoRA grid,lorawd,LoRA+wd,0.0005,43.0,frm_lorawd_wd0_lr5e4_c256,False,False,True,8.56,23.09,50.64,16.02,1.1,24.14,25.43,48.76,2.6891,0.4296069527032835
frm_lorawd_wd0_lr5e4_c256_s44,frm,Llama-Math grid (frm),Llama-2-7B,math,faithful-CLoRA grid,lorawd,LoRA+wd,0.0005,44.0,frm_lorawd_wd0_lr5e4_c256,False,False,True,8.88,22.61,50.57,17.39,0.37,23.68,23.72,47.9,2.6896,0.4296876960953957
frm_lorawd_wd0_lr7e4_c256_s42,frm,Llama-Math grid (frm),Llama-2-7B,math,faithful-CLoRA grid,lorawd,LoRA+wd,0.0007,42.0,frm_lorawd_wd0_lr7e4_c256,False,True,True,1.82,20.05,37.0,3.64,0.0,23.28,25.09,48.23,10.8005,1.0334438612475565
frm_lorawd_wd0_lr7e4_c256_s43,frm,Llama-Math grid (frm),Llama-2-7B,math,faithful-CLoRA grid,lorawd,LoRA+wd,0.0007,43.0,frm_lorawd_wd0_lr7e4_c256,False,True,True,1.75,20.12,33.97,3.5,0.0,23.93,23.46,49.69,11.7101,1.0685606038053057
frm_lorawd_wd0_lr7e4_c256_s44,frm,Llama-Math grid (frm),Llama-2-7B,math,faithful-CLoRA grid,lorawd,LoRA+wd,0.0007,44.0,frm_lorawd_wd0_lr7e4_c256,False,True,False,0.0,,0.0,0.0,0.0,22.95,22.7,,,
frm_lorawd_wd0p1_lr1e3_c256_s42,frm,Llama-Math grid (frm),Llama-2-7B,math,faithful-CLoRA grid,lorawd,LoRA+wd,0.001,42.0,frm_lorawd_wd0p1_lr1e3_c256,False,True,False,0.0,,0.0,0.0,0.0,22.95,22.7,,,
frm_lorawd_wd0p1_lr1e3_c256_s43,frm,Llama-Math grid (frm),Llama-2-7B,math,faithful-CLoRA grid,lorawd,LoRA+wd,0.001,43.0,frm_lorawd_wd0p1_lr1e3_c256,False,True,False,0.0,,0.0,0.0,0.0,22.95,22.7,,,
frm_lorawd_wd0p1_lr1e3_c256_s44,frm,Llama-Math grid (frm),Llama-2-7B,math,faithful-CLoRA grid,lorawd,LoRA+wd,0.001,44.0,frm_lorawd_wd0p1_lr1e3_c256,False,True,False,0.0,,0.0,0.0,0.0,22.95,22.7,,,
frm_lorawd_wd0p1_lr1e4_c256_s42,frm,Llama-Math grid (frm),Llama-2-7B,math,faithful-CLoRA grid,lorawd,LoRA+wd,0.0001,42.0,frm_lorawd_wd0p1_lr1e4_c256,False,False,True,24.4,33.98,64.67,31.9,16.91,37.47,41.38,42.22,0.3404,-0.4680104485874498
frm_lorawd_wd0p1_lr1e4_c256_s43,frm,Llama-Math grid (frm),Llama-2-7B,math,faithful-CLoRA grid,lorawd,LoRA+wd,0.0001,43.0,frm_lorawd_wd0p1_lr1e4_c256,False,False,True,25.15,33.16,64.29,33.59,16.71,31.72,41.64,42.14,0.338,-0.4710832997223452
frm_lorawd_wd0p1_lr1e4_c256_s44,frm,Llama-Math grid (frm),Llama-2-7B,math,faithful-CLoRA grid,lorawd,LoRA+wd,0.0001,44.0,frm_lorawd_wd0p1_lr1e4_c256,False,False,True,24.71,33.76,64.37,32.61,16.81,34.72,42.58,42.1,0.3395,-0.4691602213834794
frm_lorawd_wd0p1_lr2e4_c256_s42,frm,Llama-Math grid (frm),Llama-2-7B,math,faithful-CLoRA grid,lorawd,LoRA+wd,0.0002,42.0,frm_lorawd_wd0p1_lr2e4_c256,False,False,True,23.92,31.52,65.66,33.22,14.61,29.06,36.77,43.96,0.5035,-0.2980005251103632
frm_lorawd_wd0p1_lr2e4_c256_s43,frm,Llama-Math grid (frm),Llama-2-7B,math,faithful-CLoRA grid,lorawd,LoRA+wd,0.0002,43.0,frm_lorawd_wd0p1_lr2e4_c256,False,False,True,24.18,31.86,65.2,32.79,15.58,30.25,37.63,43.03,0.5083,-0.2938798902972964
frm_lorawd_wd0p1_lr2e4_c256_s44,frm,Llama-Math grid (frm),Llama-2-7B,math,faithful-CLoRA grid,lorawd,LoRA+wd,0.0002,44.0,frm_lorawd_wd0p1_lr2e4_c256,False,False,True,22.78,31.66,66.72,31.01,14.54,29.04,38.65,45.07,0.5183,-0.2854187911604688
frm_lorawd_wd0p1_lr2e4_c512_s42,frm,Llama-Math grid (frm),Llama-2-7B,math,faithful-CLoRA grid,lorawd,LoRA+wd,0.0002,42.0,frm_lorawd_wd0p1_lr2e4_c512,False,False,True,24.32,33.19,66.11,33.21,15.43,34.41,38.31,44.57,0.4995,-0.3014645074379989
frm_lorawd_wd0p1_lr2e4_c512_s43,frm,Llama-Math grid (frm),Llama-2-7B,math,faithful-CLoRA grid,lorawd,LoRA+wd,0.0002,43.0,frm_lorawd_wd0p1_lr2e4_c512,False,False,True,23.84,32.59,67.78,32.05,15.63,32.74,39.68,42.84,0.5155,-0.2877713303804647
frm_lorawd_wd0p1_lr2e4_c512_s44,frm,Llama-Math grid (frm),Llama-2-7B,math,faithful-CLoRA grid,lorawd,LoRA+wd,0.0002,44.0,frm_lorawd_wd0p1_lr2e4_c512,False,False,True,23.51,31.23,66.79,32.3,14.72,27.27,37.63,44.25,0.503,-0.2984320149440726
frm_lorawd_wd0p1_lr3e4_c256_s42,frm,Llama-Math grid (frm),Llama-2-7B,math,faithful-CLoRA grid,lorawd,LoRA+wd,0.0003,42.0,frm_lorawd_wd0p1_lr3e4_c256,False,False,True,21.16,29.88,63.31,30.15,12.18,28.51,34.81,43.75,0.6511,-0.1863523046531033
frm_lorawd_wd0p1_lr3e4_c256_s43,frm,Llama-Math grid (frm),Llama-2-7B,math,faithful-CLoRA grid,lorawd,LoRA+wd,0.0003,43.0,frm_lorawd_wd0p1_lr3e4_c256,False,False,True,21.26,29.9,62.24,30.07,12.46,27.94,34.81,44.21,0.679,-0.1681302257194983
frm_lorawd_wd0p1_lr3e4_c256_s44,frm,Llama-Math grid (frm),Llama-2-7B,math,faithful-CLoRA grid,lorawd,LoRA+wd,0.0003,44.0,frm_lorawd_wd0p1_lr3e4_c256,False,False,True,21.77,31.03,64.14,31.02,12.52,27.0,37.88,46.75,0.6561,-0.1830299622427005
frm_lorawd_wd0p1_lr3e4_c512_s42,frm,Llama-Math grid (frm),Llama-2-7B,math,faithful-CLoRA grid,lorawd,LoRA+wd,0.0003,42.0,frm_lorawd_wd0p1_lr3e4_c512,False,False,True,22.98,31.62,64.97,31.87,14.09,30.27,36.69,45.2,0.6735,-0.1716623999409955
frm_lorawd_wd0p1_lr3e4_c512_s43,frm,Llama-Math grid (frm),Llama-2-7B,math,faithful-CLoRA grid,lorawd,LoRA+wd,0.0003,43.0,frm_lorawd_wd0p1_lr3e4_c512,False,False,True,21.87,31.29,67.32,31.12,12.62,30.79,35.92,46.0,0.6574,-0.1821703002543944
frm_lorawd_wd0p1_lr3e4_c512_s44,frm,Llama-Math grid (frm),Llama-2-7B,math,faithful-CLoRA grid,lorawd,LoRA+wd,0.0003,44.0,frm_lorawd_wd0p1_lr3e4_c512,False,False,True,21.72,30.87,66.26,29.9,13.55,31.48,36.6,42.8,0.6598,-0.1805876887906748
frm_lorawd_wd0p1_lr5e4_c256_s42,frm,Llama-Math grid (frm),Llama-2-7B,math,faithful-CLoRA grid,lorawd,LoRA+wd,0.0005,42.0,frm_lorawd_wd0p1_lr5e4_c256,False,False,True,19.65,28.52,60.2,28.84,10.46,23.69,32.59,47.01,0.9496,-0.0224592940534651
frm_lorawd_wd0p1_lr5e4_c256_s43,frm,Llama-Math grid (frm),Llama-2-7B,math,faithful-CLoRA grid,lorawd,LoRA+wd,0.0005,43.0,frm_lorawd_wd0p1_lr5e4_c256,False,False,True,20.07,28.63,60.35,30.07,10.06,25.91,31.06,46.05,0.941,-0.0264103765727431
frm_lorawd_wd0p1_lr5e4_c256_s44,frm,Llama-Math grid (frm),Llama-2-7B,math,faithful-CLoRA grid,lorawd,LoRA+wd,0.0005,44.0,frm_lorawd_wd0p1_lr5e4_c256,False,False,True,19.49,27.93,60.88,28.78,10.2,24.75,32.25,43.66,0.911,-0.0404816230270017
frm_lorawd_wd0p1_lr5e4_c512_s42,frm,Llama-Math grid (frm),Llama-2-7B,math,faithful-CLoRA grid,lorawd,LoRA+wd,0.0005,42.0,frm_lorawd_wd0p1_lr5e4_c512,False,False,True,20.01,29.24,64.52,28.71,11.3,26.88,33.45,45.85,0.918,-0.0371573187987575
frm_lorawd_wd0p1_lr5e4_c512_s43,frm,Llama-Math grid (frm),Llama-2-7B,math,faithful-CLoRA grid,lorawd,LoRA+wd,0.0005,43.0,frm_lorawd_wd0p1_lr5e4_c512,False,False,True,20.94,29.2,63.08,30.03,11.86,27.17,34.04,42.89,0.9252,-0.0337643759014181
frm_lorawd_wd0p1_lr5e4_c512_s44,frm,Llama-Math grid (frm),Llama-2-7B,math,faithful-CLoRA grid,lorawd,LoRA+wd,0.0005,44.0,frm_lorawd_wd0p1_lr5e4_c512,False,False,True,20.51,29.07,62.62,29.75,11.27,25.43,33.02,45.88,0.9068,-0.0424884885455201
frm_lorawd_wd0p1_lr7e4_c256_s42,frm,Llama-Math grid (frm),Llama-2-7B,math,faithful-CLoRA grid,lorawd,LoRA+wd,0.0007,42.0,frm_lorawd_wd0p1_lr7e4_c256,False,False,True,17.8,27.35,57.09,27.31,8.29,25.32,30.72,45.09,1.1891,0.0752183791115354
frm_lorawd_wd0p1_lr7e4_c256_s43,frm,Llama-Math grid (frm),Llama-2-7B,math,faithful-CLoRA grid,lorawd,LoRA+wd,0.0007,43.0,frm_lorawd_wd0p1_lr7e4_c256,False,False,True,17.86,26.91,57.01,26.75,8.97,24.33,30.29,44.22,1.2164,0.0850764114720945
frm_lorawd_wd0p1_lr7e4_c256_s44,frm,Llama-Math grid (frm),Llama-2-7B,math,faithful-CLoRA grid,lorawd,LoRA+wd,0.0007,44.0,frm_lorawd_wd0p1_lr7e4_c256,False,False,True,18.6,26.78,57.16,28.81,8.38,24.88,26.62,45.19,1.2185,0.085825533520743
frm_lorawd_wd0p2_lr1e3_c256_s42,frm,Llama-Math grid (frm),Llama-2-7B,math,faithful-CLoRA grid,lorawd,LoRA+wd,0.001,42.0,frm_lorawd_wd0p2_lr1e3_c256,False,True,False,0.0,,0.0,0.0,0.0,22.95,22.7,,,
frm_lorawd_wd0p2_lr1e3_c256_s43,frm,Llama-Math grid (frm),Llama-2-7B,math,faithful-CLoRA grid,lorawd,LoRA+wd,0.001,43.0,frm_lorawd_wd0p2_lr1e3_c256,False,True,False,0.0,,0.0,0.0,0.0,22.95,22.7,,,
frm_lorawd_wd0p2_lr1e4_c256_s42,frm,Llama-Math grid (frm),Llama-2-7B,math,faithful-CLoRA grid,lorawd,LoRA+wd,0.0001,42.0,frm_lorawd_wd0p2_lr1e4_c256,False,False,True,24.8,32.56,67.4,32.53,17.06,31.16,41.47,40.59,0.2849,-0.5453075507605232
frm_lorawd_wd0p2_lr1e4_c256_s43,frm,Llama-Math grid (frm),Llama-2-7B,math,faithful-CLoRA grid,lorawd,LoRA+wd,0.0001,43.0,frm_lorawd_wd0p2_lr1e4_c256,False,False,True,25.5,34.3,64.52,33.34,17.65,37.48,42.32,40.72,0.2795,-0.5536181877775579
frm_lorawd_wd0p2_lr1e4_c256_s44,frm,Llama-Math grid (frm),Llama-2-7B,math,faithful-CLoRA grid,lorawd,LoRA+wd,0.0001,44.0,frm_lorawd_wd0p2_lr1e4_c256,False,False,True,25.06,34.08,64.29,32.56,17.55,32.52,44.62,43.17,0.279,-0.5543957967264024
frm_lorawd_wd0p2_lr2e4_c256_s42,frm,Llama-Math grid (frm),Llama-2-7B,math,faithful-CLoRA grid,lorawd,LoRA+wd,0.0002,42.0,frm_lorawd_wd0p2_lr2e4_c256,False,False,True,24.49,32.21,64.9,32.22,16.76,31.56,40.19,40.34,0.3579,-0.4462383016099956
frm_lorawd_wd0p2_lr2e4_c256_s43,frm,Llama-Math grid (frm),Llama-2-7B,math,faithful-CLoRA grid,lorawd,LoRA+wd,0.0002,43.0,frm_lorawd_wd0p2_lr2e4_c256,False,False,True,23.97,33.43,65.2,32.04,15.9,34.3,40.27,44.64,0.3545,-0.4503837604809146
frm_lorawd_wd0p2_lr2e4_c256_s44,frm,Llama-Math grid (frm),Llama-2-7B,math,faithful-CLoRA grid,lorawd,LoRA+wd,0.0002,44.0,frm_lorawd_wd0p2_lr2e4_c256,False,False,True,25.21,33.75,64.67,33.42,17.0,34.19,40.61,43.53,0.3621,-0.4411714751829884
frm_lorawd_wd0p2_lr2e4_c256_s45,frm,Llama-Math grid (frm),Llama-2-7B,math,faithful-CLoRA grid,lorawd,LoRA+wd,0.0002,45.0,frm_lorawd_wd0p2_lr2e4_c256,False,False,True,24.37,34.44,64.29,32.36,16.38,37.96,40.7,44.81,0.3554,-0.4492825765307173
frm_lorawd_wd0p2_lr2e4_c512_s42,frm,Llama-Math grid (frm),Llama-2-7B,math,faithful-CLoRA grid,lorawd,LoRA+wd,0.0002,42.0,frm_lorawd_wd0p2_lr2e4_c512,False,False,True,24.28,32.77,67.17,31.04,17.52,37.74,39.42,38.15,0.368,-0.4341521813264823
frm_lorawd_wd0p2_lr2e4_c512_s43,frm,Llama-Math grid (frm),Llama-2-7B,math,faithful-CLoRA grid,lorawd,LoRA+wd,0.0002,43.0,frm_lorawd_wd0p2_lr2e4_c512,False,False,True,25.02,34.35,67.85,32.9,17.14,37.65,40.96,43.12,0.3538,-0.4512421714262957
frm_lorawd_wd0p2_lr2e4_c512_s44,frm,Llama-Math grid (frm),Llama-2-7B,math,faithful-CLoRA grid,lorawd,LoRA+wd,0.0002,44.0,frm_lorawd_wd0p2_lr2e4_c512,False,False,True,24.4,33.64,66.94,32.05,16.75,36.73,40.27,42.38,0.3685,-0.4335625078049297
frm_lorawd_wd0p2_lr3e4_c256_s42,frm,Llama-Math grid (frm),Llama-2-7B,math,faithful-CLoRA grid,lorawd,LoRA+wd,0.0003,42.0,frm_lorawd_wd0p2_lr3e4_c256,False,False,True,23.78,33.42,64.97,31.45,16.11,36.41,38.31,44.8,0.4215,-0.3752024210392389
frm_lorawd_wd0p2_lr3e4_c256_s43,frm,Llama-Math grid (frm),Llama-2-7B,math,faithful-CLoRA grid,lorawd,LoRA+wd,0.0003,43.0,frm_lorawd_wd0p2_lr3e4_c256,False,False,True,24.0,32.4,64.97,32.96,15.04,34.07,37.46,42.45,0.4257,-0.3708963498228635
frm_lorawd_wd0p2_lr3e4_c256_s44,frm,Llama-Math grid (frm),Llama-2-7B,math,faithful-CLoRA grid,lorawd,LoRA+wd,0.0003,44.0,frm_lorawd_wd0p2_lr3e4_c256,False,False,True,24.92,33.17,64.14,34.16,15.67,31.44,38.91,45.68,0.4583,-0.3388501427552134
frm_lorawd_wd0p2_lr3e4_c512_s42,frm,Llama-Math grid (frm),Llama-2-7B,math,faithful-CLoRA grid,lorawd,LoRA+wd,0.0003,42.0,frm_lorawd_wd0p2_lr3e4_c512,False,False,True,24.81,33.73,66.41,32.44,17.18,37.43,39.16,42.42,0.4207,-0.3760274879830036
frm_lorawd_wd0p2_lr3e4_c512_s43,frm,Llama-Math grid (frm),Llama-2-7B,math,faithful-CLoRA grid,lorawd,LoRA+wd,0.0003,43.0,frm_lorawd_wd0p2_lr3e4_c512,False,False,True,23.63,32.92,68.99,31.52,15.74,33.71,40.44,43.2,0.4567,-0.3403689883929994
frm_lorawd_wd0p2_lr3e4_c512_s44,frm,Llama-Math grid (frm),Llama-2-7B,math,faithful-CLoRA grid,lorawd,LoRA+wd,0.0003,44.0,frm_lorawd_wd0p2_lr3e4_c512,False,False,True,24.11,33.16,68.08,32.41,15.81,33.81,38.91,44.84,0.4294,-0.3671379598997701
frm_lorawd_wd0p2_lr5e4_c256_s42,frm,Llama-Math grid (frm),Llama-2-7B,math,faithful-CLoRA grid,lorawd,LoRA+wd,0.0005,42.0,frm_lorawd_wd0p2_lr5e4_c256,False,False,True,22.48,30.88,62.62,30.84,14.11,27.03,38.65,43.77,0.5579,-0.2534436385896308
frm_lorawd_wd0p2_lr5e4_c256_s43,frm,Llama-Math grid (frm),Llama-2-7B,math,faithful-CLoRA grid,lorawd,LoRA+wd,0.0005,43.0,frm_lorawd_wd0p2_lr5e4_c256,False,False,True,22.56,32.31,62.4,31.02,14.09,31.46,38.31,46.69,0.5639,-0.2487979054116468
frm_lorawd_wd0p2_lr5e4_c256_s44,frm,Llama-Math grid (frm),Llama-2-7B,math,faithful-CLoRA grid,lorawd,LoRA+wd,0.0005,44.0,frm_lorawd_wd0p2_lr5e4_c256,False,False,True,22.23,30.86,62.77,30.35,14.11,28.48,36.95,44.41,0.5437,-0.2646406669982892
frm_lorawd_wd0p2_lr5e4_c512_s42,frm,Llama-Math grid (frm),Llama-2-7B,math,faithful-CLoRA grid,lorawd,LoRA+wd,0.0005,42.0,frm_lorawd_wd0p2_lr5e4_c512,False,False,True,22.12,31.31,66.57,29.92,14.31,30.1,37.63,44.59,0.5309,-0.274987274658843
frm_lorawd_wd0p2_lr5e4_c512_s43,frm,Llama-Math grid (frm),Llama-2-7B,math,faithful-CLoRA grid,lorawd,LoRA+wd,0.0005,43.0,frm_lorawd_wd0p2_lr5e4_c512,False,False,True,23.1,30.87,64.52,30.73,15.47,30.7,37.8,39.63,0.5629,-0.2495687513397978
frm_lorawd_wd0p2_lr5e4_c512_s44,frm,Llama-Math grid (frm),Llama-2-7B,math,faithful-CLoRA grid,lorawd,LoRA+wd,0.0005,44.0,frm_lorawd_wd0p2_lr5e4_c512,False,False,True,22.32,31.24,65.28,30.95,13.68,30.47,37.12,43.96,0.5565,-0.2545348313292729
frm_lorawd_wd0p2_lr7e4_c256_s42,frm,Llama-Math grid (frm),Llama-2-7B,math,faithful-CLoRA grid,lorawd,LoRA+wd,0.0007,42.0,frm_lorawd_wd0p2_lr7e4_c256,False,False,True,20.82,29.96,61.26,30.21,11.44,27.6,36.35,44.18,0.6445,-0.1907770783105782
frm_lorawd_wd0p2_lr7e4_c256_s43,frm,Llama-Math grid (frm),Llama-2-7B,math,faithful-CLoRA grid,lorawd,LoRA+wd,0.0007,43.0,frm_lorawd_wd0p2_lr7e4_c256,False,False,True,5.32,21.01,55.04,4.41,6.23,24.51,26.45,43.43,1.2229,0.0873909449971878
frm_lorawd_wd0p2_lr7e4_c256_s44,frm,Llama-Math grid (frm),Llama-2-7B,math,faithful-CLoRA grid,lorawd,LoRA+wd,0.0007,44.0,frm_lorawd_wd0p2_lr7e4_c256,False,False,True,21.8,30.98,61.64,31.36,12.25,29.28,35.84,46.18,0.6257,-0.2036338450224787
frm_lorawd_wd0p3_lr1e3_c256_s42,frm,Llama-Math grid (frm),Llama-2-7B,math,faithful-CLoRA grid,lorawd,LoRA+wd,0.001,42.0,frm_lorawd_wd0p3_lr1e3_c256,False,True,True,0.0,19.71,0.0,0.0,0.0,22.95,26.71,48.89,116.0394,2.0646054745483893
frm_lorawd_wd0p3_lr1e3_c256_s43,frm,Llama-Math grid (frm),Llama-2-7B,math,faithful-CLoRA grid,lorawd,LoRA+wd,0.001,43.0,frm_lorawd_wd0p3_lr1e3_c256,False,True,True,0.0,19.81,0.0,0.0,0.0,22.95,26.28,49.84,106.8978,2.028968767344495
frm_lorawd_wd0p3_lr1e3_c256_s44,frm,Llama-Math grid (frm),Llama-2-7B,math,faithful-CLoRA grid,lorawd,LoRA+wd,0.001,44.0,frm_lorawd_wd0p3_lr1e3_c256,False,True,False,0.0,,0.0,0.0,0.0,22.95,22.7,,,
frm_lorawd_wd0p3_lr1e4_c256_s42,frm,Llama-Math grid (frm),Llama-2-7B,math,faithful-CLoRA grid,lorawd,LoRA+wd,0.0001,42.0,frm_lorawd_wd0p3_lr1e4_c256,False,False,True,25.39,33.71,65.28,32.84,17.94,33.31,43.26,41.22,0.2381,-0.6232406045951201
frm_lorawd_wd0p3_lr1e4_c256_s43,frm,Llama-Math grid (frm),Llama-2-7B,math,faithful-CLoRA grid,lorawd,LoRA+wd,0.0001,43.0,frm_lorawd_wd0p3_lr1e4_c256,False,False,True,25.36,34.27,65.73,33.01,17.72,35.02,44.45,41.16,0.2421,-0.6160052105582672
frm_lorawd_wd0p3_lr1e4_c256_s44,frm,Llama-Math grid (frm),Llama-2-7B,math,faithful-CLoRA grid,lorawd,LoRA+wd,0.0001,44.0,frm_lorawd_wd0p3_lr1e4_c256,False,False,True,26.02,34.29,66.11,34.25,17.78,32.52,43.09,43.81,0.2406,-0.6187043769961741
frm_lorawd_wd0p3_lr2e4_c256_s42,frm,Llama-Math grid (frm),Llama-2-7B,math,faithful-CLoRA grid,lorawd,LoRA+wd,0.0002,42.0,frm_lorawd_wd0p3_lr2e4_c256,False,False,True,25.14,33.41,67.25,33.1,17.17,33.68,41.04,42.05,0.278,-0.5559552040819237
frm_lorawd_wd0p3_lr2e4_c256_s43,frm,Llama-Math grid (frm),Llama-2-7B,math,faithful-CLoRA grid,lorawd,LoRA+wd,0.0002,43.0,frm_lorawd_wd0p3_lr2e4_c256,False,False,True,26.01,34.94,65.88,34.77,17.25,37.72,41.81,43.15,0.2825,-0.5489815478445427
frm_lorawd_wd0p3_lr2e4_c256_s44,frm,Llama-Math grid (frm),Llama-2-7B,math,faithful-CLoRA grid,lorawd,LoRA+wd,0.0002,44.0,frm_lorawd_wd0p3_lr2e4_c256,False,False,True,25.06,33.44,67.25,32.85,17.26,34.23,42.58,40.26,0.2793,-0.5539290642989949
frm_lorawd_wd0p3_lr2e4_c512_s42,frm,Llama-Math grid (frm),Llama-2-7B,math,faithful-CLoRA grid,lorawd,LoRA+wd,0.0002,42.0,frm_lorawd_wd0p3_lr2e4_c512,False,False,True,26.15,34.78,69.52,33.57,18.73,36.97,41.55,43.09,0.2821,-0.5495969138446337
frm_lorawd_wd0p3_lr2e4_c512_s43,frm,Llama-Math grid (frm),Llama-2-7B,math,faithful-CLoRA grid,lorawd,LoRA+wd,0.0002,43.0,frm_lorawd_wd0p3_lr2e4_c512,False,False,True,26.43,35.55,68.08,34.28,18.58,39.13,41.89,43.87,0.2839,-0.5468346074741428
frm_lorawd_wd0p3_lr2e4_c512_s44,frm,Llama-Math grid (frm),Llama-2-7B,math,faithful-CLoRA grid,lorawd,LoRA+wd,0.0002,44.0,frm_lorawd_wd0p3_lr2e4_c512,False,False,True,25.42,34.86,67.85,33.16,17.68,38.37,42.41,42.67,0.2785,-0.5551748004902523
frm_lorawd_wd0p3_lr3e4_c256_s42,frm,Llama-Math grid (frm),Llama-2-7B,math,faithful-CLoRA grid,lorawd,LoRA+wd,0.0003,42.0,frm_lorawd_wd0p3_lr3e4_c256,False,False,True,25.16,34.5,65.05,33.47,16.84,39.13,40.27,42.79,0.3294,-0.4822764051662644
frm_lorawd_wd0p3_lr3e4_c256_s43,frm,Llama-Math grid (frm),Llama-2-7B,math,faithful-CLoRA grid,lorawd,LoRA+wd,0.0003,43.0,frm_lorawd_wd0p3_lr3e4_c256,False,False,True,24.77,33.91,66.26,32.53,17.01,34.49,43.17,42.35,0.3173,-0.4985299278995877
frm_lorawd_wd0p3_lr3e4_c256_s44,frm,Llama-Math grid (frm),Llama-2-7B,math,faithful-CLoRA grid,lorawd,LoRA+wd,0.0003,44.0,frm_lorawd_wd0p3_lr3e4_c256,False,False,True,24.87,33.56,65.43,33.25,16.49,34.98,40.1,42.97,0.314,-0.5030703519267851
frm_lorawd_wd0p3_lr3e4_c512_s42,frm,Llama-Math grid (frm),Llama-2-7B,math,faithful-CLoRA grid,lorawd,LoRA+wd,0.0003,42.0,frm_lorawd_wd0p3_lr3e4_c512,False,False,True,25.54,35.14,67.48,33.7,17.37,39.97,40.96,43.7,0.3154,-0.5011383110071159
frm_lorawd_wd0p3_lr3e4_c512_s43,frm,Llama-Math grid (frm),Llama-2-7B,math,faithful-CLoRA grid,lorawd,LoRA+wd,0.0003,43.0,frm_lorawd_wd0p3_lr3e4_c512,False,False,True,25.04,35.29,68.84,32.87,17.21,39.62,41.38,45.39,0.3202,-0.4945786724167191
frm_lorawd_wd0p3_lr3e4_c512_s44,frm,Llama-Math grid (frm),Llama-2-7B,math,faithful-CLoRA grid,lorawd,LoRA+wd,0.0003,44.0,frm_lorawd_wd0p3_lr3e4_c512,False,False,True,24.6,32.77,68.69,32.35,16.86,30.86,40.1,43.68,0.3225,-0.4914702810287134
frm_lorawd_wd0p3_lr5e4_c256_s42,frm,Llama-Math grid (frm),Llama-2-7B,math,faithful-CLoRA grid,lorawd,LoRA+wd,0.0005,42.0,frm_lorawd_wd0p3_lr5e4_c256,False,False,True,24.22,32.67,64.82,32.81,15.62,31.18,39.76,44.0,0.39,-0.4089353929735008
frm_lorawd_wd0p3_lr5e4_c256_s43,frm,Llama-Math grid (frm),Llama-2-7B,math,faithful-CLoRA grid,lorawd,LoRA+wd,0.0005,43.0,frm_lorawd_wd0p3_lr5e4_c256,False,False,True,24.3,32.0,64.67,33.11,15.48,28.1,39.93,43.4,0.3973,-0.4008814349446372
frm_lorawd_wd0p3_lr5e4_c256_s44,frm,Llama-Math grid (frm),Llama-2-7B,math,faithful-CLoRA grid,lorawd,LoRA+wd,0.0005,44.0,frm_lorawd_wd0p3_lr5e4_c256,False,False,True,23.96,32.23,64.67,32.56,15.37,34.43,34.39,44.42,0.4032,-0.3944794765625311
frm_lorawd_wd0p3_lr5e4_c512_s42,frm,Llama-Math grid (frm),Llama-2-7B,math,faithful-CLoRA grid,lorawd,LoRA+wd,0.0005,42.0,frm_lorawd_wd0p3_lr5e4_c512,False,False,True,24.68,32.69,67.55,33.31,16.04,32.05,39.76,42.31,0.399,-0.3990271043132517
frm_lorawd_wd0p3_lr5e4_c512_s43,frm,Llama-Math grid (frm),Llama-2-7B,math,faithful-CLoRA grid,lorawd,LoRA+wd,0.0005,43.0,frm_lorawd_wd0p3_lr5e4_c512,False,False,True,24.1,33.33,67.32,32.5,15.71,33.94,39.68,44.83,0.377,-0.4236586497942071
frm_lorawd_wd0p3_lr5e4_c512_s44,frm,Llama-Math grid (frm),Llama-2-7B,math,faithful-CLoRA grid,lorawd,LoRA+wd,0.0005,44.0,frm_lorawd_wd0p3_lr5e4_c512,False,False,True,24.26,33.3,66.79,31.58,16.95,35.66,40.02,42.3,0.3891,-0.4099387691962575
frm_lorawd_wd0p3_lr7e4_c256_s42,frm,Llama-Math grid (frm),Llama-2-7B,math,faithful-CLoRA grid,lorawd,LoRA+wd,0.0007,42.0,frm_lorawd_wd0p3_lr7e4_c256,False,False,True,23.42,31.46,62.77,31.95,14.9,27.24,38.05,45.15,0.4339,-0.3626103498707881
frm_lorawd_wd0p3_lr7e4_c256_s43,frm,Llama-Math grid (frm),Llama-2-7B,math,faithful-CLoRA grid,lorawd,LoRA+wd,0.0007,43.0,frm_lorawd_wd0p3_lr7e4_c256,False,False,True,24.54,31.47,64.37,33.37,15.72,30.25,36.43,41.58,0.4423,-0.3542830606303961
frm_lorawd_wd0p3_lr7e4_c256_s44,frm,Llama-Math grid (frm),Llama-2-7B,math,faithful-CLoRA grid,lorawd,LoRA+wd,0.0007,44.0,frm_lorawd_wd0p3_lr7e4_c256,False,False,True,24.0,34.09,63.53,32.36,15.64,34.54,39.59,48.32,0.4473,-0.349401101827343
frm_lorawd_wd0p5_lr1e3_c256_s42,frm,Llama-Math grid (frm),Llama-2-7B,math,faithful-CLoRA grid,lorawd,LoRA+wd,0.001,42.0,frm_lorawd_wd0p5_lr1e3_c256,False,True,False,0.0,,0.0,0.0,0.0,22.95,22.7,,,
frm_lorawd_wd0p5_lr1e3_c256_s43,frm,Llama-Math grid (frm),Llama-2-7B,math,faithful-CLoRA grid,lorawd,LoRA+wd,0.001,43.0,frm_lorawd_wd0p5_lr1e3_c256,False,True,False,0.0,,0.0,0.0,0.0,22.95,22.7,,,
frm_lorawd_wd0p5_lr1e3_c256_s44,frm,Llama-Math grid (frm),Llama-2-7B,math,faithful-CLoRA grid,lorawd,LoRA+wd,0.001,44.0,frm_lorawd_wd0p5_lr1e3_c256,False,True,True,0.0,19.9,1.74,0.0,0.0,22.8,26.88,49.8,54.0399,1.732714536695508
frm_lorawd_wd0p5_lr1e4_c256_s42,frm,Llama-Math grid (frm),Llama-2-7B,math,faithful-CLoRA grid,lorawd,LoRA+wd,0.0001,42.0,frm_lorawd_wd0p5_lr1e4_c256,False,False,True,25.66,33.74,66.03,32.42,18.9,29.73,45.14,42.5,0.1959,-0.7079655640052637
frm_lorawd_wd0p5_lr1e4_c256_s43,frm,Llama-Math grid (frm),Llama-2-7B,math,faithful-CLoRA grid,lorawd,LoRA+wd,0.0001,43.0,frm_lorawd_wd0p5_lr1e4_c256,False,False,True,26.14,34.22,64.67,33.94,18.33,31.63,45.56,41.66,0.1949,-0.7101881608823786
frm_lorawd_wd0p5_lr1e4_c256_s44,frm,Llama-Math grid (frm),Llama-2-7B,math,faithful-CLoRA grid,lorawd,LoRA+wd,0.0001,44.0,frm_lorawd_wd0p5_lr1e4_c256,False,False,True,25.24,34.01,63.53,32.48,18.0,32.47,43.52,43.57,0.1955,-0.7088532382681144
frm_lorawd_wd0p5_lr2e4_c256_s42,frm,Llama-Math grid (frm),Llama-2-7B,math,faithful-CLoRA grid,lorawd,LoRA+wd,0.0002,42.0,frm_lorawd_wd0p5_lr2e4_c256,False,False,True,25.56,34.04,65.81,33.16,17.96,33.75,43.26,42.08,0.2028,-0.6929320493387017
frm_lorawd_wd0p5_lr2e4_c256_s43,frm,Llama-Math grid (frm),Llama-2-7B,math,faithful-CLoRA grid,lorawd,LoRA+wd,0.0002,43.0,frm_lorawd_wd0p5_lr2e4_c256,False,False,True,25.84,33.59,65.81,33.57,18.11,30.32,43.43,42.51,0.2047,-0.6888821573374944
frm_lorawd_wd0p5_lr2e4_c256_s44,frm,Llama-Math grid (frm),Llama-2-7B,math,faithful-CLoRA grid,lorawd,LoRA+wd,0.0002,44.0,frm_lorawd_wd0p5_lr2e4_c256,False,False,True,25.91,35.45,64.97,33.6,18.22,39.45,42.15,43.85,0.2211,-0.6554112574212861
frm_lorawd_wd0p5_lr3e4_c256_s42,frm,Llama-Math grid (frm),Llama-2-7B,math,faithful-CLoRA grid,lorawd,LoRA+wd,0.0003,42.0,frm_lorawd_wd0p5_lr3e4_c256,False,False,True,25.3,34.0,66.94,32.91,17.69,35.98,41.72,41.71,0.2306,-0.6371406970413198
frm_lorawd_wd0p5_lr3e4_c256_s43,frm,Llama-Math grid (frm),Llama-2-7B,math,faithful-CLoRA grid,lorawd,LoRA+wd,0.0003,43.0,frm_lorawd_wd0p5_lr3e4_c256,False,False,True,26.18,34.57,65.73,33.91,18.46,36.16,41.89,42.42,0.2165,-0.6645420993106158
frm_lorawd_wd0p5_lr3e4_c256_s44,frm,Llama-Math grid (frm),Llama-2-7B,math,faithful-CLoRA grid,lorawd,LoRA+wd,0.0003,44.0,frm_lorawd_wd0p5_lr3e4_c256,False,False,True,26.02,34.92,67.02,34.2,17.83,38.14,41.38,43.05,0.2373,-0.624702261782661
frm_lorawd_wd0p5_lr5e4_c256_s42,frm,Llama-Math grid (frm),Llama-2-7B,math,faithful-CLoRA grid,lorawd,LoRA+wd,0.0005,42.0,frm_lorawd_wd0p5_lr5e4_c256,False,False,True,24.83,33.24,65.43,32.85,16.8,34.82,38.74,43.0,0.2581,-0.5882119954561311
frm_lorawd_wd0p5_lr5e4_c256_s43,frm,Llama-Math grid (frm),Llama-2-7B,math,faithful-CLoRA grid,lorawd,LoRA+wd,0.0005,43.0,frm_lorawd_wd0p5_lr5e4_c256,False,False,True,26.29,33.88,64.52,34.88,17.69,31.1,42.83,42.88,0.2512,-0.5999803649348415
frm_lorawd_wd0p5_lr5e4_c256_s44,frm,Llama-Math grid (frm),Llama-2-7B,math,faithful-CLoRA grid,lorawd,LoRA+wd,0.0005,44.0,frm_lorawd_wd0p5_lr5e4_c256,False,False,True,25.08,33.08,64.82,32.54,17.62,31.87,39.68,43.7,0.2608,-0.5836924129401174
frm_lorawd_wd0p5_lr7e4_c256_s42,frm,Llama-Math grid (frm),Llama-2-7B,math,faithful-CLoRA grid,lorawd,LoRA+wd,0.0007,42.0,frm_lorawd_wd0p5_lr7e4_c256,False,True,True,0.0,19.68,0.99,0.0,0.0,22.95,26.45,49.0,57.2227,1.7575683457348292
frm_lorawd_wd0p5_lr7e4_c256_s43,frm,Llama-Math grid (frm),Llama-2-7B,math,faithful-CLoRA grid,lorawd,LoRA+wd,0.0007,43.0,frm_lorawd_wd0p5_lr7e4_c256,False,False,True,25.06,33.21,64.67,33.3,16.81,38.01,33.45,44.46,0.2875,-0.5413621509743507
frm_lorawd_wd0p5_lr7e4_c256_s44,frm,Llama-Math grid (frm),Llama-2-7B,math,faithful-CLoRA grid,lorawd,LoRA+wd,0.0007,44.0,frm_lorawd_wd0p5_lr7e4_c256,False,False,True,25.46,34.2,65.5,33.44,17.49,35.17,42.06,42.82,0.2819,-0.5499049241283976
frm_milora_lr1e3_c256_s42,frm,Llama-Math grid (frm),Llama-2-7B,math,faithful-CLoRA grid,milora,MiLoRA,0.001,42.0,frm_milora_lr1e3_c256,False,True,False,0.0,,0.0,0.0,0.0,22.95,22.7,,,
frm_milora_lr1e3_c256_s43,frm,Llama-Math grid (frm),Llama-2-7B,math,faithful-CLoRA grid,milora,MiLoRA,0.001,43.0,frm_milora_lr1e3_c256,False,True,False,0.0,,0.0,0.0,0.0,22.95,22.7,,,
frm_milora_lr1e3_c256_s44,frm,Llama-Math grid (frm),Llama-2-7B,math,faithful-CLoRA grid,milora,MiLoRA,0.001,44.0,frm_milora_lr1e3_c256,False,True,False,0.0,,0.0,0.0,0.0,22.95,22.7,,,
frm_milora_lr1e4_c256_s42,frm,Llama-Math grid (frm),Llama-2-7B,math,faithful-CLoRA grid,milora,MiLoRA,0.0001,42.0,frm_milora_lr1e4_c256,False,False,True,23.94,31.79,62.85,32.38,15.49,29.4,39.59,42.08,0.4491,-0.3476569449372852
frm_milora_lr1e4_c256_s43,frm,Llama-Math grid (frm),Llama-2-7B,math,faithful-CLoRA grid,milora,MiLoRA,0.0001,43.0,frm_milora_lr1e4_c256,False,False,True,24.04,32.75,64.44,32.56,15.53,35.8,38.99,40.89,0.4519,-0.3449576586687982
frm_milora_lr1e4_c256_s44,frm,Llama-Math grid (frm),Llama-2-7B,math,faithful-CLoRA grid,milora,MiLoRA,0.0001,44.0,frm_milora_lr1e4_c256,False,False,True,23.94,32.3,63.76,32.38,15.51,28.96,40.53,44.1,0.4483,-0.3484312611342081
frm_milora_lr2e4_c256_s43,frm,Llama-Math grid (frm),Llama-2-7B,math,faithful-CLoRA grid,milora,MiLoRA,0.0002,43.0,frm_milora_lr2e4_c256,False,False,True,20.9,29.55,63.53,30.3,11.5,28.79,33.7,43.48,0.8267,-0.0826520623722283
frm_milora_lr2e4_c256_s44,frm,Llama-Math grid (frm),Llama-2-7B,math,faithful-CLoRA grid,milora,MiLoRA,0.0002,44.0,frm_milora_lr2e4_c256,False,False,True,20.62,29.66,62.17,30.23,11.0,27.28,34.22,45.56,0.8169,-0.087831103940373
frm_milora_lr3e4_c256_s42,frm,Llama-Math grid (frm),Llama-2-7B,math,faithful-CLoRA grid,milora,MiLoRA,0.0003,42.0,frm_milora_lr3e4_c256,False,False,True,19.86,27.21,58.98,30.18,9.54,23.0,28.84,44.5,1.2568,0.0992661720319168
frm_milora_lr3e4_c256_s43,frm,Llama-Math grid (frm),Llama-2-7B,math,faithful-CLoRA grid,milora,MiLoRA,0.0003,43.0,frm_milora_lr3e4_c256,False,False,True,17.86,26.97,59.29,28.06,7.65,24.17,29.52,45.47,1.2607,0.1006117528337901
frm_milora_lr3e4_c256_s44,frm,Llama-Math grid (frm),Llama-2-7B,math,faithful-CLoRA grid,milora,MiLoRA,0.0003,44.0,frm_milora_lr3e4_c256,False,False,True,18.24,27.1,58.91,27.23,9.25,23.74,28.75,46.52,1.2554,0.0987821243146919
frm_milora_lr5e4_c256_s43,frm,Llama-Math grid (frm),Llama-2-7B,math,faithful-CLoRA grid,milora,MiLoRA,0.0005,43.0,frm_milora_lr5e4_c256,False,False,True,7.4,22.16,50.34,14.73,0.07,24.33,23.89,47.78,2.671,0.4266738880213728
frm_milora_lr5e4_c256_s44,frm,Llama-Math grid (frm),Llama-2-7B,math,faithful-CLoRA grid,milora,MiLoRA,0.0005,44.0,frm_milora_lr5e4_c256,False,False,True,5.61,21.67,50.95,11.2,0.03,23.27,25.26,48.59,2.6923,0.4301234512002893
frm_milora_lr7e4_c256_s42,frm,Llama-Math grid (frm),Llama-2-7B,math,faithful-CLoRA grid,milora,MiLoRA,0.0007,42.0,frm_milora_lr7e4_c256,False,True,False,0.0,,0.0,0.0,0.0,22.95,22.7,,,
frm_milora_lr7e4_c256_s43,frm,Llama-Math grid (frm),Llama-2-7B,math,faithful-CLoRA grid,milora,MiLoRA,0.0007,43.0,frm_milora_lr7e4_c256,False,True,True,0.44,20.2,36.69,0.8,0.08,24.13,25.77,50.24,11.8947,1.075353493032589
frm_milora_lr7e4_c256_s44,frm,Llama-Math grid (frm),Llama-2-7B,math,faithful-CLoRA grid,milora,MiLoRA,0.0007,44.0,frm_milora_lr7e4_c256,False,True,True,0.92,20.31,34.65,1.83,0.0,24.14,24.66,50.9,11.4934,1.0604485215352306
frm_pissa_lr3e4_c256_s42,frm,Llama-Math grid (frm),Llama-2-7B,math,faithful-CLoRA grid,pissa,PiSSA,0.0003,42.0,frm_pissa_lr3e4_c256,False,False,True,3.62,21.7,49.66,7.23,0.0,24.54,24.06,52.65,2.2058,0.3435661323861246
frm_sclora_lr1e4_c256_s42,frm,Llama-Math grid (frm),Llama-2-7B,math,faithful-CLoRA grid,sclora,SC-LoRA,0.0001,42.0,frm_sclora_lr1e4_c256,False,False,True,17.6,27.01,59.97,28.44,6.76,23.48,33.7,42.65,0.8531,-0.0690000580438478
frm_sclora_lr1e4_c256_s43,frm,Llama-Math grid (frm),Llama-2-7B,math,faithful-CLoRA grid,sclora,SC-LoRA,0.0001,43.0,frm_sclora_lr1e4_c256,False,False,True,18.11,27.63,61.03,27.4,8.83,23.87,35.15,42.89,0.8535,-0.0687964745492475
frm_sclora_lr1e4_c256_s44,frm,Llama-Math grid (frm),Llama-2-7B,math,faithful-CLoRA grid,sclora,SC-LoRA,0.0001,44.0,frm_sclora_lr1e4_c256,False,False,True,18.32,28.57,60.42,27.98,8.66,25.02,34.98,46.2,0.8605,-0.0652491253364209
frm_sclora_lr2e4_c256_s42,frm,Llama-Math grid (frm),Llama-2-7B,math,faithful-CLoRA grid,sclora,SC-LoRA,0.0002,42.0,frm_sclora_lr2e4_c256,False,False,True,12.66,23.6,55.8,19.94,5.38,24.16,28.67,39.87,1.3417,0.1276554197752069
frm_sclora_lr2e4_c256_s43,frm,Llama-Math grid (frm),Llama-2-7B,math,faithful-CLoRA grid,sclora,SC-LoRA,0.0002,43.0,frm_sclora_lr2e4_c256,False,False,True,13.69,24.06,55.72,23.71,3.67,23.93,30.63,38.37,1.3431,0.1281083491031075
frm_sclora_lr2e4_c256_s44,frm,Llama-Math grid (frm),Llama-2-7B,math,faithful-CLoRA grid,sclora,SC-LoRA,0.0002,44.0,frm_sclora_lr2e4_c256,False,False,True,13.64,24.34,56.48,26.77,0.51,23.38,30.12,40.91,1.3375,0.126293790693266
lrsw_clora_k1024_lr1e3_s42,lrsw,Llama-CS (lrsw),Llama-2-7B,cs,sweep,clora,CLoRA,0.001,42.0,lrsw_clora_k1024_lr1e3,False,False,True,16.76,24.37,72.02,25.34,8.18,23.95,31.23,33.16,1.0576,0.024321442141565
lrsw_clora_k1024_lr1e3_s43,lrsw,Llama-CS (lrsw),Llama-2-7B,cs,sweep,clora,CLoRA,0.001,43.0,lrsw_clora_k1024_lr1e3,False,False,True,16.15,23.98,71.76,23.41,8.89,23.74,32.08,31.77,1.051,0.0216027160282421
lrsw_clora_k1024_lr1e3_s44,lrsw,Llama-CS (lrsw),Llama-2-7B,cs,sweep,clora,CLoRA,0.001,44.0,lrsw_clora_k1024_lr1e3,False,False,True,16.21,24.47,71.8,25.96,6.46,25.29,29.35,35.29,1.0545,0.0230465840755051
lrsw_clora_k1024_lr1e4_s42,lrsw,Llama-CS (lrsw),Llama-2-7B,cs,sweep,clora,CLoRA,0.0001,42.0,lrsw_clora_k1024_lr1e4,False,False,True,26.71,36.03,11.72,33.85,19.57,46.62,43.6,36.53,0.2152,-0.6671577330056484
lrsw_clora_k1024_lr1e4_s43,lrsw,Llama-CS (lrsw),Llama-2-7B,cs,sweep,clora,CLoRA,0.0001,43.0,lrsw_clora_k1024_lr1e4,False,False,True,27.04,36.55,66.64,34.86,19.23,47.16,45.05,36.44,0.2151,-0.6673595896125374
lrsw_clora_k1024_lr1e4_s44,lrsw,Llama-CS (lrsw),Llama-2-7B,cs,sweep,clora,CLoRA,0.0001,44.0,lrsw_clora_k1024_lr1e4,False,False,True,26.83,35.98,28.35,34.27,19.39,46.38,43.94,35.9,0.2152,-0.6671577330056484
lrsw_clora_k1024_lr1e4_s45,lrsw,Llama-CS (lrsw),Llama-2-7B,cs,sweep,clora,CLoRA,0.0001,45.0,lrsw_clora_k1024_lr1e4,False,False,True,26.59,36.15,27.63,33.87,19.31,47.66,43.09,36.83,0.2137,-0.6701954778359306
lrsw_clora_k1024_lr2e3_s43,lrsw,Llama-CS (lrsw),Llama-2-7B,cs,sweep,clora,CLoRA,0.002,43.0,lrsw_clora_k1024_lr2e3,False,False,True,6.25,21.34,56.22,10.95,1.55,23.27,27.47,43.47,1.8852,0.2753574310875981
lrsw_clora_k1024_lr2e3_s44,lrsw,Llama-CS (lrsw),Llama-2-7B,cs,sweep,clora,CLoRA,0.002,44.0,lrsw_clora_k1024_lr2e3,False,False,True,6.32,20.37,54.26,11.69,0.94,22.9,26.54,39.78,1.8887,0.2761629803191415
lrsw_clora_k1024_lr2e4_s42,lrsw,Llama-CS (lrsw),Llama-2-7B,cs,sweep,clora,CLoRA,0.0002,42.0,lrsw_clora_k1024_lr2e4,False,False,True,26.1,34.69,51.85,34.59,17.6,44.78,39.59,36.91,0.3234,-0.4902599844296176
lrsw_clora_k1024_lr2e4_s43,lrsw,Llama-CS (lrsw),Llama-2-7B,cs,sweep,clora,CLoRA,0.0002,43.0,lrsw_clora_k1024_lr2e4,False,False,True,25.71,34.56,58.82,32.99,18.43,46.28,39.76,35.34,0.3289,-0.4829361265173453
lrsw_clora_k1024_lr2e4_s44,lrsw,Llama-CS (lrsw),Llama-2-7B,cs,sweep,clora,CLoRA,0.0002,44.0,lrsw_clora_k1024_lr2e4,False,False,True,25.32,33.66,74.17,32.85,17.78,41.6,40.27,35.79,0.3321,-0.4787311244016147
lrsw_clora_k1024_lr2e4_s45,lrsw,Llama-CS (lrsw),Llama-2-7B,cs,sweep,clora,CLoRA,0.0002,45.0,lrsw_clora_k1024_lr2e4,False,False,True,25.19,34.3,80.62,31.67,18.71,44.25,41.38,35.48,0.3384,-0.4705696456330141
lrsw_clora_k1024_lr2e5_s42,lrsw,Llama-CS (lrsw),Llama-2-7B,cs,sweep,clora,CLoRA,2e-05,42.0,lrsw_clora_k1024_lr2e5,False,False,True,26.38,36.54,50.43,33.65,19.11,46.21,46.16,37.57,0.1347,-0.8706324042770144
lrsw_clora_k1024_lr2e5_s43,lrsw,Llama-CS (lrsw),Llama-2-7B,cs,sweep,clora,CLoRA,2e-05,43.0,lrsw_clora_k1024_lr2e5,False,False,True,26.71,37.37,55.23,34.05,19.37,46.51,48.46,38.46,0.1326,-0.8774564759312456
lrsw_clora_k1024_lr2e5_s44,lrsw,Llama-CS (lrsw),Llama-2-7B,cs,sweep,clora,CLoRA,2e-05,44.0,lrsw_clora_k1024_lr2e5,False,False,True,26.5,36.86,54.15,34.0,19.0,45.73,47.87,37.69,0.1329,-0.876475019057268
lrsw_clora_k1024_lr3e4_s42,lrsw,Llama-CS (lrsw),Llama-2-7B,cs,sweep,clora,CLoRA,0.0003,42.0,lrsw_clora_k1024_lr3e4,False,False,True,24.26,31.91,64.89,32.27,16.24,40.34,36.01,34.68,0.4586,-0.3385659496060799
lrsw_clora_k1024_lr3e4_s43,lrsw,Llama-CS (lrsw),Llama-2-7B,cs,sweep,clora,CLoRA,0.0003,43.0,lrsw_clora_k1024_lr3e4,False,False,True,24.64,32.08,60.07,33.11,16.18,40.93,37.2,32.96,0.4473,-0.349401101827343
lrsw_clora_k1024_lr3e4_s44,lrsw,Llama-CS (lrsw),Llama-2-7B,cs,sweep,clora,CLoRA,0.0003,44.0,lrsw_clora_k1024_lr3e4,False,False,True,24.09,32.75,79.66,32.08,16.1,43.65,37.12,34.8,0.4471,-0.3495953301319682
lrsw_clora_k1024_lr3e4_s45,lrsw,Llama-CS (lrsw),Llama-2-7B,cs,sweep,clora,CLoRA,0.0003,45.0,lrsw_clora_k1024_lr3e4,False,False,False,23.92,32.81,67.63,30.93,16.91,44.35,37.2,34.67,0.4436,-0.3530084625228775
lrsw_clora_k1024_lr5e3_s44,lrsw,Llama-CS (lrsw),Llama-2-7B,cs,sweep,clora,CLoRA,0.005,44.0,lrsw_clora_k1024_lr5e3,False,True,True,1.17,20.17,0.22,0.0,2.34,22.95,26.62,48.94,191.106,2.2812743224604835
lrsw_clora_k1024_lr5e4_s42,lrsw,Llama-CS (lrsw),Llama-2-7B,cs,sweep,clora,CLoRA,0.0005,42.0,lrsw_clora_k1024_lr5e4,False,False,True,21.88,30.1,78.36,29.66,14.11,36.48,36.18,34.06,0.6429,-0.1918565742385088
lrsw_clora_k1024_lr5e4_s43,lrsw,Llama-CS (lrsw),Llama-2-7B,cs,sweep,clora,CLoRA,0.0005,43.0,lrsw_clora_k1024_lr5e4,False,False,True,21.84,29.78,78.53,31.67,12.01,37.37,35.07,32.77,0.6307,-0.2001771690066801
lrsw_clora_k1024_lr5e4_s44,lrsw,Llama-CS (lrsw),Llama-2-7B,cs,sweep,clora,CLoRA,0.0005,44.0,lrsw_clora_k1024_lr5e4,False,False,True,21.03,31.07,78.33,29.32,12.74,38.05,37.37,37.85,0.6606,-0.1800614306446046
lrsw_clora_k1024_lr5e4_s45,lrsw,Llama-CS (lrsw),Llama-2-7B,cs,sweep,clora,CLoRA,0.0005,45.0,lrsw_clora_k1024_lr5e4,False,False,True,21.66,29.64,77.94,30.56,12.75,33.73,36.18,35.0,0.6463,-0.1895658440773272
lrsw_clora_k1024_lr5e5_s42,lrsw,Llama-CS (lrsw),Llama-2-7B,cs,sweep,clora,CLoRA,5e-05,42.0,lrsw_clora_k1024_lr5e5,False,False,True,26.76,36.39,51.77,33.96,19.56,46.62,45.14,36.65,0.1602,-0.7953374882517811
lrsw_clora_k1024_lr5e5_s43,lrsw,Llama-CS (lrsw),Llama-2-7B,cs,sweep,clora,CLoRA,5e-05,43.0,lrsw_clora_k1024_lr5e5,False,False,True,27.48,37.27,62.74,35.06,19.91,47.44,46.67,37.26,0.1617,-0.7912899800935989
lrsw_clora_k1024_lr5e5_s44,lrsw,Llama-CS (lrsw),Llama-2-7B,cs,sweep,clora,CLoRA,5e-05,44.0,lrsw_clora_k1024_lr5e5,False,False,True,27.26,37.07,44.14,34.76,19.77,47.41,47.18,36.25,0.1625,-0.7891466346851068
lrsw_corda_r16_lr1e3_s42,lrsw,Llama-CS (lrsw),Llama-2-7B,cs,sweep,corda,CorDA (withheld),0.001,42.0,lrsw_corda_r16_lr1e3,True,True,False,0.0,19.91,0.0,0.0,0.0,22.95,26.96,49.62,515.773,2.7124586036841896
lrsw_corda_r16_lr1e3_s43,lrsw,Llama-CS (lrsw),Llama-2-7B,cs,sweep,corda,CorDA (withheld),0.001,43.0,lrsw_corda_r16_lr1e3,True,True,False,17.12,24.95,70.24,28.23,6.01,26.1,30.03,34.4,1.4399,0.1583323317089808
lrsw_corda_r16_lr1e3_s44,lrsw,Llama-CS (lrsw),Llama-2-7B,cs,sweep,corda,CorDA (withheld),0.001,44.0,lrsw_corda_r16_lr1e3,True,True,False,16.13,24.62,71.57,27.34,4.92,24.59,29.52,36.73,1.7069,0.2322080783963161
lrsw_corda_r16_lr1e4_s42,lrsw,Llama-CS (lrsw),Llama-2-7B,cs,sweep,corda,CorDA (withheld),0.0001,42.0,lrsw_corda_r16_lr1e4,True,False,False,16.08,26.01,72.11,27.23,4.94,29.38,33.62,34.87,0.6621,-0.1790764121186825
lrsw_corda_r16_lr1e4_s43,lrsw,Llama-CS (lrsw),Llama-2-7B,cs,sweep,corda,CorDA (withheld),0.0001,43.0,lrsw_corda_r16_lr1e4,True,False,False,23.72,33.62,78.31,30.72,16.72,41.63,42.06,36.95,0.3355,-0.4743074754949891
lrsw_corda_r16_lr1e4_s44,lrsw,Llama-CS (lrsw),Llama-2-7B,cs,sweep,corda,CorDA (withheld),0.0001,44.0,lrsw_corda_r16_lr1e4,True,False,False,23.45,33.21,61.52,30.7,16.2,41.53,40.7,36.93,0.3309,-0.4803032328401469
lrsw_corda_r16_lr2e3_s43,lrsw,Llama-CS (lrsw),Llama-2-7B,cs,sweep,corda,CorDA (withheld),0.002,43.0,lrsw_corda_r16_lr2e3,True,True,False,0.0,20.16,0.01,0.0,0.0,23.15,28.5,49.13,63.0501,1.7996857797182004
lrsw_corda_r16_lr2e3_s44,lrsw,Llama-CS (lrsw),Llama-2-7B,cs,sweep,corda,CorDA (withheld),0.002,44.0,lrsw_corda_r16_lr2e3,True,True,False,0.0,19.32,37.1,0.0,0.0,23.29,22.18,51.11,25.3396,1.4037997550160937
lrsw_corda_r16_lr2e4_s42,lrsw,Llama-CS (lrsw),Llama-2-7B,cs,sweep,corda,CorDA (withheld),0.0002,42.0,lrsw_corda_r16_lr2e4,True,False,False,16.38,25.61,61.79,26.74,6.03,25.85,30.29,39.12,1.1265,0.0517311960598496
lrsw_corda_r16_lr2e4_s43,lrsw,Llama-CS (lrsw),Llama-2-7B,cs,sweep,corda,CorDA (withheld),0.0002,43.0,lrsw_corda_r16_lr2e4,True,False,False,22.9,32.17,77.83,32.05,13.75,38.05,39.59,37.41,0.5014,-0.2998156703778023
lrsw_corda_r16_lr2e4_s44,lrsw,Llama-CS (lrsw),Llama-2-7B,cs,sweep,corda,CorDA (withheld),0.0002,44.0,lrsw_corda_r16_lr2e4,True,False,False,21.8,31.13,78.38,30.03,13.57,37.08,38.48,36.47,0.5014,-0.2998156703778023
lrsw_corda_r16_lr2e5_s42,lrsw,Llama-CS (lrsw),Llama-2-7B,cs,sweep,corda,CorDA (withheld),2e-05,42.0,lrsw_corda_r16_lr2e5,True,False,False,23.18,33.64,74.25,31.7,14.67,41.81,42.83,37.19,0.2587,-0.5872035712834566
lrsw_corda_r16_lr2e5_s43,lrsw,Llama-CS (lrsw),Llama-2-7B,cs,sweep,corda,CorDA (withheld),2e-05,43.0,lrsw_corda_r16_lr2e5,True,False,False,25.9,35.78,21.61,34.25,17.56,43.46,44.97,38.67,0.1861,-0.730253626869233
lrsw_corda_r16_lr2e5_s44,lrsw,Llama-CS (lrsw),Llama-2-7B,cs,sweep,corda,CorDA (withheld),2e-05,44.0,lrsw_corda_r16_lr2e5,True,False,False,26.17,35.8,40.35,34.62,17.73,44.18,44.88,37.6,0.1881,-0.7256112044496211
lrsw_corda_r16_lr3e4_s42,lrsw,Llama-CS (lrsw),Llama-2-7B,cs,sweep,corda,CorDA (withheld),0.0003,42.0,lrsw_corda_r16_lr3e4,True,False,False,12.73,23.43,50.94,25.37,0.09,23.35,27.13,41.2,1.653,0.2182728535714475
lrsw_corda_r16_lr3e4_s43,lrsw,Llama-CS (lrsw),Llama-2-7B,cs,sweep,corda,CorDA (withheld),0.0003,43.0,lrsw_corda_r16_lr3e4,True,False,False,21.46,28.46,77.9,30.36,12.55,27.95,35.24,36.18,0.6572,-0.1823024452369759
lrsw_corda_r16_lr3e4_s44,lrsw,Llama-CS (lrsw),Llama-2-7B,cs,sweep,corda,CorDA (withheld),0.0003,44.0,lrsw_corda_r16_lr3e4,True,False,False,20.83,30.01,77.67,28.64,13.02,32.3,38.65,37.46,0.6539,-0.1844886626372358
lrsw_corda_r16_lr5e4_s42,lrsw,Llama-CS (lrsw),Llama-2-7B,cs,sweep,corda,CorDA (withheld),0.0005,42.0,lrsw_corda_r16_lr5e4,True,True,False,4.94,21.26,36.54,9.86,0.02,24.01,24.4,48.02,3.4551,0.5384606215567298
lrsw_corda_r16_lr5e4_s43,lrsw,Llama-CS (lrsw),Llama-2-7B,cs,sweep,corda,CorDA (withheld),0.0005,43.0,lrsw_corda_r16_lr5e4,True,True,False,19.52,26.52,76.97,27.98,11.07,24.96,33.87,34.73,0.9561,-0.0194966818066049
lrsw_corda_r16_lr5e4_s44,lrsw,Llama-CS (lrsw),Llama-2-7B,cs,sweep,corda,CorDA (withheld),0.0005,44.0,lrsw_corda_r16_lr5e4,True,True,False,18.14,26.01,75.1,27.0,9.29,23.39,35.15,35.21,0.9298,-0.0316104581529317
lrsw_corda_r16_lr5e5_s42,lrsw,Llama-CS (lrsw),Llama-2-7B,cs,sweep,corda,CorDA (withheld),5e-05,42.0,lrsw_corda_r16_lr5e5,True,False,False,19.39,29.75,76.24,28.64,10.13,34.11,39.76,36.11,0.4203,-0.3764406099945629
lrsw_corda_r16_lr5e5_s43,lrsw,Llama-CS (lrsw),Llama-2-7B,cs,sweep,corda,CorDA (withheld),5e-05,43.0,lrsw_corda_r16_lr5e5,True,False,False,24.6,34.88,48.6,31.47,17.73,43.64,44.88,36.7,0.253,-0.5968794788241821
lrsw_corda_r16_lr5e5_s44,lrsw,Llama-CS (lrsw),Llama-2-7B,cs,sweep,corda,CorDA (withheld),5e-05,44.0,lrsw_corda_r16_lr5e5,True,False,False,25.5,35.23,56.67,33.45,17.55,44.4,43.77,36.98,0.2553,-0.5929491851957497
lrsw_dora_r16_lr1e3_s42,lrsw,Llama-CS (lrsw),Llama-2-7B,cs,sweep,dora,DoRA,0.001,42.0,lrsw_dora_r16_lr1e3,False,True,True,15.64,24.86,67.95,24.3,6.99,23.13,33.7,36.2,3.7257,0.5712078818028553
lrsw_dora_r16_lr1e3_s43,lrsw,Llama-CS (lrsw),Llama-2-7B,cs,sweep,dora,DoRA,0.001,43.0,lrsw_dora_r16_lr1e3,False,True,True,15.74,24.4,68.48,25.77,5.72,22.95,33.62,33.93,3.7383,0.5726741507390644
lrsw_dora_r16_lr1e3_s44,lrsw,Llama-CS (lrsw),Llama-2-7B,cs,sweep,dora,DoRA,0.001,44.0,lrsw_dora_r16_lr1e3,False,True,True,13.92,23.74,68.41,22.12,5.71,23.16,33.19,34.52,3.7348,0.572267350134817
lrsw_dora_r16_lr1e4_s42,lrsw,Llama-CS (lrsw),Llama-2-7B,cs,sweep,dora,DoRA,0.0001,42.0,lrsw_dora_r16_lr1e4,False,False,True,26.76,35.42,45.38,33.85,19.68,45.31,44.03,34.23,0.2967,-0.5276824536831581
lrsw_dora_r16_lr1e4_s43,lrsw,Llama-CS (lrsw),Llama-2-7B,cs,sweep,dora,DoRA,0.0001,43.0,lrsw_dora_r16_lr1e4,False,False,True,26.55,35.66,80.47,34.08,19.02,46.49,43.26,35.44,0.3073,-0.5124374397436218
lrsw_dora_r16_lr1e4_s44,lrsw,Llama-CS (lrsw),Llama-2-7B,cs,sweep,dora,DoRA,0.0001,44.0,lrsw_dora_r16_lr1e4,False,False,True,26.94,35.91,79.64,34.62,19.25,46.9,43.69,35.09,0.3056,-0.5148466500963477
lrsw_dora_r16_lr2e3_s43,lrsw,Llama-CS (lrsw),Llama-2-7B,cs,sweep,dora,DoRA,0.002,43.0,lrsw_dora_r16_lr2e3,False,True,True,3.04,19.86,36.96,6.08,0.0,23.12,22.53,47.59,24.3192,1.3859492843630308
lrsw_dora_r16_lr2e3_s44,lrsw,Llama-CS (lrsw),Llama-2-7B,cs,sweep,dora,DoRA,0.002,44.0,lrsw_dora_r16_lr2e3,False,True,True,0.0,19.84,37.63,0.0,0.0,25.42,22.27,51.52,358.2287,2.5541603770247985
lrsw_dora_r16_lr2e4_s42,lrsw,Llama-CS (lrsw),Llama-2-7B,cs,sweep,dora,DoRA,0.0002,42.0,lrsw_dora_r16_lr2e4,False,False,True,24.84,32.94,78.27,32.76,16.93,41.96,38.99,34.04,0.4451,-0.3515424057174774
lrsw_dora_r16_lr2e4_s43,lrsw,Llama-CS (lrsw),Llama-2-7B,cs,sweep,dora,DoRA,0.0002,43.0,lrsw_dora_r16_lr2e4,False,False,True,25.5,33.23,80.24,33.34,17.65,40.57,40.36,34.21,0.4361,-0.3604139133265736
lrsw_dora_r16_lr2e4_s44,lrsw,Llama-CS (lrsw),Llama-2-7B,cs,sweep,dora,DoRA,0.0002,44.0,lrsw_dora_r16_lr2e4,False,False,True,25.27,33.25,64.36,31.36,19.18,40.91,40.02,34.76,0.4513,-0.3455346664798542
lrsw_dora_r16_lr2e5_s42,lrsw,Llama-CS (lrsw),Llama-2-7B,cs,sweep,dora,DoRA,2e-05,42.0,lrsw_dora_r16_lr2e5,False,False,True,26.45,36.48,30.62,33.71,19.19,45.53,46.67,37.32,0.2302,-0.637894680706227
lrsw_dora_r16_lr2e5_s43,lrsw,Llama-CS (lrsw),Llama-2-7B,cs,sweep,dora,DoRA,2e-05,43.0,lrsw_dora_r16_lr2e5,False,False,True,26.18,36.25,66.73,33.47,18.9,45.0,46.42,37.46,0.2191,-0.6593576224392947
lrsw_dora_r16_lr2e5_s44,lrsw,Llama-CS (lrsw),Llama-2-7B,cs,sweep,dora,DoRA,2e-05,44.0,lrsw_dora_r16_lr2e5,False,False,True,26.9,36.95,63.07,34.46,19.33,46.26,47.01,37.69,0.2325,-0.6335770427740273
lrsw_dora_r16_lr3e4_s42,lrsw,Llama-CS (lrsw),Llama-2-7B,cs,sweep,dora,DoRA,0.0003,42.0,lrsw_dora_r16_lr3e4,False,False,True,23.7,31.12,64.39,31.45,15.94,36.34,36.6,35.27,0.6833,-0.1653885792773128
lrsw_dora_r16_lr3e4_s43,lrsw,Llama-CS (lrsw),Llama-2-7B,cs,sweep,dora,DoRA,0.0003,43.0,lrsw_dora_r16_lr3e4,False,False,True,23.6,32.3,75.26,31.04,16.17,41.8,38.82,33.67,0.6679,-0.1752885565352656
lrsw_dora_r16_lr3e4_s44,lrsw,Llama-CS (lrsw),Llama-2-7B,cs,sweep,dora,DoRA,0.0003,44.0,lrsw_dora_r16_lr3e4,False,False,True,23.27,29.99,79.05,30.87,15.67,34.35,36.18,32.88,0.684,-0.1649438982798837
lrsw_dora_r16_lr5e3_s43,lrsw,Llama-CS (lrsw),Llama-2-7B,cs,sweep,dora,DoRA,0.005,43.0,lrsw_dora_r16_lr5e3,False,True,True,0.0,19.82,36.04,0.0,0.0,25.64,23.81,49.65,1877.7321,3.273633630639848
lrsw_dora_r16_lr5e3_s44,lrsw,Llama-CS (lrsw),Llama-2-7B,cs,sweep,dora,DoRA,0.005,44.0,lrsw_dora_r16_lr5e3,False,True,True,0.0,20.17,31.22,0.0,0.0,23.71,25.85,51.27,1801.9299,3.2557378917288644
lrsw_dora_r16_lr5e4_s42,lrsw,Llama-CS (lrsw),Llama-2-7B,cs,sweep,dora,DoRA,0.0005,42.0,lrsw_dora_r16_lr5e4,False,False,True,17.8,27.2,74.36,25.53,10.07,30.25,34.47,35.68,1.2143,0.084325995016827
lrsw_dora_r16_lr5e4_s43,lrsw,Llama-CS (lrsw),Llama-2-7B,cs,sweep,dora,DoRA,0.0005,43.0,lrsw_dora_r16_lr5e4,False,False,True,20.58,29.25,77.47,29.5,11.67,34.7,36.86,33.51,1.2465,0.0956922828397922
lrsw_dora_r16_lr5e4_s44,lrsw,Llama-CS (lrsw),Llama-2-7B,cs,sweep,dora,DoRA,0.0005,44.0,lrsw_dora_r16_lr5e4,False,False,True,19.08,27.33,76.87,29.1,9.06,23.86,36.01,38.64,1.2185,0.085825533520743
lrsw_dora_r16_lr5e5_s42,lrsw,Llama-CS (lrsw),Llama-2-7B,cs,sweep,dora,DoRA,5e-05,42.0,lrsw_dora_r16_lr5e5,False,False,True,27.3,36.58,44.19,34.5,20.1,46.94,46.08,35.27,0.2487,-0.604324214730064
lrsw_dora_r16_lr5e5_s43,lrsw,Llama-CS (lrsw),Llama-2-7B,cs,sweep,dora,DoRA,5e-05,43.0,lrsw_dora_r16_lr5e5,False,False,True,26.98,36.61,35.79,34.19,19.76,46.99,45.99,36.14,0.2557,-0.5922692719736645
lrsw_dora_r16_lr5e5_s44,lrsw,Llama-CS (lrsw),Llama-2-7B,cs,sweep,dora,DoRA,5e-05,44.0,lrsw_dora_r16_lr5e5,False,False,True,27.3,36.32,18.73,34.54,20.05,47.25,44.2,35.54,0.2544,-0.5944828930236237
lrsw_lora_null_r16_lr1e3_s42,lrsw,Llama-CS (lrsw),Llama-2-7B,cs,sweep,lora_null,LoRA-Null,0.001,42.0,lrsw_lora_null_r16_lr1e3,False,False,True,17.36,25.27,73.55,27.02,7.7,25.82,34.39,31.43,1.1609,0.0647948111953832
lrsw_lora_null_r16_lr1e3_s43,lrsw,Llama-CS (lrsw),Llama-2-7B,cs,sweep,lora_null,LoRA-Null,0.001,43.0,lrsw_lora_null_r16_lr1e3,False,False,True,17.62,25.23,73.86,26.36,8.88,27.0,33.7,30.21,1.2147,0.0844690314880758
lrsw_lora_null_r16_lr1e3_s44,lrsw,Llama-CS (lrsw),Llama-2-7B,cs,sweep,lora_null,LoRA-Null,0.001,44.0,lrsw_lora_null_r16_lr1e3,False,False,True,18.44,26.36,74.09,28.57,8.3,25.69,35.75,33.51,1.1446,0.0586537415723702
lrsw_lora_null_r16_lr1e4_s42,lrsw,Llama-CS (lrsw),Llama-2-7B,cs,sweep,lora_null,LoRA-Null,0.0001,42.0,lrsw_lora_null_r16_lr1e4,False,False,True,27.42,36.56,47.29,35.65,19.2,47.54,44.54,35.89,0.2243,-0.6491707264170322
lrsw_lora_null_r16_lr1e4_s43,lrsw,Llama-CS (lrsw),Llama-2-7B,cs,sweep,lora_null,LoRA-Null,0.0001,43.0,lrsw_lora_null_r16_lr1e4,False,False,True,26.18,35.3,68.49,34.1,18.25,46.17,43.09,34.88,0.2442,-0.6122543403911364
lrsw_lora_null_r16_lr1e4_s44,lrsw,Llama-CS (lrsw),Llama-2-7B,cs,sweep,lora_null,LoRA-Null,0.0001,44.0,lrsw_lora_null_r16_lr1e4,False,False,True,26.05,35.33,54.96,33.19,18.91,46.11,43.43,35.0,0.2522,-0.5982549177629373
lrsw_lora_null_r16_lr1e4_s45,lrsw,Llama-CS (lrsw),Llama-2-7B,cs,sweep,lora_null,LoRA-Null,0.0001,45.0,lrsw_lora_null_r16_lr1e4,False,False,True,26.57,35.53,42.79,35.23,17.91,46.29,42.75,35.45,0.2447,-0.6113660306482108
lrsw_lora_null_r16_lr2e4_s42,lrsw,Llama-CS (lrsw),Llama-2-7B,cs,sweep,lora_null,LoRA-Null,0.0002,42.0,lrsw_lora_null_r16_lr2e4,False,False,True,26.43,35.25,47.98,34.5,18.36,45.73,42.83,34.83,0.3245,-0.4887852988636119
lrsw_lora_null_r16_lr2e4_s43,lrsw,Llama-CS (lrsw),Llama-2-7B,cs,sweep,lora_null,LoRA-Null,0.0002,43.0,lrsw_lora_null_r16_lr2e4,False,False,True,25.92,33.96,40.87,34.19,17.64,43.61,41.3,33.06,0.3697,-0.4321505494268932
lrsw_lora_null_r16_lr2e4_s44,lrsw,Llama-CS (lrsw),Llama-2-7B,cs,sweep,lora_null,LoRA-Null,0.0002,44.0,lrsw_lora_null_r16_lr2e4,False,False,True,25.24,33.54,61.36,33.07,17.41,44.29,40.27,32.68,0.3507,-0.4550642341184974
lrsw_lora_null_r16_lr2e4_s45,lrsw,Llama-CS (lrsw),Llama-2-7B,cs,sweep,lora_null,LoRA-Null,0.0002,45.0,lrsw_lora_null_r16_lr2e4,False,False,True,25.66,33.68,36.37,33.54,17.78,43.92,38.99,34.17,0.3518,-0.4537041648785575
lrsw_lora_null_r16_lr2e5_s42,lrsw,Llama-CS (lrsw),Llama-2-7B,cs,sweep,lora_null,LoRA-Null,2e-05,42.0,lrsw_lora_null_r16_lr2e5,False,False,True,26.18,36.82,73.02,33.79,18.58,45.95,47.87,37.91,0.1392,-0.8563607647254567
lrsw_lora_null_r16_lr2e5_s43,lrsw,Llama-CS (lrsw),Llama-2-7B,cs,sweep,lora_null,LoRA-Null,2e-05,43.0,lrsw_lora_null_r16_lr2e5,False,False,True,26.04,36.36,70.5,33.57,18.5,44.33,46.76,38.62,0.1381,-0.8598063214213687
lrsw_lora_null_r16_lr2e5_s44,lrsw,Llama-CS (lrsw),Llama-2-7B,cs,sweep,lora_null,LoRA-Null,2e-05,44.0,lrsw_lora_null_r16_lr2e5,False,False,True,26.12,36.47,68.84,33.59,18.66,44.42,46.93,38.77,0.138,-0.8601209135987634
lrsw_lora_null_r16_lr3e4_s42,lrsw,Llama-CS (lrsw),Llama-2-7B,cs,sweep,lora_null,LoRA-Null,0.0003,42.0,lrsw_lora_null_r16_lr3e4,False,False,True,24.5,32.5,31.64,32.28,16.72,40.07,38.48,34.94,0.4459,-0.3507625276503927
lrsw_lora_null_r16_lr3e4_s43,lrsw,Llama-CS (lrsw),Llama-2-7B,cs,sweep,lora_null,LoRA-Null,0.0003,43.0,lrsw_lora_null_r16_lr3e4,False,False,True,24.82,32.82,80.37,32.15,17.5,43.18,38.4,32.85,0.4624,-0.3349821745875274
lrsw_lora_null_r16_lr3e4_s44,lrsw,Llama-CS (lrsw),Llama-2-7B,cs,sweep,lora_null,LoRA-Null,0.0003,44.0,lrsw_lora_null_r16_lr3e4,False,False,True,23.9,32.63,50.88,33.45,14.36,41.51,40.19,33.62,0.4667,-0.3309621991148441
lrsw_lora_null_r16_lr3e4_s45,lrsw,Llama-CS (lrsw),Llama-2-7B,cs,sweep,lora_null,LoRA-Null,0.0003,45.0,lrsw_lora_null_r16_lr3e4,False,False,True,24.37,33.27,17.66,33.25,15.49,42.17,40.19,35.23,0.4688,-0.3290123969899657
lrsw_lora_null_r16_lr5e4_s42,lrsw,Llama-CS (lrsw),Llama-2-7B,cs,sweep,lora_null,LoRA-Null,0.0005,42.0,lrsw_lora_null_r16_lr5e4,False,False,True,23.64,30.97,78.93,33.22,14.06,33.34,39.25,34.98,0.6956,-0.1576404266693251
lrsw_lora_null_r16_lr5e4_s43,lrsw,Llama-CS (lrsw),Llama-2-7B,cs,sweep,lora_null,LoRA-Null,0.0005,43.0,lrsw_lora_null_r16_lr5e4,False,False,True,21.14,30.31,79.05,30.72,11.55,37.51,38.82,32.97,0.7058,-0.1513183459760496
lrsw_lora_null_r16_lr5e4_s44,lrsw,Llama-CS (lrsw),Llama-2-7B,cs,sweep,lora_null,LoRA-Null,0.0005,44.0,lrsw_lora_null_r16_lr5e4,False,False,True,21.64,29.7,78.82,29.58,13.71,35.09,35.75,34.38,0.7055,-0.1515029819096333
lrsw_lora_null_r16_lr5e4_s45,lrsw,Llama-CS (lrsw),Llama-2-7B,cs,sweep,lora_null,LoRA-Null,0.0005,45.0,lrsw_lora_null_r16_lr5e4,False,False,True,20.62,27.09,78.66,30.43,10.8,25.52,36.09,32.63,0.701,-0.1542819820333413
lrsw_lora_null_r16_lr5e5_s42,lrsw,Llama-CS (lrsw),Llama-2-7B,cs,sweep,lora_null,LoRA-Null,5e-05,42.0,lrsw_lora_null_r16_lr5e5,False,False,True,26.62,37.11,55.8,34.08,19.15,47.75,47.27,37.31,0.1863,-0.7297871451037574
lrsw_lora_null_r16_lr5e5_s43,lrsw,Llama-CS (lrsw),Llama-2-7B,cs,sweep,lora_null,LoRA-Null,5e-05,43.0,lrsw_lora_null_r16_lr5e5,False,False,True,26.57,36.64,43.28,34.17,18.97,46.65,47.61,35.79,0.1957,-0.7084091743419988
lrsw_lora_null_r16_lr5e5_s44,lrsw,Llama-CS (lrsw),Llama-2-7B,cs,sweep,lora_null,LoRA-Null,5e-05,44.0,lrsw_lora_null_r16_lr5e5,False,False,True,26.37,36.41,69.76,33.85,18.89,46.55,46.33,36.43,0.198,-0.7033348097384688
lrsw_lora_r16_lr1e3_s42,lrsw,Llama-CS (lrsw),Llama-2-7B,cs,sweep,lora,LoRA,0.001,42.0,lrsw_lora_r16_lr1e3,False,False,True,17.41,24.83,66.59,26.85,7.97,23.19,32.34,33.8,1.4165,0.151216578856456
lrsw_lora_r16_lr1e3_s43,lrsw,Llama-CS (lrsw),Llama-2-7B,cs,sweep,lora,LoRA,0.001,43.0,lrsw_lora_r16_lr1e3,False,False,True,17.53,24.82,66.9,27.63,7.43,23.12,32.76,33.18,1.4196,0.1521659906755552
lrsw_lora_r16_lr1e3_s44,lrsw,Llama-CS (lrsw),Llama-2-7B,cs,sweep,lora,LoRA,0.001,44.0,lrsw_lora_r16_lr1e3,False,False,True,16.93,24.87,68.69,25.51,8.35,23.8,31.4,35.3,1.402,0.1467480136306398
lrsw_lora_r16_lr1e4_s42,lrsw,Llama-CS (lrsw),Llama-2-7B,cs,sweep,lora,LoRA,0.0001,42.0,lrsw_lora_r16_lr1e4,False,False,True,26.68,35.4,78.27,33.67,19.69,46.96,42.83,33.87,0.3103,-0.5082182244158342
lrsw_lora_r16_lr1e4_s43,lrsw,Llama-CS (lrsw),Llama-2-7B,cs,sweep,lora,LoRA,0.0001,43.0,lrsw_lora_r16_lr1e4,False,False,True,26.46,35.27,54.46,33.54,19.38,45.88,42.41,35.15,0.3036,-0.5176982327765572
lrsw_lora_r16_lr1e4_s44,lrsw,Llama-CS (lrsw),Llama-2-7B,cs,sweep,lora,LoRA,0.0001,44.0,lrsw_lora_r16_lr1e4,False,False,True,26.58,35.65,67.3,34.1,19.07,47.69,40.53,36.84,0.305,-0.5157001606532142
lrsw_lora_r16_lr1e4_s45,lrsw,Llama-CS (lrsw),Llama-2-7B,cs,sweep,lora,LoRA,0.0001,45.0,lrsw_lora_r16_lr1e4,False,False,True,26.16,34.9,78.15,33.02,19.31,46.18,40.02,35.96,0.2982,-0.5254923608830242
lrsw_lora_r16_lr2e4_s42,lrsw,Llama-CS (lrsw),Llama-2-7B,cs,sweep,lora,LoRA,0.0002,42.0,lrsw_lora_r16_lr2e4,False,False,True,25.2,33.59,72.33,32.78,17.61,41.56,39.76,36.22,0.4427,-0.3538904780211521
lrsw_lora_r16_lr2e4_s43,lrsw,Llama-CS (lrsw),Llama-2-7B,cs,sweep,lora,LoRA,0.0002,43.0,lrsw_lora_r16_lr2e4,False,False,True,25.02,34.03,80.01,31.58,18.45,43.06,40.44,36.61,0.4473,-0.349401101827343
lrsw_lora_r16_lr2e4_s44,lrsw,Llama-CS (lrsw),Llama-2-7B,cs,sweep,lora,LoRA,0.0002,44.0,lrsw_lora_r16_lr2e4,False,False,True,25.7,34.0,79.9,32.96,18.45,44.4,37.54,36.63,0.4414,-0.3551676711743637
lrsw_lora_r16_lr2e4_s45,lrsw,Llama-CS (lrsw),Llama-2-7B,cs,sweep,lora,LoRA,0.0002,45.0,lrsw_lora_r16_lr2e4,False,False,True,25.99,33.77,43.52,32.76,19.22,42.89,40.44,33.56,0.4508,-0.3460160926259311
lrsw_lora_r16_lr2e5_s42,lrsw,Llama-CS (lrsw),Llama-2-7B,cs,sweep,lora,LoRA,2e-05,42.0,lrsw_lora_r16_lr2e5,False,False,True,26.32,36.8,53.56,33.59,19.05,45.83,47.61,37.93,0.2289,-0.6403542073254571
lrsw_lora_r16_lr2e5_s43,lrsw,Llama-CS (lrsw),Llama-2-7B,cs,sweep,lora,LoRA,2e-05,43.0,lrsw_lora_r16_lr2e5,False,False,True,26.6,36.51,62.24,33.84,19.35,44.96,46.16,38.25,0.2249,-0.6480105445643678
lrsw_lora_r16_lr2e5_s44,lrsw,Llama-CS (lrsw),Llama-2-7B,cs,sweep,lora,LoRA,2e-05,44.0,lrsw_lora_r16_lr2e5,False,False,True,26.49,36.89,59.43,33.79,19.19,46.23,47.61,37.64,0.2325,-0.6335770427740273
lrsw_lora_r16_lr3e4_s42,lrsw,Llama-CS (lrsw),Llama-2-7B,cs,sweep,lora,LoRA,0.0003,42.0,lrsw_lora_r16_lr3e4,False,False,True,24.42,32.73,79.11,32.53,16.3,41.28,37.8,35.72,0.623,-0.2055119533408304
lrsw_lora_r16_lr3e4_s43,lrsw,Llama-CS (lrsw),Llama-2-7B,cs,sweep,lora,LoRA,0.0003,43.0,lrsw_lora_r16_lr3e4,False,False,True,23.76,32.72,79.17,32.24,15.27,40.42,40.44,35.24,0.6262,-0.2032869367191035
lrsw_lora_r16_lr3e4_s44,lrsw,Llama-CS (lrsw),Llama-2-7B,cs,sweep,lora,LoRA,0.0003,44.0,lrsw_lora_r16_lr3e4,False,False,True,23.26,30.37,78.96,30.93,15.58,35.11,36.18,34.07,0.6031,-0.2196106715290472
lrsw_lora_r16_lr3e4_s45,lrsw,Llama-CS (lrsw),Llama-2-7B,cs,sweep,lora,LoRA,0.0003,45.0,lrsw_lora_r16_lr3e4,False,False,True,23.99,31.29,79.44,32.74,15.24,37.25,36.69,34.52,0.6107,-0.2141720800041343
lrsw_lora_r16_lr5e4_s42,lrsw,Llama-CS (lrsw),Llama-2-7B,cs,sweep,lora,LoRA,0.0005,42.0,lrsw_lora_r16_lr5e4,False,False,True,20.56,27.68,77.3,29.78,11.35,28.31,34.9,34.07,0.9238,-0.0344220420894721
lrsw_lora_r16_lr5e4_s43,lrsw,Llama-CS (lrsw),Llama-2-7B,cs,sweep,lora,LoRA,0.0005,43.0,lrsw_lora_r16_lr5e4,False,False,True,22.07,27.74,76.99,30.72,13.42,23.52,34.56,36.47,0.9284,-0.0322648682161199
lrsw_lora_r16_lr5e4_s44,lrsw,Llama-CS (lrsw),Llama-2-7B,cs,sweep,lora,LoRA,0.0005,44.0,lrsw_lora_r16_lr5e4,False,False,True,21.52,29.15,77.17,30.47,12.57,32.95,35.24,34.51,0.9064,-0.0426801031446591
lrsw_lora_r16_lr5e4_s45,lrsw,Llama-CS (lrsw),Llama-2-7B,cs,sweep,lora,LoRA,0.0005,45.0,lrsw_lora_r16_lr5e4,False,False,True,21.84,30.21,77.33,30.12,13.56,36.19,36.43,34.76,0.9364,-0.0285385949754132
lrsw_lora_r16_lr5e5_s42,lrsw,Llama-CS (lrsw),Llama-2-7B,cs,sweep,lora,LoRA,5e-05,42.0,lrsw_lora_r16_lr5e5,False,False,True,27.29,36.22,38.15,34.48,20.1,46.3,45.48,34.73,0.2544,-0.5944828930236237
lrsw_lora_r16_lr5e5_s43,lrsw,Llama-CS (lrsw),Llama-2-7B,cs,sweep,lora,LoRA,5e-05,43.0,lrsw_lora_r16_lr5e5,False,False,True,27.46,36.62,48.9,34.86,20.06,47.39,45.48,35.29,0.2543,-0.5946536398242911
lrsw_lora_r16_lr5e5_s44,lrsw,Llama-CS (lrsw),Llama-2-7B,cs,sweep,lora,LoRA,5e-05,44.0,lrsw_lora_r16_lr5e5,False,False,True,27.12,36.36,25.65,34.2,20.05,47.46,44.37,35.72,0.2592,-0.5863650028014443
lrsw_lorawd_wd0p3_lr1e3_s42,lrsw,Llama-CS (lrsw),Llama-2-7B,cs,sweep,lorawd,LoRA+wd,0.001,42.0,lrsw_lorawd_wd0p3_lr1e3,False,False,True,23.2,30.99,80.26,30.2,16.19,41.55,31.48,35.52,0.6315,-0.1996266451086505
lrsw_lorawd_wd0p3_lr1e3_s43,lrsw,Llama-CS (lrsw),Llama-2-7B,cs,sweep,lorawd,LoRA+wd,0.001,43.0,lrsw_lorawd_wd0p3_lr1e3,False,False,True,25.72,32.29,69.99,32.93,18.5,38.79,37.97,33.25,0.4612,-0.3361107013773386
lrsw_lorawd_wd0p3_lr1e3_s44,lrsw,Llama-CS (lrsw),Llama-2-7B,cs,sweep,lorawd,LoRA+wd,0.001,44.0,lrsw_lorawd_wd0p3_lr1e3,False,False,True,25.6,31.62,81.06,32.21,18.99,37.05,36.52,33.35,0.4618,-0.3355460714188424
lrsw_lorawd_wd0p3_lr1e4_s42,lrsw,Llama-CS (lrsw),Llama-2-7B,cs,sweep,lorawd,LoRA+wd,0.0001,42.0,lrsw_lorawd_wd0p3_lr1e4,False,False,True,26.94,35.64,76.97,34.51,19.38,47.5,42.32,34.51,0.2332,-0.6322714539130235
lrsw_lorawd_wd0p3_lr1e4_s43,lrsw,Llama-CS (lrsw),Llama-2-7B,cs,sweep,lorawd,LoRA+wd,0.0001,43.0,lrsw_lorawd_wd0p3_lr1e4,False,False,True,27.44,36.47,71.78,35.16,19.71,48.62,42.75,36.1,0.233,-0.632644078973981
lrsw_lorawd_wd0p3_lr1e4_s44,lrsw,Llama-CS (lrsw),Llama-2-7B,cs,sweep,lorawd,LoRA+wd,0.0001,44.0,lrsw_lorawd_wd0p3_lr1e4,False,False,True,27.7,36.27,67.67,35.08,20.32,48.22,41.3,36.44,0.2366,-0.6259852597080884
lrsw_lorawd_wd0p3_lr1e4_s45,lrsw,Llama-CS (lrsw),Llama-2-7B,cs,sweep,lorawd,LoRA+wd,0.0001,45.0,lrsw_lorawd_wd0p3_lr1e4,False,False,True,27.34,35.54,74.86,34.93,19.76,46.21,40.96,35.86,0.2349,-0.6291169832223942
lrsw_lorawd_wd0p3_lr2e3_s43,lrsw,Llama-CS (lrsw),Llama-2-7B,cs,sweep,lorawd,LoRA+wd,0.002,43.0,lrsw_lorawd_wd0p3_lr2e3,False,True,True,0.0,20.04,0.0,0.0,0.0,22.95,27.39,49.87,90.9627,1.9588633428153224
lrsw_lorawd_wd0p3_lr2e3_s44,lrsw,Llama-CS (lrsw),Llama-2-7B,cs,sweep,lorawd,LoRA+wd,0.002,44.0,lrsw_lorawd_wd0p3_lr2e3,False,True,True,0.0,20.08,0.0,0.0,0.0,22.95,27.13,50.34,87.484,1.941928631912614
lrsw_lorawd_wd0p3_lr2e4_s42,lrsw,Llama-CS (lrsw),Llama-2-7B,cs,sweep,lorawd,LoRA+wd,0.0002,42.0,lrsw_lorawd_wd0p3_lr2e4,False,False,True,27.66,36.04,40.74,35.28,20.05,47.07,42.83,34.97,0.3007,-0.5218665718994825
lrsw_lorawd_wd0p3_lr2e4_s43,lrsw,Llama-CS (lrsw),Llama-2-7B,cs,sweep,lorawd,LoRA+wd,0.0002,43.0,lrsw_lorawd_wd0p3_lr2e4,False,False,True,26.43,35.28,77.05,33.05,19.81,45.86,41.72,35.95,0.3017,-0.5204246898250116
lrsw_lorawd_wd0p3_lr2e4_s44,lrsw,Llama-CS (lrsw),Llama-2-7B,cs,sweep,lorawd,LoRA+wd,0.0002,44.0,lrsw_lorawd_wd0p3_lr2e4,False,False,True,27.14,35.38,62.72,34.66,19.61,45.93,42.15,34.54,0.2996,-0.5234581909725712
lrsw_lorawd_wd0p3_lr2e4_s45,lrsw,Llama-CS (lrsw),Llama-2-7B,cs,sweep,lorawd,LoRA+wd,0.0002,45.0,lrsw_lorawd_wd0p3_lr2e4,False,False,True,26.68,34.64,79.87,33.91,19.46,44.32,40.44,35.05,0.2995,-0.5236031732746699
lrsw_lorawd_wd0p3_lr2e5_s42,lrsw,Llama-CS (lrsw),Llama-2-7B,cs,sweep,lorawd,LoRA+wd,2e-05,42.0,lrsw_lorawd_wd0p3_lr2e5,False,False,True,26.74,36.59,23.48,34.0,19.49,46.56,46.5,36.42,0.2146,-0.6683702823700677
lrsw_lorawd_wd0p3_lr2e5_s43,lrsw,Llama-CS (lrsw),Llama-2-7B,cs,sweep,lorawd,LoRA+wd,2e-05,43.0,lrsw_lorawd_wd0p3_lr2e5,False,False,True,26.5,36.45,56.48,33.33,19.68,46.46,46.25,36.55,0.2158,-0.6659485596531082
lrsw_lorawd_wd0p3_lr2e5_s44,lrsw,Llama-CS (lrsw),Llama-2-7B,cs,sweep,lorawd,LoRA+wd,2e-05,44.0,lrsw_lorawd_wd0p3_lr2e5,False,False,True,26.83,36.6,46.05,34.0,19.66,46.84,45.9,36.61,0.2172,-0.6631401790831907
lrsw_lorawd_wd0p3_lr3e4_s42,lrsw,Llama-CS (lrsw),Llama-2-7B,cs,sweep,lorawd,LoRA+wd,0.0003,42.0,lrsw_lorawd_wd0p3_lr3e4,False,False,True,26.18,34.16,80.56,32.97,19.39,43.24,39.93,35.27,0.3769,-0.423773862550395
lrsw_lorawd_wd0p3_lr3e4_s43,lrsw,Llama-CS (lrsw),Llama-2-7B,cs,sweep,lorawd,LoRA+wd,0.0003,43.0,lrsw_lorawd_wd0p3_lr3e4,False,False,True,26.64,34.3,79.61,34.23,19.04,45.61,40.19,32.41,0.3499,-0.4560560575170935
lrsw_lorawd_wd0p3_lr3e4_s44,lrsw,Llama-CS (lrsw),Llama-2-7B,cs,sweep,lorawd,LoRA+wd,0.0003,44.0,lrsw_lorawd_wd0p3_lr3e4,False,False,True,26.9,34.94,49.84,34.27,19.53,44.94,40.96,35.01,0.3507,-0.4550642341184974
lrsw_lorawd_wd0p3_lr3e4_s45,lrsw,Llama-CS (lrsw),Llama-2-7B,cs,sweep,lorawd,LoRA+wd,0.0003,45.0,lrsw_lorawd_wd0p3_lr3e4,False,False,True,26.56,34.27,79.33,34.13,18.99,44.15,40.1,33.98,0.3479,-0.4585455712524111
lrsw_lorawd_wd0p3_lr5e4_s42,lrsw,Llama-CS (lrsw),Llama-2-7B,cs,sweep,lorawd,LoRA+wd,0.0005,42.0,lrsw_lorawd_wd0p3_lr5e4,False,False,True,25.55,33.21,81.62,32.38,18.72,39.2,40.44,35.33,0.3941,-0.4043935651343969
lrsw_lorawd_wd0p3_lr5e4_s43,lrsw,Llama-CS (lrsw),Llama-2-7B,cs,sweep,lorawd,LoRA+wd,0.0005,43.0,lrsw_lorawd_wd0p3_lr5e4,False,False,True,25.86,33.0,81.89,32.74,18.97,42.15,38.57,32.57,0.3841,-0.4155556928348238
lrsw_lorawd_wd0p3_lr5e4_s44,lrsw,Llama-CS (lrsw),Llama-2-7B,cs,sweep,lorawd,LoRA+wd,0.0005,44.0,lrsw_lorawd_wd0p3_lr5e4,False,False,True,26.38,34.09,81.9,33.04,19.71,44.02,39.08,34.62,0.411,-0.3861581781239308
lrsw_lorawd_wd0p3_lr5e4_s45,lrsw,Llama-CS (lrsw),Llama-2-7B,cs,sweep,lorawd,LoRA+wd,0.0005,45.0,lrsw_lorawd_wd0p3_lr5e4,False,False,True,25.64,32.87,81.59,32.21,19.08,41.49,38.99,32.59,0.4071,-0.3902988976206005
lrsw_lorawd_wd0p3_lr5e5_s42,lrsw,Llama-CS (lrsw),Llama-2-7B,cs,sweep,lorawd,LoRA+wd,5e-05,42.0,lrsw_lorawd_wd0p3_lr5e5,False,False,True,27.8,36.9,45.39,35.16,20.44,48.03,46.59,34.3,0.2186,-0.660349842386316
lrsw_lorawd_wd0p3_lr5e5_s43,lrsw,Llama-CS (lrsw),Llama-2-7B,cs,sweep,lorawd,LoRA+wd,5e-05,43.0,lrsw_lorawd_wd0p3_lr5e5,False,False,True,27.56,36.79,55.34,35.05,20.07,47.42,45.14,36.27,0.2213,-0.6550185860727421
lrsw_lorawd_wd0p3_lr5e5_s44,lrsw,Llama-CS (lrsw),Llama-2-7B,cs,sweep,lorawd,LoRA+wd,5e-05,44.0,lrsw_lorawd_wd0p3_lr5e5,False,False,True,27.33,36.47,24.44,34.77,19.88,48.52,43.86,35.31,0.2211,-0.6554112574212861
lrsw_milora_r32_lr1e3_s42,lrsw,Llama-CS (lrsw),Llama-2-7B,cs,sweep,milora,MiLoRA,0.001,42.0,lrsw_milora_r32_lr1e3,False,False,True,17.21,24.56,65.29,27.48,6.94,23.23,29.69,35.45,1.5319,0.1852304161675628
lrsw_milora_r32_lr1e3_s43,lrsw,Llama-CS (lrsw),Llama-2-7B,cs,sweep,milora,MiLoRA,0.001,43.0,lrsw_milora_r32_lr1e3,False,False,True,17.33,24.97,66.12,26.05,8.61,22.95,31.91,35.35,1.5126,0.1797240960600895
lrsw_milora_r32_lr1e3_s44,lrsw,Llama-CS (lrsw),Llama-2-7B,cs,sweep,milora,MiLoRA,0.001,44.0,lrsw_milora_r32_lr1e3,False,False,True,14.84,24.17,65.2,21.87,7.8,23.07,31.4,36.69,1.5127,0.1797528068974981
lrsw_milora_r32_lr1e4_s42,lrsw,Llama-CS (lrsw),Llama-2-7B,cs,sweep,milora,MiLoRA,0.0001,42.0,lrsw_milora_r32_lr1e4,False,False,True,27.55,36.58,36.08,35.02,20.08,47.12,44.28,36.4,0.2479,-0.6057234732321786
lrsw_milora_r32_lr1e4_s43,lrsw,Llama-CS (lrsw),Llama-2-7B,cs,sweep,milora,MiLoRA,0.0001,43.0,lrsw_milora_r32_lr1e4,False,False,True,27.42,36.85,72.93,35.28,19.56,48.63,44.71,36.07,0.2508,-0.6006724678413211
lrsw_milora_r32_lr1e4_s44,lrsw,Llama-CS (lrsw),Llama-2-7B,cs,sweep,milora,MiLoRA,0.0001,44.0,lrsw_milora_r32_lr1e4,False,False,True,26.92,36.49,36.43,34.62,19.22,47.74,43.34,37.53,0.2536,-0.5958507507903049
lrsw_milora_r32_lr1e4_s45,lrsw,Llama-CS (lrsw),Llama-2-7B,cs,sweep,milora,MiLoRA,0.0001,45.0,lrsw_milora_r32_lr1e4,False,False,True,27.31,36.17,74.28,34.71,19.91,47.24,42.92,36.06,0.2454,-0.6101254416090145
lrsw_milora_r32_lr2e4_s42,lrsw,Llama-CS (lrsw),Llama-2-7B,cs,sweep,milora,MiLoRA,0.0002,42.0,lrsw_milora_r32_lr2e4,False,False,True,25.84,34.26,75.12,33.42,18.27,45.85,39.25,34.51,0.3976,-0.4005536242747243
lrsw_milora_r32_lr2e4_s43,lrsw,Llama-CS (lrsw),Llama-2-7B,cs,sweep,milora,MiLoRA,0.0002,43.0,lrsw_milora_r32_lr2e4,False,False,True,25.52,34.94,79.62,33.1,17.93,47.69,40.19,35.77,0.4145,-0.3824754651137076
lrsw_milora_r32_lr2e4_s44,lrsw,Llama-CS (lrsw),Llama-2-7B,cs,sweep,milora,MiLoRA,0.0002,44.0,lrsw_milora_r32_lr2e4,False,False,True,26.52,34.87,22.31,33.6,19.45,46.94,39.42,34.92,0.402,-0.3957739469155299
lrsw_milora_r32_lr2e4_s45,lrsw,Llama-CS (lrsw),Llama-2-7B,cs,sweep,milora,MiLoRA,0.0002,45.0,lrsw_milora_r32_lr2e4,False,False,True,26.46,35.21,78.53,34.05,18.87,44.4,42.15,36.59,0.4162,-0.3806979241243918
lrsw_milora_r32_lr2e5_s42,lrsw,Llama-CS (lrsw),Llama-2-7B,cs,sweep,milora,MiLoRA,2e-05,42.0,lrsw_milora_r32_lr2e5,False,False,True,26.25,36.57,70.19,33.77,18.73,45.14,47.18,38.03,0.1729,-0.7622050067260775
lrsw_milora_r32_lr2e5_s43,lrsw,Llama-CS (lrsw),Llama-2-7B,cs,sweep,milora,MiLoRA,2e-05,43.0,lrsw_milora_r32_lr2e5,False,False,True,26.1,36.73,70.56,33.87,18.34,46.27,47.95,37.2,0.1697,-0.7703181576823243
lrsw_milora_r32_lr2e5_s44,lrsw,Llama-CS (lrsw),Llama-2-7B,cs,sweep,milora,MiLoRA,2e-05,44.0,lrsw_milora_r32_lr2e5,False,False,True,26.17,36.74,62.87,33.42,18.92,45.93,47.78,37.65,0.1729,-0.7622050067260775
lrsw_milora_r32_lr3e4_s42,lrsw,Llama-CS (lrsw),Llama-2-7B,cs,sweep,milora,MiLoRA,0.0003,42.0,lrsw_milora_r32_lr3e4,False,False,True,24.72,33.64,79.86,32.5,16.95,43.09,39.76,35.91,0.5432,-0.2650402387275547
lrsw_milora_r32_lr3e4_s43,lrsw,Llama-CS (lrsw),Llama-2-7B,cs,sweep,milora,MiLoRA,0.0003,43.0,lrsw_milora_r32_lr3e4,False,False,True,23.8,32.56,58.67,31.06,16.54,41.97,37.71,35.52,0.5633,-0.2492602487646492
lrsw_milora_r32_lr3e4_s44,lrsw,Llama-CS (lrsw),Llama-2-7B,cs,sweep,milora,MiLoRA,0.0003,44.0,lrsw_milora_r32_lr3e4,False,False,True,24.06,32.62,34.54,31.19,16.94,40.94,38.23,35.82,0.5623,-0.2500319164905971
lrsw_milora_r32_lr3e4_s45,lrsw,Llama-CS (lrsw),Llama-2-7B,cs,sweep,milora,MiLoRA,0.0003,45.0,lrsw_milora_r32_lr3e4,False,False,True,24.9,31.75,79.3,32.25,17.54,37.64,36.09,35.21,0.561,-0.2510371387438385
lrsw_milora_r32_lr5e4_s42,lrsw,Llama-CS (lrsw),Llama-2-7B,cs,sweep,milora,MiLoRA,0.0005,42.0,lrsw_milora_r32_lr5e4,False,False,True,20.76,28.84,76.74,29.61,11.9,32.23,36.01,34.44,0.8396,-0.0759275700896371
lrsw_milora_r32_lr5e4_s43,lrsw,Llama-CS (lrsw),Llama-2-7B,cs,sweep,milora,MiLoRA,0.0005,43.0,lrsw_milora_r32_lr5e4,False,False,True,21.27,27.48,76.96,29.24,13.3,27.09,36.01,31.76,0.8585,-0.0662597005030646
lrsw_milora_r32_lr5e4_s44,lrsw,Llama-CS (lrsw),Llama-2-7B,cs,sweep,milora,MiLoRA,0.0005,44.0,lrsw_milora_r32_lr5e4,False,False,True,21.0,29.86,77.67,29.69,12.3,32.44,39.59,35.26,0.8658,-0.0625824185228621
lrsw_milora_r32_lr5e4_s45,lrsw,Llama-CS (lrsw),Llama-2-7B,cs,sweep,milora,MiLoRA,0.0005,45.0,lrsw_milora_r32_lr5e4,False,False,True,22.7,28.96,77.4,31.68,13.73,29.52,35.15,34.71,0.8422,-0.0745847629157537
lrsw_milora_r32_lr5e5_s42,lrsw,Llama-CS (lrsw),Llama-2-7B,cs,sweep,milora,MiLoRA,5e-05,42.0,lrsw_milora_r32_lr5e5,False,False,True,27.57,36.76,47.73,35.43,19.71,46.46,45.22,36.97,0.1961,-0.707522406332216
lrsw_milora_r32_lr5e5_s43,lrsw,Llama-CS (lrsw),Llama-2-7B,cs,sweep,milora,MiLoRA,5e-05,43.0,lrsw_milora_r32_lr5e5,False,False,True,27.3,36.63,35.55,34.74,19.86,47.27,44.71,36.57,0.197,-0.7055337738384071
lrsw_milora_r32_lr5e5_s44,lrsw,Llama-CS (lrsw),Llama-2-7B,cs,sweep,milora,MiLoRA,5e-05,44.0,lrsw_milora_r32_lr5e5,False,False,True,27.28,36.65,38.85,34.94,19.61,47.54,44.37,36.79,0.1984,-0.7024583321818402
lrsw_milorawd_wd0p3_r32_lr2e4_s42,lrsw,Llama-CS (lrsw),Llama-2-7B,cs,sweep,milorawd,MiLoRA+wd,0.0002,42.0,lrsw_milorawd_wd0p3_r32_lr2e4,False,False,True,27.99,35.85,59.98,36.49,19.49,46.08,41.89,35.31,0.2484,-0.6048484084954574
lrsw_milorawd_wd0p3_r32_lr5e4_s42,lrsw,Llama-CS (lrsw),Llama-2-7B,cs,sweep,milorawd,MiLoRA+wd,0.0005,42.0,lrsw_milorawd_wd0p3_r32_lr5e4,False,False,True,26.66,34.68,80.22,34.71,18.62,44.9,39.76,35.39,0.2963,-0.5282683485199489
lrsw_sclora_r32_lr1e3_s42,lrsw,Llama-CS (lrsw),Llama-2-7B,cs,sweep,sclora,SC-LoRA,0.001,42.0,lrsw_sclora_r32_lr1e3,False,False,True,3.19,19.23,35.46,6.37,0.01,23.5,26.79,39.48,3.0763,0.4880286854829438
lrsw_sclora_r32_lr1e3_s43,lrsw,Llama-CS (lrsw),Llama-2-7B,cs,sweep,sclora,SC-LoRA,0.001,43.0,lrsw_sclora_r32_lr1e3,False,False,True,8.57,20.97,61.97,12.38,4.77,23.07,27.39,37.26,1.7424,0.2411478624116997
lrsw_sclora_r32_lr1e3_s44,lrsw,Llama-CS (lrsw),Llama-2-7B,cs,sweep,sclora,SC-LoRA,0.001,44.0,lrsw_sclora_r32_lr1e3,False,False,True,7.5,21.05,61.92,11.38,3.62,22.61,30.2,37.46,1.7217,0.2359574794666207
lrsw_sclora_r32_lr1e4_s42,lrsw,Llama-CS (lrsw),Llama-2-7B,cs,sweep,sclora,SC-LoRA,0.0001,42.0,lrsw_sclora_r32_lr1e4,False,False,True,16.38,27.68,79.87,27.2,5.56,32.87,37.03,35.74,0.813,-0.0899094544059318
lrsw_sclora_r32_lr1e4_s43,lrsw,Llama-CS (lrsw),Llama-2-7B,cs,sweep,sclora,SC-LoRA,0.0001,43.0,lrsw_sclora_r32_lr1e4,False,False,True,24.72,32.62,80.71,33.53,15.92,41.42,37.71,34.54,0.4129,-0.3841551171252979
lrsw_sclora_r32_lr1e4_s44,lrsw,Llama-CS (lrsw),Llama-2-7B,cs,sweep,sclora,SC-LoRA,0.0001,44.0,lrsw_sclora_r32_lr1e4,False,False,True,24.46,32.05,80.83,32.64,16.28,37.32,39.16,34.84,0.4117,-0.3854191330025139
lrsw_sclora_r32_lr1e4_s45,lrsw,Llama-CS (lrsw),Llama-2-7B,cs,sweep,sclora,SC-LoRA,0.0001,45.0,lrsw_sclora_r32_lr1e4,False,False,True,24.88,32.65,80.75,33.48,16.29,42.02,38.48,33.0,0.4117,-0.3854191330025139
lrsw_sclora_r32_lr2e4_s42,lrsw,Llama-CS (lrsw),Llama-2-7B,cs,sweep,sclora,SC-LoRA,0.0002,42.0,lrsw_sclora_r32_lr2e4,False,False,True,10.22,22.63,77.7,18.75,1.7,23.56,32.94,36.21,1.1421,0.0577041315340296
lrsw_sclora_r32_lr2e4_s43,lrsw,Llama-CS (lrsw),Llama-2-7B,cs,sweep,sclora,SC-LoRA,0.0002,43.0,lrsw_sclora_r32_lr2e4,False,False,True,20.8,29.28,80.53,29.21,12.38,32.68,37.8,34.34,0.6063,-0.2173124317650336
lrsw_sclora_r32_lr2e4_s44,lrsw,Llama-CS (lrsw),Llama-2-7B,cs,sweep,sclora,SC-LoRA,0.0002,44.0,lrsw_sclora_r32_lr2e4,False,False,True,21.52,28.23,79.16,29.8,13.24,27.1,36.09,34.93,0.5877,-0.2308443092856012
lrsw_sclora_r32_lr2e4_s45,lrsw,Llama-CS (lrsw),Llama-2-7B,cs,sweep,sclora,SC-LoRA,0.0002,45.0,lrsw_sclora_r32_lr2e4,False,False,True,22.12,28.31,80.06,31.01,13.24,27.35,36.6,33.35,0.6004,-0.2215593164287672
lrsw_sclora_r32_lr2e5_s42,lrsw,Llama-CS (lrsw),Llama-2-7B,cs,sweep,sclora,SC-LoRA,2e-05,42.0,lrsw_sclora_r32_lr2e5,False,False,True,25.29,34.3,79.54,34.05,16.53,43.18,41.13,36.63,0.3257,-0.4871822414351269
lrsw_sclora_r32_lr2e5_s43,lrsw,Llama-CS (lrsw),Llama-2-7B,cs,sweep,sclora,SC-LoRA,2e-05,43.0,lrsw_sclora_r32_lr2e5,False,False,True,26.98,36.58,38.43,34.62,19.35,47.19,45.14,36.58,0.1661,-0.7796303675486055
lrsw_sclora_r32_lr2e5_s44,lrsw,Llama-CS (lrsw),Llama-2-7B,cs,sweep,sclora,SC-LoRA,2e-05,44.0,lrsw_sclora_r32_lr2e5,False,False,True,27.02,36.58,19.93,35.2,18.85,47.74,44.2,36.89,0.166,-0.7798919119599449
lrsw_sclora_r32_lr3e4_s42,lrsw,Llama-CS (lrsw),Llama-2-7B,cs,sweep,sclora,SC-LoRA,0.0003,42.0,lrsw_sclora_r32_lr3e4,False,False,True,9.38,22.52,74.1,18.49,0.27,23.42,31.83,38.57,1.412,0.1498346967157849
lrsw_sclora_r32_lr3e4_s43,lrsw,Llama-CS (lrsw),Llama-2-7B,cs,sweep,sclora,SC-LoRA,0.0003,43.0,lrsw_sclora_r32_lr3e4,False,False,True,18.98,27.32,79.29,28.74,9.21,25.17,38.31,35.17,0.7458,-0.1273776209747116
lrsw_sclora_r32_lr3e4_s44,lrsw,Llama-CS (lrsw),Llama-2-7B,cs,sweep,sclora,SC-LoRA,0.0003,44.0,lrsw_sclora_r32_lr3e4,False,False,True,18.74,26.36,78.75,29.32,8.16,25.47,36.43,32.44,0.7515,-0.124071015077073
lrsw_sclora_r32_lr5e4_s42,lrsw,Llama-CS (lrsw),Llama-2-7B,cs,sweep,sclora,SC-LoRA,0.0005,42.0,lrsw_sclora_r32_lr5e4,False,False,True,3.6,19.94,70.33,7.2,0.0,23.23,30.55,38.73,1.8222,0.2605960423019088
lrsw_sclora_r32_lr5e4_s43,lrsw,Llama-CS (lrsw),Llama-2-7B,cs,sweep,sclora,SC-LoRA,0.0005,43.0,lrsw_sclora_r32_lr5e4,False,False,True,15.26,24.35,66.8,23.15,7.38,23.0,36.52,31.72,1.0856,0.0356698346516806
lrsw_sclora_r32_lr5e4_s44,lrsw,Llama-CS (lrsw),Llama-2-7B,cs,sweep,sclora,SC-LoRA,0.0005,44.0,lrsw_sclora_r32_lr5e4,False,False,True,15.2,24.29,72.41,24.21,6.18,23.19,34.22,33.65,1.0536,0.0226757619537274
lrsw_sclora_r32_lr5e4_s45,lrsw,Llama-CS (lrsw),Llama-2-7B,cs,sweep,sclora,SC-LoRA,0.0005,45.0,lrsw_sclora_r32_lr5e4,False,False,True,16.04,23.94,76.05,26.14,5.94,22.87,35.75,28.99,1.0716,0.0300327049361712
lrsw_sclora_r32_lr5e5_s42,lrsw,Llama-CS (lrsw),Llama-2-7B,cs,sweep,sclora,SC-LoRA,5e-05,42.0,lrsw_sclora_r32_lr5e5,False,False,True,22.47,32.46,80.14,31.99,12.95,41.87,39.59,35.9,0.559,-0.2525881921135766
lrsw_sclora_r32_lr5e5_s43,lrsw,Llama-CS (lrsw),Llama-2-7B,cs,sweep,sclora,SC-LoRA,5e-05,43.0,lrsw_sclora_r32_lr5e5,False,False,True,25.56,34.5,80.84,33.6,17.51,44.4,41.3,35.71,0.286,-0.543633966870957
lrsw_sclora_r32_lr5e5_s44,lrsw,Llama-CS (lrsw),Llama-2-7B,cs,sweep,sclora,SC-LoRA,5e-05,44.0,lrsw_sclora_r32_lr5e5,False,False,True,25.77,33.94,80.86,33.96,17.58,43.53,39.85,34.79,0.2836,-0.547293773488971
lrswm_clora_k1024_lr1e3_s42,lrswm,Llama-Math (lrswm),Llama-2-7B,math,sweep,clora,CLoRA,0.001,42.0,lrswm_clora_k1024_lr1e3,False,False,True,19.13,27.17,42.46,28.14,10.12,23.86,31.06,42.68,0.8462,-0.0725269790047241
lrswm_clora_k1024_lr1e3_s43,lrswm,Llama-Math (lrswm),Llama-2-7B,math,sweep,clora,CLoRA,0.001,43.0,lrswm_clora_k1024_lr1e3,False,False,True,19.49,27.46,43.21,27.74,11.25,24.07,31.14,43.12,0.8612,-0.0648959788485504
lrswm_clora_k1024_lr1e3_s44,lrswm,Llama-Math (lrswm),Llama-2-7B,math,sweep,clora,CLoRA,0.001,44.0,lrswm_clora_k1024_lr1e3,False,False,True,19.27,28.38,43.97,28.34,10.21,25.59,32.25,45.52,0.8518,-0.0696623642622699
lrswm_clora_k1024_lr1e4_s42,lrswm,Llama-Math (lrswm),Llama-2-7B,math,sweep,clora,CLoRA,0.0001,42.0,lrswm_clora_k1024_lr1e4,False,False,True,26.1,34.07,43.75,34.5,17.69,28.98,45.65,43.51,0.202,-0.6946486305533762
lrswm_clora_k1024_lr1e4_s43,lrswm,Llama-Math (lrswm),Llama-2-7B,math,sweep,clora,CLoRA,0.0001,43.0,lrswm_clora_k1024_lr1e4,False,False,True,25.19,33.45,43.9,32.78,17.6,29.26,43.6,43.99,0.2029,-0.6927179529666541
lrswm_clora_k1024_lr1e4_s44,lrswm,Llama-Math (lrswm),Llama-2-7B,math,sweep,clora,CLoRA,0.0001,44.0,lrswm_clora_k1024_lr1e4,False,False,True,25.54,33.03,44.12,33.5,17.59,27.7,44.11,42.27,0.2032,-0.6920762963881184
lrswm_clora_k1024_lr2e4_s42,lrswm,Llama-Math (lrswm),Llama-2-7B,math,sweep,clora,CLoRA,0.0002,42.0,lrswm_clora_k1024_lr2e4,False,False,True,24.27,33.95,47.61,31.84,16.7,33.22,43.52,44.49,0.2506,-0.6010189333418688
lrswm_clora_k1024_lr2e4_s43,lrswm,Llama-Math (lrswm),Llama-2-7B,math,sweep,clora,CLoRA,0.0002,43.0,lrswm_clora_k1024_lr2e4,False,False,True,24.02,32.24,46.93,31.39,16.64,27.33,41.72,44.12,0.2504,-0.6013656754616079
lrswm_clora_k1024_lr2e4_s44,lrswm,Llama-Math (lrswm),Llama-2-7B,math,sweep,clora,CLoRA,0.0002,44.0,lrswm_clora_k1024_lr2e4,False,False,True,24.44,32.33,45.56,31.85,17.02,27.18,42.83,42.75,0.2513,-0.5998075114074239
lrswm_clora_k1024_lr2e5_s42,lrswm,Llama-Math (lrswm),Llama-2-7B,math,sweep,clora,CLoRA,2e-05,42.0,lrswm_clora_k1024_lr2e5,False,False,True,26.15,33.85,34.87,34.74,17.55,30.5,46.25,40.2,0.1947,-0.7106340484799682
lrswm_clora_k1024_lr2e5_s43,lrswm,Llama-Math (lrswm),Llama-2-7B,math,sweep,clora,CLoRA,2e-05,43.0,lrswm_clora_k1024_lr2e5,False,False,True,25.64,33.46,35.71,33.85,17.42,28.99,46.08,40.94,0.1922,-0.7162466166674735
lrswm_clora_k1024_lr2e5_s44,lrswm,Llama-Math (lrswm),Llama-2-7B,math,sweep,clora,CLoRA,2e-05,44.0,lrswm_clora_k1024_lr2e5,False,False,True,25.45,32.61,33.89,33.47,17.43,25.95,46.76,39.42,0.1946,-0.7108571640676669
lrswm_clora_k1024_lr3e4_s42,lrswm,Llama-Math (lrswm),Llama-2-7B,math,sweep,clora,CLoRA,0.0003,42.0,lrswm_clora_k1024_lr3e4,False,False,True,24.02,32.49,49.43,32.5,15.54,29.46,40.96,43.98,0.3282,-0.4838614232829256
lrswm_clora_k1024_lr3e4_s43,lrswm,Llama-Math (lrswm),Llama-2-7B,math,sweep,clora,CLoRA,0.0003,43.0,lrswm_clora_k1024_lr3e4,False,False,True,22.8,31.43,49.05,29.98,15.62,29.27,42.15,40.11,0.3191,-0.4960731958064895
lrswm_clora_k1024_lr3e4_s44,lrswm,Llama-Math (lrswm),Llama-2-7B,math,sweep,clora,CLoRA,0.0003,44.0,lrswm_clora_k1024_lr3e4,False,False,True,23.76,31.0,47.38,31.98,15.54,25.29,42.24,39.97,0.318,-0.4975728800155673
lrswm_clora_k1024_lr5e4_s42,lrswm,Llama-Math (lrswm),Llama-2-7B,math,sweep,clora,CLoRA,0.0005,42.0,lrswm_clora_k1024_lr5e4,False,False,True,22.77,30.25,47.23,30.53,15.01,25.8,36.86,43.07,0.4801,-0.3186682940308342
lrswm_clora_k1024_lr5e4_s43,lrswm,Llama-Math (lrswm),Llama-2-7B,math,sweep,clora,CLoRA,0.0005,43.0,lrswm_clora_k1024_lr5e4,False,False,True,21.85,30.52,45.49,29.9,13.8,27.7,38.91,42.28,0.5001,-0.3009431454523322
lrswm_clora_k1024_lr5e4_s44,lrswm,Llama-Math (lrswm),Llama-2-7B,math,sweep,clora,CLoRA,0.0005,44.0,lrswm_clora_k1024_lr5e4,False,False,True,22.34,30.87,46.25,30.18,14.5,28.96,37.71,42.98,0.4962,-0.3043432400638097
lrswm_clora_k1024_lr5e5_s42,lrswm,Llama-Math (lrswm),Llama-2-7B,math,sweep,clora,CLoRA,5e-05,42.0,lrswm_clora_k1024_lr5e5,False,False,True,25.56,33.9,40.64,33.33,17.78,30.22,45.48,42.68,0.2113,-0.6751005029476866
lrswm_clora_k1024_lr5e5_s43,lrswm,Llama-Math (lrswm),Llama-2-7B,math,sweep,clora,CLoRA,5e-05,43.0,lrswm_clora_k1024_lr5e5,False,False,True,25.7,33.31,40.79,33.56,17.83,28.27,44.45,42.46,0.2101,-0.6775739475940474
lrswm_clora_k1024_lr5e5_s44,lrswm,Llama-Math (lrswm),Llama-2-7B,math,sweep,clora,CLoRA,5e-05,44.0,lrswm_clora_k1024_lr5e5,False,False,True,25.31,32.89,38.97,33.01,17.61,26.06,45.65,42.14,0.2147,-0.6681679555637513
lrswm_dora_r16_lr1e3_s42,lrswm,Llama-Math (lrswm),Llama-2-7B,math,sweep,dora,DoRA,0.001,42.0,lrswm_dora_r16_lr1e3,False,False,True,17.89,26.59,31.92,27.45,8.33,24.9,26.96,45.31,2.1922,0.3408801734136458
lrswm_dora_r16_lr1e3_s43,lrswm,Llama-Math (lrswm),Llama-2-7B,math,sweep,dora,DoRA,0.001,43.0,lrswm_dora_r16_lr1e3,False,False,True,19.28,26.68,33.51,29.38,9.19,22.99,26.88,44.98,2.2162,0.345608950540594
lrswm_dora_r16_lr1e3_s44,lrswm,Llama-Math (lrswm),Llama-2-7B,math,sweep,dora,DoRA,0.001,44.0,lrswm_dora_r16_lr1e3,False,False,True,18.51,26.62,31.54,27.12,9.9,25.75,28.33,42.02,2.3127,0.3641193003907618
lrswm_dora_r16_lr1e4_s42,lrswm,Llama-Math (lrswm),Llama-2-7B,math,sweep,dora,DoRA,0.0001,42.0,lrswm_dora_r16_lr1e4,False,False,True,25.08,33.14,41.93,33.56,16.59,26.53,44.88,44.16,0.3191,-0.4960731958064895
lrswm_dora_r16_lr1e4_s43,lrswm,Llama-Math (lrswm),Llama-2-7B,math,sweep,dora,DoRA,0.0001,43.0,lrswm_dora_r16_lr1e4,False,False,True,24.46,33.1,43.75,32.04,16.89,29.58,45.14,41.85,0.3207,-0.4939010400715595
lrswm_dora_r16_lr1e4_s44,lrswm,Llama-Math (lrswm),Llama-2-7B,math,sweep,dora,DoRA,0.0001,44.0,lrswm_dora_r16_lr1e4,False,False,True,24.98,33.67,42.08,33.21,16.75,31.0,44.54,42.83,0.32,-0.494850021680094
lrswm_dora_r16_lr2e4_s42,lrswm,Llama-Math (lrswm),Llama-2-7B,math,sweep,dora,DoRA,0.0002,42.0,lrswm_dora_r16_lr2e4,False,False,True,24.34,32.13,45.56,31.96,16.72,28.54,41.04,42.38,0.3777,-0.422853015172475
lrswm_dora_r16_lr2e4_s43,lrswm,Llama-Math (lrswm),Llama-2-7B,math,sweep,dora,DoRA,0.0002,43.0,lrswm_dora_r16_lr2e4,False,False,True,23.99,31.7,46.17,31.96,16.02,27.45,42.83,40.26,0.39,-0.4089353929735008
lrswm_dora_r16_lr2e4_s44,lrswm,Llama-Math (lrswm),Llama-2-7B,math,sweep,dora,DoRA,0.0002,44.0,lrswm_dora_r16_lr2e4,False,False,True,24.24,32.31,45.34,31.65,16.82,28.61,42.92,41.54,0.3777,-0.422853015172475
lrswm_dora_r16_lr2e5_s42,lrswm,Llama-Math (lrswm),Llama-2-7B,math,sweep,dora,DoRA,2e-05,42.0,lrswm_dora_r16_lr2e5,False,False,True,25.18,33.8,33.28,33.96,16.41,30.55,46.67,41.43,0.3267,-0.4858508655245626
lrswm_dora_r16_lr2e5_s43,lrswm,Llama-Math (lrswm),Llama-2-7B,math,sweep,dora,DoRA,2e-05,43.0,lrswm_dora_r16_lr2e5,False,False,True,25.36,33.68,34.5,33.27,17.45,30.62,45.99,41.06,0.3295,-0.4821445810699713
lrswm_dora_r16_lr2e5_s44,lrswm,Llama-Math (lrswm),Llama-2-7B,math,sweep,dora,DoRA,2e-05,44.0,lrswm_dora_r16_lr2e5,False,False,True,25.42,33.55,32.68,33.73,17.12,29.53,46.59,40.79,0.336,-0.4736607226101559
lrswm_dora_r16_lr3e4_s42,lrswm,Llama-Math (lrswm),Llama-2-7B,math,sweep,dora,DoRA,0.0003,42.0,lrswm_dora_r16_lr3e4,False,False,True,23.3,30.83,46.93,31.35,15.26,27.38,38.57,41.57,0.4904,-0.3094495384896413
lrswm_dora_r16_lr3e4_s43,lrswm,Llama-Math (lrswm),Llama-2-7B,math,sweep,dora,DoRA,0.0003,43.0,lrswm_dora_r16_lr3e4,False,False,True,23.22,30.86,47.16,31.27,15.18,28.74,40.02,39.11,0.5251,-0.279757981712943
lrswm_dora_r16_lr3e4_s44,lrswm,Llama-Math (lrswm),Llama-2-7B,math,sweep,dora,DoRA,0.0003,44.0,lrswm_dora_r16_lr3e4,False,False,True,23.09,31.07,45.26,31.67,14.51,28.93,39.51,40.73,0.5237,-0.280917426098514
lrswm_dora_r16_lr5e4_s42,lrswm,Llama-Math (lrswm),Llama-2-7B,math,sweep,dora,DoRA,0.0005,42.0,lrswm_dora_r16_lr5e4,False,False,True,21.66,29.77,45.26,31.27,12.05,28.06,35.15,42.31,0.9321,-0.030537492025363
lrswm_dora_r16_lr5e4_s43,lrswm,Llama-Math (lrswm),Llama-2-7B,math,sweep,dora,DoRA,0.0005,43.0,lrswm_dora_r16_lr5e4,False,False,True,21.03,28.96,44.2,29.52,12.54,24.13,35.67,42.93,0.8492,-0.0709900145060388
lrswm_dora_r16_lr5e4_s44,lrswm,Llama-Math (lrswm),Llama-2-7B,math,sweep,dora,DoRA,0.0005,44.0,lrswm_dora_r16_lr5e4,False,False,True,21.36,30.12,44.28,30.16,12.57,27.8,37.2,42.88,0.8888,-0.0511959540671887
lrswm_dora_r16_lr5e5_s42,lrswm,Llama-Math (lrswm),Llama-2-7B,math,sweep,dora,DoRA,5e-05,42.0,lrswm_dora_r16_lr5e5,False,False,True,25.92,33.58,38.36,34.71,17.14,28.79,44.8,42.46,0.3361,-0.4735314875305225
lrswm_dora_r16_lr5e5_s43,lrswm,Llama-Math (lrswm),Llama-2-7B,math,sweep,dora,DoRA,5e-05,43.0,lrswm_dora_r16_lr5e5,False,False,True,25.58,32.6,39.2,34.31,16.86,25.66,44.71,41.46,0.3357,-0.4740486587519875
lrswm_dora_r16_lr5e5_s44,lrswm,Llama-Math (lrswm),Llama-2-7B,math,sweep,dora,DoRA,5e-05,44.0,lrswm_dora_r16_lr5e5,False,False,True,25.84,33.24,41.7,34.3,17.39,28.44,44.8,41.28,0.3394,-0.469288162018343
lrswm_lora_r16_lr1e3_s42,lrswm,Llama-Math (lrswm),Llama-2-7B,math,sweep,lora,LoRA,0.001,42.0,lrswm_lora_r16_lr1e3,False,False,True,19.48,27.3,41.77,29.17,9.8,25.34,31.14,41.03,1.2748,0.105442054801695
lrswm_lora_r16_lr1e3_s43,lrswm,Llama-Math (lrswm),Llama-2-7B,math,sweep,lora,LoRA,0.001,43.0,lrswm_lora_r16_lr1e3,False,False,True,19.72,27.01,42.23,28.87,10.57,25.1,29.44,41.05,1.2432,0.094541001456839
lrswm_lora_r16_lr1e3_s44,lrswm,Llama-Math (lrswm),Llama-2-7B,math,sweep,lora,LoRA,0.001,44.0,lrswm_lora_r16_lr1e3,False,False,True,19.08,27.23,41.85,27.28,10.87,25.2,29.95,42.85,1.2915,0.111094410509336
lrswm_lora_r16_lr1e4_s42,lrswm,Llama-Math (lrswm),Llama-2-7B,math,sweep,lora,LoRA,0.0001,42.0,lrswm_lora_r16_lr1e4,False,False,True,25.32,33.77,41.32,32.47,18.16,32.22,44.2,41.81,0.3269,-0.4855850794196309
lrswm_lora_r16_lr1e4_s43,lrswm,Llama-Math (lrswm),Llama-2-7B,math,sweep,lora,LoRA,0.0001,43.0,lrswm_lora_r16_lr1e4,False,False,True,25.14,32.81,43.97,33.13,17.15,26.17,44.37,43.22,0.3173,-0.4985299278995877
lrswm_lora_r16_lr1e4_s44,lrswm,Llama-Math (lrswm),Llama-2-7B,math,sweep,lora,LoRA,0.0001,44.0,lrswm_lora_r16_lr1e4,False,False,True,25.06,33.14,42.53,33.11,17.0,29.13,43.43,43.02,0.3184,-0.4970269409343685
lrswm_lora_r16_lr2e4_s42,lrswm,Llama-Math (lrswm),Llama-2-7B,math,sweep,lora,LoRA,0.0002,42.0,lrswm_lora_r16_lr2e4,False,False,True,23.57,31.39,46.25,31.75,15.39,26.9,40.96,41.93,0.3819,-0.4180503416266821
lrswm_lora_r16_lr2e4_s43,lrswm,Llama-Math (lrswm),Llama-2-7B,math,sweep,lora,LoRA,0.0002,43.0,lrswm_lora_r16_lr2e4,False,False,True,24.64,31.71,46.02,33.01,16.28,29.33,40.53,39.41,0.3961,-0.402195157595707
lrswm_lora_r16_lr2e4_s44,lrswm,Llama-Math (lrswm),Llama-2-7B,math,sweep,lora,LoRA,0.0002,44.0,lrswm_lora_r16_lr2e4,False,False,True,24.3,33.26,46.32,31.85,16.76,31.15,43.0,43.52,0.3765,-0.4242350194632806
lrswm_lora_r16_lr2e5_s42,lrswm,Llama-Math (lrswm),Llama-2-7B,math,sweep,lora,LoRA,2e-05,42.0,lrswm_lora_r16_lr2e5,False,False,True,26.07,33.91,33.89,34.94,17.2,30.4,46.08,40.95,0.3309,-0.4803032328401469
lrswm_lora_r16_lr2e5_s43,lrswm,Llama-Math (lrswm),Llama-2-7B,math,sweep,lora,LoRA,2e-05,43.0,lrswm_lora_r16_lr2e5,False,False,True,26.02,34.41,34.57,34.43,17.6,31.93,46.67,41.41,0.332,-0.4788619162959637
lrswm_lora_r16_lr2e5_s44,lrswm,Llama-Math (lrswm),Llama-2-7B,math,sweep,lora,LoRA,2e-05,44.0,lrswm_lora_r16_lr2e5,False,False,True,26.06,33.78,34.72,34.66,17.45,29.87,46.33,40.59,0.3337,-0.4766437933452072
lrswm_lora_r16_lr3e4_s42,lrswm,Llama-Math (lrswm),Llama-2-7B,math,sweep,lora,LoRA,0.0003,42.0,lrswm_lora_r16_lr3e4,False,False,True,22.86,31.52,46.55,30.82,14.89,29.62,39.33,42.93,0.5196,-0.2843308575990098
lrswm_lora_r16_lr3e4_s43,lrswm,Llama-Math (lrswm),Llama-2-7B,math,sweep,lora,LoRA,0.0003,43.0,lrswm_lora_r16_lr3e4,False,False,True,23.71,32.33,48.98,31.61,15.81,30.33,40.19,43.69,0.4993,-0.3016384339448902
lrswm_lora_r16_lr3e4_s44,lrswm,Llama-Math (lrswm),Llama-2-7B,math,sweep,lora,LoRA,0.0003,44.0,lrswm_lora_r16_lr3e4,False,False,True,23.88,32.02,47.92,31.1,16.65,32.28,39.33,40.74,0.4912,-0.3087416418668887
lrswm_lora_r16_lr5e4_s42,lrswm,Llama-Math (lrswm),Llama-2-7B,math,sweep,lora,LoRA,0.0005,42.0,lrswm_lora_r16_lr5e4,False,False,True,20.98,28.5,43.59,29.69,12.28,23.52,35.75,41.24,0.7726,-0.1120452961911984
lrswm_lora_r16_lr5e4_s43,lrswm,Llama-Math (lrswm),Llama-2-7B,math,sweep,lora,LoRA,0.0005,43.0,lrswm_lora_r16_lr5e4,False,False,True,20.98,29.23,46.55,29.14,12.82,27.28,34.9,42.01,0.7682,-0.1145256971708426
lrswm_lora_r16_lr5e4_s44,lrswm,Llama-Math (lrswm),Llama-2-7B,math,sweep,lora,LoRA,0.0005,44.0,lrswm_lora_r16_lr5e4,False,False,True,21.3,29.99,45.34,30.07,12.52,26.29,36.43,44.64,0.7694,-0.1138478180292033
lrswm_lora_r16_lr5e5_s42,lrswm,Llama-Math (lrswm),Llama-2-7B,math,sweep,lora,LoRA,5e-05,42.0,lrswm_lora_r16_lr5e5,False,False,True,24.89,32.93,39.5,32.3,17.48,29.11,44.8,40.94,0.355,-0.4497716469449059
lrswm_lora_r16_lr5e5_s43,lrswm,Llama-Math (lrswm),Llama-2-7B,math,sweep,lora,LoRA,5e-05,43.0,lrswm_lora_r16_lr5e5,False,False,True,25.82,34.05,40.94,34.28,17.35,30.96,45.73,41.92,0.3592,-0.4446636720047332
lrswm_lora_r16_lr5e5_s44,lrswm,Llama-Math (lrswm),Llama-2-7B,math,sweep,lora,LoRA,5e-05,44.0,lrswm_lora_r16_lr5e5,False,False,True,25.51,33.35,40.33,33.56,17.45,29.35,45.56,40.81,0.3589,-0.4450265416667601
lrswm_lorawd_wd0p3_lr1e3_s42,lrswm,Llama-Math (lrswm),Llama-2-7B,math,sweep,lorawd,LoRA+wd,0.001,42.0,lrswm_lorawd_wd0p3_lr1e3,False,False,True,22.32,31.34,48.98,30.82,13.83,30.07,37.8,44.17,0.5181,-0.2855864077128788
lrswm_lorawd_wd0p3_lr1e3_s43,lrswm,Llama-Math (lrswm),Llama-2-7B,math,sweep,lorawd,LoRA+wd,0.001,43.0,lrswm_lorawd_wd0p3_lr1e3,False,False,True,22.59,31.62,48.98,31.06,14.12,32.69,36.77,43.48,0.5605,-0.251424383069008
lrswm_lorawd_wd0p3_lr1e3_s44,lrswm,Llama-Math (lrswm),Llama-2-7B,math,sweep,lorawd,LoRA+wd,0.001,44.0,lrswm_lorawd_wd0p3_lr1e3,False,False,True,22.48,29.91,48.29,31.44,13.51,26.04,36.52,42.02,0.5492,-0.2602694714352825
lrswm_lorawd_wd0p3_lr1e4_s42,lrswm,Llama-Math (lrswm),Llama-2-7B,math,sweep,lorawd,LoRA+wd,0.0001,42.0,lrswm_lorawd_wd0p3_lr1e4,False,False,True,25.72,33.82,46.02,34.14,17.3,30.86,43.69,43.12,0.2576,-0.5890541413122256
lrswm_lorawd_wd0p3_lr1e4_s43,lrswm,Llama-Math (lrswm),Llama-2-7B,math,sweep,lorawd,LoRA+wd,0.0001,43.0,lrswm_lorawd_wd0p3_lr1e4,False,False,True,25.78,34.31,44.81,32.71,18.85,32.29,43.94,43.78,0.2539,-0.5953372991262778
lrswm_lorawd_wd0p3_lr1e4_s44,lrswm,Llama-Math (lrswm),Llama-2-7B,math,sweep,lorawd,LoRA+wd,0.0001,44.0,lrswm_lorawd_wd0p3_lr1e4,False,False,True,25.8,34.15,46.32,33.34,18.26,31.01,44.8,43.35,0.2521,-0.5984271543235541
lrswm_lorawd_wd0p3_lr2e4_s42,lrswm,Llama-Math (lrswm),Llama-2-7B,math,sweep,lorawd,LoRA+wd,0.0002,42.0,lrswm_lorawd_wd0p3_lr2e4,False,False,True,25.53,33.21,48.98,33.37,17.7,28.6,42.83,43.53,0.2882,-0.5403060235220295
lrswm_lorawd_wd0p3_lr2e4_s43,lrswm,Llama-Math (lrswm),Llama-2-7B,math,sweep,lorawd,LoRA+wd,0.0002,43.0,lrswm_lorawd_wd0p3_lr2e4,False,False,True,25.38,33.67,50.57,33.42,17.34,33.52,42.41,41.68,0.2899,-0.5377517846450026
lrswm_lorawd_wd0p3_lr2e4_s44,lrswm,Llama-Math (lrswm),Llama-2-7B,math,sweep,lorawd,LoRA+wd,0.0002,44.0,lrswm_lorawd_wd0p3_lr2e4,False,False,True,25.58,33.17,49.2,33.25,17.91,31.44,42.24,41.03,0.2839,-0.5468346074741428
lrswm_lorawd_wd0p3_lr2e5_s42,lrswm,Llama-Math (lrswm),Llama-2-7B,math,sweep,lorawd,LoRA+wd,2e-05,42.0,lrswm_lorawd_wd0p3_lr2e5,False,False,True,26.2,34.03,35.1,35.0,17.4,29.59,46.42,41.72,0.3199,-0.4949857599158929
lrswm_lorawd_wd0p3_lr2e5_s43,lrswm,Llama-Math (lrswm),Llama-2-7B,math,sweep,lorawd,LoRA+wd,2e-05,43.0,lrswm_lorawd_wd0p3_lr2e5,False,False,True,26.4,33.94,36.69,35.29,17.51,30.33,46.08,40.48,0.3275,-0.4847886956721981
lrswm_lorawd_wd0p3_lr2e5_s44,lrswm,Llama-Math (lrswm),Llama-2-7B,math,sweep,lorawd,LoRA+wd,2e-05,44.0,lrswm_lorawd_wd0p3_lr2e5,False,False,True,25.98,33.64,36.77,34.7,17.27,29.13,45.9,41.2,0.3361,-0.4735314875305225
lrswm_lorawd_wd0p3_lr3e4_s42,lrswm,Llama-Math (lrswm),Llama-2-7B,math,sweep,lorawd,LoRA+wd,0.0003,42.0,lrswm_lorawd_wd0p3_lr3e4,False,False,True,24.43,33.53,49.13,31.56,17.3,36.08,40.44,42.27,0.3592,-0.4446636720047332
lrswm_lorawd_wd0p3_lr3e4_s43,lrswm,Llama-Math (lrswm),Llama-2-7B,math,sweep,lorawd,LoRA+wd,0.0003,43.0,lrswm_lorawd_wd0p3_lr3e4,False,False,True,25.28,33.73,51.02,32.07,18.48,35.56,42.32,40.23,0.3462,-0.4606729364606249
lrswm_lorawd_wd0p3_lr3e4_s44,lrswm,Llama-Math (lrswm),Llama-2-7B,math,sweep,lorawd,LoRA+wd,0.0003,44.0,lrswm_lorawd_wd0p3_lr3e4,False,False,True,24.92,34.12,49.2,32.38,17.46,37.37,41.47,41.94,0.3515,-0.4540746706441572
lrswm_lorawd_wd0p3_lr5e4_s42,lrswm,Llama-Math (lrswm),Llama-2-7B,math,sweep,lorawd,LoRA+wd,0.0005,42.0,lrswm_lorawd_wd0p3_lr5e4,False,False,True,24.57,33.57,50.64,32.28,16.86,33.31,43.0,42.38,0.3991,-0.3989182722159767
lrswm_lorawd_wd0p3_lr5e4_s43,lrswm,Llama-Math (lrswm),Llama-2-7B,math,sweep,lorawd,LoRA+wd,0.0005,43.0,lrswm_lorawd_wd0p3_lr5e4,False,False,True,24.12,33.45,52.01,31.82,16.41,37.44,40.02,41.55,0.4031,-0.3945872018469488
lrswm_lorawd_wd0p3_lr5e4_s44,lrswm,Llama-Math (lrswm),Llama-2-7B,math,sweep,lorawd,LoRA+wd,0.0005,44.0,lrswm_lorawd_wd0p3_lr5e4,False,False,True,23.94,33.07,49.36,31.01,16.86,36.85,39.42,41.22,0.421,-0.3757179041643317
lrswm_lorawd_wd0p3_lr5e5_s42,lrswm,Llama-Math (lrswm),Llama-2-7B,math,sweep,lorawd,LoRA+wd,5e-05,42.0,lrswm_lorawd_wd0p3_lr5e5,False,False,True,25.42,34.35,41.09,33.33,17.5,31.95,46.5,42.47,0.2963,-0.5282683485199489
lrswm_lorawd_wd0p3_lr5e5_s43,lrswm,Llama-Math (lrswm),Llama-2-7B,math,sweep,lorawd,LoRA+wd,5e-05,43.0,lrswm_lorawd_wd0p3_lr5e5,False,False,True,25.5,33.7,43.59,33.36,17.65,30.54,45.56,41.38,0.2972,-0.5269511949114623
lrswm_lorawd_wd0p3_lr5e5_s44,lrswm,Llama-Math (lrswm),Llama-2-7B,math,sweep,lorawd,LoRA+wd,5e-05,44.0,lrswm_lorawd_wd0p3_lr5e5,False,False,True,25.81,34.18,41.62,33.37,18.25,31.75,46.16,41.37,0.2923,-0.5341711846425635
lrswm_milora_r32_lr1e3_s42,lrswm,Llama-Math (lrswm),Llama-2-7B,math,sweep,milora,MiLoRA,0.001,42.0,lrswm_milora_r32_lr1e3,False,False,True,18.95,26.83,40.79,27.88,10.03,22.94,28.58,44.7,1.2944,0.112068504268197
lrswm_milora_r32_lr1e3_s43,lrswm,Llama-Math (lrswm),Llama-2-7B,math,sweep,milora,MiLoRA,0.001,43.0,lrswm_milora_r32_lr1e3,False,False,True,17.94,26.83,39.65,27.43,8.46,23.39,29.69,45.19,1.2863,0.1093422696379732
lrswm_milora_r32_lr1e3_s44,lrswm,Llama-Math (lrswm),Llama-2-7B,math,sweep,milora,MiLoRA,0.001,44.0,lrswm_milora_r32_lr1e3,False,False,True,18.26,27.04,32.45,27.97,8.54,23.44,29.27,45.96,1.3403,0.1272020175903533
lrswm_milora_r32_lr1e4_s42,lrswm,Llama-Math (lrswm),Llama-2-7B,math,sweep,milora,MiLoRA,0.0001,42.0,lrswm_milora_r32_lr1e4,False,False,True,25.66,33.48,42.08,33.25,18.06,27.58,44.8,43.73,0.2644,-0.5777385491863973
lrswm_milora_r32_lr1e4_s43,lrswm,Llama-Math (lrswm),Llama-2-7B,math,sweep,milora,MiLoRA,0.0001,43.0,lrswm_milora_r32_lr1e4,False,False,True,25.84,33.51,42.08,33.36,18.31,27.85,45.65,42.38,0.2578,-0.5887170869826158
lrswm_milora_r32_lr1e4_s44,lrswm,Llama-Math (lrswm),Llama-2-7B,math,sweep,milora,MiLoRA,0.0001,44.0,lrswm_milora_r32_lr1e4,False,False,True,25.72,34.16,40.94,33.24,18.2,31.93,44.45,42.98,0.2587,-0.5872035712834566
lrswm_milora_r32_lr2e4_s42,lrswm,Llama-Math (lrswm),Llama-2-7B,math,sweep,milora,MiLoRA,0.0002,42.0,lrswm_milora_r32_lr2e4,False,False,True,24.6,32.47,44.28,31.32,17.88,29.35,41.55,42.24,0.3422,-0.4657199947949185
lrswm_milora_r32_lr2e4_s43,lrswm,Llama-Math (lrswm),Llama-2-7B,math,sweep,milora,MiLoRA,0.0002,43.0,lrswm_milora_r32_lr2e4,False,False,True,24.84,32.42,45.41,32.08,17.61,27.66,43.34,41.43,0.3217,-0.4925489390980302
lrswm_milora_r32_lr2e4_s44,lrswm,Llama-Math (lrswm),Llama-2-7B,math,sweep,milora,MiLoRA,0.0002,44.0,lrswm_milora_r32_lr2e4,False,False,True,24.92,33.37,45.11,32.25,17.58,30.2,43.69,43.15,0.331,-0.4801720062242812
lrswm_milora_r32_lr2e5_s42,lrswm,Llama-Math (lrswm),Llama-2-7B,math,sweep,milora,MiLoRA,2e-05,42.0,lrswm_milora_r32_lr2e5,False,False,True,25.35,33.64,33.06,33.5,17.2,29.69,46.42,41.39,0.2714,-0.5663901566762818
lrswm_milora_r32_lr2e5_s43,lrswm,Llama-Math (lrswm),Llama-2-7B,math,sweep,milora,MiLoRA,2e-05,43.0,lrswm_milora_r32_lr2e5,False,False,True,25.3,34.0,33.89,33.31,17.3,31.3,47.18,40.91,0.27,-0.5686362358410126
lrswm_milora_r32_lr2e5_s44,lrswm,Llama-Math (lrswm),Llama-2-7B,math,sweep,milora,MiLoRA,2e-05,44.0,lrswm_milora_r32_lr2e5,False,False,True,25.68,34.04,34.8,33.91,17.46,30.91,47.35,40.57,0.2727,-0.5643148620583701
lrswm_milora_r32_lr3e4_s42,lrswm,Llama-Math (lrswm),Llama-2-7B,math,sweep,milora,MiLoRA,0.0003,42.0,lrswm_milora_r32_lr3e4,False,False,True,24.16,32.21,47.54,32.11,16.22,32.54,39.59,40.61,0.4679,-0.3298469548078198
lrswm_milora_r32_lr3e4_s43,lrswm,Llama-Math (lrswm),Llama-2-7B,math,sweep,milora,MiLoRA,0.0003,43.0,lrswm_milora_r32_lr3e4,False,False,True,23.04,32.29,46.93,29.93,16.15,33.38,40.7,41.31,0.4604,-0.3368646850422458
lrswm_milora_r32_lr3e4_s44,lrswm,Llama-Math (lrswm),Llama-2-7B,math,sweep,milora,MiLoRA,0.0003,44.0,lrswm_milora_r32_lr3e4,False,False,True,23.96,32.54,48.37,31.96,15.97,30.62,40.36,43.79,0.4425,-0.3540867249661558
lrswm_milora_r32_lr5e4_s42,lrswm,Llama-Math (lrswm),Llama-2-7B,math,sweep,milora,MiLoRA,0.0005,42.0,lrswm_milora_r32_lr5e4,False,False,True,22.42,30.24,47.54,31.27,13.56,29.14,34.98,42.25,0.6523,-0.1855526214775123
lrswm_milora_r32_lr5e4_s43,lrswm,Llama-Math (lrswm),Llama-2-7B,math,sweep,milora,MiLoRA,0.0005,43.0,lrswm_milora_r32_lr5e4,False,False,True,21.45,29.7,46.02,28.83,14.07,31.22,35.41,38.97,0.6858,-0.1638025192210746
lrswm_milora_r32_lr5e4_s44,lrswm,Llama-Math (lrswm),Llama-2-7B,math,sweep,milora,MiLoRA,0.0005,44.0,lrswm_milora_r32_lr5e4,False,False,True,21.71,30.09,47.54,29.37,14.05,30.69,35.75,40.58,0.6963,-0.1572036048244198
lrswm_milora_r32_lr5e5_s42,lrswm,Llama-Math (lrswm),Llama-2-7B,math,sweep,milora,MiLoRA,5e-05,42.0,lrswm_milora_r32_lr5e5,False,False,True,25.24,33.2,36.24,33.11,17.37,27.55,45.48,42.51,0.2852,-0.544850478820172
lrswm_milora_r32_lr5e5_s43,lrswm,Llama-Math (lrswm),Llama-2-7B,math,sweep,milora,MiLoRA,5e-05,43.0,lrswm_milora_r32_lr5e5,False,False,True,25.94,34.09,38.06,33.77,18.1,30.27,46.42,41.9,0.2833,-0.5477534254795628
lrswm_milora_r32_lr5e5_s44,lrswm,Llama-Math (lrswm),Llama-2-7B,math,sweep,milora,MiLoRA,5e-05,44.0,lrswm_milora_r32_lr5e5,False,False,True,25.4,33.73,37.3,33.05,17.75,30.74,45.73,41.4,0.2829,-0.5483670525430092
lrswm_sclora_r32_lr1e3_s43,lrswm,Llama-Math (lrswm),Llama-2-7B,math,sweep,sclora,SC-LoRA,0.001,43.0,lrswm_sclora_r32_lr1e3,False,False,True,12.5,24.69,46.85,22.68,2.32,23.57,27.13,47.75,1.641,0.2151085810530932
lrswm_sclora_r32_lr1e3_s44,lrswm,Llama-Math (lrswm),Llama-2-7B,math,sweep,sclora,SC-LoRA,0.001,44.0,lrswm_sclora_r32_lr1e3,False,False,True,6.76,21.77,45.56,12.0,1.51,23.63,27.22,44.49,1.6668,0.2218834917852404
lrswm_sclora_r32_lr1e4_s43,lrswm,Llama-Math (lrswm),Llama-2-7B,math,sweep,sclora,SC-LoRA,0.0001,43.0,lrswm_sclora_r32_lr1e4,False,False,True,22.53,32.24,59.36,30.32,14.74,29.14,41.72,45.28,0.3906,-0.4082677610481644
lrswm_sclora_r32_lr1e4_s44,lrswm,Llama-Math (lrswm),Llama-2-7B,math,sweep,sclora,SC-LoRA,0.0001,44.0,lrswm_sclora_r32_lr1e4,False,False,True,22.81,32.13,58.83,31.85,13.77,27.9,41.64,45.49,0.3907,-0.4081565887752155
lrswm_sclora_r32_lr2e4_s43,lrswm,Llama-Math (lrswm),Llama-2-7B,math,sweep,sclora,SC-LoRA,0.0002,43.0,lrswm_sclora_r32_lr2e4,False,False,True,19.87,29.67,58.0,29.6,10.14,26.76,37.2,44.66,0.5543,-0.2562551214075387
lrswm_sclora_r32_lr2e4_s44,lrswm,Llama-Math (lrswm),Llama-2-7B,math,sweep,sclora,SC-LoRA,0.0002,44.0,lrswm_sclora_r32_lr2e4,False,False,True,20.74,29.91,57.92,30.38,11.1,23.54,39.33,45.18,0.5446,-0.2639223629960542
lrswm_sclora_r32_lr2e5_s42,lrswm,Llama-Math (lrswm),Llama-2-7B,math,sweep,sclora,SC-LoRA,2e-05,42.0,lrswm_sclora_r32_lr2e5,False,False,True,23.94,33.22,41.77,32.67,15.22,29.43,46.76,42.03,0.2851,-0.54500278269054
lrswm_sclora_r32_lr2e5_s43,lrswm,Llama-Math (lrswm),Llama-2-7B,math,sweep,sclora,SC-LoRA,2e-05,43.0,lrswm_sclora_r32_lr2e5,False,False,True,26.03,33.58,39.8,34.02,18.04,29.07,46.59,40.16,0.1591,-0.7983298203534185
lrswm_sclora_r32_lr2e5_s44,lrswm,Llama-Math (lrswm),Llama-2-7B,math,sweep,sclora,SC-LoRA,2e-05,44.0,lrswm_sclora_r32_lr2e5,False,False,True,25.81,33.2,40.26,33.64,17.98,27.7,46.42,40.25,0.1596,-0.7969671129852894
lrswm_sclora_r32_lr3e4_s43,lrswm,Llama-Math (lrswm),Llama-2-7B,math,sweep,sclora,SC-LoRA,0.0003,43.0,lrswm_sclora_r32_lr3e4,False,False,True,18.19,27.65,55.88,28.67,7.7,22.94,36.01,42.94,0.6933,-0.1590787998012282
lrswm_sclora_r32_lr3e4_s44,lrswm,Llama-Math (lrswm),Llama-2-7B,math,sweep,sclora,SC-LoRA,0.0003,44.0,lrswm_sclora_r32_lr3e4,False,False,True,19.3,28.51,57.16,28.75,9.84,24.01,36.26,43.67,0.7064,-0.1509493094304878
lrswm_sclora_r32_lr5e4_s43,lrswm,Llama-Math (lrswm),Llama-2-7B,math,sweep,sclora,SC-LoRA,0.0005,43.0,lrswm_sclora_r32_lr5e4,False,False,True,18.01,26.66,53.98,28.26,7.75,23.15,33.53,40.62,0.9514,-0.021636852916117
lrswm_sclora_r32_lr5e4_s44,lrswm,Llama-Math (lrswm),Llama-2-7B,math,sweep,sclora,SC-LoRA,0.0005,44.0,lrswm_sclora_r32_lr5e4,False,False,True,18.27,26.74,55.65,27.69,8.86,23.72,32.51,40.92,0.9775,-0.0098832339320955
lrswm_sclora_r32_lr5e5_s43,lrswm,Llama-Math (lrswm),Llama-2-7B,math,sweep,sclora,SC-LoRA,5e-05,43.0,lrswm_sclora_r32_lr5e5,False,False,True,24.24,33.3,57.77,31.93,16.55,30.05,45.05,42.92,0.2694,-0.5696024086130332
lrswm_sclora_r32_lr5e5_s44,lrswm,Llama-Math (lrswm),Llama-2-7B,math,sweep,sclora,SC-LoRA,5e-05,44.0,lrswm_sclora_r32_lr5e5,False,False,True,24.88,33.1,59.29,33.16,16.61,27.07,45.56,43.11,0.2717,-0.5659103615821093
qwsw_clora_k1024_lr1e3_s42,qwsw,Qwen-CS (qwsw),Qwen-2.5-7B,cs,sweep,clora,CLoRA,0.001,42.0,qwsw_clora_k1024_lr1e3,False,False,True,7.9,27.34,79.72,13.1,2.69,47.04,35.92,37.97,0.6845,-0.1646265475299912
qwsw_clora_k1024_lr1e3_s43,qwsw,Qwen-CS (qwsw),Qwen-2.5-7B,cs,sweep,clora,CLoRA,0.001,43.0,qwsw_clora_k1024_lr1e3,False,False,True,14.82,29.5,39.02,13.82,15.82,43.06,37.88,36.91,0.6813,-0.1666616110606023
qwsw_clora_k1024_lr1e3_s44,qwsw,Qwen-CS (qwsw),Qwen-2.5-7B,cs,sweep,clora,CLoRA,0.001,44.0,qwsw_clora_k1024_lr1e3,False,False,True,6.32,26.0,79.4,12.36,0.27,44.08,37.88,35.39,0.6944,-0.1583902878315645
qwsw_clora_k1024_lr1e4_s42,qwsw,Qwen-CS (qwsw),Qwen-2.5-7B,cs,sweep,clora,CLoRA,0.0001,42.0,qwsw_clora_k1024_lr1e4,False,False,True,37.96,49.13,87.07,44.49,31.42,71.41,49.49,48.85,0.1295,-0.8877302315827293
qwsw_clora_k1024_lr1e4_s43,qwsw,Qwen-CS (qwsw),Qwen-2.5-7B,cs,sweep,clora,CLoRA,0.0001,43.0,qwsw_clora_k1024_lr1e4,False,False,True,39.64,50.5,86.85,45.77,33.5,71.01,53.41,48.82,0.1266,-0.8975662943186637
qwsw_clora_k1024_lr1e4_s44,qwsw,Qwen-CS (qwsw),Qwen-2.5-7B,cs,sweep,clora,CLoRA,0.0001,44.0,qwsw_clora_k1024_lr1e4,False,False,True,39.74,49.01,87.26,45.71,33.77,71.23,47.95,46.38,0.1288,-0.8900841369762067
qwsw_clora_k1024_lr1e4_s45,qwsw,Qwen-CS (qwsw),Qwen-2.5-7B,cs,sweep,clora,CLoRA,0.0001,45.0,qwsw_clora_k1024_lr1e4,False,False,True,40.72,50.15,86.88,46.58,34.87,70.92,49.57,48.79,0.1284,-0.8914349762671656
qwsw_clora_k1024_lr2e4_s42,qwsw,Qwen-CS (qwsw),Qwen-2.5-7B,cs,sweep,clora,CLoRA,0.0002,42.0,qwsw_clora_k1024_lr2e4,False,False,True,38.92,46.92,87.14,44.94,32.9,68.68,40.44,47.62,0.2109,-0.6759234202605136
qwsw_clora_k1024_lr2e4_s43,qwsw,Qwen-CS (qwsw),Qwen-2.5-7B,cs,sweep,clora,CLoRA,0.0002,43.0,qwsw_clora_k1024_lr2e4,False,False,True,39.89,47.62,86.19,44.62,35.17,69.39,42.66,46.27,0.2146,-0.6683702823700677
qwsw_clora_k1024_lr2e4_s44,qwsw,Qwen-CS (qwsw),Qwen-2.5-7B,cs,sweep,clora,CLoRA,0.0002,44.0,qwsw_clora_k1024_lr2e4,False,False,True,38.82,47.29,80.29,43.77,33.86,69.2,42.24,47.37,0.216,-0.6655462488490691
qwsw_clora_k1024_lr2e4_s45,qwsw,Qwen-CS (qwsw),Qwen-2.5-7B,cs,sweep,clora,CLoRA,0.0002,45.0,qwsw_clora_k1024_lr2e4,False,False,True,40.64,48.48,78.32,45.63,35.65,69.21,46.33,45.59,0.2083,-0.6813107300522541
qwsw_clora_k1024_lr2e5_s42,qwsw,Qwen-CS (qwsw),Qwen-2.5-7B,cs,sweep,clora,CLoRA,2e-05,42.0,qwsw_clora_k1024_lr2e5,False,False,True,37.44,50.59,81.08,46.17,28.72,71.56,56.31,50.2,0.0846,-1.0726296369609765
qwsw_clora_k1024_lr2e5_s43,qwsw,Qwen-CS (qwsw),Qwen-2.5-7B,cs,sweep,clora,CLoRA,2e-05,43.0,qwsw_clora_k1024_lr2e5,False,False,True,37.9,51.07,84.08,45.92,29.89,71.23,58.02,50.3,0.0832,-1.079876673709276
qwsw_clora_k1024_lr2e5_s44,qwsw,Qwen-CS (qwsw),Qwen-2.5-7B,cs,sweep,clora,CLoRA,2e-05,44.0,qwsw_clora_k1024_lr2e5,False,False,True,37.45,50.61,84.08,45.92,28.98,71.46,57.08,49.61,0.0838,-1.0767559813697234
qwsw_clora_k1024_lr3e4_s42,qwsw,Qwen-CS (qwsw),Qwen-2.5-7B,cs,sweep,clora,CLoRA,0.0003,42.0,qwsw_clora_k1024_lr3e4,False,False,True,36.65,44.75,86.12,42.34,30.95,65.9,39.08,45.5,0.2865,-0.5428753736965912
qwsw_clora_k1024_lr3e4_s43,qwsw,Qwen-CS (qwsw),Qwen-2.5-7B,cs,sweep,clora,CLoRA,0.0003,43.0,qwsw_clora_k1024_lr3e4,False,False,True,37.88,44.56,85.84,43.86,31.91,65.88,38.4,42.73,0.2865,-0.5428753736965912
qwsw_clora_k1024_lr3e4_s44,qwsw,Qwen-CS (qwsw),Qwen-2.5-7B,cs,sweep,clora,CLoRA,0.0003,44.0,qwsw_clora_k1024_lr3e4,False,False,True,37.94,44.79,84.8,44.05,31.82,66.19,38.4,43.47,0.2916,-0.535212480354063
qwsw_clora_k1024_lr5e4_s42,qwsw,Qwen-CS (qwsw),Qwen-2.5-7B,cs,sweep,clora,CLoRA,0.0005,42.0,qwsw_clora_k1024_lr5e4,False,False,True,31.62,40.38,84.67,40.33,22.91,59.05,36.09,43.51,0.4331,-0.3634118162701577
qwsw_clora_k1024_lr5e4_s43,qwsw,Qwen-CS (qwsw),Qwen-2.5-7B,cs,sweep,clora,CLoRA,0.0005,43.0,qwsw_clora_k1024_lr5e4,False,False,True,33.18,40.44,62.25,40.47,25.89,58.23,36.95,40.67,0.4177,-0.3791355247348789
qwsw_clora_k1024_lr5e4_s44,qwsw,Qwen-CS (qwsw),Qwen-2.5-7B,cs,sweep,clora,CLoRA,0.0005,44.0,qwsw_clora_k1024_lr5e4,False,False,True,32.98,40.97,85.01,40.25,25.72,59.65,37.97,41.28,0.4314,-0.3651198592334737
qwsw_clora_k1024_lr5e5_s42,qwsw,Qwen-CS (qwsw),Qwen-2.5-7B,cs,sweep,clora,CLoRA,5e-05,42.0,qwsw_clora_k1024_lr5e5,False,False,True,39.06,50.77,86.17,46.29,31.82,71.28,54.69,49.77,0.0957,-1.0190880622231564
qwsw_clora_k1024_lr5e5_s43,qwsw,Qwen-CS (qwsw),Qwen-2.5-7B,cs,sweep,clora,CLoRA,5e-05,43.0,qwsw_clora_k1024_lr5e5,False,False,True,38.94,50.18,87.23,45.43,32.45,72.15,51.62,49.23,0.0974,-1.0114410431213845
qwsw_clora_k1024_lr5e5_s44,qwsw,Qwen-CS (qwsw),Qwen-2.5-7B,cs,sweep,clora,CLoRA,5e-05,44.0,qwsw_clora_k1024_lr5e5,False,False,True,39.34,50.63,87.39,46.12,32.57,71.94,53.84,48.68,0.0959,-1.0181813928293364
qwsw_corda_r16_lr2e5_s42,qwsw,Qwen-CS (qwsw),Qwen-2.5-7B,cs,sweep,corda,CorDA (withheld),2e-05,42.0,qwsw_corda_r16_lr2e5,True,False,False,27.27,40.29,85.55,39.21,15.33,64.39,40.36,42.18,0.2418,-0.6165437034752469
qwsw_corda_r16_lr2e5_s43,qwsw,Qwen-CS (qwsw),Qwen-2.5-7B,cs,sweep,corda,CorDA (withheld),2e-05,43.0,qwsw_corda_r16_lr2e5,True,False,False,39.63,51.33,82.31,46.12,33.14,71.96,54.95,50.49,0.0918,-1.0371573187987575
qwsw_corda_r16_lr2e5_s44,qwsw,Qwen-CS (qwsw),Qwen-2.5-7B,cs,sweep,corda,CorDA (withheld),2e-05,44.0,qwsw_corda_r16_lr2e5,True,False,False,39.84,51.09,84.05,46.57,33.1,71.78,53.84,50.17,0.0911,-1.0404816230270018
qwsw_corda_r16_lr5e5_s43,qwsw,Qwen-CS (qwsw),Qwen-2.5-7B,cs,sweep,corda,CorDA (withheld),5e-05,43.0,qwsw_corda_r16_lr5e5,True,False,False,38.78,48.58,81.42,44.48,33.09,71.23,44.54,49.55,0.1267,-0.8972233851165586
qwsw_corda_r16_lr5e5_s44,qwsw,Qwen-CS (qwsw),Qwen-2.5-7B,cs,sweep,corda,CorDA (withheld),5e-05,44.0,qwsw_corda_r16_lr5e5,True,False,False,38.79,47.89,85.49,46.54,31.04,71.02,41.81,49.06,0.125,-0.9030899869919436
qwsw_dora_r16_lr1e3_s42,qwsw,Qwen-CS (qwsw),Qwen-2.5-7B,cs,sweep,dora,DoRA,0.001,42.0,qwsw_dora_r16_lr1e3,False,False,True,6.96,21.54,77.63,12.66,1.25,32.05,27.82,33.93,1.202,0.0799044676667207
qwsw_dora_r16_lr1e3_s43,qwsw,Qwen-CS (qwsw),Qwen-2.5-7B,cs,sweep,dora,DoRA,0.001,43.0,qwsw_dora_r16_lr1e3,False,False,True,16.65,28.4,77.19,28.12,5.18,33.29,37.63,37.76,1.1285,0.0525015634137808
qwsw_dora_r16_lr1e3_s44,qwsw,Qwen-CS (qwsw),Qwen-2.5-7B,cs,sweep,dora,DoRA,0.001,44.0,qwsw_dora_r16_lr1e3,False,False,True,9.52,26.08,77.36,13.41,5.63,37.57,35.92,37.89,1.1426,0.0578942197245302
qwsw_dora_r16_lr1e4_s42,qwsw,Qwen-CS (qwsw),Qwen-2.5-7B,cs,sweep,dora,DoRA,0.0001,42.0,qwsw_dora_r16_lr1e4,False,False,True,38.5,48.43,86.8,45.58,31.43,70.83,47.7,46.63,0.159,-0.7986028756795485
qwsw_dora_r16_lr2e4_s42,qwsw,Qwen-CS (qwsw),Qwen-2.5-7B,cs,sweep,dora,DoRA,0.0002,42.0,qwsw_dora_r16_lr2e4,False,False,True,36.98,45.8,86.91,43.11,30.85,68.26,40.78,46.01,0.2643,-0.5779028368682897
qwsw_dora_r16_lr2e4_s43,qwsw,Qwen-CS (qwsw),Qwen-2.5-7B,cs,sweep,dora,DoRA,0.0002,43.0,qwsw_dora_r16_lr2e4,False,False,True,38.28,46.9,86.85,44.99,31.57,68.34,44.54,45.05,0.2584,-0.5877074906769535
qwsw_dora_r16_lr2e4_s44,qwsw,Qwen-CS (qwsw),Qwen-2.5-7B,cs,sweep,dora,DoRA,0.0002,44.0,qwsw_dora_r16_lr2e4,False,False,True,38.88,46.68,85.56,44.86,32.91,69.27,40.19,46.15,0.2588,-0.5870357280033373
qwsw_dora_r16_lr2e5_s42,qwsw,Qwen-CS (qwsw),Qwen-2.5-7B,cs,sweep,dora,DoRA,2e-05,42.0,qwsw_dora_r16_lr2e5,False,False,True,37.67,49.97,86.11,46.17,29.18,71.56,54.61,48.31,0.1084,-0.964970717797632
qwsw_dora_r16_lr3e4_s42,qwsw,Qwen-CS (qwsw),Qwen-2.5-7B,cs,sweep,dora,DoRA,0.0003,42.0,qwsw_dora_r16_lr3e4,False,False,True,34.28,42.11,86.61,42.14,26.43,64.51,36.18,41.3,0.3612,-0.4422522583585317
qwsw_dora_r16_lr5e4_s42,qwsw,Qwen-CS (qwsw),Qwen-2.5-7B,cs,sweep,dora,DoRA,0.0005,42.0,qwsw_dora_r16_lr5e4,False,False,True,13.18,31.89,84.16,15.76,10.59,57.4,37.29,38.42,0.5724,-0.2423003749122612
qwsw_dora_r16_lr5e4_s43,qwsw,Qwen-CS (qwsw),Qwen-2.5-7B,cs,sweep,dora,DoRA,0.0005,43.0,qwsw_dora_r16_lr5e4,False,False,True,24.64,35.2,82.85,29.21,20.07,57.35,29.1,40.29,0.5764,-0.2392760278580483
qwsw_dora_r16_lr5e4_s44,qwsw,Qwen-CS (qwsw),Qwen-2.5-7B,cs,sweep,dora,DoRA,0.0005,44.0,qwsw_dora_r16_lr5e4,False,False,True,11.16,31.61,64.74,14.38,7.95,57.04,38.14,40.53,0.5737,-0.241315150117559
qwsw_dora_r16_lr5e5_s42,qwsw,Qwen-CS (qwsw),Qwen-2.5-7B,cs,sweep,dora,DoRA,5e-05,42.0,qwsw_dora_r16_lr5e5,False,False,True,38.39,49.32,85.19,43.54,33.24,71.6,48.72,49.51,0.1197,-0.9219058495935892
qwsw_lora_null_r16_lr1e3_s42,qwsw,Qwen-CS (qwsw),Qwen-2.5-7B,cs,sweep,lora_null,LoRA-Null,0.001,42.0,qwsw_lora_null_r16_lr1e3,False,False,True,12.2,29.83,82.0,13.93,10.46,50.55,37.12,37.07,0.6868,-0.1631697135111211
qwsw_lora_null_r16_lr1e3_s43,qwsw,Qwen-CS (qwsw),Qwen-2.5-7B,cs,sweep,lora_null,LoRA-Null,0.001,43.0,qwsw_lora_null_r16_lr1e3,False,False,True,9.56,29.28,82.54,13.99,5.14,51.64,38.48,37.13,0.6634,-0.1782245328165365
qwsw_lora_null_r16_lr1e3_s44,qwsw,Qwen-CS (qwsw),Qwen-2.5-7B,cs,sweep,lora_null,LoRA-Null,0.001,44.0,qwsw_lora_null_r16_lr1e3,False,False,True,6.92,25.02,81.64,13.68,0.15,34.7,32.34,44.23,0.7133,-0.1467277759793167
qwsw_lora_null_r16_lr1e4_s42,qwsw,Qwen-CS (qwsw),Qwen-2.5-7B,cs,sweep,lora_null,LoRA-Null,0.0001,42.0,qwsw_lora_null_r16_lr1e4,False,False,True,37.64,49.5,85.93,45.38,29.9,71.76,52.3,48.16,0.1314,-0.8814046347762381
qwsw_lora_null_r16_lr1e4_s43,qwsw,Qwen-CS (qwsw),Qwen-2.5-7B,cs,sweep,lora_null,LoRA-Null,0.0001,43.0,qwsw_lora_null_r16_lr1e4,False,False,True,40.51,50.49,86.65,45.37,35.65,71.84,51.45,48.12,0.1284,-0.8914349762671656
qwsw_lora_null_r16_lr1e4_s44,qwsw,Qwen-CS (qwsw),Qwen-2.5-7B,cs,sweep,lora_null,LoRA-Null,0.0001,44.0,qwsw_lora_null_r16_lr1e4,False,False,True,40.64,50.32,80.78,46.11,35.16,71.23,50.85,48.23,0.1295,-0.8877302315827293
qwsw_lora_null_r16_lr2e4_s42,qwsw,Qwen-CS (qwsw),Qwen-2.5-7B,cs,sweep,lora_null,LoRA-Null,0.0002,42.0,qwsw_lora_null_r16_lr2e4,False,False,True,38.43,48.27,87.17,43.8,33.06,69.84,46.42,48.24,0.2171,-0.66334017654558
qwsw_lora_null_r16_lr2e4_s43,qwsw,Qwen-CS (qwsw),Qwen-2.5-7B,cs,sweep,lora_null,LoRA-Null,0.0002,43.0,qwsw_lora_null_r16_lr2e4,False,False,True,39.72,47.08,87.14,45.58,33.86,70.44,40.44,45.09,0.1969,-0.7057542838618818
qwsw_lora_null_r16_lr2e4_s44,qwsw,Qwen-CS (qwsw),Qwen-2.5-7B,cs,sweep,lora_null,LoRA-Null,0.0002,44.0,qwsw_lora_null_r16_lr2e4,False,False,True,38.69,46.88,84.38,44.97,32.41,69.95,41.21,45.84,0.1979,-0.7035542057936037
qwsw_lora_null_r16_lr2e5_s42,qwsw,Qwen-CS (qwsw),Qwen-2.5-7B,cs,sweep,lora_null,LoRA-Null,2e-05,42.0,qwsw_lora_null_r16_lr2e5,False,False,True,38.83,51.14,83.32,46.37,31.29,71.64,56.74,49.66,0.0749,-1.1255181823005336
qwsw_lora_null_r16_lr2e5_s43,qwsw,Qwen-CS (qwsw),Qwen-2.5-7B,cs,sweep,lora_null,LoRA-Null,2e-05,43.0,qwsw_lora_null_r16_lr2e5,False,False,True,39.9,52.3,84.91,46.34,33.46,72.31,57.42,51.96,0.0802,-1.0958256317158366
qwsw_lora_null_r16_lr2e5_s44,qwsw,Qwen-CS (qwsw),Qwen-2.5-7B,cs,sweep,lora_null,LoRA-Null,2e-05,44.0,qwsw_lora_null_r16_lr2e5,False,False,True,39.67,52.29,83.87,45.81,33.54,72.2,58.11,51.81,0.0802,-1.0958256317158366
qwsw_lora_null_r16_lr3e4_s42,qwsw,Qwen-CS (qwsw),Qwen-2.5-7B,cs,sweep,lora_null,LoRA-Null,0.0003,42.0,qwsw_lora_null_r16_lr3e4,False,False,True,37.96,45.87,86.15,43.71,32.21,67.67,38.74,47.02,0.2991,-0.5241835869686818
qwsw_lora_null_r16_lr3e4_s43,qwsw,Qwen-CS (qwsw),Qwen-2.5-7B,cs,sweep,lora_null,LoRA-Null,0.0003,43.0,qwsw_lora_null_r16_lr3e4,False,False,True,38.18,45.73,85.79,45.03,31.34,68.3,39.85,44.15,0.2682,-0.5715412264844199
qwsw_lora_null_r16_lr3e4_s44,qwsw,Qwen-CS (qwsw),Qwen-2.5-7B,cs,sweep,lora_null,LoRA-Null,0.0003,44.0,qwsw_lora_null_r16_lr3e4,False,False,True,37.7,45.24,76.54,45.37,30.04,68.26,39.93,42.58,0.2693,-0.5697636465884895
qwsw_lora_null_r16_lr5e4_s42,qwsw,Qwen-CS (qwsw),Qwen-2.5-7B,cs,sweep,lora_null,LoRA-Null,0.0005,42.0,qwsw_lora_null_r16_lr5e4,False,False,True,34.17,41.83,85.72,40.16,28.19,62.21,37.46,41.14,0.4194,-0.3773715738706749
qwsw_lora_null_r16_lr5e4_s43,qwsw,Qwen-CS (qwsw),Qwen-2.5-7B,cs,sweep,lora_null,LoRA-Null,0.0005,43.0,qwsw_lora_null_r16_lr5e4,False,False,False,33.51,42.07,85.33,42.64,24.38,63.39,38.65,41.31,0.4113,-0.3858412904908249
qwsw_lora_null_r16_lr5e4_s44,qwsw,Qwen-CS (qwsw),Qwen-2.5-7B,cs,sweep,lora_null,LoRA-Null,0.0005,44.0,qwsw_lora_null_r16_lr5e4,False,False,True,16.66,34.76,84.94,16.66,16.66,63.02,37.03,40.45,0.4273,-0.3692671071828035
qwsw_lora_null_r16_lr5e5_s42,qwsw,Qwen-CS (qwsw),Qwen-2.5-7B,cs,sweep,lora_null,LoRA-Null,5e-05,42.0,qwsw_lora_null_r16_lr5e5,False,False,True,38.12,51.11,86.05,46.61,29.64,72.03,56.74,50.53,0.1027,-0.9884295564027218
qwsw_lora_null_r16_lr5e5_s43,qwsw,Qwen-CS (qwsw),Qwen-2.5-7B,cs,sweep,lora_null,LoRA-Null,5e-05,43.0,qwsw_lora_null_r16_lr5e5,False,False,True,39.73,51.52,85.55,46.35,33.11,71.81,55.29,51.05,0.1077,-0.9677842967020184
qwsw_lora_null_r16_lr5e5_s44,qwsw,Qwen-CS (qwsw),Qwen-2.5-7B,cs,sweep,lora_null,LoRA-Null,5e-05,44.0,qwsw_lora_null_r16_lr5e5,False,False,True,38.94,51.21,85.66,45.98,31.89,71.66,55.89,50.63,0.1069,-0.971022294791222
qwsw_lora_null_r16_lr7e5_s42,qwsw,Qwen-CS (qwsw),Qwen-2.5-7B,cs,sweep,lora_null,LoRA-Null,7e-05,42.0,qwsw_lora_null_r16_lr7e5,False,False,True,40.03,50.62,86.12,46.08,33.98,71.91,50.85,50.28,0.1156,-0.9370421659154896
qwsw_lora_r16_lr15e5_s42,qwsw,Qwen-CS (qwsw),Qwen-2.5-7B,cs,sweep,lora,LoRA,0.00015,42.0,qwsw_lora_r16_lr15e5,False,False,True,38.39,47.31,78.3,43.4,33.39,70.23,41.81,47.73,0.2096,-0.678608721688311
qwsw_lora_r16_lr1e3_s42,qwsw,Qwen-CS (qwsw),Qwen-2.5-7B,cs,sweep,lora,LoRA,0.001,42.0,qwsw_lora_r16_lr1e3,False,False,True,7.28,22.54,79.19,13.84,0.71,25.4,34.39,38.35,0.8243,-0.0839147001562972
qwsw_lora_r16_lr1e3_s43,qwsw,Qwen-CS (qwsw),Qwen-2.5-7B,cs,sweep,lora,LoRA,0.001,43.0,qwsw_lora_r16_lr1e3,False,False,True,6.38,21.78,79.19,12.66,0.1,23.34,37.12,35.69,0.8215,-0.0853924322289194
qwsw_lora_r16_lr1e3_s44,qwsw,Qwen-CS (qwsw),Qwen-2.5-7B,cs,sweep,lora,LoRA,0.001,44.0,qwsw_lora_r16_lr1e3,False,False,True,6.02,21.58,72.59,11.93,0.11,24.48,30.8,40.6,0.8609,-0.0650472921821419
qwsw_lora_r16_lr1e4_s42,qwsw,Qwen-CS (qwsw),Qwen-2.5-7B,cs,sweep,lora,LoRA,0.0001,42.0,qwsw_lora_r16_lr1e4,False,False,True,38.55,47.82,87.43,44.74,32.36,71.02,44.28,46.69,0.1609,-0.7934439559009705
qwsw_lora_r16_lr1e4_s43,qwsw,Qwen-CS (qwsw),Qwen-2.5-7B,cs,sweep,lora,LoRA,0.0001,43.0,qwsw_lora_r16_lr1e4,False,False,True,38.56,48.8,82.61,45.02,32.1,70.7,48.04,48.16,0.1594,-0.7975116829399065
qwsw_lora_r16_lr1e4_s44,qwsw,Qwen-CS (qwsw),Qwen-2.5-7B,cs,sweep,lora,LoRA,0.0001,44.0,qwsw_lora_r16_lr1e4,False,False,True,37.77,47.03,86.61,46.03,29.51,70.73,42.41,46.49,0.1612,-0.7926349625309281
qwsw_lora_r16_lr2e4_s42,qwsw,Qwen-CS (qwsw),Qwen-2.5-7B,cs,sweep,lora,LoRA,0.0002,42.0,qwsw_lora_r16_lr2e4,False,False,True,37.67,46.55,86.78,43.03,32.31,68.09,42.83,46.48,0.2626,-0.5807052782465395
qwsw_lora_r16_lr2e4_s43,qwsw,Qwen-CS (qwsw),Qwen-2.5-7B,cs,sweep,lora,LoRA,0.0002,43.0,qwsw_lora_r16_lr2e4,False,False,True,38.21,45.89,80.61,42.31,34.11,68.31,40.19,44.51,0.264,-0.5783960731301689
qwsw_lora_r16_lr2e4_s44,qwsw,Qwen-CS (qwsw),Qwen-2.5-7B,cs,sweep,lora,LoRA,0.0002,44.0,qwsw_lora_r16_lr2e4,False,False,True,39.33,47.59,74.7,45.25,33.4,67.95,44.54,46.79,0.2663,-0.5746288335610588
qwsw_lora_r16_lr2e5_s42,qwsw,Qwen-CS (qwsw),Qwen-2.5-7B,cs,sweep,lora,LoRA,2e-05,42.0,qwsw_lora_r16_lr2e5,False,False,True,38.12,50.31,86.0,46.29,29.96,71.6,54.86,48.84,0.1096,-0.9601894458516496
qwsw_lora_r16_lr2e5_s43,qwsw,Qwen-CS (qwsw),Qwen-2.5-7B,cs,sweep,lora,LoRA,2e-05,43.0,qwsw_lora_r16_lr2e5,False,False,True,38.38,50.58,85.53,46.37,30.4,71.43,54.86,49.85,0.1079,-0.9669785553170892
qwsw_lora_r16_lr2e5_s44,qwsw,Qwen-CS (qwsw),Qwen-2.5-7B,cs,sweep,lora,LoRA,2e-05,44.0,qwsw_lora_r16_lr2e5,False,False,True,38.94,50.71,85.62,45.38,32.5,71.49,55.89,48.27,0.1081,-0.9661743060466896
qwsw_lora_r16_lr3e4_s42,qwsw,Qwen-CS (qwsw),Qwen-2.5-7B,cs,sweep,lora,LoRA,0.0003,42.0,qwsw_lora_r16_lr3e4,False,False,True,33.54,43.58,86.7,41.44,25.65,64.67,39.68,46.46,0.3572,-0.4470885497834911
qwsw_lora_r16_lr3e4_s43,qwsw,Qwen-CS (qwsw),Qwen-2.5-7B,cs,sweep,lora,LoRA,0.0003,43.0,qwsw_lora_r16_lr3e4,False,False,True,36.06,43.94,69.62,43.43,28.68,64.72,38.23,44.65,0.3627,-0.4404524444195656
qwsw_lora_r16_lr3e4_s44,qwsw,Qwen-CS (qwsw),Qwen-2.5-7B,cs,sweep,lora,LoRA,0.0003,44.0,qwsw_lora_r16_lr3e4,False,False,True,34.94,42.22,83.94,41.28,28.61,64.68,36.86,39.68,0.3759,-0.4249276742861875
qwsw_lora_r16_lr5e4_s42,qwsw,Qwen-CS (qwsw),Qwen-2.5-7B,cs,sweep,lora,LoRA,0.0005,42.0,qwsw_lora_r16_lr5e4,False,False,True,14.52,31.77,84.16,15.5,13.55,54.5,37.37,37.95,0.5267,-0.2784366816425191
qwsw_lora_r16_lr5e4_s43,qwsw,Qwen-CS (qwsw),Qwen-2.5-7B,cs,sweep,lora,LoRA,0.0005,43.0,qwsw_lora_r16_lr5e4,False,False,True,15.4,32.9,73.51,14.65,16.16,57.17,38.48,38.06,0.5288,-0.2767085535224161
qwsw_lora_r16_lr5e4_s44,qwsw,Qwen-CS (qwsw),Qwen-2.5-7B,cs,sweep,lora,LoRA,0.0005,44.0,qwsw_lora_r16_lr5e4,False,False,True,8.0,29.82,84.14,14.56,1.43,58.05,37.54,37.5,0.5464,-0.2624893093265238
qwsw_lora_r16_lr5e5_s42,qwsw,Qwen-CS (qwsw),Qwen-2.5-7B,cs,sweep,lora,LoRA,5e-05,42.0,qwsw_lora_r16_lr5e5,False,False,True,37.22,48.36,85.96,42.79,31.65,71.66,45.82,49.86,0.1225,-0.9118639112994488
qwsw_lora_r16_lr5e5_s43,qwsw,Qwen-CS (qwsw),Qwen-2.5-7B,cs,sweep,lora,LoRA,5e-05,43.0,qwsw_lora_r16_lr5e5,False,False,True,38.93,49.53,86.61,44.95,32.91,71.89,48.98,48.9,0.1228,-0.9108016331948512
qwsw_lora_r16_lr5e5_s44,qwsw,Qwen-CS (qwsw),Qwen-2.5-7B,cs,sweep,lora,LoRA,5e-05,44.0,qwsw_lora_r16_lr5e5,False,False,True,37.7,48.21,86.72,44.19,31.21,71.54,46.5,47.62,0.1218,-0.9143527117031436
qwsw_lora_r16_lr7e5_s42,qwsw,Qwen-CS (qwsw),Qwen-2.5-7B,cs,sweep,lora,LoRA,7e-05,42.0,qwsw_lora_r16_lr7e5,False,False,True,36.38,48.09,87.47,40.76,31.99,71.66,47.95,48.09,0.1352,-0.8690233083943829
qwsw_lorawd_wd0p3_lr15e5_s42,qwsw,Qwen-CS (qwsw),Qwen-2.5-7B,cs,sweep,lorawd,LoRA+wd,0.00015,42.0,qwsw_lorawd_wd0p3_lr15e5,False,False,True,41.03,49.6,85.55,46.23,35.83,70.84,48.12,47.0,0.1662,-0.7793689805519078
qwsw_lorawd_wd0p3_lr1e3_s42,qwsw,Qwen-CS (qwsw),Qwen-2.5-7B,cs,sweep,lorawd,LoRA+wd,0.001,42.0,qwsw_lorawd_wd0p3_lr1e3,False,False,True,37.21,44.53,87.4,46.11,28.31,66.73,39.68,41.84,0.2818,-0.5500590112266623
qwsw_lorawd_wd0p3_lr1e3_s43,qwsw,Qwen-CS (qwsw),Qwen-2.5-7B,cs,sweep,lorawd,LoRA+wd,0.001,43.0,qwsw_lorawd_wd0p3_lr1e3,False,False,True,39.1,44.84,87.44,46.38,31.82,67.37,36.77,41.84,0.2822,-0.549442990581671
qwsw_lorawd_wd0p3_lr1e3_s44,qwsw,Qwen-CS (qwsw),Qwen-2.5-7B,cs,sweep,lorawd,LoRA+wd,0.001,44.0,qwsw_lorawd_wd0p3_lr1e3,False,True,True,0.0,19.43,0.01,0.0,0.0,22.95,24.91,49.31,14.3334,1.156349220829561
qwsw_lorawd_wd0p3_lr1e4_s42,qwsw,Qwen-CS (qwsw),Qwen-2.5-7B,cs,sweep,lorawd,LoRA+wd,0.0001,42.0,qwsw_lorawd_wd0p3_lr1e4,False,False,True,41.01,49.76,87.48,45.91,36.11,71.4,47.61,47.77,0.1373,-0.8623294627632448
qwsw_lorawd_wd0p3_lr1e4_s43,qwsw,Qwen-CS (qwsw),Qwen-2.5-7B,cs,sweep,lorawd,LoRA+wd,0.0001,43.0,qwsw_lorawd_wd0p3_lr1e4,False,False,True,40.49,50.31,86.42,45.57,35.41,71.36,50.34,48.89,0.1323,-0.878440155812499
qwsw_lorawd_wd0p3_lr1e4_s44,qwsw,Qwen-CS (qwsw),Qwen-2.5-7B,cs,sweep,lorawd,LoRA+wd,0.0001,44.0,qwsw_lorawd_wd0p3_lr1e4,False,False,True,40.61,50.77,86.64,45.98,35.24,71.51,53.24,47.89,0.1383,-0.8591778198906894
qwsw_lorawd_wd0p3_lr2e4_s42,qwsw,Qwen-CS (qwsw),Qwen-2.5-7B,cs,sweep,lorawd,LoRA+wd,0.0002,42.0,qwsw_lorawd_wd0p3_lr2e4,False,False,True,40.66,48.05,87.36,46.17,35.14,70.2,42.32,46.44,0.1873,-0.7274622226247627
qwsw_lorawd_wd0p3_lr2e4_s43,qwsw,Qwen-CS (qwsw),Qwen-2.5-7B,cs,sweep,lorawd,LoRA+wd,0.0002,43.0,qwsw_lorawd_wd0p3_lr2e4,False,False,True,39.76,47.59,85.88,45.4,34.12,70.6,40.78,47.05,0.1816,-0.7408841558149337
qwsw_lorawd_wd0p3_lr2e4_s44,qwsw,Qwen-CS (qwsw),Qwen-2.5-7B,cs,sweep,lorawd,LoRA+wd,0.0002,44.0,qwsw_lorawd_wd0p3_lr2e4,False,False,True,40.58,48.77,85.52,45.31,35.85,70.09,43.0,49.61,0.1872,-0.7276941555979136
qwsw_lorawd_wd0p3_lr2e5_s42,qwsw,Qwen-CS (qwsw),Qwen-2.5-7B,cs,sweep,lorawd,LoRA+wd,2e-05,42.0,qwsw_lorawd_wd0p3_lr2e5,False,False,True,38.67,50.96,86.54,46.43,30.91,71.51,55.63,50.31,0.1001,-0.9995659225206814
qwsw_lorawd_wd0p3_lr2e5_s43,qwsw,Qwen-CS (qwsw),Qwen-2.5-7B,cs,sweep,lorawd,LoRA+wd,2e-05,43.0,qwsw_lorawd_wd0p3_lr2e5,False,False,True,38.69,50.94,85.28,45.54,31.84,71.64,55.63,50.05,0.1013,-0.9943905546397196
qwsw_lorawd_wd0p3_lr2e5_s44,qwsw,Qwen-CS (qwsw),Qwen-2.5-7B,cs,sweep,lorawd,LoRA+wd,2e-05,44.0,qwsw_lorawd_wd0p3_lr2e5,False,False,True,38.56,50.64,85.15,45.86,31.26,72.03,55.12,48.91,0.1002,-0.9991322784687732
qwsw_lorawd_wd0p3_lr3e4_s42,qwsw,Qwen-CS (qwsw),Qwen-2.5-7B,cs,sweep,lorawd,LoRA+wd,0.0003,42.0,qwsw_lorawd_wd0p3_lr3e4,False,False,True,41.1,47.22,86.33,47.5,34.69,69.0,39.93,44.97,0.2131,-0.671416550285798
qwsw_lorawd_wd0p3_lr3e4_s43,qwsw,Qwen-CS (qwsw),Qwen-2.5-7B,cs,sweep,lorawd,LoRA+wd,0.0003,43.0,qwsw_lorawd_wd0p3_lr3e4,False,False,True,41.44,47.16,86.99,46.63,36.24,70.34,38.48,44.12,0.2097,-0.6784015695346561
qwsw_lorawd_wd0p3_lr3e4_s44,qwsw,Qwen-CS (qwsw),Qwen-2.5-7B,cs,sweep,lorawd,LoRA+wd,0.0003,44.0,qwsw_lorawd_wd0p3_lr3e4,False,False,True,40.53,47.47,84.84,46.09,34.98,69.06,40.7,46.51,0.2114,-0.6748950170285926
qwsw_lorawd_wd0p3_lr5e4_s42,qwsw,Qwen-CS (qwsw),Qwen-2.5-7B,cs,sweep,lorawd,LoRA+wd,0.0005,42.0,qwsw_lorawd_wd0p3_lr5e4,False,False,True,39.28,46.29,87.17,44.94,33.62,68.86,39.42,44.59,0.2458,-0.6094181214495648
qwsw_lorawd_wd0p3_lr5e4_s43,qwsw,Qwen-CS (qwsw),Qwen-2.5-7B,cs,sweep,lorawd,LoRA+wd,0.0005,43.0,qwsw_lorawd_wd0p3_lr5e4,False,False,True,40.53,46.47,87.51,47.12,33.95,68.44,38.91,43.91,0.245,-0.6108339156354675
qwsw_lorawd_wd0p3_lr5e4_s44,qwsw,Qwen-CS (qwsw),Qwen-2.5-7B,cs,sweep,lorawd,LoRA+wd,0.0005,44.0,qwsw_lorawd_wd0p3_lr5e4,False,False,True,40.39,46.9,87.62,46.06,34.71,69.29,40.1,44.36,0.2457,-0.6095948435199191
qwsw_lorawd_wd0p3_lr5e5_s42,qwsw,Qwen-CS (qwsw),Qwen-2.5-7B,cs,sweep,lorawd,LoRA+wd,5e-05,42.0,qwsw_lorawd_wd0p3_lr5e5,False,False,True,39.33,50.08,86.04,45.98,32.68,71.73,51.02,48.97,0.1075,-0.968591535748376
qwsw_lorawd_wd0p3_lr5e5_s43,qwsw,Qwen-CS (qwsw),Qwen-2.5-7B,cs,sweep,lorawd,LoRA+wd,5e-05,43.0,qwsw_lorawd_wd0p3_lr5e5,False,False,True,39.56,50.39,86.85,45.19,33.94,71.5,52.56,48.74,0.1073,-0.9694002780340488
qwsw_lorawd_wd0p3_lr5e5_s44,qwsw,Qwen-CS (qwsw),Qwen-2.5-7B,cs,sweep,lorawd,LoRA+wd,5e-05,44.0,qwsw_lorawd_wd0p3_lr5e5,False,False,True,39.31,49.65,85.78,45.89,32.73,71.74,49.15,48.75,0.107,-0.9706162223147904
qwsw_lorawd_wd0p3_lr7e5_s42,qwsw,Qwen-CS (qwsw),Qwen-2.5-7B,cs,sweep,lorawd,LoRA+wd,7e-05,42.0,qwsw_lorawd_wd0p3_lr7e5,False,False,True,39.92,50.41,87.77,45.29,34.54,71.91,51.71,48.58,0.1161,-0.9351677802614262
qwsw_milora_r32_lr15e5_s42,qwsw,Qwen-CS (qwsw),Qwen-2.5-7B,cs,sweep,milora,MiLoRA,0.00015,42.0,qwsw_milora_r32_lr15e5,False,False,True,37.64,46.51,87.33,44.26,31.02,68.41,40.53,48.32,0.2342,-0.6304131092636557
qwsw_milora_r32_lr1e3_s42,qwsw,Qwen-CS (qwsw),Qwen-2.5-7B,cs,sweep,milora,MiLoRA,0.001,42.0,qwsw_milora_r32_lr1e3,False,False,True,6.41,22.58,72.24,12.04,0.78,29.85,32.94,37.28,0.955,-0.0199966284162536
qwsw_milora_r32_lr1e3_s43,qwsw,Qwen-CS (qwsw),Qwen-2.5-7B,cs,sweep,milora,MiLoRA,0.001,43.0,qwsw_milora_r32_lr1e3,False,False,True,9.33,24.73,72.12,12.44,6.22,32.0,34.64,38.34,0.9598,-0.0178192544035974
qwsw_milora_r32_lr1e3_s44,qwsw,Qwen-CS (qwsw),Qwen-2.5-7B,cs,sweep,milora,MiLoRA,0.001,44.0,qwsw_milora_r32_lr1e3,False,False,True,7.52,21.73,72.42,11.57,3.47,24.35,29.18,40.06,0.9856,-0.0062993051796497
qwsw_milora_r32_lr1e4_s42,qwsw,Qwen-CS (qwsw),Qwen-2.5-7B,cs,sweep,milora,MiLoRA,0.0001,42.0,qwsw_milora_r32_lr1e4,False,False,True,39.74,48.3,87.53,45.89,33.59,69.2,43.86,48.96,0.1836,-0.7361273231347764
qwsw_milora_r32_lr1e4_s43,qwsw,Qwen-CS (qwsw),Qwen-2.5-7B,cs,sweep,milora,MiLoRA,0.0001,43.0,qwsw_milora_r32_lr1e4,False,False,True,38.47,48.31,87.45,45.43,31.51,69.78,45.48,49.34,0.182,-0.7399286120149252
qwsw_milora_r32_lr1e4_s44,qwsw,Qwen-CS (qwsw),Qwen-2.5-7B,cs,sweep,milora,MiLoRA,0.0001,44.0,qwsw_milora_r32_lr1e4,False,False,True,38.06,47.55,87.25,44.94,31.18,69.67,44.37,47.59,0.183,-0.7375489102695706
qwsw_milora_r32_lr1e4_s45,qwsw,Qwen-CS (qwsw),Qwen-2.5-7B,cs,sweep,milora,MiLoRA,0.0001,45.0,qwsw_milora_r32_lr1e4,False,False,True,40.07,47.9,69.26,46.94,33.2,69.68,43.52,46.18,0.1822,-0.7394516273630205
qwsw_milora_r32_lr2e4_s42,qwsw,Qwen-CS (qwsw),Qwen-2.5-7B,cs,sweep,milora,MiLoRA,0.0002,42.0,qwsw_milora_r32_lr2e4,False,False,True,36.5,44.96,87.05,42.01,31.0,66.98,39.76,45.05,0.2917,-0.5350635708782673
qwsw_milora_r32_lr2e4_s43,qwsw,Qwen-CS (qwsw),Qwen-2.5-7B,cs,sweep,milora,MiLoRA,0.0002,43.0,qwsw_milora_r32_lr2e4,False,False,True,36.75,45.34,84.96,42.88,30.62,67.22,39.51,46.48,0.27,-0.5686362358410126
qwsw_milora_r32_lr2e4_s44,qwsw,Qwen-CS (qwsw),Qwen-2.5-7B,cs,sweep,milora,MiLoRA,0.0002,44.0,qwsw_milora_r32_lr2e4,False,False,True,36.72,44.92,86.96,42.33,31.12,67.69,38.99,44.49,0.2863,-0.5431786519784013
qwsw_milora_r32_lr2e4_s45,qwsw,Qwen-CS (qwsw),Qwen-2.5-7B,cs,sweep,milora,MiLoRA,0.0002,45.0,qwsw_milora_r32_lr2e4,False,False,True,36.76,44.96,86.6,42.91,30.61,66.39,39.42,45.46,0.2874,-0.5415132362017931
qwsw_milora_r32_lr2e5_s42,qwsw,Qwen-CS (qwsw),Qwen-2.5-7B,cs,sweep,milora,MiLoRA,2e-05,42.0,qwsw_milora_r32_lr2e5,False,False,True,38.44,50.73,83.55,45.91,30.98,71.81,55.55,49.4,0.1023,-0.9901243662878398
qwsw_milora_r32_lr2e5_s43,qwsw,Qwen-CS (qwsw),Qwen-2.5-7B,cs,sweep,milora,MiLoRA,2e-05,43.0,qwsw_milora_r32_lr2e5,False,False,True,39.19,51.4,85.44,45.97,32.41,71.54,57.25,49.81,0.1018,-0.99225222199926
qwsw_milora_r32_lr2e5_s44,qwsw,Qwen-CS (qwsw),Qwen-2.5-7B,cs,sweep,milora,MiLoRA,2e-05,44.0,qwsw_milora_r32_lr2e5,False,False,True,38.57,50.81,84.25,45.72,31.42,71.71,56.23,48.98,0.1023,-0.9901243662878398
qwsw_milora_r32_lr3e4_s42,qwsw,Qwen-CS (qwsw),Qwen-2.5-7B,cs,sweep,milora,MiLoRA,0.0003,42.0,qwsw_milora_r32_lr3e4,False,False,True,34.3,42.31,80.12,41.02,27.57,62.8,36.77,43.41,0.3856,-0.4138629747692068
qwsw_milora_r32_lr3e4_s43,qwsw,Qwen-CS (qwsw),Qwen-2.5-7B,cs,sweep,milora,MiLoRA,0.0003,43.0,qwsw_milora_r32_lr3e4,False,False,True,33.96,42.43,86.38,40.41,27.52,63.25,37.29,43.66,0.3768,-0.4238891058791602
qwsw_milora_r32_lr3e4_s44,qwsw,Qwen-CS (qwsw),Qwen-2.5-7B,cs,sweep,milora,MiLoRA,0.0003,44.0,qwsw_milora_r32_lr3e4,False,False,True,34.5,42.96,86.43,40.02,28.98,63.68,38.91,43.19,0.3854,-0.4140882896805658
qwsw_milora_r32_lr3e4_s45,qwsw,Qwen-CS (qwsw),Qwen-2.5-7B,cs,sweep,milora,MiLoRA,0.0003,45.0,qwsw_milora_r32_lr3e4,False,False,True,34.58,42.71,83.48,40.56,28.61,63.37,36.95,44.04,0.3686,-0.433444669116945
qwsw_milora_r32_lr5e4_s42,qwsw,Qwen-CS (qwsw),Qwen-2.5-7B,cs,sweep,milora,MiLoRA,0.0005,42.0,qwsw_milora_r32_lr5e4,False,False,True,14.3,31.31,83.47,15.16,13.45,52.71,35.32,39.89,0.5616,-0.2505729008782511
qwsw_milora_r32_lr5e4_s43,qwsw,Qwen-CS (qwsw),Qwen-2.5-7B,cs,sweep,milora,MiLoRA,0.0005,43.0,qwsw_milora_r32_lr5e4,False,False,True,11.9,30.96,83.22,14.36,9.44,55.01,37.54,38.45,0.5611,-0.2509597312965427
qwsw_milora_r32_lr5e4_s44,qwsw,Qwen-CS (qwsw),Qwen-2.5-7B,cs,sweep,milora,MiLoRA,0.0005,44.0,qwsw_milora_r32_lr5e4,False,False,True,10.72,30.57,83.47,14.04,7.39,53.53,38.82,39.09,0.5639,-0.2487979054116468
qwsw_milora_r32_lr5e5_s42,qwsw,Qwen-CS (qwsw),Qwen-2.5-7B,cs,sweep,milora,MiLoRA,5e-05,42.0,qwsw_milora_r32_lr5e5,False,False,True,39.41,50.2,85.91,46.91,31.91,70.7,52.39,49.11,0.132,-0.8794260687941501
qwsw_milora_r32_lr5e5_s43,qwsw,Qwen-CS (qwsw),Qwen-2.5-7B,cs,sweep,milora,MiLoRA,5e-05,43.0,qwsw_milora_r32_lr5e5,False,False,True,39.42,50.37,86.9,46.89,31.96,70.94,53.07,48.98,0.1295,-0.8877302315827293
qwsw_milora_r32_lr5e5_s44,qwsw,Qwen-CS (qwsw),Qwen-2.5-7B,cs,sweep,milora,MiLoRA,5e-05,44.0,qwsw_milora_r32_lr5e5,False,False,False,38.7,49.47,86.27,46.21,31.18,70.86,51.45,47.64,0.1323,-0.878440155812499
qwsw_milora_r32_lr7e5_s42,qwsw,Qwen-CS (qwsw),Qwen-2.5-7B,cs,sweep,milora,MiLoRA,7e-05,42.0,qwsw_milora_r32_lr7e5,False,False,True,38.98,48.76,86.76,46.43,31.53,70.52,46.33,49.0,0.1538,-0.8130436645345878
qwsw_sclora_r32_lr15e5_s42,qwsw,Qwen-CS (qwsw),Qwen-2.5-7B,cs,sweep,sclora,SC-LoRA,0.00015,42.0,qwsw_sclora_r32_lr15e5,False,False,True,35.28,42.46,86.85,40.98,29.59,63.32,38.05,40.37,0.3737,-0.4274769021503624
qwsw_sclora_r32_lr1e3_s42,qwsw,Qwen-CS (qwsw),Qwen-2.5-7B,cs,sweep,sclora,SC-LoRA,0.001,42.0,qwsw_sclora_r32_lr1e3,False,True,True,2.23,19.99,38.81,4.44,0.02,23.66,26.02,45.8,2.6995,0.4312833318072613
qwsw_sclora_r32_lr1e3_s43,qwsw,Qwen-CS (qwsw),Qwen-2.5-7B,cs,sweep,sclora,SC-LoRA,0.001,43.0,qwsw_sclora_r32_lr1e3,False,False,True,6.24,20.82,59.43,11.93,0.54,24.37,28.67,38.58,1.0935,0.0388187873736558
qwsw_sclora_r32_lr1e3_s44,qwsw,Qwen-CS (qwsw),Qwen-2.5-7B,cs,sweep,sclora,SC-LoRA,0.001,44.0,qwsw_sclora_r32_lr1e3,False,False,True,4.78,21.03,69.11,9.41,0.15,23.59,30.38,41.62,1.084,0.0350292822023681
qwsw_sclora_r32_lr1e4_s42,qwsw,Qwen-CS (qwsw),Qwen-2.5-7B,cs,sweep,sclora,SC-LoRA,0.0001,42.0,qwsw_sclora_r32_lr1e4,False,False,True,9.44,33.08,87.07,15.71,3.18,62.49,38.4,45.61,0.4408,-0.3557584141562713
qwsw_sclora_r32_lr1e4_s43,qwsw,Qwen-CS (qwsw),Qwen-2.5-7B,cs,sweep,sclora,SC-LoRA,0.0001,43.0,qwsw_sclora_r32_lr1e4,False,False,True,36.22,44.58,87.32,43.48,28.96,66.89,38.82,44.74,0.2994,-0.5237482039929664
qwsw_sclora_r32_lr1e4_s44,qwsw,Qwen-CS (qwsw),Qwen-2.5-7B,cs,sweep,sclora,SC-LoRA,0.0001,44.0,qwsw_sclora_r32_lr1e4,False,False,True,37.88,44.26,87.05,43.22,32.54,65.65,38.48,41.43,0.3024,-0.519418213170831
qwsw_sclora_r32_lr2e4_s42,qwsw,Qwen-CS (qwsw),Qwen-2.5-7B,cs,sweep,sclora,SC-LoRA,0.0002,42.0,qwsw_sclora_r32_lr2e4,False,False,True,7.39,29.43,84.76,14.71,0.07,58.36,38.4,35.59,0.6277,-0.2022478713492892
qwsw_sclora_r32_lr2e4_s43,qwsw,Qwen-CS (qwsw),Qwen-2.5-7B,cs,sweep,sclora,SC-LoRA,0.0002,43.0,qwsw_sclora_r32_lr2e4,False,False,True,29.82,37.14,86.79,38.89,20.74,50.19,37.03,38.85,0.426,-0.370590400897281
qwsw_sclora_r32_lr2e4_s44,qwsw,Qwen-CS (qwsw),Qwen-2.5-7B,cs,sweep,sclora,SC-LoRA,0.0002,44.0,qwsw_sclora_r32_lr2e4,False,False,True,30.02,35.46,76.06,39.49,20.54,40.69,38.05,38.54,0.4343,-0.3622101706377709
qwsw_sclora_r32_lr2e5_s42,qwsw,Qwen-CS (qwsw),Qwen-2.5-7B,cs,sweep,sclora,SC-LoRA,2e-05,42.0,qwsw_sclora_r32_lr2e5,False,False,True,39.78,47.2,87.04,44.79,34.78,70.38,40.78,45.26,0.1703,-0.768785352037399
qwsw_sclora_r32_lr2e5_s43,qwsw,Qwen-CS (qwsw),Qwen-2.5-7B,cs,sweep,sclora,SC-LoRA,2e-05,43.0,qwsw_sclora_r32_lr2e5,False,False,True,39.75,47.63,87.18,47.04,32.46,71.87,41.13,45.63,0.1167,-0.9329291439546298
qwsw_sclora_r32_lr2e5_s44,qwsw,Qwen-CS (qwsw),Qwen-2.5-7B,cs,sweep,sclora,SC-LoRA,2e-05,44.0,qwsw_sclora_r32_lr2e5,False,False,True,39.8,48.15,86.64,47.26,32.33,72.08,42.24,46.84,0.117,-0.9318141382538384
qwsw_sclora_r32_lr3e4_s42,qwsw,Qwen-CS (qwsw),Qwen-2.5-7B,cs,sweep,sclora,SC-LoRA,0.0003,42.0,qwsw_sclora_r32_lr3e4,False,False,True,6.75,25.69,84.0,12.64,0.86,36.66,39.25,39.04,0.7187,-0.1434523551432521
qwsw_sclora_r32_lr3e4_s43,qwsw,Qwen-CS (qwsw),Qwen-2.5-7B,cs,sweep,sclora,SC-LoRA,0.0003,43.0,qwsw_sclora_r32_lr3e4,False,False,True,29.0,37.15,85.43,36.77,21.23,53.39,37.03,37.35,0.5346,-0.2719710455794816
qwsw_sclora_r32_lr3e4_s44,qwsw,Qwen-CS (qwsw),Qwen-2.5-7B,cs,sweep,sclora,SC-LoRA,0.0003,44.0,qwsw_sclora_r32_lr3e4,False,False,True,28.58,37.24,83.23,35.31,21.84,57.11,38.05,33.87,0.5221,-0.2822463067892844
qwsw_sclora_r32_lr5e4_s42,qwsw,Qwen-CS (qwsw),Qwen-2.5-7B,cs,sweep,sclora,SC-LoRA,0.0005,42.0,qwsw_sclora_r32_lr5e4,False,False,True,6.88,21.72,79.8,13.02,0.74,24.7,31.57,38.57,0.9078,-0.0420098215931696
qwsw_sclora_r32_lr5e4_s43,qwsw,Qwen-CS (qwsw),Qwen-2.5-7B,cs,sweep,sclora,SC-LoRA,0.0005,43.0,qwsw_sclora_r32_lr5e4,False,False,True,6.7,21.14,83.35,12.64,0.76,23.91,29.27,39.14,0.704,-0.1524273408578878
qwsw_sclora_r32_lr5e4_s44,qwsw,Qwen-CS (qwsw),Qwen-2.5-7B,cs,sweep,sclora,SC-LoRA,0.0005,44.0,qwsw_sclora_r32_lr5e4,False,False,True,19.06,26.05,82.7,28.75,9.36,27.02,30.55,34.56,0.7207,-0.1422454779405577
qwsw_sclora_r32_lr5e5_s42,qwsw,Qwen-CS (qwsw),Qwen-2.5-7B,cs,sweep,sclora,SC-LoRA,5e-05,42.0,qwsw_sclora_r32_lr5e5,False,False,True,39.04,45.86,86.49,43.66,34.42,68.21,38.05,44.94,0.2754,-0.5600360640790951
qwsw_sclora_r32_lr5e5_s43,qwsw,Qwen-CS (qwsw),Qwen-2.5-7B,cs,sweep,sclora,SC-LoRA,5e-05,43.0,qwsw_sclora_r32_lr5e5,False,False,True,38.27,46.02,53.38,45.89,30.65,71.1,37.2,45.28,0.1968,-0.7059749059046773
qwsw_sclora_r32_lr5e5_s44,qwsw,Qwen-CS (qwsw),Qwen-2.5-7B,cs,sweep,sclora,SC-LoRA,5e-05,44.0,qwsw_sclora_r32_lr5e5,False,False,True,39.08,46.51,87.45,45.88,32.29,70.3,38.05,46.04,0.2012,-0.6963720236161103
qwsw_sclora_r32_lr7e5_s42,qwsw,Qwen-CS (qwsw),Qwen-2.5-7B,cs,sweep,sclora,SC-LoRA,7e-05,42.0,qwsw_sclora_r32_lr7e5,False,False,True,37.79,45.01,87.53,43.89,31.69,69.14,37.63,42.71,0.2465,-0.6081830763867512
qwswm_clora_k1024_lr1e3_s42,qwswm,Qwen-Math (qwswm),Qwen-2.5-7B,math,sweep,clora,CLoRA,0.001,42.0,qwswm_clora_k1024_lr1e3,False,False,True,32.24,43.71,71.19,39.86,24.63,56.89,44.62,52.56,0.4423,-0.3542830606303961
qwswm_clora_k1024_lr1e3_s43,qwswm,Qwen-Math (qwswm),Qwen-2.5-7B,math,sweep,clora,CLoRA,0.001,43.0,qwswm_clora_k1024_lr1e3,False,False,True,31.48,42.49,70.81,40.09,22.86,57.71,42.24,49.54,0.4335,-0.3630108981877709
qwswm_clora_k1024_lr1e3_s44,qwswm,Qwen-Math (qwswm),Qwen-2.5-7B,math,sweep,clora,CLoRA,0.001,44.0,qwswm_clora_k1024_lr1e3,False,False,True,31.48,42.35,69.37,39.99,22.96,55.89,41.13,51.79,0.4318,-0.364717362001788
qwswm_clora_k1024_lr1e4_s42,qwswm,Qwen-Math (qwswm),Qwen-2.5-7B,math,sweep,clora,CLoRA,0.0001,42.0,qwswm_clora_k1024_lr1e4,False,False,True,43.86,53.61,63.0,46.52,41.19,72.17,51.28,56.89,0.0537,-1.2700257143004443
qwswm_clora_k1024_lr1e4_s43,qwswm,Qwen-Math (qwswm),Qwen-2.5-7B,math,sweep,clora,CLoRA,0.0001,43.0,qwswm_clora_k1024_lr1e4,False,False,True,43.34,53.74,64.29,44.65,42.02,71.95,52.65,57.44,0.0538,-1.269217724333611
qwswm_clora_k1024_lr1e4_s44,qwswm,Qwen-Math (qwswm),Qwen-2.5-7B,math,sweep,clora,CLoRA,0.0001,44.0,qwswm_clora_k1024_lr1e4,False,False,True,42.56,53.08,63.23,43.79,41.33,72.38,51.71,56.17,0.0531,-1.274905478918531
qwswm_clora_k1024_lr2e4_s42,qwswm,Qwen-Math (qwswm),Qwen-2.5-7B,math,sweep,clora,CLoRA,0.0002,42.0,qwswm_clora_k1024_lr2e4,False,False,True,45.57,54.18,65.81,48.01,43.13,71.77,52.3,55.7,0.0814,-1.0893755951107988
qwswm_clora_k1024_lr2e4_s43,qwswm,Qwen-Math (qwswm),Qwen-2.5-7B,math,sweep,clora,CLoRA,0.0002,43.0,qwswm_clora_k1024_lr2e4,False,False,True,43.75,53.8,60.96,46.35,41.15,71.51,52.82,57.15,0.0829,-1.0814454694497264
qwswm_clora_k1024_lr2e4_s44,qwswm,Qwen-Math (qwswm),Qwen-2.5-7B,math,sweep,clora,CLoRA,0.0002,44.0,qwswm_clora_k1024_lr2e4,False,False,True,43.56,53.75,65.96,45.31,41.82,71.91,52.99,56.73,0.0832,-1.079876673709276
qwswm_clora_k1024_lr2e5_s42,qwswm,Qwen-Math (qwswm),Qwen-2.5-7B,math,sweep,clora,CLoRA,2e-05,42.0,qwswm_clora_k1024_lr2e5,False,False,True,43.42,53.36,53.07,47.17,39.67,71.95,51.11,56.9,0.0301,-1.5214335044061569
qwswm_clora_k1024_lr2e5_s43,qwswm,Qwen-Math (qwswm),Qwen-2.5-7B,math,sweep,clora,CLoRA,2e-05,43.0,qwswm_clora_k1024_lr2e5,False,False,True,43.12,53.49,51.63,47.49,38.76,71.96,51.79,57.44,0.0303,-1.518557371497695
qwswm_clora_k1024_lr2e5_s44,qwswm,Qwen-Math (qwswm),Qwen-2.5-7B,math,sweep,clora,CLoRA,2e-05,44.0,qwswm_clora_k1024_lr2e5,False,False,False,43.6,53.55,50.72,47.55,39.66,71.97,51.45,57.14,0.0305,-1.515700160653214
qwswm_clora_k1024_lr3e4_s42,qwswm,Qwen-Math (qwswm),Qwen-2.5-7B,math,sweep,clora,CLoRA,0.0003,42.0,qwswm_clora_k1024_lr3e4,False,False,True,43.98,53.75,71.8,46.43,41.52,72.12,52.3,56.36,0.1116,-0.95233580539844
qwswm_clora_k1024_lr3e4_s43,qwswm,Qwen-Math (qwswm),Qwen-2.5-7B,math,sweep,clora,CLoRA,0.0003,43.0,qwswm_clora_k1024_lr3e4,False,False,True,43.86,53.64,64.75,46.71,41.02,71.37,53.07,56.02,0.111,-0.9546770212133424
qwswm_clora_k1024_lr3e4_s44,qwswm,Qwen-Math (qwswm),Qwen-2.5-7B,math,sweep,clora,CLoRA,0.0003,44.0,qwswm_clora_k1024_lr3e4,False,False,True,43.0,52.83,73.01,44.92,41.07,71.34,50.68,56.13,0.1131,-0.9465373950745448
qwswm_clora_k1024_lr5e4_s42,qwswm,Qwen-Math (qwswm),Qwen-2.5-7B,math,sweep,clora,CLoRA,0.0005,42.0,qwswm_clora_k1024_lr5e4,False,False,True,43.53,52.19,71.42,46.17,40.88,70.04,50.09,53.75,0.1895,-0.7223907856959089
qwswm_clora_k1024_lr5e4_s43,qwswm,Qwen-Math (qwswm),Qwen-2.5-7B,math,sweep,clora,CLoRA,0.0005,43.0,qwswm_clora_k1024_lr5e4,False,False,True,42.08,52.61,67.63,43.74,40.43,69.71,52.47,56.7,0.1841,-0.7349462114959853
qwswm_clora_k1024_lr5e4_s44,qwswm,Qwen-Math (qwswm),Qwen-2.5-7B,math,sweep,clora,CLoRA,0.0005,44.0,qwswm_clora_k1024_lr5e4,False,False,True,39.51,51.45,67.4,38.75,40.27,69.7,53.5,55.02,0.1849,-0.7330630888408269
qwswm_clora_k1024_lr5e5_s42,qwswm,Qwen-Math (qwswm),Qwen-2.5-7B,math,sweep,clora,CLoRA,5e-05,42.0,qwswm_clora_k1024_lr5e5,False,False,True,43.46,53.35,57.92,47.03,39.88,72.01,50.68,57.15,0.0386,-1.413412695328245
qwswm_clora_k1024_lr5e5_s43,qwswm,Qwen-Math (qwswm),Qwen-2.5-7B,math,sweep,clora,CLoRA,5e-05,43.0,qwswm_clora_k1024_lr5e5,False,False,True,44.06,53.67,56.71,47.77,40.34,71.85,51.45,56.94,0.0387,-1.4122890349810886
qwswm_clora_k1024_lr5e5_s44,qwswm,Qwen-Math (qwswm),Qwen-2.5-7B,math,sweep,clora,CLoRA,5e-05,44.0,qwswm_clora_k1024_lr5e5,False,False,True,43.78,53.66,62.85,47.4,40.16,72.06,51.11,57.58,0.0383,-1.4168012260313771
qwswm_dora_r16_lr1e3_s42,qwswm,Qwen-Math (qwswm),Qwen-2.5-7B,math,sweep,dora,DoRA,0.001,42.0,qwswm_dora_r16_lr1e3,False,False,True,22.56,31.3,24.49,35.66,9.45,31.46,28.41,51.51,0.6778,-0.1688984354986406
qwswm_dora_r16_lr1e3_s44,qwswm,Qwen-Math (qwswm),Qwen-2.5-7B,math,sweep,dora,DoRA,0.001,44.0,qwswm_dora_r16_lr1e3,False,False,True,28.98,39.67,65.28,38.66,19.3,49.25,42.06,49.08,0.6779,-0.1688343660905575
qwswm_dora_r16_lr1e4_s42,qwswm,Qwen-Math (qwswm),Qwen-2.5-7B,math,sweep,dora,DoRA,0.0001,42.0,qwswm_dora_r16_lr1e4,False,False,True,44.12,53.81,64.06,46.89,41.36,71.97,51.45,57.38,0.0703,-1.153044674980176
qwswm_dora_r16_lr1e4_s43,qwswm,Qwen-Math (qwswm),Qwen-2.5-7B,math,sweep,dora,DoRA,0.0001,43.0,qwswm_dora_r16_lr1e4,False,False,True,43.42,53.65,62.93,46.95,39.88,72.07,52.73,56.61,0.071,-1.1487416512809248
qwswm_dora_r16_lr2e4_s42,qwswm,Qwen-Math (qwswm),Qwen-2.5-7B,math,sweep,dora,DoRA,0.0002,42.0,qwswm_dora_r16_lr2e4,False,False,True,44.28,53.96,67.1,45.62,42.94,71.86,52.22,57.18,0.1125,-0.9488474775526188
qwswm_dora_r16_lr2e4_s43,qwswm,Qwen-Math (qwswm),Qwen-2.5-7B,math,sweep,dora,DoRA,0.0002,43.0,qwswm_dora_r16_lr2e4,False,False,False,44.46,54.35,60.73,46.55,42.38,71.36,53.33,58.11,0.112,-0.9507819773298184
qwswm_dora_r16_lr2e5_s42,qwswm,Qwen-Math (qwswm),Qwen-2.5-7B,math,sweep,dora,DoRA,2e-05,42.0,qwswm_dora_r16_lr2e5,False,False,True,43.64,53.58,55.88,47.98,39.3,72.07,51.28,57.25,0.0394,-1.4045037781744258
qwswm_dora_r16_lr2e5_s43,qwswm,Qwen-Math (qwswm),Qwen-2.5-7B,math,sweep,dora,DoRA,2e-05,43.0,qwswm_dora_r16_lr2e5,False,False,True,43.52,53.67,56.41,47.98,39.05,72.1,51.79,57.44,0.0396,-1.4023048140744876
qwswm_dora_r16_lr3e4_s42,qwswm,Qwen-Math (qwswm),Qwen-2.5-7B,math,sweep,dora,DoRA,0.0003,42.0,qwswm_dora_r16_lr3e4,False,False,True,36.39,50.54,70.96,30.1,42.69,71.17,52.82,55.9,0.1568,-0.8046539416515803
qwswm_dora_r16_lr5e4_s42,qwswm,Qwen-Math (qwswm),Qwen-2.5-7B,math,sweep,dora,DoRA,0.0005,42.0,qwswm_dora_r16_lr5e4,False,False,True,40.04,51.66,70.58,41.04,39.05,69.13,54.27,54.81,0.2603,-0.5845258318907643
qwswm_dora_r16_lr5e5_s42,qwswm,Qwen-Math (qwswm),Qwen-2.5-7B,math,sweep,dora,DoRA,5e-05,42.0,qwswm_dora_r16_lr5e5,False,False,True,43.3,53.2,64.82,46.41,40.18,72.14,50.09,57.19,0.0513,-1.2898826348881838
qwswm_dora_r16_lr5e5_s44,qwswm,Qwen-Math (qwswm),Qwen-2.5-7B,math,sweep,dora,DoRA,5e-05,44.0,qwswm_dora_r16_lr5e5,False,False,True,43.72,53.56,57.39,46.86,40.58,71.98,50.6,57.8,0.0507,-1.294992040666664
qwswm_lora_null_r16_lr1e3_s42,qwswm,Qwen-Math (qwswm),Qwen-2.5-7B,math,sweep,lora_null,LoRA-Null,0.001,42.0,qwswm_lora_null_r16_lr1e3,False,False,True,38.58,49.31,72.86,45.45,31.7,64.68,50.09,54.64,0.3938,-0.4047242881979006
qwswm_lora_null_r16_lr1e3_s43,qwswm,Qwen-Math (qwswm),Qwen-2.5-7B,math,sweep,lora_null,LoRA-Null,0.001,43.0,qwswm_lora_null_r16_lr1e3,False,False,True,39.8,49.09,73.31,44.65,34.96,63.48,50.34,52.0,0.3918,-0.4069355683412824
qwswm_lora_null_r16_lr1e3_s44,qwswm,Qwen-Math (qwswm),Qwen-2.5-7B,math,sweep,lora_null,LoRA-Null,0.001,44.0,qwswm_lora_null_r16_lr1e3,False,False,True,38.54,49.07,70.81,44.19,32.9,64.88,50.51,52.86,0.3703,-0.4314462879505574
qwswm_lora_null_r16_lr1e4_s42,qwswm,Qwen-Math (qwswm),Qwen-2.5-7B,math,sweep,lora_null,LoRA-Null,0.0001,42.0,qwswm_lora_null_r16_lr1e4,False,False,True,42.34,52.91,68.99,45.34,39.33,72.29,50.6,56.98,0.0553,-1.2572748686953017
qwswm_lora_null_r16_lr1e4_s43,qwswm,Qwen-Math (qwswm),Qwen-2.5-7B,math,sweep,lora_null,LoRA-Null,0.0001,43.0,qwswm_lora_null_r16_lr1e4,False,False,True,43.77,53.68,66.19,47.75,39.79,72.22,51.62,57.02,0.0551,-1.2588484011482148
qwswm_lora_null_r16_lr1e4_s44,qwswm,Qwen-Math (qwswm),Qwen-2.5-7B,math,sweep,lora_null,LoRA-Null,0.0001,44.0,qwswm_lora_null_r16_lr1e4,False,False,True,43.96,53.55,67.25,48.0,39.93,72.05,51.02,56.74,0.0553,-1.2572748686953017
qwswm_lora_null_r16_lr2e4_s42,qwswm,Qwen-Math (qwswm),Qwen-2.5-7B,math,sweep,lora_null,LoRA-Null,0.0002,42.0,qwswm_lora_null_r16_lr2e4,False,False,True,43.47,53.67,68.99,47.2,39.74,71.85,52.47,57.08,0.0849,-1.0710923097560474
qwswm_lora_null_r16_lr2e4_s43,qwswm,Qwen-Math (qwswm),Qwen-2.5-7B,math,sweep,lora_null,LoRA-Null,0.0002,43.0,qwswm_lora_null_r16_lr2e4,False,False,True,44.2,53.7,66.79,47.7,40.69,71.61,52.39,56.13,0.0849,-1.0710923097560474
qwswm_lora_null_r16_lr2e4_s44,qwswm,Qwen-Math (qwswm),Qwen-2.5-7B,math,sweep,lora_null,LoRA-Null,0.0002,44.0,qwswm_lora_null_r16_lr2e4,False,False,True,43.5,53.53,75.66,46.09,40.92,72.01,52.05,56.57,0.0852,-1.0695604052333
qwswm_lora_null_r16_lr2e5_s42,qwswm,Qwen-Math (qwswm),Qwen-2.5-7B,math,sweep,lora_null,LoRA-Null,2e-05,42.0,qwswm_lora_null_r16_lr2e5,False,False,True,43.44,53.27,52.54,47.66,39.21,72.11,50.09,57.29,0.0292,-1.5346171485515816
qwswm_lora_null_r16_lr2e5_s43,qwswm,Qwen-Math (qwswm),Qwen-2.5-7B,math,sweep,lora_null,LoRA-Null,2e-05,43.0,qwswm_lora_null_r16_lr2e5,False,False,True,43.04,52.99,50.27,47.6,38.49,72.14,49.4,57.33,0.0292,-1.5346171485515816
qwswm_lora_null_r16_lr2e5_s44,qwswm,Qwen-Math (qwswm),Qwen-2.5-7B,math,sweep,lora_null,LoRA-Null,2e-05,44.0,qwswm_lora_null_r16_lr2e5,False,False,True,43.19,53.14,50.57,47.57,38.81,72.12,50.0,57.2,0.0291,-1.5361070110140926
qwswm_lora_null_r16_lr3e4_s42,qwswm,Qwen-Math (qwswm),Qwen-2.5-7B,math,sweep,lora_null,LoRA-Null,0.0003,42.0,qwswm_lora_null_r16_lr3e4,False,False,True,42.37,53.2,70.36,43.97,40.77,72.11,52.47,56.67,0.1159,-0.935916564036404
qwswm_lora_null_r16_lr3e4_s43,qwswm,Qwen-Math (qwswm),Qwen-2.5-7B,math,sweep,lora_null,LoRA-Null,0.0003,43.0,qwswm_lora_null_r16_lr3e4,False,False,True,42.45,52.82,68.08,46.03,38.87,71.41,52.73,55.05,0.1156,-0.9370421659154896
qwswm_lora_null_r16_lr3e4_s44,qwswm,Qwen-Math (qwswm),Qwen-2.5-7B,math,sweep,lora_null,LoRA-Null,0.0003,44.0,qwswm_lora_null_r16_lr3e4,False,False,True,42.37,53.06,76.04,42.79,41.95,71.59,52.13,56.83,0.1169,-0.93218548883816
qwswm_lora_null_r16_lr5e4_s42,qwswm,Qwen-Math (qwswm),Qwen-2.5-7B,math,sweep,lora_null,LoRA-Null,0.0005,42.0,qwswm_lora_null_r16_lr5e4,False,False,True,42.86,52.87,70.05,46.2,39.52,69.99,54.35,54.28,0.1781,-0.7493360805367565
qwswm_lora_null_r16_lr5e4_s43,qwswm,Qwen-Math (qwswm),Qwen-2.5-7B,math,sweep,lora_null,LoRA-Null,0.0005,43.0,qwswm_lora_null_r16_lr5e4,False,False,True,43.71,53.37,65.28,47.58,39.84,70.42,53.58,55.44,0.1795,-0.745935547085662
qwswm_lora_null_r16_lr5e4_s44,qwswm,Qwen-Math (qwswm),Qwen-2.5-7B,math,sweep,lora_null,LoRA-Null,0.0005,44.0,qwswm_lora_null_r16_lr5e4,False,False,True,40.13,51.45,59.44,42.01,38.25,70.67,52.73,53.6,0.1775,-0.7508016426088872
qwswm_lora_null_r16_lr5e5_s42,qwswm,Qwen-Math (qwswm),Qwen-2.5-7B,math,sweep,lora_null,LoRA-Null,5e-05,42.0,qwswm_lora_null_r16_lr5e5,False,False,True,42.88,53.15,62.62,47.37,38.39,72.27,50.43,57.31,0.0408,-1.38933983691012
qwswm_lora_null_r16_lr5e5_s44,qwswm,Qwen-Math (qwswm),Qwen-2.5-7B,math,sweep,lora_null,LoRA-Null,5e-05,44.0,qwswm_lora_null_r16_lr5e5,False,False,True,43.56,53.45,60.8,47.84,39.28,72.13,50.94,57.05,0.0406,-1.391473966422806
qwswm_lora_r16_lr1e3_s42,qwswm,Qwen-Math (qwswm),Qwen-2.5-7B,math,sweep,lora,LoRA,0.001,42.0,qwswm_lora_r16_lr1e3,False,False,True,8.88,33.36,67.32,15.96,1.8,52.57,44.71,51.76,0.5871,-0.2312879196223364
qwswm_lora_r16_lr1e3_s43,qwswm,Qwen-Math (qwswm),Qwen-2.5-7B,math,sweep,lora,LoRA,0.001,43.0,qwswm_lora_r16_lr1e3,False,False,True,29.11,39.48,59.44,37.2,21.01,47.86,39.68,51.67,0.5824,-0.2347786336950192
qwswm_lora_r16_lr1e3_s44,qwswm,Qwen-Math (qwswm),Qwen-2.5-7B,math,sweep,lora,LoRA,0.001,44.0,qwswm_lora_r16_lr1e3,False,False,True,8.38,32.49,32.07,15.74,1.01,52.59,40.87,52.25,0.5801,-0.236497134532403
qwswm_lora_r16_lr1e4_s42,qwswm,Qwen-Math (qwswm),Qwen-2.5-7B,math,sweep,lora,LoRA,0.0001,42.0,qwswm_lora_r16_lr1e4,False,False,True,42.8,53.2,63.0,44.34,41.26,72.13,50.6,57.66,0.0718,-1.1438755557576996
qwswm_lora_r16_lr1e4_s43,qwswm,Qwen-Math (qwswm),Qwen-2.5-7B,math,sweep,lora,LoRA,0.0001,43.0,qwswm_lora_r16_lr1e4,False,False,True,43.78,53.61,59.44,46.74,40.83,71.76,52.05,56.66,0.0724,-1.1402614338028532
qwswm_lora_r16_lr1e4_s44,qwswm,Qwen-Math (qwswm),Qwen-2.5-7B,math,sweep,lora,LoRA,0.0001,44.0,qwswm_lora_r16_lr1e4,False,False,False,44.58,53.7,68.01,47.2,41.96,72.13,50.43,56.76,0.0721,-1.142064735280571
qwswm_lora_r16_lr2e4_s42,qwswm,Qwen-Math (qwswm),Qwen-2.5-7B,math,sweep,lora,LoRA,0.0002,42.0,qwswm_lora_r16_lr2e4,False,False,True,43.92,53.77,65.28,46.83,41.01,71.93,53.24,55.83,0.1153,-0.938170692705301
qwswm_lora_r16_lr2e4_s43,qwswm,Qwen-Math (qwswm),Qwen-2.5-7B,math,sweep,lora,LoRA,0.0002,43.0,qwswm_lora_r16_lr2e4,False,False,True,44.84,54.0,49.73,48.2,41.49,71.65,51.62,57.05,0.1178,-0.9288547095489172
qwswm_lora_r16_lr2e4_s44,qwswm,Qwen-Math (qwswm),Qwen-2.5-7B,math,sweep,lora,LoRA,0.0002,44.0,qwswm_lora_r16_lr2e4,False,False,True,44.34,53.37,66.34,46.74,41.95,71.14,51.62,55.38,0.1135,-0.9450041384708584
qwswm_lora_r16_lr2e5_s42,qwswm,Qwen-Math (qwswm),Qwen-2.5-7B,math,sweep,lora,LoRA,2e-05,42.0,qwswm_lora_r16_lr2e5,False,False,True,43.54,53.55,53.9,47.8,39.29,72.15,51.11,57.42,0.0393,-1.4056074496245732
qwswm_lora_r16_lr2e5_s43,qwswm,Qwen-Math (qwswm),Qwen-2.5-7B,math,sweep,lora,LoRA,2e-05,43.0,qwswm_lora_r16_lr2e5,False,False,True,43.3,53.42,57.77,47.32,39.28,72.11,50.94,57.46,0.0394,-1.4045037781744258
qwswm_lora_r16_lr2e5_s44,qwswm,Qwen-Math (qwswm),Qwen-2.5-7B,math,sweep,lora,LoRA,2e-05,44.0,qwswm_lora_r16_lr2e5,False,False,True,43.39,53.3,56.1,47.57,39.2,72.05,50.43,57.25,0.039,-1.408935392973501
qwswm_lora_r16_lr3e4_s42,qwswm,Qwen-Math (qwswm),Qwen-2.5-7B,math,sweep,lora,LoRA,0.0003,42.0,qwswm_lora_r16_lr3e4,False,False,True,44.84,54.11,65.73,46.72,42.95,71.14,54.35,55.4,0.1585,-0.7999707334462297
qwswm_lora_r16_lr3e4_s43,qwswm,Qwen-Math (qwswm),Qwen-2.5-7B,math,sweep,lora,LoRA,0.0003,43.0,qwswm_lora_r16_lr3e4,False,False,True,44.8,54.04,56.56,47.57,42.02,71.56,52.22,56.84,0.1677,-0.7754669373939143
qwswm_lora_r16_lr3e4_s44,qwswm,Qwen-Math (qwswm),Qwen-2.5-7B,math,sweep,lora,LoRA,0.0003,44.0,qwswm_lora_r16_lr3e4,False,False,True,44.52,53.91,63.61,47.09,41.95,71.06,53.16,56.27,0.1569,-0.8043770564130633
qwswm_lora_r16_lr5e4_s42,qwswm,Qwen-Math (qwswm),Qwen-2.5-7B,math,sweep,lora,LoRA,0.0005,42.0,qwswm_lora_r16_lr5e4,False,False,True,41.89,51.32,59.51,44.68,39.09,68.82,49.91,54.09,0.2468,-0.6076548446387959
qwswm_lora_r16_lr5e4_s43,qwswm,Qwen-Math (qwswm),Qwen-2.5-7B,math,sweep,lora,LoRA,0.0005,43.0,qwswm_lora_r16_lr5e4,False,False,True,42.35,51.77,65.88,44.56,40.14,69.38,49.57,55.2,0.2414,-0.6172627342386696
qwswm_lora_r16_lr5e4_s44,qwswm,Qwen-Math (qwswm),Qwen-2.5-7B,math,sweep,lora,LoRA,0.0005,44.0,qwswm_lora_r16_lr5e4,False,False,True,42.72,52.33,55.42,46.78,38.66,68.83,53.58,53.81,0.2425,-0.6152882570617175
qwswm_lora_r16_lr5e5_s42,qwswm,Qwen-Math (qwswm),Qwen-2.5-7B,math,sweep,lora,LoRA,5e-05,42.0,qwswm_lora_r16_lr5e5,False,False,True,43.56,53.33,62.4,47.21,39.91,72.09,50.77,56.67,0.0517,-1.2865094569060576
qwswm_lora_r16_lr5e5_s43,qwswm,Qwen-Math (qwswm),Qwen-2.5-7B,math,sweep,lora,LoRA,5e-05,43.0,qwswm_lora_r16_lr5e5,False,False,True,43.39,53.74,61.94,47.52,39.25,72.13,51.96,57.84,0.0514,-1.2890368810047244
qwswm_lora_r16_lr5e5_s44,qwswm,Qwen-Math (qwswm),Qwen-2.5-7B,math,sweep,lora,LoRA,5e-05,44.0,qwswm_lora_r16_lr5e5,False,False,True,43.79,53.58,55.57,47.66,39.92,72.16,51.02,57.16,0.0513,-1.2898826348881838
qwswm_lora_r32_lr15e5_s42,qwswm,Qwen-Math (qwswm),Qwen-2.5-7B,math,sweep,lora,LoRA,0.00015,42.0,qwswm_lora_r32_lr15e5,False,False,True,44.18,53.91,54.81,45.77,42.59,71.84,52.13,57.24,0.105,-0.978810700930062
qwswm_lora_r32_lr1e3_s42,qwswm,Qwen-Math (qwswm),Qwen-2.5-7B,math,sweep,lora,LoRA,0.001,42.0,qwswm_lora_r32_lr1e3,False,False,True,17.7,29.34,19.03,29.27,6.13,30.37,32.08,48.84,0.9033,-0.0441679897675782
qwswm_lora_r32_lr1e3_s43,qwswm,Qwen-Math (qwswm),Qwen-2.5-7B,math,sweep,lora,LoRA,0.001,43.0,qwswm_lora_r32_lr1e3,False,False,True,6.54,24.51,40.11,13.07,0.02,31.31,32.08,46.08,0.9379,-0.0278434641405063
qwswm_lora_r32_lr1e3_s44,qwswm,Qwen-Math (qwswm),Qwen-2.5-7B,math,sweep,lora,LoRA,0.001,44.0,qwswm_lora_r32_lr1e3,False,False,True,6.7,24.8,33.21,12.89,0.51,31.08,29.95,49.55,0.9464,-0.023925268380126
qwswm_lora_r32_lr1e4_s42,qwswm,Qwen-Math (qwswm),Qwen-2.5-7B,math,sweep,lora,LoRA,0.0001,42.0,qwswm_lora_r32_lr1e4,False,False,True,43.46,53.98,64.75,44.62,42.29,72.01,53.67,57.3,0.0781,-1.1073489661226996
qwswm_lora_r32_lr1e4_s43,qwswm,Qwen-Math (qwswm),Qwen-2.5-7B,math,sweep,lora,LoRA,0.0001,43.0,qwswm_lora_r32_lr1e4,False,False,True,44.39,54.0,67.4,47.47,41.31,71.82,52.56,56.86,0.078,-1.1079053973095196
qwswm_lora_r32_lr1e4_s44,qwswm,Qwen-Math (qwswm),Qwen-2.5-7B,math,sweep,lora,LoRA,0.0001,44.0,qwswm_lora_r32_lr1e4,False,False,True,44.74,54.08,66.26,46.48,42.99,72.2,51.71,57.04,0.0778,-1.109020403010311
qwswm_lora_r32_lr2e4_ep6_s42,qwswm,Qwen-Math (qwswm),Qwen-2.5-7B,math,sweep,lora,LoRA,0.0002,42.0,qwswm_lora_r32_lr2e4_ep6,False,False,True,41.45,51.81,62.4,40.88,42.02,70.0,51.11,55.03,0.2064,-0.6852903070448263
qwswm_lora_r32_lr2e4_ep6_s43,qwswm,Qwen-Math (qwswm),Qwen-2.5-7B,math,sweep,lora,LoRA,0.0002,43.0,qwswm_lora_r32_lr2e4_ep6,False,False,True,44.34,52.72,64.82,47.03,41.65,70.37,50.6,53.93,0.2199,-0.6577747706392096
qwswm_lora_r32_lr2e4_ep6_s44,qwswm,Qwen-Math (qwswm),Qwen-2.5-7B,math,sweep,lora,LoRA,0.0002,44.0,qwswm_lora_r32_lr2e4_ep6,False,False,True,43.22,51.78,70.66,45.32,41.12,69.72,48.81,53.93,0.2039,-0.69058277422186
qwswm_lora_r32_lr2e4_s42,qwswm,Qwen-Math (qwswm),Qwen-2.5-7B,math,sweep,lora,LoRA,0.0002,42.0,qwswm_lora_r32_lr2e4,False,False,True,43.6,53.48,64.14,46.38,40.81,71.64,54.1,54.49,0.1358,-0.8671002300555171
qwswm_lora_r32_lr2e4_s43,qwswm,Qwen-Math (qwswm),Qwen-2.5-7B,math,sweep,lora,LoRA,0.0002,43.0,qwswm_lora_r32_lr2e4,False,False,True,44.46,53.1,63.84,47.7,41.22,70.45,51.11,55.03,0.1437,-0.8425432318657744
qwswm_lora_r32_lr2e4_s44,qwswm,Qwen-Math (qwswm),Qwen-2.5-7B,math,sweep,lora,LoRA,0.0002,44.0,qwswm_lora_r32_lr2e4,False,False,True,44.36,53.64,61.87,47.0,41.73,70.71,53.07,55.68,0.1427,-0.845576026885353
qwswm_lora_r32_lr2e5_s42,qwswm,Qwen-Math (qwswm),Qwen-2.5-7B,math,sweep,lora,LoRA,2e-05,42.0,qwswm_lora_r32_lr2e5,False,False,True,43.47,53.5,61.26,47.49,39.45,72.03,50.85,57.69,0.0388,-1.4111682744057927
qwswm_lora_r32_lr2e5_s43,qwswm,Qwen-Math (qwswm),Qwen-2.5-7B,math,sweep,lora,LoRA,2e-05,43.0,qwswm_lora_r32_lr2e5,False,False,True,43.36,53.4,56.18,47.67,39.05,72.05,50.85,57.37,0.0385,-1.4145392704914994
qwswm_lora_r32_lr2e5_s44,qwswm,Qwen-Math (qwswm),Qwen-2.5-7B,math,sweep,lora,LoRA,2e-05,44.0,qwswm_lora_r32_lr2e5,False,False,True,43.41,53.43,56.94,47.4,39.42,72.2,50.68,57.47,0.0386,-1.413412695328245
qwswm_lora_r32_lr3e4_s42,qwswm,Qwen-Math (qwswm),Qwen-2.5-7B,math,sweep,lora,LoRA,0.0003,42.0,qwswm_lora_r32_lr3e4,False,False,True,44.22,52.73,58.38,47.44,40.99,70.17,50.26,54.78,0.2007,-0.6974526275125145
qwswm_lora_r32_lr3e4_s43,qwswm,Qwen-Math (qwswm),Qwen-2.5-7B,math,sweep,lora,LoRA,0.0003,43.0,qwswm_lora_r32_lr3e4,False,False,True,42.86,52.53,70.13,44.69,41.03,69.31,53.33,54.29,0.2146,-0.6683702823700677
qwswm_lora_r32_lr3e4_s44,qwswm,Qwen-Math (qwswm),Qwen-2.5-7B,math,sweep,lora,LoRA,0.0003,44.0,qwswm_lora_r32_lr3e4,False,False,True,39.75,51.02,71.19,38.9,40.59,69.28,51.02,55.29,0.2099,-0.6779875614175995
qwswm_lora_r32_lr5e4_s42,qwswm,Qwen-Math (qwswm),Qwen-2.5-7B,math,sweep,lora,LoRA,0.0005,42.0,qwswm_lora_r32_lr5e4,False,True,True,0.0,19.49,0.0,0.0,0.0,22.95,26.28,48.22,20.8928,1.3199966469243694
qwswm_lora_r32_lr5e4_s43,qwswm,Qwen-Math (qwswm),Qwen-2.5-7B,math,sweep,lora,LoRA,0.0005,43.0,qwswm_lora_r32_lr5e4,False,False,True,35.7,47.11,71.04,40.13,31.27,62.64,49.15,52.34,0.386,-0.413412695328245
qwswm_lora_r32_lr5e4_s44,qwswm,Qwen-Math (qwswm),Qwen-2.5-7B,math,sweep,lora,LoRA,0.0005,44.0,qwswm_lora_r32_lr5e4,False,False,True,37.1,47.52,69.83,43.4,30.79,62.73,45.99,54.68,0.3852,-0.4143137215475031
qwswm_lora_r32_lr5e5_s42,qwswm,Qwen-Math (qwswm),Qwen-2.5-7B,math,sweep,lora,LoRA,5e-05,42.0,qwswm_lora_r32_lr5e5,False,False,True,43.84,53.6,62.24,46.84,40.84,72.11,50.68,57.51,0.0518,-1.285670240254767
qwswm_lora_r32_lr5e5_s43,qwswm,Qwen-Math (qwswm),Qwen-2.5-7B,math,sweep,lora,LoRA,5e-05,43.0,qwswm_lora_r32_lr5e5,False,False,True,43.61,53.87,63.91,46.8,40.43,72.13,52.99,56.99,0.0523,-1.2814983111327258
qwswm_lora_r32_lr5e5_s44,qwswm,Qwen-Math (qwswm),Qwen-2.5-7B,math,sweep,lora,LoRA,5e-05,44.0,qwswm_lora_r32_lr5e5,False,False,True,44.14,54.0,57.01,47.2,41.07,72.29,51.11,58.31,0.0519,-1.284832642151542
qwswm_lora_r32_lr7e5_s42,qwswm,Qwen-Math (qwswm),Qwen-2.5-7B,math,sweep,lora,LoRA,7e-05,42.0,qwswm_lora_r32_lr7e5,False,False,True,43.72,53.62,67.17,45.77,41.67,72.4,50.77,57.48,0.0629,-1.2013493545547311
qwswm_lorawd_wd0p3_lr1e3_s42,qwswm,Qwen-Math (qwswm),Qwen-2.5-7B,math,sweep,lorawd,LoRA+wd,0.001,42.0,qwswm_lorawd_wd0p3_lr1e3,False,True,True,0.0,20.28,0.0,0.0,0.0,24.92,27.3,49.2,15.7605,1.1975699913132083
qwswm_lorawd_wd0p3_lr1e3_s43,qwswm,Qwen-Math (qwswm),Qwen-2.5-7B,math,sweep,lorawd,LoRA+wd,0.001,43.0,qwswm_lorawd_wd0p3_lr1e3,False,True,True,0.0,19.23,0.0,0.0,0.0,22.96,25.68,47.51,11.9786,1.0784060628108865
qwswm_lorawd_wd0p3_lr1e3_s44,qwswm,Qwen-Math (qwswm),Qwen-2.5-7B,math,sweep,lorawd,LoRA+wd,0.001,44.0,qwswm_lorawd_wd0p3_lr1e3,False,False,True,42.92,52.76,72.93,46.98,38.85,69.33,52.9,55.72,0.2126,-0.672436739812722
qwswm_lorawd_wd0p3_lr1e4_s42,qwswm,Qwen-Math (qwswm),Qwen-2.5-7B,math,sweep,lorawd,LoRA+wd,0.0001,42.0,qwswm_lorawd_wd0p3_lr1e4,False,False,True,45.08,54.14,65.58,47.66,42.5,72.08,51.62,56.82,0.0636,-1.1965428843515862
qwswm_lorawd_wd0p3_lr1e4_s43,qwswm,Qwen-Math (qwswm),Qwen-2.5-7B,math,sweep,lorawd,LoRA+wd,0.0001,43.0,qwswm_lorawd_wd0p3_lr1e4,False,False,True,44.44,54.17,63.76,47.3,41.58,72.12,52.05,57.82,0.0632,-1.1992829217176149
qwswm_lorawd_wd0p3_lr1e4_s44,qwswm,Qwen-Math (qwswm),Qwen-2.5-7B,math,sweep,lorawd,LoRA+wd,0.0001,44.0,qwswm_lorawd_wd0p3_lr1e4,False,False,True,44.61,53.85,63.46,46.87,42.35,72.28,50.17,57.58,0.0633,-1.198596289982645
qwswm_lorawd_wd0p3_lr2e4_s42,qwswm,Qwen-Math (qwswm),Qwen-2.5-7B,math,sweep,lorawd,LoRA+wd,0.0002,42.0,qwswm_lorawd_wd0p3_lr2e4,False,False,True,45.86,54.48,59.14,48.0,43.71,71.97,51.28,57.43,0.0856,-1.0675262353228467
qwswm_lorawd_wd0p3_lr2e4_s43,qwswm,Qwen-Math (qwswm),Qwen-2.5-7B,math,sweep,lorawd,LoRA+wd,0.0002,43.0,qwswm_lorawd_wd0p3_lr2e4,False,False,True,44.96,53.92,58.98,47.34,42.59,71.93,52.3,55.43,0.0872,-1.0594835150674329
qwswm_lorawd_wd0p3_lr2e4_s44,qwswm,Qwen-Math (qwswm),Qwen-2.5-7B,math,sweep,lorawd,LoRA+wd,0.0002,44.0,qwswm_lorawd_wd0p3_lr2e4,False,False,True,44.92,54.34,67.48,47.73,42.1,71.87,54.18,55.8,0.0937,-1.0282604091122216
qwswm_lorawd_wd0p3_lr2e5_s42,qwswm,Qwen-Math (qwswm),Qwen-2.5-7B,math,sweep,lorawd,LoRA+wd,2e-05,42.0,qwswm_lorawd_wd0p3_lr2e5,False,False,True,43.66,53.31,58.53,47.6,39.71,71.96,50.0,57.28,0.0381,-1.4190750243243806
qwswm_lorawd_wd0p3_lr2e5_s43,qwswm,Qwen-Math (qwswm),Qwen-2.5-7B,math,sweep,lorawd,LoRA+wd,2e-05,43.0,qwswm_lorawd_wd0p3_lr2e5,False,False,True,43.63,53.68,55.42,47.77,39.49,71.95,51.45,57.72,0.0376,-1.424812155072339
qwswm_lorawd_wd0p3_lr2e5_s44,qwswm,Qwen-Math (qwswm),Qwen-2.5-7B,math,sweep,lorawd,LoRA+wd,2e-05,44.0,qwswm_lorawd_wd0p3_lr2e5,False,False,True,43.38,53.42,57.47,47.41,39.35,72.16,50.94,57.25,0.0379,-1.4213607900319276
qwswm_lorawd_wd0p3_lr3e4_ep6_s42,qwswm,Qwen-Math (qwswm),Qwen-2.5-7B,math,sweep,lorawd,LoRA+wd,0.0003,42.0,qwswm_lorawd_wd0p3_lr3e4_ep6,False,False,True,44.57,52.99,71.65,46.48,42.66,70.97,50.94,53.88,0.1144,-0.9415739755429946
qwswm_lorawd_wd0p3_lr3e4_ep6_s43,qwswm,Qwen-Math (qwswm),Qwen-2.5-7B,math,sweep,lorawd,LoRA+wd,0.0003,43.0,qwswm_lorawd_wd0p3_lr3e4_ep6,False,False,True,44.12,53.44,67.17,44.72,43.53,71.56,53.07,54.32,0.1147,-0.9404365820987324
qwswm_lorawd_wd0p3_lr3e4_ep6_s44,qwswm,Qwen-Math (qwswm),Qwen-2.5-7B,math,sweep,lorawd,LoRA+wd,0.0003,44.0,qwswm_lorawd_wd0p3_lr3e4_ep6,False,False,True,44.35,52.91,68.08,44.91,43.79,71.47,50.26,54.1,0.1136,-0.944621668625
qwswm_lorawd_wd0p3_lr3e4_s42,qwswm,Qwen-Math (qwswm),Qwen-2.5-7B,math,sweep,lorawd,LoRA+wd,0.0003,42.0,qwswm_lorawd_wd0p3_lr3e4,False,False,True,45.44,54.37,66.64,47.57,43.3,71.58,53.5,55.91,0.1038,-0.9838026464875608
qwswm_lorawd_wd0p3_lr3e4_s43,qwswm,Qwen-Math (qwswm),Qwen-2.5-7B,math,sweep,lorawd,LoRA+wd,0.0003,43.0,qwswm_lorawd_wd0p3_lr3e4,False,False,True,44.98,54.04,72.78,47.95,42.02,71.72,52.39,56.13,0.0993,-1.0030507515046188
qwswm_lorawd_wd0p3_lr3e4_s44,qwswm,Qwen-Math (qwswm),Qwen-2.5-7B,math,sweep,lorawd,LoRA+wd,0.0003,44.0,qwswm_lorawd_wd0p3_lr3e4,False,False,True,45.16,54.22,67.48,47.09,43.23,71.49,52.05,57.22,0.1038,-0.9838026464875608
qwswm_lorawd_wd0p3_lr5e4_s42,qwswm,Qwen-Math (qwswm),Qwen-2.5-7B,math,sweep,lorawd,LoRA+wd,0.0005,42.0,qwswm_lorawd_wd0p3_lr5e4,False,False,True,45.06,53.5,65.35,48.01,42.1,71.34,50.77,55.28,0.1241,-0.90622821850127
qwswm_lorawd_wd0p3_lr5e4_s43,qwswm,Qwen-Math (qwswm),Qwen-2.5-7B,math,sweep,lorawd,LoRA+wd,0.0005,43.0,qwswm_lorawd_wd0p3_lr5e4,False,False,True,45.48,54.31,68.84,48.87,42.1,70.99,54.18,55.43,0.122,-0.9136401693252518
qwswm_lorawd_wd0p3_lr5e4_s44,qwswm,Qwen-Math (qwswm),Qwen-2.5-7B,math,sweep,lorawd,LoRA+wd,0.0005,44.0,qwswm_lorawd_wd0p3_lr5e4,False,False,True,44.34,53.81,70.13,46.78,41.91,71.09,53.24,56.02,0.1211,-0.9168558568569476
qwswm_lorawd_wd0p3_lr5e5_s42,qwswm,Qwen-Math (qwswm),Qwen-2.5-7B,math,sweep,lorawd,LoRA+wd,5e-05,42.0,qwswm_lorawd_wd0p3_lr5e5,False,False,True,43.63,53.66,60.42,46.78,40.48,72.26,51.62,57.18,0.0476,-1.322393047279507
qwswm_lorawd_wd0p3_lr5e5_s43,qwswm,Qwen-Math (qwswm),Qwen-2.5-7B,math,sweep,lorawd,LoRA+wd,5e-05,43.0,qwswm_lorawd_wd0p3_lr5e5,False,False,True,43.62,53.61,61.87,46.92,40.31,71.92,51.88,57.04,0.0473,-1.3251388592621884
qwswm_lorawd_wd0p3_lr5e5_s44,qwswm,Qwen-Math (qwswm),Qwen-2.5-7B,math,sweep,lorawd,LoRA+wd,5e-05,44.0,qwswm_lorawd_wd0p3_lr5e5,False,False,True,44.03,53.69,58.45,47.64,40.42,72.26,50.51,57.63,0.0476,-1.322393047279507
qwswm_milora_r32_lr15e5_s42,qwswm,Qwen-Math (qwswm),Qwen-2.5-7B,math,sweep,milora,MiLoRA,0.00015,42.0,qwswm_milora_r32_lr15e5,False,False,True,43.96,52.83,57.92,46.97,40.94,71.67,48.63,55.92,0.1244,-0.9051796196452
qwswm_milora_r32_lr1e3_s42,qwswm,Qwen-Math (qwswm),Qwen-2.5-7B,math,sweep,milora,MiLoRA,0.001,42.0,qwswm_milora_r32_lr1e3,False,False,True,7.26,29.58,62.17,14.04,0.49,45.57,36.43,51.39,0.654,-0.1844222516757327
qwswm_milora_r32_lr1e3_s43,qwswm,Qwen-Math (qwswm),Qwen-2.5-7B,math,sweep,milora,MiLoRA,0.001,43.0,qwswm_milora_r32_lr1e3,False,True,True,0.0,19.26,0.0,0.0,0.0,22.95,25.85,47.52,45.7398,1.6602942612963905
qwswm_milora_r32_lr1e3_s44,qwswm,Qwen-Math (qwswm),Qwen-2.5-7B,math,sweep,milora,MiLoRA,0.001,44.0,qwswm_milora_r32_lr1e3,False,False,True,9.5,31.13,60.27,16.51,2.49,46.36,38.31,51.98,0.6548,-0.1838913292600961
qwswm_milora_r32_lr1e4_s42,qwswm,Qwen-Math (qwswm),Qwen-2.5-7B,math,sweep,milora,MiLoRA,0.0001,42.0,qwswm_milora_r32_lr1e4,False,False,True,44.06,53.26,59.89,46.91,41.22,71.75,50.09,56.35,0.0982,-1.0078885122130503
qwswm_milora_r32_lr1e4_s43,qwswm,Qwen-Math (qwswm),Qwen-2.5-7B,math,sweep,milora,MiLoRA,0.0001,43.0,qwswm_milora_r32_lr1e4,False,False,True,43.04,53.07,63.23,45.31,40.76,71.64,51.37,56.28,0.0981,-1.0083309926200514
qwswm_milora_r32_lr1e4_s44,qwswm,Qwen-Math (qwswm),Qwen-2.5-7B,math,sweep,milora,MiLoRA,0.0001,44.0,qwswm_milora_r32_lr1e4,False,False,True,44.55,53.32,57.85,47.24,41.86,71.66,50.0,55.82,0.0983,-1.0074464821678644
qwswm_milora_r32_lr2e4_s42,qwswm,Qwen-Math (qwswm),Qwen-2.5-7B,math,sweep,milora,MiLoRA,0.0002,42.0,qwswm_milora_r32_lr2e4,False,False,True,43.46,52.6,62.62,47.15,39.78,71.23,47.78,57.08,0.1496,-0.8250684064715574
qwswm_milora_r32_lr2e4_s43,qwswm,Qwen-Math (qwswm),Qwen-2.5-7B,math,sweep,milora,MiLoRA,0.0002,43.0,qwswm_milora_r32_lr2e4,False,False,True,42.42,52.41,69.98,44.71,40.13,71.07,52.56,53.58,0.1363,-0.8655041441653264
qwswm_milora_r32_lr2e4_s44,qwswm,Qwen-Math (qwswm),Qwen-2.5-7B,math,sweep,milora,MiLoRA,0.0002,44.0,qwswm_milora_r32_lr2e4,False,False,True,43.37,52.71,63.46,46.61,40.13,71.38,49.74,55.69,0.1493,-0.8259401922749746
qwswm_milora_r32_lr2e5_s42,qwswm,Qwen-Math (qwswm),Qwen-2.5-7B,math,sweep,milora,MiLoRA,2e-05,42.0,qwswm_milora_r32_lr2e5,False,False,True,43.16,53.25,41.24,45.55,40.76,72.02,51.45,56.47,0.0468,-1.329754146925876
qwswm_milora_r32_lr2e5_s43,qwswm,Qwen-Math (qwswm),Qwen-2.5-7B,math,sweep,milora,MiLoRA,2e-05,43.0,qwswm_milora_r32_lr2e5,False,False,True,43.3,53.43,44.58,46.08,40.53,72.07,51.79,56.66,0.0469,-1.3288271572849168
qwswm_milora_r32_lr2e5_s44,qwswm,Qwen-Math (qwswm),Qwen-2.5-7B,math,sweep,milora,MiLoRA,2e-05,44.0,qwswm_milora_r32_lr2e5,False,False,True,42.76,53.14,43.44,45.2,40.33,72.1,51.54,56.52,0.0468,-1.329754146925876
qwswm_milora_r32_lr3e4_s42,qwswm,Qwen-Math (qwswm),Qwen-2.5-7B,math,sweep,milora,MiLoRA,0.0003,42.0,qwswm_milora_r32_lr3e4,False,False,True,39.51,50.75,55.95,39.36,39.66,70.1,49.66,54.98,0.1969,-0.7057542838618818
qwswm_milora_r32_lr3e4_s43,qwswm,Qwen-Math (qwswm),Qwen-2.5-7B,math,sweep,milora,MiLoRA,0.0003,43.0,qwswm_milora_r32_lr3e4,False,False,True,40.96,51.98,59.51,42.8,39.13,70.27,52.9,54.79,0.1954,-0.7090754406172457
qwswm_milora_r32_lr3e4_s44,qwswm,Qwen-Math (qwswm),Qwen-2.5-7B,math,sweep,milora,MiLoRA,0.0003,44.0,qwswm_milora_r32_lr3e4,False,False,True,43.14,52.19,61.03,47.72,38.56,70.23,48.38,56.04,0.1856,-0.7314220281171567
qwswm_milora_r32_lr5e4_s42,qwswm,Qwen-Math (qwswm),Qwen-2.5-7B,math,sweep,milora,MiLoRA,0.0005,42.0,qwswm_milora_r32_lr5e4,False,False,True,39.92,49.48,68.31,45.15,34.68,67.5,49.49,50.58,0.2979,-0.5259294967849564
qwswm_milora_r32_lr5e4_s43,qwswm,Qwen-Math (qwswm),Qwen-2.5-7B,math,sweep,milora,MiLoRA,0.0005,43.0,qwswm_milora_r32_lr5e4,False,False,True,39.2,49.54,50.42,43.74,34.67,66.36,49.32,53.61,0.3009,-0.5215778122599194
qwswm_milora_r32_lr5e4_s44,qwswm,Qwen-Math (qwswm),Qwen-2.5-7B,math,sweep,milora,MiLoRA,0.0005,44.0,qwswm_milora_r32_lr5e4,False,False,True,39.75,50.27,67.02,45.32,34.19,66.65,51.19,54.02,0.297,-0.5272435506827877
qwswm_milora_r32_lr5e5_s42,qwswm,Qwen-Math (qwswm),Qwen-2.5-7B,math,sweep,milora,MiLoRA,5e-05,42.0,qwswm_milora_r32_lr5e5,False,False,True,44.24,53.25,53.6,46.94,41.53,71.8,49.4,56.58,0.0692,-1.1598939055432422
qwswm_milora_r32_lr5e5_s43,qwswm,Qwen-Math (qwswm),Qwen-2.5-7B,math,sweep,milora,MiLoRA,5e-05,43.0,qwswm_milora_r32_lr5e5,False,False,True,43.72,53.27,54.51,46.52,40.92,71.74,51.02,56.16,0.0692,-1.1598939055432422
qwswm_milora_r32_lr5e5_s44,qwswm,Qwen-Math (qwswm),Qwen-2.5-7B,math,sweep,milora,MiLoRA,5e-05,44.0,qwswm_milora_r32_lr5e5,False,False,True,43.55,53.02,57.47,45.74,41.36,71.8,49.66,56.54,0.0689,-1.161780778092374
qwswm_milora_r32_lr7e5_s42,qwswm,Qwen-Math (qwswm),Qwen-2.5-7B,math,sweep,milora,MiLoRA,7e-05,42.0,qwswm_milora_r32_lr7e5,False,False,True,44.09,53.15,57.09,47.23,40.95,71.76,49.15,56.67,0.0812,-1.0904439707588247
qwswm_sclora_r32_lr1e3_s42,qwswm,Qwen-Math (qwswm),Qwen-2.5-7B,math,sweep,sclora,SC-LoRA,0.001,42.0,qwswm_sclora_r32_lr1e3,False,False,True,6.36,24.25,14.03,12.55,0.16,27.71,35.15,45.7,0.8594,-0.0658046506521155
qwswm_sclora_r32_lr1e3_s43,qwswm,Qwen-Math (qwswm),Qwen-2.5-7B,math,sweep,sclora,SC-LoRA,0.001,43.0,qwswm_sclora_r32_lr1e3,False,False,True,7.24,23.77,21.23,12.79,1.68,27.36,33.7,43.33,0.8559,-0.0675769736232611
qwswm_sclora_r32_lr1e3_s44,qwswm,Qwen-Math (qwswm),Qwen-2.5-7B,math,sweep,sclora,SC-LoRA,0.001,44.0,qwswm_sclora_r32_lr1e3,False,False,True,6.56,22.01,3.26,12.7,0.41,23.62,26.71,46.62,0.8708,-0.0600815796309432
qwswm_sclora_r32_lr1e4_s42,qwswm,Qwen-Math (qwswm),Qwen-2.5-7B,math,sweep,sclora,SC-LoRA,0.0001,42.0,qwswm_sclora_r32_lr1e4,False,False,True,39.3,51.72,76.88,45.85,32.75,70.32,52.39,57.29,0.1827,-0.7382614526474622
qwswm_sclora_r32_lr1e4_s43,qwswm,Qwen-Math (qwswm),Qwen-2.5-7B,math,sweep,sclora,SC-LoRA,0.0001,43.0,qwswm_sclora_r32_lr1e4,False,False,True,39.97,51.39,75.13,47.14,32.79,70.4,51.11,55.49,0.1806,-0.743282254022513
qwswm_sclora_r32_lr1e4_s44,qwswm,Qwen-Math (qwswm),Qwen-2.5-7B,math,sweep,sclora,SC-LoRA,0.0001,44.0,qwswm_sclora_r32_lr1e4,False,False,True,40.33,52.01,76.8,46.78,33.88,69.96,53.07,56.36,0.1807,-0.7430418474390682
qwswm_sclora_r32_lr2e4_s42,qwswm,Qwen-Math (qwswm),Qwen-2.5-7B,math,sweep,sclora,SC-LoRA,0.0002,42.0,qwswm_sclora_r32_lr2e4,False,False,True,36.72,49.11,71.42,45.05,28.39,67.37,50.17,54.57,0.2946,-0.5307672574933879
qwswm_sclora_r32_lr2e4_s43,qwswm,Qwen-Math (qwswm),Qwen-2.5-7B,math,sweep,sclora,SC-LoRA,0.0002,43.0,qwswm_sclora_r32_lr2e4,False,False,True,34.75,48.14,71.04,42.62,26.89,66.47,48.98,55.73,0.2939,-0.5318004139273874
qwswm_sclora_r32_lr2e4_s44,qwswm,Qwen-Math (qwswm),Qwen-2.5-7B,math,sweep,sclora,SC-LoRA,0.0002,44.0,qwswm_sclora_r32_lr2e4,False,False,True,35.87,48.46,70.96,43.62,28.12,67.46,47.1,55.99,0.2962,-0.5284149458148103
qwswm_sclora_r32_lr2e5_s42,qwswm,Qwen-Math (qwswm),Qwen-2.5-7B,math,sweep,sclora,SC-LoRA,2e-05,42.0,qwswm_sclora_r32_lr2e5,False,False,True,44.16,54.27,70.74,47.81,40.5,71.71,54.52,56.81,0.0551,-1.2588484011482148
qwswm_sclora_r32_lr2e5_s43,qwswm,Qwen-Math (qwswm),Qwen-2.5-7B,math,sweep,sclora,SC-LoRA,2e-05,43.0,qwswm_sclora_r32_lr2e5,False,False,True,44.28,54.32,69.07,48.41,40.15,71.7,54.18,57.16,0.0551,-1.2588484011482148
qwswm_sclora_r32_lr2e5_s44,qwswm,Qwen-Math (qwswm),Qwen-2.5-7B,math,sweep,sclora,SC-LoRA,2e-05,44.0,qwswm_sclora_r32_lr2e5,False,False,True,44.56,54.42,66.11,48.36,40.76,71.68,53.84,57.46,0.0552,-1.258060922270801
qwswm_sclora_r32_lr3e4_s42,qwswm,Qwen-Math (qwswm),Qwen-2.5-7B,math,sweep,sclora,SC-LoRA,0.0003,42.0,qwswm_sclora_r32_lr3e4,False,False,True,30.12,45.26,66.49,38.18,22.05,63.86,45.31,56.91,0.3781,-0.4223933226374644
qwswm_sclora_r32_lr3e4_s43,qwswm,Qwen-Math (qwswm),Qwen-2.5-7B,math,sweep,sclora,SC-LoRA,0.0003,43.0,qwswm_sclora_r32_lr3e4,False,False,True,32.61,44.87,64.06,41.53,23.68,62.5,44.28,52.34,0.3782,-0.4222784754909791
qwswm_sclora_r32_lr3e4_s44,qwswm,Qwen-Math (qwswm),Qwen-2.5-7B,math,sweep,sclora,SC-LoRA,0.0003,44.0,qwswm_sclora_r32_lr3e4,False,False,False,30.16,45.1,68.61,39.95,20.38,64.02,47.01,54.12,0.3869,-0.412401270278755
qwswm_sclora_r32_lr5e4_s42,qwswm,Qwen-Math (qwswm),Qwen-2.5-7B,math,sweep,sclora,SC-LoRA,0.0005,42.0,qwswm_sclora_r32_lr5e4,False,False,True,20.92,38.91,55.27,34.08,7.76,55.46,44.54,52.73,0.5287,-0.2767906895948886
qwswm_sclora_r32_lr5e4_s43,qwswm,Qwen-Math (qwswm),Qwen-2.5-7B,math,sweep,sclora,SC-LoRA,0.0005,43.0,qwswm_sclora_r32_lr5e4,False,False,True,26.84,41.02,56.71,36.51,17.16,55.73,41.3,54.41,0.5236,-0.2810003621212818
qwswm_sclora_r32_lr5e4_s44,qwswm,Qwen-Math (qwswm),Qwen-2.5-7B,math,sweep,sclora,SC-LoRA,0.0005,44.0,qwswm_sclora_r32_lr5e4,False,False,True,23.58,39.37,59.14,31.64,15.53,55.17,42.15,52.38,0.5244,-0.2803373169819533
qwswm_sclora_r32_lr5e5_s42,qwswm,Qwen-Math (qwswm),Qwen-2.5-7B,math,sweep,sclora,SC-LoRA,5e-05,42.0,qwswm_sclora_r32_lr5e5,False,False,True,43.95,53.78,76.35,47.96,39.94,71.62,54.52,54.86,0.107,-0.9706162223147904
qwswm_sclora_r32_lr5e5_s43,qwswm,Qwen-Math (qwswm),Qwen-2.5-7B,math,sweep,sclora,SC-LoRA,5e-05,43.0,qwswm_sclora_r32_lr5e5,False,False,True,42.84,53.55,77.86,47.52,38.16,71.44,54.69,55.93,0.1067,-0.97183558057553
qwswm_sclora_r32_lr5e5_s44,qwswm,Qwen-Math (qwswm),Qwen-2.5-7B,math,sweep,sclora,SC-LoRA,5e-05,44.0,qwswm_sclora_r32_lr5e5,False,False,True,42.63,53.19,77.48,47.64,37.62,71.14,54.27,55.28,0.1067,-0.97183558057553
