run,family,family_label,model,task,recipe,method,method_display,lr,seed,cell,withheld,quarantined,on_pool,fdelta,log10_fdelta,fro_total,log10_fro_total,spec_max,log10_spec_max,spec_mean,dw_sv_max,log10_dw_sv_max,dw_sv_mean,retention_mean
frc_clora_k1024_lr3e4_c256_s42,frc,Llama-CS grid (frc),Llama-2-7B,cs,faithful-CLoRA grid,clora,CLoRA,0.0003,42.0,frc_clora_k1024_lr3e4_c256,False,False,True,0.4413,-0.3552660725528074,370.6636015854243,2.56897994128526,21.114238739013672,1.3245754278208093,9.903950087726116,21.1078,1.3244429705103975,9.9019,24.3
frc_clora_k1024_lr3e4_c256_s43,frc,Llama-CS grid (frc),Llama-2-7B,cs,faithful-CLoRA grid,clora,CLoRA,0.0003,43.0,frc_clora_k1024_lr3e4_c256,False,False,True,0.4408,-0.3557584141562713,371.1311637703504,2.5695274234548164,21.14561080932617,1.3252202346372592,9.96708702594042,21.1398,1.3251008742056904,9.9653,24.32
frc_clora_k1024_lr3e4_c256_s44,frc,Llama-CS grid (frc),Llama-2-7B,cs,faithful-CLoRA grid,clora,CLoRA,0.0003,44.0,frc_clora_k1024_lr3e4_c256,False,False,True,0.4514,-0.3454384452582567,371.1440356284264,2.569542485730747,20.144256591796875,1.3041512447183028,9.948599003255367,20.1383,1.3040228062483517,9.9465,24.54
frc_clora_k1024_lr3e4_c256_s45,frc,Llama-CS grid (frc),Llama-2-7B,cs,faithful-CLoRA grid,clora,CLoRA,0.0003,45.0,frc_clora_k1024_lr3e4_c256,False,False,True,0.4608,-0.3364875295848444,370.6602700785272,2.568976037849482,20.554834365844727,1.3129139815158102,9.986488905549049,20.5513,1.3128392989599895,9.9838,23.36
frc_clora_k128_lr3e4_c256_s42,frc,Llama-CS grid (frc),Llama-2-7B,cs,faithful-CLoRA grid,clora,CLoRA,0.0003,42.0,frc_clora_k128_lr3e4_c256,False,False,True,0.61,-0.2146701649892329,495.2318396365657,2.6948085587381243,28.76190185546875,1.4588176000010653,12.974754011631012,28.765,1.458864378361518,12.9739,22.64
frc_clora_k128_lr3e4_c256_s43,frc,Llama-CS grid (frc),Llama-2-7B,cs,faithful-CLoRA grid,clora,CLoRA,0.0003,43.0,frc_clora_k128_lr3e4_c256,False,False,True,0.6168,-0.2098556349570994,495.0759905431478,2.694671865076261,28.767335891723636,1.4588996442644484,13.15238164961338,28.7719,1.4589685421916687,13.1514,22.88
frc_clora_k128_lr3e4_c256_s44,frc,Llama-CS grid (frc),Llama-2-7B,cs,faithful-CLoRA grid,clora,CLoRA,0.0003,44.0,frc_clora_k128_lr3e4_c256,False,False,True,0.5998,-0.2219935385764916,495.1471716870849,2.694734302674693,29.979999542236328,1.476831621881032,12.891291639208792,29.9815,1.4768533571789215,12.8899,22.92
frc_clora_k128_lr3e4_c256_s45,frc,Llama-CS grid (frc),Llama-2-7B,cs,faithful-CLoRA grid,clora,CLoRA,0.0003,45.0,frc_clora_k128_lr3e4_c256,False,False,True,0.6329,-0.1986649043254534,494.9593484062559,2.694569531281393,30.51935386657715,1.4845753348152624,13.103454351425173,30.5106,1.4844507482562046,13.1027,22.29
frc_clora_k2048_lr3e4_c256_s42,frc,Llama-CS grid (frc),Llama-2-7B,cs,faithful-CLoRA grid,clora,CLoRA,0.0003,42.0,frc_clora_k2048_lr3e4_c256,False,False,True,0.3436,-0.4639468448407953,293.1415066332131,2.467077315625492,16.493898391723633,1.217323314826987,8.38305759653449,16.4748,1.216820151070381,8.3793,25.02
frc_clora_k2048_lr3e4_c256_s43,frc,Llama-CS grid (frc),Llama-2-7B,cs,faithful-CLoRA grid,clora,CLoRA,0.0003,43.0,frc_clora_k2048_lr3e4_c256,False,False,True,0.3516,-0.4539511335982656,293.7223695573525,2.4679370231498714,17.571374893188477,1.2448057447146244,8.497913520038129,17.5681,1.2447247948399311,8.4944,25.27
frc_clora_k2048_lr3e4_c256_s44,frc,Llama-CS grid (frc),Llama-2-7B,cs,faithful-CLoRA grid,clora,CLoRA,0.0003,44.0,frc_clora_k2048_lr3e4_c256,False,False,True,0.349,-0.4571745730408201,293.0027290727127,2.4668716654588883,16.23766326904297,1.2105235309163696,8.383588828146458,16.2213,1.2100856562994653,8.3797,25.22
frc_clora_k2048_lr3e4_c256_s45,frc,Llama-CS grid (frc),Llama-2-7B,cs,faithful-CLoRA grid,clora,CLoRA,0.0003,45.0,frc_clora_k2048_lr3e4_c256,False,False,True,0.3359,-0.4737899961583357,293.3429075981437,2.46737559237091,16.62433433532715,1.2207442644844932,8.27593711167574,16.6064,1.2202754946073793,8.2727,25.29
frc_clora_k2048_lr3e4_c256_s46,frc,Llama-CS grid (frc),Llama-2-7B,cs,faithful-CLoRA grid,clora,CLoRA,0.0003,46.0,frc_clora_k2048_lr3e4_c256,False,False,True,0.3528,-0.4524714235402178,293.4282804844813,2.4675019686295103,17.674522399902344,1.2473476871428053,8.368352434039116,17.6585,1.246953809695094,8.3649,25.49
frc_clora_k256_lr3e4_c256_s42,frc,Llama-CS grid (frc),Llama-2-7B,cs,faithful-CLoRA grid,clora,CLoRA,0.0003,42.0,frc_clora_k256_lr3e4_c256,False,False,True,0.6048,-0.2183882175068499,467.1335960102941,2.6694411026489457,26.2257022857666,1.4187271267893098,12.205878537893296,26.2256,1.4187254329459893,12.2046,22.66
frc_clora_k256_lr3e4_c256_s43,frc,Llama-CS grid (frc),Llama-2-7B,cs,faithful-CLoRA grid,clora,CLoRA,0.0003,43.0,frc_clora_k256_lr3e4_c256,False,False,True,0.5696,-0.2444300193712,466.822218956205,2.6691515186253216,27.4075984954834,1.4378709835201062,12.19767756164074,27.3839,1.43749530018447,12.1964,24.18
frc_clora_k256_lr3e4_c256_s45,frc,Llama-CS grid (frc),Llama-2-7B,cs,faithful-CLoRA grid,clora,CLoRA,0.0003,45.0,frc_clora_k256_lr3e4_c256,False,False,True,0.5839,-0.2336615247487127,466.34713001874815,2.66870930838341,26.75950813293457,1.42747812639341,12.240658056735992,26.7519,1.4273546323464912,12.2391,23.08
frc_clora_k512_lr3e4_c256_s42,frc,Llama-CS grid (frc),Llama-2-7B,cs,faithful-CLoRA grid,clora,CLoRA,0.0003,42.0,frc_clora_k512_lr3e4_c256,False,False,True,0.5069,-0.2950777087765982,425.9881718765362,2.629397540511012,24.215944290161133,1.3841014088362174,10.988516920804978,24.2164,1.3841095815675304,10.9874,23.6
frc_clora_k512_lr3e4_c256_s43,frc,Llama-CS grid (frc),Llama-2-7B,cs,faithful-CLoRA grid,clora,CLoRA,0.0003,43.0,frc_clora_k512_lr3e4_c256,False,False,True,0.5413,-0.2665619729089387,427.1351348077743,2.6305652966095656,23.06119728088379,1.3628818510498786,11.231320896744728,23.0597,1.362853652950351,11.23,22.09
frc_clora_k512_lr3e4_c256_s44,frc,Llama-CS grid (frc),Llama-2-7B,cs,faithful-CLoRA grid,clora,CLoRA,0.0003,44.0,frc_clora_k512_lr3e4_c256,False,False,True,0.5411,-0.2667224660674182,426.2818749195234,2.629696867271154,21.987247467041016,1.342170864435937,11.159408354759217,21.9908,1.3422410287816997,11.1581,23.18
frc_clora_k512_lr3e4_c256_s45,frc,Llama-CS grid (frc),Llama-2-7B,cs,faithful-CLoRA grid,clora,CLoRA,0.0003,45.0,frc_clora_k512_lr3e4_c256,False,False,True,0.502,-0.2992962828549806,427.056839490937,2.630485681663091,24.52274513244629,1.3895690844900337,11.114915603399275,24.5229,1.3895718271646922,11.1135,24.16
frc_clora_k512_lr3e4_c256_s46,frc,Llama-CS grid (frc),Llama-2-7B,cs,faithful-CLoRA grid,clora,CLoRA,0.0003,46.0,frc_clora_k512_lr3e4_c256,False,False,True,0.5122,-0.2905604258675891,426.6054526549626,2.6300264020811275,24.91706085205078,1.3964968128259567,11.13184944242239,24.9103,1.3963789578681012,11.1303,23.52
frc_cordapp_a1r_lr2e5_c256_s42,frc,Llama-CS grid (frc),Llama-2-7B,cs,faithful-CLoRA grid,cordapp,CorDA++ (withheld),2e-05,42.0,frc_cordapp_a1r_lr2e5_c256,True,False,False,0.1737,-0.7602001815529014,2195.1530561364048,3.3414648066364827,1526.172607421875,3.1836036543342194,63.27351227402687,47.5914,1.6775284806619977,1.975,26.56
frc_cordapp_lr1e3_c256_s42,frc,Llama-CS grid (frc),Llama-2-7B,cs,faithful-CLoRA grid,cordapp,CorDA++ (withheld),0.001,42.0,frc_cordapp_lr1e3_c256,True,True,False,110.3962,2.042954124593958,5161352.134216556,6.71276348990316,3773799.0,6.5767787650616825,48410.58045806885,117927.0625,5.071613480631421,1512.6628,0.0
frc_cordapp_lr1e4_c256_s42,frc,Llama-CS grid (frc),Llama-2-7B,cs,faithful-CLoRA grid,cordapp,CorDA++ (withheld),0.0001,42.0,frc_cordapp_lr1e4_c256,True,False,False,0.4333,-0.3632113109656252,15375.608787817964,4.1868323204120514,6741.32080078125,3.8287449945018026,361.16507520675657,210.7126,2.3236905059301725,11.2751,25.53
frc_cordapp_lr2e4_c256_s42,frc,Llama-CS grid (frc),Llama-2-7B,cs,faithful-CLoRA grid,cordapp,CorDA++ (withheld),0.0002,42.0,frc_cordapp_lr2e4_c256,True,False,False,0.5616,-0.2505729008782511,36846.76923242836,4.566399414419228,16697.57421875,4.222653382528863,674.655069065094,521.8422,2.7175391964316598,21.0637,22.98
frc_cordapp_lr2e5_c256_s42,frc,Llama-CS grid (frc),Llama-2-7B,cs,faithful-CLoRA grid,cordapp,CorDA++ (withheld),2e-05,42.0,frc_cordapp_lr2e5_c256,True,False,False,0.2288,-0.6405439798790133,3009.576373135428,3.4785053687641234,1700.6856689453125,3.230624052085658,91.24631103277208,53.0372,1.724580588235185,2.8477,26.03
frc_cordapp_lr3e4_c256_s42,frc,Llama-CS grid (frc),Llama-2-7B,cs,faithful-CLoRA grid,cordapp,CorDA++ (withheld),0.0003,42.0,frc_cordapp_lr3e4_c256,True,False,False,0.7653,-0.1161682866705475,61202.59802237317,4.78676985813955,23100.091796875,4.363613705727515,953.8693405151369,721.8481,2.858445817691043,29.7806,22.44
frc_cordapp_lr5e4_c256_s42,frc,Llama-CS grid (frc),Llama-2-7B,cs,faithful-CLoRA grid,cordapp,CorDA++ (withheld),0.0005,42.0,frc_cordapp_lr5e4_c256,True,True,False,10.5845,1.0246703472520045,992186.0203626312,5.996593103649432,641558.3125,5.807236136386755,8775.514497184753,20049.207,4.302097199782389,274.2,16.27
frc_cordapp_lr7e4_c256_s42,frc,Llama-CS grid (frc),Llama-2-7B,cs,faithful-CLoRA grid,cordapp,CorDA++ (withheld),0.0007,42.0,frc_cordapp_lr7e4_c256,True,True,False,31.046,1.4920056531492256,4091749.1411650474,6.6119089999307965,3147126.5,6.497914199903311,37018.20167789459,98342.5391,4.992741417121556,1156.7469,15.98
frc_dora_r32_lr3e4_c256_s42,frc,Llama-CS grid (frc),Llama-2-7B,cs,faithful-CLoRA grid,dora,DoRA,0.0003,42.0,frc_dora_r32_lr3e4_c256,False,False,True,0.8973,-0.0470623322490194,620.9659489013825,2.793067785990291,116.68265533447266,2.067006303754352,18.946882620453835,116.6841,2.067011680786448,18.9455,20.9
frc_dora_r32_lr3e4_c256_s43,frc,Llama-CS grid (frc),Llama-2-7B,cs,faithful-CLoRA grid,dora,DoRA,0.0003,43.0,frc_dora_r32_lr3e4_c256,False,False,True,0.936,-0.0287241512618947,615.2638584601505,2.7890614047153317,107.61677551269533,2.03187997527763,19.02650884091854,107.6163,2.031878056311049,19.0248,22.78
frc_dora_r32_lr3e4_c256_s44,frc,Llama-CS grid (frc),Llama-2-7B,cs,faithful-CLoRA grid,dora,DoRA,0.0003,44.0,frc_dora_r32_lr3e4_c256,False,False,True,0.9182,-0.037062711569998,626.4343795696302,2.796875584375015,144.93174743652344,2.1611635285096704,19.01996319293976,144.9327,2.1611663828994736,19.0177,21.15
frc_lora_l2_lr3e4_c256_s42,frc,Llama-CS grid (frc),Llama-2-7B,cs,faithful-CLoRA grid,lora,LoRA,0.0003,42.0,frc_lora_l2_lr3e4_c256,False,False,True,0.7172,-0.1443597191098548,593.2208977148202,2.773216441753463,62.0201416015625,1.79253275346382,17.631546273827553,62.0217,1.7925436659725882,17.6298,21.7
frc_lora_l2_lr3e4_c256_s43,frc,Llama-CS grid (frc),Llama-2-7B,cs,faithful-CLoRA grid,lora,LoRA,0.0003,43.0,frc_lora_l2_lr3e4_c256,False,False,True,0.7153,-0.1455117749555695,591.8852068873632,2.772237485693305,56.41366958618164,1.7513843505531848,17.525307402014732,56.4143,1.7513892036980856,17.5242,22.57
frc_lora_l2_lr3e4_c256_s44,frc,Llama-CS grid (frc),Llama-2-7B,cs,faithful-CLoRA grid,lora,LoRA,0.0003,44.0,frc_lora_l2_lr3e4_c256,False,False,True,0.7235,-0.1405614645449437,592.134835722105,2.772420611693131,60.43481063842773,1.7812871656628104,17.658919075131415,60.4361,1.7812964311281416,17.6572,23.0
frc_lora_l2_lr3e4_c256_s45,frc,Llama-CS grid (frc),Llama-2-7B,cs,faithful-CLoRA grid,lora,LoRA,0.0003,45.0,frc_lora_l2_lr3e4_c256,False,False,True,0.7332,-0.1347775437098209,592.360680717195,2.7725862235252747,60.303932189941406,1.7803456317539972,17.70793499946594,60.3047,1.7803511613030112,17.7053,23.38
frc_lora_null_lr1e3_c256_s42,frc,Llama-CS grid (frc),Llama-2-7B,cs,faithful-CLoRA grid,lora_null,LoRA-Null,0.001,42.0,frc_lora_null_lr1e3_c256,False,True,True,7.6799,0.8853555651186297,3169.157046499148,3.500943761038843,365.570556640625,2.562971210028334,78.7350642979145,365.5778,2.562979814987857,78.7292,2.48
frc_lora_null_lr1e3_c256_s43,frc,Llama-CS grid (frc),Llama-2-7B,cs,faithful-CLoRA grid,lora_null,LoRA-Null,0.001,43.0,frc_lora_null_lr1e3_c256,False,True,True,8.021,0.9042285163400784,3307.151671653331,3.519454112860972,430.4627075195313,2.633935532978946,82.19773961901664,430.3956,2.633867822822161,82.1931,1.38
frc_lora_null_lr1e3_c256_s44,frc,Llama-CS grid (frc),Llama-2-7B,cs,faithful-CLoRA grid,lora_null,LoRA-Null,0.001,44.0,frc_lora_null_lr1e3_c256,False,True,True,6.565,0.8172347304254982,2928.266669341626,3.466610624213544,358.45098876953125,2.554429782703807,72.10327830910683,358.459,2.554439488896329,72.0998,1.08
frc_lora_null_lr1e4_c256_s42,frc,Llama-CS grid (frc),Llama-2-7B,cs,faithful-CLoRA grid,lora_null,LoRA-Null,0.0001,42.0,frc_lora_null_lr1e4_c256,False,False,True,0.3105,-0.507938395487401,218.10898896691563,2.338673564607967,13.578371047973633,1.1328476722044576,5.94238872230053,13.5754,1.1327526349631634,5.9409,24.08
frc_lora_null_lr1e4_c256_s43,frc,Llama-CS grid (frc),Llama-2-7B,cs,faithful-CLoRA grid,lora_null,LoRA-Null,0.0001,43.0,frc_lora_null_lr1e4_c256,False,False,True,0.3151,-0.5015515968260004,217.9553545812934,2.338367542940962,13.717183113098145,1.1372649361491456,5.929455570876598,13.7126,1.1371198077142048,5.9282,24.39
frc_lora_null_lr1e4_c256_s44,frc,Llama-CS grid (frc),Llama-2-7B,cs,faithful-CLoRA grid,lora_null,LoRA-Null,0.0001,44.0,frc_lora_null_lr1e4_c256,False,False,True,0.31,-0.5086383061657274,218.3103437291595,2.339074313437366,13.47633934020996,1.1295719381747098,5.925748305022717,13.475,1.1295287738587765,5.9243,25.71
frc_lora_null_lr1e4_c256_s45,frc,Llama-CS grid (frc),Llama-2-7B,cs,faithful-CLoRA grid,lora_null,LoRA-Null,0.0001,45.0,frc_lora_null_lr1e4_c256,False,False,True,0.3141,-0.5029320636014952,218.1075771543264,2.3386707534244198,13.823171615600586,1.140607699848856,5.893907633423805,13.8215,1.14055517808682,5.8925,25.76
frc_lora_null_lr2e4_c256_s42,frc,Llama-CS grid (frc),Llama-2-7B,cs,faithful-CLoRA grid,lora_null,LoRA-Null,0.0002,42.0,frc_lora_null_lr2e4_c256,False,False,True,0.534,-0.2724587429714435,439.745320907304,2.6432012270608247,27.38395118713379,1.437496111985162,10.634160193800929,27.3841,1.43749847206938,10.6335,23.33
frc_lora_null_lr2e4_c256_s43,frc,Llama-CS grid (frc),Llama-2-7B,cs,faithful-CLoRA grid,lora_null,LoRA-Null,0.0002,43.0,frc_lora_null_lr2e4_c256,False,False,True,0.5343,-0.272214825817094,440.0752014076673,2.6435268964083227,29.14997100830078,1.4646381271587978,10.681008699536324,29.1502,1.4646415388068137,10.6804,23.29
frc_lora_null_lr2e4_c256_s44,frc,Llama-CS grid (frc),Llama-2-7B,cs,faithful-CLoRA grid,lora_null,LoRA-Null,0.0002,44.0,frc_lora_null_lr2e4_c256,False,False,True,0.5367,-0.2702684047129646,440.2899614336189,2.643738783702348,33.233795166015625,1.5215799387973652,10.71756715476513,33.2341,1.5215839223060044,10.7168,23.34
frc_lora_null_lr2e4_c256_s45,frc,Llama-CS grid (frc),Llama-2-7B,cs,faithful-CLoRA grid,lora_null,LoRA-Null,0.0002,45.0,frc_lora_null_lr2e4_c256,False,False,True,0.539,-0.2684112348132613,440.2922424758029,2.643741033677488,33.67414474487305,1.527296574334176,10.703375166654586,33.6749,1.5273063147287227,10.7027,22.9
frc_lora_null_lr2e4_c256_s46,frc,Llama-CS grid (frc),Llama-2-7B,cs,faithful-CLoRA grid,lora_null,LoRA-Null,0.0002,46.0,frc_lora_null_lr2e4_c256,False,False,True,0.535,-0.2716462179787715,441.1094109829188,2.644546323464989,37.30709457397461,1.5717914280914007,10.796989580988884,37.3063,1.5717821783020132,10.7963,22.78
frc_lora_null_lr2e5_c256_s42,frc,Llama-CS grid (frc),Llama-2-7B,cs,faithful-CLoRA grid,lora_null,LoRA-Null,2e-05,42.0,frc_lora_null_lr2e5_c256,False,False,True,0.1596,-0.7969671129852894,49.15025726430451,1.6915257953761995,4.026056289672852,0.6048798426150825,1.8069592777639627,4.0258,0.6048521955268282,1.8068,26.52
frc_lora_null_lr2e5_c256_s43,frc,Llama-CS grid (frc),Llama-2-7B,cs,faithful-CLoRA grid,lora_null,LoRA-Null,2e-05,43.0,frc_lora_null_lr2e5_c256,False,False,True,0.1581,-0.801068130067791,49.03082085671131,1.690469164112097,4.089919090270996,0.6117147165656779,1.808024574816227,4.0893,0.6116489725170005,1.8078,26.0
frc_lora_null_lr3e4_c256_s42,frc,Llama-CS grid (frc),Llama-2-7B,cs,faithful-CLoRA grid,lora_null,LoRA-Null,0.0003,42.0,frc_lora_null_lr3e4_c256,False,False,True,0.7731,-0.1117643267294328,658.713366184307,2.8186964759528146,86.56841278076172,1.9373594548642223,14.994580048322678,86.5699,1.9373669158484288,14.9932,18.66
frc_lora_null_lr3e4_c256_s43,frc,Llama-CS grid (frc),Llama-2-7B,cs,faithful-CLoRA grid,lora_null,LoRA-Null,0.0003,43.0,frc_lora_null_lr3e4_c256,False,False,True,0.761,-0.1186153432294271,657.5298500658882,2.817915473396984,81.8141098022461,1.912828209304814,14.95482037961483,81.8124,1.912819133053276,14.9535,20.74
frc_lora_null_lr3e4_c256_s44,frc,Llama-CS grid (frc),Llama-2-7B,cs,faithful-CLoRA grid,lora_null,LoRA-Null,0.0003,44.0,frc_lora_null_lr3e4_c256,False,False,True,0.781,-0.1073489661226996,658.3770272003364,2.818474668598215,77.95926666259766,1.8918677451982115,15.024038380384445,77.9604,1.8918740587337717,15.0227,18.32
frc_lora_null_lr3e4_c256_s45,frc,Llama-CS grid (frc),Llama-2-7B,cs,faithful-CLoRA grid,lora_null,LoRA-Null,0.0003,45.0,frc_lora_null_lr3e4_c256,False,False,True,0.7717,-0.1125514997500462,653.8094259935509,2.8154511775283457,54.734283447265625,1.73825943690036,14.738915112614633,54.7348,1.7382635355188027,14.7376,18.09
frc_lora_null_lr5e4_c256_s42,frc,Llama-CS grid (frc),Llama-2-7B,cs,faithful-CLoRA grid,lora_null,LoRA-Null,0.0005,42.0,frc_lora_null_lr5e4_c256,False,False,True,1.2055,0.0811672147134724,1036.1546520182694,3.0154245811867777,159.5753631591797,2.202965841463731,21.75497716665268,159.5775,2.2029716569727493,21.7528,16.43
frc_lora_null_lr5e4_c256_s43,frc,Llama-CS grid (frc),Llama-2-7B,cs,faithful-CLoRA grid,lora_null,LoRA-Null,0.0005,43.0,frc_lora_null_lr5e4_c256,False,False,True,1.1827,0.0728745968109887,1030.821215063976,3.0131833480728973,122.3624267578125,2.0876480815610536,21.341022855043413,122.3641,2.0876540202703437,21.339,17.47
frc_lora_null_lr5e4_c256_s44,frc,Llama-CS grid (frc),Llama-2-7B,cs,faithful-CLoRA grid,lora_null,LoRA-Null,0.0005,44.0,frc_lora_null_lr5e4_c256,False,False,True,1.24,0.093421685162235,1039.7788760640192,3.016940990148897,163.17445373535156,2.212652167468093,21.835943120718003,163.1784,2.2126626704616563,21.8336,16.81
frc_lora_null_lr5e4_c256_s45,frc,Llama-CS grid (frc),Llama-2-7B,cs,faithful-CLoRA grid,lora_null,LoRA-Null,0.0005,45.0,frc_lora_null_lr5e4_c256,False,False,True,1.2324,0.090751689644903,1033.3646232127935,3.014253589581951,138.81964111328125,2.142450917297841,21.549767047166824,138.8193,2.1424498501304248,21.5477,17.32
frc_lora_null_lr5e4_c256_s46,frc,Llama-CS grid (frc),Llama-2-7B,cs,faithful-CLoRA grid,lora_null,LoRA-Null,0.0005,46.0,frc_lora_null_lr5e4_c256,False,False,True,1.1823,0.0727276895852654,1035.168531060826,3.0150110610503145,150.65769958496094,2.177991331839531,21.63147462010384,150.6621,2.17800401654178,21.6292,16.39
frc_lora_null_lr7e4_c256_s42,frc,Llama-CS grid (frc),Llama-2-7B,cs,faithful-CLoRA grid,lora_null,LoRA-Null,0.0007,42.0,frc_lora_null_lr7e4_c256,False,False,True,1.6261,0.2111472498144923,1385.1605450104328,3.14150011258556,219.47308349609372,2.341381265325704,28.762572330236434,219.4746,2.341384266181173,28.7607,14.34
frc_lora_null_lr7e4_c256_s43,frc,Llama-CS grid (frc),Llama-2-7B,cs,faithful-CLoRA grid,lora_null,LoRA-Null,0.0007,43.0,frc_lora_null_lr7e4_c256,False,False,True,1.5955,0.2028968085295292,1379.141373890178,3.1396087873893195,204.1199188232422,2.309885386945002,28.350052058696747,204.1212,2.3098881128242463,28.3484,15.64
frc_lora_null_lr7e4_c256_s44,frc,Llama-CS grid (frc),Llama-2-7B,cs,faithful-CLoRA grid,lora_null,LoRA-Null,0.0007,44.0,frc_lora_null_lr7e4_c256,False,False,True,1.6207,0.209702632120352,1374.6080054397964,3.138178868823881,246.0657501220703,2.391051168484861,28.85369662642479,246.0687,2.391056374849532,28.852,13.54
frc_lora_r16_lr3e4_c256_s42,frc,Llama-CS grid (frc),Llama-2-7B,cs,faithful-CLoRA grid,lora,LoRA,0.0003,42.0,frc_lora_r16_lr3e4_c256,False,False,True,0.6031,-0.2196106715290472,471.9366727858797,2.6738837263781603,46.74434280395508,1.6697290582525826,17.16590243279934,46.6461,1.668815338987489,17.1526,23.0
frc_lora_r16_lr3e4_c256_s43,frc,Llama-CS grid (frc),Llama-2-7B,cs,faithful-CLoRA grid,lora,LoRA,0.0003,43.0,frc_lora_r16_lr3e4_c256,False,False,True,0.6019,-0.2204756566752101,469.153845958201,2.671315280869756,42.6005973815918,1.6294156891898048,17.155373147130014,42.5762,1.6291668972930984,17.1427,24.36
frc_lora_r16_lr3e4_c256_s45,frc,Llama-CS grid (frc),Llama-2-7B,cs,faithful-CLoRA grid,lora,LoRA,0.0003,45.0,frc_lora_r16_lr3e4_c256,False,False,True,0.6031,-0.2196106715290472,470.6354090964501,2.672684598991061,48.23137664794922,1.6833296579839894,17.20222412645817,48.1827,1.6828911327782718,17.1891,23.32
frc_lora_r32_lr3e4_c256_s42,frc,Llama-CS grid (frc),Llama-2-7B,cs,faithful-CLoRA grid,lora,LoRA,0.0003,42.0,frc_lora_r32_lr3e4_c256,False,False,True,0.7393,-0.1311792938024826,593.0909417841382,2.7731212911498315,60.15299224853516,1.779257235744113,17.639408084750176,60.154,1.779264511479166,17.637,22.19
frc_lora_r32_lr3e4_c256_s43,frc,Llama-CS grid (frc),Llama-2-7B,cs,faithful-CLoRA grid,lora,LoRA,0.0003,43.0,frc_lora_r32_lr3e4_c256,False,False,True,0.7589,-0.1198154471735665,593.3101490724205,2.7732817773757983,68.69705963134766,1.8369381488032357,17.806461983919142,68.6977,1.8369421971173463,17.8038,22.34
frc_lora_r32_lr3e4_c256_s44,frc,Llama-CS grid (frc),Llama-2-7B,cs,faithful-CLoRA grid,lora,LoRA,0.0003,44.0,frc_lora_r32_lr3e4_c256,False,False,True,0.7255,-0.1393625832262453,591.5124592951211,2.7719638968018727,59.6598014831543,1.7756818039218851,17.56297543644905,59.6615,1.775694168126506,17.5605,21.6
frc_lora_r32_lr3e4_c256_s45,frc,Llama-CS grid (frc),Llama-2-7B,cs,faithful-CLoRA grid,lora,LoRA,0.0003,45.0,frc_lora_r32_lr3e4_c256,False,False,True,0.7473,-0.126505017743831,592.3898223705768,2.772607588461144,58.85706329345703,1.7697985889347725,17.68069359064102,58.8574,1.7698010734178091,17.6781,21.86
frc_lora_r32_lr3e4_c256_s46,frc,Llama-CS grid (frc),Llama-2-7B,cs,faithful-CLoRA grid,lora,LoRA,0.0003,46.0,frc_lora_r32_lr3e4_c256,False,False,True,0.7621,-0.1179880383733413,592.2331711483135,2.7724927286919496,57.48810195922852,1.759577970113341,17.746307069063185,57.4887,1.7595824879952544,17.7444,22.66
frc_lora_r8_lr3e4_c256_s42,frc,Llama-CS grid (frc),Llama-2-7B,cs,faithful-CLoRA grid,lora,LoRA,0.0003,42.0,frc_lora_r8_lr3e4_c256,False,False,True,0.5178,-0.2858379539011467,375.9032337262316,2.575076061769725,45.39985275268555,1.657054444293231,16.533666971325875,45.3324,1.65640871220153,16.5292,23.96
frc_lora_r8_lr3e4_c256_s43,frc,Llama-CS grid (frc),Llama-2-7B,cs,faithful-CLoRA grid,lora,LoRA,0.0003,43.0,frc_lora_r8_lr3e4_c256,False,False,True,0.5068,-0.2951633937885962,375.13086268629627,2.5741827958035497,43.7655029296875,1.6411319235114512,16.575232738256453,43.7104,1.640584780797543,16.5702,24.95
frc_lora_r8_lr3e4_c256_s44,frc,Llama-CS grid (frc),Llama-2-7B,cs,faithful-CLoRA grid,lora,LoRA,0.0003,44.0,frc_lora_r8_lr3e4_c256,False,False,True,0.5245,-0.2802545074704233,375.6427193786936,2.574774975860989,42.29307556152344,1.6262692682831272,16.602672213315962,42.2381,1.625704374059978,16.5976,24.83
frc_lora_r8_lr3e4_c256_s45,frc,Llama-CS grid (frc),Llama-2-7B,cs,faithful-CLoRA grid,lora,LoRA,0.0003,45.0,frc_lora_r8_lr3e4_c256,False,False,True,0.5165,-0.2869296741443606,376.538756314129,2.5758096838225435,38.97100067138672,1.5907415574601755,16.56707717180252,38.9296,1.590279941383581,16.5628,25.04
frc_lorawd_wd0_lr1e3_c256_s42,frc,Llama-CS grid (frc),Llama-2-7B,cs,faithful-CLoRA grid,lorawd,LoRA+wd,0.001,42.0,frc_lorawd_wd0_lr1e3_c256,False,False,True,7.04,0.8475726591421122,3034.988962652958,3.4821571160150224,672.7691040039062,2.827866038870842,77.3047460079193,672.7849,2.827876235583749,77.2981,3.32
frc_lorawd_wd0_lr1e3_c256_s43,frc,Llama-CS grid (frc),Llama-2-7B,cs,faithful-CLoRA grid,lorawd,LoRA+wd,0.001,43.0,frc_lorawd_wd0_lr1e3_c256,False,False,True,5.4008,0.7324580949807639,2698.4978330285103,3.431122073650394,602.1846313476562,2.779729667473522,66.57768433690072,602.1952,2.7797372894998538,66.5717,3.12
frc_lorawd_wd0_lr1e3_c256_s44,frc,Llama-CS grid (frc),Llama-2-7B,cs,faithful-CLoRA grid,lorawd,LoRA+wd,0.001,44.0,frc_lorawd_wd0_lr1e3_c256,False,False,True,5.1609,0.7127254440594999,2557.37526477569,3.407794460315497,496.3373718261719,2.6957769767222777,62.97278533577919,496.3413,2.6957804138550903,62.9686,6.1
frc_lorawd_wd0_lr1e4_c256_s42,frc,Llama-CS grid (frc),Llama-2-7B,cs,faithful-CLoRA grid,lorawd,LoRA+wd,0.0001,42.0,frc_lorawd_wd0_lr1e4_c256,False,False,True,0.3002,-0.5225893120927484,184.50649909682497,2.2660116684472595,19.89751625061035,1.2987988680692182,8.139121183753014,19.875,1.298307137328508,8.1373,26.52
frc_lorawd_wd0_lr1e4_c256_s43,frc,Llama-CS grid (frc),Llama-2-7B,cs,faithful-CLoRA grid,lorawd,LoRA+wd,0.0001,43.0,frc_lorawd_wd0_lr1e4_c256,False,False,True,0.299,-0.5243288116755703,184.19626800462544,2.2652808267217592,19.41985321044922,1.2882459428668964,8.067555004358292,19.4162,1.288164236873993,8.066,26.2
frc_lorawd_wd0_lr1e4_c256_s44,frc,Llama-CS grid (frc),Llama-2-7B,cs,faithful-CLoRA grid,lorawd,LoRA+wd,0.0001,44.0,frc_lorawd_wd0_lr1e4_c256,False,False,True,0.299,-0.5243288116755703,184.26235168725293,2.2654366096373044,20.778289794921875,1.317609799082868,8.128122279047966,20.7499,1.3170160080576132,8.1265,26.9
frc_lorawd_wd0_lr1e4_c256_s45,frc,Llama-CS grid (frc),Llama-2-7B,cs,faithful-CLoRA grid,lorawd,LoRA+wd,0.0001,45.0,frc_lorawd_wd0_lr1e4_c256,False,False,True,0.2986,-0.5249101966109935,184.66674998748465,2.266388705960554,23.79866981506348,1.3765526836060042,8.10431960374117,23.7498,1.3756599567287968,8.1026,26.38
frc_lorawd_wd0_lr2e4_c256_s42,frc,Llama-CS grid (frc),Llama-2-7B,cs,faithful-CLoRA grid,lorawd,LoRA+wd,0.0002,42.0,frc_lorawd_wd0_lr2e4_c256,False,False,True,0.5052,-0.2965366581167069,388.9898789123984,2.5899383016093087,41.0294075012207,1.6130952454385596,13.790997511148452,40.9931,1.612710761985369,13.7847,24.36
frc_lorawd_wd0_lr2e4_c256_s43,frc,Llama-CS grid (frc),Llama-2-7B,cs,faithful-CLoRA grid,lorawd,LoRA+wd,0.0002,43.0,frc_lorawd_wd0_lr2e4_c256,False,False,True,0.5124,-0.2903908789273513,390.8516373301031,2.5920119356149725,38.04042816162109,1.5802453964668204,13.769005206227302,37.9996,1.5797790250718873,13.7631,24.51
frc_lorawd_wd0_lr2e4_c256_s44,frc,Llama-CS grid (frc),Llama-2-7B,cs,faithful-CLoRA grid,lorawd,LoRA+wd,0.0002,44.0,frc_lorawd_wd0_lr2e4_c256,False,False,True,0.5136,-0.2893749849392031,390.2793744715187,2.5913756002438504,34.53571701049805,1.538268477005558,13.697271859645843,34.5214,1.5380884000195818,13.6914,24.96
frc_lorawd_wd0_lr2e4_c256_s45,frc,Llama-CS grid (frc),Llama-2-7B,cs,faithful-CLoRA grid,lorawd,LoRA+wd,0.0002,45.0,frc_lorawd_wd0_lr2e4_c256,False,False,True,0.5168,-0.2866774950129723,390.314862488908,2.5914150887499314,35.96683120727539,1.5559021767727468,13.742017328739166,35.9402,1.5555804895413108,13.7367,23.55
frc_lorawd_wd0_lr2e5_c256_s42,frc,Llama-CS grid (frc),Llama-2-7B,cs,faithful-CLoRA grid,lorawd,LoRA+wd,2e-05,42.0,frc_lorawd_wd0_lr2e5_c256,False,False,True,0.2203,-0.6569855028492324,38.30816125231805,1.583291306847695,5.290060997009277,0.723460679693374,2.278486725315452,5.9793,0.7766503438660493,2.3025,26.38
frc_lorawd_wd0_lr2e5_c256_s43,frc,Llama-CS grid (frc),Llama-2-7B,cs,faithful-CLoRA grid,lorawd,LoRA+wd,2e-05,43.0,frc_lorawd_wd0_lr2e5_c256,False,False,True,0.2239,-0.6499459064209697,38.580741402303815,1.586370569182298,5.524248600006104,0.7422732142913697,2.2964781686663627,5.5163,0.7416478769384909,2.2947,26.9
frc_lorawd_wd0_lr2e5_c256_s44,frc,Llama-CS grid (frc),Llama-2-7B,cs,faithful-CLoRA grid,lorawd,LoRA+wd,2e-05,44.0,frc_lorawd_wd0_lr2e5_c256,False,False,True,0.2227,-0.6522797829659618,38.44010009528925,1.5847845098699518,5.438711166381836,0.7354959953517884,2.284599743783474,5.4311,0.7348877993030981,2.2828,26.52
frc_lorawd_wd0_lr3e4_c256_s42,frc,Llama-CS grid (frc),Llama-2-7B,cs,faithful-CLoRA grid,lorawd,LoRA+wd,0.0003,42.0,frc_lorawd_wd0_lr3e4_c256,False,False,True,0.7468,-0.1267956907229593,590.3112686403074,2.77108107368637,55.22713088989258,1.742152481734385,17.495972433686255,55.2274,1.742154597954222,17.4945,21.1
frc_lorawd_wd0_lr3e4_c256_s43,frc,Llama-CS grid (frc),Llama-2-7B,cs,faithful-CLoRA grid,lorawd,LoRA+wd,0.0003,43.0,frc_lorawd_wd0_lr3e4_c256,False,False,True,0.7393,-0.1311792938024826,593.8158233043312,2.7736517659818136,62.609561920166016,1.796640665032199,17.557985681295396,62.6106,1.796647865667253,17.5556,23.46
frc_lorawd_wd0_lr3e4_c256_s44,frc,Llama-CS grid (frc),Llama-2-7B,cs,faithful-CLoRA grid,lorawd,LoRA+wd,0.0003,44.0,frc_lorawd_wd0_lr3e4_c256,False,False,True,0.76,-0.1191864077192086,593.2364522334947,2.773227829000766,67.71345520019531,1.830674975015757,17.683122992515564,67.7143,1.830680393283127,17.6812,22.62
frc_lorawd_wd0_lr3e4_c256_s45,frc,Llama-CS grid (frc),Llama-2-7B,cs,faithful-CLoRA grid,lorawd,LoRA+wd,0.0003,45.0,frc_lorawd_wd0_lr3e4_c256,False,False,True,0.7284,-0.1376300628771175,593.1761822111175,2.7731837044906165,62.27092742919922,1.7942853339144975,17.583231124281884,62.2726,1.7942969987241333,17.5817,21.91
frc_lorawd_wd0_lr5e4_c256_s42,frc,Llama-CS grid (frc),Llama-2-7B,cs,faithful-CLoRA grid,lorawd,LoRA+wd,0.0005,42.0,frc_lorawd_wd0_lr5e4_c256,False,False,True,1.1427,0.0579322273806086,960.7961276751788,2.9826312440485854,157.904541015625,2.198394619619888,22.79149485230446,157.9087,2.1984060581774263,22.7888,17.46
frc_lorawd_wd0_lr5e4_c256_s43,frc,Llama-CS grid (frc),Llama-2-7B,cs,faithful-CLoRA grid,lorawd,LoRA+wd,0.0005,43.0,frc_lorawd_wd0_lr5e4_c256,False,False,True,1.1542,0.0622810699726438,972.5457294723304,2.9879100311705704,153.18605041503906,2.1852192189284043,22.590540498495105,153.1895,2.1852289986625344,22.5878,17.51
frc_lorawd_wd0_lr5e4_c256_s44,frc,Llama-CS grid (frc),Llama-2-7B,cs,faithful-CLoRA grid,lorawd,LoRA+wd,0.0005,44.0,frc_lorawd_wd0_lr5e4_c256,False,False,True,1.1744,0.0698160425719953,957.9957282898974,2.9813635725605256,132.59703063964844,2.122533798644511,22.38032779693604,132.6013,2.1225477818369214,22.3773,17.24
frc_lorawd_wd0_lr5e4_c256_s45,frc,Llama-CS grid (frc),Llama-2-7B,cs,faithful-CLoRA grid,lorawd,LoRA+wd,0.0005,45.0,frc_lorawd_wd0_lr5e4_c256,False,False,True,1.1535,0.0620175988571122,958.1284641414682,2.981423742405682,140.1141815185547,2.14648209419767,22.594821125268936,140.1158,2.146487110774104,22.5923,17.9
frc_lorawd_wd0_lr5e4_c256_s46,frc,Llama-CS grid (frc),Llama-2-7B,cs,faithful-CLoRA grid,lorawd,LoRA+wd,0.0005,46.0,frc_lorawd_wd0_lr5e4_c256,False,False,True,1.1402,0.0569810366681131,958.8916913468564,2.981769555547295,150.49774169921875,2.177529983152944,22.65378206372261,150.5014,2.1775405398597405,22.6509,18.26
frc_lorawd_wd0_lr7e4_c256_s42,frc,Llama-CS grid (frc),Llama-2-7B,cs,faithful-CLoRA grid,lorawd,LoRA+wd,0.0007,42.0,frc_lorawd_wd0_lr7e4_c256,False,False,True,1.4951,0.1746702414870472,1307.003379310774,3.1162767104681683,247.0572509765625,2.392797604685252,28.049109822511674,247.0611,2.3928043707146305,28.0461,16.32
frc_lorawd_wd0_lr7e4_c256_s43,frc,Llama-CS grid (frc),Llama-2-7B,cs,faithful-CLoRA grid,lorawd,LoRA+wd,0.0007,43.0,frc_lorawd_wd0_lr7e4_c256,False,False,True,1.5106,0.1791494803611487,1287.3456119064767,3.109695157000615,188.63755798339844,2.275628165607251,27.76875476241112,188.6424,2.2756393130909536,27.766,16.06
frc_lorawd_wd0_lr7e4_c256_s44,frc,Llama-CS grid (frc),Llama-2-7B,cs,faithful-CLoRA grid,lorawd,LoRA+wd,0.0007,44.0,frc_lorawd_wd0_lr7e4_c256,False,False,True,1.5076,0.1782861287775673,1288.6847740278342,3.1101466973048337,232.20252990722656,2.3658669471801725,27.964785832166672,232.2061,2.3658736243669924,27.962,16.2
frc_lorawd_wd0p1_lr1e3_c256_s42,frc,Llama-CS grid (frc),Llama-2-7B,cs,faithful-CLoRA grid,lorawd,LoRA+wd,0.001,42.0,frc_lorawd_wd0p1_lr1e3_c256,False,False,True,0.9814,-0.0081539463551032,714.4789430025926,2.853989433865216,127.22618865966795,2.10457651712775,15.340968361496923,127.2283,2.1045837242590566,15.3392,19.27
frc_lorawd_wd0p1_lr1e3_c256_s43,frc,Llama-CS grid (frc),Llama-2-7B,cs,faithful-CLoRA grid,lorawd,LoRA+wd,0.001,43.0,frc_lorawd_wd0p1_lr1e3_c256,False,False,True,0.9951,-0.0021332737608552,705.7331509082169,2.8486405183387067,101.16870880126952,2.0050462072040176,14.96702779829502,101.1716,2.0050586182916774,14.965,19.2
frc_lorawd_wd0p1_lr1e3_c256_s44,frc,Llama-CS grid (frc),Llama-2-7B,cs,faithful-CLoRA grid,lorawd,LoRA+wd,0.001,44.0,frc_lorawd_wd0p1_lr1e3_c256,False,False,True,0.9957,-0.0018714928717335,710.3690538561715,2.8514840338062464,107.71549224853516,2.032278170467752,15.092073807120324,107.7175,2.0322862653781284,15.0903,19.7
frc_lorawd_wd0p1_lr1e4_c256_s42,frc,Llama-CS grid (frc),Llama-2-7B,cs,faithful-CLoRA grid,lorawd,LoRA+wd,0.0001,42.0,frc_lorawd_wd0p1_lr1e4_c256,False,False,True,0.2676,-0.5725138909042145,160.67391365714798,2.2059453722556848,18.593610763549805,1.269363735248729,7.091019158065319,18.5687,1.2687814997231237,7.0893,27.0
frc_lorawd_wd0p1_lr1e4_c256_s43,frc,Llama-CS grid (frc),Llama-2-7B,cs,faithful-CLoRA grid,lorawd,LoRA+wd,0.0001,43.0,frc_lorawd_wd0p1_lr1e4_c256,False,False,True,0.272,-0.5654310959658012,160.46318405444032,2.2053754056126675,18.5681266784668,1.2687680903717862,7.109349381923676,18.5424,1.2681659455204075,7.108,26.7
frc_lorawd_wd0p1_lr1e4_c256_s44,frc,Llama-CS grid (frc),Llama-2-7B,cs,faithful-CLoRA grid,lorawd,LoRA+wd,0.0001,44.0,frc_lorawd_wd0p1_lr1e4_c256,False,False,True,0.2806,-0.5519123333076589,159.95562428740485,2.2039995151549885,19.71563720703125,1.2948108179816704,7.070184561610222,19.6612,1.293610020997335,7.0681,27.35
frc_lorawd_wd0p1_lr1e4_c256_s45,frc,Llama-CS grid (frc),Llama-2-7B,cs,faithful-CLoRA grid,lorawd,LoRA+wd,0.0001,45.0,frc_lorawd_wd0p1_lr1e4_c256,False,False,True,0.2719,-0.5655907924124999,160.44509861663886,2.2053264545180875,20.23940658569336,1.3061977749495346,7.075698518753052,20.2047,1.305452406408866,7.0738,27.11
frc_lorawd_wd0p1_lr2e4_c256_s42,frc,Llama-CS grid (frc),Llama-2-7B,cs,faithful-CLoRA grid,lorawd,LoRA+wd,0.0002,42.0,frc_lorawd_wd0p1_lr2e4_c256,False,False,True,0.4288,-0.3677452233152863,302.1743648841436,2.480257617972593,29.584373474121094,1.471062376397782,10.663493371009826,29.5455,1.470491343965492,10.6581,25.24
frc_lorawd_wd0p1_lr2e4_c256_s43,frc,Llama-CS grid (frc),Llama-2-7B,cs,faithful-CLoRA grid,lorawd,LoRA+wd,0.0002,43.0,frc_lorawd_wd0p1_lr2e4_c256,False,False,True,0.4115,-0.3856301604517114,302.03104822650374,2.4800515899119557,27.095577239990234,1.432898407589492,10.70460266172886,27.0828,1.4326935625864747,10.7004,25.92
frc_lorawd_wd0p1_lr2e4_c256_s44,frc,Llama-CS grid (frc),Llama-2-7B,cs,faithful-CLoRA grid,lorawd,LoRA+wd,0.0002,44.0,frc_lorawd_wd0p1_lr2e4_c256,False,False,True,0.4177,-0.3791355247348789,302.6724595445657,2.4809729058856647,29.901241302490234,1.4756892177435594,10.698246708512306,29.87,1.4752352226041283,10.693,25.74
frc_lorawd_wd0p1_lr2e4_c256_s45,frc,Llama-CS grid (frc),Llama-2-7B,cs,faithful-CLoRA grid,lorawd,LoRA+wd,0.0002,45.0,frc_lorawd_wd0p1_lr2e4_c256,False,False,True,0.4239,-0.3727365834317789,302.9656072697903,2.481393330084096,31.71055793762207,1.50120388337363,10.749254393577576,31.6792,1.5007742057466096,10.7441,25.22
frc_lorawd_wd0p1_lr3e4_c256_s42,frc,Llama-CS grid (frc),Llama-2-7B,cs,faithful-CLoRA grid,lorawd,LoRA+wd,0.0003,42.0,frc_lorawd_wd0p1_lr3e4_c256,False,False,True,0.5734,-0.2415423113895343,415.2617092668213,2.6183218872360667,42.52197647094727,1.6286134428333077,12.450215631723404,42.523,1.6286238964318185,12.4488,24.08
frc_lorawd_wd0p1_lr3e4_c256_s43,frc,Llama-CS grid (frc),Llama-2-7B,cs,faithful-CLoRA grid,lorawd,LoRA+wd,0.0003,43.0,frc_lorawd_wd0p1_lr3e4_c256,False,False,True,0.5415,-0.2664015390386609,415.87651758895504,2.618964398678337,43.94644546508789,1.642923753645814,12.30048838853836,43.9474,1.642933186598552,12.2985,24.24
frc_lorawd_wd0p1_lr3e4_c256_s44,frc,Llama-CS grid (frc),Llama-2-7B,cs,faithful-CLoRA grid,lorawd,LoRA+wd,0.0003,44.0,frc_lorawd_wd0p1_lr3e4_c256,False,False,True,0.5481,-0.2611401979277997,414.5453769537088,2.6175720762179706,39.39411544799805,1.5954313533146924,12.368870916962624,39.3946,1.5954366951522754,12.3676,24.14
frc_lorawd_wd0p1_lr3e4_c256_s45,frc,Llama-CS grid (frc),Llama-2-7B,cs,faithful-CLoRA grid,lorawd,LoRA+wd,0.0003,45.0,frc_lorawd_wd0p1_lr3e4_c256,False,False,True,0.5482,-0.2610609687965204,415.1502169449233,2.618205269208465,48.11078643798828,1.6822424561103615,12.475216609239578,48.1114,1.6822479946790818,12.473,25.4
frc_lorawd_wd0p1_lr5e4_c256_s42,frc,Llama-CS grid (frc),Llama-2-7B,cs,faithful-CLoRA grid,lorawd,LoRA+wd,0.0005,42.0,frc_lorawd_wd0p1_lr5e4_c256,False,False,True,0.7118,-0.1476420163321729,561.8918542292691,2.74965273615448,72.37171936035156,1.8595688904351333,13.24384954571724,72.3724,1.8595729748572816,13.2424,22.43
frc_lorawd_wd0p1_lr5e4_c256_s43,frc,Llama-CS grid (frc),Llama-2-7B,cs,faithful-CLoRA grid,lorawd,LoRA+wd,0.0005,43.0,frc_lorawd_wd0p1_lr5e4_c256,False,False,True,0.7531,-0.1231473523986565,563.4355711167178,2.7508442616274773,76.1714096069336,1.881791992600716,13.264806631207469,76.1725,1.881798209477952,13.2633,22.76
frc_lorawd_wd0p1_lr5e4_c256_s44,frc,Llama-CS grid (frc),Llama-2-7B,cs,faithful-CLoRA grid,lorawd,LoRA+wd,0.0005,44.0,frc_lorawd_wd0p1_lr5e4_c256,False,False,True,0.7672,-0.1150914058373928,563.4368723041836,2.7508452645777925,72.4566650390625,1.8600783408983013,13.257551842927931,72.4572,1.860081547362819,13.256,20.94
frc_lorawd_wd0p1_lr5e4_c256_s45,frc,Llama-CS grid (frc),Llama-2-7B,cs,faithful-CLoRA grid,lorawd,LoRA+wd,0.0005,45.0,frc_lorawd_wd0p1_lr5e4_c256,False,False,True,0.7391,-0.1312967977214633,564.4667105878478,2.7516383345084487,80.24688720703125,1.904428195032936,13.352918702363969,80.2495,1.9044423351838575,13.3516,22.29
frc_lorawd_wd0p1_lr7e4_c256_s42,frc,Llama-CS grid (frc),Llama-2-7B,cs,faithful-CLoRA grid,lorawd,LoRA+wd,0.0007,42.0,frc_lorawd_wd0p1_lr7e4_c256,False,False,True,0.8594,-0.0658046506521155,642.693313156939,2.8080037813571868,103.73568725585938,2.015928188520532,14.163102117180824,103.7369,2.01593326570297,14.1611,20.75
frc_lorawd_wd0p1_lr7e4_c256_s43,frc,Llama-CS grid (frc),Llama-2-7B,cs,faithful-CLoRA grid,lorawd,LoRA+wd,0.0007,43.0,frc_lorawd_wd0p1_lr7e4_c256,False,False,True,0.8504,-0.0703767484847596,642.3683611423712,2.807784142296057,91.32572174072266,1.9605931130961047,14.096971482038498,91.3275,1.960601569428648,14.095,21.94
frc_lorawd_wd0p1_lr7e4_c256_s44,frc,Llama-CS grid (frc),Llama-2-7B,cs,faithful-CLoRA grid,lorawd,LoRA+wd,0.0007,44.0,frc_lorawd_wd0p1_lr7e4_c256,False,False,True,0.8692,-0.060880282351513,641.3912536588172,2.807123033369766,93.8796157836914,1.972571303515348,14.052265039086342,93.8808,1.9725767817585236,14.0503,21.58
frc_lorawd_wd0p2_lr1e3_c256_s42,frc,Llama-CS grid (frc),Llama-2-7B,cs,faithful-CLoRA grid,lorawd,LoRA+wd,0.001,42.0,frc_lorawd_wd0p2_lr1e3_c256,False,False,True,0.6426,-0.1920592787845007,421.9315379191352,2.625241988601474,60.07316589355469,1.7786805201423048,9.532605665922166,60.0743,1.7786887190030538,9.5314,24.08
frc_lorawd_wd0p2_lr1e3_c256_s43,frc,Llama-CS grid (frc),Llama-2-7B,cs,faithful-CLoRA grid,lorawd,LoRA+wd,0.001,43.0,frc_lorawd_wd0p2_lr1e3_c256,False,False,True,0.6321,-0.1992142096722373,422.0933046902252,2.6254084633622945,59.3304328918457,1.7732775170860462,9.511450278759003,59.3315,1.7732853281703884,9.51,24.02
frc_lorawd_wd0p2_lr1e3_c256_s44,frc,Llama-CS grid (frc),Llama-2-7B,cs,faithful-CLoRA grid,lorawd,LoRA+wd,0.001,44.0,frc_lorawd_wd0p2_lr1e3_c256,False,False,True,0.6361,-0.1964746044234676,421.2820629631355,2.6245729684504484,62.38398361206055,1.7950731037570835,9.51256807744503,62.3841,1.7950739140066023,9.5115,23.12
frc_lorawd_wd0p2_lr1e4_c256_s42,frc,Llama-CS grid (frc),Llama-2-7B,cs,faithful-CLoRA grid,lorawd,LoRA+wd,0.0001,42.0,frc_lorawd_wd0p2_lr1e4_c256,False,False,True,0.254,-0.595166283380062,141.0965906143857,2.1495165198121224,18.09582901000977,1.257578483892163,6.279496379196644,18.059,1.2566936979981955,6.2778,27.42
frc_lorawd_wd0p2_lr1e4_c256_s43,frc,Llama-CS grid (frc),Llama-2-7B,cs,faithful-CLoRA grid,lorawd,LoRA+wd,0.0001,43.0,frc_lorawd_wd0p2_lr1e4_c256,False,False,True,0.2508,-0.6006724678413211,141.34161832761333,2.1502700595747752,18.190507888793945,1.2598448249689995,6.262881574034691,18.1833,1.2596727040637634,6.2614,27.02
frc_lorawd_wd0p2_lr1e4_c256_s44,frc,Llama-CS grid (frc),Llama-2-7B,cs,faithful-CLoRA grid,lorawd,LoRA+wd,0.0001,44.0,frc_lorawd_wd0p2_lr1e4_c256,False,False,True,0.252,-0.5985994592184559,141.15329927675123,2.14969103367629,15.163610458374023,1.180802619202589,6.20032666027546,15.1595,1.1806848773631882,6.1989,27.73
frc_lorawd_wd0p2_lr1e4_c256_s45,frc,Llama-CS grid (frc),Llama-2-7B,cs,faithful-CLoRA grid,lorawd,LoRA+wd,0.0001,45.0,frc_lorawd_wd0p2_lr1e4_c256,False,False,True,0.2515,-0.5994620106080538,141.03365594247774,2.149322764044941,18.48145866394043,1.2667362452769602,6.304731774330139,18.4747,1.2665773948664625,6.3034,27.26
frc_lorawd_wd0p2_lr2e4_c256_s42,frc,Llama-CS grid (frc),Llama-2-7B,cs,faithful-CLoRA grid,lorawd,LoRA+wd,0.0002,42.0,frc_lorawd_wd0p2_lr2e4_c256,False,False,True,0.349,-0.4571745730408201,240.6643254781575,2.381411718043068,21.489059448242188,1.3322174073305542,8.509367932379245,21.4819,1.332072690576088,8.5057,26.32
frc_lorawd_wd0p2_lr2e4_c256_s43,frc,Llama-CS grid (frc),Llama-2-7B,cs,faithful-CLoRA grid,lorawd,LoRA+wd,0.0002,43.0,frc_lorawd_wd0p2_lr2e4_c256,False,False,True,0.3616,-0.4417715781966743,240.4413203524882,2.3810091041752406,23.40337181091309,1.3692784323409417,8.545588876307011,23.3555,1.3683891692010468,8.5416,26.45
frc_lorawd_wd0p2_lr2e4_c256_s44,frc,Llama-CS grid (frc),Llama-2-7B,cs,faithful-CLoRA grid,lorawd,LoRA+wd,0.0002,44.0,frc_lorawd_wd0p2_lr2e4_c256,False,False,True,0.3465,-0.4602967610521745,240.3320215385588,2.38081163951383,24.494028091430664,1.3890602115856665,8.51950381398201,24.4701,1.38863574415193,8.5149,26.35
frc_lorawd_wd0p2_lr2e4_c256_s45,frc,Llama-CS grid (frc),Llama-2-7B,cs,faithful-CLoRA grid,lorawd,LoRA+wd,0.0002,45.0,frc_lorawd_wd0p2_lr2e4_c256,False,False,True,0.3554,-0.4492825765307173,240.09297115423087,2.380379446047805,23.98535919189453,1.379946226612201,8.563542234897614,23.9597,1.3794813759393003,8.5588,26.53
frc_lorawd_wd0p2_lr2e4_c256_s46,frc,Llama-CS grid (frc),Llama-2-7B,cs,faithful-CLoRA grid,lorawd,LoRA+wd,0.0002,46.0,frc_lorawd_wd0p2_lr2e4_c256,False,False,True,0.3643,-0.4385408287580841,240.4270928291744,2.380983405107892,25.9923095703125,1.4148448708468468,8.546112233400345,25.9659,1.4144033802050893,8.5419,26.16
frc_lorawd_wd0p2_lr2e5_c256_s42,frc,Llama-CS grid (frc),Llama-2-7B,cs,faithful-CLoRA grid,lorawd,LoRA+wd,2e-05,42.0,frc_lorawd_wd0p2_lr2e5_c256,False,False,True,0.2139,-0.669789215428472,36.26775523974725,1.5595206761439795,5.263933181762695,0.7213103678825086,2.1556724160909653,5.2551,0.7205809846906122,2.154,26.67
frc_lorawd_wd0p2_lr2e5_c256_s43,frc,Llama-CS grid (frc),Llama-2-7B,cs,faithful-CLoRA grid,lorawd,LoRA+wd,2e-05,43.0,frc_lorawd_wd0p2_lr2e5_c256,False,False,True,0.2167,-0.6641410886801821,36.60899002047006,1.5635877476035431,5.64630126953125,0.7517640470670678,2.1742773611098527,5.6435,0.7515485293806768,2.1727,26.91
frc_lorawd_wd0p2_lr2e5_c256_s44,frc,Llama-CS grid (frc),Llama-2-7B,cs,faithful-CLoRA grid,lorawd,LoRA+wd,2e-05,44.0,frc_lorawd_wd0p2_lr2e5_c256,False,False,True,0.219,-0.6595558851598816,36.59004740709484,1.563362972171121,5.697011470794678,0.7556470938989858,2.170877480879426,5.6833,0.7546005814196722,2.1691,26.82
frc_lorawd_wd0p2_lr3e4_c256_s42,frc,Llama-CS grid (frc),Llama-2-7B,cs,faithful-CLoRA grid,lorawd,LoRA+wd,0.0003,42.0,frc_lorawd_wd0p2_lr3e4_c256,False,False,True,0.4227,-0.3739677521709811,304.92973669269327,2.484199778749826,29.872350692749023,1.4752693991264192,9.056651005148888,29.873,1.4752788388753837,9.0552,26.05
frc_lorawd_wd0p2_lr3e4_c256_s43,frc,Llama-CS grid (frc),Llama-2-7B,cs,faithful-CLoRA grid,lorawd,LoRA+wd,0.0003,43.0,frc_lorawd_wd0p2_lr3e4_c256,False,False,True,0.4375,-0.3590219426416679,305.34915379887843,2.4847967207917274,29.77842712402344,1.473901754887036,9.172109596431255,29.779,1.4739101097434313,9.1706,26.03
frc_lorawd_wd0p2_lr3e4_c256_s44,frc,Llama-CS grid (frc),Llama-2-7B,cs,faithful-CLoRA grid,lorawd,LoRA+wd,0.0003,44.0,frc_lorawd_wd0p2_lr3e4_c256,False,False,True,0.4315,-0.3650191999487716,305.78961664298447,2.485422734473242,30.19123268127441,1.479880845243913,9.174101254343986,30.192,1.479891882820856,9.1723,25.96
frc_lorawd_wd0p2_lr3e4_c256_s45,frc,Llama-CS grid (frc),Llama-2-7B,cs,faithful-CLoRA grid,lorawd,LoRA+wd,0.0003,45.0,frc_lorawd_wd0p2_lr3e4_c256,False,False,True,0.4284,-0.368150537840182,305.0059616649948,2.484308328175988,24.41937255859375,1.3877345008111073,9.03498727530241,24.4184,1.3877172036737269,9.0334,25.6
frc_lorawd_wd0p2_lr5e4_c256_s42,frc,Llama-CS grid (frc),Llama-2-7B,cs,faithful-CLoRA grid,lorawd,LoRA+wd,0.0005,42.0,frc_lorawd_wd0p2_lr5e4_c256,False,False,True,0.5258,-0.279179418229656,372.6729380179597,2.5713278572127027,54.95830535888672,1.740033332773636,9.040089523792266,54.9591,1.740039612184062,9.0395,24.3
frc_lorawd_wd0p2_lr5e4_c256_s43,frc,Llama-CS grid (frc),Llama-2-7B,cs,faithful-CLoRA grid,lorawd,LoRA+wd,0.0005,43.0,frc_lorawd_wd0p2_lr5e4_c256,False,False,True,0.5274,-0.2778598745425845,370.8761848647693,2.56922894679887,46.111114501953125,1.66380561920919,8.981399075686932,46.1119,1.663813017307575,8.9807,24.26
frc_lorawd_wd0p2_lr5e4_c256_s44,frc,Llama-CS grid (frc),Llama-2-7B,cs,faithful-CLoRA grid,lorawd,LoRA+wd,0.0005,44.0,frc_lorawd_wd0p2_lr5e4_c256,False,False,True,0.5276,-0.2776952131256723,371.3076411118879,2.569733886631445,51.67447662353516,1.7132760866411407,9.00995117723942,51.6757,1.713286368300357,9.0093,24.65
frc_lorawd_wd0p2_lr5e4_c256_s45,frc,Llama-CS grid (frc),Llama-2-7B,cs,faithful-CLoRA grid,lorawd,LoRA+wd,0.0005,45.0,frc_lorawd_wd0p2_lr5e4_c256,False,False,True,0.5266,-0.2785191452299507,371.71463668924434,2.570209662274689,48.795047760009766,1.688375747419993,9.047785924375058,48.7956,1.6883806625381104,9.0472,24.89
frc_lorawd_wd0p2_lr7e4_c256_s42,frc,Llama-CS grid (frc),Llama-2-7B,cs,faithful-CLoRA grid,lorawd,LoRA+wd,0.0007,42.0,frc_lorawd_wd0p2_lr7e4_c256,False,False,True,0.5926,-0.2272383528559677,399.3336317096969,2.601335887832361,55.38580322265625,1.7433984583711963,9.18641157746315,55.3872,1.74340941072737,9.1851,22.86
frc_lorawd_wd0p2_lr7e4_c256_s43,frc,Llama-CS grid (frc),Llama-2-7B,cs,faithful-CLoRA grid,lorawd,LoRA+wd,0.0007,43.0,frc_lorawd_wd0p2_lr7e4_c256,False,False,True,0.5799,-0.2366468912517845,399.3588243590179,2.601363285182881,60.21372985839844,1.7796955298271406,9.23764018714428,60.2147,1.7797025269646891,9.2364,24.04
frc_lorawd_wd0p2_lr7e4_c256_s44,frc,Llama-CS grid (frc),Llama-2-7B,cs,faithful-CLoRA grid,lorawd,LoRA+wd,0.0007,44.0,frc_lorawd_wd0p2_lr7e4_c256,False,False,True,0.5988,-0.2227182083289852,398.9007164116616,2.60086481628816,58.56089782714844,1.76760772649274,9.256131109595298,58.5616,1.7676129338576858,9.2549,22.72
frc_lorawd_wd0p3_lr1e3_c256_s42,frc,Llama-CS grid (frc),Llama-2-7B,cs,faithful-CLoRA grid,lorawd,LoRA+wd,0.001,42.0,frc_lorawd_wd0p3_lr1e3_c256,False,False,True,0.4647,-0.3328273275211315,295.860350364532,2.4710867672164536,53.98051834106445,1.7322370504980678,7.152259711921215,53.9811,1.732241730147557,7.1519,25.46
frc_lorawd_wd0p3_lr1e3_c256_s43,frc,Llama-CS grid (frc),Llama-2-7B,cs,faithful-CLoRA grid,lorawd,LoRA+wd,0.001,43.0,frc_lorawd_wd0p3_lr1e3_c256,False,False,True,0.4418,-0.3547742884645838,296.0925132054652,2.4714274262523164,48.98600769042969,1.690072046342072,7.146924632787704,48.9869,1.6900799572050174,7.1465,25.54
frc_lorawd_wd0p3_lr1e3_c256_s44,frc,Llama-CS grid (frc),Llama-2-7B,cs,faithful-CLoRA grid,lorawd,LoRA+wd,0.001,44.0,frc_lorawd_wd0p3_lr1e3_c256,False,False,True,0.446,-0.3506651412878581,293.8498468762172,2.4681254687416505,49.319454193115234,1.6930182617146536,7.122652293741703,49.3201,1.6930239484874443,7.1222,25.5
frc_lorawd_wd0p3_lr1e4_c256_s42,frc,Llama-CS grid (frc),Llama-2-7B,cs,faithful-CLoRA grid,lorawd,LoRA+wd,0.0001,42.0,frc_lorawd_wd0p3_lr1e4_c256,False,False,True,0.2344,-0.630042392653947,124.78458343734567,2.096160933570266,15.144989967346191,1.1802689899747425,5.521679343283177,15.1193,1.1795316844737374,5.5201,27.14
frc_lorawd_wd0p3_lr1e4_c256_s43,frc,Llama-CS grid (frc),Llama-2-7B,cs,faithful-CLoRA grid,lorawd,LoRA+wd,0.0001,43.0,frc_lorawd_wd0p3_lr1e4_c256,False,False,True,0.2342,-0.6304131092636557,125.24051199093564,2.097744834371128,15.300626754760742,1.1847092210502184,5.594821465015412,15.2793,1.1841034580943153,5.5937,27.51
frc_lorawd_wd0p3_lr1e4_c256_s44,frc,Llama-CS grid (frc),Llama-2-7B,cs,faithful-CLoRA grid,lorawd,LoRA+wd,0.0001,44.0,frc_lorawd_wd0p3_lr1e4_c256,False,False,True,0.2329,-0.6328305114653193,125.35674803322571,2.098147717270807,15.129083633422852,1.1798126236609794,5.541658899188041,15.0911,1.1787208969338978,5.5402,27.84
frc_lorawd_wd0p3_lr1e4_c256_s45,frc,Llama-CS grid (frc),Llama-2-7B,cs,faithful-CLoRA grid,lorawd,LoRA+wd,0.0001,45.0,frc_lorawd_wd0p3_lr1e4_c256,False,False,True,0.2385,-0.6225116166238673,125.45790783260284,2.0984980408584817,16.044315338134766,1.2053211891028053,5.590184327960015,16.0388,1.20517187187372,5.589,26.94
frc_lorawd_wd0p3_lr1e4_c256_s46,frc,Llama-CS grid (frc),Llama-2-7B,cs,faithful-CLoRA grid,lorawd,LoRA+wd,0.0001,46.0,frc_lorawd_wd0p3_lr1e4_c256,False,False,True,0.2355,-0.6280090885350851,124.9055770045963,2.0965818299533883,15.969231605529783,1.203284019613324,5.555435718595982,15.934,1.2023248128295485,5.554,27.08
frc_lorawd_wd0p3_lr2e4_c256_s42,frc,Llama-CS grid (frc),Llama-2-7B,cs,faithful-CLoRA grid,lorawd,LoRA+wd,0.0002,42.0,frc_lorawd_wd0p3_lr2e4_c256,False,False,True,0.3258,-0.4870489200275094,195.61990953352105,2.291413053726223,21.02100944519043,1.3226535673511075,7.12323471903801,21.0025,1.322270993380716,7.1198,26.97
frc_lorawd_wd0p3_lr2e4_c256_s43,frc,Llama-CS grid (frc),Llama-2-7B,cs,faithful-CLoRA grid,lorawd,LoRA+wd,0.0002,43.0,frc_lorawd_wd0p3_lr2e4_c256,False,False,True,0.2998,-0.5231683714877393,196.1774149943249,2.292649007590703,19.526447296142575,1.2906232335574674,6.938471432030201,19.5055,1.2901570874064758,6.9354,26.33
frc_lorawd_wd0p3_lr2e4_c256_s44,frc,Llama-CS grid (frc),Llama-2-7B,cs,faithful-CLoRA grid,lorawd,LoRA+wd,0.0002,44.0,frc_lorawd_wd0p3_lr2e4_c256,False,False,True,0.3043,-0.5166980476418329,195.8046296534484,2.291822956155452,16.342920303344727,1.2133296628639687,6.926866464316845,16.341,1.2132786299927945,6.923,26.79
frc_lorawd_wd0p3_lr2e4_c256_s45,frc,Llama-CS grid (frc),Llama-2-7B,cs,faithful-CLoRA grid,lorawd,LoRA+wd,0.0002,45.0,frc_lorawd_wd0p3_lr2e4_c256,False,False,True,0.3026,-0.5191310763128322,195.95262312606025,2.2921510815500143,22.383968353271484,1.3499370831373307,7.000087954103947,22.3628,1.3495261797339828,6.9962,26.98
frc_lorawd_wd0p3_lr2e5_c256_s42,frc,Llama-CS grid (frc),Llama-2-7B,cs,faithful-CLoRA grid,lorawd,LoRA+wd,2e-05,42.0,frc_lorawd_wd0p3_lr2e5_c256,False,False,True,0.214,-0.6695862266508091,35.671465758865004,1.5523209550885133,5.290235996246338,0.7234750462471764,2.128042500838637,5.2881,0.7232996592305252,2.1264,26.52
frc_lorawd_wd0p3_lr2e5_c256_s43,frc,Llama-CS grid (frc),Llama-2-7B,cs,faithful-CLoRA grid,lorawd,LoRA+wd,2e-05,43.0,frc_lorawd_wd0p3_lr2e5_c256,False,False,True,0.2171,-0.66334017654558,35.70063982213955,1.5526759995501374,4.976385593414307,0.6969140241353534,2.128529044240713,4.9748,0.6967756256561494,2.1267,26.72
frc_lorawd_wd0p3_lr2e5_c256_s44,frc,Llama-CS grid (frc),Llama-2-7B,cs,faithful-CLoRA grid,lorawd,LoRA+wd,2e-05,44.0,frc_lorawd_wd0p3_lr2e5_c256,False,False,True,0.2124,-0.6728454875905685,35.602875764357066,1.5514850788197876,5.0812811851501465,0.7059732283250197,2.123962791264057,5.0793,0.7058038644326277,2.1224,27.3
frc_lorawd_wd0p3_lr3e4_c256_s42,frc,Llama-CS grid (frc),Llama-2-7B,cs,faithful-CLoRA grid,lorawd,LoRA+wd,0.0003,42.0,frc_lorawd_wd0p3_lr3e4_c256,False,False,True,0.3581,-0.4459956789880971,234.64697506694557,2.3704149599113884,26.133102416992188,1.4171909704850894,7.134811578691005,26.1334,1.4171959158574494,7.1337,27.28
frc_lorawd_wd0p3_lr3e4_c256_s43,frc,Llama-CS grid (frc),Llama-2-7B,cs,faithful-CLoRA grid,lorawd,LoRA+wd,0.0003,43.0,frc_lorawd_wd0p3_lr3e4_c256,False,False,True,0.3422,-0.4657199947949185,233.9061236360024,2.369041591738664,23.096906661987305,1.363553819303973,7.016644544899464,23.0973,1.3635612152326306,7.0156,25.99
frc_lorawd_wd0p3_lr3e4_c256_s44,frc,Llama-CS grid (frc),Llama-2-7B,cs,faithful-CLoRA grid,lorawd,LoRA+wd,0.0003,44.0,frc_lorawd_wd0p3_lr3e4_c256,False,False,True,0.3483,-0.4580465255417637,234.44654889701567,2.3700438442149245,23.743247985839844,1.3755401285125068,7.05816666930914,23.7438,1.3755502254426748,7.057,25.47
frc_lorawd_wd0p3_lr3e4_c256_s45,frc,Llama-CS grid (frc),Llama-2-7B,cs,faithful-CLoRA grid,lorawd,LoRA+wd,0.0003,45.0,frc_lorawd_wd0p3_lr3e4_c256,False,False,True,0.3524,-0.4529641002599897,234.65099222072732,2.3704223949647747,23.75743293762207,1.3757995120138984,7.146414601802826,23.7577,1.3758043939834896,7.1449,26.65
frc_lorawd_wd0p3_lr5e4_c256_s42,frc,Llama-CS grid (frc),Llama-2-7B,cs,faithful-CLoRA grid,lorawd,LoRA+wd,0.0005,42.0,frc_lorawd_wd0p3_lr5e4_c256,False,False,True,0.4097,-0.3875340360468576,267.2471761017417,2.426913124882086,41.079620361328125,1.6136264213969504,6.807270234823227,41.0801,1.613631492115974,6.8068,25.04
frc_lorawd_wd0p3_lr5e4_c256_s43,frc,Llama-CS grid (frc),Llama-2-7B,cs,faithful-CLoRA grid,lorawd,LoRA+wd,0.0005,43.0,frc_lorawd_wd0p3_lr5e4_c256,False,False,True,0.3889,-0.4101620568525402,266.5030034097284,2.425702107760047,34.09463119506836,1.5326859970005378,6.716753767430783,34.0947,1.532686873430959,6.7163,26.67
frc_lorawd_wd0p3_lr5e4_c256_s44,frc,Llama-CS grid (frc),Llama-2-7B,cs,faithful-CLoRA grid,lorawd,LoRA+wd,0.0005,44.0,frc_lorawd_wd0p3_lr5e4_c256,False,False,True,0.4168,-0.3800722897085319,267.5653649866989,2.4274298954610383,37.7711296081543,1.5771599733171255,6.808094592392445,37.7714,1.5771630822859977,6.8076,26.26
frc_lorawd_wd0p3_lr5e4_c256_s45,frc,Llama-CS grid (frc),Llama-2-7B,cs,faithful-CLoRA grid,lorawd,LoRA+wd,0.0005,45.0,frc_lorawd_wd0p3_lr5e4_c256,False,False,True,0.3917,-0.4070464284521341,266.2717497931986,2.4253250922378866,33.309364318847656,1.522566344626001,6.745564275979996,33.3102,1.5225772402755546,6.7451,25.8
frc_lorawd_wd0p3_lr7e4_c256_s42,frc,Llama-CS grid (frc),Llama-2-7B,cs,faithful-CLoRA grid,lorawd,LoRA+wd,0.0007,42.0,frc_lorawd_wd0p3_lr7e4_c256,False,False,True,0.4347,-0.361810359809163,279.44374580894635,2.4462943941771584,40.12441253662109,1.6034086869338888,6.870842915773392,40.1249,1.6034139630577309,6.8704,25.64
frc_lorawd_wd0p3_lr7e4_c256_s43,frc,Llama-CS grid (frc),Llama-2-7B,cs,faithful-CLoRA grid,lorawd,LoRA+wd,0.0007,43.0,frc_lorawd_wd0p3_lr7e4_c256,False,False,True,0.4343,-0.3622101706377709,282.1543043915016,2.450486680015304,46.84226989746094,1.6706379320889715,6.949956792593002,46.8428,1.6706428468658472,6.9496,25.46
frc_lorawd_wd0p3_lr7e4_c256_s44,frc,Llama-CS grid (frc),Llama-2-7B,cs,faithful-CLoRA grid,lorawd,LoRA+wd,0.0007,44.0,frc_lorawd_wd0p3_lr7e4_c256,False,False,True,0.4274,-0.3691654821719494,281.4780309211818,2.449444504260089,45.5028190612793,1.6580383035764972,6.9255526304245,45.5036,1.6580457570590232,6.9251,26.08
frc_lorawd_wd0p5_lr1e3_c256_s42,frc,Llama-CS grid (frc),Llama-2-7B,cs,faithful-CLoRA grid,lorawd,LoRA+wd,0.001,42.0,frc_lorawd_wd0p5_lr1e3_c256,False,False,True,0.3146,-0.502241281712732,179.58430263610586,2.254268372551451,29.46469497680664,1.4693019495691146,5.097362641990185,29.465,1.469306445431168,5.0967,26.34
frc_lorawd_wd0p5_lr1e3_c256_s43,frc,Llama-CS grid (frc),Llama-2-7B,cs,faithful-CLoRA grid,lorawd,LoRA+wd,0.001,43.0,frc_lorawd_wd0p5_lr1e3_c256,False,False,True,0.9598,-0.0178192544035974,396.386495425352,2.5981188499954877,258.8846435546875,2.4131062898429123,17.35023942887783,257.9163,2.4114787898942702,17.3402,11.44
frc_lorawd_wd0p5_lr1e3_c256_s44,frc,Llama-CS grid (frc),Llama-2-7B,cs,faithful-CLoRA grid,lorawd,LoRA+wd,0.001,44.0,frc_lorawd_wd0p5_lr1e3_c256,False,False,True,0.2977,-0.5262211653532752,179.02164141628114,2.252905534776288,33.60995864868164,1.5264679781445614,4.883117085695266,33.6102,1.5264710967788482,4.8828,26.18
frc_lorawd_wd0p5_lr1e4_c256_s42,frc,Llama-CS grid (frc),Llama-2-7B,cs,faithful-CLoRA grid,lorawd,LoRA+wd,0.0001,42.0,frc_lorawd_wd0p5_lr1e4_c256,False,False,True,0.2079,-0.6821455106685308,101.01600381819324,2.0043901838750497,14.573447227478027,1.1635622926617502,4.498260725289583,14.552,1.1629226860554271,4.497,27.74
frc_lorawd_wd0p5_lr1e4_c256_s43,frc,Llama-CS grid (frc),Llama-2-7B,cs,faithful-CLoRA grid,lorawd,LoRA+wd,0.0001,43.0,frc_lorawd_wd0p5_lr1e4_c256,False,False,True,0.2092,-0.6794383198047633,101.15993109305477,2.005008524844804,12.355354309082031,1.0918552039892433,4.537184841930866,12.3355,1.091156757623082,4.536,27.99
frc_lorawd_wd0p5_lr1e4_c256_s44,frc,Llama-CS grid (frc),Llama-2-7B,cs,faithful-CLoRA grid,lorawd,LoRA+wd,0.0001,44.0,frc_lorawd_wd0p5_lr1e4_c256,False,False,True,0.2097,-0.6784015695346561,101.18550802523524,2.0051183165022546,13.620782852172852,1.134202069295433,4.506801911443472,13.5993,1.1335165544024757,4.5057,27.86
frc_lorawd_wd0p5_lr1e4_c256_s45,frc,Llama-CS grid (frc),Llama-2-7B,cs,faithful-CLoRA grid,lorawd,LoRA+wd,0.0001,45.0,frc_lorawd_wd0p5_lr1e4_c256,False,False,True,0.2102,-0.6773672883077766,100.90293330234454,2.00390379159375,13.956059455871582,1.1447628109696777,4.523819535970688,13.9508,1.1445991126722397,4.5226,27.92
frc_lorawd_wd0p5_lr2e4_c256_s42,frc,Llama-CS grid (frc),Llama-2-7B,cs,faithful-CLoRA grid,lorawd,LoRA+wd,0.0002,42.0,frc_lorawd_wd0p5_lr2e4_c256,False,False,True,0.237,-0.6252516539898961,138.3792547484902,2.141070987349352,14.7599515914917,1.1690849331250643,4.987422317266464,14.7462,1.1686801198632517,4.9847,27.56
frc_lorawd_wd0p5_lr2e4_c256_s43,frc,Llama-CS grid (frc),Llama-2-7B,cs,faithful-CLoRA grid,lorawd,LoRA+wd,0.0002,43.0,frc_lorawd_wd0p5_lr2e4_c256,False,False,True,0.2375,-0.6243363860391147,138.32312191080086,2.140894782270879,15.170804023742676,1.1810085981777378,4.9798027038574215,15.1568,1.1806075199611148,4.9774,27.12
frc_lorawd_wd0p5_lr2e4_c256_s44,frc,Llama-CS grid (frc),Llama-2-7B,cs,faithful-CLoRA grid,lorawd,LoRA+wd,0.0002,44.0,frc_lorawd_wd0p5_lr2e4_c256,False,False,True,0.2371,-0.6250684460218119,138.06778966105148,2.1400923722492715,12.884090423583984,1.1100537641394077,4.916191975772381,12.8787,1.1098720267411428,4.9134,27.36
frc_lorawd_wd0p5_lr2e4_c256_s45,frc,Llama-CS grid (frc),Llama-2-7B,cs,faithful-CLoRA grid,lorawd,LoRA+wd,0.0002,45.0,frc_lorawd_wd0p5_lr2e4_c256,False,False,True,0.2601,-0.5848596478041272,138.77369596647625,2.142307155029483,16.399887084960938,1.2148408578923804,5.012218720465898,16.396,1.2147379096444642,5.0096,27.28
frc_lorawd_wd0p5_lr3e4_c256_s42,frc,Llama-CS grid (frc),Llama-2-7B,cs,faithful-CLoRA grid,lorawd,LoRA+wd,0.0003,42.0,frc_lorawd_wd0p5_lr3e4_c256,False,False,True,0.2548,-0.5938005763366871,153.26624060367496,2.1854465049252325,16.623571395874023,1.220724332979799,4.769057117402554,16.6238,1.2207303052721208,4.768,27.47
frc_lorawd_wd0p5_lr3e4_c256_s43,frc,Llama-CS grid (frc),Llama-2-7B,cs,faithful-CLoRA grid,lorawd,LoRA+wd,0.0003,43.0,frc_lorawd_wd0p5_lr3e4_c256,False,False,True,0.2596,-0.5856953118716683,154.30797407904245,2.1883883694140533,16.64341926574707,1.2212425536673177,4.816362950205803,16.6436,1.2212472697332477,4.8154,25.42
frc_lorawd_wd0p5_lr3e4_c256_s45,frc,Llama-CS grid (frc),Llama-2-7B,cs,faithful-CLoRA grid,lorawd,LoRA+wd,0.0003,45.0,frc_lorawd_wd0p5_lr3e4_c256,False,False,True,0.258,-0.5883802940367698,153.79428975601235,2.1869402108003126,17.166963577270508,1.234693485711146,4.839916594326496,17.167,1.234694407142218,4.8387,23.8
frc_lorawd_wd0p5_lr5e4_c256_s42,frc,Llama-CS grid (frc),Llama-2-7B,cs,faithful-CLoRA grid,lorawd,LoRA+wd,0.0005,42.0,frc_lorawd_wd0p5_lr5e4_c256,False,False,True,0.2962,-0.5284149458148103,165.90303752463362,2.219854337610319,22.28590202331543,1.3480302168749845,4.643815045058727,22.286,1.3480321261824868,4.6436,24.59
frc_lorawd_wd0p5_lr5e4_c256_s43,frc,Llama-CS grid (frc),Llama-2-7B,cs,faithful-CLoRA grid,lorawd,LoRA+wd,0.0005,43.0,frc_lorawd_wd0p5_lr5e4_c256,False,False,True,0.2636,-0.5790545940780277,164.16457768501002,2.215279453785165,23.58688735961914,1.372670633054614,4.531727416068316,23.587,1.3726727070450602,4.5314,26.97
frc_lorawd_wd0p5_lr5e4_c256_s44,frc,Llama-CS grid (frc),Llama-2-7B,cs,faithful-CLoRA grid,lorawd,LoRA+wd,0.0005,44.0,frc_lorawd_wd0p5_lr5e4_c256,False,False,True,0.2732,-0.5635193049905051,164.09841125365256,2.215104376378432,22.222637176513672,1.3467955957050983,4.5085118122398855,22.2229,1.3468007320043571,4.5082,27.1
frc_lorawd_wd0p5_lr5e4_c256_s45,frc,Llama-CS grid (frc),Llama-2-7B,cs,faithful-CLoRA grid,lorawd,LoRA+wd,0.0005,45.0,frc_lorawd_wd0p5_lr5e4_c256,False,False,True,0.2695,-0.5694412304772425,164.36754798844794,2.215816076459784,24.905405044555664,1.3962936091956863,4.549174145609141,24.9057,1.3962987525275503,4.5489,26.63
frc_lorawd_wd0p5_lr7e4_c256_s42,frc,Llama-CS grid (frc),Llama-2-7B,cs,faithful-CLoRA grid,lorawd,LoRA+wd,0.0007,42.0,frc_lorawd_wd0p5_lr7e4_c256,False,False,True,0.2963,-0.5282683485199489,171.22142347827815,2.2335581033101986,29.158222198486328,1.4647610411505907,4.68603927642107,29.1585,1.4647651788201956,4.6856,26.9
frc_lorawd_wd0p5_lr7e4_c256_s43,frc,Llama-CS grid (frc),Llama-2-7B,cs,faithful-CLoRA grid,lorawd,LoRA+wd,0.0007,43.0,frc_lorawd_wd0p5_lr7e4_c256,False,False,True,0.2858,-0.5439377755450486,171.1909381310604,2.2334807718841465,30.555404663085938,1.485088039709634,4.703829218447209,30.5557,1.4850922374145452,4.7034,26.5
frc_lorawd_wd0p5_lr7e4_c256_s44,frc,Llama-CS grid (frc),Llama-2-7B,cs,faithful-CLoRA grid,lorawd,LoRA+wd,0.0007,44.0,frc_lorawd_wd0p5_lr7e4_c256,False,False,True,0.2849,-0.5453075507605232,171.23175864430607,2.2335843171450303,28.29219436645508,1.451666633009623,4.690318951010704,28.2925,1.4516713245596449,4.6898,27.1
frc_lorawdr16_wd0p3_lr3e4_c256_s42,frc,Llama-CS grid (frc),Llama-2-7B,cs,faithful-CLoRA grid,lorawdr16,LoRA+wd-r16,0.0003,42.0,frc_lorawdr16_wd0p3_lr3e4_c256,False,False,True,0.3275,-0.4847886956721981,188.29254521007047,2.274833125974076,18.133028030395508,1.2584703328922633,6.813746210932732,18.1174,1.2580958728843108,6.8085,26.84
frc_lorawdr16_wd0p3_lr3e4_c256_s42_reeval,frc,Llama-CS grid (frc),Llama-2-7B,cs,faithful-CLoRA grid,lorawdr16,LoRA+wd-r16,0.0003,,frc_lorawdr16_wd0p3_lr3e4_c256_s42_reeval,False,False,True,0.3275,-0.4847886956721981,,,,,,18.1174,1.2580958728843108,6.8085,26.84
frc_lorawdr16_wd0p3_lr3e4_c256_s43,frc,Llama-CS grid (frc),Llama-2-7B,cs,faithful-CLoRA grid,lorawdr16,LoRA+wd-r16,0.0003,43.0,frc_lorawdr16_wd0p3_lr3e4_c256,False,False,True,0.3336,-0.4767739580342989,188.15928698760413,2.2745256586799742,18.42728805541992,1.2654614247888376,6.86176868379116,18.3984,1.2647800566299394,6.8558,27.25
frc_lorawdr16_wd0p3_lr3e4_c256_s44,frc,Llama-CS grid (frc),Llama-2-7B,cs,faithful-CLoRA grid,lorawdr16,LoRA+wd-r16,0.0003,44.0,frc_lorawdr16_wd0p3_lr3e4_c256,False,False,True,0.3055,-0.514988785421427,188.0910713533566,2.274368180164932,15.991999626159668,1.2039027709576846,6.780012184381485,15.9874,1.2037778410154665,6.7743,27.06
frc_lorawdr16_wd0p3_lr3e4_c256_s45,frc,Llama-CS grid (frc),Llama-2-7B,cs,faithful-CLoRA grid,lorawdr16,LoRA+wd-r16,0.0003,45.0,frc_lorawdr16_wd0p3_lr3e4_c256,False,False,True,0.333,-0.4775557664936801,188.501949514116,2.27531584610067,20.68702507019043,1.3156980407626602,6.829851707816124,20.6678,1.3152942502745997,6.8244,26.88
frc_lorawdr16_wd0p3_lr5e4_c256_s42,frc,Llama-CS grid (frc),Llama-2-7B,cs,faithful-CLoRA grid,lorawdr16,LoRA+wd-r16,0.0005,42.0,frc_lorawdr16_wd0p3_lr5e4_c256,False,False,True,0.3339,-0.4763835809456292,217.99110275178597,2.3384387683538845,18.80973625183105,1.2743827059609347,6.4871976122260095,18.81,1.2743887955503788,6.4851,26.27
frc_lorawdr16_wd0p3_lr5e4_c256_s43,frc,Llama-CS grid (frc),Llama-2-7B,cs,faithful-CLoRA grid,lorawdr16,LoRA+wd-r16,0.0005,43.0,frc_lorawdr16_wd0p3_lr5e4_c256,False,False,True,0.3373,-0.4719836588107985,217.63653274985717,2.337731798378881,20.07606506347656,1.3026785944947303,6.464376121759415,20.0763,1.302683676717686,6.4621,26.52
frc_lorawdr16_wd0p3_lr5e4_c256_s44,frc,Llama-CS grid (frc),Llama-2-7B,cs,faithful-CLoRA grid,lorawdr16,LoRA+wd-r16,0.0005,44.0,frc_lorawdr16_wd0p3_lr5e4_c256,False,False,True,0.3594,-0.444421927227045,217.6964404834598,2.337851328025799,19.982501983642575,1.3006498647538869,6.531942829489708,19.9828,1.300656341715307,6.5295,26.64
frc_lorawdr16_wd0p3_lr5e4_c256_s45,frc,Llama-CS grid (frc),Llama-2-7B,cs,faithful-CLoRA grid,lorawdr16,LoRA+wd-r16,0.0005,45.0,frc_lorawdr16_wd0p3_lr5e4_c256,False,False,True,0.3404,-0.4680104485874498,218.0026179684128,2.3384617090284974,22.91895294189453,1.360194772896376,6.470139215886593,22.9193,1.360201349299726,6.4681,26.78
frc_lorawdr16_wd0p3_lr5e4_c256_s46,frc,Llama-CS grid (frc),Llama-2-7B,cs,faithful-CLoRA grid,lorawdr16,LoRA+wd-r16,0.0005,46.0,frc_lorawdr16_wd0p3_lr5e4_c256,False,False,True,0.3634,-0.4396150770279845,217.9407919938228,2.3383385247840787,25.794313430786133,1.411523972713718,6.514807586371899,25.7945,1.4115271139365797,6.5124,26.86
frc_milora_a1r_lr1e3_c256_s42,frc,Llama-CS grid (frc),Llama-2-7B,cs,faithful-CLoRA grid,milora,MiLoRA,0.001,42.0,frc_milora_a1r_lr1e3_c256,False,False,True,1.5319,0.1852304161675628,1304.541204410069,3.1154578010025964,322.942626953125,2.509125373690671,28.631066566705705,322.9453,2.5091289683994717,28.6287,17.21
frc_milora_a1r_lr1e3_c256_s43,frc,Llama-CS grid (frc),Llama-2-7B,cs,faithful-CLoRA grid,milora,MiLoRA,0.001,43.0,frc_milora_a1r_lr1e3_c256,False,False,True,1.5126,0.1797240960600895,1280.8884182418708,3.107511298790362,229.3385162353516,2.3604769984009306,28.06355744004249,229.3391,2.360478103864797,28.0612,17.33
frc_milora_a1r_lr1e3_c256_s44,frc,Llama-CS grid (frc),Llama-2-7B,cs,faithful-CLoRA grid,milora,MiLoRA,0.001,44.0,frc_milora_a1r_lr1e3_c256,False,False,True,1.5127,0.1797528068974981,1290.7323887517707,3.110836208079048,244.54440307617188,2.388357727509172,28.17267630696297,244.543,2.388355235732711,28.1704,14.84
frc_milora_a1r_lr1e4_c256_s42,frc,Llama-CS grid (frc),Llama-2-7B,cs,faithful-CLoRA grid,milora,MiLoRA,0.0001,42.0,frc_milora_a1r_lr1e4_c256,False,False,True,0.2479,-0.6057234732321786,121.89106695602332,2.0859718785973524,13.06732177734375,1.1161865855523414,5.99220676124096,13.0673,1.1161858617783145,5.9916,27.56
frc_milora_a1r_lr1e4_c256_s43,frc,Llama-CS grid (frc),Llama-2-7B,cs,faithful-CLoRA grid,milora,MiLoRA,0.0001,43.0,frc_milora_a1r_lr1e4_c256,False,False,True,0.2508,-0.6006724678413211,121.76916491107522,2.085537327669899,12.96022891998291,1.112612672661684,6.022694544494152,12.9602,1.1126117035581995,6.0222,27.42
frc_milora_a1r_lr1e4_c256_s44,frc,Llama-CS grid (frc),Llama-2-7B,cs,faithful-CLoRA grid,milora,MiLoRA,0.0001,44.0,frc_milora_a1r_lr1e4_c256,False,False,True,0.2536,-0.5958507507903049,123.69775761896898,2.092361826851958,15.727765083312988,1.196667013726692,6.171437540650368,15.728,1.1966735004880604,6.1708,26.92
frc_milora_a1r_lr1e4_c256_s45,frc,Llama-CS grid (frc),Llama-2-7B,cs,faithful-CLoRA grid,milora,MiLoRA,0.0001,45.0,frc_milora_a1r_lr1e4_c256,False,False,True,0.2454,-0.6101254416090145,122.19849769553817,2.0870658667367445,11.629400253295898,1.0655573180474205,6.026789873838425,11.6294,1.065557308588204,6.0261,27.31
frc_milora_a1r_lr2e4_c256_s42,frc,Llama-CS grid (frc),Llama-2-7B,cs,faithful-CLoRA grid,milora,MiLoRA,0.0002,42.0,frc_milora_a1r_lr2e4_c256,False,False,True,0.3976,-0.4005536242747243,270.91584557283807,2.4328344071874404,30.301494598388672,1.4814640502786918,11.565177115797995,30.3015,1.481464127696978,11.5625,25.84
frc_milora_a1r_lr2e4_c256_s43,frc,Llama-CS grid (frc),Llama-2-7B,cs,faithful-CLoRA grid,milora,MiLoRA,0.0002,43.0,frc_milora_a1r_lr2e4_c256,False,False,True,0.4145,-0.3824754651137076,270.19560244521904,2.4316782764057865,28.0183219909668,1.4474421219602631,11.613807812333109,28.018,1.4474371309510343,11.61,25.52
frc_milora_a1r_lr2e4_c256_s44,frc,Llama-CS grid (frc),Llama-2-7B,cs,faithful-CLoRA grid,milora,MiLoRA,0.0002,44.0,frc_milora_a1r_lr2e4_c256,False,False,True,0.402,-0.3957739469155299,270.3118194542118,2.4318650357524363,26.37084197998047,1.4211239963623283,11.566428723931311,26.3707,1.421121658124964,11.5635,26.52
frc_milora_a1r_lr2e4_c256_s45,frc,Llama-CS grid (frc),Llama-2-7B,cs,faithful-CLoRA grid,milora,MiLoRA,0.0002,45.0,frc_milora_a1r_lr2e4_c256,False,False,True,0.4162,-0.3806979241243918,269.9243906366469,2.431242129611378,27.453144073486328,1.4385920892441608,11.485168513655662,27.4533,1.4385945559136242,11.4819,26.46
frc_milora_a1r_lr3e4_c256_s42,frc,Llama-CS grid (frc),Llama-2-7B,cs,faithful-CLoRA grid,milora,MiLoRA,0.0003,42.0,frc_milora_a1r_lr3e4_c256,False,False,True,0.5432,-0.2650402387275547,420.20305580964055,2.6234592063670283,48.50727462768555,1.6858068745558257,15.613604140281677,48.5074,1.6858079970355857,15.6114,24.72
frc_milora_a1r_lr3e4_c256_s43,frc,Llama-CS grid (frc),Llama-2-7B,cs,faithful-CLoRA grid,milora,MiLoRA,0.0003,43.0,frc_milora_a1r_lr3e4_c256,False,False,True,0.5633,-0.2492602487646492,420.17519798864606,2.6234304133850928,38.72005081176758,1.5879359185551525,15.61808572113514,38.7195,1.5879297404585926,15.6158,23.8
frc_milora_a1r_lr3e4_c256_s44,frc,Llama-CS grid (frc),Llama-2-7B,cs,faithful-CLoRA grid,milora,MiLoRA,0.0003,44.0,frc_milora_a1r_lr3e4_c256,False,False,True,0.5623,-0.2500319164905971,419.2066818203677,2.622428196338714,37.40700149536133,1.5729528970191091,15.6239892244339,37.4071,1.5729540406543374,15.6225,24.06
frc_milora_a1r_lr3e4_c256_s45,frc,Llama-CS grid (frc),Llama-2-7B,cs,faithful-CLoRA grid,milora,MiLoRA,0.0003,45.0,frc_milora_a1r_lr3e4_c256,False,False,True,0.561,-0.2510371387438385,422.4072352888848,2.6257313484914904,54.13917922973633,1.7335116674171545,15.57936232984066,54.139,1.733510229666981,15.5777,24.9
frc_milora_a1r_lr5e4_c256_s42,frc,Llama-CS grid (frc),Llama-2-7B,cs,faithful-CLoRA grid,milora,MiLoRA,0.0005,42.0,frc_milora_a1r_lr5e4_c256,False,False,True,0.8396,-0.0759275700896371,705.6000161960968,2.848558582092408,128.7319793701172,2.109686446972452,20.63196446299553,128.7314,2.1096844923857803,20.6305,20.76
frc_milora_a1r_lr5e4_c256_s43,frc,Llama-CS grid (frc),Llama-2-7B,cs,faithful-CLoRA grid,milora,MiLoRA,0.0005,43.0,frc_milora_a1r_lr5e4_c256,False,False,True,0.8585,-0.0662597005030646,710.4747902018032,2.85154867245281,144.39671325683594,2.159557307979709,20.852521306276323,144.397,2.1595581704013487,20.851,21.27
frc_milora_a1r_lr5e4_c256_s44,frc,Llama-CS grid (frc),Llama-2-7B,cs,faithful-CLoRA grid,milora,MiLoRA,0.0005,44.0,frc_milora_a1r_lr5e4_c256,False,False,True,0.8658,-0.0625824185228621,700.6801662846502,2.845519824365216,101.58879852294922,2.0068458240122444,20.670315116643906,101.5895,2.0068488228326355,20.6686,21.0
frc_milora_a1r_lr5e4_c256_s45,frc,Llama-CS grid (frc),Llama-2-7B,cs,faithful-CLoRA grid,milora,MiLoRA,0.0005,45.0,frc_milora_a1r_lr5e4_c256,False,False,True,0.8422,-0.0745847629157537,700.2047192993292,2.8452250335337697,85.77861022949219,1.93337900559445,20.44555330872536,85.7794,1.933383004159985,20.4439,22.7
frc_milora_a1r_lr7e4_c256_s42,frc,Llama-CS grid (frc),Llama-2-7B,cs,faithful-CLoRA grid,milora,MiLoRA,0.0007,42.0,frc_milora_a1r_lr7e4_c256,False,False,True,1.1321,0.0538847903946921,950.3601778597867,2.977888230143341,181.45640563964844,2.258772303949355,23.55128418803215,181.4573,2.2587744444899824,23.5484,17.84
frc_milora_a1r_lr7e4_c256_s43,frc,Llama-CS grid (frc),Llama-2-7B,cs,faithful-CLoRA grid,milora,MiLoRA,0.0007,43.0,frc_milora_a1r_lr7e4_c256,False,False,True,1.086,0.0358298252528281,946.4859372411904,2.976114165659644,137.09556579589844,2.137023408243081,23.086851370334625,137.0981,2.1370314360788387,23.0842,18.4
frc_milora_a1r_lr7e4_c256_s44,frc,Llama-CS grid (frc),Llama-2-7B,cs,faithful-CLoRA grid,milora,MiLoRA,0.0007,44.0,frc_milora_a1r_lr7e4_c256,False,False,True,1.1428,0.0579702317107054,947.9654292276098,2.976792499606582,181.1024932861328,2.257924429402714,23.69256152510643,181.1052,2.257930920214027,23.6898,18.82
frc_milora_lr1e3_c256_s42,frc,Llama-CS grid (frc),Llama-2-7B,cs,faithful-CLoRA grid,milora,MiLoRA,0.001,42.0,frc_milora_lr1e3_c256,False,True,True,248.2232,2.3948423700761263,14629.7594717584,4.165237185937561,9143.7685546875,3.961125224747879,552.4204793453216,9143.6299,3.9611186391238142,552.2205,0.0
frc_milora_lr1e3_c256_s43,frc,Llama-CS grid (frc),Llama-2-7B,cs,faithful-CLoRA grid,milora,MiLoRA,0.001,43.0,frc_milora_lr1e3_c256,False,True,True,7.1808,0.8561728309040297,3295.9015979023807,3.517974236967448,811.9063110351562,2.9095059172362947,81.07501593828201,811.9213,2.9095139348665864,81.0672,2.13
frc_milora_lr1e3_c256_s44,frc,Llama-CS grid (frc),Llama-2-7B,cs,faithful-CLoRA grid,milora,MiLoRA,0.001,44.0,frc_milora_lr1e3_c256,False,False,True,5.4068,0.7329403051216139,2664.76024200489,3.4256581400948978,575.7601318359375,2.7602415891229786,63.97059174776077,575.7641,2.760244582289267,63.9661,4.62
frc_milora_lr1e4_c256_s42,frc,Llama-CS grid (frc),Llama-2-7B,cs,faithful-CLoRA grid,milora,MiLoRA,0.0001,42.0,frc_milora_lr1e4_c256,False,False,True,0.308,-0.5114492834995558,187.2102825696769,2.2723296987857906,21.62925720214844,1.3350416050356089,8.650419346988201,21.6291,1.335038448557646,8.6491,27.36
frc_milora_lr1e4_c256_s43,frc,Llama-CS grid (frc),Llama-2-7B,cs,faithful-CLoRA grid,milora,MiLoRA,0.0001,43.0,frc_milora_lr1e4_c256,False,False,True,0.3179,-0.4977094720852271,188.0627240219142,2.27430272241974,20.73350715637207,1.3166727709713222,8.760231494903564,20.7333,1.3166684317479551,8.7584,25.94
frc_milora_lr1e4_c256_s44,frc,Llama-CS grid (frc),Llama-2-7B,cs,faithful-CLoRA grid,milora,MiLoRA,0.0001,44.0,frc_milora_lr1e4_c256,False,False,True,0.3154,-0.5011383110071159,187.39485731933576,2.272757668363496,18.948129653930664,1.277566347757101,8.671220782399178,18.948,1.277563376055919,8.6694,27.39
frc_milora_lr1e4_c256_s45,frc,Llama-CS grid (frc),Llama-2-7B,cs,faithful-CLoRA grid,milora,MiLoRA,0.0001,45.0,frc_milora_lr1e4_c256,False,False,True,0.3126,-0.5050110263168319,187.2150318342524,2.272340716093216,18.02523231506348,1.2558808707562354,8.671997615695,18.0252,1.2558800921661966,8.6694,26.97
frc_milora_lr2e4_c256_s42,frc,Llama-CS grid (frc),Llama-2-7B,cs,faithful-CLoRA grid,milora,MiLoRA,0.0002,42.0,frc_milora_lr2e4_c256,False,False,True,0.5166,-0.2868455981627016,403.5301341815077,2.605875971821619,44.53801345825195,1.6487308421690663,15.2685445278883,44.5382,1.6487326611519053,15.266,24.26
frc_milora_lr2e4_c256_s43,frc,Llama-CS grid (frc),Llama-2-7B,cs,faithful-CLoRA grid,milora,MiLoRA,0.0002,43.0,frc_milora_lr2e4_c256,False,False,True,0.5202,-0.283829652140146,400.3502824791923,2.602440139272841,36.387428283691406,1.560951362492823,15.093638241291046,36.3879,1.5609569925269209,15.0914,24.16
frc_milora_lr2e4_c256_s44,frc,Llama-CS grid (frc),Llama-2-7B,cs,faithful-CLoRA grid,milora,MiLoRA,0.0002,44.0,frc_milora_lr2e4_c256,False,False,True,0.5346,-0.2719710455794816,401.3463513614671,2.6035193191608443,40.83375930786133,1.6110193645299988,15.217483401298525,40.8336,1.6110176701804892,15.2158,24.24
frc_milora_lr2e4_c256_s45,frc,Llama-CS grid (frc),Llama-2-7B,cs,faithful-CLoRA grid,milora,MiLoRA,0.0002,45.0,frc_milora_lr2e4_c256,False,False,True,0.537,-0.2700257143004443,400.9289477520404,2.603067414182947,39.33525085449219,1.5947819241600203,15.147343236207965,39.3353,1.594782466767708,15.1453,25.12
frc_milora_lr2e5_c256_s42,frc,Llama-CS grid (frc),Llama-2-7B,cs,faithful-CLoRA grid,milora,MiLoRA,2e-05,42.0,frc_milora_lr2e5_c256,False,False,True,0.1894,-0.7226200253327454,33.89892949870595,1.5301859837445102,4.226253032684326,0.6259554954159657,1.8597181517630816,4.222,0.6255182289716377,1.8591,26.95
frc_milora_lr2e5_c256_s43,frc,Llama-CS grid (frc),Llama-2-7B,cs,faithful-CLoRA grid,milora,MiLoRA,2e-05,43.0,frc_milora_lr2e5_c256,False,False,True,0.1853,-0.7321245806811024,33.63710442254565,1.5268186034328064,4.140167713165283,0.6170179342191932,1.8461308021098373,4.1362,0.616601530278434,1.8455,26.32
frc_milora_lr2e5_c256_s44,frc,Llama-CS grid (frc),Llama-2-7B,cs,faithful-CLoRA grid,milora,MiLoRA,2e-05,44.0,frc_milora_lr2e5_c256,False,False,True,0.1873,-0.7274622226247627,33.78518401503504,1.5287262887041393,4.092660903930664,0.6120057628098233,1.8536075558513403,4.0918,0.6119143980071066,1.8529,26.58
frc_milora_lr3e4_c256_s42,frc,Llama-CS grid (frc),Llama-2-7B,cs,faithful-CLoRA grid,milora,MiLoRA,0.0003,42.0,frc_milora_lr3e4_c256,False,False,True,0.7434,-0.1287774432402929,606.4142712377902,2.7827694133477623,77.68624114990234,1.8903441086105888,19.324484783411027,77.686,1.890342760492404,19.3237,21.82
frc_milora_lr3e4_c256_s43,frc,Llama-CS grid (frc),Llama-2-7B,cs,faithful-CLoRA grid,milora,MiLoRA,0.0003,43.0,frc_milora_lr3e4_c256,False,False,True,0.7232,-0.1407415825326931,608.193335665043,2.7840416570120685,71.33094024658203,1.8532779486976905,19.045240938663483,71.3317,1.8532825743896928,19.0445,22.46
frc_milora_lr3e4_c256_s44,frc,Llama-CS grid (frc),Llama-2-7B,cs,faithful-CLoRA grid,milora,MiLoRA,0.0003,44.0,frc_milora_lr3e4_c256,False,False,True,0.7361,-0.1330631822683606,606.564199188182,2.7828767736735345,84.45504760742188,1.9266256110715037,19.338108551502227,84.4544,1.9266222808571936,19.3371,22.58
frc_milora_lr3e4_c256_s45,frc,Llama-CS grid (frc),Llama-2-7B,cs,faithful-CLoRA grid,milora,MiLoRA,0.0003,45.0,frc_milora_lr3e4_c256,False,False,True,0.729,-0.1372724716820254,605.6159279462287,2.782197288764455,60.2495231628418,1.7799536140922827,19.071992045640947,60.2502,1.7799584928859469,19.0709,22.66
frc_milora_lr5e4_c256_s42,frc,Llama-CS grid (frc),Llama-2-7B,cs,faithful-CLoRA grid,milora,MiLoRA,0.0005,42.0,frc_milora_lr5e4_c256,False,False,True,1.1445,0.0586157970105617,960.5954579509386,2.98254052880356,144.1873779296875,2.1589272441877654,23.44544262290001,144.1887,2.158931226264542,23.4431,17.54
frc_milora_lr5e4_c256_s43,frc,Llama-CS grid (frc),Llama-2-7B,cs,faithful-CLoRA grid,milora,MiLoRA,0.0005,43.0,frc_milora_lr5e4_c256,False,False,True,1.1201,0.0492567972322272,958.4593609339148,2.981573703342079,143.54623413085938,2.1569918034668656,23.336627900600437,143.5483,2.156998053642062,23.3342,17.4
frc_milora_lr5e4_c256_s44,frc,Llama-CS grid (frc),Llama-2-7B,cs,faithful-CLoRA grid,milora,MiLoRA,0.0005,44.0,frc_milora_lr5e4_c256,False,False,True,1.1293,0.0528093281405613,979.3785298438816,2.990950579085372,214.0640106201172,2.330543657939428,23.98527820110321,214.0665,2.3305487083804484,23.9827,16.09
frc_milora_lr5e4_c256_s45,frc,Llama-CS grid (frc),Llama-2-7B,cs,faithful-CLoRA grid,milora,MiLoRA,0.0005,45.0,frc_milora_lr5e4_c256,False,False,True,1.1349,0.0549575960124065,974.8947587396656,2.988957735528752,190.76747131347656,2.2805043230230746,23.737042552232744,190.7704,2.280510990316112,23.7346,19.27
frc_milora_lr7e4_c256_s42,frc,Llama-CS grid (frc),Llama-2-7B,cs,faithful-CLoRA grid,milora,MiLoRA,0.0007,42.0,frc_milora_lr7e4_c256,False,False,True,1.4751,0.1688214630098239,1301.521288775818,3.1144512761888192,261.7864990234375,2.417947245152805,28.281723123788836,261.7909,2.4179545461548715,28.2795,15.5
frc_milora_lr7e4_c256_s43,frc,Llama-CS grid (frc),Llama-2-7B,cs,faithful-CLoRA grid,milora,MiLoRA,0.0007,43.0,frc_milora_lr7e4_c256,False,False,True,1.5291,0.1844358883083704,1298.359428941307,3.1133949362219004,259.3455505371094,2.413878801418645,28.2996634721756,259.3521,2.4138897688698764,28.2971,14.5
frc_milora_lr7e4_c256_s44,frc,Llama-CS grid (frc),Llama-2-7B,cs,faithful-CLoRA grid,milora,MiLoRA,0.0007,44.0,frc_milora_lr7e4_c256,False,False,True,1.5248,0.1832128832942511,1306.2962490491516,3.1160416798006,260.360595703125,2.415575256533557,28.485636901855468,260.3666,2.415585271885251,28.4834,14.68
frc_milora_r32_lr3e4_c256_s42,frc,Llama-CS grid (frc),Llama-2-7B,cs,faithful-CLoRA grid,milora,MiLoRA,0.0003,42.0,frc_milora_r32_lr3e4_c256,False,False,True,0.7434,-0.1287774432402929,606.4142712377902,2.7827694133477623,77.68624114990234,1.8903441086105888,19.324484783411027,77.686,1.890342760492404,19.3237,21.82
frc_milora_r32_lr3e4_c256_s43,frc,Llama-CS grid (frc),Llama-2-7B,cs,faithful-CLoRA grid,milora,MiLoRA,0.0003,43.0,frc_milora_r32_lr3e4_c256,False,False,True,0.7232,-0.1407415825326931,608.193335665043,2.7840416570120685,71.33094024658203,1.8532779486976905,19.045240938663483,71.3317,1.8532825743896928,19.0445,22.46
frc_milora_r32_lr3e4_c256_s44,frc,Llama-CS grid (frc),Llama-2-7B,cs,faithful-CLoRA grid,milora,MiLoRA,0.0003,44.0,frc_milora_r32_lr3e4_c256,False,False,True,0.7361,-0.1330631822683606,606.564199188182,2.7828767736735345,84.45504760742188,1.9266256110715037,19.338108551502227,84.4544,1.9266222808571936,19.3371,22.58
frc_milora_r32_lr3e4_c256_s45,frc,Llama-CS grid (frc),Llama-2-7B,cs,faithful-CLoRA grid,milora,MiLoRA,0.0003,45.0,frc_milora_r32_lr3e4_c256,False,False,True,0.729,-0.1372724716820254,605.6159279462287,2.782197288764455,60.2495231628418,1.7799536140922827,19.071992045640947,60.2502,1.7799584928859469,19.0709,22.66
frc_pissa_r32_lr3e4_c256_s42,frc,Llama-CS grid (frc),Llama-2-7B,cs,faithful-CLoRA grid,pissa,PiSSA,0.0003,42.0,frc_pissa_r32_lr3e4_c256,False,False,True,1.4138,0.1503879773252801,723.9691402444324,2.859720054446882,54.64010238647461,1.7375115044699492,13.9822333663702,54.6307,1.73743676529931,13.9806,10.59
frc_pissa_r32_lr3e4_c256_s43,frc,Llama-CS grid (frc),Llama-2-7B,cs,faithful-CLoRA grid,pissa,PiSSA,0.0003,43.0,frc_pissa_r32_lr3e4_c256,False,False,True,1.4141,0.1504801222703345,724.3925488098992,2.85997397445899,54.18014526367188,1.7338401650959414,13.974416953325273,54.1678,1.7337411972770225,13.9728,13.25
frc_pissa_r32_lr3e4_c256_s44,frc,Llama-CS grid (frc),Llama-2-7B,cs,faithful-CLoRA grid,pissa,PiSSA,0.0003,44.0,frc_pissa_r32_lr3e4_c256,False,False,True,1.3877,0.1422955882897635,723.9831594721331,2.8597284642173317,51.23530578613281,1.7095693325369583,13.881161734461784,51.2253,1.7094845105180945,13.8795,9.38
frc_pissa_r32_lr3e4_c256_s45,frc,Llama-CS grid (frc),Llama-2-7B,cs,faithful-CLoRA grid,pissa,PiSSA,0.0003,45.0,frc_pissa_r32_lr3e4_c256,False,False,True,1.4031,0.1470886246281665,724.8252172247506,2.8602332943694284,55.40697860717773,1.7435644683333968,13.980717357993123,55.3987,1.7434995735831094,13.979,12.2
frc_sclora_b0p9_em_r128_lr5e5_s42,frc,Llama-CS grid (frc),Llama-2-7B,cs,faithful-CLoRA grid,sclora,SC-LoRA,5e-05,42.0,frc_sclora_b0p9_em_r128_lr5e5,False,False,True,0.1948,-0.7104110474574032,94.06350130742034,1.9734211403699933,6.47467565536499,0.8112180176006512,2.4786443792283537,6.4749,0.8112330654508096,2.4783,27.05
frc_sclora_b0p9_em_r128_lr5e5_s43,frc,Llama-CS grid (frc),Llama-2-7B,cs,faithful-CLoRA grid,sclora,SC-LoRA,5e-05,43.0,frc_sclora_b0p9_em_r128_lr5e5,False,False,True,0.2003,-0.6983190507064237,94.34923224415438,1.9747383704947623,7.096102237701416,0.8510198640037303,2.504219895973802,7.0961,0.8510197270522748,2.5037,27.56
frc_sclora_b0p9_em_r128_lr5e5_s44,frc,Llama-CS grid (frc),Llama-2-7B,cs,faithful-CLoRA grid,sclora,SC-LoRA,5e-05,44.0,frc_sclora_b0p9_em_r128_lr5e5,False,False,True,0.2034,-0.6916490514132743,94.30382716292485,1.9745293182093544,6.362766742706299,0.8036460024107719,2.502111369371414,6.3629,0.8036550978724871,2.5017,27.04
frc_sclora_lr1e3_c256_s42,frc,Llama-CS grid (frc),Llama-2-7B,cs,faithful-CLoRA grid,sclora,SC-LoRA,0.001,42.0,frc_sclora_lr1e3_c256,False,True,True,8.2262,0.9151992641131624,3514.2402905725244,3.545831453602604,558.4335327148438,2.746971488833892,89.12582939863205,558.2896,2.746859537747115,89.1199,1.14
frc_sclora_lr1e3_c256_s43,frc,Llama-CS grid (frc),Llama-2-7B,cs,faithful-CLoRA grid,sclora,SC-LoRA,0.001,43.0,frc_sclora_lr1e3_c256,False,True,True,9.3854,0.9724527867166444,3738.789543217429,3.5727310193687787,778.0382690429688,2.8910009589761168,95.1752741277218,777.9695,2.890962570972534,95.1698,1.06
frc_sclora_lr1e3_c256_s44,frc,Llama-CS grid (frc),Llama-2-7B,cs,faithful-CLoRA grid,sclora,SC-LoRA,0.001,44.0,frc_sclora_lr1e3_c256,False,True,True,7.3776,0.8679151048753324,3301.324683205536,3.5186882390198826,508.4736633300781,2.706268463322423,81.81342376470566,508.4888,2.7062813915719093,81.8081,0.64
frc_sclora_lr1e4_c256_s42,frc,Llama-CS grid (frc),Llama-2-7B,cs,faithful-CLoRA grid,sclora,SC-LoRA,0.0001,42.0,frc_sclora_lr1e4_c256,False,False,True,0.5591,-0.2525105077413271,291.9957267604432,2.4653764957705446,16.811901092529297,1.2256168263075191,6.629654179513454,16.8065,1.225477279831442,6.6291,19.7
frc_sclora_lr1e4_c256_s43,frc,Llama-CS grid (frc),Llama-2-7B,cs,faithful-CLoRA grid,sclora,SC-LoRA,0.0001,43.0,frc_sclora_lr1e4_c256,False,False,True,0.5593,-0.2523551806717518,291.8773583101902,2.46520040693619,16.734912872314453,1.22362345561393,6.599072843790054,16.7293,1.2234777692649963,6.5986,21.16
frc_sclora_lr1e4_c256_s44,frc,Llama-CS grid (frc),Llama-2-7B,cs,faithful-CLoRA grid,sclora,SC-LoRA,0.0001,44.0,frc_sclora_lr1e4_c256,False,False,True,0.5864,-0.2318060383669284,292.0361644578695,2.4654366358729782,17.249608993530273,1.2367792551265806,6.62508450448513,17.2249,1.2361567092691117,6.6245,21.17
frc_sclora_lr1e4_c256_s45,frc,Llama-CS grid (frc),Llama-2-7B,cs,faithful-CLoRA grid,sclora,SC-LoRA,0.0001,45.0,frc_sclora_lr1e4_c256,False,False,True,0.5586,-0.2528990686350137,291.68930296206133,2.464920502657101,16.73948097229004,1.223741988044044,6.582798062264919,16.7337,1.223591978734045,6.5823,21.53
frc_sclora_lr2e4_c256_s42,frc,Llama-CS grid (frc),Llama-2-7B,cs,faithful-CLoRA grid,sclora,SC-LoRA,0.0002,42.0,frc_sclora_lr2e4_c256,False,False,True,0.8047,-0.0943659986730452,534.2505549370007,2.7277449819469206,44.88642883300781,1.6521150542808378,11.261190274357796,44.8871,1.652121548046315,11.2599,16.36
frc_sclora_lr2e4_c256_s43,frc,Llama-CS grid (frc),Llama-2-7B,cs,faithful-CLoRA grid,sclora,SC-LoRA,0.0002,43.0,frc_sclora_lr2e4_c256,False,False,True,0.8038,-0.0948519981439839,533.7271928388107,2.7273193302141023,37.88285446166992,1.5784426955225304,11.211896207928657,37.8828,1.5784420711656793,11.2106,18.31
frc_sclora_lr2e4_c256_s44,frc,Llama-CS grid (frc),Llama-2-7B,cs,faithful-CLoRA grid,sclora,SC-LoRA,0.0002,44.0,frc_sclora_lr2e4_c256,False,False,True,0.8069,-0.0931802845334546,533.8909984070939,2.727452598559569,35.54227828979492,1.5507452630014489,11.184870237112046,35.5429,1.5507528596711884,11.1834,15.62
frc_sclora_lr2e4_c256_s45,frc,Llama-CS grid (frc),Llama-2-7B,cs,faithful-CLoRA grid,sclora,SC-LoRA,0.0002,45.0,frc_sclora_lr2e4_c256,False,False,True,0.7962,-0.0989778267519208,533.9509247346334,2.7275013429904336,35.22796630859375,1.5468875723197872,11.14551094174385,35.2292,1.5469027811451836,11.1442,17.33
frc_sclora_lr3e4_c256_s42,frc,Llama-CS grid (frc),Llama-2-7B,cs,faithful-CLoRA grid,sclora,SC-LoRA,0.0003,42.0,frc_sclora_lr3e4_c256,False,False,True,1.0273,0.0116972881141425,747.6306325294763,2.8736870873375766,72.83635711669922,1.8623482165891267,15.334144267439845,72.8374,1.862354434846578,15.3325,15.54
frc_sclora_lr3e4_c256_s43,frc,Llama-CS grid (frc),Llama-2-7B,cs,faithful-CLoRA grid,sclora,SC-LoRA,0.0003,43.0,frc_sclora_lr3e4_c256,False,False,True,1.0338,0.0144365278316721,750.3510586437643,2.8752644996059384,77.11151123046875,1.887119214506315,15.38192910850048,77.1126,1.887125346447627,15.3802,16.6
frc_sclora_lr3e4_c256_s44,frc,Llama-CS grid (frc),Llama-2-7B,cs,faithful-CLoRA grid,sclora,SC-LoRA,0.0003,44.0,frc_sclora_lr3e4_c256,False,False,True,1.0202,0.0086853191951681,747.7122979265256,2.873734523722387,76.90345764160156,1.8859458664712632,15.205277943611144,76.9042,1.8859500587483056,15.2035,15.11
frc_sclora_lr3e4_c256_s45,frc,Llama-CS grid (frc),Llama-2-7B,cs,faithful-CLoRA grid,sclora,SC-LoRA,0.0003,45.0,frc_sclora_lr3e4_c256,False,False,True,1.0343,0.0146465246840317,749.4791088913513,2.874759531754471,88.12378692626953,1.945093151731616,15.312237921357156,88.125,1.9450991299994551,15.3106,16.0
frc_sclora_lr5e4_c256_s42,frc,Llama-CS grid (frc),Llama-2-7B,cs,faithful-CLoRA grid,sclora,SC-LoRA,0.0005,42.0,frc_sclora_lr5e4_c256,False,False,True,1.4014,0.1465621131575566,1115.87188430853,3.047614335164463,162.3389129638672,2.2104226335654547,22.160464012622832,162.3406,2.210427146757412,22.1587,15.13
frc_sclora_lr5e4_c256_s43,frc,Llama-CS grid (frc),Llama-2-7B,cs,faithful-CLoRA grid,sclora,SC-LoRA,0.0005,43.0,frc_sclora_lr5e4_c256,False,False,True,1.4008,0.1463761330753897,1111.0561969327798,3.045736025998087,152.31991577148438,2.182756690888156,21.945713543891905,152.3173,2.182749232737524,21.9439,14.94
frc_sclora_lr5e4_c256_s44,frc,Llama-CS grid (frc),Llama-2-7B,cs,faithful-CLoRA grid,sclora,SC-LoRA,0.0005,44.0,frc_sclora_lr5e4_c256,False,False,True,1.4059,0.1479544309308205,1115.256513832343,3.0473747684867822,178.3349151611328,2.251236379503648,22.288527411222457,178.3363,2.251239751953415,22.2869,8.53
frc_sclora_lr5e4_c256_s45,frc,Llama-CS grid (frc),Llama-2-7B,cs,faithful-CLoRA grid,sclora,SC-LoRA,0.0005,45.0,frc_sclora_lr5e4_c256,False,False,True,1.4302,0.1553967737048507,1118.359681281179,3.0485815016484468,177.70559692382812,2.249701106335721,22.233742010593414,177.7115,2.2497155326164493,22.232,14.91
frc_sclora_lr7e4_c256_s42,frc,Llama-CS grid (frc),Llama-2-7B,cs,faithful-CLoRA grid,sclora,SC-LoRA,0.0007,42.0,frc_sclora_lr7e4_c256,False,False,True,1.7708,0.2481695133068103,1447.5767835572524,3.1606416092152245,219.5381622314453,2.3415100243774805,28.73168659210205,219.5419,2.341517418437915,28.7302,6.29
frc_sclora_lr7e4_c256_s43,frc,Llama-CS grid (frc),Llama-2-7B,cs,faithful-CLoRA grid,sclora,SC-LoRA,0.0007,43.0,frc_sclora_lr7e4_c256,False,False,True,1.8037,0.2561643052796146,1458.1924035945974,3.163814831462388,241.6855926513672,2.3832507620398253,29.280793333053587,241.6877,2.383254548802133,29.2792,11.02
frm_clora_k128_lr3e4_c256_s42,frm,Llama-Math grid (frm),Llama-2-7B,math,faithful-CLoRA grid,clora,CLoRA,0.0003,42.0,frm_clora_k128_lr3e4_c256,False,False,True,1.0793,0.0331421770606246,940.3234178871091,2.973277251946568,27.0236930847168,1.4317446998567878,15.219149288535116,27.0206,1.4316949884238368,15.2187,18.52
frm_clora_k128_lr3e4_c256_s43,frm,Llama-Math grid (frm),Llama-2-7B,math,faithful-CLoRA grid,clora,CLoRA,0.0003,43.0,frm_clora_k128_lr3e4_c256,False,False,True,1.0884,0.03678853310772,940.423415459976,2.9733234340199552,27.04619407653809,1.4321061600951008,15.276393362879752,27.0467,1.4321142838892345,15.2759,18.57
frm_clora_k128_lr3e4_c256_s44,frm,Llama-Math grid (frm),Llama-2-7B,math,faithful-CLoRA grid,clora,CLoRA,0.0003,44.0,frm_clora_k128_lr3e4_c256,False,False,True,1.109,0.04493154614916,940.3612022115982,2.973294702531801,29.744190216064453,1.473402149778651,15.34062565267086,29.7421,1.4733716294923849,15.3401,19.2
frm_clora_k256_lr3e4_c256_s42,frm,Llama-Math grid (frm),Llama-2-7B,math,faithful-CLoRA grid,clora,CLoRA,0.0003,42.0,frm_clora_k256_lr3e4_c256,False,False,True,1.0191,0.0082168015896903,873.3435788382158,2.9411851314933672,29.02902030944824,1.4628323792219555,14.24290212392807,29.0263,1.4627916795797178,14.2422,19.02
frm_clora_k256_lr3e4_c256_s43,frm,Llama-Math grid (frm),Llama-2-7B,math,faithful-CLoRA grid,clora,CLoRA,0.0003,43.0,frm_clora_k256_lr3e4_c256,False,False,True,1.0094,0.004063300397667,872.8098613945909,2.9409196444605104,26.063535690307617,1.4160333302803714,14.193432092666626,26.0615,1.4159994084208962,14.1927,18.85
frm_clora_k256_lr3e4_c256_s44,frm,Llama-Math grid (frm),Llama-2-7B,math,faithful-CLoRA grid,clora,CLoRA,0.0003,44.0,frm_clora_k256_lr3e4_c256,False,False,True,1.0045,0.0019499410842679,873.5513999448036,2.941288464047798,28.27984619140625,1.4514770430879034,14.25151642858982,28.2759,1.4514164370745284,14.251,18.98
frm_clora_k64_lr3e4_c256_s42,frm,Llama-Math grid (frm),Llama-2-7B,math,faithful-CLoRA grid,clora,CLoRA,0.0003,42.0,frm_clora_k64_lr3e4_c256,False,False,True,1.1128,0.04641711698399,986.3488431908512,2.994030539564907,28.85796356201172,1.4602656807080712,15.96270280778408,28.858,1.460266229076885,15.9622,18.38
frm_clora_k64_lr3e4_c256_s43,frm,Llama-Math grid (frm),Llama-2-7B,math,faithful-CLoRA grid,clora,CLoRA,0.0003,43.0,frm_clora_k64_lr3e4_c256,False,False,True,1.1327,0.0541149005105858,985.8623693521752,2.993816289786112,28.82932472229004,1.4598344699005967,15.966209280490876,28.8288,1.4598265652385496,15.9658,18.48
frm_clora_k64_lr3e4_c256_s44,frm,Llama-Math grid (frm),Llama-2-7B,math,faithful-CLoRA grid,clora,CLoRA,0.0003,44.0,frm_clora_k64_lr3e4_c256,False,False,True,1.1357,0.055263625784184,985.4315121166428,2.9936264460244906,30.59406089782715,1.485637126820097,16.16949906349182,30.5931,1.4856234862910085,16.1689,19.21
frm_clora_k64_lr3e4_c256_s45,frm,Llama-Math grid (frm),Llama-2-7B,math,faithful-CLoRA grid,clora,CLoRA,0.0003,45.0,frm_clora_k64_lr3e4_c256,False,False,True,1.1432,0.0581222157829138,983.7611930536204,2.992889686717839,30.800025939941406,1.488551082265661,16.033785143494605,30.8,1.4885507165004443,16.0333,18.3
frm_cordapp_lr1e4_c256_s42,frm,Llama-Math grid (frm),Llama-2-7B,math,faithful-CLoRA grid,cordapp,CorDA++ (withheld),0.0001,42.0,frm_cordapp_lr1e4_c256,True,False,False,0.6323,-0.1990768181867817,73382.33716851029,4.865591539570697,27671.935546875,4.442039537454226,1254.391096496582,432.4798,2.635965827515498,19.5864,22.7
frm_cordapp_lr2e4_c256_s42,frm,Llama-Math grid (frm),Llama-2-7B,math,faithful-CLoRA grid,cordapp,CorDA++ (withheld),0.0002,42.0,frm_cordapp_lr2e4_c256,True,False,False,0.8553,-0.0678815279708776,128244.41343886808,5.10803845553421,28862.423828125,4.460332799764345,1809.3810897827148,451.1114,2.654283802257399,28.2491,21.09
frm_cordapp_lr3e4_c256_s42,frm,Llama-Math grid (frm),Llama-2-7B,math,faithful-CLoRA grid,cordapp,CorDA++ (withheld),0.0003,42.0,frm_cordapp_lr3e4_c256,True,True,False,4.1151,0.6143803933564301,896254.2849112978,5.95243124500376,442148.71875,5.64556837086283,7041.961570358277,6909.1777,3.8394263626270098,110.0124,13.22
frm_dora_lr3e4_c256_s42,frm,Llama-Math grid (frm),Llama-2-7B,math,faithful-CLoRA grid,dora,DoRA,0.0003,42.0,frm_dora_lr3e4_c256,False,False,True,2.8399,0.453303047718583,1608.7579308985887,3.2064907009144656,672.482666015625,2.827681094398186,30.51080406010151,672.4734,2.8276751102927467,30.5101,19.18
frm_dora_lr3e4_c256_s43,frm,Llama-Math grid (frm),Llama-2-7B,math,faithful-CLoRA grid,dora,DoRA,0.0003,43.0,frm_dora_lr3e4_c256,False,False,True,2.8444,0.4539906699682299,1642.980430811455,3.2156323906771718,701.2981567382812,2.845902697419465,31.002068364620207,701.2923,2.8458990704888736,31.0013,17.76
frm_dora_lr3e4_c256_s44,frm,Llama-Math grid (frm),Llama-2-7B,math,faithful-CLoRA grid,dora,DoRA,0.0003,44.0,frm_dora_lr3e4_c256,False,False,True,2.8788,0.4592114940154554,1681.3404284651472,3.225655655875728,732.1736450195312,2.864614092165582,31.592706260085105,732.192,2.8646249794282825,31.5922,18.01
frm_lora_lr3e4_c256_s42,frm,Llama-Math grid (frm),Llama-2-7B,math,faithful-CLoRA grid,lora,LoRA,0.0003,42.0,frm_lora_lr3e4_c256,False,False,True,1.2831,0.1082605049764734,1123.7024315487677,3.0506513206228085,160.73529052734375,2.206111239542741,20.0754298299551,160.7353,2.2061112651371344,20.0747,18.04
frm_lora_lr3e4_c256_s43,frm,Llama-Math grid (frm),Llama-2-7B,math,faithful-CLoRA grid,lora,LoRA,0.0003,43.0,frm_lora_lr3e4_c256,False,False,True,1.2974,0.1130738935942079,1118.3801213378763,3.048589439097249,145.83155822753906,2.1638515163071737,19.98847902715206,145.8327,2.1638549165556813,19.9877,18.44
frm_lora_lr3e4_c256_s44,frm,Llama-Math grid (frm),Llama-2-7B,math,faithful-CLoRA grid,lora,LoRA,0.0003,44.0,frm_lora_lr3e4_c256,False,False,True,1.2841,0.1085988459735667,1122.0810783723432,3.0500242389321963,156.2649688720703,2.1938616297739677,20.11191096007824,156.2671,2.1938675526036047,20.111,17.84
frm_lora_null_lr1e4_c256_s42,frm,Llama-Math grid (frm),Llama-2-7B,math,faithful-CLoRA grid,lora_null,LoRA-Null,0.0001,42.0,frm_lora_null_lr1e4_c256,False,False,True,0.4739,-0.3243132913005989,402.272266812509,2.6045200927615157,22.960580825805664,1.360982870060944,7.353253439068794,22.9615,1.3610002556964982,7.3527,22.9
frm_lora_null_lr2e4_c256_s42,frm,Llama-Math grid (frm),Llama-2-7B,math,faithful-CLoRA grid,lora_null,LoRA-Null,0.0002,42.0,frm_lora_null_lr2e4_c256,False,False,True,0.8823,-0.0543837207732682,792.4817336969265,2.8989892607370398,85.79290771484375,1.933451387293721,13.272152826189997,85.7944,1.9334589413630447,13.2719,18.64
frm_lora_null_lr2e4_c256_s43,frm,Llama-Math grid (frm),Llama-2-7B,math,faithful-CLoRA grid,lora_null,LoRA-Null,0.0002,43.0,frm_lora_null_lr2e4_c256,False,False,True,0.883,-0.0540392964224314,792.6090155663002,2.8990590079280563,82.51178741455078,1.9165159951368291,13.26349160373211,82.5132,1.916523430108653,13.2632,19.45
frm_lora_null_lr2e4_c256_s44,frm,Llama-Math grid (frm),Llama-2-7B,math,faithful-CLoRA grid,lora_null,LoRA-Null,0.0002,44.0,frm_lora_null_lr2e4_c256,False,False,True,0.8942,-0.048565334467987,793.67780729921,2.8996442367977098,93.23082733154295,1.9695595381726785,13.327209740877151,93.2208,1.9695128256304084,13.3267,18.93
frm_lorawd_wd0_lr1e3_c256_s42,frm,Llama-Math grid (frm),Llama-2-7B,math,faithful-CLoRA grid,lorawd,LoRA+wd,0.001,42.0,frm_lorawd_wd0_lr1e3_c256,False,True,False,,,,,,,,,,,0.0
frm_lorawd_wd0_lr1e3_c256_s43,frm,Llama-Math grid (frm),Llama-2-7B,math,faithful-CLoRA grid,lorawd,LoRA+wd,0.001,43.0,frm_lorawd_wd0_lr1e3_c256,False,True,False,,,,,,,,,,,0.0
frm_lorawd_wd0_lr1e3_c256_s44,frm,Llama-Math grid (frm),Llama-2-7B,math,faithful-CLoRA grid,lorawd,LoRA+wd,0.001,44.0,frm_lorawd_wd0_lr1e3_c256,False,True,False,,,,,,,,,,,0.0
frm_lorawd_wd0_lr1e4_c256_s42,frm,Llama-Math grid (frm),Llama-2-7B,math,faithful-CLoRA grid,lorawd,LoRA+wd,0.0001,42.0,frm_lorawd_wd0_lr1e4_c256,False,False,True,0.4336,-0.3629107264696695,337.4711363041713,2.5282366338192497,27.63283920288086,1.4414255098457778,9.642680996656418,27.6267,1.4413290116851392,9.6415,22.58
frm_lorawd_wd0_lr1e4_c256_s43,frm,Llama-Math grid (frm),Llama-2-7B,math,faithful-CLoRA grid,lorawd,LoRA+wd,0.0001,43.0,frm_lorawd_wd0_lr1e4_c256,False,False,True,0.4484,-0.3483343960770644,337.35415286047265,2.528086060729008,28.25014305114746,1.4510206513117998,9.668113002181054,28.1931,1.4501428317734686,9.6664,23.35
frm_lorawd_wd0_lr1e4_c256_s44,frm,Llama-Math grid (frm),Llama-2-7B,math,faithful-CLoRA grid,lorawd,LoRA+wd,0.0001,44.0,frm_lorawd_wd0_lr1e4_c256,False,False,True,0.4449,-0.3517375942519555,337.2290660546988,2.5279249997698683,27.180194854736328,1.4342525658634888,9.670947889983657,27.1613,1.4339505524021006,9.6693,23.14
frm_lorawd_wd0_lr2e4_c256_s42,frm,Llama-Math grid (frm),Llama-2-7B,math,faithful-CLoRA grid,lorawd,LoRA+wd,0.0002,42.0,frm_lorawd_wd0_lr2e4_c256,False,False,True,0.87,-0.0604807473813814,704.1955277881192,2.8476932626212585,87.4616928100586,1.9418178788052327,15.101794350147248,87.4629,1.9418238731130857,15.1002,19.24
frm_lorawd_wd0_lr2e4_c256_s43,frm,Llama-Math grid (frm),Llama-2-7B,math,faithful-CLoRA grid,lorawd,LoRA+wd,0.0002,43.0,frm_lorawd_wd0_lr2e4_c256,False,False,True,0.852,-0.0695604052332999,705.0592939668969,2.848225641757072,81.16973876953125,1.9093941482692656,14.79878034889698,81.172,1.9094062466972168,14.7974,20.3
frm_lorawd_wd0_lr2e4_c256_s44,frm,Llama-Math grid (frm),Llama-2-7B,math,faithful-CLoRA grid,lorawd,LoRA+wd,0.0002,44.0,frm_lorawd_wd0_lr2e4_c256,False,False,True,0.8572,-0.0669178376302089,705.3526525837007,2.848406303911339,86.43941497802734,1.936711818916036,14.9740446716547,86.4413,1.9367212896617017,14.9727,20.81
frm_lorawd_wd0_lr3e4_c256_s42,frm,Llama-Math grid (frm),Llama-2-7B,math,faithful-CLoRA grid,lorawd,LoRA+wd,0.0003,42.0,frm_lorawd_wd0_lr3e4_c256,False,False,True,1.2941,0.1119678372060728,1120.3556898498096,3.0493559241123847,161.90093994140625,2.209249370125709,20.080186614394187,161.9034,2.209255969109976,20.0793,17.96
frm_lorawd_wd0_lr3e4_c256_s43,frm,Llama-Math grid (frm),Llama-2-7B,math,faithful-CLoRA grid,lorawd,LoRA+wd,0.0003,43.0,frm_lorawd_wd0_lr3e4_c256,False,False,True,1.2647,0.1019875185582993,1118.1810847367967,3.0485121414158454,141.11715698242188,2.149579818359715,19.89524604678154,141.1209,2.1495913375141287,19.8946,19.5
frm_lorawd_wd0_lr3e4_c256_s44,frm,Llama-Math grid (frm),Llama-2-7B,math,faithful-CLoRA grid,lorawd,LoRA+wd,0.0003,44.0,frm_lorawd_wd0_lr3e4_c256,False,False,True,1.2733,0.1049307390777404,1122.9560266375472,3.050362750239577,164.05511474609375,2.2149897749316225,20.03709673285484,164.0599,2.215002442498011,20.0362,17.8
frm_lorawd_wd0_lr5e4_c256_s42,frm,Llama-Math grid (frm),Llama-2-7B,math,faithful-CLoRA grid,lorawd,LoRA+wd,0.0005,42.0,frm_lorawd_wd0_lr5e4_c256,False,False,True,2.6809,0.4282806147071767,2375.5406400419683,3.3757624645994664,339.91943359375,2.531375994419085,37.04601565003395,339.9277,2.5313865557774915,37.0461,9.92
frm_lorawd_wd0_lr5e4_c256_s43,frm,Llama-Math grid (frm),Llama-2-7B,math,faithful-CLoRA grid,lorawd,LoRA+wd,0.0005,43.0,frm_lorawd_wd0_lr5e4_c256,False,False,True,2.6891,0.4296069527032835,2389.6346289582043,3.378331503141641,339.1485290527344,2.5303899377930037,37.032263696193695,339.1608,2.530405650991857,37.0325,8.56
frm_lorawd_wd0_lr5e4_c256_s44,frm,Llama-Math grid (frm),Llama-2-7B,math,faithful-CLoRA grid,lorawd,LoRA+wd,0.0005,44.0,frm_lorawd_wd0_lr5e4_c256,False,False,True,2.6896,0.4296876960953957,2394.524605100864,3.3792193040241183,332.4992370605469,2.521790653125515,36.99537558555603,332.5046,2.521797657882124,36.9954,8.88
frm_lorawd_wd0_lr7e4_c256_s42,frm,Llama-Math grid (frm),Llama-2-7B,math,faithful-CLoRA grid,lorawd,LoRA+wd,0.0007,42.0,frm_lorawd_wd0_lr7e4_c256,False,True,True,10.8005,1.0334438612475565,6903.042337438749,3.839040536992484,1342.241455078125,3.12783064785656,115.78249257206916,1342.2177,3.127822961616054,115.7789,1.82
frm_lorawd_wd0_lr7e4_c256_s43,frm,Llama-Math grid (frm),Llama-2-7B,math,faithful-CLoRA grid,lorawd,LoRA+wd,0.0007,43.0,frm_lorawd_wd0_lr7e4_c256,False,True,True,11.7101,1.0685606038053057,7286.05858704218,3.862492659072632,1353.8270263671875,3.131563179642299,126.68670436739922,1350.3768,3.1304549679971223,126.6627,1.75
frm_lorawd_wd0_lr7e4_c256_s44,frm,Llama-Math grid (frm),Llama-2-7B,math,faithful-CLoRA grid,lorawd,LoRA+wd,0.0007,44.0,frm_lorawd_wd0_lr7e4_c256,False,True,False,,,,,,,,,,,0.0
frm_lorawd_wd0p1_lr1e3_c256_s42,frm,Llama-Math grid (frm),Llama-2-7B,math,faithful-CLoRA grid,lorawd,LoRA+wd,0.001,42.0,frm_lorawd_wd0p1_lr1e3_c256,False,True,False,,,,,,,,,,,0.0
frm_lorawd_wd0p1_lr1e3_c256_s43,frm,Llama-Math grid (frm),Llama-2-7B,math,faithful-CLoRA grid,lorawd,LoRA+wd,0.001,43.0,frm_lorawd_wd0p1_lr1e3_c256,False,True,False,,,,,,,,,,,0.0
frm_lorawd_wd0p1_lr1e3_c256_s44,frm,Llama-Math grid (frm),Llama-2-7B,math,faithful-CLoRA grid,lorawd,LoRA+wd,0.001,44.0,frm_lorawd_wd0p1_lr1e3_c256,False,True,False,,,,,,,,,,,0.0
frm_lorawd_wd0p1_lr1e4_c256_s42,frm,Llama-Math grid (frm),Llama-2-7B,math,faithful-CLoRA grid,lorawd,LoRA+wd,0.0001,42.0,frm_lorawd_wd0p1_lr1e4_c256,False,False,True,0.3404,-0.4680104485874498,244.13158617877863,2.38762397284488,23.247364044189453,1.3663737165394167,7.1496543601155285,23.2282,1.3660155567500607,7.1487,24.4
frm_lorawd_wd0p1_lr1e4_c256_s43,frm,Llama-Math grid (frm),Llama-2-7B,math,faithful-CLoRA grid,lorawd,LoRA+wd,0.0001,43.0,frm_lorawd_wd0p1_lr1e4_c256,False,False,True,0.338,-0.4710832997223452,244.1025595094156,2.3875723331860863,20.60667991638184,1.3140080252510564,7.085704623162746,20.57,1.313234291694724,7.0846,25.15
frm_lorawd_wd0p1_lr1e4_c256_s44,frm,Llama-Math grid (frm),Llama-2-7B,math,faithful-CLoRA grid,lorawd,LoRA+wd,0.0001,44.0,frm_lorawd_wd0p1_lr1e4_c256,False,False,True,0.3395,-0.4691602213834794,244.1100694169373,2.3875856942144718,21.120046615600582,1.324694872425968,7.08067869246006,21.0878,1.3240312740165203,7.0797,24.71
frm_lorawd_wd0p1_lr2e4_c256_s42,frm,Llama-Math grid (frm),Llama-2-7B,math,faithful-CLoRA grid,lorawd,LoRA+wd,0.0002,42.0,frm_lorawd_wd0p1_lr2e4_c256,False,False,True,0.5035,-0.2980005251103632,395.7069453645995,2.597373672977802,46.049129486083984,1.6632214246965258,8.641981437802315,46.0495,1.6632249190405806,8.6411,23.92
frm_lorawd_wd0p1_lr2e4_c256_s43,frm,Llama-Math grid (frm),Llama-2-7B,math,faithful-CLoRA grid,lorawd,LoRA+wd,0.0002,43.0,frm_lorawd_wd0p1_lr2e4_c256,False,False,True,0.5083,-0.2938798902972964,396.1641163157783,2.5978751355341467,51.42791366577149,1.7111989061639512,8.651148276031018,51.4271,1.7111920349275946,8.6503,24.18
frm_lorawd_wd0p1_lr2e4_c256_s44,frm,Llama-Math grid (frm),Llama-2-7B,math,faithful-CLoRA grid,lorawd,LoRA+wd,0.0002,44.0,frm_lorawd_wd0p1_lr2e4_c256,False,False,True,0.5183,-0.2854187911604688,398.03943688769857,2.5999261031646896,61.13438034057617,1.7862855145463077,8.771956415474415,61.1346,1.7862870749891184,8.7712,22.78
frm_lorawd_wd0p1_lr2e4_c512_s42,frm,Llama-Math grid (frm),Llama-2-7B,math,faithful-CLoRA grid,lorawd,LoRA+wd,0.0002,42.0,frm_lorawd_wd0p1_lr2e4_c512,False,False,True,0.4995,-0.3014645074379989,395.2147074187893,2.596833097939814,45.16040802001953,1.654757857080266,8.503829535841941,45.1606,1.6547597032918615,8.5028,24.32
frm_lorawd_wd0p1_lr2e4_c512_s43,frm,Llama-Math grid (frm),Llama-2-7B,math,faithful-CLoRA grid,lorawd,LoRA+wd,0.0002,43.0,frm_lorawd_wd0p1_lr2e4_c512,False,False,True,0.5155,-0.2877713303804647,395.9204835287001,2.597607971197417,50.96435546875,1.7072665361878654,8.568821248412132,50.9661,1.7072814020155902,8.5679,23.84
frm_lorawd_wd0p1_lr2e4_c512_s44,frm,Llama-Math grid (frm),Llama-2-7B,math,faithful-CLoRA grid,lorawd,LoRA+wd,0.0002,44.0,frm_lorawd_wd0p1_lr2e4_c512,False,False,True,0.503,-0.2984320149440726,395.9128005433031,2.5975995434684247,49.885929107666016,1.6979780652097434,8.5445990011096,49.886,1.697978682380319,8.5436,23.51
frm_lorawd_wd0p1_lr3e4_c256_s42,frm,Llama-Math grid (frm),Llama-2-7B,math,faithful-CLoRA grid,lorawd,LoRA+wd,0.0003,42.0,frm_lorawd_wd0p1_lr3e4_c256,False,False,True,0.6511,-0.1863523046531033,512.3321931514336,2.7095516462701443,77.2908706665039,1.888128199567652,9.856271310150625,77.294,1.8881457828183763,9.8557,21.16
frm_lorawd_wd0p1_lr3e4_c256_s43,frm,Llama-Math grid (frm),Llama-2-7B,math,faithful-CLoRA grid,lorawd,LoRA+wd,0.0003,43.0,frm_lorawd_wd0p1_lr3e4_c256,False,False,True,0.679,-0.1681302257194983,513.3145350509444,2.7103835619483645,79.93582916259766,1.9027414841927357,9.82020263671875,79.9342,1.902732632798512,9.8196,21.26
frm_lorawd_wd0p1_lr3e4_c256_s44,frm,Llama-Math grid (frm),Llama-2-7B,math,faithful-CLoRA grid,lorawd,LoRA+wd,0.0003,44.0,frm_lorawd_wd0p1_lr3e4_c256,False,False,True,0.6561,-0.1830299622427005,512.4637065809519,2.7096631134551017,78.89969635009766,1.8970753318059883,9.803950402140618,78.9002,1.8970781040812363,9.8034,21.77
frm_lorawd_wd0p1_lr3e4_c512_s42,frm,Llama-Math grid (frm),Llama-2-7B,math,faithful-CLoRA grid,lorawd,LoRA+wd,0.0003,42.0,frm_lorawd_wd0p1_lr3e4_c512,False,False,True,0.6735,-0.1716623999409955,508.1483165632172,2.7059904911495387,69.91600036621094,1.8445765759683448,9.626029984652996,69.9192,1.844596450553504,9.6254,22.98
frm_lorawd_wd0p1_lr3e4_c512_s43,frm,Llama-Math grid (frm),Llama-2-7B,math,faithful-CLoRA grid,lorawd,LoRA+wd,0.0003,43.0,frm_lorawd_wd0p1_lr3e4_c512,False,False,True,0.6574,-0.1821703002543944,508.092797396433,2.7059430384978658,73.19715118408203,1.8644941787481584,9.55097905099392,73.1984,1.8645015881790836,9.5504,21.87
frm_lorawd_wd0p1_lr3e4_c512_s44,frm,Llama-Math grid (frm),Llama-2-7B,math,faithful-CLoRA grid,lorawd,LoRA+wd,0.0003,44.0,frm_lorawd_wd0p1_lr3e4_c512,False,False,True,0.6598,-0.1805876887906748,507.0217563203826,2.7050265953237997,63.87538146972656,1.805333506797604,9.543629701435568,63.8764,1.80534043182162,9.543,21.72
frm_lorawd_wd0p1_lr5e4_c256_s42,frm,Llama-Math grid (frm),Llama-2-7B,math,faithful-CLoRA grid,lorawd,LoRA+wd,0.0005,42.0,frm_lorawd_wd0p1_lr5e4_c256,False,False,True,0.9496,-0.0224592940534651,683.4795892257262,2.83472554974657,96.137451171875,1.9828926037853087,11.83054268360138,96.1401,1.982904569523704,11.8301,19.65
frm_lorawd_wd0p1_lr5e4_c256_s43,frm,Llama-Math grid (frm),Llama-2-7B,math,faithful-CLoRA grid,lorawd,LoRA+wd,0.0005,43.0,frm_lorawd_wd0p1_lr5e4_c256,False,False,True,0.941,-0.0264103765727431,684.6990871432689,2.8354997488562117,103.39370727539062,2.0144941076289418,11.87923304438591,103.3963,2.01450499796166,11.8789,20.07
frm_lorawd_wd0p1_lr5e4_c256_s44,frm,Llama-Math grid (frm),Llama-2-7B,math,faithful-CLoRA grid,lorawd,LoRA+wd,0.0005,44.0,frm_lorawd_wd0p1_lr5e4_c256,False,False,True,0.911,-0.0404816230270017,684.7756045645464,2.835548280010625,103.76202392578124,2.0160384342713407,11.867262864112854,103.7646,2.0160492162596664,11.867,19.49
frm_lorawd_wd0p1_lr5e4_c512_s42,frm,Llama-Math grid (frm),Llama-2-7B,math,faithful-CLoRA grid,lorawd,LoRA+wd,0.0005,42.0,frm_lorawd_wd0p1_lr5e4_c512,False,False,True,0.918,-0.0371573187987575,672.8005339051026,2.8278863274271147,86.10332489013672,1.935019922110556,11.426521554589272,86.1062,1.9350344235656805,11.4263,20.01
frm_lorawd_wd0p1_lr5e4_c512_s43,frm,Llama-Math grid (frm),Llama-2-7B,math,faithful-CLoRA grid,lorawd,LoRA+wd,0.0005,43.0,frm_lorawd_wd0p1_lr5e4_c512,False,False,True,0.9252,-0.0337643759014181,674.7316083866657,2.829131055533049,103.05429077148438,2.0130660787895134,11.515281689167022,103.0537,2.013063589135476,11.515,20.94
frm_lorawd_wd0p1_lr5e4_c512_s44,frm,Llama-Math grid (frm),Llama-2-7B,math,faithful-CLoRA grid,lorawd,LoRA+wd,0.0005,44.0,frm_lorawd_wd0p1_lr5e4_c512,False,False,True,0.9068,-0.0424884885455201,675.2897105511739,2.829490132387306,106.833984375,2.0287094257149723,11.537300935387613,106.8343,2.0287107087710536,11.537,20.51
frm_lorawd_wd0p1_lr7e4_c256_s42,frm,Llama-Math grid (frm),Llama-2-7B,math,faithful-CLoRA grid,lorawd,LoRA+wd,0.0007,42.0,frm_lorawd_wd0p1_lr7e4_c256,False,False,True,1.1891,0.0752183791115354,837.6192714977627,2.9230466608017016,98.45304870605467,1.9932291690847637,13.800729781389236,98.4568,1.9932457164161572,13.8005,17.8
frm_lorawd_wd0p1_lr7e4_c256_s43,frm,Llama-Math grid (frm),Llama-2-7B,math,faithful-CLoRA grid,lorawd,LoRA+wd,0.0007,43.0,frm_lorawd_wd0p1_lr7e4_c256,False,False,True,1.2164,0.0850764114720945,840.4923832610343,2.924533782114941,100.6164093017578,2.002668814597184,13.883026173710824,100.619,2.002679996783806,13.8827,17.86
frm_lorawd_wd0p1_lr7e4_c256_s44,frm,Llama-Math grid (frm),Llama-2-7B,math,faithful-CLoRA grid,lorawd,LoRA+wd,0.0007,44.0,frm_lorawd_wd0p1_lr7e4_c256,False,False,True,1.2185,0.085825533520743,838.0812335336627,2.9232861159639105,101.68871307373048,2.007272751134873,13.732974427938462,101.6923,2.007288069991461,13.7326,18.6
frm_lorawd_wd0p2_lr1e3_c256_s42,frm,Llama-Math grid (frm),Llama-2-7B,math,faithful-CLoRA grid,lorawd,LoRA+wd,0.001,42.0,frm_lorawd_wd0p2_lr1e3_c256,False,True,False,,,,,,,,,,,0.0
frm_lorawd_wd0p2_lr1e3_c256_s43,frm,Llama-Math grid (frm),Llama-2-7B,math,faithful-CLoRA grid,lorawd,LoRA+wd,0.001,43.0,frm_lorawd_wd0p2_lr1e3_c256,False,True,False,,,,,,,,,,,0.0
frm_lorawd_wd0p2_lr1e4_c256_s42,frm,Llama-Math grid (frm),Llama-2-7B,math,faithful-CLoRA grid,lorawd,LoRA+wd,0.0001,42.0,frm_lorawd_wd0p2_lr1e4_c256,False,False,True,0.2849,-0.5453075507605232,186.9409574311896,2.2717044626289637,16.659975051879883,1.2216743467202875,5.5168408274650576,16.6524,1.2214768343373883,5.516,24.8
frm_lorawd_wd0p2_lr1e4_c256_s43,frm,Llama-Math grid (frm),Llama-2-7B,math,faithful-CLoRA grid,lorawd,LoRA+wd,0.0001,43.0,frm_lorawd_wd0p2_lr1e4_c256,False,False,True,0.2795,-0.5536181877775579,186.85392156930567,2.271502216973121,18.717660903930664,1.2722515751719932,5.5103157490491865,18.7134,1.2721527007597635,5.5096,25.5
frm_lorawd_wd0p2_lr1e4_c256_s44,frm,Llama-Math grid (frm),Llama-2-7B,math,faithful-CLoRA grid,lorawd,LoRA+wd,0.0001,44.0,frm_lorawd_wd0p2_lr1e4_c256,False,False,True,0.279,-0.5543957967264024,186.85384059608245,2.271502028771389,16.874130249023438,1.2272213970417714,5.485082720220089,16.87,1.2271150825891253,5.4843,25.06
frm_lorawd_wd0p2_lr2e4_c256_s42,frm,Llama-Math grid (frm),Llama-2-7B,math,faithful-CLoRA grid,lorawd,LoRA+wd,0.0002,42.0,frm_lorawd_wd0p2_lr2e4_c256,False,False,True,0.3579,-0.4462383016099956,261.6757187969153,2.417763425804768,35.707801818847656,1.5527631157394477,5.900209876894951,35.7076,1.5527606611201454,5.8996,24.49
frm_lorawd_wd0p2_lr2e4_c256_s43,frm,Llama-Math grid (frm),Llama-2-7B,math,faithful-CLoRA grid,lorawd,LoRA+wd,0.0002,43.0,frm_lorawd_wd0p2_lr2e4_c256,False,False,True,0.3545,-0.4503837604809146,261.6325893833431,2.417691839452816,37.520957946777344,1.5742739178117302,5.943692788481712,37.5218,1.574283664230388,5.9431,23.97
frm_lorawd_wd0p2_lr2e4_c256_s44,frm,Llama-Math grid (frm),Llama-2-7B,math,faithful-CLoRA grid,lorawd,LoRA+wd,0.0002,44.0,frm_lorawd_wd0p2_lr2e4_c256,False,False,True,0.3621,-0.4411714751829884,260.94089418712707,2.4165421462833234,32.52446365356445,1.5122101435359163,5.923142156004905,32.5246,1.51221196414643,5.9224,25.21
frm_lorawd_wd0p2_lr2e4_c256_s45,frm,Llama-Math grid (frm),Llama-2-7B,math,faithful-CLoRA grid,lorawd,LoRA+wd,0.0002,45.0,frm_lorawd_wd0p2_lr2e4_c256,False,False,True,0.3554,-0.4492825765307173,261.1615552047309,2.4169092461432613,31.998065948486328,1.5051237291547817,5.9421802625060085,31.9973,1.5051133331770066,5.9416,24.37
frm_lorawd_wd0p2_lr2e4_c512_s42,frm,Llama-Math grid (frm),Llama-2-7B,math,faithful-CLoRA grid,lorawd,LoRA+wd,0.0002,42.0,frm_lorawd_wd0p2_lr2e4_c512,False,False,True,0.368,-0.4341521813264823,261.6287312667702,2.4176854351623702,30.31502723693848,1.4816579627688005,5.861793006956577,30.3155,1.481664735541469,5.8612,24.28
frm_lorawd_wd0p2_lr2e4_c512_s43,frm,Llama-Math grid (frm),Llama-2-7B,math,faithful-CLoRA grid,lorawd,LoRA+wd,0.0002,43.0,frm_lorawd_wd0p2_lr2e4_c512,False,False,True,0.3538,-0.4512421714262957,261.7515057094879,2.4178891886104448,30.117938995361328,1.4788252492827525,5.769575496017933,30.1186,1.4788347807290103,5.769,25.02
frm_lorawd_wd0p2_lr2e4_c512_s44,frm,Llama-Math grid (frm),Llama-2-7B,math,faithful-CLoRA grid,lorawd,LoRA+wd,0.0002,44.0,frm_lorawd_wd0p2_lr2e4_c512,False,False,True,0.3685,-0.4335625078049297,261.6784202948566,2.417767909367852,30.648984909057617,1.486416095308096,5.8693892583251,30.6495,1.4864233940579523,5.8688,24.4
frm_lorawd_wd0p2_lr3e4_c256_s42,frm,Llama-Math grid (frm),Llama-2-7B,math,faithful-CLoRA grid,lorawd,LoRA+wd,0.0003,42.0,frm_lorawd_wd0p2_lr3e4_c256,False,False,True,0.4215,-0.3752024210392389,309.93152525554325,2.4912657535486877,51.189056396484375,1.70917712397148,6.290527057647705,51.1897,1.7091825843514497,6.2901,23.78
frm_lorawd_wd0p2_lr3e4_c256_s43,frm,Llama-Math grid (frm),Llama-2-7B,math,faithful-CLoRA grid,lorawd,LoRA+wd,0.0003,43.0,frm_lorawd_wd0p2_lr3e4_c256,False,False,True,0.4257,-0.3708963498228635,309.86139698323683,2.4911674745244348,51.02620697021485,1.7077932862799183,6.262455239892006,51.0271,1.7078008869725247,6.262,24.0
frm_lorawd_wd0p2_lr3e4_c256_s44,frm,Llama-Math grid (frm),Llama-2-7B,math,faithful-CLoRA grid,lorawd,LoRA+wd,0.0003,44.0,frm_lorawd_wd0p2_lr3e4_c256,False,False,True,0.4583,-0.3388501427552134,309.7249331087584,2.490976167822705,48.70999526977539,1.6876180873974618,6.296962161362171,48.7096,1.687614563188973,6.2965,24.92
frm_lorawd_wd0p2_lr3e4_c512_s42,frm,Llama-Math grid (frm),Llama-2-7B,math,faithful-CLoRA grid,lorawd,LoRA+wd,0.0003,42.0,frm_lorawd_wd0p2_lr3e4_c512,False,False,True,0.4207,-0.3760274879830036,307.8520837272724,2.4883420975025974,40.39892578125,1.6063698172522394,6.104576884210109,40.3995,1.6063759901456374,6.1041,24.81
frm_lorawd_wd0p2_lr3e4_c512_s43,frm,Llama-Math grid (frm),Llama-2-7B,math,faithful-CLoRA grid,lorawd,LoRA+wd,0.0003,43.0,frm_lorawd_wd0p2_lr3e4_c512,False,False,True,0.4567,-0.3403689883929994,310.54959348032367,2.4921309650761185,52.768096923828125,1.7223714316722225,6.207046528160572,52.7693,1.7223813331736428,6.2065,23.63
frm_lorawd_wd0p2_lr3e4_c512_s44,frm,Llama-Math grid (frm),Llama-2-7B,math,faithful-CLoRA grid,lorawd,LoRA+wd,0.0003,44.0,frm_lorawd_wd0p2_lr3e4_c512,False,False,True,0.4294,-0.3671379598997701,308.11016269916826,2.4887060233133056,43.335594177246094,1.6368447555815486,6.100102624297142,43.3367,1.636855837617038,6.0996,24.11
frm_lorawd_wd0p2_lr5e4_c256_s42,frm,Llama-Math grid (frm),Llama-2-7B,math,faithful-CLoRA grid,lorawd,LoRA+wd,0.0005,42.0,frm_lorawd_wd0p2_lr5e4_c256,False,False,True,0.5579,-0.2534436385896308,377.13083542326166,2.576492043163198,67.6173324584961,1.8300580336079992,7.025672473013401,67.6177,1.830060394257368,7.0253,22.48
frm_lorawd_wd0p2_lr5e4_c256_s43,frm,Llama-Math grid (frm),Llama-2-7B,math,faithful-CLoRA grid,lorawd,LoRA+wd,0.0005,43.0,frm_lorawd_wd0p2_lr5e4_c256,False,False,True,0.5639,-0.2487979054116468,374.4586088513728,2.573403819523052,57.28989410400391,1.758078019490156,6.9815713301301,57.2899,1.7580780641856206,6.9812,22.56
frm_lorawd_wd0p2_lr5e4_c256_s44,frm,Llama-Math grid (frm),Llama-2-7B,math,faithful-CLoRA grid,lorawd,LoRA+wd,0.0005,44.0,frm_lorawd_wd0p2_lr5e4_c256,False,False,True,0.5437,-0.2646406669982892,375.63626890371233,2.5747675181635588,61.83130645751953,1.7912084229714171,6.897005462646485,61.832,1.791213294289852,6.8966,22.23
frm_lorawd_wd0p2_lr5e4_c512_s42,frm,Llama-Math grid (frm),Llama-2-7B,math,faithful-CLoRA grid,lorawd,LoRA+wd,0.0005,42.0,frm_lorawd_wd0p2_lr5e4_c512,False,False,True,0.5309,-0.274987274658843,372.5141545420233,2.5711427794271406,58.48954772949219,1.7670782631936306,6.815732823312283,58.4895,1.7670779087941806,6.8154,22.12
frm_lorawd_wd0p2_lr5e4_c512_s43,frm,Llama-Math grid (frm),Llama-2-7B,math,faithful-CLoRA grid,lorawd,LoRA+wd,0.0005,43.0,frm_lorawd_wd0p2_lr5e4_c512,False,False,True,0.5629,-0.2495687513397978,373.239602859791,2.571987718651553,62.43124771118164,1.7954020145511258,6.93479564934969,62.4313,1.7954023782910251,6.9345,23.1
frm_lorawd_wd0p2_lr5e4_c512_s44,frm,Llama-Math grid (frm),Llama-2-7B,math,faithful-CLoRA grid,lorawd,LoRA+wd,0.0005,44.0,frm_lorawd_wd0p2_lr5e4_c512,False,False,True,0.5565,-0.2545348313292729,372.0532740972564,2.570605130715032,57.99860382080078,1.7634175390763829,6.807812103629113,57.9981,1.763413766441705,6.8074,22.32
frm_lorawd_wd0p2_lr7e4_c256_s42,frm,Llama-Math grid (frm),Llama-2-7B,math,faithful-CLoRA grid,lorawd,LoRA+wd,0.0007,42.0,frm_lorawd_wd0p2_lr7e4_c256,False,False,True,0.6445,-0.1907770783105782,421.568285497598,2.6248679315416275,55.75177764892578,1.7462587194477517,7.477226421236992,55.7539,1.7462752517962334,7.4768,20.82
frm_lorawd_wd0p2_lr7e4_c256_s43,frm,Llama-Math grid (frm),Llama-2-7B,math,faithful-CLoRA grid,lorawd,LoRA+wd,0.0007,43.0,frm_lorawd_wd0p2_lr7e4_c256,False,False,True,1.2229,0.0873909449971878,658.0186880792712,2.8182382279824245,169.46458435058594,2.229078950750391,17.832004569470882,169.4476,2.2290354220129487,17.8312,5.32
frm_lorawd_wd0p2_lr7e4_c256_s44,frm,Llama-Math grid (frm),Llama-2-7B,math,faithful-CLoRA grid,lorawd,LoRA+wd,0.0007,44.0,frm_lorawd_wd0p2_lr7e4_c256,False,False,True,0.6257,-0.2036338450224787,421.6204587065243,2.624921676416484,58.17831802368164,1.7647611613319256,7.514344868063927,58.1796,1.7647707310329046,7.514,21.8
frm_lorawd_wd0p3_lr1e3_c256_s42,frm,Llama-Math grid (frm),Llama-2-7B,math,faithful-CLoRA grid,lorawd,LoRA+wd,0.001,42.0,frm_lorawd_wd0p3_lr1e3_c256,False,True,True,116.0394,2.0646054745483893,6417.786315659006,3.807385252884899,3916.754638671875,3.5929263664397597,215.344614815712,3906.333,3.591769262479266,215.1151,0.0
frm_lorawd_wd0p3_lr1e3_c256_s43,frm,Llama-Math grid (frm),Llama-2-7B,math,faithful-CLoRA grid,lorawd,LoRA+wd,0.001,43.0,frm_lorawd_wd0p3_lr1e3_c256,False,True,True,106.8978,2.028968767344495,6704.061908460147,3.826338016120204,4507.26025390625,3.653912635411153,184.15457228422164,4495.519,3.652779837520783,183.9468,0.0
frm_lorawd_wd0p3_lr1e3_c256_s44,frm,Llama-Math grid (frm),Llama-2-7B,math,faithful-CLoRA grid,lorawd,LoRA+wd,0.001,44.0,frm_lorawd_wd0p3_lr1e3_c256,False,True,False,,,,,,,,,,,0.0
frm_lorawd_wd0p3_lr1e4_c256_s42,frm,Llama-Math grid (frm),Llama-2-7B,math,faithful-CLoRA grid,lorawd,LoRA+wd,0.0001,42.0,frm_lorawd_wd0p3_lr1e4_c256,False,False,True,0.2381,-0.6232406045951201,150.23572055812593,2.176773204285312,15.193731307983398,1.1816644418989923,4.504137052595615,15.1807,1.1812917978524908,4.5033,25.39
frm_lorawd_wd0p3_lr1e4_c256_s43,frm,Llama-Math grid (frm),Llama-2-7B,math,faithful-CLoRA grid,lorawd,LoRA+wd,0.0001,43.0,frm_lorawd_wd0p3_lr1e4_c256,False,False,True,0.2421,-0.6160052105582672,150.10038590614036,2.1763818088101714,14.660045623779297,1.1661353218825143,4.482993286848068,14.6565,1.1660302723402167,4.4823,25.36
frm_lorawd_wd0p3_lr1e4_c256_s44,frm,Llama-Math grid (frm),Llama-2-7B,math,faithful-CLoRA grid,lorawd,LoRA+wd,0.0001,44.0,frm_lorawd_wd0p3_lr1e4_c256,False,False,True,0.2406,-0.6187043769961741,150.03466191890553,2.176191603996386,14.349634170532228,1.1568408293108217,4.481376588344574,14.337,1.1564582852404564,4.4805,26.02
frm_lorawd_wd0p3_lr2e4_c256_s42,frm,Llama-Math grid (frm),Llama-2-7B,math,faithful-CLoRA grid,lorawd,LoRA+wd,0.0002,42.0,frm_lorawd_wd0p3_lr2e4_c256,False,False,True,0.278,-0.5559552040819237,191.7771259204488,2.282796805759855,22.12091445922852,1.3448030763572516,4.464217048883438,22.1211,1.344806719018383,4.4638,25.14
frm_lorawd_wd0p3_lr2e4_c256_s43,frm,Llama-Math grid (frm),Llama-2-7B,math,faithful-CLoRA grid,lorawd,LoRA+wd,0.0002,43.0,frm_lorawd_wd0p3_lr2e4_c256,False,False,True,0.2825,-0.5489815478445427,192.1724098168429,2.2836910361712093,23.00563621520996,1.3618342480739465,4.506214276701212,23.0059,1.3618392277068012,4.5057,26.01
frm_lorawd_wd0p3_lr2e4_c256_s44,frm,Llama-Math grid (frm),Llama-2-7B,math,faithful-CLoRA grid,lorawd,LoRA+wd,0.0002,44.0,frm_lorawd_wd0p3_lr2e4_c256,False,False,True,0.2793,-0.5539290642989949,192.2163811256441,2.2837903964923614,25.184473037719727,1.4011328680702522,4.494259195029736,25.1845,1.401133333021941,4.4938,25.06
frm_lorawd_wd0p3_lr2e4_c512_s42,frm,Llama-Math grid (frm),Llama-2-7B,math,faithful-CLoRA grid,lorawd,LoRA+wd,0.0002,42.0,frm_lorawd_wd0p3_lr2e4_c512,False,False,True,0.2821,-0.5495969138446337,192.6486288393521,2.284765922305042,21.111215591430664,1.324513240861008,4.38540466427803,21.1115,1.324519091601328,4.3849,26.15
frm_lorawd_wd0p3_lr2e4_c512_s43,frm,Llama-Math grid (frm),Llama-2-7B,math,faithful-CLoRA grid,lorawd,LoRA+wd,0.0002,43.0,frm_lorawd_wd0p3_lr2e4_c512,False,False,True,0.2839,-0.5468346074741428,193.2829421414401,2.286193527796105,25.44014358520508,1.4055195581590127,4.451171057671308,25.4406,1.405527349649975,4.4506,26.43
frm_lorawd_wd0p3_lr2e4_c512_s44,frm,Llama-Math grid (frm),Llama-2-7B,math,faithful-CLoRA grid,lorawd,LoRA+wd,0.0002,44.0,frm_lorawd_wd0p3_lr2e4_c512,False,False,True,0.2785,-0.5551748004902523,193.5813263173584,2.2868634610897707,24.92621612548828,1.396656356299823,4.422405874729156,24.9268,1.3966665291438467,4.422,25.42
frm_lorawd_wd0p3_lr3e4_c256_s42,frm,Llama-Math grid (frm),Llama-2-7B,math,faithful-CLoRA grid,lorawd,LoRA+wd,0.0003,42.0,frm_lorawd_wd0p3_lr3e4_c256,False,False,True,0.3294,-0.4822764051662644,217.98250376015787,2.3384216366075647,32.254600524902344,1.5085916675010371,4.593106506764888,32.2544,1.5085889675100943,4.5927,25.16
frm_lorawd_wd0p3_lr3e4_c256_s43,frm,Llama-Math grid (frm),Llama-2-7B,math,faithful-CLoRA grid,lorawd,LoRA+wd,0.0003,43.0,frm_lorawd_wd0p3_lr3e4_c256,False,False,True,0.3173,-0.4985299278995877,218.41968117674023,2.3392917688374246,34.562461853027344,1.5386046693133997,4.640572666376829,34.563,1.538611431344478,4.6401,24.77
frm_lorawd_wd0p3_lr3e4_c256_s44,frm,Llama-Math grid (frm),Llama-2-7B,math,faithful-CLoRA grid,lorawd,LoRA+wd,0.0003,44.0,frm_lorawd_wd0p3_lr3e4_c256,False,False,True,0.314,-0.5030703519267851,218.842657348838,2.3401319796611344,35.755306243896484,1.5533405021213935,4.665091168135405,35.7557,1.5533452847726792,4.6646,24.87
frm_lorawd_wd0p3_lr3e4_c512_s42,frm,Llama-Math grid (frm),Llama-2-7B,math,faithful-CLoRA grid,lorawd,LoRA+wd,0.0003,42.0,frm_lorawd_wd0p3_lr3e4_c512,False,False,True,0.3154,-0.5011383110071159,218.69286480693472,2.339834613739392,32.4479866027832,1.511187754004522,4.525159027427435,32.4483,1.5111919485952767,4.5247,25.54
frm_lorawd_wd0p3_lr3e4_c512_s43,frm,Llama-Math grid (frm),Llama-2-7B,math,faithful-CLoRA grid,lorawd,LoRA+wd,0.0003,43.0,frm_lorawd_wd0p3_lr3e4_c512,False,False,True,0.3202,-0.4945786724167191,218.9066293396224,2.340258913884155,32.0551872253418,1.5058983178192002,4.536258394271135,32.0554,1.5059012005524255,4.5359,25.04
frm_lorawd_wd0p3_lr3e4_c512_s44,frm,Llama-Math grid (frm),Llama-2-7B,math,faithful-CLoRA grid,lorawd,LoRA+wd,0.0003,44.0,frm_lorawd_wd0p3_lr3e4_c512,False,False,True,0.3225,-0.4914702810287134,219.1747682849669,2.3407905560836197,33.35249328613281,1.5231283054170304,4.562080325186253,33.3526,1.5231296949734008,4.5617,24.6
frm_lorawd_wd0p3_lr5e4_c256_s42,frm,Llama-Math grid (frm),Llama-2-7B,math,faithful-CLoRA grid,lorawd,LoRA+wd,0.0005,42.0,frm_lorawd_wd0p3_lr5e4_c256,False,False,True,0.39,-0.4089353929735008,256.30613835906564,2.4087590073685874,44.55538558959961,1.648900206475725,5.038770242035389,44.5539,1.6488857257544112,5.0384,24.22
frm_lorawd_wd0p3_lr5e4_c256_s43,frm,Llama-Math grid (frm),Llama-2-7B,math,faithful-CLoRA grid,lorawd,LoRA+wd,0.0005,43.0,frm_lorawd_wd0p3_lr5e4_c256,False,False,True,0.3973,-0.4008814349446372,255.8983138803896,2.408067424320733,41.19799423217773,1.6148760724627,5.083739186823368,41.1982,1.6148782415878784,5.0833,24.3
frm_lorawd_wd0p3_lr5e4_c256_s44,frm,Llama-Math grid (frm),Llama-2-7B,math,faithful-CLoRA grid,lorawd,LoRA+wd,0.0005,44.0,frm_lorawd_wd0p3_lr5e4_c256,False,False,True,0.4032,-0.3944794765625311,258.61359933742693,2.4126513587574885,51.88059997558594,1.7150049898596056,5.187375144660473,51.8804,1.7150033158531195,5.187,23.96
frm_lorawd_wd0p3_lr5e4_c512_s42,frm,Llama-Math grid (frm),Llama-2-7B,math,faithful-CLoRA grid,lorawd,LoRA+wd,0.0005,42.0,frm_lorawd_wd0p3_lr5e4_c512,False,False,True,0.399,-0.3990271043132517,255.4586607114692,2.407320630977729,38.954132080078125,1.590553532468018,4.8996047176420685,38.9547,1.5905598640861838,4.8992,24.68
frm_lorawd_wd0p3_lr5e4_c512_s43,frm,Llama-Math grid (frm),Llama-2-7B,math,faithful-CLoRA grid,lorawd,LoRA+wd,0.0005,43.0,frm_lorawd_wd0p3_lr5e4_c512,False,False,True,0.377,-0.4236586497942071,255.519671706072,2.407424340809385,47.54682922363281,1.6771215602514644,4.984621484577656,47.5471,1.6771240335256905,4.9842,24.1
frm_lorawd_wd0p3_lr5e4_c512_s44,frm,Llama-Math grid (frm),Llama-2-7B,math,faithful-CLoRA grid,lorawd,LoRA+wd,0.0005,44.0,frm_lorawd_wd0p3_lr5e4_c512,False,False,True,0.3891,-0.4099387691962575,255.9874264508624,2.408218634229376,43.31228256225586,1.636611071701926,4.936631305515766,43.3128,1.636616260045772,4.9362,24.26
frm_lorawd_wd0p3_lr7e4_c256_s42,frm,Llama-Math grid (frm),Llama-2-7B,math,faithful-CLoRA grid,lorawd,LoRA+wd,0.0007,42.0,frm_lorawd_wd0p3_lr7e4_c256,False,False,True,0.4339,-0.3626103498707881,282.59839902084025,2.451169697150246,43.67136001586914,1.640196716954319,5.298142354190349,43.672,1.6402030812979047,5.2977,23.42
frm_lorawd_wd0p3_lr7e4_c256_s43,frm,Llama-Math grid (frm),Llama-2-7B,math,faithful-CLoRA grid,lorawd,LoRA+wd,0.0007,43.0,frm_lorawd_wd0p3_lr7e4_c256,False,False,True,0.4423,-0.3542830606303961,283.78713489027405,2.45299270340896,50.8060302734375,1.7059152626589178,5.477670648694039,50.807,1.705923551889028,5.4772,24.54
frm_lorawd_wd0p3_lr7e4_c256_s44,frm,Llama-Math grid (frm),Llama-2-7B,math,faithful-CLoRA grid,lorawd,LoRA+wd,0.0007,44.0,frm_lorawd_wd0p3_lr7e4_c256,False,False,True,0.4473,-0.349401101827343,284.6560902848896,2.4543204800809075,51.27485275268555,1.7099044218675523,5.436414255201816,51.2757,1.7099115979348405,5.436,24.0
frm_lorawd_wd0p5_lr1e3_c256_s42,frm,Llama-Math grid (frm),Llama-2-7B,math,faithful-CLoRA grid,lorawd,LoRA+wd,0.001,42.0,frm_lorawd_wd0p5_lr1e3_c256,False,True,False,,,,,,,,,,,0.0
frm_lorawd_wd0p5_lr1e3_c256_s43,frm,Llama-Math grid (frm),Llama-2-7B,math,faithful-CLoRA grid,lorawd,LoRA+wd,0.001,43.0,frm_lorawd_wd0p5_lr1e3_c256,False,True,False,,,,,,,,,,,0.0
frm_lorawd_wd0p5_lr1e3_c256_s44,frm,Llama-Math grid (frm),Llama-2-7B,math,faithful-CLoRA grid,lorawd,LoRA+wd,0.001,44.0,frm_lorawd_wd0p5_lr1e3_c256,False,True,True,54.0399,1.732714536695508,3470.94982438778,3.540448335610618,2519.82958984375,3.40137117145894,93.84183261990547,2513.2932,3.400243156206729,93.7435,0.0
frm_lorawd_wd0p5_lr1e4_c256_s42,frm,Llama-Math grid (frm),Llama-2-7B,math,faithful-CLoRA grid,lorawd,LoRA+wd,0.0001,42.0,frm_lorawd_wd0p5_lr1e4_c256,False,False,True,0.1959,-0.7079655640052637,107.7580311901056,2.0324496479424337,11.58698558807373,1.0639704667883625,3.257229408621788,11.576,1.063558518110981,3.2566,25.66
frm_lorawd_wd0p5_lr1e4_c256_s43,frm,Llama-Math grid (frm),Llama-2-7B,math,faithful-CLoRA grid,lorawd,LoRA+wd,0.0001,43.0,frm_lorawd_wd0p5_lr1e4_c256,False,False,True,0.1949,-0.7101881608823786,107.55241903694956,2.0316201828553644,11.27110481262207,1.0519664884071045,3.2682166837155817,11.2612,1.0515846716529913,3.2674,26.14
frm_lorawd_wd0p5_lr1e4_c256_s44,frm,Llama-Math grid (frm),Llama-2-7B,math,faithful-CLoRA grid,lorawd,LoRA+wd,0.0001,44.0,frm_lorawd_wd0p5_lr1e4_c256,False,False,True,0.1955,-0.7088532382681144,107.84722589158572,2.032808978409621,11.930533409118652,1.0766598612276022,3.27529323771596,11.9213,1.0763236171526989,3.2747,25.24
frm_lorawd_wd0p5_lr2e4_c256_s42,frm,Llama-Math grid (frm),Llama-2-7B,math,faithful-CLoRA grid,lorawd,LoRA+wd,0.0002,42.0,frm_lorawd_wd0p5_lr2e4_c256,False,False,True,0.2028,-0.6929320493387017,126.06454451322618,2.1005929589965007,16.200641632080078,1.2095322152681591,3.075452277064324,16.2007,1.209533779948155,3.0751,25.56
frm_lorawd_wd0p5_lr2e4_c256_s43,frm,Llama-Math grid (frm),Llama-2-7B,math,faithful-CLoRA grid,lorawd,LoRA+wd,0.0002,43.0,frm_lorawd_wd0p5_lr2e4_c256,False,False,True,0.2047,-0.6888821573374944,126.2013720082379,2.1010640764007293,15.465431213378906,1.1893620336815929,3.087939625233412,15.4655,1.189363965317583,3.0876,25.84
frm_lorawd_wd0p5_lr2e4_c256_s44,frm,Llama-Math grid (frm),Llama-2-7B,math,faithful-CLoRA grid,lorawd,LoRA+wd,0.0002,44.0,frm_lorawd_wd0p5_lr2e4_c256,False,False,True,0.2211,-0.6554112574212861,126.57301005906191,2.1023411082717,16.636943817138672,1.2210735500042889,3.096499568969011,16.6368,1.2210697957534855,3.0962,25.91
frm_lorawd_wd0p5_lr3e4_c256_s42,frm,Llama-Math grid (frm),Llama-2-7B,math,faithful-CLoRA grid,lorawd,LoRA+wd,0.0003,42.0,frm_lorawd_wd0p5_lr3e4_c256,False,False,True,0.2306,-0.6371406970413198,138.92415248135157,2.142777756014948,22.7511043548584,1.3570024824691946,3.126664899289608,22.7511,1.357002399339553,3.1264,25.3
frm_lorawd_wd0p5_lr3e4_c256_s43,frm,Llama-Math grid (frm),Llama-2-7B,math,faithful-CLoRA grid,lorawd,LoRA+wd,0.0003,43.0,frm_lorawd_wd0p5_lr3e4_c256,False,False,True,0.2165,-0.6645420993106158,138.66834982441742,2.14197734740963,21.008474349975582,1.322394514783635,3.106916832178831,21.0085,1.3223950450295288,3.1066,26.18
frm_lorawd_wd0p5_lr3e4_c256_s44,frm,Llama-Math grid (frm),Llama-2-7B,math,faithful-CLoRA grid,lorawd,LoRA+wd,0.0003,44.0,frm_lorawd_wd0p5_lr3e4_c256,False,False,True,0.2373,-0.624702261782661,139.39149834967264,2.144236286441916,23.538822174072266,1.3717847280019553,3.157887553423643,23.5393,1.3717935438660616,3.1576,26.02
frm_lorawd_wd0p5_lr5e4_c256_s42,frm,Llama-Math grid (frm),Llama-2-7B,math,faithful-CLoRA grid,lorawd,LoRA+wd,0.0005,42.0,frm_lorawd_wd0p5_lr5e4_c256,False,False,True,0.2581,-0.5882119954561311,157.95737175866324,2.1985398989300062,27.28788185119629,1.4359698260312457,3.416314784437418,27.288,1.435971706399341,3.416,24.83
frm_lorawd_wd0p5_lr5e4_c256_s43,frm,Llama-Math grid (frm),Llama-2-7B,math,faithful-CLoRA grid,lorawd,LoRA+wd,0.0005,43.0,frm_lorawd_wd0p5_lr5e4_c256,False,False,True,0.2512,-0.5999803649348415,157.67023059309173,2.197749702779802,27.43720817565918,1.4383399184199133,3.3689935952425003,27.4373,1.4383413718745628,3.3687,26.29
frm_lorawd_wd0p5_lr5e4_c256_s44,frm,Llama-Math grid (frm),Llama-2-7B,math,faithful-CLoRA grid,lorawd,LoRA+wd,0.0005,44.0,frm_lorawd_wd0p5_lr5e4_c256,False,False,True,0.2608,-0.5836924129401174,158.36476780677867,2.199658568358045,28.56626892089844,1.455853520295896,3.3883649088442325,28.5665,1.4558570333893652,3.388,25.08
frm_lorawd_wd0p5_lr7e4_c256_s42,frm,Llama-Math grid (frm),Llama-2-7B,math,faithful-CLoRA grid,lorawd,LoRA+wd,0.0007,42.0,frm_lorawd_wd0p5_lr7e4_c256,False,True,True,57.2227,1.7575683457348292,4561.905054653009,3.659146242214331,2963.794921875,3.471848149584162,77.59427055120469,2963.7412,3.471840277472245,77.5219,0.0
frm_lorawd_wd0p5_lr7e4_c256_s43,frm,Llama-Math grid (frm),Llama-2-7B,math,faithful-CLoRA grid,lorawd,LoRA+wd,0.0007,43.0,frm_lorawd_wd0p5_lr7e4_c256,False,False,True,0.2875,-0.5413621509743507,174.22120176716982,2.2411010051503792,39.56856918334961,1.5973503462728331,3.70557811781764,39.569,1.597355074780315,3.7053,25.06
frm_lorawd_wd0p5_lr7e4_c256_s44,frm,Llama-Math grid (frm),Llama-2-7B,math,faithful-CLoRA grid,lorawd,LoRA+wd,0.0007,44.0,frm_lorawd_wd0p5_lr7e4_c256,False,False,True,0.2819,-0.5499049241283976,172.83274646371262,2.2376260313207075,33.65522766113281,1.5270525326921798,3.642896163463592,33.6546,1.5270444331389357,3.6426,25.46
frm_milora_lr1e3_c256_s42,frm,Llama-Math grid (frm),Llama-2-7B,math,faithful-CLoRA grid,milora,MiLoRA,0.001,42.0,frm_milora_lr1e3_c256,False,True,False,,,,,,,,,,,0.0
frm_milora_lr1e3_c256_s43,frm,Llama-Math grid (frm),Llama-2-7B,math,faithful-CLoRA grid,milora,MiLoRA,0.001,43.0,frm_milora_lr1e3_c256,False,True,False,,,,,,,,,,,0.0
frm_milora_lr1e3_c256_s44,frm,Llama-Math grid (frm),Llama-2-7B,math,faithful-CLoRA grid,milora,MiLoRA,0.001,44.0,frm_milora_lr1e3_c256,False,True,False,,,,,,,,,,,0.0
frm_milora_lr1e4_c256_s42,frm,Llama-Math grid (frm),Llama-2-7B,math,faithful-CLoRA grid,milora,MiLoRA,0.0001,42.0,frm_milora_lr1e4_c256,False,False,True,0.4491,-0.3476569449372852,347.0337812119777,2.540371752254486,35.32735824584961,1.5481111624236343,10.416679817438126,35.3267,1.5481030702475491,10.4158,23.94
frm_milora_lr1e4_c256_s43,frm,Llama-Math grid (frm),Llama-2-7B,math,faithful-CLoRA grid,milora,MiLoRA,0.0001,43.0,frm_milora_lr1e4_c256,False,False,True,0.4519,-0.3449576586687982,348.8112894437976,2.5425905326361065,41.921016693115234,1.622431806868213,10.602432134747506,41.9214,1.622435777843085,10.6017,24.04
frm_milora_lr1e4_c256_s44,frm,Llama-Math grid (frm),Llama-2-7B,math,faithful-CLoRA grid,milora,MiLoRA,0.0001,44.0,frm_milora_lr1e4_c256,False,False,True,0.4483,-0.3484312611342081,347.1065295728994,2.5404627834518987,32.511268615722656,1.5120339163450518,10.404637607932091,32.511,1.5120303280874108,10.404,23.94
frm_milora_lr2e4_c256_s43,frm,Llama-Math grid (frm),Llama-2-7B,math,faithful-CLoRA grid,milora,MiLoRA,0.0002,43.0,frm_milora_lr2e4_c256,False,False,True,0.8267,-0.0826520623722283,709.6351531080891,2.85103512094814,71.23192596435547,1.8526746869303348,15.430645552277564,71.2342,1.8526885512945888,15.4298,20.9
frm_milora_lr2e4_c256_s44,frm,Llama-Math grid (frm),Llama-2-7B,math,faithful-CLoRA grid,milora,MiLoRA,0.0002,44.0,frm_milora_lr2e4_c256,False,False,True,0.8169,-0.087831103940373,711.8264643167521,2.8523741301880303,92.6080551147461,1.966648763568964,15.541167044639588,92.6102,1.9666588221005008,15.5404,20.62
frm_milora_lr3e4_c256_s42,frm,Llama-Math grid (frm),Llama-2-7B,math,faithful-CLoRA grid,milora,MiLoRA,0.0003,42.0,frm_milora_lr3e4_c256,False,False,True,1.2568,0.0992661720319168,1114.581651090684,3.047111889163696,155.1688690185547,2.190804594695343,20.098107567429544,155.1685,2.1908035618663124,20.0977,19.86
frm_milora_lr3e4_c256_s43,frm,Llama-Math grid (frm),Llama-2-7B,math,faithful-CLoRA grid,milora,MiLoRA,0.0003,43.0,frm_milora_lr3e4_c256,False,False,True,1.2607,0.1006117528337901,1120.8285555598911,3.0495391870208564,166.3824462890625,2.221107505356569,20.39848386645317,166.3815,2.2211050353286548,20.3981,17.86
frm_milora_lr3e4_c256_s44,frm,Llama-Math grid (frm),Llama-2-7B,math,faithful-CLoRA grid,milora,MiLoRA,0.0003,44.0,frm_milora_lr3e4_c256,False,False,True,1.2554,0.0987821243146919,1114.3003842616354,3.0470022802830923,143.9454803466797,2.158198033289737,20.10442896783352,143.9481,2.1582059369114868,20.1041,18.24
frm_milora_lr5e4_c256_s43,frm,Llama-Math grid (frm),Llama-2-7B,math,faithful-CLoRA grid,milora,MiLoRA,0.0005,43.0,frm_milora_lr5e4_c256,False,False,True,2.671,0.4266738880213728,2370.4857021865387,3.3748373401737624,345.3994445800781,2.538321634864326,36.79816085100174,345.4026,2.5383256023727343,36.798,7.4
frm_milora_lr5e4_c256_s44,frm,Llama-Math grid (frm),Llama-2-7B,math,faithful-CLoRA grid,milora,MiLoRA,0.0005,44.0,frm_milora_lr5e4_c256,False,False,True,2.6923,0.4301234512002893,2375.462965552076,3.375748263977809,330.0030517578125,2.5185179561065234,36.454166972637175,330.011,2.518528416119348,36.4541,5.61
frm_milora_lr7e4_c256_s42,frm,Llama-Math grid (frm),Llama-2-7B,math,faithful-CLoRA grid,milora,MiLoRA,0.0007,42.0,frm_milora_lr7e4_c256,False,True,False,,,,,,,,,,,0.0
frm_milora_lr7e4_c256_s43,frm,Llama-Math grid (frm),Llama-2-7B,math,faithful-CLoRA grid,milora,MiLoRA,0.0007,43.0,frm_milora_lr7e4_c256,False,True,True,11.8947,1.075353493032589,7319.823499730953,3.86450060919814,1464.34619140625,3.1656437619981497,127.47954705953596,1464.5677,3.165709451850232,127.4785,0.44
frm_milora_lr7e4_c256_s44,frm,Llama-Math grid (frm),Llama-2-7B,math,faithful-CLoRA grid,milora,MiLoRA,0.0007,44.0,frm_milora_lr7e4_c256,False,True,True,11.4934,1.0604485215352306,7129.203168465792,3.853040991439925,1407.5518798828125,3.1484644111479616,121.99261569976808,1407.4625,3.1484368324683008,121.9896,0.92
frm_pissa_lr3e4_c256_s42,frm,Llama-Math grid (frm),Llama-2-7B,math,faithful-CLoRA grid,pissa,PiSSA,0.0003,42.0,frm_pissa_lr3e4_c256,False,False,True,2.2058,0.3435661323861246,1416.3361498223508,3.1511663399973564,117.9316177368164,2.0716302560514426,21.191681504249573,117.9357,2.07164528911657,21.1917,3.62
frm_sclora_lr1e4_c256_s42,frm,Llama-Math grid (frm),Llama-2-7B,math,faithful-CLoRA grid,sclora,SC-LoRA,0.0001,42.0,frm_sclora_lr1e4_c256,False,False,True,0.8531,-0.0690000580438478,542.1494318698105,2.73411900700308,35.87779235839844,1.5548257120737683,9.113319055736063,35.8787,1.5548366987796725,9.113,17.6
frm_sclora_lr1e4_c256_s43,frm,Llama-Math grid (frm),Llama-2-7B,math,faithful-CLoRA grid,sclora,SC-LoRA,0.0001,43.0,frm_sclora_lr1e4_c256,False,False,True,0.8535,-0.0687964745492475,542.3661141750941,2.7342925479561924,39.54452133178711,1.597086322974315,9.162318581342696,39.5431,1.597070713033296,9.162,18.11
frm_sclora_lr1e4_c256_s44,frm,Llama-Math grid (frm),Llama-2-7B,math,faithful-CLoRA grid,sclora,SC-LoRA,0.0001,44.0,frm_sclora_lr1e4_c256,False,False,True,0.8605,-0.0652491253364209,541.5670873746582,2.733652263125575,37.4150390625,1.5730462029766494,9.09153465628624,37.4167,1.5730654818548415,9.0912,18.32
frm_sclora_lr2e4_c256_s42,frm,Llama-Math grid (frm),Llama-2-7B,math,faithful-CLoRA grid,sclora,SC-LoRA,0.0002,42.0,frm_sclora_lr2e4_c256,False,False,True,1.3417,0.1276554197752069,999.2408353987266,2.9996701737907725,158.06056213378906,2.198823522150647,15.9994905769825,158.0614,2.1988258243043446,15.9996,12.66
frm_sclora_lr2e4_c256_s43,frm,Llama-Math grid (frm),Llama-2-7B,math,faithful-CLoRA grid,sclora,SC-LoRA,0.0002,43.0,frm_sclora_lr2e4_c256,False,False,True,1.3431,0.1281083491031075,998.9844566588816,2.9995587310289924,150.52621459960938,2.1776121402258384,16.03921888768673,150.5238,2.1776051736273625,16.0392,13.69
frm_sclora_lr2e4_c256_s44,frm,Llama-Math grid (frm),Llama-2-7B,math,faithful-CLoRA grid,sclora,SC-LoRA,0.0002,44.0,frm_sclora_lr2e4_c256,False,False,True,1.3375,0.126293790693266,999.50207782146,2.999783701291011,162.502197265625,2.2108592376464915,16.063986980915068,162.5019,2.2108584431899185,16.0639,13.64
lrsw_clora_k1024_lr1e3_s42,lrsw,Llama-CS (lrsw),Llama-2-7B,cs,sweep,clora,CLoRA,0.001,42.0,lrsw_clora_k1024_lr1e3,False,False,True,1.0576,0.024321442141565,871.0729183883801,2.940054511756439,37.18466567993164,1.5703638811841705,18.14499761462212,37.1783,1.5702895275149922,18.1422,16.76
lrsw_clora_k1024_lr1e3_s43,lrsw,Llama-CS (lrsw),Llama-2-7B,cs,sweep,clora,CLoRA,0.001,43.0,lrsw_clora_k1024_lr1e3,False,False,True,1.051,0.0216027160282421,872.2628274693362,2.940647364887917,36.62703323364258,1.5638017425127966,18.08384871482849,36.6273,1.563804905606415,18.081,16.15
lrsw_clora_k1024_lr1e3_s44,lrsw,Llama-CS (lrsw),Llama-2-7B,cs,sweep,clora,CLoRA,0.001,44.0,lrsw_clora_k1024_lr1e3,False,False,True,1.0545,0.0230465840755051,869.0289397998957,2.939034239263543,36.77561950683594,1.5655599974059362,18.179606145620347,36.7739,1.5655396907517094,18.1765,16.21
lrsw_clora_k1024_lr1e4_s42,lrsw,Llama-CS (lrsw),Llama-2-7B,cs,sweep,clora,CLoRA,0.0001,42.0,lrsw_clora_k1024_lr1e4,False,False,True,0.2152,-0.6671577330056484,131.6828024637286,2.119529060589807,12.024399757385254,1.0800634061633965,4.942779733240604,12.012,1.0796153235269434,4.9413,26.71
lrsw_clora_k1024_lr1e4_s43,lrsw,Llama-CS (lrsw),Llama-2-7B,cs,sweep,clora,CLoRA,0.0001,43.0,lrsw_clora_k1024_lr1e4,False,False,True,0.2151,-0.6673595896125374,130.8485823859299,2.116769021853216,10.922808647155762,1.0383343254679178,4.848399941623211,10.9058,1.037657528955715,4.8473,27.04
lrsw_clora_k1024_lr1e4_s44,lrsw,Llama-CS (lrsw),Llama-2-7B,cs,sweep,clora,CLoRA,0.0001,44.0,lrsw_clora_k1024_lr1e4,False,False,True,0.2152,-0.6671577330056484,131.20317514869927,2.11794434519874,12.764932632446287,1.1060185271360357,4.908252172917128,12.7518,1.105571492604615,4.9072,26.83
lrsw_clora_k1024_lr1e4_s45,lrsw,Llama-CS (lrsw),Llama-2-7B,cs,sweep,clora,CLoRA,0.0001,45.0,lrsw_clora_k1024_lr1e4,False,False,True,0.2137,-0.6701954778359306,131.22202772684096,2.1180067444697013,12.432546615600586,1.0945600962863378,4.894570638239384,12.42,1.0941215958405617,4.8934,26.59
lrsw_clora_k1024_lr2e3_s43,lrsw,Llama-CS (lrsw),Llama-2-7B,cs,sweep,clora,CLoRA,0.002,43.0,lrsw_clora_k1024_lr2e3,False,False,True,1.8852,0.2753574310875981,1440.0083371911817,3.158365006529724,110.42224884033205,2.0430565876601383,29.10265708565712,110.4241,2.0430638682734075,29.0992,6.25
lrsw_clora_k1024_lr2e3_s44,lrsw,Llama-CS (lrsw),Llama-2-7B,cs,sweep,clora,CLoRA,0.002,44.0,lrsw_clora_k1024_lr2e3,False,False,True,1.8887,0.2761629803191415,1439.422710989847,3.158188350636981,116.25706481933594,2.0654193539819947,29.186295706033707,116.2509,2.0653963238288364,29.1829,6.32
lrsw_clora_k1024_lr2e4_s42,lrsw,Llama-CS (lrsw),Llama-2-7B,cs,sweep,clora,CLoRA,0.0002,42.0,lrsw_clora_k1024_lr2e4,False,False,True,0.3234,-0.4902599844296176,257.7577731770095,2.4112117711310304,16.641712188720703,1.2211980068020365,7.759189704805612,16.6236,1.220725080268278,7.7548,26.1
lrsw_clora_k1024_lr2e4_s43,lrsw,Llama-CS (lrsw),Llama-2-7B,cs,sweep,clora,CLoRA,0.0002,43.0,lrsw_clora_k1024_lr2e4,False,False,True,0.3289,-0.4829361265173453,257.9949328329216,2.4116111762565957,15.725406646728516,1.1966018847784723,7.8896593987941745,15.707,1.196093243737515,7.8853,25.71
lrsw_clora_k1024_lr2e4_s44,lrsw,Llama-CS (lrsw),Llama-2-7B,cs,sweep,clora,CLoRA,0.0002,44.0,lrsw_clora_k1024_lr2e4,False,False,True,0.3321,-0.4787311244016147,258.3108096014177,2.4121425805907344,16.51614761352539,1.2179087557389352,7.850437062978744,16.5136,1.2178417607069878,7.8458,25.32
lrsw_clora_k1024_lr2e4_s45,lrsw,Llama-CS (lrsw),Llama-2-7B,cs,sweep,clora,CLoRA,0.0002,45.0,lrsw_clora_k1024_lr2e4,False,False,True,0.3384,-0.4705696456330141,258.1060037854607,2.4117981067545253,16.14838218688965,1.20812901939155,7.884536007791757,16.1449,1.2080353593821251,7.8811,25.19
lrsw_clora_k1024_lr2e5_s42,lrsw,Llama-CS (lrsw),Llama-2-7B,cs,sweep,clora,CLoRA,2e-05,42.0,lrsw_clora_k1024_lr2e5,False,False,True,0.1347,-0.8706324042770144,29.147859486935115,1.464606667254711,4.11720609664917,0.6146026071959804,1.4374497406184674,4.1109,0.6139369124465115,1.4362,26.38
lrsw_clora_k1024_lr2e5_s43,lrsw,Llama-CS (lrsw),Llama-2-7B,cs,sweep,clora,CLoRA,2e-05,43.0,lrsw_clora_k1024_lr2e5,False,False,True,0.1326,-0.8774564759312456,28.865925567222668,1.4603854874294162,3.9991917610168457,0.601972229028439,1.4331003088504075,3.9922,0.6012122903108819,1.432,26.71
lrsw_clora_k1024_lr2e5_s44,lrsw,Llama-CS (lrsw),Llama-2-7B,cs,sweep,clora,CLoRA,2e-05,44.0,lrsw_clora_k1024_lr2e5,False,False,True,0.1329,-0.876475019057268,28.899481466997575,1.460890050436758,4.081915378570557,0.6108639971951446,1.423394412919879,4.0752,0.6101489276195399,1.4224,26.5
lrsw_clora_k1024_lr3e4_s42,lrsw,Llama-CS (lrsw),Llama-2-7B,cs,sweep,clora,CLoRA,0.0003,42.0,lrsw_clora_k1024_lr3e4,False,False,True,0.4586,-0.3385659496060799,370.9200307407836,2.569280287104007,21.885915756225582,1.3401647231929037,9.906996565312149,21.8743,1.3399341640485665,9.904,24.26
lrsw_clora_k1024_lr3e4_s43,lrsw,Llama-CS (lrsw),Llama-2-7B,cs,sweep,clora,CLoRA,0.0003,43.0,lrsw_clora_k1024_lr3e4,False,False,True,0.4473,-0.349401101827343,370.9764654229884,2.569346359045965,20.8794002532959,1.3197180196930138,9.828248380124569,20.8758,1.3196431274575915,9.8265,24.64
lrsw_clora_k1024_lr3e4_s44,lrsw,Llama-CS (lrsw),Llama-2-7B,cs,sweep,clora,CLoRA,0.0003,44.0,lrsw_clora_k1024_lr3e4,False,False,True,0.4471,-0.3495953301319682,370.3694238419304,2.5686351259449824,20.85467529296875,1.3192034322748865,9.868320666253569,20.8425,1.318949810169072,9.8652,24.09
lrsw_clora_k1024_lr3e4_s45,lrsw,Llama-CS (lrsw),Llama-2-7B,cs,sweep,clora,CLoRA,0.0003,45.0,lrsw_clora_k1024_lr3e4,False,False,False,0.4436,-0.3530084625228775,370.6495134832993,2.5689634344006795,21.13104057312012,1.3249208838974098,9.901251983642576,21.1211,1.3247165327770112,9.8991,23.92
lrsw_clora_k1024_lr5e3_s44,lrsw,Llama-CS (lrsw),Llama-2-7B,cs,sweep,clora,CLoRA,0.005,44.0,lrsw_clora_k1024_lr5e3,False,True,True,191.106,2.2812743224604835,48224.32956180886,4.683266198583816,28530.1796875,4.455304506919746,974.3456619430332,28530.0234,4.455302127860606,973.8857,1.17
lrsw_clora_k1024_lr5e4_s42,lrsw,Llama-CS (lrsw),Llama-2-7B,cs,sweep,clora,CLoRA,0.0005,42.0,lrsw_clora_k1024_lr5e4,False,False,True,0.6429,-0.1918565742385088,555.6676575275677,2.7448151195385253,29.759523391723636,1.4736259715646365,12.745835506916046,29.7669,1.4737336084795876,12.745,21.88
lrsw_clora_k1024_lr5e4_s43,lrsw,Llama-CS (lrsw),Llama-2-7B,cs,sweep,clora,CLoRA,0.0005,43.0,lrsw_clora_k1024_lr5e4,False,False,True,0.6307,-0.2001771690066801,556.3963826587493,2.7453842978181195,28.179479598999023,1.4499329685685836,12.668399849534037,28.1897,1.450090454054013,12.6674,21.84
lrsw_clora_k1024_lr5e4_s44,lrsw,Llama-CS (lrsw),Llama-2-7B,cs,sweep,clora,CLoRA,0.0005,44.0,lrsw_clora_k1024_lr5e4,False,False,True,0.6606,-0.1800614306446046,556.4683797282505,2.7454404914026376,27.85356903076172,1.4448808516122844,12.618546524643898,27.8635,1.4450356682694,12.6177,21.03
lrsw_clora_k1024_lr5e4_s45,lrsw,Llama-CS (lrsw),Llama-2-7B,cs,sweep,clora,CLoRA,0.0005,45.0,lrsw_clora_k1024_lr5e4,False,False,True,0.6463,-0.1895658440773272,556.6187703102217,2.745557847532884,27.118383407592773,1.4332637966224673,12.625804632902144,27.1284,1.433424180357174,12.625,21.66
lrsw_clora_k1024_lr5e5_s42,lrsw,Llama-CS (lrsw),Llama-2-7B,cs,sweep,clora,CLoRA,5e-05,42.0,lrsw_clora_k1024_lr5e5,False,False,True,0.1602,-0.7953374882517811,65.16741582378674,1.814030499640354,7.149648666381836,0.8542847011017017,2.824387584626675,7.1133,0.8520711252446111,2.823,26.76
lrsw_clora_k1024_lr5e5_s43,lrsw,Llama-CS (lrsw),Llama-2-7B,cs,sweep,clora,CLoRA,5e-05,43.0,lrsw_clora_k1024_lr5e5,False,False,True,0.1617,-0.7912899800935989,65.48003726186666,1.8161089178782432,7.351303577423096,0.866364357626134,2.8505083244293927,7.3413,0.8657729717464875,2.8491,27.48
lrsw_clora_k1024_lr5e5_s44,lrsw,Llama-CS (lrsw),Llama-2-7B,cs,sweep,clora,CLoRA,5e-05,44.0,lrsw_clora_k1024_lr5e5,False,False,True,0.1625,-0.7891466346851068,65.17523484511369,1.814082604731095,7.168046951293945,0.855400841327771,2.8180757950991397,7.1561,0.854676400808799,2.8171,27.26
lrsw_corda_r16_lr1e3_s42,lrsw,Llama-CS (lrsw),Llama-2-7B,cs,sweep,corda,CorDA (withheld),0.001,42.0,lrsw_corda_r16_lr1e3,True,True,False,515.773,2.7124586036841896,59475.96558223707,4.7743415014639625,54741.83203125,4.738319327742513,1219.6135277748108,54741.2812,4.738314957699219,1219.1892,0.0
lrsw_corda_r16_lr1e3_s43,lrsw,Llama-CS (lrsw),Llama-2-7B,cs,sweep,corda,CorDA (withheld),0.001,43.0,lrsw_corda_r16_lr1e3,True,True,False,1.4399,0.1583323317089808,3341.57601087282,3.523951344474279,1667.219482421875,3.2219927766307537,42.85147384405136,1666.9993,3.221935417460758,42.8472,17.12
lrsw_corda_r16_lr1e3_s44,lrsw,Llama-CS (lrsw),Llama-2-7B,cs,sweep,corda,CorDA (withheld),0.001,44.0,lrsw_corda_r16_lr1e3,True,True,False,1.7069,0.2322080783963161,3367.1218785219858,3.527258836676649,1663.1761474609375,3.2209382479080837,42.481376588344574,1662.9271,3.220873210878158,42.4774,16.13
lrsw_corda_r16_lr1e4_s42,lrsw,Llama-CS (lrsw),Llama-2-7B,cs,sweep,corda,CorDA (withheld),0.0001,42.0,lrsw_corda_r16_lr1e4,True,False,False,0.6621,-0.1790764121186825,940.8683970673504,2.97352888121209,66.61846923828125,1.8235946492346924,17.702623015642168,66.6171,1.82358572290018,17.7012,16.08
lrsw_corda_r16_lr1e4_s43,lrsw,Llama-CS (lrsw),Llama-2-7B,cs,sweep,corda,CorDA (withheld),0.0001,43.0,lrsw_corda_r16_lr1e4,True,False,False,0.3355,-0.4743074754949891,676.6191460951662,2.830344282730465,185.42611694335935,2.2681709037327824,8.295921538770198,185.4144,2.268143460108825,8.2951,23.72
lrsw_corda_r16_lr1e4_s44,lrsw,Llama-CS (lrsw),Llama-2-7B,cs,sweep,corda,CorDA (withheld),0.0001,44.0,lrsw_corda_r16_lr1e4,True,False,False,0.3309,-0.4803032328401469,672.4452839446823,2.827656952098017,187.9503173828125,2.274043063423004,8.305620171129704,187.926,2.2739868699109564,8.3047,23.45
lrsw_corda_r16_lr2e3_s43,lrsw,Llama-CS (lrsw),Llama-2-7B,cs,sweep,corda,CorDA (withheld),0.002,43.0,lrsw_corda_r16_lr2e3,True,True,False,63.0501,1.7996857797182004,16337.644719427735,4.213189447601334,5792.49951171875,3.7628660058529735,348.80109734535216,5786.4487,3.762412107220448,348.6854,0.0
lrsw_corda_r16_lr2e3_s44,lrsw,Llama-CS (lrsw),Llama-2-7B,cs,sweep,corda,CorDA (withheld),0.002,44.0,lrsw_corda_r16_lr2e3,True,True,False,25.3396,1.4037997550160937,14150.680423943331,4.150777323058845,6802.0283203125,3.832638435789858,269.1963398456573,6801.1235,3.832580661169005,269.132,0.0
lrsw_corda_r16_lr2e4_s42,lrsw,Llama-CS (lrsw),Llama-2-7B,cs,sweep,corda,CorDA (withheld),0.0002,42.0,lrsw_corda_r16_lr2e4,True,False,False,1.1265,0.0517311960598496,1410.5965059594548,3.1494028037646387,125.50194549560548,2.0986504581792653,28.359207007288934,125.5071,2.098668294770065,28.3569,16.38
lrsw_corda_r16_lr2e4_s43,lrsw,Llama-CS (lrsw),Llama-2-7B,cs,sweep,corda,CorDA (withheld),0.0002,43.0,lrsw_corda_r16_lr2e4,True,False,False,0.5014,-0.2998156703778023,1225.126796237534,3.0881810389508164,414.7020568847656,2.617736189430785,15.290826907753944,414.4344,2.6174557967133505,15.2855,22.9
lrsw_corda_r16_lr2e4_s44,lrsw,Llama-CS (lrsw),Llama-2-7B,cs,sweep,corda,CorDA (withheld),0.0002,44.0,lrsw_corda_r16_lr2e4,True,False,False,0.5014,-0.2998156703778023,1211.437910662268,3.083301160324317,413.9920654296875,2.6169920175143164,15.317344677448272,413.8192,2.616810636790348,15.3122,21.8
lrsw_corda_r16_lr2e5_s42,lrsw,Llama-CS (lrsw),Llama-2-7B,cs,sweep,corda,CorDA (withheld),2e-05,42.0,lrsw_corda_r16_lr2e5,True,False,False,0.2587,-0.5872035712834566,374.50137538804194,2.573453417021708,35.93439102172852,1.5555102892889423,6.527883929759264,35.9334,1.5554983118714638,6.5253,23.18
lrsw_corda_r16_lr2e5_s43,lrsw,Llama-CS (lrsw),Llama-2-7B,cs,sweep,corda,CorDA (withheld),2e-05,43.0,lrsw_corda_r16_lr2e5,True,False,False,0.1861,-0.730253626869233,220.61642480633856,2.343637842361744,58.91007614135742,1.7701895840625932,2.1432247484102844,58.8734,1.769919117493841,2.1421,25.9
lrsw_corda_r16_lr2e5_s44,lrsw,Llama-CS (lrsw),Llama-2-7B,cs,sweep,corda,CorDA (withheld),2e-05,44.0,lrsw_corda_r16_lr2e5,True,False,False,0.1881,-0.7256112044496211,220.9869625808195,2.3443666526614635,59.629371643066406,1.7754602329012188,2.167458253167569,59.6227,1.77541163906579,2.1664,26.17
lrsw_corda_r16_lr3e4_s42,lrsw,Llama-CS (lrsw),Llama-2-7B,cs,sweep,corda,CorDA (withheld),0.0003,42.0,lrsw_corda_r16_lr3e4,True,False,False,1.653,0.2182728535714475,2040.555965808621,3.3097485105567506,267.9512939453125,2.4280558586065477,40.33211297988892,267.954,2.428060244547988,40.3227,12.73
lrsw_corda_r16_lr3e4_s43,lrsw,Llama-CS (lrsw),Llama-2-7B,cs,sweep,corda,CorDA (withheld),0.0003,43.0,lrsw_corda_r16_lr3e4,True,False,False,0.6572,-0.1823024452369759,1652.6767661706892,3.218187921692857,673.5028076171875,2.828339410497178,21.29290216565132,673.2625,2.828184425404199,21.2862,21.46
lrsw_corda_r16_lr3e4_s44,lrsw,Llama-CS (lrsw),Llama-2-7B,cs,sweep,corda,CorDA (withheld),0.0003,44.0,lrsw_corda_r16_lr3e4,True,False,False,0.6539,-0.1844886626372358,1647.9846492743936,3.216953161993091,683.3452758789062,2.834640196389244,21.496196815371512,682.3581,2.834012351252273,21.4852,20.83
lrsw_corda_r16_lr5e4_s42,lrsw,Llama-CS (lrsw),Llama-2-7B,cs,sweep,corda,CorDA (withheld),0.0005,42.0,lrsw_corda_r16_lr5e4,True,True,False,3.4551,0.5384606215567298,4158.744195624899,3.6189622077308408,1078.986572265625,3.0330160400237545,75.3725535094738,1077.6917,3.032494538087619,75.3531,4.94
lrsw_corda_r16_lr5e4_s43,lrsw,Llama-CS (lrsw),Llama-2-7B,cs,sweep,corda,CorDA (withheld),0.0005,43.0,lrsw_corda_r16_lr5e4,True,True,False,0.9561,-0.0194966818066049,2266.46731839468,3.355349461076956,1017.1862182617188,3.007400467337889,29.43706621229649,1016.3529,3.0070445306954694,29.4302,19.52
lrsw_corda_r16_lr5e4_s44,lrsw,Llama-CS (lrsw),Llama-2-7B,cs,sweep,corda,CorDA (withheld),0.0005,44.0,lrsw_corda_r16_lr5e4,True,True,False,0.9298,-0.0316104581529317,2283.680348294019,3.3586353146844665,1040.4339599609375,3.01721451920909,30.208860751986503,1040.0646,3.017060314829771,30.2052,18.14
lrsw_corda_r16_lr5e5_s42,lrsw,Llama-CS (lrsw),Llama-2-7B,cs,sweep,corda,CorDA (withheld),5e-05,42.0,lrsw_corda_r16_lr5e5,True,False,False,0.4203,-0.3764406099945629,643.9169325043497,2.8088298454936096,49.48909378051758,1.6945095013010738,11.532400757074356,49.4897,1.6945148211835654,11.5307,19.39
lrsw_corda_r16_lr5e5_s43,lrsw,Llama-CS (lrsw),Llama-2-7B,cs,sweep,corda,CorDA (withheld),5e-05,43.0,lrsw_corda_r16_lr5e5,True,False,False,0.253,-0.5968794788241821,378.4059827136022,2.5779579941117965,101.54664611816406,2.0066655841029344,4.442014070600271,101.5366,2.006622616760525,4.4409,24.6
lrsw_corda_r16_lr5e5_s44,lrsw,Llama-CS (lrsw),Llama-2-7B,cs,sweep,corda,CorDA (withheld),5e-05,44.0,lrsw_corda_r16_lr5e5,True,False,False,0.2553,-0.5929491851957497,377.4201115907949,2.576825038701691,99.9164047241211,1.9996367984989176,4.463823471218348,99.8961,1.9995485334557976,4.4626,25.5
lrsw_dora_r16_lr1e3_s42,lrsw,Llama-CS (lrsw),Llama-2-7B,cs,sweep,dora,DoRA,0.001,42.0,lrsw_dora_r16_lr1e3,False,True,True,3.7257,0.5712078818028553,2178.143203012261,3.338086429245992,1073.5823974609375,3.0308353821577656,52.87549275755882,1073.5913,3.0308389834719907,52.8779,15.64
lrsw_dora_r16_lr1e3_s43,lrsw,Llama-CS (lrsw),Llama-2-7B,cs,sweep,dora,DoRA,0.001,43.0,lrsw_dora_r16_lr1e3,False,True,True,3.7383,0.5726741507390644,2150.0411348115103,3.3324467689624697,1045.0484619140625,3.0191364304029134,53.29489673376084,1045.0509,3.019137443605719,53.2968,15.74
lrsw_dora_r16_lr1e3_s44,lrsw,Llama-CS (lrsw),Llama-2-7B,cs,sweep,dora,DoRA,0.001,44.0,lrsw_dora_r16_lr1e3,False,True,True,3.7348,0.572267350134817,2153.2105965431824,3.3330865084318293,1055.2305908203125,3.023347372788391,53.91498135924339,1055.2388,3.023350751374647,53.9174,13.92
lrsw_dora_r16_lr1e4_s42,lrsw,Llama-CS (lrsw),Llama-2-7B,cs,sweep,dora,DoRA,0.0001,42.0,lrsw_dora_r16_lr1e4,False,False,True,0.2967,-0.5276824536831581,144.68070339862132,2.160410611517542,17.342300415039062,1.2391067050948232,7.335162995755672,17.3119,1.2383447347865943,7.3319,26.76
lrsw_dora_r16_lr1e4_s43,lrsw,Llama-CS (lrsw),Llama-2-7B,cs,sweep,dora,DoRA,0.0001,43.0,lrsw_dora_r16_lr1e4,False,False,True,0.3073,-0.5124374397436218,145.34829370863113,2.162409937810777,16.60690689086914,1.220288750734397,7.386987979710102,16.5541,1.2189055743566684,7.3832,26.55
lrsw_dora_r16_lr1e4_s44,lrsw,Llama-CS (lrsw),Llama-2-7B,cs,sweep,dora,DoRA,0.0001,44.0,lrsw_dora_r16_lr1e4,False,False,True,0.3056,-0.5148466500963477,145.4007569957502,2.1625666675836883,16.64777946472168,1.2213563140867505,7.371983554959297,16.6222,1.2206885034811334,7.3684,26.94
lrsw_dora_r16_lr2e3_s43,lrsw,Llama-CS (lrsw),Llama-2-7B,cs,sweep,dora,DoRA,0.002,43.0,lrsw_dora_r16_lr2e3,False,True,True,24.3192,1.3859492843630308,10477.64371757266,4.020263626587313,4757.13720703125,3.677345677675359,284.62704077959063,4757.124,3.677344471960975,284.6208,3.04
lrsw_dora_r16_lr2e3_s44,lrsw,Llama-CS (lrsw),Llama-2-7B,cs,sweep,dora,DoRA,0.002,44.0,lrsw_dora_r16_lr2e3,False,True,True,358.2287,2.5541603770247985,37494.03756596695,4.573962210178912,9291.1279296875,3.968068439925212,2035.7207065582277,9275.7334,3.967348257799849,2035.091,0.0
lrsw_dora_r16_lr2e4_s42,lrsw,Llama-CS (lrsw),Llama-2-7B,cs,sweep,dora,DoRA,0.0002,42.0,lrsw_dora_r16_lr2e4,False,False,True,0.4451,-0.3515424057174774,310.41011833254663,2.491935869365693,38.85697937011719,1.5894690367712752,13.100972908735276,38.7945,1.5887701588683576,13.0953,24.84
lrsw_dora_r16_lr2e4_s43,lrsw,Llama-CS (lrsw),Llama-2-7B,cs,sweep,dora,DoRA,0.0002,43.0,lrsw_dora_r16_lr2e4,False,False,True,0.4361,-0.3604139133265736,309.84666380403934,2.491146824354355,31.8277587890625,1.502806058042552,13.049235901236534,31.7912,1.5023069212316134,13.0434,25.5
lrsw_dora_r16_lr2e4_s44,lrsw,Llama-CS (lrsw),Llama-2-7B,cs,sweep,dora,DoRA,0.0002,44.0,lrsw_dora_r16_lr2e4,False,False,True,0.4513,-0.3455346664798542,308.6564810399953,2.489475400533182,31.14971160888672,1.4934540302167325,13.096973049640656,31.1158,1.4929809713535642,13.092,25.27
lrsw_dora_r16_lr2e5_s42,lrsw,Llama-CS (lrsw),Llama-2-7B,cs,sweep,dora,DoRA,2e-05,42.0,lrsw_dora_r16_lr2e5,False,False,True,0.2302,-0.637894680706227,30.984706071142693,1.4911473806765556,4.990794658660889,0.698169701614261,1.9733688186854124,4.9812,0.6973339794261443,1.9715,26.45
lrsw_dora_r16_lr2e5_s43,lrsw,Llama-CS (lrsw),Llama-2-7B,cs,sweep,dora,DoRA,2e-05,43.0,lrsw_dora_r16_lr2e5,False,False,True,0.2191,-0.6593576224392947,30.16177958146433,1.4794569618532305,4.854936122894287,0.6861835202055006,1.9115839499980207,4.8437,0.6851772367874339,1.9097,26.18
lrsw_dora_r16_lr2e5_s44,lrsw,Llama-CS (lrsw),Llama-2-7B,cs,sweep,dora,DoRA,2e-05,44.0,lrsw_dora_r16_lr2e5,False,False,True,0.2325,-0.6335770427740273,30.894907252092093,1.4898868957808908,4.643105506896973,0.6668085524024545,1.9702365797013044,4.6335,0.6659091673571319,1.9683,26.9
lrsw_dora_r16_lr3e4_s42,lrsw,Llama-CS (lrsw),Llama-2-7B,cs,sweep,dora,DoRA,0.0003,42.0,lrsw_dora_r16_lr3e4,False,False,True,0.6833,-0.1653885792773128,481.8746936660999,2.6829341193085683,69.06544494628906,1.8392608140497984,17.87202807366848,69.0663,1.8392661907299896,17.8584,23.7
lrsw_dora_r16_lr3e4_s43,lrsw,Llama-CS (lrsw),Llama-2-7B,cs,sweep,dora,DoRA,0.0003,43.0,lrsw_dora_r16_lr3e4,False,False,True,0.6679,-0.1752885565352656,477.7625408889151,2.6792120957634107,58.93444442749024,1.7703691938111106,17.654611659049987,58.9352,1.7703747616733585,17.6423,23.6
lrsw_dora_r16_lr3e4_s44,lrsw,Llama-CS (lrsw),Llama-2-7B,cs,sweep,dora,DoRA,0.0003,44.0,lrsw_dora_r16_lr3e4,False,False,True,0.684,-0.1649438982798837,475.9243729434308,2.6775379463700872,44.88307571411133,1.652082610277901,17.768617129325868,44.8559,1.6518195748922797,17.7558,23.27
lrsw_dora_r16_lr5e3_s43,lrsw,Llama-CS (lrsw),Llama-2-7B,cs,sweep,dora,DoRA,0.005,43.0,lrsw_dora_r16_lr5e3,False,True,True,1877.7321,3.273633630639848,200498.89338093676,5.302111979949324,99334.7578125,4.997101237266048,9898.306285381315,99333.7578,4.997096865159988,9895.238,0.0
lrsw_dora_r16_lr5e3_s44,lrsw,Llama-CS (lrsw),Llama-2-7B,cs,sweep,dora,DoRA,0.005,44.0,lrsw_dora_r16_lr5e3,False,True,True,1801.9299,3.2557378917288644,180895.6084572576,5.257428023764565,57958.1953125,4.763114854058885,9530.33679561615,57842.9141,4.762250164398327,9526.5521,0.0
lrsw_dora_r16_lr5e4_s42,lrsw,Llama-CS (lrsw),Llama-2-7B,cs,sweep,dora,DoRA,0.0005,42.0,lrsw_dora_r16_lr5e4,False,False,True,1.2143,0.084325995016827,821.016627445977,2.914351952655266,202.5421295166016,2.3065153718152365,25.00685402750969,202.5434,2.306518096000077,25.0,17.8
lrsw_dora_r16_lr5e4_s43,lrsw,Llama-CS (lrsw),Llama-2-7B,cs,sweep,dora,DoRA,0.0005,43.0,lrsw_dora_r16_lr5e4,False,False,True,1.2465,0.0956922828397922,832.577673804402,2.920424760774211,229.69058227539065,2.3611431887097027,25.45562234520912,229.6922,2.3611462474611327,25.4503,20.58
lrsw_dora_r16_lr5e4_s44,lrsw,Llama-CS (lrsw),Llama-2-7B,cs,sweep,dora,DoRA,0.0005,44.0,lrsw_dora_r16_lr5e4,False,False,True,1.2185,0.085825533520743,822.5472791442102,2.915160870125135,194.5226287841797,2.288970130003425,25.27053180336952,194.5255,2.288976540280688,25.2642,19.08
lrsw_dora_r16_lr5e5_s42,lrsw,Llama-CS (lrsw),Llama-2-7B,cs,sweep,dora,DoRA,5e-05,42.0,lrsw_dora_r16_lr5e5,False,False,True,0.2487,-0.604324214730064,69.7472338160942,1.8435269881144016,10.21396255493164,1.0091942613698863,4.007632119208575,10.1937,1.0083318481793382,4.0047,27.3
lrsw_dora_r16_lr5e5_s43,lrsw,Llama-CS (lrsw),Llama-2-7B,cs,sweep,dora,DoRA,5e-05,43.0,lrsw_dora_r16_lr5e5,False,False,True,0.2557,-0.5922692719736645,70.0632547320019,1.8454903082502463,10.15318202972412,1.006602172434119,4.034120252728462,10.1364,1.0058837402302698,4.0313,26.98
lrsw_dora_r16_lr5e5_s44,lrsw,Llama-CS (lrsw),Llama-2-7B,cs,sweep,dora,DoRA,5e-05,44.0,lrsw_dora_r16_lr5e5,False,False,True,0.2544,-0.5944828930236237,70.06838590178533,1.8455221131832875,9.901449203491213,0.9956987637913036,4.02731933221221,9.8828,0.9948800065583474,4.0244,27.3
lrsw_lora_null_r16_lr1e3_s42,lrsw,Llama-CS (lrsw),Llama-2-7B,cs,sweep,lora_null,LoRA-Null,0.001,42.0,lrsw_lora_null_r16_lr1e3,False,False,True,1.1609,0.0647948111953832,993.6370991938796,2.997227798285803,135.71774291992188,2.132636628415063,25.052598583698277,135.7188,2.132640011040261,25.0528,17.36
lrsw_lora_null_r16_lr1e3_s43,lrsw,Llama-CS (lrsw),Llama-2-7B,cs,sweep,lora_null,LoRA-Null,0.001,43.0,lrsw_lora_null_r16_lr1e3,False,False,True,1.2147,0.0844690314880758,1019.5797445089516,3.0084211989673246,167.56515502929688,2.2241837126723505,25.68298270106316,167.5658,2.224185384300788,25.6828,17.62
lrsw_lora_null_r16_lr1e3_s44,lrsw,Llama-CS (lrsw),Llama-2-7B,cs,sweep,lora_null,LoRA-Null,0.001,44.0,lrsw_lora_null_r16_lr1e3,False,False,True,1.1446,0.0586537415723702,1023.7795976946422,3.0102064704995133,172.07763671875,2.2357244329032677,25.690411961078645,172.079,2.2357278735780124,25.6904,18.44
lrsw_lora_null_r16_lr1e4_s42,lrsw,Llama-CS (lrsw),Llama-2-7B,cs,sweep,lora_null,LoRA-Null,0.0001,42.0,lrsw_lora_null_r16_lr1e4,False,False,True,0.2243,-0.6491707264170322,111.16265909472796,2.045958926881467,9.20600128173828,0.964071031024154,3.791239795088768,9.1964,0.9636178527684848,3.7908,27.42
lrsw_lora_null_r16_lr1e4_s43,lrsw,Llama-CS (lrsw),Llama-2-7B,cs,sweep,lora_null,LoRA-Null,0.0001,43.0,lrsw_lora_null_r16_lr1e4,False,False,True,0.2442,-0.6122543403911364,110.855130497029,2.044755797540609,9.524558067321776,0.9788448338619732,3.875693365931511,9.5119,0.9782672758330406,3.8745,26.18
lrsw_lora_null_r16_lr1e4_s44,lrsw,Llama-CS (lrsw),Llama-2-7B,cs,sweep,lora_null,LoRA-Null,0.0001,44.0,lrsw_lora_null_r16_lr1e4,False,False,True,0.2522,-0.5982549177629373,111.04907208834778,2.045514933991256,8.565451622009277,0.9327502665164372,3.890196002274752,8.5585,0.9323976550034644,3.8892,26.05
lrsw_lora_null_r16_lr1e4_s45,lrsw,Llama-CS (lrsw),Llama-2-7B,cs,sweep,lora_null,LoRA-Null,0.0001,45.0,lrsw_lora_null_r16_lr1e4,False,False,True,0.2447,-0.6113660306482108,110.99607693429424,2.0453076292740726,9.046696662902832,0.9564900286016512,3.874696027487517,9.0367,0.956009864829399,3.8738,26.57
lrsw_lora_null_r16_lr2e4_s42,lrsw,Llama-CS (lrsw),Llama-2-7B,cs,sweep,lora_null,LoRA-Null,0.0002,42.0,lrsw_lora_null_r16_lr2e4,False,False,True,0.3245,-0.4887852988636119,225.47169224706903,2.353092024384248,15.536980628967283,1.1913666242728038,7.076241666078568,15.5372,1.1913727561563852,7.0734,26.43
lrsw_lora_null_r16_lr2e4_s43,lrsw,Llama-CS (lrsw),Llama-2-7B,cs,sweep,lora_null,LoRA-Null,0.0002,43.0,lrsw_lora_null_r16_lr2e4,False,False,True,0.3697,-0.4321505494268932,226.2771830252372,2.3546407634738413,17.933748245239258,1.2536710688203363,7.333598962426185,17.9174,1.25327498927835,7.3298,25.92
lrsw_lora_null_r16_lr2e4_s44,lrsw,Llama-CS (lrsw),Llama-2-7B,cs,sweep,lora_null,LoRA-Null,0.0002,44.0,lrsw_lora_null_r16_lr2e4,False,False,True,0.3507,-0.4550642341184974,226.28762613519376,2.354660806503865,17.400161743164062,1.2405532852847354,7.225383889675141,17.3862,1.2402046711707182,7.2222,25.24
lrsw_lora_null_r16_lr2e4_s45,lrsw,Llama-CS (lrsw),Llama-2-7B,cs,sweep,lora_null,LoRA-Null,0.0002,45.0,lrsw_lora_null_r16_lr2e4,False,False,True,0.3518,-0.4537041648785575,225.9278040911881,2.353969681209536,18.07958030700684,1.2571883446976084,7.258935621380806,18.0651,1.2568403699631605,7.2556,25.66
lrsw_lora_null_r16_lr2e5_s42,lrsw,Llama-CS (lrsw),Llama-2-7B,cs,sweep,lora_null,LoRA-Null,2e-05,42.0,lrsw_lora_null_r16_lr2e5,False,False,True,0.1392,-0.8563607647254567,27.57817817778465,1.440565573171657,2.4844062328338623,0.395222610125098,1.0817600820213555,2.4801,0.3944691923474341,1.0815,26.18
lrsw_lora_null_r16_lr2e5_s43,lrsw,Llama-CS (lrsw),Llama-2-7B,cs,sweep,lora_null,LoRA-Null,2e-05,43.0,lrsw_lora_null_r16_lr2e5,False,False,True,0.1381,-0.8598063214213687,27.807778543570414,1.4441662961347863,2.5313284397125244,0.4033484984971124,1.1118980664759874,2.5297,0.4030690207529772,1.1116,26.04
lrsw_lora_null_r16_lr2e5_s44,lrsw,Llama-CS (lrsw),Llama-2-7B,cs,sweep,lora_null,LoRA-Null,2e-05,44.0,lrsw_lora_null_r16_lr2e5,False,False,True,0.138,-0.8601209135987634,27.790810105820537,1.4439012067039534,2.558845281600952,0.4080440274353258,1.1076443625614047,2.5567,0.4076797714411934,1.1074,26.12
lrsw_lora_null_r16_lr3e4_s42,lrsw,Llama-CS (lrsw),Llama-2-7B,cs,sweep,lora_null,LoRA-Null,0.0003,42.0,lrsw_lora_null_r16_lr3e4,False,False,True,0.4459,-0.3507625276503927,343.8169998660805,2.5363273463635574,26.61977195739746,1.4252043307003344,10.200006291270256,26.6201,1.425209682594953,10.1975,24.5
lrsw_lora_null_r16_lr3e4_s43,lrsw,Llama-CS (lrsw),Llama-2-7B,cs,sweep,lora_null,LoRA-Null,0.0003,43.0,lrsw_lora_null_r16_lr3e4,False,False,True,0.4624,-0.3349821745875274,346.7608299025922,2.540030033677515,26.57452392578125,1.424465493016288,10.472868299484253,26.5639,1.424291836665062,10.4695,24.82
lrsw_lora_null_r16_lr3e4_s44,lrsw,Llama-CS (lrsw),Llama-2-7B,cs,sweep,lora_null,LoRA-Null,0.0003,44.0,lrsw_lora_null_r16_lr3e4,False,False,True,0.4667,-0.3309621991148441,346.91712513822654,2.540225738785452,25.74469566345215,1.4106877622551317,10.48693328499794,25.7361,1.4105427353886215,10.4829,23.9
lrsw_lora_null_r16_lr3e4_s45,lrsw,Llama-CS (lrsw),Llama-2-7B,cs,sweep,lora_null,LoRA-Null,0.0003,45.0,lrsw_lora_null_r16_lr3e4,False,False,True,0.4688,-0.3290123969899657,346.8170181543015,2.5401003999609446,27.96198844909668,1.4465680519722155,10.479806488752365,27.9475,1.4463429648247774,10.4763,24.37
lrsw_lora_null_r16_lr5e4_s42,lrsw,Llama-CS (lrsw),Llama-2-7B,cs,sweep,lora_null,LoRA-Null,0.0005,42.0,lrsw_lora_null_r16_lr5e4,False,False,True,0.6956,-0.1576404266693251,569.0900408972122,2.7551809855007328,54.620399475097656,1.7373548720980416,15.691673791408538,54.6211,1.737360442034393,15.6906,23.64
lrsw_lora_null_r16_lr5e4_s43,lrsw,Llama-CS (lrsw),Llama-2-7B,cs,sweep,lora_null,LoRA-Null,0.0005,43.0,lrsw_lora_null_r16_lr5e4,False,False,True,0.7058,-0.1513183459760496,576.7842631575894,2.761013402687352,58.302730560302734,1.7656888950592198,16.00695858299732,58.3033,1.765693136769826,16.0047,21.14
lrsw_lora_null_r16_lr5e4_s44,lrsw,Llama-CS (lrsw),Llama-2-7B,cs,sweep,lora_null,LoRA-Null,0.0005,44.0,lrsw_lora_null_r16_lr5e4,False,False,True,0.7055,-0.1515029819096333,577.1233982198718,2.761268682195998,56.34230041503906,1.7508345749387475,16.03326643705368,56.3436,1.7508445922093243,16.0318,21.64
lrsw_lora_null_r16_lr5e4_s45,lrsw,Llama-CS (lrsw),Llama-2-7B,cs,sweep,lora_null,LoRA-Null,0.0005,45.0,lrsw_lora_null_r16_lr5e4,False,False,True,0.701,-0.1542819820333413,576.132928392812,2.7605226976716204,52.18132019042969,1.7175150625787996,16.057163605093955,52.1815,1.71751655909459,16.0555,20.62
lrsw_lora_null_r16_lr5e5_s42,lrsw,Llama-CS (lrsw),Llama-2-7B,cs,sweep,lora_null,LoRA-Null,5e-05,42.0,lrsw_lora_null_r16_lr5e5,False,False,True,0.1863,-0.7297871451037574,57.66245774599914,1.760893149373338,5.317149639129639,0.7256788827203866,2.152871097251773,5.3158,0.7255686328180352,2.1526,26.62
lrsw_lora_null_r16_lr5e5_s43,lrsw,Llama-CS (lrsw),Llama-2-7B,cs,sweep,lora_null,LoRA-Null,5e-05,43.0,lrsw_lora_null_r16_lr5e5,False,False,True,0.1957,-0.7084091743419988,57.8497158423649,1.7623012300397822,4.617332458496094,0.6643911458728152,2.1946347910910844,4.6148,0.6641528839581313,2.1941,26.57
lrsw_lora_null_r16_lr5e5_s44,lrsw,Llama-CS (lrsw),Llama-2-7B,cs,sweep,lora_null,LoRA-Null,5e-05,44.0,lrsw_lora_null_r16_lr5e5,False,False,True,0.198,-0.7033348097384688,57.96552417510791,1.7631697674900193,4.630990028381348,0.6656738458559925,2.203068064898253,4.6283,0.6654215015592981,2.2025,26.37
lrsw_lora_r16_lr1e3_s42,lrsw,Llama-CS (lrsw),Llama-2-7B,cs,sweep,lora,LoRA,0.001,42.0,lrsw_lora_r16_lr1e3,False,False,True,1.4165,0.151216578856456,1243.8867824539025,3.094780853029115,200.44456481933597,2.301994284577695,31.575725281238554,200.4489,2.30200367732268,31.5775,17.41
lrsw_lora_r16_lr1e3_s43,lrsw,Llama-CS (lrsw),Llama-2-7B,cs,sweep,lora,LoRA,0.001,43.0,lrsw_lora_r16_lr1e3,False,False,True,1.4196,0.1521659906755552,1264.4236913718664,3.1018926245731717,264.46026611328125,2.4223604306093414,32.04992364048958,264.4646,2.4223675476242814,32.0516,17.53
lrsw_lora_r16_lr1e3_s44,lrsw,Llama-CS (lrsw),Llama-2-7B,cs,sweep,lora,LoRA,0.001,44.0,lrsw_lora_r16_lr1e3,False,False,True,1.402,0.1467480136306398,1264.3007564794982,3.101850397793202,251.99729919433597,2.4013958862129643,32.04918010234833,252.0014,2.401402953521964,32.0512,16.93
lrsw_lora_r16_lr1e4_s42,lrsw,Llama-CS (lrsw),Llama-2-7B,cs,sweep,lora,LoRA,0.0001,42.0,lrsw_lora_r16_lr1e4,False,False,True,0.3103,-0.5082182244158342,145.97543370063116,2.1642797742368107,19.266530990600582,1.2848035253838617,7.41882475912571,19.2351,1.2840944484715475,7.4154,26.68
lrsw_lora_r16_lr1e4_s43,lrsw,Llama-CS (lrsw),Llama-2-7B,cs,sweep,lora,LoRA,0.0001,43.0,lrsw_lora_r16_lr1e4,False,False,True,0.3036,-0.5176982327765572,145.3913036670675,2.16253843071591,17.941457748413086,1.253857726688656,7.377063216269017,17.9099,1.2530931609707827,7.3741,26.46
lrsw_lora_r16_lr1e4_s44,lrsw,Llama-CS (lrsw),Llama-2-7B,cs,sweep,lora,LoRA,0.0001,44.0,lrsw_lora_r16_lr1e4,False,False,True,0.305,-0.5157001606532142,145.40525930846155,2.162580115239217,17.265460968017578,1.237178178005128,7.386779724061489,17.2339,1.236383568615694,7.3837,26.58
lrsw_lora_r16_lr1e4_s45,lrsw,Llama-CS (lrsw),Llama-2-7B,cs,sweep,lora,LoRA,0.0001,45.0,lrsw_lora_r16_lr1e4,False,False,True,0.2982,-0.5254923608830242,146.0659937490887,2.1645491177400946,20.466251373291016,1.311038303972745,7.430858065187931,20.4337,1.3103470129413934,7.427,26.16
lrsw_lora_r16_lr2e4_s42,lrsw,Llama-CS (lrsw),Llama-2-7B,cs,sweep,lora,LoRA,0.0002,42.0,lrsw_lora_r16_lr2e4,False,False,True,0.4427,-0.3538904780211521,307.5757637307269,2.487952111062111,34.21980667114258,1.5342775516138147,12.998553720116616,34.1827,1.5338063634985226,12.994,25.2
lrsw_lora_r16_lr2e4_s43,lrsw,Llama-CS (lrsw),Llama-2-7B,cs,sweep,lora,LoRA,0.0002,43.0,lrsw_lora_r16_lr2e4,False,False,True,0.4473,-0.349401101827343,308.01416839707514,2.488570694147011,35.8186149597168,1.5541087884649445,12.927741965651512,35.7709,1.5535298671860556,12.9227,25.02
lrsw_lora_r16_lr2e4_s44,lrsw,Llama-CS (lrsw),Llama-2-7B,cs,sweep,lora,LoRA,0.0002,44.0,lrsw_lora_r16_lr2e4,False,False,True,0.4414,-0.3551676711743637,308.74395805946256,2.489598467459268,31.75359916687012,1.501792958280648,13.059919235110282,31.7228,1.5013715131626468,13.0551,25.7
lrsw_lora_r16_lr2e4_s45,lrsw,Llama-CS (lrsw),Llama-2-7B,cs,sweep,lora,LoRA,0.0002,45.0,lrsw_lora_r16_lr2e4,False,False,True,0.4508,-0.3460160926259311,307.8283910284121,2.48830867234522,34.24897003173828,1.5346475154997292,13.063734981417657,34.207,1.534114987643807,13.0577,25.99
lrsw_lora_r16_lr2e5_s42,lrsw,Llama-CS (lrsw),Llama-2-7B,cs,sweep,lora,LoRA,2e-05,42.0,lrsw_lora_r16_lr2e5,False,False,True,0.2289,-0.6403542073254571,30.95948556662629,1.4907937356855423,4.928798198699951,0.69274103706623,1.971970466896892,4.9188,0.6918591643641265,1.9701,26.32
lrsw_lora_r16_lr2e5_s43,lrsw,Llama-CS (lrsw),Llama-2-7B,cs,sweep,lora,LoRA,2e-05,43.0,lrsw_lora_r16_lr2e5,False,False,True,0.2249,-0.6480105445643678,30.458935133341264,1.4837147160125703,4.9011969566345215,0.6903021551673634,1.943097174912691,4.8921,0.6894953259203219,1.9412,26.6
lrsw_lora_r16_lr2e5_s44,lrsw,Llama-CS (lrsw),Llama-2-7B,cs,sweep,lora,LoRA,2e-05,44.0,lrsw_lora_r16_lr2e5,False,False,True,0.2325,-0.6335770427740273,30.977224385583288,1.4910425016082107,4.8643012046813965,0.687020459250071,1.9830470044165849,4.8536,0.6860639819359918,1.9812,26.49
lrsw_lora_r16_lr3e4_s42,lrsw,Llama-CS (lrsw),Llama-2-7B,cs,sweep,lora,LoRA,0.0003,42.0,lrsw_lora_r16_lr3e4,False,False,True,0.623,-0.2055119533408304,467.98095705117856,2.670228181245373,40.6735725402832,1.6093123200906043,17.005224177241324,40.6552,1.6091161018827045,16.9926,24.42
lrsw_lora_r16_lr3e4_s43,lrsw,Llama-CS (lrsw),Llama-2-7B,cs,sweep,lora,LoRA,0.0003,43.0,lrsw_lora_r16_lr3e4,False,False,True,0.6262,-0.2032869367191035,469.68979889841904,2.671811127928116,50.73134231567383,1.7052763535962865,17.176603427529336,50.6768,1.7048091834367591,17.1642,23.76
lrsw_lora_r16_lr3e4_s44,lrsw,Llama-CS (lrsw),Llama-2-7B,cs,sweep,lora,LoRA,0.0003,44.0,lrsw_lora_r16_lr3e4,False,False,True,0.6031,-0.2196106715290472,469.0223013630638,2.671193493309222,45.13121795654297,1.6544770539869824,17.166038224101065,45.1035,1.6542102441331374,17.1531,23.26
lrsw_lora_r16_lr3e4_s45,lrsw,Llama-CS (lrsw),Llama-2-7B,cs,sweep,lora,LoRA,0.0003,45.0,lrsw_lora_r16_lr3e4,False,False,True,0.6107,-0.2141720800041343,470.4279842693785,2.6724931486384054,48.196537017822266,1.683015834751714,17.155036547780036,48.1447,1.6825484848677417,17.1423,23.99
lrsw_lora_r16_lr5e4_s42,lrsw,Llama-CS (lrsw),Llama-2-7B,cs,sweep,lora,LoRA,0.0005,42.0,lrsw_lora_r16_lr5e4,False,False,True,0.9238,-0.0344220420894721,753.0304753774519,2.8768125525890667,88.291259765625,1.9459177135046992,22.279035419225693,88.293,1.945926273431697,22.273,20.56
lrsw_lora_r16_lr5e4_s43,lrsw,Llama-CS (lrsw),Llama-2-7B,cs,sweep,lora,LoRA,0.0005,43.0,lrsw_lora_r16_lr5e4,False,False,True,0.9284,-0.0322648682161199,756.8717463603681,2.879022293546384,98.2545928955078,1.9923528605492864,22.43140854239464,98.2554,1.9923564280119088,22.427,22.07
lrsw_lora_r16_lr5e4_s44,lrsw,Llama-CS (lrsw),Llama-2-7B,cs,sweep,lora,LoRA,0.0005,44.0,lrsw_lora_r16_lr5e4,False,False,True,0.9064,-0.0426801031446591,753.3070422314637,2.8769720274192694,94.36187744140624,1.9747965731030397,22.439635145664216,94.3629,1.9748012793378085,22.4336,21.52
lrsw_lora_r16_lr5e4_s45,lrsw,Llama-CS (lrsw),Llama-2-7B,cs,sweep,lora,LoRA,0.0005,45.0,lrsw_lora_r16_lr5e4,False,False,True,0.9364,-0.0285385949754132,754.7002332165437,2.8777744841965687,89.6581802368164,1.9525899198841192,22.40834358930588,89.6593,1.9525953438614247,22.4038,21.84
lrsw_lora_r16_lr5e5_s42,lrsw,Llama-CS (lrsw),Llama-2-7B,cs,sweep,lora,LoRA,5e-05,42.0,lrsw_lora_r16_lr5e5,False,False,True,0.2544,-0.5944828930236237,70.1770923729489,1.8461953702552312,10.251457214355469,1.0107856034573144,4.048996367305517,10.2328,1.009994485927587,4.0461,27.29
lrsw_lora_r16_lr5e5_s43,lrsw,Llama-CS (lrsw),Llama-2-7B,cs,sweep,lora,LoRA,5e-05,43.0,lrsw_lora_r16_lr5e5,False,False,True,0.2543,-0.5946536398242911,70.37398347433462,1.847412134684616,10.114081382751465,1.0049264438523575,4.08751265630126,10.0963,1.0041622466552955,4.0846,27.46
lrsw_lora_r16_lr5e5_s44,lrsw,Llama-CS (lrsw),Llama-2-7B,cs,sweep,lora,LoRA,5e-05,44.0,lrsw_lora_r16_lr5e5,False,False,True,0.2592,-0.5863650028014443,70.70937020502909,1.8494769690825,11.086233139038086,1.0447840073913075,4.07957946434617,11.0626,1.043857209513963,4.0767,27.12
lrsw_lorawd_wd0p3_lr1e3_s42,lrsw,Llama-CS (lrsw),Llama-2-7B,cs,sweep,lorawd,LoRA+wd,0.001,42.0,lrsw_lorawd_wd0p3_lr1e3,False,False,True,0.6315,-0.1996266451086505,312.4811972967574,2.494823889981089,71.76943969726562,1.8559395557162843,9.744909964501858,71.7703,1.855944761587928,9.7446,23.2
lrsw_lorawd_wd0p3_lr1e3_s43,lrsw,Llama-CS (lrsw),Llama-2-7B,cs,sweep,lorawd,LoRA+wd,0.001,43.0,lrsw_lorawd_wd0p3_lr1e3,False,False,True,0.4612,-0.3361107013773386,294.0488281130672,2.4684194529268253,51.52444076538086,1.7120132867428135,7.147204205393791,51.5255,1.712022214836255,7.1468,25.72
lrsw_lorawd_wd0p3_lr1e3_s44,lrsw,Llama-CS (lrsw),Llama-2-7B,cs,sweep,lorawd,LoRA+wd,0.001,44.0,lrsw_lorawd_wd0p3_lr1e3,False,False,True,0.4618,-0.3355460714188424,294.2512151216546,2.46871826495486,47.78323745727539,1.6792755711609988,7.105374717712403,47.7845,1.6792870460656704,7.105,25.6
lrsw_lorawd_wd0p3_lr1e4_s42,lrsw,Llama-CS (lrsw),Llama-2-7B,cs,sweep,lorawd,LoRA+wd,0.0001,42.0,lrsw_lorawd_wd0p3_lr1e4,False,False,True,0.2332,-0.6322714539130235,125.13420921219448,2.0973760534273453,15.583643913269045,1.1926690160059752,5.545030581951141,15.55,1.1917303933628562,5.5436,26.94
lrsw_lorawd_wd0p3_lr1e4_s43,lrsw,Llama-CS (lrsw),Llama-2-7B,cs,sweep,lorawd,LoRA+wd,0.0001,43.0,lrsw_lorawd_wd0p3_lr1e4,False,False,True,0.233,-0.632644078973981,125.29076337701773,2.0979190553337133,16.15986442565918,1.208437712909168,5.553150522708893,16.1284,1.2075912858243696,5.5516,27.44
lrsw_lorawd_wd0p3_lr1e4_s44,lrsw,Llama-CS (lrsw),Llama-2-7B,cs,sweep,lorawd,LoRA+wd,0.0001,44.0,lrsw_lorawd_wd0p3_lr1e4,False,False,True,0.2366,-0.6259852597080884,125.05454008448748,2.097099463342396,14.486616134643556,1.1609669523672084,5.540290574729442,14.4667,1.1603694754702252,5.5389,27.7
lrsw_lorawd_wd0p3_lr1e4_s45,lrsw,Llama-CS (lrsw),Llama-2-7B,cs,sweep,lorawd,LoRA+wd,0.0001,45.0,lrsw_lorawd_wd0p3_lr1e4,False,False,True,0.2349,-0.6291169832223942,125.41180602822732,2.0983384220733896,17.749942779541016,1.2491969573590205,5.567833991348744,17.7221,1.248515182809189,5.5666,27.34
lrsw_lorawd_wd0p3_lr2e3_s43,lrsw,Llama-CS (lrsw),Llama-2-7B,cs,sweep,lorawd,LoRA+wd,0.002,43.0,lrsw_lorawd_wd0p3_lr2e3,False,True,True,90.9627,1.9588633428153224,4342.813816041782,3.637771210803877,1952.0968017578125,3.2905013499223097,188.2537991404533,1952.0587,3.290492873116936,188.1019,0.0
lrsw_lorawd_wd0p3_lr2e3_s44,lrsw,Llama-CS (lrsw),Llama-2-7B,cs,sweep,lorawd,LoRA+wd,0.002,44.0,lrsw_lorawd_wd0p3_lr2e3,False,True,True,87.484,1.941928631912614,6427.941153480128,3.808071892230099,4262.30615234375,3.62964464094324,121.98770715668796,4262.2129,3.6296351391806025,121.8668,0.0
lrsw_lorawd_wd0p3_lr2e4_s42,lrsw,Llama-CS (lrsw),Llama-2-7B,cs,sweep,lorawd,LoRA+wd,0.0002,42.0,lrsw_lorawd_wd0p3_lr2e4,False,False,True,0.3007,-0.5218665718994825,195.62416257838265,2.291422495780666,21.207883834838867,1.3264973359044676,7.032312966883183,21.1871,1.3260715163998962,7.0286,27.66
lrsw_lorawd_wd0p3_lr2e4_s43,lrsw,Llama-CS (lrsw),Llama-2-7B,cs,sweep,lorawd,LoRA+wd,0.0002,43.0,lrsw_lorawd_wd0p3_lr2e4,False,False,True,0.3017,-0.5204246898250116,195.61307547633336,2.2913978812155213,17.298202514648438,1.2380009772023917,6.95076457709074,17.2927,1.237862807244695,6.9479,26.43
lrsw_lorawd_wd0p3_lr2e4_s44,lrsw,Llama-CS (lrsw),Llama-2-7B,cs,sweep,lorawd,LoRA+wd,0.0002,44.0,lrsw_lorawd_wd0p3_lr2e4,False,False,True,0.2996,-0.5234581909725712,195.31118940361583,2.29072712478833,19.734519958496094,1.2952265666620213,6.994180229306221,19.7061,1.2946006823174048,6.9905,27.14
lrsw_lorawd_wd0p3_lr2e4_s45,lrsw,Llama-CS (lrsw),Llama-2-7B,cs,sweep,lorawd,LoRA+wd,0.0002,45.0,lrsw_lorawd_wd0p3_lr2e4,False,False,True,0.2995,-0.5236031732746699,196.13738696897136,2.292560385134931,21.68914604187012,1.3362424530467183,6.982110676169396,21.6688,1.3358348611209931,6.9784,26.68
lrsw_lorawd_wd0p3_lr2e5_s42,lrsw,Llama-CS (lrsw),Llama-2-7B,cs,sweep,lorawd,LoRA+wd,2e-05,42.0,lrsw_lorawd_wd0p3_lr2e5,False,False,True,0.2146,-0.6683702823700677,35.49842832803133,1.5502091253488042,5.524938583374023,0.7423274546557891,2.1144824333488943,5.5133,0.7414116247665464,2.1129,26.74
lrsw_lorawd_wd0p3_lr2e5_s43,lrsw,Llama-CS (lrsw),Llama-2-7B,cs,sweep,lorawd,LoRA+wd,2e-05,43.0,lrsw_lorawd_wd0p3_lr2e5,False,False,True,0.2158,-0.6659485596531082,35.723630254842035,1.552955585701829,5.819927215576172,0.764917553366161,2.1279801458120344,5.8066,0.7639219097639797,2.1266,26.5
lrsw_lorawd_wd0p3_lr2e5_s44,lrsw,Llama-CS (lrsw),Llama-2-7B,cs,sweep,lorawd,LoRA+wd,2e-05,44.0,lrsw_lorawd_wd0p3_lr2e5,False,False,True,0.2172,-0.6631401790831907,35.57363741090024,1.5511282741460544,5.745983600616455,0.7593643821550683,2.118313888832927,5.7326,0.7583516393408154,2.1168,26.83
lrsw_lorawd_wd0p3_lr3e4_s42,lrsw,Llama-CS (lrsw),Llama-2-7B,cs,sweep,lorawd,LoRA+wd,0.0003,42.0,lrsw_lorawd_wd0p3_lr3e4,False,False,True,0.3769,-0.423773862550395,233.70447500309743,2.3686670283979807,22.64618492126465,1.3549950492982257,7.081189750134945,22.6467,1.3550049270462603,7.0799,26.18
lrsw_lorawd_wd0p3_lr3e4_s43,lrsw,Llama-CS (lrsw),Llama-2-7B,cs,sweep,lorawd,LoRA+wd,0.0003,43.0,lrsw_lorawd_wd0p3_lr3e4,False,False,True,0.3499,-0.4560560575170935,234.83436080613225,2.370761642902252,26.48444175720215,1.4229908232477628,7.129373006522656,26.4847,1.422995057917927,7.1276,26.64
lrsw_lorawd_wd0p3_lr3e4_s44,lrsw,Llama-CS (lrsw),Llama-2-7B,cs,sweep,lorawd,LoRA+wd,0.0003,44.0,lrsw_lorawd_wd0p3_lr3e4,False,False,True,0.3507,-0.4550642341184974,233.90933711129688,2.3690475581707515,20.380992889404297,1.3092253374665723,7.050029443204403,20.3812,1.3092297507222137,7.0489,26.9
lrsw_lorawd_wd0p3_lr3e4_s45,lrsw,Llama-CS (lrsw),Llama-2-7B,cs,sweep,lorawd,LoRA+wd,0.0003,45.0,lrsw_lorawd_wd0p3_lr3e4,False,False,True,0.3479,-0.4585455712524111,234.4414412784103,2.3700343826350907,26.118799209594727,1.4169532067288235,7.070083603262901,26.1192,1.4169598708838085,7.0686,26.56
lrsw_lorawd_wd0p3_lr5e4_s42,lrsw,Llama-CS (lrsw),Llama-2-7B,cs,sweep,lorawd,LoRA+wd,0.0005,42.0,lrsw_lorawd_wd0p3_lr5e4,False,False,True,0.3941,-0.4043935651343969,266.7415268280986,2.4260906327441307,34.27729797363281,1.535006579838336,6.690685829520225,34.2778,1.5350129404821826,6.6902,25.55
lrsw_lorawd_wd0p3_lr5e4_s43,lrsw,Llama-CS (lrsw),Llama-2-7B,cs,sweep,lorawd,LoRA+wd,0.0005,43.0,lrsw_lorawd_wd0p3_lr5e4,False,False,True,0.3841,-0.4155556928348238,266.1148092503015,2.425069043648441,38.24384689331055,1.5825615708558551,6.721438390016556,38.2442,1.5825655806925023,6.7211,25.86
lrsw_lorawd_wd0p3_lr5e4_s44,lrsw,Llama-CS (lrsw),Llama-2-7B,cs,sweep,lorawd,LoRA+wd,0.0005,44.0,lrsw_lorawd_wd0p3_lr5e4,False,False,True,0.411,-0.3861581781239308,266.9955887447257,2.426504086084988,33.67736053466797,1.5273380463030104,6.752056196331978,33.6772,1.5273359760847536,6.7516,26.38
lrsw_lorawd_wd0p3_lr5e4_s45,lrsw,Llama-CS (lrsw),Llama-2-7B,cs,sweep,lorawd,LoRA+wd,0.0005,45.0,lrsw_lorawd_wd0p3_lr5e4,False,False,True,0.4071,-0.3902988976206005,267.35890722752464,2.427094657466933,37.315208435058594,1.5718858718425983,6.793118162453174,37.3153,1.5718869375233666,6.7927,25.64
lrsw_lorawd_wd0p3_lr5e5_s42,lrsw,Llama-CS (lrsw),Llama-2-7B,cs,sweep,lorawd,LoRA+wd,5e-05,42.0,lrsw_lorawd_wd0p3_lr5e5,False,False,True,0.2186,-0.660349842386316,73.48565442425907,1.8662025661255248,11.235029220581056,1.050574206289692,3.7916760206222535,11.2165,1.0498573606797317,3.7897,27.8
lrsw_lorawd_wd0p3_lr5e5_s43,lrsw,Llama-CS (lrsw),Llama-2-7B,cs,sweep,lorawd,LoRA+wd,5e-05,43.0,lrsw_lorawd_wd0p3_lr5e5,False,False,True,0.2213,-0.6550185860727421,73.5419517066455,1.8665351512899693,10.896163940429688,1.0372736288829865,3.820699475705624,10.8919,1.0371036453701346,3.8192,27.56
lrsw_lorawd_wd0p3_lr5e5_s44,lrsw,Llama-CS (lrsw),Llama-2-7B,cs,sweep,lorawd,LoRA+wd,5e-05,44.0,lrsw_lorawd_wd0p3_lr5e5,False,False,True,0.2211,-0.6554112574212861,73.68677655912718,1.8673895586505795,11.909615516662598,1.0758977411899886,3.7957749851047993,11.8894,1.0751599384484605,3.7938,27.33
lrsw_milora_r32_lr1e3_s42,lrsw,Llama-CS (lrsw),Llama-2-7B,cs,sweep,milora,MiLoRA,0.001,42.0,lrsw_milora_r32_lr1e3,False,False,True,1.5319,0.1852304161675628,1304.541204410069,3.1154578010025964,322.942626953125,2.509125373690671,28.631066566705705,322.9453,2.5091289683994717,28.6287,17.21
lrsw_milora_r32_lr1e3_s43,lrsw,Llama-CS (lrsw),Llama-2-7B,cs,sweep,milora,MiLoRA,0.001,43.0,lrsw_milora_r32_lr1e3,False,False,True,1.5126,0.1797240960600895,1280.8884182418708,3.107511298790362,229.3385162353516,2.3604769984009306,28.06355744004249,229.3391,2.360478103864797,28.0612,17.33
lrsw_milora_r32_lr1e3_s44,lrsw,Llama-CS (lrsw),Llama-2-7B,cs,sweep,milora,MiLoRA,0.001,44.0,lrsw_milora_r32_lr1e3,False,False,True,1.5127,0.1797528068974981,1290.7323887517707,3.110836208079048,244.54440307617188,2.388357727509172,28.17267630696297,244.543,2.388355235732711,28.1704,14.84
lrsw_milora_r32_lr1e4_s42,lrsw,Llama-CS (lrsw),Llama-2-7B,cs,sweep,milora,MiLoRA,0.0001,42.0,lrsw_milora_r32_lr1e4,False,False,True,0.2479,-0.6057234732321786,121.89106695602332,2.0859718785973524,13.06732177734375,1.1161865855523414,5.99220676124096,13.0673,1.1161858617783145,5.9916,27.55
lrsw_milora_r32_lr1e4_s43,lrsw,Llama-CS (lrsw),Llama-2-7B,cs,sweep,milora,MiLoRA,0.0001,43.0,lrsw_milora_r32_lr1e4,False,False,True,0.2508,-0.6006724678413211,121.76916491107522,2.085537327669899,12.96022891998291,1.112612672661684,6.022694544494152,12.9602,1.1126117035581995,6.0222,27.42
lrsw_milora_r32_lr1e4_s44,lrsw,Llama-CS (lrsw),Llama-2-7B,cs,sweep,milora,MiLoRA,0.0001,44.0,lrsw_milora_r32_lr1e4,False,False,True,0.2536,-0.5958507507903049,123.69775761896898,2.092361826851958,15.727765083312988,1.196667013726692,6.171437540650368,15.728,1.1966735004880604,6.1708,26.92
lrsw_milora_r32_lr1e4_s45,lrsw,Llama-CS (lrsw),Llama-2-7B,cs,sweep,milora,MiLoRA,0.0001,45.0,lrsw_milora_r32_lr1e4,False,False,True,0.2454,-0.6101254416090145,122.19849769553817,2.0870658667367445,11.629400253295898,1.0655573180474205,6.026789873838425,11.6294,1.065557308588204,6.0261,27.31
lrsw_milora_r32_lr2e4_s42,lrsw,Llama-CS (lrsw),Llama-2-7B,cs,sweep,milora,MiLoRA,0.0002,42.0,lrsw_milora_r32_lr2e4,False,False,True,0.3976,-0.4005536242747243,270.91584557283807,2.4328344071874404,30.301494598388672,1.4814640502786918,11.565177115797995,30.3015,1.481464127696978,11.5625,25.84
lrsw_milora_r32_lr2e4_s43,lrsw,Llama-CS (lrsw),Llama-2-7B,cs,sweep,milora,MiLoRA,0.0002,43.0,lrsw_milora_r32_lr2e4,False,False,True,0.4145,-0.3824754651137076,270.19560244521904,2.4316782764057865,28.0183219909668,1.4474421219602631,11.613807812333109,28.018,1.4474371309510343,11.61,25.52
lrsw_milora_r32_lr2e4_s44,lrsw,Llama-CS (lrsw),Llama-2-7B,cs,sweep,milora,MiLoRA,0.0002,44.0,lrsw_milora_r32_lr2e4,False,False,True,0.402,-0.3957739469155299,270.3118194542118,2.4318650357524363,26.37084197998047,1.4211239963623283,11.566428723931311,26.3707,1.421121658124964,11.5635,26.52
lrsw_milora_r32_lr2e4_s45,lrsw,Llama-CS (lrsw),Llama-2-7B,cs,sweep,milora,MiLoRA,0.0002,45.0,lrsw_milora_r32_lr2e4,False,False,True,0.4162,-0.3806979241243918,269.9243906366469,2.431242129611378,27.453144073486328,1.4385920892441608,11.485168513655662,27.4533,1.4385945559136242,11.4819,26.46
lrsw_milora_r32_lr2e5_s42,lrsw,Llama-CS (lrsw),Llama-2-7B,cs,sweep,milora,MiLoRA,2e-05,42.0,lrsw_milora_r32_lr2e5,False,False,True,0.1729,-0.7622050067260775,23.64781149438308,1.373790954803554,2.974272966384888,0.473380823753731,1.329691923037171,2.9702,0.4727856937522191,1.3293,26.25
lrsw_milora_r32_lr2e5_s43,lrsw,Llama-CS (lrsw),Llama-2-7B,cs,sweep,milora,MiLoRA,2e-05,43.0,lrsw_milora_r32_lr2e5,False,False,True,0.1697,-0.7703181576823243,23.437444358905324,1.3699102540467671,2.936922073364258,0.4678924233505567,1.3202441995963454,2.9327,0.4672676391795788,1.3198,26.1
lrsw_milora_r32_lr2e5_s44,lrsw,Llama-CS (lrsw),Llama-2-7B,cs,sweep,milora,MiLoRA,2e-05,44.0,lrsw_milora_r32_lr2e5,False,False,True,0.1729,-0.7622050067260775,23.48855236995139,1.3708562514683134,2.886545181274414,0.4603783596259532,1.3188720831647516,2.8826,0.4597843822962694,1.3185,26.17
lrsw_milora_r32_lr3e4_s42,lrsw,Llama-CS (lrsw),Llama-2-7B,cs,sweep,milora,MiLoRA,0.0003,42.0,lrsw_milora_r32_lr3e4,False,False,True,0.5432,-0.2650402387275547,420.20305580964055,2.6234592063670283,48.50727462768555,1.6858068745558257,15.613604140281677,48.5074,1.6858079970355857,15.6114,24.72
lrsw_milora_r32_lr3e4_s43,lrsw,Llama-CS (lrsw),Llama-2-7B,cs,sweep,milora,MiLoRA,0.0003,43.0,lrsw_milora_r32_lr3e4,False,False,True,0.5633,-0.2492602487646492,420.17519798864606,2.6234304133850928,38.72005081176758,1.5879359185551525,15.61808572113514,38.7195,1.5879297404585926,15.6158,23.8
lrsw_milora_r32_lr3e4_s44,lrsw,Llama-CS (lrsw),Llama-2-7B,cs,sweep,milora,MiLoRA,0.0003,44.0,lrsw_milora_r32_lr3e4,False,False,True,0.5623,-0.2500319164905971,419.2066818203677,2.622428196338714,37.40700149536133,1.5729528970191091,15.6239892244339,37.4071,1.5729540406543374,15.6225,24.06
lrsw_milora_r32_lr3e4_s45,lrsw,Llama-CS (lrsw),Llama-2-7B,cs,sweep,milora,MiLoRA,0.0003,45.0,lrsw_milora_r32_lr3e4,False,False,True,0.561,-0.2510371387438385,422.4072352888848,2.6257313484914904,54.13917922973633,1.7335116674171545,15.57936232984066,54.139,1.733510229666981,15.5777,24.9
lrsw_milora_r32_lr5e4_s42,lrsw,Llama-CS (lrsw),Llama-2-7B,cs,sweep,milora,MiLoRA,0.0005,42.0,lrsw_milora_r32_lr5e4,False,False,True,0.8396,-0.0759275700896371,705.6000161960968,2.848558582092408,128.7319793701172,2.109686446972452,20.63196446299553,128.7314,2.1096844923857803,20.6305,20.76
lrsw_milora_r32_lr5e4_s43,lrsw,Llama-CS (lrsw),Llama-2-7B,cs,sweep,milora,MiLoRA,0.0005,43.0,lrsw_milora_r32_lr5e4,False,False,True,0.8585,-0.0662597005030646,710.4747902018032,2.85154867245281,144.39671325683594,2.159557307979709,20.852521306276323,144.397,2.1595581704013487,20.851,21.27
lrsw_milora_r32_lr5e4_s44,lrsw,Llama-CS (lrsw),Llama-2-7B,cs,sweep,milora,MiLoRA,0.0005,44.0,lrsw_milora_r32_lr5e4,False,False,True,0.8658,-0.0625824185228621,700.6801662846502,2.845519824365216,101.58879852294922,2.0068458240122444,20.670315116643906,101.5895,2.0068488228326355,20.6686,21.0
lrsw_milora_r32_lr5e4_s45,lrsw,Llama-CS (lrsw),Llama-2-7B,cs,sweep,milora,MiLoRA,0.0005,45.0,lrsw_milora_r32_lr5e4,False,False,True,0.8422,-0.0745847629157537,700.2047192993292,2.8452250335337697,85.77861022949219,1.93337900559445,20.44555330872536,85.7794,1.933383004159985,20.4439,22.7
lrsw_milora_r32_lr5e5_s42,lrsw,Llama-CS (lrsw),Llama-2-7B,cs,sweep,milora,MiLoRA,5e-05,42.0,lrsw_milora_r32_lr5e5,False,False,True,0.1961,-0.707522406332216,56.54038926356353,1.752358794150595,6.1106133460998535,0.7860848042618301,3.0104471400380133,6.1088,0.7859559067135727,3.0098,27.57
lrsw_milora_r32_lr5e5_s43,lrsw,Llama-CS (lrsw),Llama-2-7B,cs,sweep,milora,MiLoRA,5e-05,43.0,lrsw_milora_r32_lr5e5,False,False,True,0.197,-0.7055337738384071,56.500056659917824,1.7520488833429309,6.263542652130127,0.7968200391348941,3.012921514362097,6.2613,0.7966645127969747,3.0122,27.3
lrsw_milora_r32_lr5e5_s44,lrsw,Llama-CS (lrsw),Llama-2-7B,cs,sweep,milora,MiLoRA,5e-05,44.0,lrsw_milora_r32_lr5e5,False,False,True,0.1984,-0.7024583321818402,56.56670718299365,1.7525608986647947,6.268835067749023,0.7971868437568476,3.017185980081558,6.2668,0.7970458347538433,3.0166,27.28
lrsw_milorawd_wd0p3_r32_lr2e4_s42,lrsw,Llama-CS (lrsw),Llama-2-7B,cs,sweep,milorawd,MiLoRA+wd,0.0002,42.0,lrsw_milorawd_wd0p3_r32_lr2e4,False,False,True,0.2484,-0.6048484084954574,135.5394614196115,2.132065755592368,16.154464721679688,1.2082925722408695,5.776587416231632,16.1544,1.208290832268352,5.7752,27.99
lrsw_milorawd_wd0p3_r32_lr5e4_s42,lrsw,Llama-CS (lrsw),Llama-2-7B,cs,sweep,milorawd,MiLoRA+wd,0.0005,42.0,lrsw_milorawd_wd0p3_r32_lr5e4,False,False,True,0.2963,-0.5282683485199489,186.80085805827224,2.271378866803694,24.727468490600582,1.3931796571280384,5.468607085943222,24.7275,1.393180210534853,5.468,26.66
lrsw_sclora_r32_lr1e3_s42,lrsw,Llama-CS (lrsw),Llama-2-7B,cs,sweep,sclora,SC-LoRA,0.001,42.0,lrsw_sclora_r32_lr1e3,False,False,True,3.0763,0.4880286854829438,1581.5761406494391,3.199090104672808,109.92865753173828,2.041110924320634,34.806718081235886,109.9312,2.041120968718451,34.8047,3.19
lrsw_sclora_r32_lr1e3_s43,lrsw,Llama-CS (lrsw),Llama-2-7B,cs,sweep,sclora,SC-LoRA,0.001,43.0,lrsw_sclora_r32_lr1e3,False,False,True,1.7424,0.2411478624116997,1389.7775169156366,3.1429452816142227,227.68072509765625,2.357326265845486,27.547909915447235,227.6883,2.357340714515061,27.5462,8.57
lrsw_sclora_r32_lr1e3_s44,lrsw,Llama-CS (lrsw),Llama-2-7B,cs,sweep,sclora,SC-LoRA,0.001,44.0,lrsw_sclora_r32_lr1e3,False,False,True,1.7217,0.2359574794666207,1391.525151350025,3.143491060467986,252.81105041503903,2.40279605311267,27.52037339806557,252.8096,2.402793561492728,27.5188,7.5
lrsw_sclora_r32_lr1e4_s42,lrsw,Llama-CS (lrsw),Llama-2-7B,cs,sweep,sclora,SC-LoRA,0.0001,42.0,lrsw_sclora_r32_lr1e4,False,False,True,0.813,-0.0899094544059318,214.35960070143884,2.331142939389846,17.731239318847656,1.248739091524592,5.876913864910603,17.7275,1.2486474940465748,5.8762,16.38
lrsw_sclora_r32_lr1e4_s43,lrsw,Llama-CS (lrsw),Llama-2-7B,cs,sweep,sclora,SC-LoRA,0.0001,43.0,lrsw_sclora_r32_lr1e4,False,False,True,0.4129,-0.3841551171252979,172.39089056798915,2.236514313225473,9.720380783081056,0.9876832781723393,4.203324197232723,9.7156,0.9874696262062947,4.2027,24.72
lrsw_sclora_r32_lr1e4_s44,lrsw,Llama-CS (lrsw),Llama-2-7B,cs,sweep,sclora,SC-LoRA,0.0001,44.0,lrsw_sclora_r32_lr1e4,False,False,True,0.4117,-0.3854191330025139,172.61495483443505,2.237078418961577,9.927016258239746,0.9968187331576484,4.230415099859238,9.9249,0.9967261396500664,4.2298,24.46
lrsw_sclora_r32_lr1e4_s45,lrsw,Llama-CS (lrsw),Llama-2-7B,cs,sweep,sclora,SC-LoRA,0.0001,45.0,lrsw_sclora_r32_lr1e4,False,False,True,0.4117,-0.3854191330025139,172.58266348225953,2.236997167206873,10.021760940551758,1.000944038853724,4.212524412572384,10.0215,1.0009327308093818,4.2119,24.88
lrsw_sclora_r32_lr2e4_s42,lrsw,Llama-CS (lrsw),Llama-2-7B,cs,sweep,sclora,SC-LoRA,0.0002,42.0,lrsw_sclora_r32_lr2e4,False,False,True,1.1421,0.0577041315340296,397.4449400883026,2.5992769723080023,28.49264144897461,1.4547327129649046,9.570716512203216,28.4941,1.454754944124151,9.5701,10.22
lrsw_sclora_r32_lr2e4_s43,lrsw,Llama-CS (lrsw),Llama-2-7B,cs,sweep,sclora,SC-LoRA,0.0002,43.0,lrsw_sclora_r32_lr2e4,False,False,True,0.6063,-0.2173124317650336,327.55814791719337,2.51528840685593,18.35944938659668,1.263859652249292,7.24353268891573,18.3596,1.2638632150087346,7.243,20.8
lrsw_sclora_r32_lr2e4_s44,lrsw,Llama-CS (lrsw),Llama-2-7B,cs,sweep,sclora,SC-LoRA,0.0002,44.0,lrsw_sclora_r32_lr2e4,False,False,True,0.5877,-0.2308443092856012,328.7354055000185,2.5168464810369677,22.007301330566406,1.3425667899817668,7.2604652389884,22.008,1.342580577381627,7.26,21.52
lrsw_sclora_r32_lr2e4_s45,lrsw,Llama-CS (lrsw),Llama-2-7B,cs,sweep,sclora,SC-LoRA,0.0002,45.0,lrsw_sclora_r32_lr2e4,False,False,True,0.6004,-0.2215593164287672,328.27516764215096,2.516238031788509,19.61322021484375,1.2925489045664131,7.23363706022501,19.6139,1.2925639567517713,7.2332,22.12
lrsw_sclora_r32_lr2e5_s42,lrsw,Llama-CS (lrsw),Llama-2-7B,cs,sweep,sclora,SC-LoRA,2e-05,42.0,lrsw_sclora_r32_lr2e5,False,False,True,0.3257,-0.4871822414351269,55.89224365161213,1.747351543610478,7.074077129364014,0.8496697906603236,2.060516745224595,7.0681,0.8493026853085476,2.0601,25.29
lrsw_sclora_r32_lr2e5_s43,lrsw,Llama-CS (lrsw),Llama-2-7B,cs,sweep,sclora,SC-LoRA,2e-05,43.0,lrsw_sclora_r32_lr2e5,False,False,True,0.1661,-0.7796303675486055,41.700276624950696,1.6201389359399727,3.0796289443969727,0.4884983927638933,1.3374948270618916,3.0794,0.4884661054376894,1.3371,26.98
lrsw_sclora_r32_lr2e5_s44,lrsw,Llama-CS (lrsw),Llama-2-7B,cs,sweep,sclora,SC-LoRA,2e-05,44.0,lrsw_sclora_r32_lr2e5,False,False,True,0.166,-0.7798919119599449,41.79952997418384,1.621171398263887,3.119044542312622,0.4940215768547569,1.3401746649295092,3.1188,0.4939875255486374,1.3397,27.02
lrsw_sclora_r32_lr3e4_s42,lrsw,Llama-CS (lrsw),Llama-2-7B,cs,sweep,sclora,SC-LoRA,0.0003,42.0,lrsw_sclora_r32_lr3e4,False,False,True,1.412,0.1498346967157849,565.4796421956079,2.752416974528925,34.180667877197266,1.5337805444159514,12.957510614395142,34.1755,1.5337148771726317,12.9568,9.38
lrsw_sclora_r32_lr3e4_s43,lrsw,Llama-CS (lrsw),Llama-2-7B,cs,sweep,sclora,SC-LoRA,0.0003,43.0,lrsw_sclora_r32_lr3e4,False,False,True,0.7458,-0.1273776209747116,481.8272839553206,2.6828913887211567,39.31412124633789,1.59454857271164,10.271373137831688,39.3146,1.594553861366227,10.2703,18.98
lrsw_sclora_r32_lr3e4_s44,lrsw,Llama-CS (lrsw),Llama-2-7B,cs,sweep,sclora,SC-LoRA,0.0003,44.0,lrsw_sclora_r32_lr3e4,False,False,True,0.7515,-0.124071015077073,481.1982597221754,2.6823240480227057,41.92731475830078,1.622497048833427,10.288229247927664,41.928,1.622504146694537,10.2872,18.74
lrsw_sclora_r32_lr5e4_s42,lrsw,Llama-CS (lrsw),Llama-2-7B,cs,sweep,sclora,SC-LoRA,0.0005,42.0,lrsw_sclora_r32_lr5e4,False,False,True,1.8222,0.2605960423019088,858.1838725439162,2.933580348776243,51.05805206298828,1.70806424183461,18.65109044611454,51.0579,1.7080629484007168,18.6489,3.6
lrsw_sclora_r32_lr5e4_s43,lrsw,Llama-CS (lrsw),Llama-2-7B,cs,sweep,sclora,SC-LoRA,0.0005,43.0,lrsw_sclora_r32_lr5e4,False,False,True,1.0856,0.0356698346516806,764.9974919548855,2.8836600113210173,82.83580780029297,1.9182181117657269,15.618288233876228,82.8391,1.918235371882968,15.6167,15.26
lrsw_sclora_r32_lr5e4_s44,lrsw,Llama-CS (lrsw),Llama-2-7B,cs,sweep,sclora,SC-LoRA,0.0005,44.0,lrsw_sclora_r32_lr5e4,False,False,True,1.0536,0.0226757619537274,768.0954263673065,2.885415179107349,105.59416198730467,2.0236399079062624,15.849601835012436,105.5939,2.0236388303866364,15.8479,15.2
lrsw_sclora_r32_lr5e4_s45,lrsw,Llama-CS (lrsw),Llama-2-7B,cs,sweep,sclora,SC-LoRA,0.0005,45.0,lrsw_sclora_r32_lr5e4,False,False,True,1.0716,0.0300327049361712,766.662977491976,2.8846044914821927,96.2645034790039,1.983466175129941,15.734237259626388,96.2641,1.9834643548424429,15.7325,16.04
lrsw_sclora_r32_lr5e5_s42,lrsw,Llama-CS (lrsw),Llama-2-7B,cs,sweep,sclora,SC-LoRA,5e-05,42.0,lrsw_sclora_r32_lr5e5,False,False,True,0.559,-0.2525881921135766,117.70318725185882,2.0707882231421038,11.292670249938965,1.0527966467695558,3.756379924714565,11.2865,1.0525592859155033,3.7554,22.47
lrsw_sclora_r32_lr5e5_s43,lrsw,Llama-CS (lrsw),Llama-2-7B,cs,sweep,sclora,SC-LoRA,5e-05,43.0,lrsw_sclora_r32_lr5e5,False,False,True,0.286,-0.543633966870957,92.80990130695348,1.9675943108480745,6.53144121170044,0.8150090221981621,2.642764089629054,6.5311,0.8149863334492742,2.6418,25.56
lrsw_sclora_r32_lr5e5_s44,lrsw,Llama-CS (lrsw),Llama-2-7B,cs,sweep,sclora,SC-LoRA,5e-05,44.0,lrsw_sclora_r32_lr5e5,False,False,True,0.2836,-0.547293773488971,92.90224300774685,1.9680261996139612,6.676280498504639,0.8245345749205777,2.6456661470234395,6.6762,0.8245293384319162,2.6447,25.77
lrswm_clora_k1024_lr1e3_s42,lrswm,Llama-Math (lrswm),Llama-2-7B,math,sweep,clora,CLoRA,0.001,42.0,lrswm_clora_k1024_lr1e3,False,False,True,0.8462,-0.0725269790047241,741.8174701717473,2.870297056964883,28.19353675842285,1.450149559671562,14.587241527438165,28.1474,1.4494382848782228,14.5841,19.13
lrswm_clora_k1024_lr1e3_s43,lrswm,Llama-Math (lrswm),Llama-2-7B,math,sweep,clora,CLoRA,0.001,43.0,lrswm_clora_k1024_lr1e3,False,False,True,0.8612,-0.0648959788485504,739.3989918801958,2.8688788541067574,28.737945556640625,1.458455717684568,14.846487075090408,28.6856,1.4576639381983785,14.7231,19.49
lrswm_clora_k1024_lr1e3_s44,lrswm,Llama-Math (lrswm),Llama-2-7B,math,sweep,clora,CLoRA,0.001,44.0,lrswm_clora_k1024_lr1e3,False,False,True,0.8518,-0.0696623642622699,741.9017507641672,2.87034639594458,28.88720321655273,1.4607054966238833,14.61733457148075,28.832,1.4598747692989689,14.6142,19.27
lrswm_clora_k1024_lr1e4_s42,lrswm,Llama-Math (lrswm),Llama-2-7B,math,sweep,clora,CLoRA,0.0001,42.0,lrswm_clora_k1024_lr1e4,False,False,True,0.202,-0.6946486305533762,110.346899849681,2.04276013634598,10.294628143310549,1.0126106638996577,3.8128356378525496,10.2937,1.012571507003026,3.8107,26.1
lrswm_clora_k1024_lr1e4_s43,lrswm,Llama-Math (lrswm),Llama-2-7B,math,sweep,clora,CLoRA,0.0001,43.0,lrswm_clora_k1024_lr1e4,False,False,True,0.2029,-0.6927179529666541,110.22284966931645,2.042271634957108,10.05864143371582,1.002539326874582,3.818909578025341,10.0581,1.0025159491644366,3.8171,25.19
lrswm_clora_k1024_lr1e4_s44,lrswm,Llama-Math (lrswm),Llama-2-7B,math,sweep,clora,CLoRA,0.0001,44.0,lrswm_clora_k1024_lr1e4,False,False,True,0.2032,-0.6920762963881184,110.2658712800532,2.042441113452899,10.58021068572998,1.0244943159731663,3.823643383011222,10.5786,1.0244281958177048,3.8221,25.54
lrswm_clora_k1024_lr2e4_s42,lrswm,Llama-Math (lrswm),Llama-2-7B,math,sweep,clora,CLoRA,0.0002,42.0,lrswm_clora_k1024_lr2e4,False,False,True,0.2506,-0.6010189333418688,195.00588731897935,2.2900477231140544,14.280181884765623,1.15473373902608,5.653524062782526,14.2688,1.154387450669513,5.6501,24.27
lrswm_clora_k1024_lr2e4_s43,lrswm,Llama-Math (lrswm),Llama-2-7B,math,sweep,clora,CLoRA,0.0002,43.0,lrswm_clora_k1024_lr2e4,False,False,True,0.2504,-0.6013656754616079,194.94688862149363,2.2899163081810987,13.921952247619627,1.143700139794626,5.631783659011125,13.8807,1.1424113680260213,5.6289,24.02
lrswm_clora_k1024_lr2e4_s44,lrswm,Llama-Math (lrswm),Llama-2-7B,math,sweep,clora,CLoRA,0.0002,44.0,lrswm_clora_k1024_lr2e4,False,False,True,0.2513,-0.5998075114074239,194.7255127193953,2.2894228560263143,14.331428527832031,1.1562894821512504,5.64223414696753,14.3307,1.1562674045433627,5.6394,24.44
lrswm_clora_k1024_lr2e5_s42,lrswm,Llama-Math (lrswm),Llama-2-7B,math,sweep,clora,CLoRA,2e-05,42.0,lrswm_clora_k1024_lr2e5,False,False,True,0.1947,-0.7106340484799682,31.97136893822821,1.5047612321300043,5.029606819152832,0.7015340361600169,1.5245819360017776,5.0204,0.7007383209044021,1.5235,26.15
lrswm_clora_k1024_lr2e5_s43,lrswm,Llama-Math (lrswm),Llama-2-7B,math,sweep,clora,CLoRA,2e-05,43.0,lrswm_clora_k1024_lr2e5,False,False,True,0.1922,-0.7162466166674735,31.97488177451192,1.5048089473720514,5.028099060058594,0.7014038252615403,1.518127035908401,5.0137,0.7001583439336331,1.517,25.64
lrswm_clora_k1024_lr2e5_s44,lrswm,Llama-Math (lrswm),Llama-2-7B,math,sweep,clora,CLoRA,2e-05,44.0,lrswm_clora_k1024_lr2e5,False,False,True,0.1946,-0.7108571640676669,31.966680324886944,1.5046975380095549,4.930603981018066,0.692900122027113,1.522543202340603,4.9233,0.6922563001999235,1.5214,25.45
lrswm_clora_k1024_lr3e4_s42,lrswm,Llama-Math (lrswm),Llama-2-7B,math,sweep,clora,CLoRA,0.0003,42.0,lrswm_clora_k1024_lr3e4,False,False,True,0.3282,-0.4838614232829256,274.51010190836706,2.438558331016841,16.394893646240234,1.2147086037439745,7.086797436699271,16.3749,1.2141786564756802,7.085,24.02
lrswm_clora_k1024_lr3e4_s43,lrswm,Llama-Math (lrswm),Llama-2-7B,math,sweep,clora,CLoRA,0.0003,43.0,lrswm_clora_k1024_lr3e4,False,False,True,0.3191,-0.4960731958064895,274.402508670628,2.4383880775042126,17.032489776611328,1.2312781369355146,7.107736168801784,17.0256,1.23110242584753,7.1067,22.8
lrswm_clora_k1024_lr3e4_s44,lrswm,Llama-Math (lrswm),Llama-2-7B,math,sweep,clora,CLoRA,0.0003,44.0,lrswm_clora_k1024_lr3e4,False,False,True,0.318,-0.4975728800155673,274.4476547587092,2.438459523950925,17.33991050720215,1.2390468517140916,7.046234469488264,17.3113,1.238329682642993,7.0445,23.76
lrswm_clora_k1024_lr5e4_s42,lrswm,Llama-Math (lrswm),Llama-2-7B,math,sweep,clora,CLoRA,0.0005,42.0,lrswm_clora_k1024_lr5e4,False,False,True,0.4801,-0.3186682940308342,423.8496544426218,2.6272118334206045,20.168046951293945,1.304663843708857,9.49409258812666,20.1656,1.3046111483774858,9.4934,22.77
lrswm_clora_k1024_lr5e4_s43,lrswm,Llama-Math (lrswm),Llama-2-7B,math,sweep,clora,CLoRA,0.0005,43.0,lrswm_clora_k1024_lr5e4,False,False,True,0.5001,-0.3009431454523322,423.89758661279416,2.627260943995138,20.46536445617676,1.3110194831565671,9.550436662137509,20.458,1.310863174272544,9.5498,21.85
lrswm_clora_k1024_lr5e4_s44,lrswm,Llama-Math (lrswm),Llama-2-7B,math,sweep,clora,CLoRA,0.0005,44.0,lrswm_clora_k1024_lr5e4,False,False,True,0.4962,-0.3043432400638097,424.9128067690585,2.6282998208172503,21.456695556640625,1.3315628391575354,9.670600449293852,21.4521,1.3314698127804472,9.6694,22.34
lrswm_clora_k1024_lr5e5_s42,lrswm,Llama-Math (lrswm),Llama-2-7B,math,sweep,clora,CLoRA,5e-05,42.0,lrswm_clora_k1024_lr5e5,False,False,True,0.2113,-0.6751005029476866,63.21678987932209,1.8008324387814334,7.204617977142334,0.8576109574168167,2.603040646761656,7.197,0.8571515026874931,2.6017,25.56
lrswm_clora_k1024_lr5e5_s43,lrswm,Llama-Math (lrswm),Llama-2-7B,math,sweep,clora,CLoRA,5e-05,43.0,lrswm_clora_k1024_lr5e5,False,False,True,0.2101,-0.6775739475940474,63.16645053935794,1.8004864736257244,7.52816915512085,0.8766893689620033,2.601647498831153,7.5251,0.8765122755827747,2.6008,25.7
lrswm_clora_k1024_lr5e5_s44,lrswm,Llama-Math (lrswm),Llama-2-7B,math,sweep,clora,CLoRA,5e-05,44.0,lrswm_clora_k1024_lr5e5,False,False,True,0.2147,-0.6681679555637513,63.36482429698994,1.8018482349608844,7.661944389343262,0.8843389955341638,2.622530509531498,7.6544,0.8839111536362793,2.6213,25.31
lrswm_dora_r16_lr1e3_s42,lrswm,Llama-Math (lrswm),Llama-2-7B,math,sweep,dora,DoRA,0.001,42.0,lrswm_dora_r16_lr1e3,False,False,True,2.1922,0.3408801734136458,1429.5213498668618,3.15519064592005,437.58978271484375,2.641067173100588,37.30732204318046,437.5943,2.641071656344869,37.309,17.89
lrswm_dora_r16_lr1e3_s43,lrswm,Llama-Math (lrswm),Llama-2-7B,math,sweep,dora,DoRA,0.001,43.0,lrswm_dora_r16_lr1e3,False,False,True,2.2162,0.345608950540594,1398.7460023363042,3.145738858309765,420.4073791503906,2.623670330325212,36.52120270729065,420.4177,2.623680991967318,36.5227,19.28
lrswm_dora_r16_lr1e3_s44,lrswm,Llama-Math (lrswm),Llama-2-7B,math,sweep,dora,DoRA,0.001,44.0,lrswm_dora_r16_lr1e3,False,False,True,2.3127,0.3641193003907618,1423.9630054298216,3.1534987064733158,393.642822265625,2.595102336868216,37.15663389563561,393.6492,2.595109373176899,37.1586,18.51
lrswm_dora_r16_lr1e4_s42,lrswm,Llama-Math (lrswm),Llama-2-7B,math,sweep,dora,DoRA,0.0001,42.0,lrswm_dora_r16_lr1e4,False,False,True,0.3191,-0.4960731958064895,124.04830028441566,2.093590817925791,19.945127487182617,1.2998368166199357,5.980342897772789,19.901,1.298874899704699,5.978,25.08
lrswm_dora_r16_lr1e4_s43,lrswm,Llama-Math (lrswm),Llama-2-7B,math,sweep,dora,DoRA,0.0001,43.0,lrswm_dora_r16_lr1e4,False,False,True,0.3207,-0.4939010400715595,123.62246883345364,2.092097412529057,17.031932830810547,1.2312639356974189,5.925734865665436,17.011,1.2307298445776804,5.9233,24.46
lrswm_dora_r16_lr1e4_s44,lrswm,Llama-Math (lrswm),Llama-2-7B,math,sweep,dora,DoRA,0.0001,44.0,lrswm_dora_r16_lr1e4,False,False,True,0.32,-0.494850021680094,124.09285327896016,2.093746770452109,18.969247817993164,1.2780501102786723,6.017787933349609,18.9338,1.2772377853008932,6.0154,24.98
lrswm_dora_r16_lr2e4_s42,lrswm,Llama-Math (lrswm),Llama-2-7B,math,sweep,dora,DoRA,0.0002,42.0,lrswm_dora_r16_lr2e4,False,False,True,0.3777,-0.422853015172475,240.81980963719903,2.3816922087579946,25.714889526367188,1.4101846628903507,10.001145376265049,25.6792,1.4095814897629604,9.9953,24.34
lrswm_dora_r16_lr2e4_s43,lrswm,Llama-Math (lrswm),Llama-2-7B,math,sweep,dora,DoRA,0.0002,43.0,lrswm_dora_r16_lr2e4,False,False,True,0.39,-0.4089353929735008,240.08849225915324,2.380371344279763,27.62748908996582,1.4413414160810247,9.927496317029,27.5684,1.4404115614871689,9.9224,23.99
lrswm_dora_r16_lr2e4_s44,lrswm,Llama-Math (lrswm),Llama-2-7B,math,sweep,dora,DoRA,0.0002,44.0,lrswm_dora_r16_lr2e4,False,False,True,0.3777,-0.422853015172475,241.5697617716669,2.3830425710186987,26.655105590820312,1.4257804072669018,9.967164385318757,26.5985,1.4248571456501924,9.9622,24.24
lrswm_dora_r16_lr2e5_s42,lrswm,Llama-Math (lrswm),Llama-2-7B,math,sweep,dora,DoRA,2e-05,42.0,lrswm_dora_r16_lr2e5,False,False,True,0.3267,-0.4858508655245626,33.11993345860088,1.520089455570829,7.146727561950684,0.8541072268197011,2.084588767960668,7.1279,0.8529615981903177,2.0826,25.18
lrswm_dora_r16_lr2e5_s43,lrswm,Llama-Math (lrswm),Llama-2-7B,math,sweep,dora,DoRA,2e-05,43.0,lrswm_dora_r16_lr2e5,False,False,True,0.3295,-0.4821445810699713,33.055648802220745,1.5192456857280847,7.006877422332764,0.8455245200524273,2.0723764941096308,6.9882,0.8443653258548877,2.0703,25.36
lrswm_dora_r16_lr2e5_s44,lrswm,Llama-Math (lrswm),Llama-2-7B,math,sweep,dora,DoRA,2e-05,44.0,lrswm_dora_r16_lr2e5,False,False,True,0.336,-0.4736607226101559,33.182680499267846,1.5209114654442313,7.042216300964356,0.8477093602502946,2.085045375674963,7.0258,0.8466957827841233,2.083,25.42
lrswm_dora_r16_lr3e4_s42,lrswm,Llama-Math (lrswm),Llama-2-7B,math,sweep,dora,DoRA,0.0003,42.0,lrswm_dora_r16_lr3e4,False,False,True,0.4904,-0.3094495384896413,365.4705216414032,2.56285235310026,33.76801681518555,1.5285055554085076,13.451130256056786,33.728,1.5279905891964338,13.4408,23.3
lrswm_dora_r16_lr3e4_s43,lrswm,Llama-Math (lrswm),Llama-2-7B,math,sweep,dora,DoRA,0.0003,43.0,lrswm_dora_r16_lr3e4,False,False,True,0.5251,-0.279757981712943,363.4705149064016,2.560469186218936,31.663190841674805,1.5005546785334367,13.483838841319084,31.6266,1.5000525058390164,13.4748,23.22
lrswm_dora_r16_lr3e4_s44,lrswm,Llama-Math (lrswm),Llama-2-7B,math,sweep,dora,DoRA,0.0003,44.0,lrswm_dora_r16_lr3e4,False,False,True,0.5237,-0.280917426098514,362.7608015738123,2.559620352864594,33.46475601196289,1.5245876629554027,13.379753229022024,33.4319,1.5241610590953345,13.3703,23.09
lrswm_dora_r16_lr5e4_s42,lrswm,Llama-Math (lrswm),Llama-2-7B,math,sweep,dora,DoRA,0.0005,42.0,lrswm_dora_r16_lr5e4,False,False,True,0.9321,-0.030537492025363,637.5181986436988,2.8044925866867416,117.44839477539062,2.06984708543926,20.09199277162552,117.4489,2.069848953628165,20.0822,21.66
lrswm_dora_r16_lr5e4_s43,lrswm,Llama-Math (lrswm),Llama-2-7B,math,sweep,dora,DoRA,0.0005,43.0,lrswm_dora_r16_lr5e4,False,False,True,0.8492,-0.0709900145060388,626.4218939593616,2.7968669282637637,56.444786071777344,1.7516238313834704,19.62034695148468,56.446,1.751633171425238,19.6115,21.03
lrswm_dora_r16_lr5e4_s44,lrswm,Llama-Math (lrswm),Llama-2-7B,math,sweep,dora,DoRA,0.0005,44.0,lrswm_dora_r16_lr5e4,False,False,True,0.8888,-0.0511959540671887,629.1573321475935,2.798759262201117,97.2593002319336,1.98793114055086,19.937479564547537,97.2612,1.9879396235517484,19.9288,21.36
lrswm_dora_r16_lr5e5_s42,lrswm,Llama-Math (lrswm),Llama-2-7B,math,sweep,dora,DoRA,5e-05,42.0,lrswm_dora_r16_lr5e5,False,False,True,0.3361,-0.4735314875305225,66.34165279622873,1.8217862870710175,13.14430046081543,1.1187374779211292,3.6855702981352807,13.1105,1.117619254855621,3.6832,25.92
lrswm_dora_r16_lr5e5_s43,lrswm,Llama-Math (lrswm),Llama-2-7B,math,sweep,dora,DoRA,5e-05,43.0,lrswm_dora_r16_lr5e5,False,False,True,0.3357,-0.4740486587519875,66.14162017299606,1.8204748289746289,11.577434539794922,1.0636123341197232,3.676734610646963,11.5545,1.0627511569168842,3.6746,25.58
lrswm_dora_r16_lr5e5_s44,lrswm,Llama-Math (lrswm),Llama-2-7B,math,sweep,dora,DoRA,5e-05,44.0,lrswm_dora_r16_lr5e5,False,False,True,0.3394,-0.469288162018343,66.25980642602256,1.821250162782992,12.178173065185549,1.0855821415628977,3.6895715802907945,12.1508,1.0846048725143982,3.6875,25.84
lrswm_lora_r16_lr1e3_s42,lrswm,Llama-Math (lrswm),Llama-2-7B,math,sweep,lora,LoRA,0.001,42.0,lrswm_lora_r16_lr1e3,False,False,True,1.2748,0.105442054801695,1110.3015247867693,3.0454409362355843,178.53224182128906,2.251716658434871,27.588837504386905,178.5354,2.251724340898508,27.5907,19.48
lrswm_lora_r16_lr1e3_s43,lrswm,Llama-Math (lrswm),Llama-2-7B,math,sweep,lora,LoRA,0.001,43.0,lrswm_lora_r16_lr1e3,False,False,True,1.2432,0.094541001456839,1120.6808349339756,3.04948194500968,166.1470489501953,2.220492631886004,27.60352548956871,166.1505,2.2205016525477075,27.6062,19.72
lrswm_lora_r16_lr1e3_s44,lrswm,Llama-Math (lrswm),Llama-2-7B,math,sweep,lora,LoRA,0.001,44.0,lrswm_lora_r16_lr1e3,False,False,True,1.2915,0.111094410509336,1117.5808654510352,3.0482789574402624,145.71630859375,2.1635081608016176,27.5987642467022,145.7182,2.163513797932933,27.6013,19.08
lrswm_lora_r16_lr1e4_s42,lrswm,Llama-Math (lrswm),Llama-2-7B,math,sweep,lora,LoRA,0.0001,42.0,lrswm_lora_r16_lr1e4,False,False,True,0.3269,-0.4855850794196309,124.48362000663134,2.0951122091928904,17.303205490112305,1.2381265654242293,6.05922540128231,17.2765,1.237455764494394,6.0569,25.32
lrswm_lora_r16_lr1e4_s43,lrswm,Llama-Math (lrswm),Llama-2-7B,math,sweep,lora,LoRA,0.0001,43.0,lrswm_lora_r16_lr1e4,False,False,True,0.3173,-0.4985299278995877,124.09477819319255,2.0937535071264897,16.412500381469727,1.2151747491916831,5.996973268687725,16.3843,1.2144278913924018,5.9945,25.14
lrswm_lora_r16_lr1e4_s44,lrswm,Llama-Math (lrswm),Llama-2-7B,math,sweep,lora,LoRA,0.0001,44.0,lrswm_lora_r16_lr1e4,False,False,True,0.3184,-0.4970269409343685,124.63201145631508,2.095629604227503,17.168222427368164,1.2347253312733704,6.049093353748321,17.1395,1.233998148368494,6.0466,25.06
lrswm_lora_r16_lr2e4_s42,lrswm,Llama-Math (lrswm),Llama-2-7B,math,sweep,lora,LoRA,0.0002,42.0,lrswm_lora_r16_lr2e4,False,False,True,0.3819,-0.4180503416266821,241.98295423828736,2.383784774488769,29.487096786499023,1.469632015289302,10.049711734056473,29.4329,1.4688330548943438,10.0446,23.57
lrswm_lora_r16_lr2e4_s43,lrswm,Llama-Math (lrswm),Llama-2-7B,math,sweep,lora,LoRA,0.0002,43.0,lrswm_lora_r16_lr2e4,False,False,True,0.3961,-0.402195157595707,239.7286562096234,2.379719950970889,28.887216567993164,1.4607056973513652,10.111212615668771,28.8372,1.4599530894876318,10.106,24.64
lrswm_lora_r16_lr2e4_s44,lrswm,Llama-Math (lrswm),Llama-2-7B,math,sweep,lora,LoRA,0.0002,44.0,lrswm_lora_r16_lr2e4,False,False,True,0.3765,-0.4242350194632806,242.2145592357421,2.384200244528362,28.449485778808597,1.454074420979098,9.99551155269146,28.3849,1.4530873685447083,9.9894,24.3
lrswm_lora_r16_lr2e5_s42,lrswm,Llama-Math (lrswm),Llama-2-7B,math,sweep,lora,LoRA,2e-05,42.0,lrswm_lora_r16_lr2e5,False,False,True,0.3309,-0.4803032328401469,33.150829391102945,1.5204943983659334,6.9657745361328125,0.8429694133754416,2.078423839434981,6.9483,0.8418785612908734,2.0766,26.07
lrswm_lora_r16_lr2e5_s43,lrswm,Llama-Math (lrswm),Llama-2-7B,math,sweep,lora,LoRA,2e-05,43.0,lrswm_lora_r16_lr2e5,False,False,True,0.332,-0.4788619162959637,33.12535851454503,1.5201605873236117,7.369046688079834,0.8674113080916893,2.0655243031680586,7.346,0.866050924009275,2.0636,26.02
lrswm_lora_r16_lr2e5_s44,lrswm,Llama-Math (lrswm),Llama-2-7B,math,sweep,lora,LoRA,2e-05,44.0,lrswm_lora_r16_lr2e5,False,False,True,0.3337,-0.4766437933452072,33.193753017393526,1.5210563582416472,7.040441513061523,0.8475998950332869,2.083462565392256,7.0256,0.8466834197603126,2.0815,26.06
lrswm_lora_r16_lr3e4_s42,lrswm,Llama-Math (lrswm),Llama-2-7B,math,sweep,lora,LoRA,0.0003,42.0,lrswm_lora_r16_lr3e4,False,False,True,0.5196,-0.2843308575990098,357.9361046445771,2.5538055074346238,35.38069152832031,1.5487663170982542,13.303724777698516,35.3366,1.5482247604431378,13.2946,22.86
lrswm_lora_r16_lr3e4_s43,lrswm,Llama-Math (lrswm),Llama-2-7B,math,sweep,lora,LoRA,0.0003,43.0,lrswm_lora_r16_lr3e4,False,False,True,0.4993,-0.3016384339448902,360.1881634547464,2.556529436882315,32.71586990356445,1.5147584725266352,13.161066463589668,32.6804,1.5142873635497789,13.151,23.71
lrswm_lora_r16_lr3e4_s44,lrswm,Llama-Math (lrswm),Llama-2-7B,math,sweep,lora,LoRA,0.0003,44.0,lrswm_lora_r16_lr3e4,False,False,True,0.4912,-0.3087416418668887,359.90566858500944,2.5561886869302173,30.050931930541992,1.477857944758596,13.029107540845873,30.0164,1.4773586041668298,13.0188,23.88
lrswm_lora_r16_lr5e4_s42,lrswm,Llama-Math (lrswm),Llama-2-7B,math,sweep,lora,LoRA,0.0005,42.0,lrswm_lora_r16_lr5e4,False,False,True,0.7726,-0.1120452961911984,607.3730451695535,2.783455514296307,46.602760314941406,1.6684116410257102,18.76211716234684,46.6037,1.668420397930206,18.754,20.98
lrswm_lora_r16_lr5e4_s43,lrswm,Llama-Math (lrswm),Llama-2-7B,math,sweep,lora,LoRA,0.0005,43.0,lrswm_lora_r16_lr5e4,False,False,True,0.7682,-0.1145256971708426,601.3785445512522,2.7791479296686967,48.85697555541992,1.688926578882883,18.649400174617767,48.8576,1.688932129596967,18.6396,20.98
lrswm_lora_r16_lr5e4_s44,lrswm,Llama-Math (lrswm),Llama-2-7B,math,sweep,lora,LoRA,0.0005,44.0,lrswm_lora_r16_lr5e4,False,False,True,0.7694,-0.1138478180292033,606.0516684292091,2.7825096511582736,38.27418518066406,1.582905953771132,18.65533978641033,38.2746,1.582910660671396,18.6468,21.3
lrswm_lora_r16_lr5e5_s42,lrswm,Llama-Math (lrswm),Llama-2-7B,math,sweep,lora,LoRA,5e-05,42.0,lrswm_lora_r16_lr5e5,False,False,True,0.355,-0.4497716469449059,66.80532567893329,1.8248110855410944,12.378592491149902,1.09267126600252,3.715250004827976,12.352,1.091737282991661,3.7131,24.89
lrswm_lora_r16_lr5e5_s43,lrswm,Llama-Math (lrswm),Llama-2-7B,math,sweep,lora,LoRA,5e-05,43.0,lrswm_lora_r16_lr5e5,False,False,True,0.3592,-0.4446636720047332,66.57670490090081,1.823322296696752,11.473810195922852,1.0597076613434289,3.692653401196003,11.4533,1.0589306364840303,3.6906,25.82
lrswm_lora_r16_lr5e5_s44,lrswm,Llama-Math (lrswm),Llama-2-7B,math,sweep,lora,LoRA,5e-05,44.0,lrswm_lora_r16_lr5e5,False,False,True,0.3589,-0.4450265416667601,66.91406855547437,1.8255174369556983,11.755385398864746,1.0702368719855475,3.704767526686192,11.7362,1.0695275018369546,3.7026,25.51
lrswm_lorawd_wd0p3_lr1e3_s42,lrswm,Llama-Math (lrswm),Llama-2-7B,math,sweep,lorawd,LoRA+wd,0.001,42.0,lrswm_lorawd_wd0p3_lr1e3,False,False,True,0.5181,-0.2855864077128788,366.76242657260536,2.5643848374450653,43.94903564453125,1.642949349970574,8.141169725358486,43.9499,1.6429578912528489,8.1399,22.32
lrswm_lorawd_wd0p3_lr1e3_s43,lrswm,Llama-Math (lrswm),Llama-2-7B,math,sweep,lorawd,LoRA+wd,0.001,43.0,lrswm_lorawd_wd0p3_lr1e3,False,False,True,0.5605,-0.251424383069008,367.190954140174,2.564891973685532,42.38936996459961,1.6272569616748216,8.169217023253442,42.39,1.6272634165682212,8.1679,22.59
lrswm_lorawd_wd0p3_lr1e3_s44,lrswm,Llama-Math (lrswm),Llama-2-7B,math,sweep,lorawd,LoRA+wd,0.001,44.0,lrswm_lorawd_wd0p3_lr1e3,False,False,True,0.5492,-0.2602694714352825,367.0175430340701,2.564686823545832,45.08978271484375,1.6540781424706483,8.128483724594116,45.0905,1.6540850511423877,8.1272,22.48
lrswm_lorawd_wd0p3_lr1e4_s42,lrswm,Llama-Math (lrswm),Llama-2-7B,math,sweep,lorawd,LoRA+wd,0.0001,42.0,lrswm_lorawd_wd0p3_lr1e4,False,False,True,0.2576,-0.5890541413122256,114.64359775601804,2.0593498066728597,15.29776096343994,1.1846278705312294,4.889468635618687,15.2769,1.1840352358180697,4.8881,25.72
lrswm_lorawd_wd0p3_lr1e4_s43,lrswm,Llama-Math (lrswm),Llama-2-7B,math,sweep,lorawd,LoRA+wd,0.0001,43.0,lrswm_lorawd_wd0p3_lr1e4,False,False,True,0.2539,-0.5953372991262778,113.97954524682228,2.0568269199023343,13.882534980773926,1.142468776467525,4.888664399087429,13.8368,1.1410356636011787,4.887,25.78
lrswm_lorawd_wd0p3_lr1e4_s44,lrswm,Llama-Math (lrswm),Llama-2-7B,math,sweep,lorawd,LoRA+wd,0.0001,44.0,lrswm_lorawd_wd0p3_lr1e4,False,False,True,0.2521,-0.5984271543235541,114.62699535627132,2.059286908675248,14.949050903320312,1.174613620718299,4.875416608154774,14.9287,1.1740219907519602,4.8735,25.8
lrswm_lorawd_wd0p3_lr2e4_s42,lrswm,Llama-Math (lrswm),Llama-2-7B,math,sweep,lorawd,LoRA+wd,0.0002,42.0,lrswm_lorawd_wd0p3_lr2e4,False,False,True,0.2882,-0.5403060235220295,179.77524193208524,2.254729881876467,17.34383201599121,1.2391450585113508,6.315128889679909,17.3409,1.2390716337913166,6.3121,25.53
lrswm_lorawd_wd0p3_lr2e4_s43,lrswm,Llama-Math (lrswm),Llama-2-7B,math,sweep,lorawd,LoRA+wd,0.0002,43.0,lrswm_lorawd_wd0p3_lr2e4,False,False,True,0.2899,-0.5377517846450026,179.1739118724779,2.253274775668641,17.56104278564453,1.244550301012278,6.505962316691876,17.5447,1.244145946534983,6.503,25.38
lrswm_lorawd_wd0p3_lr2e4_s44,lrswm,Llama-Math (lrswm),Llama-2-7B,math,sweep,lorawd,LoRA+wd,0.0002,44.0,lrswm_lorawd_wd0p3_lr2e4,False,False,True,0.2839,-0.5468346074741428,179.54836237395995,2.2541814483638127,17.69582748413086,1.2478708757268184,6.302006554603577,17.6796,1.2474724348988913,6.2995,25.58
lrswm_lorawd_wd0p3_lr2e5_s42,lrswm,Llama-Math (lrswm),Llama-2-7B,math,sweep,lorawd,LoRA+wd,2e-05,42.0,lrswm_lorawd_wd0p3_lr2e5,False,False,True,0.3199,-0.4949857599158929,37.903222525091685,1.5786761351757177,8.020543098449707,0.9042037768470134,2.211979519203305,8.0027,0.903236536650722,2.2105,26.2
lrswm_lorawd_wd0p3_lr2e5_s43,lrswm,Llama-Math (lrswm),Llama-2-7B,math,sweep,lorawd,LoRA+wd,2e-05,43.0,lrswm_lorawd_wd0p3_lr2e5,False,False,True,0.3275,-0.4847886956721981,38.16050291877015,1.5816140896538464,7.876464366912842,0.8963313126010216,2.23354618921876,7.8727,0.8961237023721673,2.2323,26.4
lrswm_lorawd_wd0p3_lr2e5_s44,lrswm,Llama-Math (lrswm),Llama-2-7B,math,sweep,lorawd,LoRA+wd,2e-05,44.0,lrswm_lorawd_wd0p3_lr2e5,False,False,True,0.3361,-0.4735314875305225,38.37957421077952,1.5841001522927654,7.63463830947876,0.8827884672053666,2.264929020404816,7.6189,0.8818922733849025,2.2633,25.98
lrswm_lorawd_wd0p3_lr3e4_s42,lrswm,Llama-Math (lrswm),Llama-2-7B,math,sweep,lorawd,LoRA+wd,0.0003,42.0,lrswm_lorawd_wd0p3_lr3e4,False,False,True,0.3592,-0.4446636720047332,224.90938691440343,2.3520075817142145,18.09227752685547,1.2574932409939277,6.949753028154373,18.0775,1.2571383702059151,6.9481,24.43
lrswm_lorawd_wd0p3_lr3e4_s43,lrswm,Llama-Math (lrswm),Llama-2-7B,math,sweep,lorawd,LoRA+wd,0.0003,43.0,lrswm_lorawd_wd0p3_lr3e4,False,False,True,0.3462,-0.4606729364606249,225.9813537985523,2.3540726060656434,17.412322998046875,1.2408567147091347,6.89434150159359,17.4034,1.240634102132693,6.8925,25.28
lrswm_lorawd_wd0p3_lr3e4_s44,lrswm,Llama-Math (lrswm),Llama-2-7B,math,sweep,lorawd,LoRA+wd,0.0003,44.0,lrswm_lorawd_wd0p3_lr3e4,False,False,True,0.3515,-0.4540746706441572,225.4533778154034,2.353056746431684,14.981035232543944,1.175541825395943,6.97315153926611,14.9811,1.1755437029756657,6.971,24.92
lrswm_lorawd_wd0p3_lr5e4_s42,lrswm,Llama-Math (lrswm),Llama-2-7B,math,sweep,lorawd,LoRA+wd,0.0005,42.0,lrswm_lorawd_wd0p3_lr5e4,False,False,True,0.3991,-0.3989182722159767,286.9380721799002,2.457788176132577,27.502758026123047,1.4393762478471948,7.274767225980758,27.5033,1.439384806041421,7.2741,24.57
lrswm_lorawd_wd0p3_lr5e4_s43,lrswm,Llama-Math (lrswm),Llama-2-7B,math,sweep,lorawd,LoRA+wd,0.0005,43.0,lrswm_lorawd_wd0p3_lr5e4,False,False,True,0.4031,-0.3945872018469488,287.95895336315044,2.4593305863761183,32.3723030090332,1.5101735967932692,7.337924365699291,32.3728,1.5101802641835245,7.3374,24.12
lrswm_lorawd_wd0p3_lr5e4_s44,lrswm,Llama-Math (lrswm),Llama-2-7B,math,sweep,lorawd,LoRA+wd,0.0005,44.0,lrswm_lorawd_wd0p3_lr5e4,False,False,True,0.421,-0.3757179041643317,287.035946455891,2.457936288266628,24.23212242126465,1.384391454396498,7.26554459631443,24.2325,1.3843982214093442,7.2651,23.94
lrswm_lorawd_wd0p3_lr5e5_s42,lrswm,Llama-Math (lrswm),Llama-2-7B,math,sweep,lorawd,LoRA+wd,5e-05,42.0,lrswm_lorawd_wd0p3_lr5e5,False,False,True,0.2963,-0.5282683485199489,71.6179155606793,1.855021676719608,11.920395851135254,1.0762906776449208,3.548401325196028,11.899,1.0755104645244136,3.547,25.42
lrswm_lorawd_wd0p3_lr5e5_s43,lrswm,Llama-Math (lrswm),Llama-2-7B,math,sweep,lorawd,LoRA+wd,5e-05,43.0,lrswm_lorawd_wd0p3_lr5e5,False,False,True,0.2972,-0.5269511949114623,71.2993132928546,1.8530853470389608,11.057032585144045,1.0436385894630054,3.516118790209293,11.1649,1.0478548376051566,3.5283,25.5
lrswm_lorawd_wd0p3_lr5e5_s44,lrswm,Llama-Math (lrswm),Llama-2-7B,math,sweep,lorawd,LoRA+wd,5e-05,44.0,lrswm_lorawd_wd0p3_lr5e5,False,False,True,0.2923,-0.5341711846425635,71.1346730363655,1.8520813396586957,12.55455207824707,1.0988012225514658,3.497741020470857,12.5347,1.0981139442053889,3.4967,25.81
lrswm_milora_r32_lr1e3_s42,lrswm,Llama-Math (lrswm),Llama-2-7B,math,sweep,milora,MiLoRA,0.001,42.0,lrswm_milora_r32_lr1e3,False,False,True,1.2944,0.112068504268197,1078.6858363759652,3.032894976290713,171.7261962890625,2.234836550466605,24.40772517323494,171.7255,2.234834789552328,24.4051,18.95
lrswm_milora_r32_lr1e3_s43,lrswm,Llama-Math (lrswm),Llama-2-7B,math,sweep,milora,MiLoRA,0.001,43.0,lrswm_milora_r32_lr1e3,False,False,True,1.2863,0.1093422696379732,1097.2080490927808,3.040288984918417,153.843994140625,2.1870805466510923,24.182852858304976,153.8453,2.187084233016081,24.1798,17.94
lrswm_milora_r32_lr1e3_s44,lrswm,Llama-Math (lrswm),Llama-2-7B,math,sweep,milora,MiLoRA,0.001,44.0,lrswm_milora_r32_lr1e3,False,False,True,1.3403,0.1272020175903533,1106.3717918137725,3.0439010944188665,153.90968322753906,2.1872659443278657,24.515341299772263,153.9093,2.1872648629546263,24.5122,18.26
lrswm_milora_r32_lr1e4_s42,lrswm,Llama-Math (lrswm),Llama-2-7B,math,sweep,milora,MiLoRA,0.0001,42.0,lrswm_milora_r32_lr1e4,False,False,True,0.2644,-0.5777385491863973,102.58042507648764,2.0110644943786964,9.269407272338867,0.9670519642866146,4.861544699966908,9.2693,0.9670469382851627,4.8605,25.66
lrswm_milora_r32_lr1e4_s43,lrswm,Llama-Math (lrswm),Llama-2-7B,math,sweep,milora,MiLoRA,0.0001,43.0,lrswm_milora_r32_lr1e4,False,False,True,0.2578,-0.5887170869826158,102.0539718522667,2.008829911746407,9.337908744812012,0.9702496254506192,4.796983274817467,9.3055,0.9687397134589412,4.7957,25.84
lrswm_milora_r32_lr1e4_s44,lrswm,Llama-Math (lrswm),Llama-2-7B,math,sweep,milora,MiLoRA,0.0001,44.0,lrswm_milora_r32_lr1e4,False,False,True,0.2587,-0.5872035712834566,102.56880055011602,2.0110152768625404,9.92978286743164,0.9969397519689676,4.851175300776959,9.9297,0.996936127617968,4.8501,25.72
lrswm_milora_r32_lr2e4_s42,lrswm,Llama-Math (lrswm),Llama-2-7B,math,sweep,milora,MiLoRA,0.0002,42.0,lrswm_milora_r32_lr2e4,False,False,True,0.3422,-0.4657199947949185,201.547443615814,2.304377294026721,21.691028594970703,1.3362801468748704,8.53360315412283,21.6909,1.3362775721582552,8.5319,24.6
lrswm_milora_r32_lr2e4_s43,lrswm,Llama-Math (lrswm),Llama-2-7B,math,sweep,milora,MiLoRA,0.0002,43.0,lrswm_milora_r32_lr2e4,False,False,True,0.3217,-0.4925489390980302,201.83532231964065,2.304997172535734,18.572399139404297,1.268868008516542,8.44062193930149,18.5723,1.268865690247867,8.4393,24.84
lrswm_milora_r32_lr2e4_s44,lrswm,Llama-Math (lrswm),Llama-2-7B,math,sweep,milora,MiLoRA,0.0002,44.0,lrswm_milora_r32_lr2e4,False,False,True,0.331,-0.4801720062242812,202.11937712958468,2.3056079512048178,22.610811233520508,1.354316144296763,8.561179223656655,22.6107,1.3543140077868216,8.5594,24.92
lrswm_milora_r32_lr2e5_s42,lrswm,Llama-Math (lrswm),Llama-2-7B,math,sweep,milora,MiLoRA,2e-05,42.0,lrswm_milora_r32_lr2e5,False,False,True,0.2714,-0.5663901566762818,27.239339299101665,1.435196569384866,3.57754898071289,0.5535855884577282,1.5696064054965972,3.5709,0.5527776883175965,1.5689,25.35
lrswm_milora_r32_lr2e5_s43,lrswm,Llama-Math (lrswm),Llama-2-7B,math,sweep,milora,MiLoRA,2e-05,43.0,lrswm_milora_r32_lr2e5,False,False,True,0.27,-0.5686362358410126,27.22973726774812,1.435043450972073,3.5905966758728027,0.5551666244855137,1.5659500237554311,3.5835,0.5543074088055591,1.5652,25.3
lrswm_milora_r32_lr2e5_s44,lrswm,Llama-Math (lrswm),Llama-2-7B,math,sweep,milora,MiLoRA,2e-05,44.0,lrswm_milora_r32_lr2e5,False,False,True,0.2727,-0.5643148620583701,27.26522823618913,1.4356091375006554,3.61389422416687,0.5579754369540434,1.5714696083217858,3.6069,0.5571341018275903,1.5707,25.68
lrswm_milora_r32_lr3e4_s42,lrswm,Llama-Math (lrswm),Llama-2-7B,math,sweep,milora,MiLoRA,0.0003,42.0,lrswm_milora_r32_lr3e4,False,False,True,0.4679,-0.3298469548078198,306.9366294376187,2.4870487196907898,29.06647109985352,1.4633923081759717,11.653344714641571,29.0666,1.4633942341235011,11.6509,24.16
lrswm_milora_r32_lr3e4_s43,lrswm,Llama-Math (lrswm),Llama-2-7B,math,sweep,milora,MiLoRA,0.0003,43.0,lrswm_milora_r32_lr3e4,False,False,True,0.4604,-0.3368646850422458,306.1572604337626,2.4859445630659893,25.54203987121582,1.4072555784965526,11.610066759586337,25.5421,1.407256600872548,11.6082,23.04
lrswm_milora_r32_lr3e4_s44,lrswm,Llama-Math (lrswm),Llama-2-7B,math,sweep,milora,MiLoRA,0.0003,44.0,lrswm_milora_r32_lr3e4,False,False,True,0.4425,-0.3540867249661558,307.33155097481864,2.4876071476657056,38.11422729492188,1.581087119568382,11.643471905589104,38.114,1.5810845296372282,11.6409,23.96
lrswm_milora_r32_lr5e4_s42,lrswm,Llama-Math (lrswm),Llama-2-7B,math,sweep,milora,MiLoRA,0.0005,42.0,lrswm_milora_r32_lr5e4,False,False,True,0.6523,-0.1855526214775123,527.4784840334349,2.722204749360959,64.40666961669922,1.808930842945938,16.27110200226307,64.4075,1.80893644218842,16.2702,22.42
lrswm_milora_r32_lr5e4_s43,lrswm,Llama-Math (lrswm),Llama-2-7B,math,sweep,milora,MiLoRA,0.0005,43.0,lrswm_milora_r32_lr5e4,False,False,True,0.6858,-0.1638025192210746,521.910886573978,2.7175963559274945,52.78370666503906,1.722499884702692,16.356813609600067,52.784,1.7225022982012683,16.3553,21.45
lrswm_milora_r32_lr5e4_s44,lrswm,Llama-Math (lrswm),Llama-2-7B,math,sweep,milora,MiLoRA,0.0005,44.0,lrswm_milora_r32_lr5e4,False,False,True,0.6963,-0.1572036048244198,527.8670024752023,2.722524514641916,60.839881896972656,1.7841883623247008,16.302003332972525,60.8402,1.784190633039633,16.3007,21.71
lrswm_milora_r32_lr5e5_s42,lrswm,Llama-Math (lrswm),Llama-2-7B,math,sweep,milora,MiLoRA,5e-05,42.0,lrswm_milora_r32_lr5e5,False,False,True,0.2852,-0.544850478820172,55.20140822370144,1.7419501570042315,6.3974690437316895,0.8060081930869238,2.878057359158993,6.3958,0.8058948746716912,2.8773,25.24
lrswm_milora_r32_lr5e5_s43,lrswm,Llama-Math (lrswm),Llama-2-7B,math,sweep,milora,MiLoRA,5e-05,43.0,lrswm_milora_r32_lr5e5,False,False,True,0.2833,-0.5477534254795628,55.16912768187428,1.7416961170745873,6.23447322845459,0.7947997643678792,2.8643961511552334,6.2326,0.7946692553426434,2.8637,25.94
lrswm_milora_r32_lr5e5_s44,lrswm,Llama-Math (lrswm),Llama-2-7B,math,sweep,milora,MiLoRA,5e-05,44.0,lrswm_milora_r32_lr5e5,False,False,True,0.2829,-0.5483670525430092,55.20852375275011,1.742006134486522,6.182653903961182,0.7911749360012544,2.8747139617800714,6.1808,0.7910446908007451,2.8739,25.4
lrswm_sclora_r32_lr1e3_s43,lrswm,Llama-Math (lrswm),Llama-2-7B,math,sweep,sclora,SC-LoRA,0.001,43.0,lrswm_sclora_r32_lr1e3,False,False,True,1.641,0.2151085810530932,1227.6923567561296,3.089089552064133,177.51596069335938,2.2492374071343666,23.042878299951557,177.5149,2.2492348121302475,23.0407,12.5
lrswm_sclora_r32_lr1e3_s44,lrswm,Llama-Math (lrswm),Llama-2-7B,math,sweep,sclora,SC-LoRA,0.001,44.0,lrswm_sclora_r32_lr1e3,False,False,True,1.6668,0.2218834917852404,1227.3714899536485,3.0889760310388263,183.5968170166016,2.263865147648945,23.08693686723709,183.5986,2.263869365238901,23.0847,6.76
lrswm_sclora_r32_lr1e4_s43,lrswm,Llama-Math (lrswm),Llama-2-7B,math,sweep,sclora,SC-LoRA,0.0001,43.0,lrswm_sclora_r32_lr1e4,False,False,True,0.3906,-0.4082677610481644,145.139948140522,2.1617869635692166,9.840492248535156,0.9930168235812908,3.473185317963362,9.8388,0.992942132459948,3.4728,22.53
lrswm_sclora_r32_lr1e4_s44,lrswm,Llama-Math (lrswm),Llama-2-7B,math,sweep,sclora,SC-LoRA,0.0001,44.0,lrswm_sclora_r32_lr1e4,False,False,True,0.3907,-0.4081565887752155,145.41519238917283,2.162609782218398,9.96394157409668,0.9984311722846008,3.4810286119580267,9.9641,0.9984380774785054,3.4805,22.81
lrswm_sclora_r32_lr2e4_s43,lrswm,Llama-Math (lrswm),Llama-2-7B,math,sweep,sclora,SC-LoRA,0.0002,43.0,lrswm_sclora_r32_lr2e4,False,False,True,0.5543,-0.2562551214075387,259.5692157753432,2.414253185001769,13.89542293548584,1.1428717699512718,5.687741686403752,13.8888,1.142664724075153,5.6875,19.87
lrswm_sclora_r32_lr2e4_s44,lrswm,Llama-Math (lrswm),Llama-2-7B,math,sweep,sclora,SC-LoRA,0.0002,44.0,lrswm_sclora_r32_lr2e4,False,False,True,0.5446,-0.2639223629960542,259.7136379621855,2.414494755698647,14.01392650604248,1.1465598355705795,5.695732700824737,14.0145,1.1465776079033314,5.6953,20.74
lrswm_sclora_r32_lr2e5_s42,lrswm,Llama-Math (lrswm),Llama-2-7B,math,sweep,sclora,SC-LoRA,2e-05,42.0,lrswm_sclora_r32_lr2e5,False,False,True,0.2851,-0.54500278269054,57.2294067476692,1.7576192439417797,9.00782585144043,0.9546199813605633,1.7386825565248727,8.9996,0.9542232070334058,1.7383,23.94
lrswm_sclora_r32_lr2e5_s43,lrswm,Llama-Math (lrswm),Llama-2-7B,math,sweep,sclora,SC-LoRA,2e-05,43.0,lrswm_sclora_r32_lr2e5,False,False,True,0.1591,-0.7983298203534185,43.44721168974506,1.6379619099765337,3.709291696548462,0.5692909873378172,1.2163448486477138,3.7082,0.5691631495700841,1.2159,26.03
lrswm_sclora_r32_lr2e5_s44,lrswm,Llama-Math (lrswm),Llama-2-7B,math,sweep,sclora,SC-LoRA,2e-05,44.0,lrswm_sclora_r32_lr2e5,False,False,True,0.1596,-0.7969671129852894,43.495723359801474,1.6384465578156666,3.822772979736328,0.5823785076514398,1.2190500600263476,3.8224,0.5823361324058026,1.2187,25.81
lrswm_sclora_r32_lr3e4_s43,lrswm,Llama-Math (lrswm),Llama-2-7B,math,sweep,sclora,SC-LoRA,0.0003,43.0,lrswm_sclora_r32_lr3e4,False,False,True,0.6933,-0.1590787998012282,374.4410247624697,2.5733834251405776,17.979196548461914,1.2547702801466027,7.874932543933392,17.9797,1.254782441043955,7.8743,18.19
lrswm_sclora_r32_lr3e4_s44,lrswm,Llama-Math (lrswm),Llama-2-7B,math,sweep,sclora,SC-LoRA,0.0003,44.0,lrswm_sclora_r32_lr3e4,False,False,True,0.7064,-0.1509493094304878,374.1978613599612,2.5731013010629176,18.278823852539062,1.261948247700585,7.8625416025519375,18.2789,1.2619500569172764,7.8619,19.3
lrswm_sclora_r32_lr5e4_s43,lrswm,Llama-Math (lrswm),Llama-2-7B,math,sweep,sclora,SC-LoRA,0.0005,43.0,lrswm_sclora_r32_lr5e4,False,False,True,0.9514,-0.021636852916117,612.0551354215152,2.7867905462154576,49.27118682861328,1.6925930235476891,12.327636009454729,49.2731,1.6926098866211972,12.3261,18.01
lrswm_sclora_r32_lr5e4_s44,lrswm,Llama-Math (lrswm),Llama-2-7B,math,sweep,sclora,SC-LoRA,0.0005,44.0,lrswm_sclora_r32_lr5e4,False,False,True,0.9775,-0.0098832339320955,610.669223096069,2.7858060326921783,48.09846115112305,1.6821311818984357,12.274189952015876,48.0999,1.6821441734737623,12.2726,18.27
lrswm_sclora_r32_lr5e5_s43,lrswm,Llama-Math (lrswm),Llama-2-7B,math,sweep,sclora,SC-LoRA,5e-05,43.0,lrswm_sclora_r32_lr5e5,False,False,True,0.2694,-0.5696024086130332,84.4662832770198,1.9266833845840436,6.801991939544678,0.8326361129519897,2.223219325020909,6.8016,0.8326110876230476,2.2227,24.24
lrswm_sclora_r32_lr5e5_s44,lrswm,Llama-Math (lrswm),Llama-2-7B,math,sweep,sclora,SC-LoRA,5e-05,44.0,lrswm_sclora_r32_lr5e5,False,False,True,0.2717,-0.5659103615821093,84.46731698322161,1.9266886994876349,6.930694103240967,0.8407767310204901,2.2268155451864,6.9303,0.8407520348318007,2.2263,24.88
qwsw_clora_k1024_lr1e3_s42,qwsw,Qwen-CS (qwsw),Qwen-2.5-7B,cs,sweep,clora,CLoRA,0.001,42.0,qwsw_clora_k1024_lr1e3,False,False,True,0.6845,-0.1646265475299912,793.6681191168706,2.899638935465392,76.04100799560547,1.8810478652163896,12.632939346678487,76.043,1.8810592420406584,12.6303,7.9
qwsw_clora_k1024_lr1e3_s43,qwsw,Qwen-CS (qwsw),Qwen-2.5-7B,cs,sweep,clora,CLoRA,0.001,43.0,qwsw_clora_k1024_lr1e3,False,False,True,0.6813,-0.1666616110606023,792.9917345526165,2.899268660638037,66.00308990478516,1.8195642673174204,12.581873391294875,66.0043,1.8195722295636971,12.579,14.82
qwsw_clora_k1024_lr1e3_s44,qwsw,Qwen-CS (qwsw),Qwen-2.5-7B,cs,sweep,clora,CLoRA,0.001,44.0,qwsw_clora_k1024_lr1e3,False,False,True,0.6944,-0.1583902878315645,793.8438801801422,2.8997351011135986,84.65424346923828,1.9276487329007552,12.86822946455442,84.6551,1.9276531270656108,12.8655,6.32
qwsw_clora_k1024_lr1e4_s42,qwsw,Qwen-CS (qwsw),Qwen-2.5-7B,cs,sweep,clora,CLoRA,0.0001,42.0,qwsw_clora_k1024_lr1e4,False,False,True,0.1295,-0.8877302315827293,121.79020638288858,2.0856123664177315,12.130279541015623,1.0838708092525318,3.4217817793664707,12.1192,1.0834739525817072,3.4195,37.96
qwsw_clora_k1024_lr1e4_s43,qwsw,Qwen-CS (qwsw),Qwen-2.5-7B,cs,sweep,clora,CLoRA,0.0001,43.0,qwsw_clora_k1024_lr1e4,False,False,True,0.1266,-0.8975662943186637,121.5930625445017,2.0849087971029188,14.247793197631836,1.1537476028491274,3.38842143970313,14.2329,1.1532933980238391,3.3862,39.64
qwsw_clora_k1024_lr1e4_s44,qwsw,Qwen-CS (qwsw),Qwen-2.5-7B,cs,sweep,clora,CLoRA,0.0001,44.0,qwsw_clora_k1024_lr1e4,False,False,True,0.1288,-0.8900841369762067,121.57105479717724,2.0848301848195545,13.589786529541016,1.1332126348214917,3.3919148409237097,13.5761,1.1327750282848876,3.3896,39.74
qwsw_clora_k1024_lr1e4_s45,qwsw,Qwen-CS (qwsw),Qwen-2.5-7B,cs,sweep,clora,CLoRA,0.0001,45.0,qwsw_clora_k1024_lr1e4,False,False,True,0.1284,-0.8914349762671656,121.734693086804,2.085414365156818,14.292686462402344,1.1551138667295278,3.3972306681515225,14.276,1.154606539283623,3.3946,40.72
qwsw_clora_k1024_lr2e4_s42,qwsw,Qwen-CS (qwsw),Qwen-2.5-7B,cs,sweep,clora,CLoRA,0.0002,42.0,qwsw_clora_k1024_lr2e4,False,False,True,0.2109,-0.6759234202605136,243.987312849684,2.3873672439509117,20.048419952392575,1.3020801508715714,5.293697431685827,20.038,1.3018543722695868,5.292,38.92
qwsw_clora_k1024_lr2e4_s43,qwsw,Qwen-CS (qwsw),Qwen-2.5-7B,cs,sweep,clora,CLoRA,0.0002,43.0,qwsw_clora_k1024_lr2e4,False,False,True,0.2146,-0.6683702823700677,244.12841866865517,2.387618338010347,20.465227127075195,1.311016568892751,5.282269580897368,20.4597,1.3108992613751749,5.2805,39.89
qwsw_clora_k1024_lr2e4_s44,qwsw,Qwen-CS (qwsw),Qwen-2.5-7B,cs,sweep,clora,CLoRA,0.0002,44.0,qwsw_clora_k1024_lr2e4,False,False,True,0.216,-0.6655462488490691,243.89355210577435,2.387200318879135,19.56366539001465,1.291450226194176,5.302980703452444,19.5574,1.2913111183091288,5.3013,38.82
qwsw_clora_k1024_lr2e4_s45,qwsw,Qwen-CS (qwsw),Qwen-2.5-7B,cs,sweep,clora,CLoRA,0.0002,45.0,qwsw_clora_k1024_lr2e4,False,False,True,0.2083,-0.6813107300522541,243.84526840586048,2.3871143329226148,21.035808563232425,1.3229592098543832,5.32866282847026,21.0264,1.322764922045816,5.3269,40.64
qwsw_clora_k1024_lr2e5_s42,qwsw,Qwen-CS (qwsw),Qwen-2.5-7B,cs,sweep,clora,CLoRA,2e-05,42.0,qwsw_clora_k1024_lr2e5,False,False,True,0.0846,-1.0726296369609765,25.59512568265749,1.4081572664571025,4.156968593597412,0.6187767433710537,1.054103871635146,4.156,0.6186755388851398,1.0533,37.44
qwsw_clora_k1024_lr2e5_s43,qwsw,Qwen-CS (qwsw),Qwen-2.5-7B,cs,sweep,clora,CLoRA,2e-05,43.0,qwsw_clora_k1024_lr2e5,False,False,True,0.0832,-1.079876673709276,25.641487035752466,1.4089432077693596,4.496969223022461,0.6529199152937027,1.0595146114692655,4.4957,0.6527973228698185,1.0588,37.9
qwsw_clora_k1024_lr2e5_s44,qwsw,Qwen-CS (qwsw),Qwen-2.5-7B,cs,sweep,clora,CLoRA,2e-05,44.0,qwsw_clora_k1024_lr2e5,False,False,True,0.0838,-1.0767559813697234,25.556293238053225,1.4074978626710026,4.242469310760498,0.627618709394999,1.0587741920018745,4.2387,0.6272326798484443,1.058,37.45
qwsw_clora_k1024_lr3e4_s42,qwsw,Qwen-CS (qwsw),Qwen-2.5-7B,cs,sweep,clora,CLoRA,0.0003,42.0,qwsw_clora_k1024_lr3e4,False,False,True,0.2865,-0.5428753736965912,355.69272132319406,2.55107497814188,24.410154342651367,1.3875705254208714,6.72578961115765,24.4184,1.3877172036737269,6.7247,36.65
qwsw_clora_k1024_lr3e4_s43,qwsw,Qwen-CS (qwsw),Qwen-2.5-7B,cs,sweep,clora,CLoRA,0.0003,43.0,qwsw_clora_k1024_lr3e4,False,False,True,0.2865,-0.5428753736965912,355.1418981162484,2.5504019115223886,26.044923782348636,1.415723090854765,6.761719928692661,26.0211,1.415325651711826,6.7606,37.88
qwsw_clora_k1024_lr3e4_s44,qwsw,Qwen-CS (qwsw),Qwen-2.5-7B,cs,sweep,clora,CLoRA,0.0003,44.0,qwsw_clora_k1024_lr3e4,False,False,True,0.2916,-0.535212480354063,355.40806244265013,2.550727275564493,26.64732551574707,1.4256536271697486,6.740086740593064,26.6421,1.42556845407436,6.7393,37.94
qwsw_clora_k1024_lr5e4_s42,qwsw,Qwen-CS (qwsw),Qwen-2.5-7B,cs,sweep,clora,CLoRA,0.0005,42.0,qwsw_clora_k1024_lr5e4,False,False,True,0.4331,-0.3634118162701577,532.2467438722291,2.7261130132336127,31.63185691833496,1.500124687512145,8.654657760394599,31.5555,1.4990750660040786,8.652,31.62
qwsw_clora_k1024_lr5e4_s43,qwsw,Qwen-CS (qwsw),Qwen-2.5-7B,cs,sweep,clora,CLoRA,0.0005,43.0,qwsw_clora_k1024_lr5e4,False,False,True,0.4177,-0.3791355247348789,531.6795169151598,2.72564992933417,30.662891387939453,1.486613104680812,8.633566314396116,30.6148,1.4859314266272117,8.6311,33.18
qwsw_clora_k1024_lr5e4_s44,qwsw,Qwen-CS (qwsw),Qwen-2.5-7B,cs,sweep,clora,CLoRA,0.0005,44.0,qwsw_clora_k1024_lr5e4,False,False,True,0.4314,-0.3651198592334737,532.5069090615821,2.726325246942427,32.42694854736328,1.510906082456705,8.589346876627367,32.3533,1.5099185848098766,8.5867,32.98
qwsw_clora_k1024_lr5e5_s42,qwsw,Qwen-CS (qwsw),Qwen-2.5-7B,cs,sweep,clora,CLoRA,5e-05,42.0,qwsw_clora_k1024_lr5e5,False,False,True,0.0957,-1.0190880622231564,60.98701969494296,1.7852374108348987,7.72450590133667,0.8878707093025932,2.1197941377410774,7.7222,0.8877410453806975,2.1191,39.06
qwsw_clora_k1024_lr5e5_s43,qwsw,Qwen-CS (qwsw),Qwen-2.5-7B,cs,sweep,clora,CLoRA,5e-05,43.0,qwsw_clora_k1024_lr5e5,False,False,True,0.0974,-1.0114410431213845,61.07097355236839,1.7858348432814617,7.806954860687256,0.8924816683090817,2.112866890073045,7.804,0.8923172607224805,2.1121,38.94
qwsw_clora_k1024_lr5e5_s44,qwsw,Qwen-CS (qwsw),Qwen-2.5-7B,cs,sweep,clora,CLoRA,5e-05,44.0,qwsw_clora_k1024_lr5e5,False,False,True,0.0959,-1.0181813928293364,61.02656233127576,1.7855189065352182,7.31328821182251,0.8641126890180795,2.126870068875464,7.3105,0.8639470814469048,2.1263,39.34
qwsw_corda_r16_lr2e5_s42,qwsw,Qwen-CS (qwsw),Qwen-2.5-7B,cs,sweep,corda,CorDA (withheld),2e-05,42.0,qwsw_corda_r16_lr2e5,True,False,False,0.2418,-0.6165437034752469,561.8112851195119,2.749590458638979,51.17748260498047,1.709078919346115,9.365154301268714,51.1673,1.7089925006922972,9.3628,27.27
qwsw_corda_r16_lr2e5_s43,qwsw,Qwen-CS (qwsw),Qwen-2.5-7B,cs,sweep,corda,CorDA (withheld),2e-05,43.0,qwsw_corda_r16_lr2e5,True,False,False,0.0918,-1.0371573187987575,113.8422459848526,2.0563034553229413,23.31971549987793,1.3677232477341974,2.40839195687856,23.3178,1.3676875729767142,2.408,39.63
qwsw_corda_r16_lr2e5_s44,qwsw,Qwen-CS (qwsw),Qwen-2.5-7B,cs,sweep,corda,CorDA (withheld),2e-05,44.0,qwsw_corda_r16_lr2e5,True,False,False,0.0911,-1.0404816230270018,114.0282142305855,2.057012322990876,23.037107467651367,1.362427948288537,2.40593347123691,23.0353,1.3623938726553866,2.4056,39.84
qwsw_corda_r16_lr5e5_s43,qwsw,Qwen-CS (qwsw),Qwen-2.5-7B,cs,sweep,corda,CorDA (withheld),5e-05,43.0,qwsw_corda_r16_lr5e5,True,False,False,0.1267,-0.8972233851165586,213.3033219281444,2.328997619086692,29.15722274780273,1.464746154668381,4.547676268645695,29.157,1.4647428368451465,4.5474,38.78
qwsw_corda_r16_lr5e5_s44,qwsw,Qwen-CS (qwsw),Qwen-2.5-7B,cs,sweep,corda,CorDA (withheld),5e-05,44.0,qwsw_corda_r16_lr5e5,True,False,False,0.125,-0.9030899869919436,213.31595953296764,2.3290233490163006,29.27704429626465,1.46652722981066,4.531069345559392,29.2773,1.4665310228928847,4.5307,38.79
qwsw_dora_r16_lr1e3_s42,qwsw,Qwen-CS (qwsw),Qwen-2.5-7B,cs,sweep,dora,DoRA,0.001,42.0,qwsw_dora_r16_lr1e3,False,False,True,1.202,0.0799044676667207,1100.3075018933812,3.0415140739879454,141.5389862060547,2.1508760805818503,28.358657392433717,141.5424,2.150886555250586,28.3589,6.96
qwsw_dora_r16_lr1e3_s43,qwsw,Qwen-CS (qwsw),Qwen-2.5-7B,cs,sweep,dora,DoRA,0.001,43.0,qwsw_dora_r16_lr1e3,False,False,True,1.1285,0.0525015634137808,1078.4296456415466,3.0327918179538287,135.47088623046875,2.1318459719041507,27.281111985445023,135.4728,2.131852107050229,27.2815,16.65
qwsw_dora_r16_lr1e3_s44,qwsw,Qwen-CS (qwsw),Qwen-2.5-7B,cs,sweep,dora,DoRA,0.001,44.0,qwsw_dora_r16_lr1e3,False,False,True,1.1426,0.0578942197245302,1086.839752757033,3.036165514993627,146.56956481933594,2.166043798386521,27.60710872496877,146.5724,2.1660521991169897,27.6076,9.52
qwsw_dora_r16_lr1e4_s42,qwsw,Qwen-CS (qwsw),Qwen-2.5-7B,cs,sweep,dora,DoRA,0.0001,42.0,qwsw_dora_r16_lr1e4,False,False,True,0.159,-0.7986028756795485,117.58669742545892,2.070358192815842,16.379737854003906,1.21430694690727,4.74618695804051,16.3514,1.2135549426993657,4.7442,38.5
qwsw_dora_r16_lr2e4_s42,qwsw,Qwen-CS (qwsw),Qwen-2.5-7B,cs,sweep,dora,DoRA,0.0002,42.0,qwsw_dora_r16_lr2e4,False,False,True,0.2643,-0.5779028368682897,251.4967358145634,2.400532352704381,24.07297134399414,1.3815296988607115,8.270194935798646,24.0493,1.3811024399380574,8.2628,36.98
qwsw_dora_r16_lr2e4_s43,qwsw,Qwen-CS (qwsw),Qwen-2.5-7B,cs,sweep,dora,DoRA,0.0002,43.0,qwsw_dora_r16_lr2e4,False,False,True,0.2584,-0.5877074906769535,250.85402556578424,2.399421074735821,23.678882598876957,1.3743612042758913,8.209315928391048,23.6496,1.3738237996504965,8.2019,38.28
qwsw_dora_r16_lr2e4_s44,qwsw,Qwen-CS (qwsw),Qwen-2.5-7B,cs,sweep,dora,DoRA,0.0002,44.0,qwsw_dora_r16_lr2e4,False,False,True,0.2588,-0.5870357280033373,251.5951321850019,2.40070223420708,25.39939308166504,1.4048233392800582,8.241904842853547,25.3761,1.4044248770720391,8.2352,38.88
qwsw_dora_r16_lr2e5_s42,qwsw,Qwen-CS (qwsw),Qwen-2.5-7B,cs,sweep,dora,DoRA,2e-05,42.0,qwsw_dora_r16_lr2e5,False,False,True,0.1084,-0.964970717797632,23.76113411592077,1.375867165624459,4.6818928718566895,0.6704214722196888,1.224660653195211,4.6738,0.6696701242404667,1.2232,37.67
qwsw_dora_r16_lr3e4_s42,qwsw,Qwen-CS (qwsw),Qwen-2.5-7B,cs,sweep,dora,DoRA,0.0003,42.0,qwsw_dora_r16_lr3e4,False,False,True,0.3612,-0.4422522583585317,383.68411184078985,2.583973815662387,31.259672164916992,1.494984419053798,10.94325956106186,31.2535,1.4948986599383756,10.9357,34.28
qwsw_dora_r16_lr5e4_s42,qwsw,Qwen-CS (qwsw),Qwen-2.5-7B,cs,sweep,dora,DoRA,0.0005,42.0,qwsw_dora_r16_lr5e4,False,False,True,0.5724,-0.2423003749122612,613.4257444601539,2.787761998647386,38.066104888916016,1.5805384399403213,15.096892773253575,37.9809,1.5795652516174992,15.0939,13.18
qwsw_dora_r16_lr5e4_s43,qwsw,Qwen-CS (qwsw),Qwen-2.5-7B,cs,sweep,dora,DoRA,0.0005,43.0,qwsw_dora_r16_lr5e4,False,False,True,0.5764,-0.2392760278580483,616.7104874917419,2.7900813338990877,82.006103515625,1.913846177072866,15.4072358412402,81.932,1.913453556328484,15.4044,24.64
qwsw_dora_r16_lr5e4_s44,qwsw,Qwen-CS (qwsw),Qwen-2.5-7B,cs,sweep,dora,DoRA,0.0005,44.0,qwsw_dora_r16_lr5e4,False,False,True,0.5737,-0.241315150117559,613.1744505472603,2.787584050589532,40.4033203125,1.6064170565498226,15.09293248312814,40.3278,1.605604530613595,15.0901,11.16
qwsw_dora_r16_lr5e5_s42,qwsw,Qwen-CS (qwsw),Qwen-2.5-7B,cs,sweep,dora,DoRA,5e-05,42.0,qwsw_dora_r16_lr5e5,False,False,True,0.1197,-0.9219058495935892,56.52847687123448,1.7522672837914524,10.039603233337402,1.0017165497634772,2.640863811331136,10.02,1.000867721531227,2.6391,38.39
qwsw_lora_null_r16_lr1e3_s42,qwsw,Qwen-CS (qwsw),Qwen-2.5-7B,cs,sweep,lora_null,LoRA-Null,0.001,42.0,qwsw_lora_null_r16_lr1e3,False,False,True,0.6868,-0.1631697135111211,749.250222790027,2.8746268807554403,85.0691146850586,1.9297719131223523,16.61637647492545,85.0712,1.9297825589328277,16.616,12.2
qwsw_lora_null_r16_lr1e3_s43,qwsw,Qwen-CS (qwsw),Qwen-2.5-7B,cs,sweep,lora_null,LoRA-Null,0.001,43.0,qwsw_lora_null_r16_lr1e3,False,False,True,0.6634,-0.1782245328165365,759.1312208879094,2.8803168530783845,62.459503173828125,1.7955985253677138,16.933602704320634,62.4608,1.7956075423879445,16.9333,9.56
qwsw_lora_null_r16_lr1e3_s44,qwsw,Qwen-CS (qwsw),Qwen-2.5-7B,cs,sweep,lora_null,LoRA-Null,0.001,44.0,qwsw_lora_null_r16_lr1e3,False,False,True,0.7133,-0.1467277759793167,755.3810676123646,2.878166095748964,61.07034683227539,1.785830386459197,16.921193599700928,61.0716,1.7858392981204536,16.9205,6.92
qwsw_lora_null_r16_lr1e4_s42,qwsw,Qwen-CS (qwsw),Qwen-2.5-7B,cs,sweep,lora_null,LoRA-Null,0.0001,42.0,qwsw_lora_null_r16_lr1e4,False,False,True,0.1314,-0.8814046347762381,96.18490887017774,1.9831069378534905,7.923287868499756,0.8989054349786911,2.6864534037453787,7.92,0.8987251815894935,2.6855,37.64
qwsw_lora_null_r16_lr1e4_s43,qwsw,Qwen-CS (qwsw),Qwen-2.5-7B,cs,sweep,lora_null,LoRA-Null,0.0001,43.0,qwsw_lora_null_r16_lr1e4,False,False,True,0.1284,-0.8914349762671656,93.23513102856911,1.969579585498067,9.241456031799316,0.9657404016052602,2.913973101547786,9.2424,0.9657847603343372,2.9134,40.51
qwsw_lora_null_r16_lr1e4_s44,qwsw,Qwen-CS (qwsw),Qwen-2.5-7B,cs,sweep,lora_null,LoRA-Null,0.0001,44.0,qwsw_lora_null_r16_lr1e4,False,False,True,0.1295,-0.8877302315827293,93.45510740927315,1.9706030409642024,9.607731819152832,0.9826208720918136,2.941577106288501,9.6096,0.9827053105188872,2.9409,40.64
qwsw_lora_null_r16_lr2e4_s42,qwsw,Qwen-CS (qwsw),Qwen-2.5-7B,cs,sweep,lora_null,LoRA-Null,0.0002,42.0,qwsw_lora_null_r16_lr2e4,False,False,True,0.2171,-0.66334017654558,190.9776026435408,2.280982437307002,12.484702110290527,1.0963781843805618,4.795022977249963,12.4767,1.0960997326776922,4.7943,38.43
qwsw_lora_null_r16_lr2e4_s43,qwsw,Qwen-CS (qwsw),Qwen-2.5-7B,cs,sweep,lora_null,LoRA-Null,0.0002,43.0,qwsw_lora_null_r16_lr2e4,False,False,True,0.1969,-0.7057542838618818,188.6810165196156,2.275728207342959,14.347345352172852,1.1567715522508526,5.294052273035049,14.3234,1.1560461203441392,5.2928,39.72
qwsw_lora_null_r16_lr2e4_s44,qwsw,Qwen-CS (qwsw),Qwen-2.5-7B,cs,sweep,lora_null,LoRA-Null,0.0002,44.0,qwsw_lora_null_r16_lr2e4,False,False,True,0.1979,-0.7035542057936037,189.3224146912462,2.277202034990949,16.45107078552246,1.2161941710464177,5.359102119718279,16.4358,1.215790847884014,5.3575,38.69
qwsw_lora_null_r16_lr2e5_s42,qwsw,Qwen-CS (qwsw),Qwen-2.5-7B,cs,sweep,lora_null,LoRA-Null,2e-05,42.0,qwsw_lora_null_r16_lr2e5,False,False,True,0.0749,-1.1255181823005336,23.062756108203462,1.362911206300402,2.768626928329468,0.4422644386333859,0.755509611751352,2.7677,0.4421190137451593,0.7553,38.83
qwsw_lora_null_r16_lr2e5_s43,qwsw,Qwen-CS (qwsw),Qwen-2.5-7B,cs,sweep,lora_null,LoRA-Null,2e-05,43.0,qwsw_lora_null_r16_lr2e5,False,False,True,0.0802,-1.0958256317158366,21.96781485796796,1.341786859727817,2.8903582096099854,0.4609516693366798,0.7951844238276993,2.8888,0.4607174754187702,0.795,39.9
qwsw_lora_null_r16_lr2e5_s44,qwsw,Qwen-CS (qwsw),Qwen-2.5-7B,cs,sweep,lora_null,LoRA-Null,2e-05,44.0,qwsw_lora_null_r16_lr2e5,False,False,True,0.0802,-1.0958256317158366,21.96170360577892,1.3416660260281474,2.9295434951782227,0.4667999503980371,0.7936202845403126,2.9267,0.4663782075646715,0.7934,39.67
qwsw_lora_null_r16_lr3e4_s42,qwsw,Qwen-CS (qwsw),Qwen-2.5-7B,cs,sweep,lora_null,LoRA-Null,0.0003,42.0,qwsw_lora_null_r16_lr3e4,False,False,True,0.2991,-0.5241835869686818,285.83645641843725,2.456117619177247,16.7297306060791,1.223488947702665,6.817836855990546,16.7239,1.22333756203683,6.8172,37.96
qwsw_lora_null_r16_lr3e4_s43,qwsw,Qwen-CS (qwsw),Qwen-2.5-7B,cs,sweep,lora_null,LoRA-Null,0.0003,43.0,qwsw_lora_null_r16_lr3e4,False,False,True,0.2682,-0.5715412264844199,287.6315820514211,2.458836570019697,20.60101318359375,1.313888580040191,7.527761896167482,20.6027,1.3139241387314362,7.5258,38.18
qwsw_lora_null_r16_lr3e4_s44,qwsw,Qwen-CS (qwsw),Qwen-2.5-7B,cs,sweep,lora_null,LoRA-Null,0.0003,44.0,qwsw_lora_null_r16_lr3e4,False,False,True,0.2693,-0.5697636465884895,287.3372562389511,2.458391940401916,19.249549865722656,1.2844205783578473,7.5474767352853505,19.2533,1.2845051779463907,7.5458,37.7
qwsw_lora_null_r16_lr5e4_s42,qwsw,Qwen-CS (qwsw),Qwen-2.5-7B,cs,sweep,lora_null,LoRA-Null,0.0005,42.0,qwsw_lora_null_r16_lr5e4,False,False,True,0.4194,-0.3773715738706749,458.8550041818552,2.661675472395847,24.0861873626709,1.3817680603388711,10.445564713648388,24.0867,1.3817773035283685,10.4451,34.17
qwsw_lora_null_r16_lr5e4_s43,qwsw,Qwen-CS (qwsw),Qwen-2.5-7B,cs,sweep,lora_null,LoRA-Null,0.0005,43.0,qwsw_lora_null_r16_lr5e4,False,False,False,0.4113,-0.3858412904908249,467.0651191314853,2.669377434972731,27.82441711425781,1.4444260751913671,11.16559409584318,27.7894,1.4438791700410576,11.164,33.51
qwsw_lora_null_r16_lr5e4_s44,qwsw,Qwen-CS (qwsw),Qwen-2.5-7B,cs,sweep,lora_null,LoRA-Null,0.0005,44.0,qwsw_lora_null_r16_lr5e4,False,False,True,0.4273,-0.3692671071828035,467.7829753289113,2.670044411882597,26.65835952758789,1.4258334207703849,11.186148251805989,26.6224,1.425247204398362,11.1842,16.66
qwsw_lora_null_r16_lr5e5_s42,qwsw,Qwen-CS (qwsw),Qwen-2.5-7B,cs,sweep,lora_null,LoRA-Null,5e-05,42.0,qwsw_lora_null_r16_lr5e5,False,False,True,0.1027,-0.9884295564027218,50.847989146758906,1.7062737828293777,5.563358306884766,0.7453370314834735,1.5663894649062835,5.5506,0.7443399313397808,1.5658,38.12
qwsw_lora_null_r16_lr5e5_s43,qwsw,Qwen-CS (qwsw),Qwen-2.5-7B,cs,sweep,lora_null,LoRA-Null,5e-05,43.0,qwsw_lora_null_r16_lr5e5,False,False,True,0.1077,-0.9677842967020184,48.5778214568228,1.6864380343370533,5.877576351165772,0.7691982794260045,1.6632826998829842,5.8698,0.768623303909263,1.663,39.73
qwsw_lora_null_r16_lr5e5_s44,qwsw,Qwen-CS (qwsw),Qwen-2.5-7B,cs,sweep,lora_null,LoRA-Null,5e-05,44.0,qwsw_lora_null_r16_lr5e5,False,False,True,0.1069,-0.971022294791222,48.6446590110143,1.6870351634249452,6.060436248779297,0.7825038871396278,1.6637699787105833,6.0593,0.7824224552394224,1.6635,38.94
qwsw_lora_null_r16_lr7e5_s42,qwsw,Qwen-CS (qwsw),Qwen-2.5-7B,cs,sweep,lora_null,LoRA-Null,7e-05,42.0,qwsw_lora_null_r16_lr7e5,False,False,True,0.1156,-0.9370421659154896,66.24532403570156,1.8211552287649,7.753884792327881,0.889519343946407,2.1955143964716366,7.7519,0.889408161652576,2.1951,40.03
qwsw_lora_r16_lr15e5_s42,qwsw,Qwen-CS (qwsw),Qwen-2.5-7B,cs,sweep,lora,LoRA,0.00015,42.0,qwsw_lora_r16_lr15e5,False,False,True,0.2096,-0.678608721688311,183.48676043408156,2.263604733013948,21.860370635986328,1.33965752100797,6.609188623939242,21.8307,1.3390676615572066,6.6041,38.39
qwsw_lora_r16_lr1e3_s42,qwsw,Qwen-CS (qwsw),Qwen-2.5-7B,cs,sweep,lora,LoRA,0.001,42.0,qwsw_lora_r16_lr1e3,False,False,True,0.8243,-0.0839147001562972,899.6266142354547,2.9540622949679367,121.4441375732422,2.084376555114455,20.487743935414723,121.4454,2.0843810696355844,20.4882,7.28
qwsw_lora_r16_lr1e3_s43,qwsw,Qwen-CS (qwsw),Qwen-2.5-7B,cs,sweep,lora,LoRA,0.001,43.0,qwsw_lora_r16_lr1e3,False,False,True,0.8215,-0.0853924322289194,902.1946054165348,2.955300225948529,124.1103286743164,2.0938079257340445,20.448013463190623,124.1124,2.093815173783564,20.4478,6.38
qwsw_lora_r16_lr1e3_s44,qwsw,Qwen-CS (qwsw),Qwen-2.5-7B,cs,sweep,lora,LoRA,0.001,44.0,qwsw_lora_r16_lr1e3,False,False,True,0.8609,-0.0650472921821419,904.5996540128032,2.9564564173029364,112.59574127197266,2.051521964431317,20.860004199402677,112.5974,2.051528362285401,20.86,6.02
qwsw_lora_r16_lr1e4_s42,qwsw,Qwen-CS (qwsw),Qwen-2.5-7B,cs,sweep,lora,LoRA,0.0001,42.0,qwsw_lora_r16_lr1e4,False,False,True,0.1609,-0.7934439559009705,117.61025881342132,2.0704452056834906,16.01188087463379,1.204442350376257,4.733590887699808,15.9876,1.2037832739409633,4.7314,38.55
qwsw_lora_r16_lr1e4_s43,qwsw,Qwen-CS (qwsw),Qwen-2.5-7B,cs,sweep,lora,LoRA,0.0001,43.0,qwsw_lora_r16_lr1e4,False,False,True,0.1594,-0.7975116829399065,117.04224534424527,2.068342644724073,16.26405906677246,1.211228942875848,4.7003943417753495,16.239,1.2105592818107238,4.6983,38.56
qwsw_lora_r16_lr1e4_s44,qwsw,Qwen-CS (qwsw),Qwen-2.5-7B,cs,sweep,lora,LoRA,0.0001,44.0,qwsw_lora_r16_lr1e4,False,False,True,0.1612,-0.7926349625309281,117.11496156601712,2.0686123802175245,15.232866287231444,1.1827816299024203,4.722035699231284,15.2075,1.182057825134961,4.7202,37.77
qwsw_lora_r16_lr2e4_s42,qwsw,Qwen-CS (qwsw),Qwen-2.5-7B,cs,sweep,lora,LoRA,0.0002,42.0,qwsw_lora_r16_lr2e4,False,False,True,0.2626,-0.5807052782465395,250.1306523872398,2.3981669158285803,23.959115982055664,1.3794707898776304,8.209623445783343,23.9483,1.3792746899082768,8.2027,37.67
qwsw_lora_r16_lr2e4_s43,qwsw,Qwen-CS (qwsw),Qwen-2.5-7B,cs,sweep,lora,LoRA,0.0002,43.0,qwsw_lora_r16_lr2e4,False,False,True,0.264,-0.5783960731301689,250.76589934972668,2.399268478206705,25.929798126220703,1.4137991356274435,8.202184603043966,25.905,1.41338359662314,8.1948,38.21
qwsw_lora_r16_lr2e4_s44,qwsw,Qwen-CS (qwsw),Qwen-2.5-7B,cs,sweep,lora,LoRA,0.0002,44.0,qwsw_lora_r16_lr2e4,False,False,True,0.2663,-0.5746288335610588,249.9121516297313,2.397787373603175,22.66496086120605,1.35535497343764,8.173479503393173,22.6293,1.3546711199803916,8.1661,39.33
qwsw_lora_r16_lr2e5_s42,qwsw,Qwen-CS (qwsw),Qwen-2.5-7B,cs,sweep,lora,LoRA,2e-05,42.0,qwsw_lora_r16_lr2e5,False,False,True,0.1096,-0.9601894458516496,23.593829136932783,1.37279842999487,4.89112663269043,0.6894089069772313,1.2324194380215236,4.8844,0.6888112225700191,1.231,38.12
qwsw_lora_r16_lr2e5_s43,qwsw,Qwen-CS (qwsw),Qwen-2.5-7B,cs,sweep,lora,LoRA,2e-05,43.0,qwsw_lora_r16_lr2e5,False,False,True,0.1079,-0.9669785553170892,23.462420384890617,1.3703728119389884,4.337471008300781,0.637236584980009,1.2159281032426017,4.3282,0.6363073206959104,1.2145,38.38
qwsw_lora_r16_lr2e5_s44,qwsw,Qwen-CS (qwsw),Qwen-2.5-7B,cs,sweep,lora,LoRA,2e-05,44.0,qwsw_lora_r16_lr2e5,False,False,True,0.1081,-0.9661743060466896,23.45519334079445,1.3702390171806016,4.353630065917969,0.6388515236586657,1.2146598157073771,4.3448,0.6379697897845712,1.2132,38.94
qwsw_lora_r16_lr3e4_s42,qwsw,Qwen-CS (qwsw),Qwen-2.5-7B,cs,sweep,lora,LoRA,0.0003,42.0,qwsw_lora_r16_lr3e4,False,False,True,0.3572,-0.4470885497834911,379.1996507528932,2.578867928676152,30.433279037475582,1.4833487479927598,10.743404718807763,30.4303,1.483306233912631,10.7363,33.54
qwsw_lora_r16_lr3e4_s43,qwsw,Qwen-CS (qwsw),Qwen-2.5-7B,cs,sweep,lora,LoRA,0.0003,43.0,qwsw_lora_r16_lr3e4,False,False,True,0.3627,-0.4404524444195656,379.2513552455632,2.5789271414023887,30.738025665283203,1.4876759688823484,10.751986575978142,30.7342,1.487621913077267,10.7442,36.06
qwsw_lora_r16_lr3e4_s44,qwsw,Qwen-CS (qwsw),Qwen-2.5-7B,cs,sweep,lora,LoRA,0.0003,44.0,qwsw_lora_r16_lr3e4,False,False,True,0.3759,-0.4249276742861875,378.9868857971999,2.5786241821990754,30.583223342895508,1.485483256297344,10.701972371339798,30.5779,1.4854076560361231,10.6945,34.94
qwsw_lora_r16_lr5e4_s42,qwsw,Qwen-CS (qwsw),Qwen-2.5-7B,cs,sweep,lora,LoRA,0.0005,42.0,qwsw_lora_r16_lr5e4,False,False,True,0.5267,-0.2784366816425191,589.5994146439002,2.770557043682321,36.83887100219727,1.5663063119420455,14.17010157108307,36.8395,1.5663137271514522,14.168,14.52
qwsw_lora_r16_lr5e4_s43,qwsw,Qwen-CS (qwsw),Qwen-2.5-7B,cs,sweep,lora,LoRA,0.0005,43.0,qwsw_lora_r16_lr5e4,False,False,True,0.5288,-0.2767085535224161,589.2792842637656,2.7703211740188376,41.40712738037109,1.6170751023660033,14.174031627178191,41.4081,1.6170853034691386,14.1717,15.4
qwsw_lora_r16_lr5e4_s44,qwsw,Qwen-CS (qwsw),Qwen-2.5-7B,cs,sweep,lora,LoRA,0.0005,44.0,qwsw_lora_r16_lr5e4,False,False,True,0.5464,-0.2624893093265238,589.966889774233,2.770827638774611,47.08774566650391,1.6729078990213313,14.18035344481468,47.089,1.672919467697059,14.1783,8.0
qwsw_lora_r16_lr5e5_s42,qwsw,Qwen-CS (qwsw),Qwen-2.5-7B,cs,sweep,lora,LoRA,5e-05,42.0,qwsw_lora_r16_lr5e5,False,False,True,0.1225,-0.9118639112994488,56.49946725447392,1.7520443527834555,9.87234592437744,0.994420364519007,2.660325311124325,9.8571,0.9937491624820158,2.6585,37.22
qwsw_lora_r16_lr5e5_s43,qwsw,Qwen-CS (qwsw),Qwen-2.5-7B,cs,sweep,lora,LoRA,5e-05,43.0,qwsw_lora_r16_lr5e5,False,False,True,0.1228,-0.9108016331948512,56.69787573681771,1.753566787763094,9.655065536499023,0.9847552260225384,2.6752597323485783,9.6384,0.984004945848569,2.6732,38.93
qwsw_lora_r16_lr5e5_s44,qwsw,Qwen-CS (qwsw),Qwen-2.5-7B,cs,sweep,lora,LoRA,5e-05,44.0,qwsw_lora_r16_lr5e5,False,False,True,0.1218,-0.9143527117031436,56.45115712396774,1.7516728484293416,9.383228302001951,0.972352283211972,2.6581824536834446,9.3685,0.9716700611256044,2.6563,37.7
qwsw_lora_r16_lr7e5_s42,qwsw,Qwen-CS (qwsw),Qwen-2.5-7B,cs,sweep,lora,LoRA,7e-05,42.0,qwsw_lora_r16_lr7e5,False,False,True,0.1352,-0.8690233083943829,80.14650518235318,1.9038845895334515,13.071828842163086,1.1163363527294397,3.501416360054697,13.0507,1.1156338065389897,3.4996,36.38
qwsw_lorawd_wd0p3_lr15e5_s42,qwsw,Qwen-CS (qwsw),Qwen-2.5-7B,cs,sweep,lorawd,LoRA+wd,0.00015,42.0,qwsw_lorawd_wd0p3_lr15e5,False,False,True,0.1662,-0.7793689805519078,134.721229188934,2.129436036652129,13.252882957458496,1.122310362523671,4.151758067948478,13.244,1.1220191720800308,4.1498,41.03
qwsw_lorawd_wd0p3_lr1e3_s42,qwsw,Qwen-CS (qwsw),Qwen-2.5-7B,cs,sweep,lorawd,LoRA+wd,0.001,42.0,qwsw_lorawd_wd0p3_lr1e3,False,False,True,0.2818,-0.5500590112266623,242.2540306312354,2.3842710115900547,24.997846603393555,1.3979025987303044,5.070058053731918,24.9852,1.397682830206412,5.0695,37.21
qwsw_lorawd_wd0p3_lr1e3_s43,qwsw,Qwen-CS (qwsw),Qwen-2.5-7B,cs,sweep,lorawd,LoRA+wd,0.001,43.0,qwsw_lorawd_wd0p3_lr1e3,False,False,True,0.2822,-0.549442990581671,241.5760234679205,2.3830538281597664,18.14324760437012,1.258715027510127,4.950491278512137,18.1416,1.258675587053075,4.9499,39.1
qwsw_lorawd_wd0p3_lr1e3_s44,qwsw,Qwen-CS (qwsw),Qwen-2.5-7B,cs,sweep,lorawd,LoRA+wd,0.001,44.0,qwsw_lorawd_wd0p3_lr1e3,False,True,True,14.3334,1.156349220829561,875.0852965049063,2.942050386732001,515.01806640625,2.711822463998322,42.25529603106635,513.4485,2.710496889437741,42.1998,0.0
qwsw_lorawd_wd0p3_lr1e4_s42,qwsw,Qwen-CS (qwsw),Qwen-2.5-7B,cs,sweep,lorawd,LoRA+wd,0.0001,42.0,qwsw_lorawd_wd0p3_lr1e4,False,False,True,0.1373,-0.8623294627632448,100.44313756475054,2.0019202704066275,11.553292274475098,1.0627057602363734,3.5212096554892405,11.5435,1.0623375072795052,3.5195,41.01
qwsw_lorawd_wd0p3_lr1e4_s43,qwsw,Qwen-CS (qwsw),Qwen-2.5-7B,cs,sweep,lorawd,LoRA+wd,0.0001,43.0,qwsw_lorawd_wd0p3_lr1e4,False,False,True,0.1323,-0.878440155812499,100.22383648409242,2.0009710231518296,11.7611665725708,1.0704504008985527,3.462752200450216,11.7499,1.0700341704687766,3.4609,40.49
qwsw_lorawd_wd0p3_lr1e4_s44,qwsw,Qwen-CS (qwsw),Qwen-2.5-7B,cs,sweep,lorawd,LoRA+wd,0.0001,44.0,qwsw_lorawd_wd0p3_lr1e4,False,False,True,0.1383,-0.8591778198906894,100.3603641199116,2.001562228319949,11.572782516479492,1.0634377916454252,3.530925220676831,11.5625,1.063051745747089,3.5291,40.61
qwsw_lorawd_wd0p3_lr2e4_s42,qwsw,Qwen-CS (qwsw),Qwen-2.5-7B,cs,sweep,lorawd,LoRA+wd,0.0002,42.0,qwsw_lorawd_wd0p3_lr2e4,False,False,True,0.1873,-0.7274622226247627,160.71200640239883,2.2060483230578694,12.877548217773438,1.1098331846969558,4.411589644210679,12.8752,1.1097539839828796,4.4105,40.66
qwsw_lorawd_wd0p3_lr2e4_s43,qwsw,Qwen-CS (qwsw),Qwen-2.5-7B,cs,sweep,lorawd,LoRA+wd,0.0002,43.0,qwsw_lorawd_wd0p3_lr2e4,False,False,True,0.1816,-0.7408841558149337,160.7307734974903,2.2060990347014866,12.435505867004396,1.094663456737439,4.427981261696134,12.4385,1.094768010499411,4.427,39.76
qwsw_lorawd_wd0p3_lr2e4_s44,qwsw,Qwen-CS (qwsw),Qwen-2.5-7B,cs,sweep,lorawd,LoRA+wd,0.0002,44.0,qwsw_lorawd_wd0p3_lr2e4,False,False,True,0.1872,-0.7276941555979136,160.93712031633746,2.206656226132771,12.695914268493652,1.1036639811029794,4.465923514110702,12.6974,1.1037148011722866,4.4644,40.58
qwsw_lorawd_wd0p3_lr2e5_s42,qwsw,Qwen-CS (qwsw),Qwen-2.5-7B,cs,sweep,lorawd,LoRA+wd,2e-05,42.0,qwsw_lorawd_wd0p3_lr2e5,False,False,True,0.1001,-0.9995659225206814,27.783390286862662,1.4437852397111222,5.120565891265869,0.7093179589980072,1.3337105919207846,5.1106,0.7084718906224416,1.3327,38.67
qwsw_lorawd_wd0p3_lr2e5_s43,qwsw,Qwen-CS (qwsw),Qwen-2.5-7B,cs,sweep,lorawd,LoRA+wd,2e-05,43.0,qwsw_lorawd_wd0p3_lr2e5,False,False,True,0.1013,-0.9943905546397196,27.978434960673187,1.4468234175556225,6.010098934173584,0.778881621122875,1.3407567786318917,5.9982,0.7780209424919114,1.3397,38.69
qwsw_lorawd_wd0p3_lr2e5_s44,qwsw,Qwen-CS (qwsw),Qwen-2.5-7B,cs,sweep,lorawd,LoRA+wd,2e-05,44.0,qwsw_lorawd_wd0p3_lr2e5,False,False,True,0.1002,-0.9991322784687732,27.9380935743598,1.4461967676198353,5.841203689575195,0.7665023508581048,1.3362054229847022,5.8394,0.7663682255240695,1.3352,38.56
qwsw_lorawd_wd0p3_lr3e4_s42,qwsw,Qwen-CS (qwsw),Qwen-2.5-7B,cs,sweep,lorawd,LoRA+wd,0.0003,42.0,qwsw_lorawd_wd0p3_lr3e4,False,False,True,0.2131,-0.671416550285798,195.18004686125937,2.290435417936344,12.40054416656494,1.093440743496991,4.542139241950853,12.3831,1.0928293800929076,4.5414,41.1
qwsw_lorawd_wd0p3_lr3e4_s43,qwsw,Qwen-CS (qwsw),Qwen-2.5-7B,cs,sweep,lorawd,LoRA+wd,0.0003,43.0,qwsw_lorawd_wd0p3_lr3e4,False,False,True,0.2097,-0.6784015695346561,195.0556085294214,2.290158442309234,12.2454833984375,1.0879759338568298,4.50667670411723,12.2293,1.0874015989138195,4.5059,41.44
qwsw_lorawd_wd0p3_lr3e4_s44,qwsw,Qwen-CS (qwsw),Qwen-2.5-7B,cs,sweep,lorawd,LoRA+wd,0.0003,44.0,qwsw_lorawd_wd0p3_lr3e4,False,False,True,0.2114,-0.6748950170285926,194.73076465435145,2.289434569209557,12.152814865112305,1.0846768819506003,4.499371970977102,12.1376,1.0841328210226966,4.4988,40.53
qwsw_lorawd_wd0p3_lr5e4_s42,qwsw,Qwen-CS (qwsw),Qwen-2.5-7B,cs,sweep,lorawd,LoRA+wd,0.0005,42.0,qwsw_lorawd_wd0p3_lr5e4,False,False,True,0.2458,-0.6094181214495648,223.0086711383491,2.3483217498388487,10.707830429077148,1.0297014850121682,4.522358984180859,10.7057,1.0296150692202082,4.5219,39.28
qwsw_lorawd_wd0p3_lr5e4_s43,qwsw,Qwen-CS (qwsw),Qwen-2.5-7B,cs,sweep,lorawd,LoRA+wd,0.0005,43.0,qwsw_lorawd_wd0p3_lr5e4,False,False,True,0.245,-0.6108339156354675,223.3222044278213,2.348931906148271,10.473299980163574,1.0200835429364905,4.576745037095887,10.4714,1.0200047496471318,4.5763,40.53
qwsw_lorawd_wd0p3_lr5e4_s44,qwsw,Qwen-CS (qwsw),Qwen-2.5-7B,cs,sweep,lorawd,LoRA+wd,0.0005,44.0,qwsw_lorawd_wd0p3_lr5e4,False,False,True,0.2457,-0.6095948435199191,223.343041209956,2.348972425528709,10.361610412597656,1.0154272591690312,4.542763300027166,10.3607,1.0153890986396503,4.5422,40.39
qwsw_lorawd_wd0p3_lr5e5_s42,qwsw,Qwen-CS (qwsw),Qwen-2.5-7B,cs,sweep,lorawd,LoRA+wd,5e-05,42.0,qwsw_lorawd_wd0p3_lr5e5,False,False,True,0.1075,-0.968591535748376,58.17287252485456,1.7647205094042162,8.675663948059082,0.9383027212662984,2.4086843192577363,8.6642,0.9377284687666024,2.4079,39.33
qwsw_lorawd_wd0p3_lr5e5_s43,qwsw,Qwen-CS (qwsw),Qwen-2.5-7B,cs,sweep,lorawd,LoRA+wd,5e-05,43.0,qwsw_lorawd_wd0p3_lr5e5,False,False,True,0.1073,-0.9694002780340488,58.294255621341165,1.765625761022012,9.31702709197998,0.9692773583289344,2.416830904994692,9.3065,0.9687863816818426,2.4158,39.56
qwsw_lorawd_wd0p3_lr5e5_s44,qwsw,Qwen-CS (qwsw),Qwen-2.5-7B,cs,sweep,lorawd,LoRA+wd,5e-05,44.0,qwsw_lorawd_wd0p3_lr5e5,False,False,True,0.107,-0.9706162223147904,58.37334232690189,1.766214560751877,9.166462898254396,0.9622017849490752,2.4361430659890173,9.1575,0.9617769273365826,2.4351,39.31
qwsw_lorawd_wd0p3_lr7e5_s42,qwsw,Qwen-CS (qwsw),Qwen-2.5-7B,cs,sweep,lorawd,LoRA+wd,7e-05,42.0,qwsw_lorawd_wd0p3_lr7e5,False,False,True,0.1161,-0.9351677802614262,76.25919619435643,1.882292223305928,10.443395614624023,1.0188417301722774,2.923585832118988,10.4297,1.0182718165551636,2.9227,39.92
qwsw_milora_r32_lr15e5_s42,qwsw,Qwen-CS (qwsw),Qwen-2.5-7B,cs,sweep,milora,MiLoRA,0.00015,42.0,qwsw_milora_r32_lr15e5,False,False,True,0.2342,-0.6304131092636557,156.79947269585637,2.1953445978531074,12.122509956359863,1.0835925494788692,4.312308499217034,12.119,1.0834667854738873,4.3118,37.64
qwsw_milora_r32_lr1e3_s42,qwsw,Qwen-CS (qwsw),Qwen-2.5-7B,cs,sweep,milora,MiLoRA,0.001,42.0,qwsw_milora_r32_lr1e3,False,False,True,0.955,-0.0199966284162536,995.037593969026,2.9978394893335354,95.10883331298828,1.9782208542763655,18.51164173313549,95.1106,1.9782289214060709,18.5092,6.41
qwsw_milora_r32_lr1e3_s43,qwsw,Qwen-CS (qwsw),Qwen-2.5-7B,cs,sweep,milora,MiLoRA,0.001,43.0,qwsw_milora_r32_lr1e3,False,False,True,0.9598,-0.0178192544035974,1000.9258046711192,3.0004018858547785,111.63845825195312,2.0478138301697584,18.585111444337027,111.6402,2.047820605842557,18.5825,9.33
qwsw_milora_r32_lr1e3_s44,qwsw,Qwen-CS (qwsw),Qwen-2.5-7B,cs,sweep,milora,MiLoRA,0.001,44.0,qwsw_milora_r32_lr1e3,False,False,True,0.9856,-0.0062993051796497,999.9946791132212,2.999997689162085,96.47135162353516,1.984398363302236,18.702132742745537,96.4732,1.984406684238924,18.6997,7.52
qwsw_milora_r32_lr1e4_s42,qwsw,Qwen-CS (qwsw),Qwen-2.5-7B,cs,sweep,milora,MiLoRA,0.0001,42.0,qwsw_milora_r32_lr1e4,False,False,True,0.1836,-0.7361273231347764,100.48665433910236,2.0021083868137333,9.73827838897705,0.9884821855999362,2.975991036210741,9.7366,0.9884073286423248,2.9753,39.74
qwsw_milora_r32_lr1e4_s43,qwsw,Qwen-CS (qwsw),Qwen-2.5-7B,cs,sweep,milora,MiLoRA,0.0001,43.0,qwsw_milora_r32_lr1e4,False,False,True,0.182,-0.7399286120149252,100.38359069306972,2.001662726216491,9.82607364654541,0.9923800148535984,2.959487840959004,9.8242,0.9922971952071334,2.959,38.47
qwsw_milora_r32_lr1e4_s44,qwsw,Qwen-CS (qwsw),Qwen-2.5-7B,cs,sweep,milora,MiLoRA,0.0001,44.0,qwsw_milora_r32_lr1e4,False,False,True,0.183,-0.7375489102695706,100.44373906132265,2.001922871140399,8.917280197143555,0.9502324131778552,2.949008489932333,8.9152,0.9501310904078508,2.9485,38.06
qwsw_milora_r32_lr1e4_s45,qwsw,Qwen-CS (qwsw),Qwen-2.5-7B,cs,sweep,milora,MiLoRA,0.0001,45.0,qwsw_milora_r32_lr1e4,False,False,True,0.1822,-0.7394516273630205,100.6027886058484,2.0026100190832,9.967615127563477,0.9985912605347612,2.969805686388697,9.9606,0.9982854999538956,2.9693,40.07
qwsw_milora_r32_lr2e4_s42,qwsw,Qwen-CS (qwsw),Qwen-2.5-7B,cs,sweep,milora,MiLoRA,0.0002,42.0,qwsw_milora_r32_lr2e4,False,False,True,0.2917,-0.5350635708782673,217.39614025391617,2.3372518291646904,15.264878273010254,1.1836933454462937,5.651041803189687,15.2664,1.1837366372881384,5.6504,36.5
qwsw_milora_r32_lr2e4_s43,qwsw,Qwen-CS (qwsw),Qwen-2.5-7B,cs,sweep,milora,MiLoRA,0.0002,43.0,qwsw_milora_r32_lr2e4,False,False,True,0.27,-0.5686362358410126,217.3840294702184,2.337227634654917,14.772384643554688,1.1694506072918625,5.647555159670966,14.7724,1.1694510587569549,5.647,36.75
qwsw_milora_r32_lr2e4_s44,qwsw,Qwen-CS (qwsw),Qwen-2.5-7B,cs,sweep,milora,MiLoRA,0.0002,44.0,qwsw_milora_r32_lr2e4,False,False,True,0.2863,-0.5431786519784013,217.10698291936623,2.3366737921074723,14.51461696624756,1.1618055794966633,5.663951851640429,14.5147,1.1618080639574957,5.6632,36.72
qwsw_milora_r32_lr2e4_s45,qwsw,Qwen-CS (qwsw),Qwen-2.5-7B,cs,sweep,milora,MiLoRA,0.0002,45.0,qwsw_milora_r32_lr2e4,False,False,True,0.2874,-0.5415132362017931,217.47908562511003,2.337417498374165,15.501022338867188,1.190360342137188,5.622372551901,15.5036,1.1904325548541526,5.6218,36.76
qwsw_milora_r32_lr2e5_s42,qwsw,Qwen-CS (qwsw),Qwen-2.5-7B,cs,sweep,milora,MiLoRA,2e-05,42.0,qwsw_milora_r32_lr2e5,False,False,True,0.1023,-0.9901243662878398,21.12266444663036,1.3247486999168487,2.772088050842285,0.4428070208126441,0.7492034518292972,2.7712,0.4426678703372526,0.7491,38.44
qwsw_milora_r32_lr2e5_s43,qwsw,Qwen-CS (qwsw),Qwen-2.5-7B,cs,sweep,milora,MiLoRA,2e-05,43.0,qwsw_milora_r32_lr2e5,False,False,True,0.1018,-0.99225222199926,21.09257710274812,1.3241296453215854,2.9212639331817627,0.465570796804485,0.7460970234658036,2.9206,0.4654720808734974,0.746,39.19
qwsw_milora_r32_lr2e5_s44,qwsw,Qwen-CS (qwsw),Qwen-2.5-7B,cs,sweep,milora,MiLoRA,2e-05,44.0,qwsw_milora_r32_lr2e5,False,False,True,0.1023,-0.9901243662878398,21.125272176914223,1.324802313085421,2.824188709259033,0.450893712440579,0.7490751543215343,2.8236,0.4508031732236461,0.749,38.57
qwsw_milora_r32_lr3e4_s42,qwsw,Qwen-CS (qwsw),Qwen-2.5-7B,cs,sweep,milora,MiLoRA,0.0003,42.0,qwsw_milora_r32_lr3e4,False,False,True,0.3856,-0.4138629747692068,339.6837935506116,2.531074827001204,19.61924934387207,1.292682386731454,8.024195884806769,19.6131,1.2925462426474263,8.0235,34.3
qwsw_milora_r32_lr3e4_s43,qwsw,Qwen-CS (qwsw),Qwen-2.5-7B,cs,sweep,milora,MiLoRA,0.0003,43.0,qwsw_milora_r32_lr3e4,False,False,True,0.3768,-0.4238891058791602,339.58762059851443,2.5309518499943304,17.295801162719727,1.2379406838692957,7.982983526161739,17.2962,1.2379506984867903,7.9821,33.96
qwsw_milora_r32_lr3e4_s44,qwsw,Qwen-CS (qwsw),Qwen-2.5-7B,cs,sweep,milora,MiLoRA,0.0003,44.0,qwsw_milora_r32_lr3e4,False,False,True,0.3854,-0.4140882896805658,339.9852482152764,2.53146007363728,23.925193786621094,1.378855464113223,8.15918550321034,23.9255,1.378861022518764,8.1585,34.5
qwsw_milora_r32_lr3e4_s45,qwsw,Qwen-CS (qwsw),Qwen-2.5-7B,cs,sweep,milora,MiLoRA,0.0003,45.0,qwsw_milora_r32_lr3e4,False,False,True,0.3686,-0.433444669116945,338.6107263736069,2.529700711395728,20.572851181030277,1.3132944845182544,7.998636760030474,20.5731,1.313299737074214,7.9973,34.58
qwsw_milora_r32_lr5e4_s42,qwsw,Qwen-CS (qwsw),Qwen-2.5-7B,cs,sweep,milora,MiLoRA,0.0005,42.0,qwsw_milora_r32_lr5e4,False,False,True,0.5616,-0.2505729008782511,562.0357505821592,2.749763941524114,41.796531677246094,1.6211402450303491,11.761401575803756,41.7975,1.6211503064479005,11.7588,14.3
qwsw_milora_r32_lr5e4_s43,qwsw,Qwen-CS (qwsw),Qwen-2.5-7B,cs,sweep,milora,MiLoRA,0.0005,43.0,qwsw_milora_r32_lr5e4,False,False,True,0.5611,-0.2509597312965427,561.9514289609591,2.7496987799003385,32.612030029296875,1.5133778335523953,11.557821424518313,32.6126,1.513385423787284,11.5558,11.9
qwsw_milora_r32_lr5e4_s44,qwsw,Qwen-CS (qwsw),Qwen-2.5-7B,cs,sweep,milora,MiLoRA,0.0005,44.0,qwsw_milora_r32_lr5e4,False,False,True,0.5639,-0.2487979054116468,561.4809334123271,2.74933501321652,32.61311721801758,1.5133923114058665,11.60217519572803,32.6142,1.5134067300960767,11.6002,10.72
qwsw_milora_r32_lr5e5_s42,qwsw,Qwen-CS (qwsw),Qwen-2.5-7B,cs,sweep,milora,MiLoRA,5e-05,42.0,qwsw_milora_r32_lr5e5,False,False,True,0.132,-0.8794260687941501,49.70660434021038,1.6964140957344562,6.140256881713867,0.7881865405185553,1.6198139484439578,6.139,0.7880976333802974,1.6194,39.41
qwsw_milora_r32_lr5e5_s43,qwsw,Qwen-CS (qwsw),Qwen-2.5-7B,cs,sweep,milora,MiLoRA,5e-05,43.0,qwsw_milora_r32_lr5e5,False,False,True,0.1295,-0.8877302315827293,49.652400575941,1.6959402504483505,6.526878356933594,0.8147055187163855,1.5989117171083178,6.5251,0.8145871718134452,1.5986,39.42
qwsw_milora_r32_lr5e5_s44,qwsw,Qwen-CS (qwsw),Qwen-2.5-7B,cs,sweep,milora,MiLoRA,5e-05,44.0,qwsw_milora_r32_lr5e5,False,False,False,0.1323,-0.878440155812499,49.7701264184454,1.69696874387369,5.751526832580566,0.7597831502448107,1.6238473511167937,5.75,0.7596678446896304,1.6236,38.7
qwsw_milora_r32_lr7e5_s42,qwsw,Qwen-CS (qwsw),Qwen-2.5-7B,cs,sweep,milora,MiLoRA,7e-05,42.0,qwsw_milora_r32_lr7e5,False,False,True,0.1538,-0.8130436645345878,69.60913570355333,1.842666241410439,7.974328994750977,0.9016941492668684,2.177641304901668,7.9743,0.901692570164319,2.1772,38.98
qwsw_sclora_r32_lr15e5_s42,qwsw,Qwen-CS (qwsw),Qwen-2.5-7B,cs,sweep,sclora,SC-LoRA,0.00015,42.0,qwsw_sclora_r32_lr15e5,False,False,True,0.3737,-0.4274769021503624,227.41339341196863,2.3568160386877888,12.046764373779297,1.08087041593091,4.113747781089374,12.0382,1.080561554321455,4.113,35.28
qwsw_sclora_r32_lr1e3_s42,qwsw,Qwen-CS (qwsw),Qwen-2.5-7B,cs,sweep,sclora,SC-LoRA,0.001,42.0,qwsw_sclora_r32_lr1e3,False,True,True,2.6995,0.4312833318072613,1507.546334853978,3.178270669178462,140.30703735351562,2.1470794544007834,32.57483818190438,140.3092,2.1470861484213675,32.5707,2.23
qwsw_sclora_r32_lr1e3_s43,qwsw,Qwen-CS (qwsw),Qwen-2.5-7B,cs,sweep,sclora,SC-LoRA,0.001,43.0,qwsw_sclora_r32_lr1e3,False,False,True,1.0935,0.0388187873736558,1053.2278902433875,3.022522351021218,99.28701782226562,1.996892466453705,19.30670240521431,99.2904,1.9969072602922304,19.3045,6.24
qwsw_sclora_r32_lr1e3_s44,qwsw,Qwen-CS (qwsw),Qwen-2.5-7B,cs,sweep,sclora,SC-LoRA,0.001,44.0,qwsw_sclora_r32_lr1e3,False,False,True,1.084,0.0350292822023681,1054.6459655132817,3.023106695625966,99.92478942871094,1.9996732417453,19.38585484623909,99.9238,1.9996689414554591,19.3834,4.78
qwsw_sclora_r32_lr1e4_s42,qwsw,Qwen-CS (qwsw),Qwen-2.5-7B,cs,sweep,sclora,SC-LoRA,0.0001,42.0,qwsw_sclora_r32_lr1e4,False,False,True,0.4408,-0.3557584141562713,170.25073667081347,2.2310889997705914,11.647764205932615,1.0662425703224268,3.784306445292064,11.6482,1.0662588188843716,3.7838,9.44
qwsw_sclora_r32_lr1e4_s43,qwsw,Qwen-CS (qwsw),Qwen-2.5-7B,cs,sweep,sclora,SC-LoRA,0.0001,43.0,qwsw_sclora_r32_lr1e4,False,False,True,0.2994,-0.5237482039929664,158.1658705406787,2.199112776033152,8.556611061096191,0.9323017916762584,2.9559180089405603,8.5567,0.9323063057851896,2.9557,36.22
qwsw_sclora_r32_lr1e4_s44,qwsw,Qwen-CS (qwsw),Qwen-2.5-7B,cs,sweep,sclora,SC-LoRA,0.0001,44.0,qwsw_sclora_r32_lr1e4,False,False,True,0.3024,-0.519418213170831,158.2891192163389,2.1994510625142,8.753891944885254,0.9422011815243304,2.9755049582038606,8.7536,0.942186697433394,2.9751,37.88
qwsw_sclora_r32_lr2e4_s42,qwsw,Qwen-CS (qwsw),Qwen-2.5-7B,cs,sweep,sclora,SC-LoRA,0.0002,42.0,qwsw_sclora_r32_lr2e4,False,False,True,0.6277,-0.2022478713492892,318.2100069362179,2.502713833037918,19.836368560791016,1.2974621689087869,6.348214741264071,19.8345,1.2974212569917716,6.3477,7.39
qwsw_sclora_r32_lr2e4_s43,qwsw,Qwen-CS (qwsw),Qwen-2.5-7B,cs,sweep,sclora,SC-LoRA,0.0002,43.0,qwsw_sclora_r32_lr2e4,False,False,True,0.426,-0.370590400897281,294.02435974450594,2.468383312944004,13.839927673339844,1.1411338205288692,5.226666291270937,13.8391,1.1411078475092489,5.2256,29.82
qwsw_sclora_r32_lr2e4_s44,qwsw,Qwen-CS (qwsw),Qwen-2.5-7B,cs,sweep,sclora,SC-LoRA,0.0002,44.0,qwsw_sclora_r32_lr2e4,False,False,True,0.4343,-0.3622101706377709,293.9482210318172,2.46827083619238,17.81052589416504,1.2506767431332049,5.237516473020826,17.7984,1.250380962848047,5.2365,30.02
qwsw_sclora_r32_lr2e5_s42,qwsw,Qwen-CS (qwsw),Qwen-2.5-7B,cs,sweep,sclora,SC-LoRA,2e-05,42.0,qwsw_sclora_r32_lr2e5,False,False,True,0.1703,-0.768785352037399,42.03093974241671,1.623569100221555,4.322263717651367,0.6357112613039809,1.2655377912734236,4.3215,0.6356345173360942,1.2649,39.78
qwsw_sclora_r32_lr2e5_s43,qwsw,Qwen-CS (qwsw),Qwen-2.5-7B,cs,sweep,sclora,SC-LoRA,2e-05,43.0,qwsw_sclora_r32_lr2e5,False,False,True,0.1167,-0.9329291439546298,38.8815941122803,1.5897440623235406,3.2319321632385254,0.5094622365578814,0.9919995174876282,3.2279,0.5089200718614011,0.9915,39.75
qwsw_sclora_r32_lr2e5_s44,qwsw,Qwen-CS (qwsw),Qwen-2.5-7B,cs,sweep,sclora,SC-LoRA,2e-05,44.0,qwsw_sclora_r32_lr2e5,False,False,True,0.117,-0.9318141382538384,38.96517722485298,1.5906766558761298,3.261873245239258,0.5134670805660848,0.9952104932495526,3.2573,0.5128577592847242,0.9947,39.8
qwsw_sclora_r32_lr3e4_s42,qwsw,Qwen-CS (qwsw),Qwen-2.5-7B,cs,sweep,sclora,SC-LoRA,0.0003,42.0,qwsw_sclora_r32_lr3e4,False,False,True,0.7187,-0.1434523551432521,450.3481154856388,2.653548349746812,34.682125091552734,1.540105700316838,8.622213378122874,34.6834,1.5401216646075402,8.621,6.75
qwsw_sclora_r32_lr3e4_s43,qwsw,Qwen-CS (qwsw),Qwen-2.5-7B,cs,sweep,sclora,SC-LoRA,0.0003,43.0,qwsw_sclora_r32_lr3e4,False,False,True,0.5346,-0.2719710455794816,419.6673703859587,2.6229052036355767,22.820789337158203,1.3583306619421234,7.34161188687597,22.8149,1.358218569556483,7.3402,29.0
qwsw_sclora_r32_lr3e4_s44,qwsw,Qwen-CS (qwsw),Qwen-2.5-7B,cs,sweep,sclora,SC-LoRA,0.0003,44.0,qwsw_sclora_r32_lr3e4,False,False,True,0.5221,-0.2822463067892844,419.6605194128372,2.6228981138203604,25.07573699951172,1.3992537062036186,7.420187445197786,25.0582,1.3989498712014805,7.4187,28.58
qwsw_sclora_r32_lr5e4_s42,qwsw,Qwen-CS (qwsw),Qwen-2.5-7B,cs,sweep,sclora,SC-LoRA,0.0005,42.0,qwsw_sclora_r32_lr5e4,False,False,True,0.9078,-0.0420098215931696,672.2593357488294,2.827536842038587,86.16429138183594,1.9353273207105293,12.679738970313752,86.1634,1.9353228278491728,12.6774,6.88
qwsw_sclora_r32_lr5e4_s43,qwsw,Qwen-CS (qwsw),Qwen-2.5-7B,cs,sweep,sclora,SC-LoRA,0.0005,43.0,qwsw_sclora_r32_lr5e4,False,False,True,0.704,-0.1524273408578878,630.8388555904844,2.7999184352098765,33.248809814453125,1.5217761037664397,11.28967823471342,33.2248,1.5214623753436542,11.2879,6.7
qwsw_sclora_r32_lr5e4_s44,qwsw,Qwen-CS (qwsw),Qwen-2.5-7B,cs,sweep,sclora,SC-LoRA,0.0005,44.0,qwsw_sclora_r32_lr5e4,False,False,True,0.7207,-0.1422454779405577,632.0950969045358,2.800782421564018,39.77802276611328,1.5996431919832963,11.44921481864793,39.7706,1.5995621430283122,11.4474,19.06
qwsw_sclora_r32_lr5e5_s42,qwsw,Qwen-CS (qwsw),Qwen-2.5-7B,cs,sweep,sclora,SC-LoRA,5e-05,42.0,qwsw_sclora_r32_lr5e5,False,False,True,0.2754,-0.5600360640790951,91.7001413171478,1.9623700049525752,7.079726696014404,0.8500164926186078,2.3182019819106374,7.0801,0.8500393917493012,2.3178,39.04
qwsw_sclora_r32_lr5e5_s43,qwsw,Qwen-CS (qwsw),Qwen-2.5-7B,cs,sweep,sclora,SC-LoRA,5e-05,43.0,qwsw_sclora_r32_lr5e5,False,False,True,0.1968,-0.7059749059046773,85.43701724588446,1.9316460779772573,5.683760643005371,0.7546357804428415,1.8165694898792677,5.6829,0.7545700139841471,1.8162,38.27
qwsw_sclora_r32_lr5e5_s44,qwsw,Qwen-CS (qwsw),Qwen-2.5-7B,cs,sweep,sclora,SC-LoRA,5e-05,44.0,qwsw_sclora_r32_lr5e5,False,False,True,0.2012,-0.6963720236161103,85.67501295775554,1.9328541787859583,5.8173909187316895,0.7647282486262278,1.8277964179004944,5.8166,0.7646691989598261,1.8275,39.08
qwsw_sclora_r32_lr7e5_s42,qwsw,Qwen-CS (qwsw),Qwen-2.5-7B,cs,sweep,sclora,SC-LoRA,7e-05,42.0,qwsw_sclora_r32_lr7e5,False,False,True,0.2465,-0.6081830763867512,115.2534997715058,2.061654121986854,6.952465057373047,0.8421388148065022,2.3118455605847497,6.9515,0.8420785270985314,2.3116,37.79
qwswm_clora_k1024_lr1e3_s42,qwswm,Qwen-Math (qwswm),Qwen-2.5-7B,math,sweep,clora,CLoRA,0.001,42.0,qwswm_clora_k1024_lr1e3,False,False,True,0.4423,-0.3542830606303961,559.2510779864559,2.7476068298953877,39.98319625854492,1.6018775086906585,8.465878698265755,39.996,1.6020165597081548,8.4642,32.24
qwswm_clora_k1024_lr1e3_s43,qwswm,Qwen-Math (qwswm),Qwen-2.5-7B,math,sweep,clora,CLoRA,0.001,43.0,qwswm_clora_k1024_lr1e3,False,False,True,0.4335,-0.3630108981877709,557.9012405068615,2.746557327075696,28.261445999145508,1.4511943787929322,8.077564235998528,28.2526,1.4510584207818125,8.0758,31.48
qwswm_clora_k1024_lr1e3_s44,qwswm,Qwen-Math (qwswm),Qwen-2.5-7B,math,sweep,clora,CLoRA,0.001,44.0,qwswm_clora_k1024_lr1e3,False,False,True,0.4318,-0.364717362001788,559.7253397896304,2.7479749686571293,28.60699844360352,1.456472292346858,8.086065999849493,28.6005,1.4563736256235478,8.0843,31.48
qwswm_clora_k1024_lr1e4_s42,qwswm,Qwen-Math (qwswm),Qwen-2.5-7B,math,sweep,clora,CLoRA,0.0001,42.0,qwswm_clora_k1024_lr1e4,False,False,True,0.0537,-1.2700257143004443,48.3866134949104,1.684725227565545,6.125950813293457,0.7871735054315411,1.1707907356673397,6.1105,0.7860767484351114,1.17,43.86
qwswm_clora_k1024_lr1e4_s43,qwswm,Qwen-Math (qwswm),Qwen-2.5-7B,math,sweep,clora,CLoRA,0.0001,43.0,qwswm_clora_k1024_lr1e4,False,False,True,0.0538,-1.269217724333611,48.34720561239136,1.6843713776498437,5.717251300811768,0.7571872819741519,1.1639782199269186,5.7126,0.7568338155405882,1.1636,43.34
qwswm_clora_k1024_lr1e4_s44,qwswm,Qwen-Math (qwswm),Qwen-2.5-7B,math,sweep,clora,CLoRA,0.0001,44.0,qwswm_clora_k1024_lr1e4,False,False,True,0.0531,-1.274905478918531,48.42110574468869,1.6850347027705943,6.5880632400512695,0.8187577593916878,1.1586367303439538,6.5698,0.8175521488263773,1.1581,42.56
qwswm_clora_k1024_lr2e4_s42,qwswm,Qwen-Math (qwswm),Qwen-2.5-7B,math,sweep,clora,CLoRA,0.0002,42.0,qwswm_clora_k1024_lr2e4,False,False,True,0.0814,-1.0893755951107988,88.808186633573,1.9484530023316005,9.30404281616211,0.9686717002995144,1.7963447640987786,9.2964,0.9683148020143488,1.7957,45.57
qwswm_clora_k1024_lr2e4_s43,qwswm,Qwen-Math (qwswm),Qwen-2.5-7B,math,sweep,clora,CLoRA,0.0002,43.0,qwswm_clora_k1024_lr2e4,False,False,True,0.0829,-1.0814454694497264,88.96235424802325,1.9492062673067412,10.036083221435549,1.001564253923998,1.814531280596644,10.0284,1.0012316482147987,1.8139,43.75
qwswm_clora_k1024_lr2e4_s44,qwswm,Qwen-Math (qwswm),Qwen-2.5-7B,math,sweep,clora,CLoRA,0.0002,44.0,qwswm_clora_k1024_lr2e4,False,False,True,0.0832,-1.079876673709276,88.98205028188693,1.9493024083332595,9.770277976989746,0.989906920131808,1.8187222357768145,9.7624,0.989556598263526,1.8183,43.56
qwswm_clora_k1024_lr2e5_s42,qwswm,Qwen-Math (qwswm),Qwen-2.5-7B,math,sweep,clora,CLoRA,2e-05,42.0,qwswm_clora_k1024_lr2e5,False,False,True,0.0301,-1.5214335044061569,13.254381991527096,1.1223594828102132,2.137171745300293,0.329839423913786,0.4367083776461316,2.1364,0.3296825692970997,0.4365,43.42
qwswm_clora_k1024_lr2e5_s43,qwswm,Qwen-Math (qwswm),Qwen-2.5-7B,math,sweep,clora,CLoRA,2e-05,43.0,qwswm_clora_k1024_lr2e5,False,False,True,0.0303,-1.518557371497695,13.288761265947969,1.123484499344786,2.2305798530578613,0.3484177752672255,0.4376103286017366,2.2299,0.3482853875226119,0.4374,43.12
qwswm_clora_k1024_lr2e5_s44,qwswm,Qwen-Math (qwswm),Qwen-2.5-7B,math,sweep,clora,CLoRA,2e-05,44.0,qwswm_clora_k1024_lr2e5,False,False,False,0.0305,-1.515700160653214,13.306005915455463,1.1240477121845154,2.1041407585144043,0.3230747889994507,0.4406420118178565,2.1036,0.3229631621414198,0.4404,43.6
qwswm_clora_k1024_lr3e4_s42,qwswm,Qwen-Math (qwswm),Qwen-2.5-7B,math,sweep,clora,CLoRA,0.0003,42.0,qwswm_clora_k1024_lr3e4,False,False,True,0.1116,-0.95233580539844,131.71798939791267,2.1196450928259605,10.24351978302002,1.0104492105155451,2.3607721827068286,10.2408,1.010333884570918,2.3601,43.98
qwswm_clora_k1024_lr3e4_s43,qwswm,Qwen-Math (qwswm),Qwen-2.5-7B,math,sweep,clora,CLoRA,0.0003,43.0,qwswm_clora_k1024_lr3e4,False,False,True,0.111,-0.9546770212133424,132.05957104656386,2.120769882272045,11.55677890777588,1.062836804888075,2.3868506881585096,10.2738,1.0117311070626598,2.3632,43.86
qwswm_clora_k1024_lr3e4_s44,qwswm,Qwen-Math (qwswm),Qwen-2.5-7B,math,sweep,clora,CLoRA,0.0003,44.0,qwswm_clora_k1024_lr3e4,False,False,True,0.1131,-0.9465373950745448,131.789418164555,2.1198805406279684,10.770438194274902,1.032233372887978,2.36784598957833,11.0799,1.0445358407494352,2.3676,43.0
qwswm_clora_k1024_lr5e4_s42,qwswm,Qwen-Math (qwswm),Qwen-2.5-7B,math,sweep,clora,CLoRA,0.0005,42.0,qwswm_clora_k1024_lr5e4,False,False,True,0.1895,-0.7223907856959089,234.23557637158223,2.3696528576384046,22.04836654663086,1.343376420286308,3.6348724024522583,22.0476,1.3433613210834554,3.6341,43.53
qwswm_clora_k1024_lr5e4_s43,qwswm,Qwen-Math (qwswm),Qwen-2.5-7B,math,sweep,clora,CLoRA,0.0005,43.0,qwswm_clora_k1024_lr5e4,False,False,True,0.1841,-0.7349462114959853,232.30607620238905,2.366060569363977,16.50698471069336,1.217667749028777,3.582540178959451,16.5079,1.2176918293851862,3.5818,42.08
qwswm_clora_k1024_lr5e4_s44,qwswm,Qwen-Math (qwswm),Qwen-2.5-7B,math,sweep,clora,CLoRA,0.0005,44.0,qwswm_clora_k1024_lr5e4,False,False,True,0.1849,-0.7330630888408269,233.53645658590824,2.368354686436242,16.148849487304688,1.2081415867839322,3.560082455794327,16.1384,1.207860475515202,3.5591,39.51
qwswm_clora_k1024_lr5e5_s42,qwswm,Qwen-Math (qwswm),Qwen-2.5-7B,math,sweep,clora,CLoRA,5e-05,42.0,qwswm_clora_k1024_lr5e5,False,False,True,0.0386,-1.413412695328245,27.24244967342247,1.4352461572721626,3.6529717445373535,0.5626463129896421,0.748054844433318,3.6464,0.5618643078363004,0.7477,43.46
qwswm_clora_k1024_lr5e5_s43,qwswm,Qwen-Math (qwswm),Qwen-2.5-7B,math,sweep,clora,CLoRA,5e-05,43.0,qwswm_clora_k1024_lr5e5,False,False,True,0.0387,-1.4122890349810886,27.337632052572435,1.4367608938807193,3.9310014247894287,0.5945032012299275,0.7642090685019346,3.9256,0.5939060449728591,0.7638,44.06
qwswm_clora_k1024_lr5e5_s44,qwswm,Qwen-Math (qwswm),Qwen-2.5-7B,math,sweep,clora,CLoRA,5e-05,44.0,qwswm_clora_k1024_lr5e5,False,False,True,0.0383,-1.4168012260313771,27.28620759909061,1.4359431790103476,3.899421453475952,0.5910001767184622,0.7499794191343037,3.8981,0.5908529761082127,0.7497,43.78
qwswm_dora_r16_lr1e3_s42,qwswm,Qwen-Math (qwswm),Qwen-2.5-7B,math,sweep,dora,DoRA,0.001,42.0,qwswm_dora_r16_lr1e3,False,False,True,0.6778,-0.1688984354986406,779.4373398567044,2.8917812073397617,111.4010238647461,2.046889182370619,17.86880133492606,111.338,2.046643415670712,17.8689,22.56
qwswm_dora_r16_lr1e3_s44,qwswm,Qwen-Math (qwswm),Qwen-2.5-7B,math,sweep,dora,DoRA,0.001,44.0,qwswm_dora_r16_lr1e3,False,False,True,0.6779,-0.1688343660905575,783.5196697055111,2.8940499035963603,67.94491577148438,1.8321569646005245,17.42918337413243,67.9669,1.8322974620129429,17.4312,28.98
qwswm_dora_r16_lr1e4_s42,qwswm,Qwen-Math (qwswm),Qwen-2.5-7B,math,sweep,dora,DoRA,0.0001,42.0,qwswm_dora_r16_lr1e4,False,False,True,0.0703,-1.153044674980176,49.729061343175175,1.6966102618196628,5.869334220886231,0.7685888404990667,1.9009809740952084,5.8574,0.7677048828739664,1.8999,44.12
qwswm_dora_r16_lr1e4_s43,qwswm,Qwen-Math (qwswm),Qwen-2.5-7B,math,sweep,dora,DoRA,0.0001,43.0,qwswm_dora_r16_lr1e4,False,False,True,0.071,-1.1487416512809248,49.926647168491854,1.6983324019230348,6.072073459625244,0.7833370169909984,1.9270196889128004,6.0659,0.7828952464286228,1.926,43.42
qwswm_dora_r16_lr2e4_s42,qwswm,Qwen-Math (qwswm),Qwen-2.5-7B,math,sweep,dora,DoRA,0.0002,42.0,qwswm_dora_r16_lr2e4,False,False,True,0.1125,-0.9488474775526188,102.14909762119586,2.0092345344548472,10.309919357299805,1.0132552683080878,3.3173285471541543,10.3065,1.0131112075965896,3.3144,44.28
qwswm_dora_r16_lr2e4_s43,qwswm,Qwen-Math (qwswm),Qwen-2.5-7B,math,sweep,dora,DoRA,0.0002,43.0,qwswm_dora_r16_lr2e4,False,False,False,0.112,-0.9507819773298184,102.00600666538678,2.0086257461229424,9.959811210632324,0.9982511063998348,3.334407788515091,9.9542,0.9980063623497152,3.3322,44.46
qwswm_dora_r16_lr2e5_s42,qwswm,Qwen-Math (qwswm),Qwen-2.5-7B,math,sweep,dora,DoRA,2e-05,42.0,qwswm_dora_r16_lr2e5,False,False,True,0.0394,-1.4045037781744258,11.270461415657964,1.0519416965405206,2.3164453506469727,0.3648220588269266,0.5464219814432519,2.313,0.3641756327706194,0.546,43.64
qwswm_dora_r16_lr2e5_s43,qwswm,Qwen-Math (qwswm),Qwen-2.5-7B,math,sweep,dora,DoRA,2e-05,43.0,qwswm_dora_r16_lr2e5,False,False,True,0.0396,-1.4023048140744876,11.252572725516956,1.0512518284702048,2.135704278945923,0.329541117779219,0.5480655485498054,2.1306,0.3285019226852591,0.5476,43.52
qwswm_dora_r16_lr3e4_s42,qwswm,Qwen-Math (qwswm),Qwen-2.5-7B,math,sweep,dora,DoRA,0.0003,42.0,qwswm_dora_r16_lr3e4,False,False,True,0.1568,-0.8046539416515803,158.77264230796425,2.2007756724094207,14.07029151916504,1.1483030955764078,4.494934814316886,14.071,1.148324963038817,4.4928,36.39
qwswm_dora_r16_lr5e4_s42,qwswm,Qwen-Math (qwswm),Qwen-2.5-7B,math,sweep,dora,DoRA,0.0005,42.0,qwswm_dora_r16_lr5e4,False,False,True,0.2603,-0.5845258318907643,282.35558584017383,2.450796383805033,29.38695526123047,1.4681545917975007,6.926107672282628,29.3591,1.4677427381982355,6.9244,40.04
qwswm_dora_r16_lr5e5_s42,qwswm,Qwen-Math (qwswm),Qwen-2.5-7B,math,sweep,dora,DoRA,5e-05,42.0,qwswm_dora_r16_lr5e5,False,False,True,0.0513,-1.2898826348881838,25.43123471347529,1.4053674461462786,3.806354522705078,0.5805092358911148,1.086527618552957,3.8026,0.5800806438630073,1.0858,43.3
qwswm_dora_r16_lr5e5_s44,qwswm,Qwen-Math (qwswm),Qwen-2.5-7B,math,sweep,dora,DoRA,5e-05,44.0,qwswm_dora_r16_lr5e5,False,False,True,0.0507,-1.294992040666664,25.529084698716744,1.4070352442040728,3.480377435684204,0.5416263443334776,1.09041863573449,3.4768,0.5411797089764493,1.0896,43.72
qwswm_lora_null_r16_lr1e3_s42,qwswm,Qwen-Math (qwswm),Qwen-2.5-7B,math,sweep,lora_null,LoRA-Null,0.001,42.0,qwswm_lora_null_r16_lr1e3,False,False,True,0.3938,-0.4047242881979006,468.9759839802665,2.6711506032867227,29.30842399597168,1.4669924657173468,10.034594965832571,29.2563,1.4662194006960176,10.0337,38.58
qwswm_lora_null_r16_lr1e3_s43,qwswm,Qwen-Math (qwswm),Qwen-2.5-7B,math,sweep,lora_null,LoRA-Null,0.001,43.0,qwswm_lora_null_r16_lr1e3,False,False,True,0.3918,-0.4069355683412824,471.5696061958912,2.673545805993067,40.45309066772461,1.6069517078682345,10.15122636301177,40.4582,1.6070065569454903,10.1509,39.8
qwswm_lora_null_r16_lr1e3_s44,qwswm,Qwen-Math (qwswm),Qwen-2.5-7B,math,sweep,lora_null,LoRA-Null,0.001,44.0,qwswm_lora_null_r16_lr1e3,False,False,True,0.3703,-0.4314462879505574,471.5190935002936,2.6734992835715974,27.825929641723636,1.4444496826752584,10.015469838891711,27.8072,1.4441572605013382,10.0152,38.54
qwswm_lora_null_r16_lr1e4_s42,qwswm,Qwen-Math (qwswm),Qwen-2.5-7B,math,sweep,lora_null,LoRA-Null,0.0001,42.0,qwswm_lora_null_r16_lr1e4,False,False,True,0.0553,-1.2572748686953017,47.19371748261242,1.6738841883748738,4.980499744415283,0.6972729221478348,1.292487624287605,4.9803,0.6972555042899145,1.2922,42.34
qwswm_lora_null_r16_lr1e4_s43,qwswm,Qwen-Math (qwswm),Qwen-2.5-7B,math,sweep,lora_null,LoRA-Null,0.0001,43.0,qwswm_lora_null_r16_lr1e4,False,False,True,0.0551,-1.2588484011482148,47.16875210507947,1.6736543867174662,4.956376552581787,0.695164293768618,1.291599980315992,4.9561,0.6951400606196929,1.2913,43.77
qwswm_lora_null_r16_lr1e4_s44,qwswm,Qwen-Math (qwswm),Qwen-2.5-7B,math,sweep,lora_null,LoRA-Null,0.0001,44.0,qwswm_lora_null_r16_lr1e4,False,False,True,0.0553,-1.2572748686953017,47.18593970979724,1.6738126084619296,4.8772292137146,0.6881731664819123,1.2963110081851483,4.8773,0.6881794696242723,1.296,43.96
qwswm_lora_null_r16_lr2e4_s42,qwswm,Qwen-Math (qwswm),Qwen-2.5-7B,math,sweep,lora_null,LoRA-Null,0.0002,42.0,qwswm_lora_null_r16_lr2e4,False,False,True,0.0849,-1.0710923097560474,88.42016973299431,1.9465513442503808,7.781880378723144,0.891084550644061,2.251962908463818,7.7807,0.8910186705708951,2.2516,43.47
qwswm_lora_null_r16_lr2e4_s43,qwswm,Qwen-Math (qwswm),Qwen-2.5-7B,math,sweep,lora_null,LoRA-Null,0.0002,43.0,qwswm_lora_null_r16_lr2e4,False,False,True,0.0849,-1.0710923097560474,88.47134783690011,1.9468026436800656,8.053000450134277,0.9059577233679552,2.264083365031651,8.055,0.9060655447552368,2.2637,44.2
qwswm_lora_null_r16_lr2e4_s44,qwswm,Qwen-Math (qwswm),Qwen-2.5-7B,math,sweep,lora_null,LoRA-Null,0.0002,44.0,qwswm_lora_null_r16_lr2e4,False,False,True,0.0852,-1.0695604052333,88.38239741719818,1.9463657778433656,7.594475269317627,0.8804977722063808,2.258547717971461,7.5851,0.879961310786811,2.2581,43.5
qwswm_lora_null_r16_lr2e5_s42,qwswm,Qwen-Math (qwswm),Qwen-2.5-7B,math,sweep,lora_null,LoRA-Null,2e-05,42.0,qwswm_lora_null_r16_lr2e5,False,False,True,0.0292,-1.5346171485515816,13.201640017808984,1.1206278862393326,1.8220361471176147,0.2605569886292932,0.4430205222751413,1.822,0.2605483726369794,0.4429,43.44
qwswm_lora_null_r16_lr2e5_s43,qwswm,Qwen-Math (qwswm),Qwen-2.5-7B,math,sweep,lora_null,LoRA-Null,2e-05,43.0,qwswm_lora_null_r16_lr2e5,False,False,True,0.0292,-1.5346171485515816,13.222118993768053,1.1213010613186911,1.8972513675689695,0.2781248745449557,0.4445882234722376,1.8916,0.2768293053433887,0.4445,43.04
qwswm_lora_null_r16_lr2e5_s44,qwswm,Qwen-Math (qwswm),Qwen-2.5-7B,math,sweep,lora_null,LoRA-Null,2e-05,44.0,qwswm_lora_null_r16_lr2e5,False,False,True,0.0291,-1.5361070110140926,13.210195735766629,1.1209092526132842,1.8563612699508667,0.2686624989723289,0.4441563715359994,1.8556,0.268484363846722,0.4441,43.19
qwswm_lora_null_r16_lr3e4_s42,qwswm,Qwen-Math (qwswm),Qwen-2.5-7B,math,sweep,lora_null,LoRA-Null,0.0003,42.0,qwswm_lora_null_r16_lr3e4,False,False,True,0.1159,-0.935916564036404,129.9135661416105,2.11365450436643,10.582337379455566,1.0245816033215505,3.178966346808842,10.5711,1.0241201811649383,3.1786,42.37
qwswm_lora_null_r16_lr3e4_s43,qwswm,Qwen-Math (qwswm),Qwen-2.5-7B,math,sweep,lora_null,LoRA-Null,0.0003,43.0,qwswm_lora_null_r16_lr3e4,False,False,True,0.1156,-0.9370421659154896,130.57298520201354,2.115853333207874,10.514631271362305,1.021794047386535,3.173203553046499,10.5043,1.0213671165928522,3.1728,42.45
qwswm_lora_null_r16_lr3e4_s44,qwswm,Qwen-Math (qwswm),Qwen-2.5-7B,math,sweep,lora_null,LoRA-Null,0.0003,44.0,qwswm_lora_null_r16_lr3e4,False,False,True,0.1169,-0.93218548883816,130.45558967826506,2.115462692209088,9.885577201843262,0.9950020320975488,3.1875047436782293,9.8746,0.9945195122669848,3.1869,42.37
qwswm_lora_null_r16_lr5e4_s42,qwswm,Qwen-Math (qwswm),Qwen-2.5-7B,math,sweep,lora_null,LoRA-Null,0.0005,42.0,qwswm_lora_null_r16_lr5e4,False,False,True,0.1781,-0.7493360805367565,214.89090124289453,2.33221802729387,14.452085494995115,1.1599305220832794,4.851988248314176,14.4394,1.1595491473816164,4.8516,42.86
qwswm_lora_null_r16_lr5e4_s43,qwswm,Qwen-Math (qwswm),Qwen-2.5-7B,math,sweep,lora_null,LoRA-Null,0.0005,43.0,qwswm_lora_null_r16_lr5e4,False,False,True,0.1795,-0.745935547085662,215.46550959580117,2.3333777608492743,14.784293174743652,1.169800566085918,4.8807761383908135,14.7865,1.169865387616235,4.8805,43.71
qwswm_lora_null_r16_lr5e4_s44,qwswm,Qwen-Math (qwswm),Qwen-2.5-7B,math,sweep,lora_null,LoRA-Null,0.0005,44.0,qwswm_lora_null_r16_lr5e4,False,False,True,0.1775,-0.7508016426088872,215.3761164397996,2.333197541703387,16.07663345336914,1.206195109978496,4.908067025031362,16.0783,1.2062401277675896,4.9078,40.13
qwswm_lora_null_r16_lr5e5_s42,qwswm,Qwen-Math (qwswm),Qwen-2.5-7B,math,sweep,lora_null,LoRA-Null,5e-05,42.0,qwswm_lora_null_r16_lr5e5,False,False,True,0.0408,-1.38933983691012,26.34633003045361,1.420720127763866,3.317028522491455,0.5207492059504113,0.7916958056390285,3.3167,0.520706190772792,0.7915,42.88
qwswm_lora_null_r16_lr5e5_s44,qwswm,Qwen-Math (qwswm),Qwen-2.5-7B,math,sweep,lora_null,LoRA-Null,5e-05,44.0,qwswm_lora_null_r16_lr5e5,False,False,True,0.0406,-1.391473966422806,26.35048407197856,1.4207885978354005,3.2706048488616943,0.5146280762786174,0.7945026703178882,3.2693,0.5144547744704207,0.7944,43.56
qwswm_lora_r16_lr1e3_s42,qwswm,Qwen-Math (qwswm),Qwen-2.5-7B,math,sweep,lora,LoRA,0.001,42.0,qwswm_lora_r16_lr1e3,False,False,True,0.5871,-0.2312879196223364,708.9265959551644,2.850601269566735,42.50639343261719,1.6284542576662515,15.15339879649026,42.5072,1.6284624984133955,15.1548,8.88
qwswm_lora_r16_lr1e3_s43,qwswm,Qwen-Math (qwswm),Qwen-2.5-7B,math,sweep,lora,LoRA,0.001,43.0,qwswm_lora_r16_lr1e3,False,False,True,0.5824,-0.2347786336950192,705.1889663168089,2.8483055085263023,53.045677185058594,1.724649998017396,15.168840892825807,41.8975,1.622188109634631,15.2083,29.11
qwswm_lora_r16_lr1e3_s44,qwswm,Qwen-Math (qwswm),Qwen-2.5-7B,math,sweep,lora,LoRA,0.001,44.0,qwswm_lora_r16_lr1e3,False,False,True,0.5801,-0.236497134532403,703.2745009414028,2.8471248712151973,41.510372161865234,1.618156627069676,15.06129674400602,41.5107,1.618160057001118,15.0621,8.38
qwswm_lora_r16_lr1e4_s42,qwswm,Qwen-Math (qwswm),Qwen-2.5-7B,math,sweep,lora,LoRA,0.0001,42.0,qwswm_lora_r16_lr1e4,False,False,True,0.0718,-1.1438755557576996,50.01707799014478,1.6991183165463533,5.880180358886719,0.7693906471081091,1.930659160869462,5.8698,0.768623303909263,1.9295,42.8
qwswm_lora_r16_lr1e4_s43,qwswm,Qwen-Math (qwswm),Qwen-2.5-7B,math,sweep,lora,LoRA,0.0001,43.0,qwswm_lora_r16_lr1e4,False,False,True,0.0724,-1.1402614338028532,50.20375461575157,1.7007361981794105,5.833394527435303,0.76592134987316,1.9472110011747903,5.8269,0.7654375648859538,1.946,43.78
qwswm_lora_r16_lr1e4_s44,qwswm,Qwen-Math (qwswm),Qwen-2.5-7B,math,sweep,lora,LoRA,0.0001,44.0,qwswm_lora_r16_lr1e4,False,False,False,0.0721,-1.142064735280571,50.11137832634157,1.699936348288117,6.374046802520752,0.8044152480303838,1.9302085742354396,6.3671,0.8039416708324523,1.929,44.58
qwswm_lora_r16_lr2e4_s42,qwswm,Qwen-Math (qwswm),Qwen-2.5-7B,math,sweep,lora,LoRA,0.0002,42.0,qwswm_lora_r16_lr2e4,False,False,True,0.1153,-0.938170692705301,102.29140108863692,2.0098391271949,10.73820972442627,1.0309318817720872,3.328808885387012,10.7296,1.030583531748726,3.3265,43.92
qwswm_lora_r16_lr2e4_s43,qwswm,Qwen-Math (qwswm),Qwen-2.5-7B,math,sweep,lora,LoRA,0.0002,43.0,qwswm_lora_r16_lr2e4,False,False,True,0.1178,-0.9288547095489172,102.33722816036696,2.010033649777394,10.220369338989258,1.009466590415787,3.3861556044646672,10.2061,1.0088598192612948,3.3835,44.84
qwswm_lora_r16_lr2e4_s44,qwswm,Qwen-Math (qwswm),Qwen-2.5-7B,math,sweep,lora,LoRA,0.0002,44.0,qwswm_lora_r16_lr2e4,False,False,True,0.1135,-0.9450041384708584,101.97066121403086,2.00847523543172,10.852615356445312,1.0355344108112574,3.340600253854479,10.8407,1.0350573261435174,3.3383,44.34
qwswm_lora_r16_lr2e5_s42,qwswm,Qwen-Math (qwswm),Qwen-2.5-7B,math,sweep,lora,LoRA,2e-05,42.0,qwswm_lora_r16_lr2e5,False,False,True,0.0393,-1.4056074496245732,11.217937104751318,1.0499130007353616,2.2182857990264893,0.346017498956541,0.5421806353543486,2.2147,0.3453149056523136,0.5417,43.54
qwswm_lora_r16_lr2e5_s43,qwswm,Qwen-Math (qwswm),Qwen-2.5-7B,math,sweep,lora,LoRA,2e-05,43.0,qwswm_lora_r16_lr2e5,False,False,True,0.0394,-1.4045037781744258,11.282150610964004,1.0523918930381948,2.4315431118011475,0.3858819741103894,0.5445737986160176,2.4277,0.3851950183198801,0.5441,43.3
qwswm_lora_r16_lr2e5_s44,qwswm,Qwen-Math (qwswm),Qwen-2.5-7B,math,sweep,lora,LoRA,2e-05,44.0,qwswm_lora_r16_lr2e5,False,False,True,0.039,-1.408935392973501,11.21086365483965,1.0496390707647465,2.2641355991363525,0.3549024332022643,0.5389502181006329,2.2609,0.3542813538497285,0.5385,43.39
qwswm_lora_r16_lr3e4_s42,qwswm,Qwen-Math (qwswm),Qwen-2.5-7B,math,sweep,lora,LoRA,0.0003,42.0,qwswm_lora_r16_lr3e4,False,False,True,0.1585,-0.7999707334462297,159.23055309669323,2.202026403654089,14.68161678314209,1.166773884008775,4.471445424216134,14.6788,1.1666905532176546,4.4693,44.84
qwswm_lora_r16_lr3e4_s43,qwswm,Qwen-Math (qwswm),Qwen-2.5-7B,math,sweep,lora,LoRA,0.0003,43.0,qwswm_lora_r16_lr3e4,False,False,True,0.1677,-0.7754669373939143,159.70432156461527,2.2033166682128225,14.46164894104004,1.1602178147542372,4.504747236200742,14.4632,1.1602643917544793,4.5021,44.8
qwswm_lora_r16_lr3e4_s44,qwswm,Qwen-Math (qwswm),Qwen-2.5-7B,math,sweep,lora,LoRA,0.0003,44.0,qwswm_lora_r16_lr3e4,False,False,True,0.1569,-0.8043770564130633,158.23486015408253,2.199302167560908,13.812836647033691,1.140282875801488,4.496314281650952,13.8117,1.1402471365931754,4.494,44.52
qwswm_lora_r16_lr5e4_s42,qwswm,Qwen-Math (qwswm),Qwen-2.5-7B,math,sweep,lora,LoRA,0.0005,42.0,qwswm_lora_r16_lr5e4,False,False,True,0.2468,-0.6076548446387959,281.18964653867,2.4489993258289267,28.310752868652344,1.4519514187241194,6.8022718165602,28.3036,1.451841677951873,6.8011,41.89
qwswm_lora_r16_lr5e4_s43,qwswm,Qwen-Math (qwswm),Qwen-2.5-7B,math,sweep,lora,LoRA,0.0005,43.0,qwswm_lora_r16_lr5e4,False,False,True,0.2414,-0.6172627342386696,279.02267190920736,2.445639493184076,22.000717163085938,1.3424368378628615,6.657249986273902,21.9554,1.3415413538161884,6.6557,42.35
qwswm_lora_r16_lr5e4_s44,qwswm,Qwen-Math (qwswm),Qwen-2.5-7B,math,sweep,lora,LoRA,0.0005,44.0,qwswm_lora_r16_lr5e4,False,False,True,0.2425,-0.6152882570617175,279.0389576423364,2.4456648409365798,22.531009674072266,1.352780654043089,6.647787644181933,22.4769,1.3517364134036538,6.6464,42.72
qwswm_lora_r16_lr5e5_s42,qwswm,Qwen-Math (qwswm),Qwen-2.5-7B,math,sweep,lora,LoRA,5e-05,42.0,qwswm_lora_r16_lr5e5,False,False,True,0.0517,-1.2865094569060576,25.500941959965253,1.4065562228049158,3.848068237304688,0.5852427647228768,1.0808496040957314,3.8444,0.5848285685789744,1.0801,43.56
qwswm_lora_r16_lr5e5_s43,qwswm,Qwen-Math (qwswm),Qwen-2.5-7B,math,sweep,lora,LoRA,5e-05,43.0,qwswm_lora_r16_lr5e5,False,False,True,0.0514,-1.2890368810047244,25.40335853385357,1.404891137733979,3.377276659011841,0.5285666385331922,1.079673532396555,3.3741,0.5281579498608755,1.0789,43.39
qwswm_lora_r16_lr5e5_s44,qwswm,Qwen-Math (qwswm),Qwen-2.5-7B,math,sweep,lora,LoRA,5e-05,44.0,qwswm_lora_r16_lr5e5,False,False,True,0.0513,-1.2898826348881838,25.493023903862326,1.4064213531966283,3.709497213363648,0.5693150491678222,1.0841460103435177,3.706,0.5689054149828787,1.0833,43.79
qwswm_lora_r32_lr15e5_s42,qwswm,Qwen-Math (qwswm),Qwen-2.5-7B,math,sweep,lora,LoRA,0.00015,42.0,qwswm_lora_r32_lr15e5,False,False,True,0.105,-0.978810700930062,94.39560311122024,1.9749517656009647,8.603654861450195,0.9346829801935616,2.711135681186404,8.5945,0.9342206159204198,2.7101,44.18
qwswm_lora_r32_lr1e3_s42,qwswm,Qwen-Math (qwswm),Qwen-2.5-7B,math,sweep,lora,LoRA,0.001,42.0,qwswm_lora_r32_lr1e3,False,False,True,0.9033,-0.0441679897675782,1055.6309501660523,3.023512114864877,89.4748306274414,1.951700884959363,18.64606178402901,89.4772,1.9517123853086376,18.6432,17.7
qwswm_lora_r32_lr1e3_s43,qwswm,Qwen-Math (qwswm),Qwen-2.5-7B,math,sweep,lora,LoRA,0.001,43.0,qwswm_lora_r32_lr1e3,False,False,True,0.9379,-0.0278434641405063,1056.6599474995464,3.0239352458831226,85.89921569824219,1.9339891985287911,18.72077817746571,85.9007,1.9339967028871057,18.7175,6.54
qwswm_lora_r32_lr1e3_s44,qwswm,Qwen-Math (qwswm),Qwen-2.5-7B,math,sweep,lora,LoRA,0.001,44.0,qwswm_lora_r32_lr1e3,False,False,True,0.9464,-0.023925268380126,1056.7353288340842,3.0239662270232897,79.5570297241211,1.900678560293218,18.915549865790776,79.4378,1.9000272080315035,18.9116,6.7
qwswm_lora_r32_lr1e4_s42,qwswm,Qwen-Math (qwswm),Qwen-2.5-7B,math,sweep,lora,LoRA,0.0001,42.0,qwswm_lora_r32_lr1e4,False,False,True,0.0781,-1.1073489661226996,61.52865161124448,1.789077397710935,7.158281803131104,0.8548087914465237,1.963391528385026,7.1525,0.8544578664773003,1.9628,43.46
qwswm_lora_r32_lr1e4_s43,qwswm,Qwen-Math (qwswm),Qwen-2.5-7B,math,sweep,lora,LoRA,0.0001,43.0,qwswm_lora_r32_lr1e4,False,False,True,0.078,-1.1079053973095196,61.647191210045925,1.789913293912012,7.509658336639404,0.8756201785637465,1.959094282984733,7.5042,0.8753044002296034,1.9584,44.39
qwswm_lora_r32_lr1e4_s44,qwswm,Qwen-Math (qwswm),Qwen-2.5-7B,math,sweep,lora,LoRA,0.0001,44.0,qwswm_lora_r32_lr1e4,False,False,True,0.0778,-1.109020403010311,61.42424367836321,1.7883398176822674,6.966267108917236,0.843000122678177,1.9616598331502504,6.9606,0.8426466771763715,1.9607,44.74
qwswm_lora_r32_lr2e4_ep6_s42,qwswm,Qwen-Math (qwswm),Qwen-2.5-7B,math,sweep,lora,LoRA,0.0002,42.0,qwswm_lora_r32_lr2e4_ep6,False,False,True,0.2064,-0.6852903070448263,214.1442156846314,2.330706348029,17.34280014038086,1.2391192192841984,4.714503173742975,17.3437,1.2391417527808375,4.7135,41.45
qwswm_lora_r32_lr2e4_ep6_s43,qwswm,Qwen-Math (qwswm),Qwen-2.5-7B,math,sweep,lora,LoRA,0.0002,43.0,qwswm_lora_r32_lr2e4_ep6,False,False,True,0.2199,-0.6577747706392096,215.6626256996545,2.3337748884554523,19.126192092895508,1.281628513275692,4.787605734382357,19.1281,1.2816718335664523,4.7868,44.34
qwswm_lora_r32_lr2e4_ep6_s44,qwswm,Qwen-Math (qwswm),Qwen-2.5-7B,math,sweep,lora,LoRA,0.0002,44.0,qwswm_lora_r32_lr2e4_ep6,False,False,True,0.2039,-0.69058277422186,214.56232675688952,2.3315534701094944,15.46184253692627,1.1892612461113534,4.721708212154252,15.4542,1.1890465283525415,4.7207,43.22
qwswm_lora_r32_lr2e4_s42,qwswm,Qwen-Math (qwswm),Qwen-2.5-7B,math,sweep,lora,LoRA,0.0002,42.0,qwswm_lora_r32_lr2e4,False,False,True,0.1358,-0.8671002300555171,131.90618769887138,2.1202651687112213,12.020845413208008,1.079935012207481,3.412572931391852,12.0199,1.07990085455284,3.4119,43.6
qwswm_lora_r32_lr2e4_s43,qwswm,Qwen-Math (qwswm),Qwen-2.5-7B,math,sweep,lora,LoRA,0.0002,43.0,qwswm_lora_r32_lr2e4,False,False,True,0.1437,-0.8425432318657744,132.41823518107,2.121947795475292,12.227516174316406,1.0873382459698455,3.4307381387267792,12.2235,1.0871955768597172,3.4297,44.46
qwswm_lora_r32_lr2e4_s44,qwswm,Qwen-Math (qwswm),Qwen-2.5-7B,math,sweep,lora,LoRA,0.0002,44.0,qwswm_lora_r32_lr2e4,False,False,True,0.1427,-0.845576026885353,131.86161559582922,2.120118392506237,10.36870002746582,1.0157243102667468,3.415805476478168,10.3726,1.0158876304606483,3.415,44.36
qwswm_lora_r32_lr2e5_s42,qwswm,Qwen-Math (qwswm),Qwen-2.5-7B,math,sweep,lora,LoRA,2e-05,42.0,qwswm_lora_r32_lr2e5,False,False,True,0.0388,-1.4111682744057927,13.983829902217147,1.145626132611712,2.4341962337493896,0.3863555861369703,0.581531913046326,2.4334,0.3862135037167598,0.5812,43.47
qwswm_lora_r32_lr2e5_s43,qwswm,Qwen-Math (qwswm),Qwen-2.5-7B,math,sweep,lora,LoRA,2e-05,43.0,qwswm_lora_r32_lr2e5,False,False,True,0.0385,-1.4145392704914994,14.00934080015318,1.1464177003399247,2.378506183624268,0.3763042848332409,0.5802309502980538,2.3777,0.3761570577832536,0.5799,43.36
qwswm_lora_r32_lr2e5_s44,qwswm,Qwen-Math (qwswm),Qwen-2.5-7B,math,sweep,lora,LoRA,2e-05,44.0,qwswm_lora_r32_lr2e5,False,False,True,0.0386,-1.413412695328245,13.975631511946176,1.1453714413138736,2.3155670166015625,0.3646573547616013,0.5826264798109021,2.3151,0.3645697549696161,0.5823,43.41
qwswm_lora_r32_lr3e4_s42,qwswm,Qwen-Math (qwswm),Qwen-2.5-7B,math,sweep,lora,LoRA,0.0003,42.0,qwswm_lora_r32_lr3e4,False,False,True,0.2007,-0.6974526275125145,217.64381762654185,2.33774633513315,16.579872131347656,1.219581176825578,4.8006723348583495,16.585,1.219715475855501,4.7996,44.22
qwswm_lora_r32_lr3e4_s43,qwswm,Qwen-Math (qwswm),Qwen-2.5-7B,math,sweep,lora,LoRA,0.0003,43.0,qwswm_lora_r32_lr3e4,False,False,True,0.2146,-0.6683702823700677,217.18665811901428,2.3368331428170848,13.722637176513672,1.13743758084226,4.829068067244121,13.7196,1.1373414495394545,4.8281,42.86
qwswm_lora_r32_lr3e4_s44,qwswm,Qwen-Math (qwswm),Qwen-2.5-7B,math,sweep,lora,LoRA,0.0003,44.0,qwswm_lora_r32_lr3e4,False,False,True,0.2099,-0.6779875614175995,217.7105380850453,2.3378794511881744,16.40581703186035,1.2149978637127874,4.80260123355048,16.409,1.215082115013175,4.8014,39.75
qwswm_lora_r32_lr5e4_s42,qwswm,Qwen-Math (qwswm),Qwen-2.5-7B,math,sweep,lora,LoRA,0.0005,42.0,qwswm_lora_r32_lr5e4,False,True,True,20.8928,1.3199966469243694,1748.0693910316406,3.2425586683121077,1015.2400512695312,3.0065687423630947,76.5235725062234,1014.9738,3.0064548317445183,76.4985,0.0
qwswm_lora_r32_lr5e4_s43,qwswm,Qwen-Math (qwswm),Qwen-2.5-7B,math,sweep,lora,LoRA,0.0005,43.0,qwswm_lora_r32_lr5e4,False,False,True,0.386,-0.413412695328245,451.9790741529602,2.655118328195732,32.74052810668945,1.5150856803285595,8.567090957505362,32.727,1.5149061964733,8.5649,35.7
qwswm_lora_r32_lr5e4_s44,qwswm,Qwen-Math (qwswm),Qwen-2.5-7B,math,sweep,lora,LoRA,0.0005,44.0,qwswm_lora_r32_lr5e4,False,False,True,0.3852,-0.4143137215475031,451.7849168875498,2.6549317276426616,35.03430938720703,1.5444935608967765,8.510502305201122,34.8879,1.5426748288387695,8.5079,37.1
qwswm_lora_r32_lr5e5_s42,qwswm,Qwen-Math (qwswm),Qwen-2.5-7B,math,sweep,lora,LoRA,5e-05,42.0,qwswm_lora_r32_lr5e5,False,False,True,0.0518,-1.285670240254767,31.4187020451609,1.4971882397024343,3.835276126861572,0.5837966371390422,1.1341798862176282,3.8337,0.5836181248586348,1.1338,43.84
qwswm_lora_r32_lr5e5_s43,qwswm,Qwen-Math (qwswm),Qwen-2.5-7B,math,sweep,lora,LoRA,5e-05,43.0,qwswm_lora_r32_lr5e5,False,False,True,0.0523,-1.2814983111327258,31.38459025902139,1.4967164630995982,3.890255689620972,0.5899781465550518,1.129522368311882,3.8851,0.5894022017442078,1.1291,43.61
qwswm_lora_r32_lr5e5_s44,qwswm,Qwen-Math (qwswm),Qwen-2.5-7B,math,sweep,lora,LoRA,5e-05,44.0,qwswm_lora_r32_lr5e5,False,False,True,0.0519,-1.284832642151542,31.420567403952724,1.497214023421354,3.6598169803619385,0.5634593677970664,1.1268331940685,3.6591,0.5633742785368235,1.1263,44.14
qwswm_lora_r32_lr7e5_s42,qwswm,Qwen-Math (qwswm),Qwen-2.5-7B,math,sweep,lora,LoRA,7e-05,42.0,qwswm_lora_r32_lr7e5,False,False,True,0.0629,-1.2013493545547311,43.323916248983934,1.6367277076127782,5.256280422210693,0.7206785267514992,1.4925445778029305,5.2494,0.7201096669144572,1.492,43.72
qwswm_lorawd_wd0p3_lr1e3_s42,qwswm,Qwen-Math (qwswm),Qwen-2.5-7B,math,sweep,lorawd,LoRA+wd,0.001,42.0,qwswm_lorawd_wd0p3_lr1e3,False,True,True,15.7605,1.1975699913132083,1860.710407381228,3.269678786745573,1425.93505859375,3.154099746878671,41.80713022101138,1425.5997,3.153997595300853,41.7707,0.0
qwswm_lorawd_wd0p3_lr1e3_s43,qwswm,Qwen-Math (qwswm),Qwen-2.5-7B,math,sweep,lorawd,LoRA+wd,0.001,43.0,qwswm_lorawd_wd0p3_lr1e3,False,True,True,11.9786,1.0784060628108865,1099.6793655799636,3.0412660760146424,710.1978149414062,2.851379331778115,29.067050218156407,710.1886,2.8513736966943632,29.0383,0.0
qwswm_lorawd_wd0p3_lr1e3_s44,qwswm,Qwen-Math (qwswm),Qwen-2.5-7B,math,sweep,lorawd,LoRA+wd,0.001,44.0,qwswm_lorawd_wd0p3_lr1e3,False,False,True,0.2126,-0.672436739812722,208.6168063980461,2.319349292738256,32.928009033203125,1.5175654722231835,4.276823737365859,32.8957,1.5171391323475156,4.2757,42.92
qwswm_lorawd_wd0p3_lr1e4_s42,qwswm,Qwen-Math (qwswm),Qwen-2.5-7B,math,sweep,lorawd,LoRA+wd,0.0001,42.0,qwswm_lorawd_wd0p3_lr1e4,False,False,True,0.0636,-1.1965428843515862,46.73444452646344,1.669637085144377,6.147793769836426,0.788719290492596,1.580405383024897,6.1412,0.788253241248314,1.5798,45.08
qwswm_lorawd_wd0p3_lr1e4_s43,qwswm,Qwen-Math (qwswm),Qwen-2.5-7B,math,sweep,lorawd,LoRA+wd,0.0001,43.0,qwswm_lorawd_wd0p3_lr1e4,False,False,True,0.0632,-1.1992829217176149,46.43615997112422,1.666856298656881,5.9508256912231445,0.7745772293021616,1.5584135496190616,5.9443,0.7741007195036606,1.5578,44.44
qwswm_lorawd_wd0p3_lr1e4_s44,qwswm,Qwen-Math (qwswm),Qwen-2.5-7B,math,sweep,lorawd,LoRA+wd,0.0001,44.0,qwswm_lorawd_wd0p3_lr1e4,False,False,True,0.0633,-1.198596289982645,46.21005608664883,1.6647364956363702,4.794134140014648,0.6807101814400528,1.538607910488333,4.7896,0.6802992451376284,1.5379,44.61
qwswm_lorawd_wd0p3_lr2e4_s42,qwswm,Qwen-Math (qwswm),Qwen-2.5-7B,math,sweep,lorawd,LoRA+wd,0.0002,42.0,qwswm_lorawd_wd0p3_lr2e4,False,False,True,0.0856,-1.0675262353228467,77.10523261168815,1.8870838516861184,8.111968994140625,0.9091262820164592,2.148784835423742,8.109,0.9089673004183878,2.1482,45.86
qwswm_lorawd_wd0p3_lr2e4_s43,qwswm,Qwen-Math (qwswm),Qwen-2.5-7B,math,sweep,lorawd,LoRA+wd,0.0002,43.0,qwswm_lorawd_wd0p3_lr2e4,False,False,True,0.0872,-1.0594835150674329,77.11060153210376,1.887114091025991,7.097824096679688,0.8511252321504899,2.106704439435686,7.0974,0.8510992821765293,2.1061,44.96
qwswm_lorawd_wd0p3_lr2e4_s44,qwswm,Qwen-Math (qwswm),Qwen-2.5-7B,math,sweep,lorawd,LoRA+wd,0.0002,44.0,qwswm_lorawd_wd0p3_lr2e4,False,False,True,0.0937,-1.0282604091122216,78.04768158434138,1.8923600068208344,8.319854736328125,0.9201157436270389,2.171027133294514,8.3138,0.9197995727392207,2.1704,44.92
qwswm_lorawd_wd0p3_lr2e5_s42,qwswm,Qwen-Math (qwswm),Qwen-2.5-7B,math,sweep,lorawd,LoRA+wd,2e-05,42.0,qwswm_lorawd_wd0p3_lr2e5,False,False,True,0.0381,-1.4190750243243806,13.158384668141297,1.119202578277098,2.371772527694702,0.3750730343110249,0.5547076139066901,2.3711,0.3749498705249488,0.5545,43.66
qwswm_lorawd_wd0p3_lr2e5_s43,qwswm,Qwen-Math (qwswm),Qwen-2.5-7B,math,sweep,lorawd,LoRA+wd,2e-05,43.0,qwswm_lorawd_wd0p3_lr2e5,False,False,True,0.0376,-1.424812155072339,13.133624610007994,1.1183845989675676,2.268276691436768,0.3556960300422074,0.5551771989358323,2.2652,0.3551065529544915,0.5549,43.63
qwswm_lorawd_wd0p3_lr2e5_s44,qwswm,Qwen-Math (qwswm),Qwen-2.5-7B,math,sweep,lorawd,LoRA+wd,2e-05,44.0,qwswm_lorawd_wd0p3_lr2e5,False,False,True,0.0379,-1.4213607900319276,13.155535246605124,1.1191085225029205,2.405874013900757,0.3812728813162621,0.556014488105263,2.4027,0.3806995483827168,0.5557,43.38
qwswm_lorawd_wd0p3_lr3e4_ep6_s42,qwswm,Qwen-Math (qwswm),Qwen-2.5-7B,math,sweep,lorawd,LoRA+wd,0.0003,42.0,qwswm_lorawd_wd0p3_lr3e4_ep6,False,False,True,0.1144,-0.9415739755429946,108.15158360737958,2.0340328829698517,7.23179817199707,0.8592462971671023,2.215506285216127,7.2238,0.8587657134822533,2.2151,44.57
qwswm_lorawd_wd0p3_lr3e4_ep6_s43,qwswm,Qwen-Math (qwswm),Qwen-2.5-7B,math,sweep,lorawd,LoRA+wd,0.0003,43.0,qwswm_lorawd_wd0p3_lr3e4_ep6,False,False,True,0.1147,-0.9404365820987324,108.27485295174358,2.034527602586228,7.673930168151855,0.8850178428523551,2.231339383763926,7.6698,0.8847840393037594,2.2309,44.12
qwswm_lorawd_wd0p3_lr3e4_ep6_s44,qwswm,Qwen-Math (qwswm),Qwen-2.5-7B,math,sweep,lorawd,LoRA+wd,0.0003,44.0,qwswm_lorawd_wd0p3_lr3e4_ep6,False,False,True,0.1136,-0.944621668625,108.13365347482498,2.0339608765976074,7.334416389465332,0.865365562089517,2.228215013444424,7.326,0.8648669143285261,2.2278,44.35
qwswm_lorawd_wd0p3_lr3e4_s42,qwswm,Qwen-Math (qwswm),Qwen-2.5-7B,math,sweep,lorawd,LoRA+wd,0.0003,42.0,qwswm_lorawd_wd0p3_lr3e4,False,False,True,0.1038,-0.9838026464875608,97.27526086860584,1.9880024041495823,7.981849193572998,0.902103518108767,2.2192202787314144,7.962,0.9010221732480792,2.2187,45.44
qwswm_lorawd_wd0p3_lr3e4_s43,qwswm,Qwen-Math (qwswm),Qwen-2.5-7B,math,sweep,lorawd,LoRA+wd,0.0003,43.0,qwswm_lorawd_wd0p3_lr3e4,False,False,True,0.0993,-1.0030507515046188,97.05874519717136,1.9870346723340264,8.669093132019043,0.9379736685997052,2.232509869975703,8.6699,0.9380140882837478,2.232,44.98
qwswm_lorawd_wd0p3_lr3e4_s44,qwswm,Qwen-Math (qwswm),Qwen-2.5-7B,math,sweep,lorawd,LoRA+wd,0.0003,44.0,qwswm_lorawd_wd0p3_lr3e4,False,False,True,0.1038,-0.9838026464875608,97.00495446474916,1.9867939161399784,7.9920549392700195,0.902658460670854,2.2394759359104293,7.9923,0.9026717772573754,2.239,45.16
qwswm_lorawd_wd0p3_lr5e4_s42,qwswm,Qwen-Math (qwswm),Qwen-2.5-7B,math,sweep,lorawd,LoRA+wd,0.0005,42.0,qwswm_lorawd_wd0p3_lr5e4,False,False,True,0.1241,-0.90622821850127,125.67370100460516,2.0992444049448906,10.56441879272461,1.0238456090972017,2.412546719397817,10.5678,1.0239845854809695,2.4121,45.06
qwswm_lorawd_wd0p3_lr5e4_s43,qwswm,Qwen-Math (qwswm),Qwen-2.5-7B,math,sweep,lorawd,LoRA+wd,0.0005,43.0,qwswm_lorawd_wd0p3_lr5e4,False,False,True,0.122,-0.9136401693252518,125.73297235445789,2.099449182489647,7.165935039520264,0.8552728668909676,2.3860275658113617,7.1605,0.8549433490759208,2.3856,45.48
qwswm_lorawd_wd0p3_lr5e4_s44,qwswm,Qwen-Math (qwswm),Qwen-2.5-7B,math,sweep,lorawd,LoRA+wd,0.0005,44.0,qwswm_lorawd_wd0p3_lr5e4,False,False,True,0.1211,-0.9168558568569476,125.59648491004646,2.0989774848985308,7.666812896728516,0.8846148647287967,2.3829706479396138,7.6593,0.8841890803338052,2.3825,44.34
qwswm_lorawd_wd0p3_lr5e5_s42,qwswm,Qwen-Math (qwswm),Qwen-2.5-7B,math,sweep,lorawd,LoRA+wd,5e-05,42.0,qwswm_lorawd_wd0p3_lr5e5,False,False,True,0.0476,-1.322393047279507,27.133037208858408,1.433498410393352,3.7149362564086914,0.5699513662184064,1.0115625209042003,3.7122,0.5696313664036445,1.0112,43.63
qwswm_lorawd_wd0p3_lr5e5_s43,qwswm,Qwen-Math (qwswm),Qwen-2.5-7B,math,sweep,lorawd,LoRA+wd,5e-05,43.0,qwswm_lorawd_wd0p3_lr5e5,False,False,True,0.0473,-1.3251388592621884,27.04583384202429,1.4321003755879358,3.574488878250122,0.553213950130039,1.012652554575886,3.5733,0.5530694793636975,1.0122,43.62
qwswm_lorawd_wd0p3_lr5e5_s44,qwswm,Qwen-Math (qwswm),Qwen-2.5-7B,math,sweep,lorawd,LoRA+wd,5e-05,44.0,qwswm_lorawd_wd0p3_lr5e5,False,False,True,0.0476,-1.322393047279507,27.102632654970915,1.4330114787708794,3.70541787147522,0.568837191813986,1.0145497888326644,3.7004,0.5682486722840996,1.0141,44.03
qwswm_milora_r32_lr15e5_s42,qwswm,Qwen-Math (qwswm),Qwen-2.5-7B,math,sweep,milora,MiLoRA,0.00015,42.0,qwswm_milora_r32_lr15e5,False,False,True,0.1244,-0.9051796196452,71.80898228759317,1.8561787717346276,6.920613765716553,0.8401446122665265,1.900090747220176,6.9192,0.8400558840998138,1.8999,43.96
qwswm_milora_r32_lr1e3_s42,qwswm,Qwen-Math (qwswm),Qwen-2.5-7B,math,sweep,milora,MiLoRA,0.001,42.0,qwswm_milora_r32_lr1e3,False,False,True,0.654,-0.1844222516757327,729.2546893565143,2.862879230464473,48.109649658203125,1.6822321943155103,12.890594287429536,48.1106,1.6822407731375315,12.8886,7.26
qwswm_milora_r32_lr1e3_s43,qwswm,Qwen-Math (qwswm),Qwen-2.5-7B,math,sweep,milora,MiLoRA,0.001,43.0,qwswm_milora_r32_lr1e3,False,True,True,45.7398,1.6602942612963905,3617.010970168597,3.558349825951684,2115.33935546875,3.325380049434484,144.49626017638616,2115.3064,3.325373283385491,144.4121,0.0
qwswm_milora_r32_lr1e3_s44,qwswm,Qwen-Math (qwswm),Qwen-2.5-7B,math,sweep,milora,MiLoRA,0.001,44.0,qwswm_milora_r32_lr1e3,False,False,True,0.6548,-0.1838913292600961,729.3008899276016,2.8629067435100857,35.772438049316406,1.5535485402407194,12.750296768971852,35.7728,1.5535529344726458,12.7483,9.5
qwswm_milora_r32_lr1e4_s42,qwswm,Qwen-Math (qwswm),Qwen-2.5-7B,math,sweep,milora,MiLoRA,0.0001,42.0,qwswm_milora_r32_lr1e4,False,False,True,0.0982,-1.0078885122130503,47.98972132291188,1.6811482279846612,4.410266876220703,0.6444648705025656,1.285618554694312,4.4093,0.6443696483641295,1.2855,44.06
qwswm_milora_r32_lr1e4_s43,qwswm,Qwen-Math (qwswm),Qwen-2.5-7B,math,sweep,milora,MiLoRA,0.0001,43.0,qwswm_milora_r32_lr1e4,False,False,True,0.0981,-1.0083309926200514,47.9976697395324,1.6812201531291586,4.160956859588623,0.6191932130917379,1.2845018946698734,4.161,0.6191977157929472,1.2843,43.04
qwswm_milora_r32_lr1e4_s44,qwswm,Qwen-Math (qwswm),Qwen-2.5-7B,math,sweep,milora,MiLoRA,0.0001,44.0,qwswm_milora_r32_lr1e4,False,False,True,0.0983,-1.0074464821678644,48.07918594502391,1.6819571057796865,4.728550434112549,0.67472802552626,1.2944573889885629,4.7224,0.6741627702131383,1.2942,44.55
qwswm_milora_r32_lr2e4_s42,qwswm,Qwen-Math (qwswm),Qwen-2.5-7B,math,sweep,milora,MiLoRA,0.0002,42.0,qwswm_milora_r32_lr2e4,False,False,True,0.1496,-0.8250684064715574,96.60841333940785,1.9850149494773195,9.589184761047363,0.9817816865420564,2.447555875352451,9.5892,0.981782376714156,2.4472,43.46
qwswm_milora_r32_lr2e4_s43,qwswm,Qwen-Math (qwswm),Qwen-2.5-7B,math,sweep,milora,MiLoRA,0.0002,43.0,qwswm_milora_r32_lr2e4,False,False,True,0.1363,-0.8655041441653264,97.2972720172622,1.9881006638607637,9.231101036071776,0.9652535044248516,2.533929462943758,9.224,0.9649192942866426,2.5336,42.42
qwswm_milora_r32_lr2e4_s44,qwswm,Qwen-Math (qwswm),Qwen-2.5-7B,math,sweep,milora,MiLoRA,0.0002,44.0,qwswm_milora_r32_lr2e4,False,False,True,0.1493,-0.8259401922749746,96.52802024027083,1.9846533990364452,9.145299911499023,0.9611979523245572,2.43991434276104,9.1453,0.9611979565273154,2.4396,43.37
qwswm_milora_r32_lr2e5_s42,qwswm,Qwen-Math (qwswm),Qwen-2.5-7B,math,sweep,milora,MiLoRA,2e-05,42.0,qwswm_milora_r32_lr2e5,False,False,True,0.0468,-1.329754146925876,11.79461774403399,1.0716838702451963,1.40036940574646,0.1462426140462721,0.3677767303373132,1.4,0.146128035678238,0.3677,43.16
qwswm_milora_r32_lr2e5_s43,qwswm,Qwen-Math (qwswm),Qwen-2.5-7B,math,sweep,milora,MiLoRA,2e-05,43.0,qwswm_milora_r32_lr2e5,False,False,True,0.0469,-1.3288271572849168,11.804065095691886,1.0720315958314657,1.373526930809021,0.1378371790729907,0.3676596800131457,1.3732,0.1377337947537125,0.3676,43.3
qwswm_milora_r32_lr2e5_s44,qwswm,Qwen-Math (qwswm),Qwen-2.5-7B,math,sweep,milora,MiLoRA,2e-05,44.0,qwswm_milora_r32_lr2e5,False,False,True,0.0468,-1.329754146925876,11.807836770772552,1.0721703409184358,1.417291522026062,0.1514591892633905,0.3681064382195472,1.4169,0.1513392002963624,0.3681,42.76
qwswm_milora_r32_lr3e4_s42,qwswm,Qwen-Math (qwswm),Qwen-2.5-7B,math,sweep,milora,MiLoRA,0.0003,42.0,qwswm_milora_r32_lr3e4,False,False,True,0.1969,-0.7057542838618818,151.0265244976021,2.179053228295261,13.873613357543944,1.142189587019147,3.5529053394283565,13.8738,1.1421954295665375,3.5525,39.51
qwswm_milora_r32_lr3e4_s43,qwswm,Qwen-Math (qwswm),Qwen-2.5-7B,math,sweep,milora,MiLoRA,0.0003,43.0,qwswm_milora_r32_lr3e4,False,False,True,0.1954,-0.7090754406172457,151.1096149840986,2.1792920990292006,13.43397617340088,1.128204573695464,3.5997122057846616,13.434,1.1282053439626738,3.5992,40.96
qwswm_milora_r32_lr3e4_s44,qwswm,Qwen-Math (qwswm),Qwen-2.5-7B,math,sweep,milora,MiLoRA,0.0003,44.0,qwswm_milora_r32_lr3e4,False,False,True,0.1856,-0.7314220281171567,151.6154662283829,2.180743505748785,14.019126892089844,1.1467209667151586,3.5999100357294083,14.0188,1.1467108399014787,3.5995,43.14
qwswm_milora_r32_lr5e4_s42,qwswm,Qwen-Math (qwswm),Qwen-2.5-7B,math,sweep,milora,MiLoRA,0.0005,42.0,qwswm_milora_r32_lr5e4,False,False,True,0.2979,-0.5259294967849564,282.5187110717128,2.4510472162124315,22.970556259155277,1.3611715122762862,5.836798783711025,22.9712,1.361183683038548,5.8359,39.92
qwswm_milora_r32_lr5e4_s43,qwswm,Qwen-Math (qwswm),Qwen-2.5-7B,math,sweep,milora,MiLoRA,0.0005,43.0,qwswm_milora_r32_lr5e4,False,False,True,0.3009,-0.5215778122599194,285.3803359818832,2.4554240449216724,24.65636444091797,1.3919290406438904,6.077438555870738,24.6495,1.3918081143052048,6.0765,39.2
qwswm_milora_r32_lr5e4_s44,qwswm,Qwen-Math (qwswm),Qwen-2.5-7B,math,sweep,milora,MiLoRA,0.0005,44.0,qwswm_milora_r32_lr5e4,False,False,True,0.297,-0.5272435506827877,280.77314409333667,2.4483555652460423,18.53559112548828,1.2680064408346416,5.8002967353378025,18.5357,1.268008991789746,5.7994,39.75
qwswm_milora_r32_lr5e5_s42,qwswm,Qwen-Math (qwswm),Qwen-2.5-7B,math,sweep,milora,MiLoRA,5e-05,42.0,qwswm_milora_r32_lr5e5,False,False,True,0.0692,-1.1598939055432422,25.435842766358054,1.4054461316947289,2.6510767936706543,0.4234223081119564,0.724954595629658,2.6504,0.4233114228739035,0.7249,44.24
qwswm_milora_r32_lr5e5_s43,qwswm,Qwen-Math (qwswm),Qwen-2.5-7B,math,sweep,milora,MiLoRA,5e-05,43.0,qwswm_milora_r32_lr5e5,False,False,True,0.0692,-1.1598939055432422,25.37473166897129,1.404401458397082,2.38315224647522,0.3771517879159135,0.7215368267680917,2.3831,0.3771422666590793,0.7215,43.72
qwswm_milora_r32_lr5e5_s44,qwswm,Qwen-Math (qwswm),Qwen-2.5-7B,math,sweep,milora,MiLoRA,5e-05,44.0,qwswm_milora_r32_lr5e5,False,False,True,0.0689,-1.161780778092374,25.398487598784907,1.4048078564995534,2.575446367263794,0.4108525102857455,0.7204379794853074,2.5754,0.4108446913583805,0.7204,43.55
qwswm_milora_r32_lr7e5_s42,qwswm,Qwen-Math (qwswm),Qwen-2.5-7B,math,sweep,milora,MiLoRA,7e-05,42.0,qwswm_milora_r32_lr7e5,False,False,True,0.0812,-1.0904439707588247,34.41827289627105,1.536789073706879,3.391278028488159,0.5303633961739845,0.950711115449667,3.3901,0.5302125090607962,0.9506,44.09
qwswm_sclora_r32_lr1e3_s42,qwswm,Qwen-Math (qwswm),Qwen-2.5-7B,math,sweep,sclora,SC-LoRA,0.001,42.0,qwswm_sclora_r32_lr1e3,False,False,True,0.8594,-0.0658046506521155,847.7981201453018,2.9282924492557605,78.43949127197266,1.894534768339812,14.23868329865592,78.4404,1.894539799648345,14.2369,6.36
qwswm_sclora_r32_lr1e3_s43,qwswm,Qwen-Math (qwswm),Qwen-2.5-7B,math,sweep,sclora,SC-LoRA,0.001,43.0,qwswm_sclora_r32_lr1e3,False,False,True,0.8559,-0.0675769736232611,845.6936059848147,2.927213047043896,54.71877670288086,1.7381363797002345,14.110639024632318,54.7218,1.738160374479792,14.1088,7.24
qwswm_sclora_r32_lr1e3_s44,qwswm,Qwen-Math (qwswm),Qwen-2.5-7B,math,sweep,sclora,SC-LoRA,0.001,44.0,qwswm_sclora_r32_lr1e3,False,False,True,0.8708,-0.0600815796309432,845.8487849193104,2.92729272977075,69.80889129638672,1.8439107406036577,14.170666646957397,69.8089,1.8439107947504996,14.1688,6.56
qwswm_sclora_r32_lr1e4_s42,qwswm,Qwen-Math (qwswm),Qwen-2.5-7B,math,sweep,sclora,SC-LoRA,0.0001,42.0,qwswm_sclora_r32_lr1e4,False,False,True,0.1827,-0.7382614526474622,88.14605992306019,1.9452029043617567,5.1436052322387695,0.7112676294264064,1.6659269628780229,5.1431,0.711224968619355,1.6656,39.3
qwswm_sclora_r32_lr1e4_s43,qwswm,Qwen-Math (qwswm),Qwen-2.5-7B,math,sweep,sclora,SC-LoRA,0.0001,43.0,qwswm_sclora_r32_lr1e4,False,False,True,0.1806,-0.743282254022513,88.06297916178181,1.9447933735109375,5.212062358856201,0.7170096031159761,1.6494847374303,5.2113,0.7169460750079298,1.6492,39.97
qwswm_sclora_r32_lr1e4_s44,qwswm,Qwen-Math (qwswm),Qwen-2.5-7B,math,sweep,sclora,SC-LoRA,0.0001,44.0,qwswm_sclora_r32_lr1e4,False,False,True,0.1807,-0.7430418474390682,88.09461949364324,1.9449493840581484,5.224377632141113,0.7180345613810339,1.651319105071681,5.2236,0.7179699132050231,1.6511,40.33
qwswm_sclora_r32_lr2e4_s42,qwswm,Qwen-Math (qwswm),Qwen-2.5-7B,math,sweep,sclora,SC-LoRA,0.0002,42.0,qwswm_sclora_r32_lr2e4,False,False,True,0.2946,-0.5307672574933879,170.273280117871,2.231146502291364,9.201481819152832,0.9638577723520464,3.0963764071464537,9.2011,0.9638397507556408,3.0959,36.72
qwswm_sclora_r32_lr2e4_s43,qwswm,Qwen-Math (qwswm),Qwen-2.5-7B,math,sweep,sclora,SC-LoRA,0.0002,43.0,qwswm_sclora_r32_lr2e4,False,False,True,0.2939,-0.5318004139273874,170.18481377634453,2.230920803766272,9.222272872924805,0.964837968181834,3.11331687782492,9.2216,0.9648062801518408,3.1128,34.75
qwswm_sclora_r32_lr2e4_s44,qwswm,Qwen-Math (qwswm),Qwen-2.5-7B,math,sweep,sclora,SC-LoRA,0.0002,44.0,qwswm_sclora_r32_lr2e4,False,False,True,0.2962,-0.5284149458148103,170.51919519321575,2.231773274221575,9.536511421203612,0.9793895332362405,3.135114223616464,9.5347,0.9793070329463404,3.1346,35.87
qwswm_sclora_r32_lr2e5_s42,qwswm,Qwen-Math (qwswm),Qwen-2.5-7B,math,sweep,sclora,SC-LoRA,2e-05,42.0,qwswm_sclora_r32_lr2e5,False,False,True,0.0551,-1.2588484011482148,21.182229197036637,1.32597166290215,1.8564194440841677,0.268676108558798,0.4712610647614513,1.8568,0.2687651274478613,0.4712,44.16
qwswm_sclora_r32_lr2e5_s43,qwswm,Qwen-Math (qwswm),Qwen-2.5-7B,math,sweep,sclora,SC-LoRA,2e-05,43.0,qwswm_sclora_r32_lr2e5,False,False,True,0.0551,-1.2588484011482148,21.15901309123067,1.325495407265407,1.8131853342056277,0.2584421976471138,0.4702192832316671,1.8126,0.2583019756569241,0.4702,44.28
qwswm_sclora_r32_lr2e5_s44,qwswm,Qwen-Math (qwswm),Qwen-2.5-7B,math,sweep,sclora,SC-LoRA,2e-05,44.0,qwswm_sclora_r32_lr2e5,False,False,True,0.0552,-1.258060922270801,21.166089713488464,1.3256406325724734,1.809341549873352,0.2575205564805765,0.4700351931686912,1.8087,0.257366538585015,0.47,44.56
qwswm_sclora_r32_lr3e4_s42,qwswm,Qwen-Math (qwswm),Qwen-2.5-7B,math,sweep,sclora,SC-LoRA,0.0003,42.0,qwswm_sclora_r32_lr3e4,False,False,True,0.3781,-0.4223933226374644,252.26597083836143,2.4018586707559577,14.458785057067873,1.160131801590668,4.530945601207869,14.4436,1.1596754526017703,4.53,30.12
qwswm_sclora_r32_lr3e4_s43,qwswm,Qwen-Math (qwswm),Qwen-2.5-7B,math,sweep,sclora,SC-LoRA,0.0003,43.0,qwswm_sclora_r32_lr3e4,False,False,True,0.3782,-0.4222784754909791,252.1290605217036,2.4016229055608087,14.063231468200684,1.1480851249197277,4.510404106974602,14.0619,1.1480440051622274,4.5095,32.61
qwswm_sclora_r32_lr3e4_s44,qwswm,Qwen-Math (qwswm),Qwen-2.5-7B,math,sweep,sclora,SC-LoRA,0.0003,44.0,qwswm_sclora_r32_lr3e4,False,False,False,0.3869,-0.412401270278755,252.86857072736927,2.402894853828798,13.05766773223877,1.1158656132735625,4.576010640604156,13.0557,1.115800162102075,4.5752,30.16
qwswm_sclora_r32_lr5e4_s42,qwswm,Qwen-Math (qwswm),Qwen-2.5-7B,math,sweep,sclora,SC-LoRA,0.0005,42.0,qwswm_sclora_r32_lr5e4,False,False,True,0.5287,-0.2767906895948886,425.0301276926436,2.62841971552543,22.705202102661133,1.3561253719793271,7.357451100008828,22.7019,1.35606220631138,7.3561,20.92
qwswm_sclora_r32_lr5e4_s43,qwswm,Qwen-Math (qwswm),Qwen-2.5-7B,math,sweep,sclora,SC-LoRA,0.0005,43.0,qwswm_sclora_r32_lr5e4,False,False,True,0.5236,-0.2810003621212818,424.36430286187726,2.6277388443100285,24.578670501708984,1.3905583875257297,7.331112441846303,24.5553,1.390145244415441,7.3296,26.84
qwswm_sclora_r32_lr5e4_s44,qwswm,Qwen-Math (qwswm),Qwen-2.5-7B,math,sweep,sclora,SC-LoRA,0.0005,44.0,qwswm_sclora_r32_lr5e4,False,False,True,0.5244,-0.2803373169819533,424.2577836836055,2.6276298188855978,25.493173599243164,1.4064239033722072,7.314906608206885,25.4734,1.4060869152302509,7.3134,23.58
qwswm_sclora_r32_lr5e5_s42,qwswm,Qwen-Math (qwswm),Qwen-2.5-7B,math,sweep,sclora,SC-LoRA,5e-05,42.0,qwswm_sclora_r32_lr5e5,False,False,True,0.107,-0.9706162223147904,46.22693285458266,1.6648950790638797,3.0759100914001465,0.4879736369228089,0.9190523394516537,3.0754,0.4879016100285162,0.919,43.95
qwswm_sclora_r32_lr5e5_s43,qwswm,Qwen-Math (qwswm),Qwen-2.5-7B,math,sweep,sclora,SC-LoRA,5e-05,43.0,qwswm_sclora_r32_lr5e5,False,False,True,0.1067,-0.97183558057553,46.26634460070817,1.6652651882301086,3.090641975402832,0.4900486986535425,0.9182043475764138,3.0902,0.4899865881903797,0.9181,42.84
qwswm_sclora_r32_lr5e5_s44,qwswm,Qwen-Math (qwswm),Qwen-2.5-7B,math,sweep,sclora,SC-LoRA,5e-05,44.0,qwswm_sclora_r32_lr5e5,False,False,True,0.1067,-0.97183558057553,46.225879032623645,1.6648851784658905,3.0908169746398926,0.4900732887069999,0.916459986780371,3.0901,0.489972534035017,0.9164,42.63
