run,family,family_label,model,task,recipe,method,method_display,lr,seed,cell,withheld,quarantined,on_pool,stable_rank_w,eff_rank_w,e_top_w,e_bot_w,amp_top_w,log10_fdelta,retention_mean
frc_clora_k1024_lr3e4_c256_s42,frc,Llama-CS grid (frc),Llama-2-7B,cs,faithful-CLoRA grid,clora,CLoRA,0.0003,42.0,frc_clora_k1024_lr3e4_c256,False,False,True,7.465596397687664,22.098794024618247,0.0583157600609842,0.0473420166396864,0.0564837242340196,-0.3552660725528074,24.3
frc_clora_k1024_lr3e4_c256_s43,frc,Llama-CS grid (frc),Llama-2-7B,cs,faithful-CLoRA grid,clora,CLoRA,0.0003,43.0,frc_clora_k1024_lr3e4_c256,False,False,True,7.44785036999762,22.07402706618889,0.0584381050511309,0.047339638843884,0.0565745675954304,-0.3557584141562713,24.32
frc_clora_k1024_lr3e4_c256_s44,frc,Llama-CS grid (frc),Llama-2-7B,cs,faithful-CLoRA grid,clora,CLoRA,0.0003,44.0,frc_clora_k1024_lr3e4_c256,False,False,True,7.4604129749533135,22.128028477455025,0.0584833654324494,0.0472685121906571,0.056627465260644,-0.3454384452582567,24.54
frc_clora_k1024_lr3e4_c256_s45,frc,Llama-CS grid (frc),Llama-2-7B,cs,faithful-CLoRA grid,clora,CLoRA,0.0003,45.0,frc_clora_k1024_lr3e4_c256,False,False,True,7.347158193279949,21.964719353277708,0.0588235424192417,0.0472903657445623,0.0567712058771447,-0.3364875295848444,23.36
frc_clora_k128_lr3e4_c256_s42,frc,Llama-CS grid (frc),Llama-2-7B,cs,faithful-CLoRA grid,clora,CLoRA,0.0003,42.0,frc_clora_k128_lr3e4_c256,False,False,True,8.814808413358941,23.96263260813208,0.0631749777543946,0.046045279484169,0.0611170450111732,-0.2146701649892329,22.64
frc_clora_k128_lr3e4_c256_s43,frc,Llama-CS grid (frc),Llama-2-7B,cs,faithful-CLoRA grid,clora,CLoRA,0.0003,43.0,frc_clora_k128_lr3e4_c256,False,False,True,8.55526439630947,23.6161350178482,0.0632113875440523,0.0459538572435616,0.0613242322696262,-0.2098556349570994,22.88
frc_clora_k128_lr3e4_c256_s44,frc,Llama-CS grid (frc),Llama-2-7B,cs,faithful-CLoRA grid,clora,CLoRA,0.0003,44.0,frc_clora_k128_lr3e4_c256,False,False,True,8.91212388943116,24.00752223290976,0.0630912107495296,0.0462789470276952,0.0611075866937429,-0.2219935385764916,22.92
frc_clora_k128_lr3e4_c256_s45,frc,Llama-CS grid (frc),Llama-2-7B,cs,faithful-CLoRA grid,clora,CLoRA,0.0003,45.0,frc_clora_k128_lr3e4_c256,False,False,True,8.613040690293094,23.821291540443116,0.0634017760709365,0.0460561360884856,0.0613148318345096,-0.1986649043254534,22.29
frc_clora_k2048_lr3e4_c256_s42,frc,Llama-CS grid (frc),Llama-2-7B,cs,faithful-CLoRA grid,clora,CLoRA,0.0003,42.0,frc_clora_k2048_lr3e4_c256,False,False,True,5.956689094837085,18.9361682783548,0.0544507238074988,0.0489520418302155,0.0527624623120514,-0.4639468448407953,25.02
frc_clora_k2048_lr3e4_c256_s43,frc,Llama-CS grid (frc),Llama-2-7B,cs,faithful-CLoRA grid,clora,CLoRA,0.0003,43.0,frc_clora_k2048_lr3e4_c256,False,False,True,5.863729316438789,18.76077019098201,0.0544711135704068,0.0485567113775272,0.0527505573386624,-0.4539511335982656,25.27
frc_clora_k2048_lr3e4_c256_s44,frc,Llama-CS grid (frc),Llama-2-7B,cs,faithful-CLoRA grid,clora,CLoRA,0.0003,44.0,frc_clora_k2048_lr3e4_c256,False,False,True,5.967829816887521,18.89431685301264,0.054416378923452,0.0484176348798666,0.0528034079428856,-0.4571745730408201,25.22
frc_clora_k2048_lr3e4_c256_s45,frc,Llama-CS grid (frc),Llama-2-7B,cs,faithful-CLoRA grid,clora,CLoRA,0.0003,45.0,frc_clora_k2048_lr3e4_c256,False,False,True,6.10197041875656,19.011965913960704,0.0546448898902872,0.04880412256214,0.0528106616249021,-0.4737899961583357,25.29
frc_clora_k2048_lr3e4_c256_s46,frc,Llama-CS grid (frc),Llama-2-7B,cs,faithful-CLoRA grid,clora,CLoRA,0.0003,46.0,frc_clora_k2048_lr3e4_c256,False,False,True,6.014800522068945,18.83265870020233,0.0542912294688923,0.0484457819341873,0.0526632380707187,-0.4524714235402178,25.49
frc_clora_k256_lr3e4_c256_s42,frc,Llama-CS grid (frc),Llama-2-7B,cs,faithful-CLoRA grid,clora,CLoRA,0.0003,42.0,frc_clora_k256_lr3e4_c256,False,False,True,8.57339128931401,23.820533371307075,0.0623248819107585,0.0461088721989065,0.060115338713608,-0.2183882175068499,22.66
frc_clora_k256_lr3e4_c256_s43,frc,Llama-CS grid (frc),Llama-2-7B,cs,faithful-CLoRA grid,clora,CLoRA,0.0003,43.0,frc_clora_k256_lr3e4_c256,False,False,True,8.637434339162308,23.719205522500133,0.0624530467424574,0.046075803912136,0.0603919626459415,-0.2444300193712,24.18
frc_clora_k256_lr3e4_c256_s45,frc,Llama-CS grid (frc),Llama-2-7B,cs,faithful-CLoRA grid,clora,CLoRA,0.0003,45.0,frc_clora_k256_lr3e4_c256,False,False,True,8.511127375249147,23.623109237232025,0.0623169194070859,0.0462222491326332,0.0602036281455362,-0.2336615247487127,23.08
frc_clora_k512_lr3e4_c256_s42,frc,Llama-CS grid (frc),Llama-2-7B,cs,faithful-CLoRA grid,clora,CLoRA,0.0003,42.0,frc_clora_k512_lr3e4_c256,False,False,True,8.542781003726393,23.43726811987103,0.0611743614276391,0.046360416953588,0.058820124912822,-0.2950777087765982,23.6
frc_clora_k512_lr3e4_c256_s43,frc,Llama-CS grid (frc),Llama-2-7B,cs,faithful-CLoRA grid,clora,CLoRA,0.0003,43.0,frc_clora_k512_lr3e4_c256,False,False,True,8.143385601586635,23.238090768006128,0.0608780064711582,0.0464811365335557,0.0588356733769959,-0.2665619729089387,22.09
frc_clora_k512_lr3e4_c256_s44,frc,Llama-CS grid (frc),Llama-2-7B,cs,faithful-CLoRA grid,clora,CLoRA,0.0003,44.0,frc_clora_k512_lr3e4_c256,False,False,True,8.250801516439951,23.32356332495161,0.0609318571207444,0.0464794004459245,0.0588365908351486,-0.2667224660674182,23.18
frc_clora_k512_lr3e4_c256_s45,frc,Llama-CS grid (frc),Llama-2-7B,cs,faithful-CLoRA grid,clora,CLoRA,0.0003,45.0,frc_clora_k512_lr3e4_c256,False,False,True,8.383942808382479,23.418004666902824,0.060981358813767,0.0464943831947653,0.0588723382677348,-0.2992962828549806,24.16
frc_clora_k512_lr3e4_c256_s46,frc,Llama-CS grid (frc),Llama-2-7B,cs,faithful-CLoRA grid,clora,CLoRA,0.0003,46.0,frc_clora_k512_lr3e4_c256,False,False,True,8.356628729909856,23.286665697311165,0.0608623797252066,0.046505439116803,0.0587771263846488,-0.2905604258675891,23.52
frc_cordapp_a1r_lr2e5_c256_s42,frc,Llama-CS grid (frc),Llama-2-7B,cs,faithful-CLoRA grid,cordapp,CorDA++ (withheld),2e-05,42.0,frc_cordapp_a1r_lr2e5_c256,True,False,False,1.317785773927053,2.46660837062914,0.1402568932809232,0.0506946813775715,0.1113139944556002,-0.7602001815529014,26.56
frc_cordapp_lr1e3_c256_s42,frc,Llama-CS grid (frc),Llama-2-7B,cs,faithful-CLoRA grid,cordapp,CorDA++ (withheld),0.001,42.0,frc_cordapp_lr1e3_c256,True,True,False,1.3213385355448637,2.010800556914527,0.2099370258621807,0.0250626616035173,0.2620740769329459,2.042954124593958,0.0
frc_cordapp_lr1e4_c256_s42,frc,Llama-CS grid (frc),Llama-2-7B,cs,faithful-CLoRA grid,cordapp,CorDA++ (withheld),0.0001,42.0,frc_cordapp_lr1e4_c256,True,False,False,1.945331579146462,6.076634969718126,0.1778978378241427,0.0337973273974859,0.1176165236634376,-0.3632113109656252,25.53
frc_cordapp_lr2e4_c256_s42,frc,Llama-CS grid (frc),Llama-2-7B,cs,faithful-CLoRA grid,cordapp,CorDA++ (withheld),0.0002,42.0,frc_cordapp_lr2e4_c256,True,False,False,2.519619123756399,8.820616845370857,0.1796400719087354,0.0303569990094039,0.1164004669726353,-0.2505729008782511,22.98
frc_cordapp_lr2e5_c256_s42,frc,Llama-CS grid (frc),Llama-2-7B,cs,faithful-CLoRA grid,cordapp,CorDA++ (withheld),2e-05,42.0,frc_cordapp_lr2e5_c256,True,False,False,1.5196606330210325,4.05184459412315,0.1518140102888719,0.0440265986598354,0.1066191675196353,-0.6405439798790133,26.03
frc_cordapp_lr3e4_c256_s42,frc,Llama-CS grid (frc),Llama-2-7B,cs,faithful-CLoRA grid,cordapp,CorDA++ (withheld),0.0003,42.0,frc_cordapp_lr3e4_c256,True,False,False,3.281927361386587,10.176968385708232,0.1420936811147327,0.0314449329888804,0.1147481549895893,-0.1161682866705475,22.44
frc_cordapp_lr5e4_c256_s42,frc,Llama-CS grid (frc),Llama-2-7B,cs,faithful-CLoRA grid,cordapp,CorDA++ (withheld),0.0005,42.0,frc_cordapp_lr5e4_c256,True,True,False,1.7752485260895694,3.632882341142681,0.1887411152849674,0.0227098323750928,0.2506931930782489,1.0246703472520045,16.27
frc_cordapp_lr7e4_c256_s42,frc,Llama-CS grid (frc),Llama-2-7B,cs,faithful-CLoRA grid,cordapp,CorDA++ (withheld),0.0007,42.0,frc_cordapp_lr7e4_c256,True,True,False,1.2069287404943685,1.7125810360857336,0.1852963766045258,0.0234652171176873,0.3221906041730837,1.4920056531492256,15.98
frc_dora_r32_lr3e4_c256_s42,frc,Llama-CS grid (frc),Llama-2-7B,cs,faithful-CLoRA grid,dora,DoRA,0.0003,42.0,frc_dora_r32_lr3e4_c256,False,False,True,7.210838771736299,20.86886329780365,0.0802678696439447,0.0458391647863746,0.073671575079553,-0.0470623322490194,20.9
frc_dora_r32_lr3e4_c256_s43,frc,Llama-CS grid (frc),Llama-2-7B,cs,faithful-CLoRA grid,dora,DoRA,0.0003,43.0,frc_dora_r32_lr3e4_c256,False,False,True,6.914366758444561,20.662163755285324,0.0792884639848702,0.0457085209882155,0.0731104924243888,-0.0287241512618947,22.78
frc_dora_r32_lr3e4_c256_s44,frc,Llama-CS grid (frc),Llama-2-7B,cs,faithful-CLoRA grid,dora,DoRA,0.0003,44.0,frc_dora_r32_lr3e4_c256,False,False,True,7.232031456940945,20.87877233944694,0.0831334642481129,0.0456606266722044,0.0753582835089765,-0.037062711569998,21.15
frc_lora_l2_lr3e4_c256_s42,frc,Llama-CS grid (frc),Llama-2-7B,cs,faithful-CLoRA grid,lora,LoRA,0.0003,42.0,frc_lora_l2_lr3e4_c256,False,False,True,7.500934054462585,21.49889859651197,0.0695333310793881,0.0461806697339288,0.0655872244935032,-0.1443597191098548,21.7
frc_lora_l2_lr3e4_c256_s43,frc,Llama-CS grid (frc),Llama-2-7B,cs,faithful-CLoRA grid,lora,LoRA,0.0003,43.0,frc_lora_l2_lr3e4_c256,False,False,True,7.5469177684643265,21.56993788123892,0.0686657905725078,0.0462461893666891,0.0655359543277528,-0.1455117749555695,22.57
frc_lora_l2_lr3e4_c256_s44,frc,Llama-CS grid (frc),Llama-2-7B,cs,faithful-CLoRA grid,lora,LoRA,0.0003,44.0,frc_lora_l2_lr3e4_c256,False,False,True,7.453350380248687,21.438122011719887,0.0697401941927186,0.0463103862011474,0.0660469148229332,-0.1405614645449437,23.0
frc_lora_l2_lr3e4_c256_s45,frc,Llama-CS grid (frc),Llama-2-7B,cs,faithful-CLoRA grid,lora,LoRA,0.0003,45.0,frc_lora_l2_lr3e4_c256,False,False,True,7.391720298746203,21.433406228712844,0.0688855050990021,0.0462912887190256,0.065504997014331,-0.1347775437098209,23.38
frc_lora_null_lr1e3_c256_s42,frc,Llama-CS grid (frc),Llama-2-7B,cs,faithful-CLoRA grid,lora_null,LoRA-Null,0.001,42.0,frc_lora_null_lr1e3_c256,False,True,True,12.254565233539733,25.87678702811841,0.10025618170507,0.0476140569868148,0.109306789877308,0.8853555651186297,2.48
frc_lora_null_lr1e3_c256_s43,frc,Llama-CS grid (frc),Llama-2-7B,cs,faithful-CLoRA grid,lora_null,LoRA-Null,0.001,43.0,frc_lora_null_lr1e3_c256,False,True,True,12.100091194392098,25.6512110914999,0.0998872851256175,0.0474364862865195,0.1098496501779801,0.9042285163400784,1.38
frc_lora_null_lr1e3_c256_s44,frc,Llama-CS grid (frc),Llama-2-7B,cs,faithful-CLoRA grid,lora_null,LoRA-Null,0.001,44.0,frc_lora_null_lr1e3_c256,False,True,True,12.582092698119,26.350994101515347,0.0972048708168096,0.047793350031539,0.1043920992536251,0.8172347304254982,1.08
frc_lora_null_lr1e4_c256_s42,frc,Llama-CS grid (frc),Llama-2-7B,cs,faithful-CLoRA grid,lora_null,LoRA-Null,0.0001,42.0,frc_lora_null_lr1e4_c256,False,False,True,8.680966754140785,30.502969359632218,0.12120869823221,0.0407613952860992,0.1090885826400952,-0.507938395487401,24.08
frc_lora_null_lr1e4_c256_s43,frc,Llama-CS grid (frc),Llama-2-7B,cs,faithful-CLoRA grid,lora_null,LoRA-Null,0.0001,43.0,frc_lora_null_lr1e4_c256,False,False,True,8.734209478528015,30.53514835433689,0.1211958699543796,0.0406929592331242,0.1090877879866911,-0.5015515968260004,24.39
frc_lora_null_lr1e4_c256_s44,frc,Llama-CS grid (frc),Llama-2-7B,cs,faithful-CLoRA grid,lora_null,LoRA-Null,0.0001,44.0,frc_lora_null_lr1e4_c256,False,False,True,8.723741945826852,30.509191592560683,0.1210228642986944,0.0406659425538664,0.1089853913555696,-0.5086383061657274,25.71
frc_lora_null_lr1e4_c256_s45,frc,Llama-CS grid (frc),Llama-2-7B,cs,faithful-CLoRA grid,lora_null,LoRA-Null,0.0001,45.0,frc_lora_null_lr1e4_c256,False,False,True,8.766375726122085,30.57834667606056,0.1211995370085124,0.0407485793896143,0.1090139890970496,-0.5029320636014952,25.76
frc_lora_null_lr2e4_c256_s42,frc,Llama-CS grid (frc),Llama-2-7B,cs,faithful-CLoRA grid,lora_null,LoRA-Null,0.0002,42.0,frc_lora_null_lr2e4_c256,False,False,True,10.931041629395445,30.40201247953524,0.1016574102495645,0.0420263073052588,0.095135833019605,-0.2724587429714435,23.33
frc_lora_null_lr2e4_c256_s43,frc,Llama-CS grid (frc),Llama-2-7B,cs,faithful-CLoRA grid,lora_null,LoRA-Null,0.0002,43.0,frc_lora_null_lr2e4_c256,False,False,True,10.958803504184631,30.35156755084074,0.1024681617791638,0.0418907099445519,0.0954939568057013,-0.272214825817094,23.29
frc_lora_null_lr2e4_c256_s44,frc,Llama-CS grid (frc),Llama-2-7B,cs,faithful-CLoRA grid,lora_null,LoRA-Null,0.0002,44.0,frc_lora_null_lr2e4_c256,False,False,True,10.92091518680328,30.34963967927589,0.102711122941069,0.0418105318577986,0.0956295987181989,-0.2702684047129646,23.34
frc_lora_null_lr2e4_c256_s45,frc,Llama-CS grid (frc),Llama-2-7B,cs,faithful-CLoRA grid,lora_null,LoRA-Null,0.0002,45.0,frc_lora_null_lr2e4_c256,False,False,True,10.947167513812849,30.30970098263749,0.1025335318942229,0.0418180761566004,0.0955997192703068,-0.2684112348132613,22.9
frc_lora_null_lr2e4_c256_s46,frc,Llama-CS grid (frc),Llama-2-7B,cs,faithful-CLoRA grid,lora_null,LoRA-Null,0.0002,46.0,frc_lora_null_lr2e4_c256,False,False,True,10.888948491480836,30.264430459935355,0.103508482998691,0.0418098045031292,0.0957088099430742,-0.2716462179787715,22.78
frc_lora_null_lr2e5_c256_s42,frc,Llama-CS grid (frc),Llama-2-7B,cs,faithful-CLoRA grid,lora_null,LoRA-Null,2e-05,42.0,frc_lora_null_lr2e5_c256,False,False,True,5.265895980624553,25.465645257489125,0.1421457601702802,0.0384162940122978,0.1304192945753206,-0.7969671129852894,26.52
frc_lora_null_lr2e5_c256_s43,frc,Llama-CS grid (frc),Llama-2-7B,cs,faithful-CLoRA grid,lora_null,LoRA-Null,2e-05,43.0,frc_lora_null_lr2e5_c256,False,False,True,5.225184903287179,25.380666129743883,0.1419584531301483,0.0383657053521142,0.1304904188255957,-0.801068130067791,26.0
frc_lora_null_lr3e4_c256_s42,frc,Llama-CS grid (frc),Llama-2-7B,cs,faithful-CLoRA grid,lora_null,LoRA-Null,0.0003,42.0,frc_lora_null_lr3e4_c256,False,False,True,13.109176270250057,30.25507838668837,0.0943165813850123,0.0426627403460249,0.0887249310885981,-0.1117643267294328,18.66
frc_lora_null_lr3e4_c256_s43,frc,Llama-CS grid (frc),Llama-2-7B,cs,faithful-CLoRA grid,lora_null,LoRA-Null,0.0003,43.0,frc_lora_null_lr3e4_c256,False,False,True,13.096345562056168,30.29645702164306,0.0939171138053865,0.0426697620969603,0.0885304487702722,-0.1186153432294271,20.74
frc_lora_null_lr3e4_c256_s44,frc,Llama-CS grid (frc),Llama-2-7B,cs,faithful-CLoRA grid,lora_null,LoRA-Null,0.0003,44.0,frc_lora_null_lr3e4_c256,False,False,True,13.008808526733327,30.21675411123966,0.0943391268104251,0.0426373421563137,0.0897012872282478,-0.1073489661226996,18.32
frc_lora_null_lr3e4_c256_s45,frc,Llama-CS grid (frc),Llama-2-7B,cs,faithful-CLoRA grid,lora_null,LoRA-Null,0.0003,45.0,frc_lora_null_lr3e4_c256,False,False,True,13.117555224278144,30.356678110389986,0.0924768001913185,0.0428023321162831,0.0885941612214089,-0.1125514997500462,18.09
frc_lora_null_lr5e4_c256_s42,frc,Llama-CS grid (frc),Llama-2-7B,cs,faithful-CLoRA grid,lora_null,LoRA-Null,0.0005,42.0,frc_lora_null_lr5e4_c256,False,False,True,16.256593855388637,30.552332108639213,0.0866696092836792,0.0439881957730383,0.0833028276669589,0.0811672147134724,16.43
frc_lora_null_lr5e4_c256_s43,frc,Llama-CS grid (frc),Llama-2-7B,cs,faithful-CLoRA grid,lora_null,LoRA-Null,0.0005,43.0,frc_lora_null_lr5e4_c256,False,False,True,16.37372957874466,30.71662744406953,0.0850938131622331,0.0440280194391857,0.0832545362634049,0.0728745968109887,17.47
frc_lora_null_lr5e4_c256_s44,frc,Llama-CS grid (frc),Llama-2-7B,cs,faithful-CLoRA grid,lora_null,LoRA-Null,0.0005,44.0,frc_lora_null_lr5e4_c256,False,False,True,16.091650897968425,30.54843757595554,0.0863008199484944,0.0438945247558598,0.0832327348351917,0.093421685162235,16.81
frc_lora_null_lr5e4_c256_s45,frc,Llama-CS grid (frc),Llama-2-7B,cs,faithful-CLoRA grid,lora_null,LoRA-Null,0.0005,45.0,frc_lora_null_lr5e4_c256,False,False,True,16.238459304845588,30.592587811118023,0.0860821207730127,0.0440390257457486,0.0833586197658407,0.090751689644903,17.32
frc_lora_null_lr5e4_c256_s46,frc,Llama-CS grid (frc),Llama-2-7B,cs,faithful-CLoRA grid,lora_null,LoRA-Null,0.0005,46.0,frc_lora_null_lr5e4_c256,False,False,True,16.213998901919382,30.599529377090047,0.0861137259879582,0.0438689347517817,0.0832095972872947,0.0727276895852654,16.39
frc_lora_null_lr7e4_c256_s42,frc,Llama-CS grid (frc),Llama-2-7B,cs,faithful-CLoRA grid,lora_null,LoRA-Null,0.0007,42.0,frc_lora_null_lr7e4_c256,False,False,True,16.553714512731418,30.503496585310785,0.0855133370137244,0.04500505224393,0.0837983048888713,0.2111472498144923,14.34
frc_lora_null_lr7e4_c256_s43,frc,Llama-CS grid (frc),Llama-2-7B,cs,faithful-CLoRA grid,lora_null,LoRA-Null,0.0007,43.0,frc_lora_null_lr7e4_c256,False,False,True,16.60983872220714,30.57842628762084,0.0853296148948467,0.0450820225743083,0.0834657974918672,0.2028968085295292,15.64
frc_lora_null_lr7e4_c256_s44,frc,Llama-CS grid (frc),Llama-2-7B,cs,faithful-CLoRA grid,lora_null,LoRA-Null,0.0007,44.0,frc_lora_null_lr7e4_c256,False,False,True,16.339133932917044,30.44622183827901,0.0856156265179433,0.0450529182242652,0.0833212235224093,0.209702632120352,13.54
frc_lora_r16_lr3e4_c256_s42,frc,Llama-CS grid (frc),Llama-2-7B,cs,faithful-CLoRA grid,lora,LoRA,0.0003,42.0,frc_lora_r16_lr3e4_c256,False,False,True,4.780419306035445,11.570738064662336,0.0673938404446221,0.0462746891158601,0.0657082370578634,-0.2196106715290472,23.0
frc_lora_r16_lr3e4_c256_s43,frc,Llama-CS grid (frc),Llama-2-7B,cs,faithful-CLoRA grid,lora,LoRA,0.0003,43.0,frc_lora_r16_lr3e4_c256,False,False,True,4.705245066888022,11.51354979070824,0.0677962766291792,0.046249867105581,0.0659604305764806,-0.2204756566752101,24.36
frc_lora_r16_lr3e4_c256_s45,frc,Llama-CS grid (frc),Llama-2-7B,cs,faithful-CLoRA grid,lora,LoRA,0.0003,45.0,frc_lora_r16_lr3e4_c256,False,False,True,4.74518959189901,11.52334176758354,0.0677264925109961,0.0462588850125258,0.0657626780721515,-0.2196106715290472,23.32
frc_lora_r32_lr3e4_c256_s42,frc,Llama-CS grid (frc),Llama-2-7B,cs,faithful-CLoRA grid,lora,LoRA,0.0003,42.0,frc_lora_r32_lr3e4_c256,False,False,True,7.536649904388737,21.47571688657108,0.0693250151169291,0.0461882305092527,0.0656218512173758,-0.1311792938024826,22.19
frc_lora_r32_lr3e4_c256_s43,frc,Llama-CS grid (frc),Llama-2-7B,cs,faithful-CLoRA grid,lora,LoRA,0.0003,43.0,frc_lora_r32_lr3e4_c256,False,False,True,7.289600698773939,21.3587747957811,0.0694819521311347,0.0460340510482259,0.066004578796721,-0.1198154471735665,22.34
frc_lora_r32_lr3e4_c256_s44,frc,Llama-CS grid (frc),Llama-2-7B,cs,faithful-CLoRA grid,lora,LoRA,0.0003,44.0,frc_lora_r32_lr3e4_c256,False,False,True,7.488523837617256,21.54971266087965,0.0686584979188747,0.046387374372473,0.0654733800450997,-0.1393625832262453,21.6
frc_lora_r32_lr3e4_c256_s45,frc,Llama-CS grid (frc),Llama-2-7B,cs,faithful-CLoRA grid,lora,LoRA,0.0003,45.0,frc_lora_r32_lr3e4_c256,False,False,True,7.415228310544699,21.471589481105465,0.0691554457527929,0.0464993721144412,0.0655430433839355,-0.126505017743831,21.86
frc_lora_r32_lr3e4_c256_s46,frc,Llama-CS grid (frc),Llama-2-7B,cs,faithful-CLoRA grid,lora,LoRA,0.0003,46.0,frc_lora_r32_lr3e4_c256,False,False,True,7.341343577997672,21.39064476835021,0.0693359294155408,0.0462179883096237,0.065706666472526,-0.1179880383733413,22.66
frc_lora_r8_lr3e4_c256_s42,frc,Llama-CS grid (frc),Llama-2-7B,cs,faithful-CLoRA grid,lora,LoRA,0.0003,42.0,frc_lora_r8_lr3e4_c256,False,False,True,3.1781287763907304,6.19418474715024,0.0668546039712703,0.0461812648998814,0.0660539874686427,-0.2858379539011467,23.96
frc_lora_r8_lr3e4_c256_s43,frc,Llama-CS grid (frc),Llama-2-7B,cs,faithful-CLoRA grid,lora,LoRA,0.0003,43.0,frc_lora_r8_lr3e4_c256,False,False,True,3.1561595603466577,6.156385270597848,0.0670175708940822,0.0462785385533812,0.0662531203587452,-0.2951633937885962,24.95
frc_lora_r8_lr3e4_c256_s44,frc,Llama-CS grid (frc),Llama-2-7B,cs,faithful-CLoRA grid,lora,LoRA,0.0003,44.0,frc_lora_r8_lr3e4_c256,False,False,True,3.144157780068952,6.188709017736758,0.0670733675201136,0.0466279772343253,0.0660996859416585,-0.2802545074704233,24.83
frc_lora_r8_lr3e4_c256_s45,frc,Llama-CS grid (frc),Llama-2-7B,cs,faithful-CLoRA grid,lora,LoRA,0.0003,45.0,frc_lora_r8_lr3e4_c256,False,False,True,3.18114196006203,6.19304445264518,0.0675879674277212,0.0462499481940166,0.0663119753076067,-0.2869296741443606,25.04
frc_lorawd_wd0_lr1e3_c256_s42,frc,Llama-CS grid (frc),Llama-2-7B,cs,faithful-CLoRA grid,lorawd,LoRA+wd,0.001,42.0,frc_lorawd_wd0_lr1e3_c256,False,False,True,11.913107882677105,25.226048471303603,0.0969687936372904,0.0481139847555745,0.1004875392023356,0.8475726591421122,3.32
frc_lorawd_wd0_lr1e3_c256_s43,frc,Llama-CS grid (frc),Llama-2-7B,cs,faithful-CLoRA grid,lorawd,LoRA+wd,0.001,43.0,frc_lorawd_wd0_lr1e3_c256,False,False,True,12.589599157890357,25.90431304698738,0.0935785958632691,0.0480608123732772,0.0942250664675001,0.7324580949807639,3.12
frc_lorawd_wd0_lr1e3_c256_s44,frc,Llama-CS grid (frc),Llama-2-7B,cs,faithful-CLoRA grid,lorawd,LoRA+wd,0.001,44.0,frc_lorawd_wd0_lr1e3_c256,False,False,True,12.819264341969362,25.72910144867484,0.0930626574264814,0.0481996142717165,0.092988847963386,0.7127254440594999,6.1
frc_lorawd_wd0_lr1e4_c256_s42,frc,Llama-CS grid (frc),Llama-2-7B,cs,faithful-CLoRA grid,lorawd,LoRA+wd,0.0001,42.0,frc_lorawd_wd0_lr1e4_c256,False,False,True,3.126171549952398,11.417663106547614,0.070082609148675,0.0487226573299172,0.0696844022817068,-0.5225893120927484,26.52
frc_lorawd_wd0_lr1e4_c256_s43,frc,Llama-CS grid (frc),Llama-2-7B,cs,faithful-CLoRA grid,lorawd,LoRA+wd,0.0001,43.0,frc_lorawd_wd0_lr1e4_c256,False,False,True,3.1903902516517424,11.530489788376435,0.0700428544636877,0.0488761210329826,0.0697083078854884,-0.5243288116755703,26.2
frc_lorawd_wd0_lr1e4_c256_s44,frc,Llama-CS grid (frc),Llama-2-7B,cs,faithful-CLoRA grid,lorawd,LoRA+wd,0.0001,44.0,frc_lorawd_wd0_lr1e4_c256,False,False,True,3.144592539366612,11.443869848667624,0.0693597954320905,0.0488790685628108,0.0692022063285519,-0.5243288116755703,26.9
frc_lorawd_wd0_lr1e4_c256_s45,frc,Llama-CS grid (frc),Llama-2-7B,cs,faithful-CLoRA grid,lorawd,LoRA+wd,0.0001,45.0,frc_lorawd_wd0_lr1e4_c256,False,False,True,3.1853788567104786,11.445505208352513,0.0702334854107026,0.0488796162544316,0.0697741882411487,-0.5249101966109935,26.38
frc_lorawd_wd0_lr2e4_c256_s42,frc,Llama-CS grid (frc),Llama-2-7B,cs,faithful-CLoRA grid,lorawd,LoRA+wd,0.0002,42.0,frc_lorawd_wd0_lr2e4_c256,False,False,True,5.0853578125911945,17.304564956693294,0.0680157593267268,0.0470192387128113,0.0664548083271479,-0.2965366581167069,24.36
frc_lorawd_wd0_lr2e4_c256_s43,frc,Llama-CS grid (frc),Llama-2-7B,cs,faithful-CLoRA grid,lorawd,LoRA+wd,0.0002,43.0,frc_lorawd_wd0_lr2e4_c256,False,False,True,5.136229549010936,17.315695562376156,0.0684906860165872,0.0467209333281534,0.066573586429451,-0.2903908789273513,24.51
frc_lorawd_wd0_lr2e4_c256_s44,frc,Llama-CS grid (frc),Llama-2-7B,cs,faithful-CLoRA grid,lorawd,LoRA+wd,0.0002,44.0,frc_lorawd_wd0_lr2e4_c256,False,False,True,5.17640285283596,17.328028943972978,0.0684103517552553,0.0471234608050901,0.0666020111864068,-0.2893749849392031,24.96
frc_lorawd_wd0_lr2e4_c256_s45,frc,Llama-CS grid (frc),Llama-2-7B,cs,faithful-CLoRA grid,lorawd,LoRA+wd,0.0002,45.0,frc_lorawd_wd0_lr2e4_c256,False,False,True,5.117236830453492,17.271951344902618,0.0684323567818522,0.0468332207772123,0.0668566306079556,-0.2866774950129723,23.55
frc_lorawd_wd0_lr2e5_c256_s42,frc,Llama-CS grid (frc),Llama-2-7B,cs,faithful-CLoRA grid,lorawd,LoRA+wd,2e-05,42.0,frc_lorawd_wd0_lr2e5_c256,False,False,True,1.5210393040559609,3.839868945042249,0.0643976190582329,0.0483732773120129,0.0787708246005292,-0.6569855028492324,26.38
frc_lorawd_wd0_lr2e5_c256_s43,frc,Llama-CS grid (frc),Llama-2-7B,cs,faithful-CLoRA grid,lorawd,LoRA+wd,2e-05,43.0,frc_lorawd_wd0_lr2e5_c256,False,False,True,1.5123295645211334,3.790130624796815,0.0641318858053874,0.0492143432517903,0.0784192935912177,-0.6499459064209697,26.9
frc_lorawd_wd0_lr2e5_c256_s44,frc,Llama-CS grid (frc),Llama-2-7B,cs,faithful-CLoRA grid,lorawd,LoRA+wd,2e-05,44.0,frc_lorawd_wd0_lr2e5_c256,False,False,True,1.5176606611475374,3.834453579862051,0.0643061943802088,0.0488407466366117,0.0786593924160137,-0.6522797829659618,26.52
frc_lorawd_wd0_lr3e4_c256_s42,frc,Llama-CS grid (frc),Llama-2-7B,cs,faithful-CLoRA grid,lorawd,LoRA+wd,0.0003,42.0,frc_lorawd_wd0_lr3e4_c256,False,False,True,7.565575974123203,21.462118620578057,0.069291453623988,0.0461610462209686,0.0656739002292203,-0.1267956907229593,21.1
frc_lorawd_wd0_lr3e4_c256_s43,frc,Llama-CS grid (frc),Llama-2-7B,cs,faithful-CLoRA grid,lorawd,LoRA+wd,0.0003,43.0,frc_lorawd_wd0_lr3e4_c256,False,False,True,7.605369331433982,21.57965114200003,0.06897322812548,0.0462031732644604,0.065979433438555,-0.1311792938024826,23.46
frc_lorawd_wd0_lr3e4_c256_s44,frc,Llama-CS grid (frc),Llama-2-7B,cs,faithful-CLoRA grid,lorawd,LoRA+wd,0.0003,44.0,frc_lorawd_wd0_lr3e4_c256,False,False,True,7.467128284300186,21.384654169885803,0.0701960286869873,0.0461003835407181,0.0661397176872774,-0.1191864077192086,22.62
frc_lorawd_wd0_lr3e4_c256_s45,frc,Llama-CS grid (frc),Llama-2-7B,cs,faithful-CLoRA grid,lorawd,LoRA+wd,0.0003,45.0,frc_lorawd_wd0_lr3e4_c256,False,False,True,7.55659702081081,21.554579355656045,0.0696879822662723,0.0462594232672875,0.0662208819974941,-0.1376300628771175,21.91
frc_lorawd_wd0_lr5e4_c256_s42,frc,Llama-CS grid (frc),Llama-2-7B,cs,faithful-CLoRA grid,lorawd,LoRA+wd,0.0005,42.0,frc_lorawd_wd0_lr5e4_c256,False,False,True,12.644624221499171,25.9771977079247,0.073835856906962,0.0456837935701022,0.0678174260678855,0.0579322273806086,17.46
frc_lorawd_wd0_lr5e4_c256_s43,frc,Llama-CS grid (frc),Llama-2-7B,cs,faithful-CLoRA grid,lorawd,LoRA+wd,0.0005,43.0,frc_lorawd_wd0_lr5e4_c256,False,False,True,13.089032290458734,26.36528194306241,0.0736590053633289,0.045801907587142,0.0673506555617083,0.0622810699726438,17.51
frc_lorawd_wd0_lr5e4_c256_s44,frc,Llama-CS grid (frc),Llama-2-7B,cs,faithful-CLoRA grid,lorawd,LoRA+wd,0.0005,44.0,frc_lorawd_wd0_lr5e4_c256,False,False,True,12.800957729460468,26.254757668234184,0.0721389714439729,0.045847731277339,0.0666856883276307,0.0698160425719953,17.24
frc_lorawd_wd0_lr5e4_c256_s45,frc,Llama-CS grid (frc),Llama-2-7B,cs,faithful-CLoRA grid,lorawd,LoRA+wd,0.0005,45.0,frc_lorawd_wd0_lr5e4_c256,False,False,True,12.658222474637302,26.15647133879069,0.073115867963616,0.0459025892782679,0.0673132353329084,0.0620175988571122,17.9
frc_lorawd_wd0_lr5e4_c256_s46,frc,Llama-CS grid (frc),Llama-2-7B,cs,faithful-CLoRA grid,lorawd,LoRA+wd,0.0005,46.0,frc_lorawd_wd0_lr5e4_c256,False,False,True,12.634747098356938,26.144416949243357,0.0733128556835059,0.0458349908426184,0.0672538520080813,0.0569810366681131,18.26
frc_lorawd_wd0_lr7e4_c256_s42,frc,Llama-CS grid (frc),Llama-2-7B,cs,faithful-CLoRA grid,lorawd,LoRA+wd,0.0007,42.0,frc_lorawd_wd0_lr7e4_c256,False,False,True,15.360338517544866,28.116924296613423,0.0791231365236339,0.04619825365312,0.0713407165621519,0.1746702414870472,16.32
frc_lorawd_wd0_lr7e4_c256_s43,frc,Llama-CS grid (frc),Llama-2-7B,cs,faithful-CLoRA grid,lorawd,LoRA+wd,0.0007,43.0,frc_lorawd_wd0_lr7e4_c256,False,False,True,15.316579139590896,28.01898143128856,0.0768114067386354,0.0462786648119453,0.0702326502111332,0.1791494803611487,16.06
frc_lorawd_wd0_lr7e4_c256_s44,frc,Llama-CS grid (frc),Llama-2-7B,cs,faithful-CLoRA grid,lorawd,LoRA+wd,0.0007,44.0,frc_lorawd_wd0_lr7e4_c256,False,False,True,15.141563561874875,27.899093013566016,0.078725517638695,0.0462487977654585,0.0709612931837575,0.1782861287775673,16.2
frc_lorawd_wd0p1_lr1e3_c256_s42,frc,Llama-CS grid (frc),Llama-2-7B,cs,faithful-CLoRA grid,lorawd,LoRA+wd,0.001,42.0,frc_lorawd_wd0p1_lr1e3_c256,False,False,True,15.389150862234096,28.44792399563113,0.0788278500705529,0.0457516084508141,0.0742885041819695,-0.0081539463551032,19.27
frc_lorawd_wd0p1_lr1e3_c256_s43,frc,Llama-CS grid (frc),Llama-2-7B,cs,faithful-CLoRA grid,lorawd,LoRA+wd,0.001,43.0,frc_lorawd_wd0p1_lr1e3_c256,False,False,True,15.465953608516362,28.574432605239267,0.0768689537548669,0.0458849944615736,0.074075933002417,-0.0021332737608552,19.2
frc_lorawd_wd0p1_lr1e3_c256_s44,frc,Llama-CS grid (frc),Llama-2-7B,cs,faithful-CLoRA grid,lorawd,LoRA+wd,0.001,44.0,frc_lorawd_wd0p1_lr1e3_c256,False,False,True,15.515062433101097,28.54961307162824,0.0774344602064008,0.0459553752031397,0.0733625823969798,-0.0018714928717335,19.7
frc_lorawd_wd0p1_lr1e4_c256_s42,frc,Llama-CS grid (frc),Llama-2-7B,cs,faithful-CLoRA grid,lorawd,LoRA+wd,0.0001,42.0,frc_lorawd_wd0p1_lr1e4_c256,False,False,True,3.133141204045959,10.998611050339337,0.0707739414418858,0.0492973376030075,0.0706421450004741,-0.5725138909042145,27.0
frc_lorawd_wd0p1_lr1e4_c256_s43,frc,Llama-CS grid (frc),Llama-2-7B,cs,faithful-CLoRA grid,lorawd,LoRA+wd,0.0001,43.0,frc_lorawd_wd0p1_lr1e4_c256,False,False,True,3.1096454742449717,10.98983448269571,0.0707891636014649,0.0493842456052281,0.0707505881006629,-0.5654310959658012,26.7
frc_lorawd_wd0p1_lr1e4_c256_s44,frc,Llama-CS grid (frc),Llama-2-7B,cs,faithful-CLoRA grid,lorawd,LoRA+wd,0.0001,44.0,frc_lorawd_wd0p1_lr1e4_c256,False,False,True,3.1129424325403763,10.971009072935615,0.0701659317109615,0.0497116593399455,0.0705089965235839,-0.5519123333076589,27.35
frc_lorawd_wd0p1_lr1e4_c256_s45,frc,Llama-CS grid (frc),Llama-2-7B,cs,faithful-CLoRA grid,lorawd,LoRA+wd,0.0001,45.0,frc_lorawd_wd0p1_lr1e4_c256,False,False,True,3.167620139798888,11.07898785299554,0.0707922367303121,0.0493758847566798,0.0707335401775162,-0.5655907924124999,27.11
frc_lorawd_wd0p1_lr2e4_c256_s42,frc,Llama-CS grid (frc),Llama-2-7B,cs,faithful-CLoRA grid,lorawd,LoRA+wd,0.0002,42.0,frc_lorawd_wd0p1_lr2e4_c256,False,False,True,5.086134999555241,16.827388644983177,0.069142147396923,0.047354496566769,0.0681170044270037,-0.3677452233152863,25.24
frc_lorawd_wd0p1_lr2e4_c256_s43,frc,Llama-CS grid (frc),Llama-2-7B,cs,faithful-CLoRA grid,lorawd,LoRA+wd,0.0002,43.0,frc_lorawd_wd0p1_lr2e4_c256,False,False,True,5.022200205687788,16.77746368348651,0.0695277049533851,0.0472621454714351,0.0681609579347306,-0.3856301604517114,25.92
frc_lorawd_wd0p1_lr2e4_c256_s44,frc,Llama-CS grid (frc),Llama-2-7B,cs,faithful-CLoRA grid,lorawd,LoRA+wd,0.0002,44.0,frc_lorawd_wd0p1_lr2e4_c256,False,False,True,5.01934173675045,16.741937053780408,0.0693594020719198,0.047446467177488,0.0680299814238611,-0.3791355247348789,25.74
frc_lorawd_wd0p1_lr2e4_c256_s45,frc,Llama-CS grid (frc),Llama-2-7B,cs,faithful-CLoRA grid,lorawd,LoRA+wd,0.0002,45.0,frc_lorawd_wd0p1_lr2e4_c256,False,False,True,5.001760203961824,16.74654719881576,0.0695739004753551,0.0472491371295785,0.0682270722314111,-0.3727365834317789,25.22
frc_lorawd_wd0p1_lr3e4_c256_s42,frc,Llama-CS grid (frc),Llama-2-7B,cs,faithful-CLoRA grid,lorawd,LoRA+wd,0.0003,42.0,frc_lorawd_wd0p1_lr3e4_c256,False,False,True,7.2666402555016445,20.81381631079769,0.0704260871260453,0.0467683538883932,0.067684949660774,-0.2415423113895343,24.08
frc_lorawd_wd0p1_lr3e4_c256_s43,frc,Llama-CS grid (frc),Llama-2-7B,cs,faithful-CLoRA grid,lorawd,LoRA+wd,0.0003,43.0,frc_lorawd_wd0p1_lr3e4_c256,False,False,True,7.449631662227281,21.028102639878465,0.069687986579779,0.0465076449490638,0.0674643319206884,-0.2664015390386609,24.24
frc_lorawd_wd0p1_lr3e4_c256_s44,frc,Llama-CS grid (frc),Llama-2-7B,cs,faithful-CLoRA grid,lorawd,LoRA+wd,0.0003,44.0,frc_lorawd_wd0p1_lr3e4_c256,False,False,True,7.382694619062229,20.980069263907964,0.0697147871886928,0.0467680618861426,0.0678551326870229,-0.2611401979277997,24.14
frc_lorawd_wd0p1_lr3e4_c256_s45,frc,Llama-CS grid (frc),Llama-2-7B,cs,faithful-CLoRA grid,lorawd,LoRA+wd,0.0003,45.0,frc_lorawd_wd0p1_lr3e4_c256,False,False,True,7.259007343690876,20.813620638270383,0.0706252677293806,0.0465725879451066,0.067986455587074,-0.2610609687965204,25.4
frc_lorawd_wd0p1_lr5e4_c256_s42,frc,Llama-CS grid (frc),Llama-2-7B,cs,faithful-CLoRA grid,lorawd,LoRA+wd,0.0005,42.0,frc_lorawd_wd0p1_lr5e4_c256,False,False,True,12.58357154929712,25.868045197182735,0.0730423632725625,0.0459158904752077,0.0692003672306122,-0.1476420163321729,22.43
frc_lorawd_wd0p1_lr5e4_c256_s43,frc,Llama-CS grid (frc),Llama-2-7B,cs,faithful-CLoRA grid,lorawd,LoRA+wd,0.0005,43.0,frc_lorawd_wd0p1_lr5e4_c256,False,False,True,12.518758352418198,25.846288209078544,0.0734737214205075,0.0458895838567818,0.0694174386221892,-0.1231473523986565,22.76
frc_lorawd_wd0p1_lr5e4_c256_s44,frc,Llama-CS grid (frc),Llama-2-7B,cs,faithful-CLoRA grid,lorawd,LoRA+wd,0.0005,44.0,frc_lorawd_wd0p1_lr5e4_c256,False,False,True,12.527030583482672,25.83102757319692,0.0730026275306683,0.0459637383987487,0.0692772205863897,-0.1150914058373928,20.94
frc_lorawd_wd0p1_lr5e4_c256_s45,frc,Llama-CS grid (frc),Llama-2-7B,cs,faithful-CLoRA grid,lorawd,LoRA+wd,0.0005,45.0,frc_lorawd_wd0p1_lr5e4_c256,False,False,True,12.49841525160022,25.82261011842516,0.0741283246216478,0.0459862385415171,0.0695060925215845,-0.1312967977214633,22.29
frc_lorawd_wd0p1_lr7e4_c256_s42,frc,Llama-CS grid (frc),Llama-2-7B,cs,faithful-CLoRA grid,lorawd,LoRA+wd,0.0007,42.0,frc_lorawd_wd0p1_lr7e4_c256,False,False,True,14.829611803876013,27.662858251737447,0.076152080923367,0.0456294979483971,0.0714620276169935,-0.0658046506521155,20.75
frc_lorawd_wd0p1_lr7e4_c256_s43,frc,Llama-CS grid (frc),Llama-2-7B,cs,faithful-CLoRA grid,lorawd,LoRA+wd,0.0007,43.0,frc_lorawd_wd0p1_lr7e4_c256,False,False,True,14.91181885589098,27.78857476558785,0.0761879399183076,0.0457433962183123,0.0715849328879224,-0.0703767484847596,21.94
frc_lorawd_wd0p1_lr7e4_c256_s44,frc,Llama-CS grid (frc),Llama-2-7B,cs,faithful-CLoRA grid,lorawd,LoRA+wd,0.0007,44.0,frc_lorawd_wd0p1_lr7e4_c256,False,False,True,14.859643348283134,27.806860628688224,0.0756577058244716,0.0456327695654884,0.070987030063138,-0.060880282351513,21.58
frc_lorawd_wd0p2_lr1e3_c256_s42,frc,Llama-CS grid (frc),Llama-2-7B,cs,faithful-CLoRA grid,lorawd,LoRA+wd,0.001,42.0,frc_lorawd_wd0p2_lr1e3_c256,False,False,True,13.57988919708636,27.256467471850637,0.0772613915445131,0.0451717313889326,0.0747728868899911,-0.1920592787845007,24.08
frc_lorawd_wd0p2_lr1e3_c256_s43,frc,Llama-CS grid (frc),Llama-2-7B,cs,faithful-CLoRA grid,lorawd,LoRA+wd,0.001,43.0,frc_lorawd_wd0p2_lr1e3_c256,False,False,True,13.525618180598016,27.253915783018204,0.0765580539058368,0.0451734827103667,0.0745646466679616,-0.1992142096722373,24.02
frc_lorawd_wd0p2_lr1e3_c256_s44,frc,Llama-CS grid (frc),Llama-2-7B,cs,faithful-CLoRA grid,lorawd,LoRA+wd,0.001,44.0,frc_lorawd_wd0p2_lr1e3_c256,False,False,True,13.549149541198396,27.23732755736368,0.0763978894452747,0.0451573554604836,0.0747272563606713,-0.1964746044234676,23.12
frc_lorawd_wd0p2_lr1e4_c256_s42,frc,Llama-CS grid (frc),Llama-2-7B,cs,faithful-CLoRA grid,lorawd,LoRA+wd,0.0001,42.0,frc_lorawd_wd0p2_lr1e4_c256,False,False,True,3.0693731560632687,10.5964428470115,0.0711187257886801,0.0498872410746087,0.0716305034388068,-0.595166283380062,27.42
frc_lorawd_wd0p2_lr1e4_c256_s43,frc,Llama-CS grid (frc),Llama-2-7B,cs,faithful-CLoRA grid,lorawd,LoRA+wd,0.0001,43.0,frc_lorawd_wd0p2_lr1e4_c256,False,False,True,3.102220959680277,10.598612958210978,0.071314996308442,0.0497249393846217,0.0716044515241156,-0.6006724678413211,27.02
frc_lorawd_wd0p2_lr1e4_c256_s44,frc,Llama-CS grid (frc),Llama-2-7B,cs,faithful-CLoRA grid,lorawd,LoRA+wd,0.0001,44.0,frc_lorawd_wd0p2_lr1e4_c256,False,False,True,3.135482323935816,10.655981801129244,0.0715068081530901,0.0498636465656916,0.0715616870345305,-0.5985994592184559,27.73
frc_lorawd_wd0p2_lr1e4_c256_s45,frc,Llama-CS grid (frc),Llama-2-7B,cs,faithful-CLoRA grid,lorawd,LoRA+wd,0.0001,45.0,frc_lorawd_wd0p2_lr1e4_c256,False,False,True,3.064173448584487,10.561114342084853,0.0717378795841887,0.0496034261215788,0.0719497339736897,-0.5994620106080538,27.26
frc_lorawd_wd0p2_lr2e4_c256_s42,frc,Llama-CS grid (frc),Llama-2-7B,cs,faithful-CLoRA grid,lorawd,LoRA+wd,0.0002,42.0,frc_lorawd_wd0p2_lr2e4_c256,False,False,True,4.969388533716429,16.2438294557527,0.0701872642480223,0.0478173045129623,0.0695325248484563,-0.4571745730408201,26.32
frc_lorawd_wd0p2_lr2e4_c256_s43,frc,Llama-CS grid (frc),Llama-2-7B,cs,faithful-CLoRA grid,lorawd,LoRA+wd,0.0002,43.0,frc_lorawd_wd0p2_lr2e4_c256,False,False,True,4.906891545146372,16.068242596654684,0.0703346096187811,0.0478577557359142,0.0695813864516068,-0.4417715781966743,26.45
frc_lorawd_wd0p2_lr2e4_c256_s44,frc,Llama-CS grid (frc),Llama-2-7B,cs,faithful-CLoRA grid,lorawd,LoRA+wd,0.0002,44.0,frc_lorawd_wd0p2_lr2e4_c256,False,False,True,4.952560041280972,16.213504612215434,0.0702791074036982,0.0480570121748666,0.0696393667681633,-0.4602967610521745,26.35
frc_lorawd_wd0p2_lr2e4_c256_s45,frc,Llama-CS grid (frc),Llama-2-7B,cs,faithful-CLoRA grid,lorawd,LoRA+wd,0.0002,45.0,frc_lorawd_wd0p2_lr2e4_c256,False,False,True,4.928544734230888,16.13736207329388,0.0709503136065603,0.0478937627968222,0.0699718162954845,-0.4492825765307173,26.53
frc_lorawd_wd0p2_lr2e4_c256_s46,frc,Llama-CS grid (frc),Llama-2-7B,cs,faithful-CLoRA grid,lorawd,LoRA+wd,0.0002,46.0,frc_lorawd_wd0p2_lr2e4_c256,False,False,True,4.949465701490048,16.12510821876977,0.0703707042721352,0.0478018022360748,0.0697389281544847,-0.4385408287580841,26.16
frc_lorawd_wd0p2_lr2e5_c256_s42,frc,Llama-CS grid (frc),Llama-2-7B,cs,faithful-CLoRA grid,lorawd,LoRA+wd,2e-05,42.0,frc_lorawd_wd0p2_lr2e5_c256,False,False,True,1.5086919394972804,3.75320467271326,0.0641290814663328,0.0482819859720271,0.0791433027719477,-0.669789215428472,26.67
frc_lorawd_wd0p2_lr2e5_c256_s43,frc,Llama-CS grid (frc),Llama-2-7B,cs,faithful-CLoRA grid,lorawd,LoRA+wd,2e-05,43.0,frc_lorawd_wd0p2_lr2e5_c256,False,False,True,1.5002155724770894,3.662421814429316,0.0639701091615145,0.0479657194479065,0.0794535566344415,-0.6641410886801821,26.91
frc_lorawd_wd0p2_lr2e5_c256_s44,frc,Llama-CS grid (frc),Llama-2-7B,cs,faithful-CLoRA grid,lorawd,LoRA+wd,2e-05,44.0,frc_lorawd_wd0p2_lr2e5_c256,False,False,True,1.4994940033216693,3.687794314746029,0.0639108401255285,0.0497871266759803,0.0790546184384842,-0.6595558851598816,26.82
frc_lorawd_wd0p2_lr3e4_c256_s42,frc,Llama-CS grid (frc),Llama-2-7B,cs,faithful-CLoRA grid,lorawd,LoRA+wd,0.0003,42.0,frc_lorawd_wd0p2_lr3e4_c256,False,False,True,7.364362336418906,20.405362343593666,0.0709257821645439,0.0472369756908373,0.0695783658023867,-0.3739677521709811,26.05
frc_lorawd_wd0p2_lr3e4_c256_s43,frc,Llama-CS grid (frc),Llama-2-7B,cs,faithful-CLoRA grid,lorawd,LoRA+wd,0.0003,43.0,frc_lorawd_wd0p2_lr3e4_c256,False,False,True,7.028361856950235,20.22601953182426,0.0703759443640029,0.0469846335283139,0.0688629167617621,-0.3590219426416679,26.03
frc_lorawd_wd0p2_lr3e4_c256_s44,frc,Llama-CS grid (frc),Llama-2-7B,cs,faithful-CLoRA grid,lorawd,LoRA+wd,0.0003,44.0,frc_lorawd_wd0p2_lr3e4_c256,False,False,True,7.122816073983321,20.331550139617264,0.0714986015608445,0.0468577123836128,0.0694689016005234,-0.3650191999487716,25.96
frc_lorawd_wd0p2_lr3e4_c256_s45,frc,Llama-CS grid (frc),Llama-2-7B,cs,faithful-CLoRA grid,lorawd,LoRA+wd,0.0003,45.0,frc_lorawd_wd0p2_lr3e4_c256,False,False,True,7.332049808422929,20.446508172240588,0.071129935139327,0.0470482960534286,0.0694164098009164,-0.368150537840182,25.6
frc_lorawd_wd0p2_lr5e4_c256_s42,frc,Llama-CS grid (frc),Llama-2-7B,cs,faithful-CLoRA grid,lorawd,LoRA+wd,0.0005,42.0,frc_lorawd_wd0p2_lr5e4_c256,False,False,True,11.713853130755938,24.95250634770066,0.074431354289046,0.0458868711987869,0.0713191708731911,-0.279179418229656,24.3
frc_lorawd_wd0p2_lr5e4_c256_s43,frc,Llama-CS grid (frc),Llama-2-7B,cs,faithful-CLoRA grid,lorawd,LoRA+wd,0.0005,43.0,frc_lorawd_wd0p2_lr5e4_c256,False,False,True,11.697467224893394,24.961693317523533,0.0739372538673988,0.0460480706390403,0.0708593774689484,-0.2778598745425845,24.26
frc_lorawd_wd0p2_lr5e4_c256_s44,frc,Llama-CS grid (frc),Llama-2-7B,cs,faithful-CLoRA grid,lorawd,LoRA+wd,0.0005,44.0,frc_lorawd_wd0p2_lr5e4_c256,False,False,True,11.69267035241982,24.96186513031559,0.0736577824783357,0.0459003635950675,0.0706066855020516,-0.2776952131256723,24.65
frc_lorawd_wd0p2_lr5e4_c256_s45,frc,Llama-CS grid (frc),Llama-2-7B,cs,faithful-CLoRA grid,lorawd,LoRA+wd,0.0005,45.0,frc_lorawd_wd0p2_lr5e4_c256,False,False,True,11.645013020375549,24.93630767266526,0.0741230203397406,0.0460323998852272,0.0712188449352811,-0.2785191452299507,24.89
frc_lorawd_wd0p2_lr7e4_c256_s42,frc,Llama-CS grid (frc),Llama-2-7B,cs,faithful-CLoRA grid,lorawd,LoRA+wd,0.0007,42.0,frc_lorawd_wd0p2_lr7e4_c256,False,False,True,13.339009342206865,26.535924129969438,0.0768568847689118,0.0454986902999001,0.0734961299648613,-0.2272383528559677,22.86
frc_lorawd_wd0p2_lr7e4_c256_s43,frc,Llama-CS grid (frc),Llama-2-7B,cs,faithful-CLoRA grid,lorawd,LoRA+wd,0.0007,43.0,frc_lorawd_wd0p2_lr7e4_c256,False,False,True,13.19107730390795,26.539665583091885,0.0761368959535924,0.0454915750871536,0.073518544318429,-0.2366468912517845,24.04
frc_lorawd_wd0p2_lr7e4_c256_s44,frc,Llama-CS grid (frc),Llama-2-7B,cs,faithful-CLoRA grid,lorawd,LoRA+wd,0.0007,44.0,frc_lorawd_wd0p2_lr7e4_c256,False,False,True,13.112152558315172,26.47906786416578,0.0765400358313975,0.0454038891395236,0.0733621687104484,-0.2227182083289852,22.72
frc_lorawd_wd0p3_lr1e3_c256_s42,frc,Llama-CS grid (frc),Llama-2-7B,cs,faithful-CLoRA grid,lorawd,LoRA+wd,0.001,42.0,frc_lorawd_wd0p3_lr1e3_c256,False,False,True,11.707831966453206,25.505631511895377,0.0785503075525159,0.0448786798232138,0.0760746990420262,-0.3328273275211315,25.46
frc_lorawd_wd0p3_lr1e3_c256_s43,frc,Llama-CS grid (frc),Llama-2-7B,cs,faithful-CLoRA grid,lorawd,LoRA+wd,0.001,43.0,frc_lorawd_wd0p3_lr1e3_c256,False,False,True,11.740895643983851,25.462841273894497,0.0770156954703975,0.0449873427755782,0.0760646067042475,-0.3547742884645838,25.54
frc_lorawd_wd0p3_lr1e3_c256_s44,frc,Llama-CS grid (frc),Llama-2-7B,cs,faithful-CLoRA grid,lorawd,LoRA+wd,0.001,44.0,frc_lorawd_wd0p3_lr1e3_c256,False,False,True,11.649006612883529,25.50751011191056,0.0773956197012513,0.0451636552682926,0.0754931943770507,-0.3506651412878581,25.5
frc_lorawd_wd0p3_lr1e4_c256_s42,frc,Llama-CS grid (frc),Llama-2-7B,cs,faithful-CLoRA grid,lorawd,LoRA+wd,0.0001,42.0,frc_lorawd_wd0p3_lr1e4_c256,False,False,True,3.075797443970618,10.260803801280163,0.0717787423924838,0.0503790072899211,0.0723705621530965,-0.630042392653947,27.14
frc_lorawd_wd0p3_lr1e4_c256_s43,frc,Llama-CS grid (frc),Llama-2-7B,cs,faithful-CLoRA grid,lorawd,LoRA+wd,0.0001,43.0,frc_lorawd_wd0p3_lr1e4_c256,False,False,True,3.03425500834485,10.201800970885309,0.0723095290718505,0.0500583598831104,0.0728027534112552,-0.6304131092636557,27.51
frc_lorawd_wd0p3_lr1e4_c256_s44,frc,Llama-CS grid (frc),Llama-2-7B,cs,faithful-CLoRA grid,lorawd,LoRA+wd,0.0001,44.0,frc_lorawd_wd0p3_lr1e4_c256,False,False,True,3.078984941295016,10.249526270317922,0.0718214388337007,0.0504045891059268,0.0725762827344469,-0.6328305114653193,27.84
frc_lorawd_wd0p3_lr1e4_c256_s45,frc,Llama-CS grid (frc),Llama-2-7B,cs,faithful-CLoRA grid,lorawd,LoRA+wd,0.0001,45.0,frc_lorawd_wd0p3_lr1e4_c256,False,False,True,3.05508590055073,10.218491073254432,0.071918514307772,0.0502845333403337,0.0725273538721876,-0.6225116166238673,26.94
frc_lorawd_wd0p3_lr1e4_c256_s46,frc,Llama-CS grid (frc),Llama-2-7B,cs,faithful-CLoRA grid,lorawd,LoRA+wd,0.0001,46.0,frc_lorawd_wd0p3_lr1e4_c256,False,False,True,3.063233069875675,10.245909770257596,0.0721553527208221,0.0501662745671936,0.0725867543499765,-0.6280090885350851,27.08
frc_lorawd_wd0p3_lr2e4_c256_s42,frc,Llama-CS grid (frc),Llama-2-7B,cs,faithful-CLoRA grid,lorawd,LoRA+wd,0.0002,42.0,frc_lorawd_wd0p3_lr2e4_c256,False,False,True,4.688192059625914,15.144426248275815,0.07092535705365,0.0485982273949244,0.0710614450728053,-0.4870489200275094,26.97
frc_lorawd_wd0p3_lr2e4_c256_s43,frc,Llama-CS grid (frc),Llama-2-7B,cs,faithful-CLoRA grid,lorawd,LoRA+wd,0.0002,43.0,frc_lorawd_wd0p3_lr2e4_c256,False,False,True,4.988063109536221,15.70292339619686,0.0713627200293987,0.0482738283149606,0.0711404492378416,-0.5231683714877393,26.33
frc_lorawd_wd0p3_lr2e4_c256_s44,frc,Llama-CS grid (frc),Llama-2-7B,cs,faithful-CLoRA grid,lorawd,LoRA+wd,0.0002,44.0,frc_lorawd_wd0p3_lr2e4_c256,False,False,True,4.948692484459571,15.658048402396858,0.07084750406625,0.0486772112815266,0.0707744810788597,-0.5166980476418329,26.79
frc_lorawd_wd0p3_lr2e4_c256_s45,frc,Llama-CS grid (frc),Llama-2-7B,cs,faithful-CLoRA grid,lorawd,LoRA+wd,0.0002,45.0,frc_lorawd_wd0p3_lr2e4_c256,False,False,True,4.884930284203944,15.633964154755237,0.0710694810233411,0.0483095176357012,0.0710674321226514,-0.5191310763128322,26.98
frc_lorawd_wd0p3_lr2e5_c256_s42,frc,Llama-CS grid (frc),Llama-2-7B,cs,faithful-CLoRA grid,lorawd,LoRA+wd,2e-05,42.0,frc_lorawd_wd0p3_lr2e5_c256,False,False,True,1.4895409501807095,3.61618314510707,0.0642521784568281,0.047961960134317,0.0802251986064597,-0.6695862266508091,26.52
frc_lorawd_wd0p3_lr2e5_c256_s43,frc,Llama-CS grid (frc),Llama-2-7B,cs,faithful-CLoRA grid,lorawd,LoRA+wd,2e-05,43.0,frc_lorawd_wd0p3_lr2e5_c256,False,False,True,1.4851843346491969,3.5556399546495543,0.064125010425201,0.0480171900837928,0.0801614762457408,-0.66334017654558,26.72
frc_lorawd_wd0p3_lr2e5_c256_s44,frc,Llama-CS grid (frc),Llama-2-7B,cs,faithful-CLoRA grid,lorawd,LoRA+wd,2e-05,44.0,frc_lorawd_wd0p3_lr2e5_c256,False,False,True,1.486942212271938,3.5684498475692825,0.0635993969497159,0.049352002577045,0.0797333655184125,-0.6728454875905685,27.3
frc_lorawd_wd0p3_lr3e4_c256_s42,frc,Llama-CS grid (frc),Llama-2-7B,cs,faithful-CLoRA grid,lorawd,LoRA+wd,0.0003,42.0,frc_lorawd_wd0p3_lr3e4_c256,False,False,True,6.952354916870564,19.47825037337659,0.0726536918258002,0.0473554578423455,0.0714081136017845,-0.4459956789880971,27.28
frc_lorawd_wd0p3_lr3e4_c256_s43,frc,Llama-CS grid (frc),Llama-2-7B,cs,faithful-CLoRA grid,lorawd,LoRA+wd,0.0003,43.0,frc_lorawd_wd0p3_lr3e4_c256,False,False,True,7.110250271360133,19.670610692531397,0.0718687059682906,0.0473850545765321,0.0708441808456636,-0.4657199947949185,25.99
frc_lorawd_wd0p3_lr3e4_c256_s44,frc,Llama-CS grid (frc),Llama-2-7B,cs,faithful-CLoRA grid,lorawd,LoRA+wd,0.0003,44.0,frc_lorawd_wd0p3_lr3e4_c256,False,False,True,7.107935964222784,19.67151912774844,0.0723457176574975,0.047576723457305,0.0709278154413799,-0.4580465255417637,25.47
frc_lorawd_wd0p3_lr3e4_c256_s45,frc,Llama-CS grid (frc),Llama-2-7B,cs,faithful-CLoRA grid,lorawd,LoRA+wd,0.0003,45.0,frc_lorawd_wd0p3_lr3e4_c256,False,False,True,6.879397677412887,19.369988729858264,0.0724563132927679,0.047371336792854,0.0713098372349773,-0.4529641002599897,26.65
frc_lorawd_wd0p3_lr5e4_c256_s42,frc,Llama-CS grid (frc),Llama-2-7B,cs,faithful-CLoRA grid,lorawd,LoRA+wd,0.0005,42.0,frc_lorawd_wd0p3_lr5e4_c256,False,False,True,10.500784392519778,23.55765167881663,0.0745591482325491,0.0462787899656501,0.0727766764674878,-0.3875340360468576,25.04
frc_lorawd_wd0p3_lr5e4_c256_s43,frc,Llama-CS grid (frc),Llama-2-7B,cs,faithful-CLoRA grid,lorawd,LoRA+wd,0.0005,43.0,frc_lorawd_wd0p3_lr5e4_c256,False,False,True,10.680237981725917,23.758715237148564,0.0748641910775381,0.0464214644096635,0.0723895059262515,-0.4101620568525402,26.67
frc_lorawd_wd0p3_lr5e4_c256_s44,frc,Llama-CS grid (frc),Llama-2-7B,cs,faithful-CLoRA grid,lorawd,LoRA+wd,0.0005,44.0,frc_lorawd_wd0p3_lr5e4_c256,False,False,True,10.504328056620729,23.692023158168045,0.0764433418125887,0.0463081821532543,0.0733600590004405,-0.3800722897085319,26.26
frc_lorawd_wd0p3_lr5e4_c256_s45,frc,Llama-CS grid (frc),Llama-2-7B,cs,faithful-CLoRA grid,lorawd,LoRA+wd,0.0005,45.0,frc_lorawd_wd0p3_lr5e4_c256,False,False,True,10.469575389890446,23.68015313561628,0.0743172374923359,0.0464348649414675,0.072268632653493,-0.4070464284521341,25.8
frc_lorawd_wd0p3_lr7e4_c256_s42,frc,Llama-CS grid (frc),Llama-2-7B,cs,faithful-CLoRA grid,lorawd,LoRA+wd,0.0007,42.0,frc_lorawd_wd0p3_lr7e4_c256,False,False,True,11.436669513158003,24.93778614459128,0.075629894891211,0.0456788039745338,0.0736161932177203,-0.361810359809163,25.64
frc_lorawd_wd0p3_lr7e4_c256_s43,frc,Llama-CS grid (frc),Llama-2-7B,cs,faithful-CLoRA grid,lorawd,LoRA+wd,0.0007,43.0,frc_lorawd_wd0p3_lr7e4_c256,False,False,True,11.479791805052493,24.972023651043912,0.0772151152786603,0.0454709909974594,0.0748711220556623,-0.3622101706377709,25.46
frc_lorawd_wd0p3_lr7e4_c256_s44,frc,Llama-CS grid (frc),Llama-2-7B,cs,faithful-CLoRA grid,lorawd,LoRA+wd,0.0007,44.0,frc_lorawd_wd0p3_lr7e4_c256,False,False,True,11.519874988684634,24.91609229527668,0.0762750630512164,0.0456652877311062,0.0741323913336049,-0.3691654821719494,26.08
frc_lorawd_wd0p5_lr1e3_c256_s42,frc,Llama-CS grid (frc),Llama-2-7B,cs,faithful-CLoRA grid,lorawd,LoRA+wd,0.001,42.0,frc_lorawd_wd0p5_lr1e3_c256,False,False,True,8.379215537805852,21.055765255845976,0.0771097249319994,0.0455382639543383,0.0758808628733144,-0.502241281712732,26.34
frc_lorawd_wd0p5_lr1e3_c256_s43,frc,Llama-CS grid (frc),Llama-2-7B,cs,faithful-CLoRA grid,lorawd,LoRA+wd,0.001,43.0,frc_lorawd_wd0p5_lr1e3_c256,False,False,True,2.2657302981017025,4.342328449784909,0.0990617706829995,0.0481044360624498,0.0916687465566635,-0.0178192544035974,11.44
frc_lorawd_wd0p5_lr1e3_c256_s44,frc,Llama-CS grid (frc),Llama-2-7B,cs,faithful-CLoRA grid,lorawd,LoRA+wd,0.001,44.0,frc_lorawd_wd0p5_lr1e3_c256,False,False,True,8.938810819200128,21.961244373615944,0.0772307334364273,0.0456151520344607,0.0762970460913967,-0.5262211653532752,26.18
frc_lorawd_wd0p5_lr1e4_c256_s42,frc,Llama-CS grid (frc),Llama-2-7B,cs,faithful-CLoRA grid,lorawd,LoRA+wd,0.0001,42.0,frc_lorawd_wd0p5_lr1e4_c256,False,False,True,3.014345074605508,9.52455908839074,0.0725526942046515,0.0513642793584154,0.0741757358118154,-0.6821455106685308,27.74
frc_lorawd_wd0p5_lr1e4_c256_s43,frc,Llama-CS grid (frc),Llama-2-7B,cs,faithful-CLoRA grid,lorawd,LoRA+wd,0.0001,43.0,frc_lorawd_wd0p5_lr1e4_c256,False,False,True,2.9566632237842385,9.404376669361344,0.0728758804668215,0.0514457177344435,0.0743991644474828,-0.6794383198047633,27.99
frc_lorawd_wd0p5_lr1e4_c256_s44,frc,Llama-CS grid (frc),Llama-2-7B,cs,faithful-CLoRA grid,lorawd,LoRA+wd,0.0001,44.0,frc_lorawd_wd0p5_lr1e4_c256,False,False,True,2.992190581206465,9.488969930873113,0.0725026456029926,0.0512440596117219,0.0741448744152094,-0.6784015695346561,27.86
frc_lorawd_wd0p5_lr1e4_c256_s45,frc,Llama-CS grid (frc),Llama-2-7B,cs,faithful-CLoRA grid,lorawd,LoRA+wd,0.0001,45.0,frc_lorawd_wd0p5_lr1e4_c256,False,False,True,2.9732178593196257,9.432386294948811,0.0726271729537908,0.0515497435681984,0.0743098883408496,-0.6773672883077766,27.92
frc_lorawd_wd0p5_lr2e4_c256_s42,frc,Llama-CS grid (frc),Llama-2-7B,cs,faithful-CLoRA grid,lorawd,LoRA+wd,0.0002,42.0,frc_lorawd_wd0p5_lr2e4_c256,False,False,True,4.713065661912141,14.420036971357584,0.0727549506978528,0.0495160565527391,0.0735704629197003,-0.6252516539898961,27.56
frc_lorawd_wd0p5_lr2e4_c256_s43,frc,Llama-CS grid (frc),Llama-2-7B,cs,faithful-CLoRA grid,lorawd,LoRA+wd,0.0002,43.0,frc_lorawd_wd0p5_lr2e4_c256,False,False,True,4.737852296618566,14.451824785628308,0.0735342859432692,0.0494690292002996,0.0739434716776437,-0.6243363860391147,27.12
frc_lorawd_wd0p5_lr2e4_c256_s44,frc,Llama-CS grid (frc),Llama-2-7B,cs,faithful-CLoRA grid,lorawd,LoRA+wd,0.0002,44.0,frc_lorawd_wd0p5_lr2e4_c256,False,False,True,4.795076168388112,14.52866283895344,0.0722977510085004,0.0496400164900925,0.0735187499774641,-0.6250684460218119,27.36
frc_lorawd_wd0p5_lr2e4_c256_s45,frc,Llama-CS grid (frc),Llama-2-7B,cs,faithful-CLoRA grid,lorawd,LoRA+wd,0.0002,45.0,frc_lorawd_wd0p5_lr2e4_c256,False,False,True,4.673014413828255,14.300364160022584,0.0732638244628179,0.0496726820636951,0.0739574841115377,-0.5848596478041272,27.28
frc_lorawd_wd0p5_lr3e4_c256_s42,frc,Llama-CS grid (frc),Llama-2-7B,cs,faithful-CLoRA grid,lorawd,LoRA+wd,0.0003,42.0,frc_lorawd_wd0p5_lr3e4_c256,False,False,True,6.540689232212439,17.83524480109759,0.0737695322599603,0.0482958866535912,0.0742861035705872,-0.5938005763366871,27.47
frc_lorawd_wd0p5_lr3e4_c256_s43,frc,Llama-CS grid (frc),Llama-2-7B,cs,faithful-CLoRA grid,lorawd,LoRA+wd,0.0003,43.0,frc_lorawd_wd0p5_lr3e4_c256,False,False,True,6.4283269780703245,17.600032762890446,0.0751457259127625,0.0481061149506684,0.0764769993367972,-0.5856953118716683,25.42
frc_lorawd_wd0p5_lr3e4_c256_s45,frc,Llama-CS grid (frc),Llama-2-7B,cs,faithful-CLoRA grid,lorawd,LoRA+wd,0.0003,45.0,frc_lorawd_wd0p5_lr3e4_c256,False,False,True,6.465744070406424,17.686651563254312,0.0739289786090327,0.0482436332120185,0.075437950436455,-0.5883802940367698,23.8
frc_lorawd_wd0p5_lr5e4_c256_s42,frc,Llama-CS grid (frc),Llama-2-7B,cs,faithful-CLoRA grid,lorawd,LoRA+wd,0.0005,42.0,frc_lorawd_wd0p5_lr5e4_c256,False,False,True,8.524839798835101,20.642153577646887,0.0767228541496805,0.0467729254668341,0.077369797713507,-0.5284149458148103,24.59
frc_lorawd_wd0p5_lr5e4_c256_s43,frc,Llama-CS grid (frc),Llama-2-7B,cs,faithful-CLoRA grid,lorawd,LoRA+wd,0.0005,43.0,frc_lorawd_wd0p5_lr5e4_c256,False,False,True,8.751603557998308,20.92645053956414,0.0758259466322709,0.0469388666693443,0.0751605887219332,-0.5790545940780277,26.97
frc_lorawd_wd0p5_lr5e4_c256_s44,frc,Llama-CS grid (frc),Llama-2-7B,cs,faithful-CLoRA grid,lorawd,LoRA+wd,0.0005,44.0,frc_lorawd_wd0p5_lr5e4_c256,False,False,True,8.786947178205443,21.02940147775429,0.0763933851669044,0.0469121195382281,0.0754762006554557,-0.5635193049905051,27.1
frc_lorawd_wd0p5_lr5e4_c256_s45,frc,Llama-CS grid (frc),Llama-2-7B,cs,faithful-CLoRA grid,lorawd,LoRA+wd,0.0005,45.0,frc_lorawd_wd0p5_lr5e4_c256,False,False,True,8.58810446735692,20.817560919191973,0.0769258701022716,0.0467233393972473,0.0759277945078548,-0.5694412304772425,26.63
frc_lorawd_wd0p5_lr7e4_c256_s42,frc,Llama-CS grid (frc),Llama-2-7B,cs,faithful-CLoRA grid,lorawd,LoRA+wd,0.0007,42.0,frc_lorawd_wd0p5_lr7e4_c256,False,False,True,8.973667401197027,21.63389594308475,0.0763989877084137,0.0460186570130816,0.0752393498414436,-0.5282683485199489,26.9
frc_lorawd_wd0p5_lr7e4_c256_s43,frc,Llama-CS grid (frc),Llama-2-7B,cs,faithful-CLoRA grid,lorawd,LoRA+wd,0.0007,43.0,frc_lorawd_wd0p5_lr7e4_c256,False,False,True,8.859673641398349,21.561587712091,0.076375207598749,0.0462676635526337,0.0752570007370275,-0.5439377755450486,26.5
frc_lorawd_wd0p5_lr7e4_c256_s44,frc,Llama-CS grid (frc),Llama-2-7B,cs,faithful-CLoRA grid,lorawd,LoRA+wd,0.0007,44.0,frc_lorawd_wd0p5_lr7e4_c256,False,False,True,8.885907514520104,21.55828781728137,0.077677676171249,0.0460527852316331,0.0762111195923658,-0.5453075507605232,27.1
frc_lorawdr16_wd0p3_lr3e4_c256_s42,frc,Llama-CS grid (frc),Llama-2-7B,cs,faithful-CLoRA grid,lorawdr16,LoRA+wd-r16,0.0003,42.0,frc_lorawdr16_wd0p3_lr3e4_c256,False,False,True,4.650663034433042,10.988454817224405,0.0715730914949741,0.0482067392102858,0.0717737846449637,-0.4847886956721981,26.84
frc_lorawdr16_wd0p3_lr3e4_c256_s42_reeval,frc,Llama-CS grid (frc),Llama-2-7B,cs,faithful-CLoRA grid,lorawdr16,LoRA+wd-r16,0.0003,,frc_lorawdr16_wd0p3_lr3e4_c256_s42_reeval,False,False,True,,,,,,-0.4847886956721981,26.84
frc_lorawdr16_wd0p3_lr3e4_c256_s43,frc,Llama-CS grid (frc),Llama-2-7B,cs,faithful-CLoRA grid,lorawdr16,LoRA+wd-r16,0.0003,43.0,frc_lorawdr16_wd0p3_lr3e4_c256,False,False,True,4.521827150580712,10.910365083181524,0.0710243926431575,0.0480730306105338,0.0713485501879617,-0.4767739580342989,27.25
frc_lorawdr16_wd0p3_lr3e4_c256_s44,frc,Llama-CS grid (frc),Llama-2-7B,cs,faithful-CLoRA grid,lorawdr16,LoRA+wd-r16,0.0003,44.0,frc_lorawdr16_wd0p3_lr3e4_c256,False,False,True,4.687252756169686,11.01643787221628,0.071140662346735,0.0481867390932941,0.0714244689037533,-0.514988785421427,27.06
frc_lorawdr16_wd0p3_lr3e4_c256_s45,frc,Llama-CS grid (frc),Llama-2-7B,cs,faithful-CLoRA grid,lorawdr16,LoRA+wd-r16,0.0003,45.0,frc_lorawdr16_wd0p3_lr3e4_c256,False,False,True,4.6455903764542885,11.00742259313655,0.0714074852356197,0.0479080825154979,0.0713664126523019,-0.4775557664936801,26.88
frc_lorawdr16_wd0p3_lr5e4_c256_s42,frc,Llama-CS grid (frc),Llama-2-7B,cs,faithful-CLoRA grid,lorawdr16,LoRA+wd-r16,0.0005,42.0,frc_lorawdr16_wd0p3_lr5e4_c256,False,False,True,7.073062687887304,13.264441670965043,0.0721211837193783,0.0466712698850251,0.071826447551102,-0.4763835809456292,26.27
frc_lorawdr16_wd0p3_lr5e4_c256_s43,frc,Llama-CS grid (frc),Llama-2-7B,cs,faithful-CLoRA grid,lorawdr16,LoRA+wd-r16,0.0005,43.0,frc_lorawdr16_wd0p3_lr5e4_c256,False,False,True,7.083299444672893,13.330892145120185,0.0722076599745417,0.0466061295553086,0.071381853947553,-0.4719836588107985,26.52
frc_lorawdr16_wd0p3_lr5e4_c256_s44,frc,Llama-CS grid (frc),Llama-2-7B,cs,faithful-CLoRA grid,lorawdr16,LoRA+wd-r16,0.0005,44.0,frc_lorawdr16_wd0p3_lr5e4_c256,False,False,True,6.9198287681930895,13.23149074611867,0.0717940848749233,0.0468130813183949,0.0713859802563594,-0.444421927227045,26.64
frc_lorawdr16_wd0p3_lr5e4_c256_s45,frc,Llama-CS grid (frc),Llama-2-7B,cs,faithful-CLoRA grid,lorawdr16,LoRA+wd-r16,0.0005,45.0,frc_lorawdr16_wd0p3_lr5e4_c256,False,False,True,7.102173855183125,13.322006831620524,0.0719610980382069,0.0466607394007199,0.071369008485112,-0.4680104485874498,26.78
frc_lorawdr16_wd0p3_lr5e4_c256_s46,frc,Llama-CS grid (frc),Llama-2-7B,cs,faithful-CLoRA grid,lorawdr16,LoRA+wd-r16,0.0005,46.0,frc_lorawdr16_wd0p3_lr5e4_c256,False,False,True,7.014337104782068,13.2173934353928,0.0718873986676662,0.0466604723062586,0.0714996850577745,-0.4396150770279845,26.86
frc_milora_a1r_lr1e3_c256_s42,frc,Llama-CS grid (frc),Llama-2-7B,cs,faithful-CLoRA grid,milora,MiLoRA,0.001,42.0,frc_milora_a1r_lr1e3_c256,False,False,True,15.090604815860448,26.99130586868774,0.0798791821754336,0.0488993236395953,0.0707865379295206,0.1852304161675628,17.21
frc_milora_a1r_lr1e3_c256_s43,frc,Llama-CS grid (frc),Llama-2-7B,cs,faithful-CLoRA grid,milora,MiLoRA,0.001,43.0,frc_milora_a1r_lr1e3_c256,False,False,True,14.955367904909098,27.047863356003443,0.0787649502322679,0.049246260810709,0.071401877156531,0.1797240960600895,17.33
frc_milora_a1r_lr1e3_c256_s44,frc,Llama-CS grid (frc),Llama-2-7B,cs,faithful-CLoRA grid,milora,MiLoRA,0.001,44.0,frc_milora_a1r_lr1e3_c256,False,False,True,15.014835019010578,27.138656644059427,0.0774817937437921,0.0493088255202393,0.0707181996011832,0.1797528068974981,14.84
frc_milora_a1r_lr1e4_c256_s42,frc,Llama-CS grid (frc),Llama-2-7B,cs,faithful-CLoRA grid,milora,MiLoRA,0.0001,42.0,frc_milora_a1r_lr1e4_c256,False,False,True,3.548793804561194,11.16050021482189,0.0645461921983044,0.1631762029580915,0.0695359308174353,-0.6057234732321786,27.56
frc_milora_a1r_lr1e4_c256_s43,frc,Llama-CS grid (frc),Llama-2-7B,cs,faithful-CLoRA grid,milora,MiLoRA,0.0001,43.0,frc_milora_a1r_lr1e4_c256,False,False,True,3.4963203883135376,11.101652904661856,0.0636127099247216,0.1630769932126598,0.0690941491176829,-0.6006724678413211,27.42
frc_milora_a1r_lr1e4_c256_s44,frc,Llama-CS grid (frc),Llama-2-7B,cs,faithful-CLoRA grid,milora,MiLoRA,0.0001,44.0,frc_milora_a1r_lr1e4_c256,False,False,True,3.416471813949622,10.94458275788595,0.0648590802456763,0.1608509146826851,0.0695357021670658,-0.5958507507903049,26.92
frc_milora_a1r_lr1e4_c256_s45,frc,Llama-CS grid (frc),Llama-2-7B,cs,faithful-CLoRA grid,milora,MiLoRA,0.0001,45.0,frc_milora_a1r_lr1e4_c256,False,False,True,3.5491619330555406,11.18462539400782,0.063775854706662,0.162873654694716,0.0682478202924157,-0.6101254416090145,27.31
frc_milora_a1r_lr2e4_c256_s42,frc,Llama-CS grid (frc),Llama-2-7B,cs,faithful-CLoRA grid,milora,MiLoRA,0.0002,42.0,frc_milora_a1r_lr2e4_c256,False,False,True,4.600287361948842,13.622630353114069,0.0661965683371495,0.1073460390709343,0.067479703125824,-0.4005536242747243,25.84
frc_milora_a1r_lr2e4_c256_s43,frc,Llama-CS grid (frc),Llama-2-7B,cs,faithful-CLoRA grid,milora,MiLoRA,0.0002,43.0,frc_milora_a1r_lr2e4_c256,False,False,True,4.518135278075346,13.531690136055971,0.0663614450002296,0.1064443125552013,0.0674439883947131,-0.3824754651137076,25.52
frc_milora_a1r_lr2e4_c256_s44,frc,Llama-CS grid (frc),Llama-2-7B,cs,faithful-CLoRA grid,milora,MiLoRA,0.0002,44.0,frc_milora_a1r_lr2e4_c256,False,False,True,4.599351578986303,13.606412823270135,0.0655482339223019,0.1072257699933614,0.0668800454032669,-0.3957739469155299,26.52
frc_milora_a1r_lr2e4_c256_s45,frc,Llama-CS grid (frc),Llama-2-7B,cs,faithful-CLoRA grid,milora,MiLoRA,0.0002,45.0,frc_milora_a1r_lr2e4_c256,False,False,True,4.573810785589944,13.671319749154732,0.0657675212104425,0.1071694669184949,0.0671571340721957,-0.3806979241243918,26.46
frc_milora_a1r_lr3e4_c256_s42,frc,Llama-CS grid (frc),Llama-2-7B,cs,faithful-CLoRA grid,milora,MiLoRA,0.0003,42.0,frc_milora_a1r_lr3e4_c256,False,False,True,5.930291500394581,16.244204981295127,0.0679842082044578,0.0827571885439178,0.065772121090368,-0.2650402387275547,24.72
frc_milora_a1r_lr3e4_c256_s43,frc,Llama-CS grid (frc),Llama-2-7B,cs,faithful-CLoRA grid,milora,MiLoRA,0.0003,43.0,frc_milora_a1r_lr3e4_c256,False,False,True,5.8233759755036525,16.235343941331312,0.0670532974758504,0.0822662265305887,0.0656824088284264,-0.2492602487646492,23.8
frc_milora_a1r_lr3e4_c256_s44,frc,Llama-CS grid (frc),Llama-2-7B,cs,faithful-CLoRA grid,milora,MiLoRA,0.0003,44.0,frc_milora_a1r_lr3e4_c256,False,False,True,5.837390948276585,16.247534315059557,0.0669576878348695,0.0827420975897764,0.0657541256825073,-0.2500319164905971,24.06
frc_milora_a1r_lr3e4_c256_s45,frc,Llama-CS grid (frc),Llama-2-7B,cs,faithful-CLoRA grid,milora,MiLoRA,0.0003,45.0,frc_milora_a1r_lr3e4_c256,False,False,True,5.964914946042279,16.29953100571023,0.067803920447527,0.0821436907579858,0.0657688228023987,-0.2510371387438385,24.9
frc_milora_a1r_lr5e4_c256_s42,frc,Llama-CS grid (frc),Llama-2-7B,cs,faithful-CLoRA grid,milora,MiLoRA,0.0005,42.0,frc_milora_a1r_lr5e4_c256,False,False,True,9.069614761359706,20.87166583394245,0.0706511209055946,0.060949503724314,0.0649434651542665,-0.0759275700896371,20.76
frc_milora_a1r_lr5e4_c256_s43,frc,Llama-CS grid (frc),Llama-2-7B,cs,faithful-CLoRA grid,milora,MiLoRA,0.0005,43.0,frc_milora_a1r_lr5e4_c256,False,False,True,9.011080198131197,20.713421982797342,0.0714744691433069,0.0609250554886143,0.0651517783548786,-0.0662597005030646,21.27
frc_milora_a1r_lr5e4_c256_s44,frc,Llama-CS grid (frc),Llama-2-7B,cs,faithful-CLoRA grid,milora,MiLoRA,0.0005,44.0,frc_milora_a1r_lr5e4_c256,False,False,True,8.929878108816887,20.834239439329348,0.0697226843947924,0.061298167394027,0.0647482683088559,-0.0625824185228621,21.0
frc_milora_a1r_lr5e4_c256_s45,frc,Llama-CS grid (frc),Llama-2-7B,cs,faithful-CLoRA grid,milora,MiLoRA,0.0005,45.0,frc_milora_a1r_lr5e4_c256,False,False,True,9.085951574886328,20.8759496122188,0.0688576459756701,0.06124626201742,0.0649192978821136,-0.0745847629157537,22.7
frc_milora_a1r_lr7e4_c256_s42,frc,Llama-CS grid (frc),Llama-2-7B,cs,faithful-CLoRA grid,milora,MiLoRA,0.0007,42.0,frc_milora_a1r_lr7e4_c256,False,False,True,12.197667677003862,24.087577266624532,0.0731636984980501,0.0529324778876665,0.0663754225239389,0.0538847903946921,17.84
frc_milora_a1r_lr7e4_c256_s43,frc,Llama-CS grid (frc),Llama-2-7B,cs,faithful-CLoRA grid,milora,MiLoRA,0.0007,43.0,frc_milora_a1r_lr7e4_c256,False,False,True,12.374171481424712,24.329118917767143,0.072837261043121,0.0529955122357808,0.0663226525709272,0.0358298252528281,18.4
frc_milora_a1r_lr7e4_c256_s44,frc,Llama-CS grid (frc),Llama-2-7B,cs,faithful-CLoRA grid,milora,MiLoRA,0.0007,44.0,frc_milora_a1r_lr7e4_c256,False,False,True,11.964638674044338,24.0707151500198,0.0731011187280056,0.0531313721187515,0.0664528962400892,0.0579702317107054,18.82
frc_milora_lr1e3_c256_s42,frc,Llama-CS grid (frc),Llama-2-7B,cs,faithful-CLoRA grid,milora,MiLoRA,0.001,42.0,frc_milora_lr1e3_c256,False,True,True,1.643609446796613,4.107488335140421,0.0861462921081883,0.0564829616707092,0.0982751812672273,2.3948423700761263,0.0
frc_milora_lr1e3_c256_s43,frc,Llama-CS grid (frc),Llama-2-7B,cs,faithful-CLoRA grid,milora,MiLoRA,0.001,43.0,frc_milora_lr1e3_c256,False,True,True,12.14476155579929,25.05371989587711,0.0931720428252231,0.048604986967079,0.0981904706176137,0.8561728309040297,2.13
frc_milora_lr1e3_c256_s44,frc,Llama-CS grid (frc),Llama-2-7B,cs,faithful-CLoRA grid,milora,MiLoRA,0.001,44.0,frc_milora_lr1e3_c256,False,False,True,12.863495427202734,25.90025015087827,0.0932375864538034,0.0487672977801897,0.0942336321958433,0.7329403051216139,4.62
frc_milora_lr1e4_c256_s42,frc,Llama-CS grid (frc),Llama-2-7B,cs,faithful-CLoRA grid,milora,MiLoRA,0.0001,42.0,frc_milora_lr1e4_c256,False,False,True,3.965990334921612,12.217386495773775,0.0672731447712891,0.0955451351650353,0.0674583105691256,-0.5114492834995558,27.36
frc_milora_lr1e4_c256_s43,frc,Llama-CS grid (frc),Llama-2-7B,cs,faithful-CLoRA grid,milora,MiLoRA,0.0001,43.0,frc_milora_lr1e4_c256,False,False,True,3.8753073138496936,12.103279971314985,0.0675910335057988,0.0946872726724957,0.0677956664737371,-0.4977094720852271,25.94
frc_milora_lr1e4_c256_s44,frc,Llama-CS grid (frc),Llama-2-7B,cs,faithful-CLoRA grid,milora,MiLoRA,0.0001,44.0,frc_milora_lr1e4_c256,False,False,True,3.985684541289632,12.206268449906574,0.0672847801083374,0.0953927227838466,0.0674683956255157,-0.5011383110071159,27.39
frc_milora_lr1e4_c256_s45,frc,Llama-CS grid (frc),Llama-2-7B,cs,faithful-CLoRA grid,milora,MiLoRA,0.0001,45.0,frc_milora_lr1e4_c256,False,False,True,3.9485805106464777,12.245495513322274,0.067238400588595,0.095440130580542,0.0670330925951883,-0.5050110263168319,26.97
frc_milora_lr2e4_c256_s42,frc,Llama-CS grid (frc),Llama-2-7B,cs,faithful-CLoRA grid,milora,MiLoRA,0.0002,42.0,frc_milora_lr2e4_c256,False,False,True,5.740905116876098,15.875382128022038,0.0683646723692072,0.0681458560745359,0.0652467571704581,-0.2868455981627016,24.26
frc_milora_lr2e4_c256_s43,frc,Llama-CS grid (frc),Llama-2-7B,cs,faithful-CLoRA grid,milora,MiLoRA,0.0002,43.0,frc_milora_lr2e4_c256,False,False,True,5.756912787958296,15.936990856087888,0.0674049649848605,0.0685231079456982,0.0649004322958082,-0.283829652140146,24.16
frc_milora_lr2e4_c256_s44,frc,Llama-CS grid (frc),Llama-2-7B,cs,faithful-CLoRA grid,milora,MiLoRA,0.0002,44.0,frc_milora_lr2e4_c256,False,False,True,5.783036978280708,15.938440533898303,0.0681776887430877,0.0685135923899109,0.0655481862283623,-0.2719710455794816,24.24
frc_milora_lr2e4_c256_s45,frc,Llama-CS grid (frc),Llama-2-7B,cs,faithful-CLoRA grid,milora,MiLoRA,0.0002,45.0,frc_milora_lr2e4_c256,False,False,True,5.719724668268509,15.922575015453056,0.0682670766901685,0.068381525083845,0.0651830359489375,-0.2700257143004443,25.12
frc_milora_lr2e5_c256_s42,frc,Llama-CS grid (frc),Llama-2-7B,cs,faithful-CLoRA grid,milora,MiLoRA,2e-05,42.0,frc_milora_lr2e5_c256,False,False,True,2.7426447625100083,9.766397983053768,0.0587681465635974,0.1612184112029474,0.070529067295855,-0.7226200253327454,26.95
frc_milora_lr2e5_c256_s43,frc,Llama-CS grid (frc),Llama-2-7B,cs,faithful-CLoRA grid,milora,MiLoRA,2e-05,43.0,frc_milora_lr2e5_c256,False,False,True,2.7289302724859965,9.786776645286029,0.0589624658132704,0.1609461774078409,0.0702644342979476,-0.7321245806811024,26.32
frc_milora_lr2e5_c256_s44,frc,Llama-CS grid (frc),Llama-2-7B,cs,faithful-CLoRA grid,milora,MiLoRA,2e-05,44.0,frc_milora_lr2e5_c256,False,False,True,2.731983802515502,9.781257609893734,0.0586064669754157,0.1612232272753832,0.0703226079593563,-0.7274622226247627,26.58
frc_milora_lr3e4_c256_s42,frc,Llama-CS grid (frc),Llama-2-7B,cs,faithful-CLoRA grid,milora,MiLoRA,0.0003,42.0,frc_milora_lr3e4_c256,False,False,True,7.777842531891195,19.1966239263694,0.0689001400606483,0.0576373206831736,0.0645572862067606,-0.1287774432402929,21.82
frc_milora_lr3e4_c256_s43,frc,Llama-CS grid (frc),Llama-2-7B,cs,faithful-CLoRA grid,milora,MiLoRA,0.0003,43.0,frc_milora_lr3e4_c256,False,False,True,7.954089496881877,19.28430341990594,0.0690301308994313,0.0573955944161777,0.0645868639792349,-0.1407415825326931,22.46
frc_milora_lr3e4_c256_s44,frc,Llama-CS grid (frc),Llama-2-7B,cs,faithful-CLoRA grid,milora,MiLoRA,0.0003,44.0,frc_milora_lr3e4_c256,False,False,True,7.86340958063234,19.231234376614957,0.0698644771160137,0.0575634353952817,0.0648944434458045,-0.1330631822683606,22.58
frc_milora_lr3e4_c256_s45,frc,Llama-CS grid (frc),Llama-2-7B,cs,faithful-CLoRA grid,milora,MiLoRA,0.0003,45.0,frc_milora_lr3e4_c256,False,False,True,7.925187526281763,19.34845982829065,0.0683486670169926,0.0575359467084559,0.0644030046922876,-0.1372724716820254,22.66
frc_milora_lr5e4_c256_s42,frc,Llama-CS grid (frc),Llama-2-7B,cs,faithful-CLoRA grid,milora,MiLoRA,0.0005,42.0,frc_milora_lr5e4_c256,False,False,True,12.553838828252584,24.41782522393285,0.0717196767725176,0.0498589180772513,0.0658585884086663,0.0586157970105617,17.54
frc_milora_lr5e4_c256_s43,frc,Llama-CS grid (frc),Llama-2-7B,cs,faithful-CLoRA grid,milora,MiLoRA,0.0005,43.0,frc_milora_lr5e4_c256,False,False,True,12.540334582799373,24.357072876785605,0.0720834114216801,0.0498327920258286,0.0660971078681209,0.0492567972322272,17.4
frc_milora_lr5e4_c256_s44,frc,Llama-CS grid (frc),Llama-2-7B,cs,faithful-CLoRA grid,milora,MiLoRA,0.0005,44.0,frc_milora_lr5e4_c256,False,False,True,12.491203373205003,24.183306242346426,0.0759380986294323,0.0494576163088112,0.0676275258581984,0.0528093281405613,16.09
frc_milora_lr5e4_c256_s45,frc,Llama-CS grid (frc),Llama-2-7B,cs,faithful-CLoRA grid,milora,MiLoRA,0.0005,45.0,frc_milora_lr5e4_c256,False,False,True,12.506815334236114,24.384885689987566,0.0736636349620743,0.0496461940463172,0.0664515377010103,0.0549575960124065,19.27
frc_milora_lr7e4_c256_s42,frc,Llama-CS grid (frc),Llama-2-7B,cs,faithful-CLoRA grid,milora,MiLoRA,0.0007,42.0,frc_milora_lr7e4_c256,False,False,True,15.15034991151033,27.071012374041832,0.0784868316421814,0.0478068562775561,0.0706177631671389,0.1688214630098239,15.5
frc_milora_lr7e4_c256_s43,frc,Llama-CS grid (frc),Llama-2-7B,cs,faithful-CLoRA grid,milora,MiLoRA,0.0007,43.0,frc_milora_lr7e4_c256,False,False,True,15.203610560991947,27.094296890056608,0.0770576958275837,0.0477911053648071,0.0699824200551389,0.1844358883083704,14.5
frc_milora_lr7e4_c256_s44,frc,Llama-CS grid (frc),Llama-2-7B,cs,faithful-CLoRA grid,milora,MiLoRA,0.0007,44.0,frc_milora_lr7e4_c256,False,False,True,15.062084416920698,26.929288617470423,0.0781760906207624,0.047726082664471,0.0705148524305337,0.1832128832942511,14.68
frc_milora_r32_lr3e4_c256_s42,frc,Llama-CS grid (frc),Llama-2-7B,cs,faithful-CLoRA grid,milora,MiLoRA,0.0003,42.0,frc_milora_r32_lr3e4_c256,False,False,True,7.777842531891195,19.1966239263694,0.0689001400606483,0.0576373206831736,0.0645572862067606,-0.1287774432402929,21.82
frc_milora_r32_lr3e4_c256_s43,frc,Llama-CS grid (frc),Llama-2-7B,cs,faithful-CLoRA grid,milora,MiLoRA,0.0003,43.0,frc_milora_r32_lr3e4_c256,False,False,True,7.954089496881877,19.28430341990594,0.0690301308994313,0.0573955944161777,0.0645868639792349,-0.1407415825326931,22.46
frc_milora_r32_lr3e4_c256_s44,frc,Llama-CS grid (frc),Llama-2-7B,cs,faithful-CLoRA grid,milora,MiLoRA,0.0003,44.0,frc_milora_r32_lr3e4_c256,False,False,True,7.86340958063234,19.231234376614957,0.0698644771160137,0.0575634353952817,0.0648944434458045,-0.1330631822683606,22.58
frc_milora_r32_lr3e4_c256_s45,frc,Llama-CS grid (frc),Llama-2-7B,cs,faithful-CLoRA grid,milora,MiLoRA,0.0003,45.0,frc_milora_r32_lr3e4_c256,False,False,True,7.925187526281763,19.34845982829065,0.0683486670169926,0.0575359467084559,0.0644030046922876,-0.1372724716820254,22.66
frc_pissa_r32_lr3e4_c256_s42,frc,Llama-CS grid (frc),Llama-2-7B,cs,faithful-CLoRA grid,pissa,PiSSA,0.0003,42.0,frc_pissa_r32_lr3e4_c256,False,False,True,18.025627448268278,39.68892618965506,0.2214078181160526,0.0384192738030991,0.2161526888372378,0.1503879773252801,10.59
frc_pissa_r32_lr3e4_c256_s43,frc,Llama-CS grid (frc),Llama-2-7B,cs,faithful-CLoRA grid,pissa,PiSSA,0.0003,43.0,frc_pissa_r32_lr3e4_c256,False,False,True,18.046002646851083,39.71883044997787,0.2210077431300102,0.0385117522772697,0.2162396027337775,0.1504801222703345,13.25
frc_pissa_r32_lr3e4_c256_s44,frc,Llama-CS grid (frc),Llama-2-7B,cs,faithful-CLoRA grid,pissa,PiSSA,0.0003,44.0,frc_pissa_r32_lr3e4_c256,False,False,True,18.117260975002708,39.77379030646538,0.2209002000748583,0.0385626473712143,0.2167179232573977,0.1422955882897635,9.38
frc_pissa_r32_lr3e4_c256_s45,frc,Llama-CS grid (frc),Llama-2-7B,cs,faithful-CLoRA grid,pissa,PiSSA,0.0003,45.0,frc_pissa_r32_lr3e4_c256,False,False,True,18.045105467551213,39.71548882703901,0.2214974651383235,0.0384627696388871,0.2164019811477257,0.1470886246281665,12.2
frc_sclora_b0p9_em_r128_lr5e5_s42,frc,Llama-CS grid (frc),Llama-2-7B,cs,faithful-CLoRA grid,sclora,SC-LoRA,5e-05,42.0,frc_sclora_b0p9_em_r128_lr5e5,False,False,True,14.200944176871362,73.288740275203,0.0346982289171281,0.3995148836544869,0.0551631169148262,-0.7104110474574032,27.05
frc_sclora_b0p9_em_r128_lr5e5_s43,frc,Llama-CS grid (frc),Llama-2-7B,cs,faithful-CLoRA grid,sclora,SC-LoRA,5e-05,43.0,frc_sclora_b0p9_em_r128_lr5e5,False,False,True,13.57134692046056,72.40997764698906,0.0350504271346218,0.3981119468821207,0.0556979399290263,-0.6983190507064237,27.56
frc_sclora_b0p9_em_r128_lr5e5_s44,frc,Llama-CS grid (frc),Llama-2-7B,cs,faithful-CLoRA grid,sclora,SC-LoRA,5e-05,44.0,frc_sclora_b0p9_em_r128_lr5e5,False,False,True,13.568352946466488,72.51630232948973,0.0346361601830501,0.3986277929642054,0.0551530340872485,-0.6916490514132743,27.04
frc_sclora_lr1e3_c256_s42,frc,Llama-CS grid (frc),Llama-2-7B,cs,faithful-CLoRA grid,sclora,SC-LoRA,0.001,42.0,frc_sclora_lr1e3_c256,False,True,True,12.195766040518365,25.705402013410737,0.0990824281965567,0.0477075478426715,0.1189022627117646,0.9151992641131624,1.14
frc_sclora_lr1e3_c256_s43,frc,Llama-CS grid (frc),Llama-2-7B,cs,faithful-CLoRA grid,sclora,SC-LoRA,0.001,43.0,frc_sclora_lr1e3_c256,False,True,True,11.862919624625215,25.19456985375197,0.1003693431385506,0.0476389535678585,0.1203604149038275,0.9724527867166444,1.06
frc_sclora_lr1e3_c256_s44,frc,Llama-CS grid (frc),Llama-2-7B,cs,faithful-CLoRA grid,sclora,SC-LoRA,0.001,44.0,frc_sclora_lr1e3_c256,False,True,True,12.528325987329756,26.318553456690143,0.0990591201077836,0.0476235578054886,0.1182495620056216,0.8679151048753324,0.64
frc_sclora_lr1e4_c256_s42,frc,Llama-CS grid (frc),Llama-2-7B,cs,faithful-CLoRA grid,sclora,SC-LoRA,0.0001,42.0,frc_sclora_lr1e4_c256,False,False,True,12.452121710761466,32.15612087412224,0.0756278486501714,0.0424336998667405,0.1584666619355209,-0.2525105077413271,19.7
frc_sclora_lr1e4_c256_s43,frc,Llama-CS grid (frc),Llama-2-7B,cs,faithful-CLoRA grid,sclora,SC-LoRA,0.0001,43.0,frc_sclora_lr1e4_c256,False,False,True,12.485954301993363,32.165550278180305,0.0752587970508922,0.042490252894152,0.1584197734625139,-0.2523551806717518,21.16
frc_sclora_lr1e4_c256_s44,frc,Llama-CS grid (frc),Llama-2-7B,cs,faithful-CLoRA grid,sclora,SC-LoRA,0.0001,44.0,frc_sclora_lr1e4_c256,False,False,True,12.255889104328432,32.14961852932292,0.0750183799133407,0.0424278438670337,0.1582682966307104,-0.2318060383669284,21.17
frc_sclora_lr1e4_c256_s45,frc,Llama-CS grid (frc),Llama-2-7B,cs,faithful-CLoRA grid,sclora,SC-LoRA,0.0001,45.0,frc_sclora_lr1e4_c256,False,False,True,12.507881000388634,32.20685941726433,0.0752903208096159,0.0424851054291179,0.1585332890160522,-0.2528990686350137,21.53
frc_sclora_lr2e4_c256_s42,frc,Llama-CS grid (frc),Llama-2-7B,cs,faithful-CLoRA grid,sclora,SC-LoRA,0.0002,42.0,frc_sclora_lr2e4_c256,False,False,True,14.74781609604895,32.15329348430104,0.0756226347736901,0.0427734990097841,0.1431350545863191,-0.0943659986730452,16.36
frc_sclora_lr2e4_c256_s43,frc,Llama-CS grid (frc),Llama-2-7B,cs,faithful-CLoRA grid,sclora,SC-LoRA,0.0002,43.0,frc_sclora_lr2e4_c256,False,False,True,14.74769447721674,32.19504275447015,0.0750162230828693,0.0426961297947432,0.1429928169214585,-0.0948519981439839,18.31
frc_sclora_lr2e4_c256_s44,frc,Llama-CS grid (frc),Llama-2-7B,cs,faithful-CLoRA grid,sclora,SC-LoRA,0.0002,44.0,frc_sclora_lr2e4_c256,False,False,True,14.860235293414853,32.209207492261825,0.0748271848487064,0.0427940260140227,0.1428575660818291,-0.0931802845334546,15.62
frc_sclora_lr2e4_c256_s45,frc,Llama-CS grid (frc),Llama-2-7B,cs,faithful-CLoRA grid,sclora,SC-LoRA,0.0002,45.0,frc_sclora_lr2e4_c256,False,False,True,14.856653828003996,32.244122517455104,0.075062191950559,0.0426684348485048,0.1432244504190988,-0.0989778267519208,17.33
frc_sclora_lr3e4_c256_s42,frc,Llama-CS grid (frc),Llama-2-7B,cs,faithful-CLoRA grid,sclora,SC-LoRA,0.0003,42.0,frc_sclora_lr3e4_c256,False,False,True,15.946865991259385,31.976625932167416,0.0757888166748382,0.0431163611297852,0.1304512449937842,0.0116972881141425,15.54
frc_sclora_lr3e4_c256_s43,frc,Llama-CS grid (frc),Llama-2-7B,cs,faithful-CLoRA grid,sclora,SC-LoRA,0.0003,43.0,frc_sclora_lr3e4_c256,False,False,True,16.07622404303254,31.96082616366259,0.0763573797266795,0.0431248192468482,0.1304063900328304,0.0144365278316721,16.6
frc_sclora_lr3e4_c256_s44,frc,Llama-CS grid (frc),Llama-2-7B,cs,faithful-CLoRA grid,sclora,SC-LoRA,0.0003,44.0,frc_sclora_lr3e4_c256,False,False,True,16.167007771694582,32.04643872783862,0.0758243014614583,0.0430376206560463,0.1304212533034711,0.0086853191951681,15.11
frc_sclora_lr3e4_c256_s45,frc,Llama-CS grid (frc),Llama-2-7B,cs,faithful-CLoRA grid,sclora,SC-LoRA,0.0003,45.0,frc_sclora_lr3e4_c256,False,False,True,16.082546591950674,31.97467752604927,0.0764011339915608,0.0431235495497216,0.1307320529408255,0.0146465246840317,16.0
frc_sclora_lr5e4_c256_s42,frc,Llama-CS grid (frc),Llama-2-7B,cs,faithful-CLoRA grid,sclora,SC-LoRA,0.0005,42.0,frc_sclora_lr5e4_c256,False,False,True,17.381338359474015,31.755367383048064,0.0793319077797526,0.0438805534454506,0.1145703630563671,0.1465621131575566,15.13
frc_sclora_lr5e4_c256_s43,frc,Llama-CS grid (frc),Llama-2-7B,cs,faithful-CLoRA grid,sclora,SC-LoRA,0.0005,43.0,frc_sclora_lr5e4_c256,False,False,True,17.42630509539369,31.8168278636999,0.0785148928625347,0.0439601238482574,0.1141682472588356,0.1463761330753897,14.94
frc_sclora_lr5e4_c256_s44,frc,Llama-CS grid (frc),Llama-2-7B,cs,faithful-CLoRA grid,sclora,SC-LoRA,0.0005,44.0,frc_sclora_lr5e4_c256,False,False,True,17.399020399515393,31.72280130749928,0.0801355839507777,0.0438793425605757,0.1147246820756186,0.1479544309308205,8.53
frc_sclora_lr5e4_c256_s45,frc,Llama-CS grid (frc),Llama-2-7B,cs,faithful-CLoRA grid,sclora,SC-LoRA,0.0005,45.0,frc_sclora_lr5e4_c256,False,False,True,17.352618632735837,31.70240076041348,0.0799520379757769,0.0438820447126383,0.1150044856802206,0.1553967737048507,14.91
frc_sclora_lr7e4_c256_s42,frc,Llama-CS grid (frc),Llama-2-7B,cs,faithful-CLoRA grid,sclora,SC-LoRA,0.0007,42.0,frc_sclora_lr7e4_c256,False,False,True,17.25225422032024,31.397920035065017,0.0818041582150508,0.0450955815092627,0.1051867517279347,0.2481695133068103,6.29
frc_sclora_lr7e4_c256_s43,frc,Llama-CS grid (frc),Llama-2-7B,cs,faithful-CLoRA grid,sclora,SC-LoRA,0.0007,43.0,frc_sclora_lr7e4_c256,False,False,True,17.054034153987764,31.282891322583644,0.0822604683116145,0.0451147594203548,0.1053912178385606,0.2561643052796146,11.02
frm_clora_k128_lr3e4_c256_s42,frm,Llama-Math grid (frm),Llama-2-7B,math,faithful-CLoRA grid,clora,CLoRA,0.0003,42.0,frm_clora_k128_lr3e4_c256,False,False,True,25.73032315090285,54.81462978478083,0.0647321663572759,0.0461550617323849,0.0627205498434416,0.0331421770606246,18.52
frm_clora_k128_lr3e4_c256_s43,frm,Llama-Math grid (frm),Llama-2-7B,math,faithful-CLoRA grid,clora,CLoRA,0.0003,43.0,frm_clora_k128_lr3e4_c256,False,False,True,25.558656399473435,54.74365356048966,0.0644592626199377,0.046119912688839,0.0625538761611969,0.03678853310772,18.57
frm_clora_k128_lr3e4_c256_s44,frm,Llama-Math grid (frm),Llama-2-7B,math,faithful-CLoRA grid,clora,CLoRA,0.0003,44.0,frm_clora_k128_lr3e4_c256,False,False,True,25.53030195261686,54.710747209487415,0.0648524743956383,0.0460945929824365,0.0628448734767773,0.04493154614916,19.2
frm_clora_k256_lr3e4_c256_s42,frm,Llama-Math grid (frm),Llama-2-7B,math,faithful-CLoRA grid,clora,CLoRA,0.0003,42.0,frm_clora_k256_lr3e4_c256,False,False,True,25.237531546771383,54.13445920863456,0.0638577744690374,0.0459581389064924,0.061771418896987,0.0082168015896903,19.02
frm_clora_k256_lr3e4_c256_s43,frm,Llama-Math grid (frm),Llama-2-7B,math,faithful-CLoRA grid,clora,CLoRA,0.0003,43.0,frm_clora_k256_lr3e4_c256,False,False,True,25.32269044333768,54.24995891412674,0.0639789227369585,0.0461170513641692,0.0617493083869982,0.004063300397667,18.85
frm_clora_k256_lr3e4_c256_s44,frm,Llama-Math grid (frm),Llama-2-7B,math,faithful-CLoRA grid,clora,CLoRA,0.0003,44.0,frm_clora_k256_lr3e4_c256,False,False,True,25.29270330101814,54.220057123386326,0.0638662727795761,0.0460095015095041,0.0616542056795617,0.0019499410842679,18.98
frm_clora_k64_lr3e4_c256_s42,frm,Llama-Math grid (frm),Llama-2-7B,math,faithful-CLoRA grid,clora,CLoRA,0.0003,42.0,frm_clora_k64_lr3e4_c256,False,False,True,25.959415411110783,55.139988101087006,0.065092904593385,0.0462803228456226,0.063270496688799,0.04641711698399,18.38
frm_clora_k64_lr3e4_c256_s43,frm,Llama-Math grid (frm),Llama-2-7B,math,faithful-CLoRA grid,clora,CLoRA,0.0003,43.0,frm_clora_k64_lr3e4_c256,False,False,True,25.86052860397228,55.1272691482533,0.0651564229737597,0.0462720199381033,0.0632550286966602,0.0541149005105858,18.48
frm_clora_k64_lr3e4_c256_s44,frm,Llama-Math grid (frm),Llama-2-7B,math,faithful-CLoRA grid,clora,CLoRA,0.0003,44.0,frm_clora_k64_lr3e4_c256,False,False,True,25.300455005596778,54.87678050543049,0.0650116481684948,0.0462532999863551,0.0632723372985528,0.055263625784184,19.21
frm_clora_k64_lr3e4_c256_s45,frm,Llama-Math grid (frm),Llama-2-7B,math,faithful-CLoRA grid,clora,CLoRA,0.0003,45.0,frm_clora_k64_lr3e4_c256,False,False,True,25.698638458574784,55.011033737847534,0.0651068768912185,0.0462550911357901,0.0632181235004367,0.0581222157829138,18.3
frm_cordapp_lr1e4_c256_s42,frm,Llama-Math grid (frm),Llama-2-7B,math,faithful-CLoRA grid,cordapp,CorDA++ (withheld),0.0001,42.0,frm_cordapp_lr1e4_c256,True,False,False,4.776402661729789,33.204967943039044,0.1634653366912981,0.0326998921145051,0.1089691024811512,-0.1990768181867817,22.7
frm_cordapp_lr2e4_c256_s42,frm,Llama-Math grid (frm),Llama-2-7B,math,faithful-CLoRA grid,cordapp,CorDA++ (withheld),0.0002,42.0,frm_cordapp_lr2e4_c256,True,False,False,7.436626868379019,43.69587867903179,0.1180178761175765,0.0350481342786229,0.0957198929793446,-0.0678815279708776,21.09
frm_cordapp_lr3e4_c256_s42,frm,Llama-Math grid (frm),Llama-2-7B,math,faithful-CLoRA grid,cordapp,CorDA++ (withheld),0.0003,42.0,frm_cordapp_lr3e4_c256,True,True,False,5.129007538987051,19.192521610440178,0.1944833365437318,0.0281139341297793,0.2197427642666657,0.6143803933564301,13.22
frm_dora_lr3e4_c256_s42,frm,Llama-Math grid (frm),Llama-2-7B,math,faithful-CLoRA grid,dora,DoRA,0.0003,42.0,frm_dora_lr3e4_c256,False,False,True,19.46785235727992,46.02455137206571,0.1167707567110732,0.0438577296707771,0.1050678667741743,0.453303047718583,19.18
frm_dora_lr3e4_c256_s43,frm,Llama-Math grid (frm),Llama-2-7B,math,faithful-CLoRA grid,dora,DoRA,0.0003,43.0,frm_dora_lr3e4_c256,False,False,True,19.15874021205036,45.70231370989083,0.1191215851190099,0.0436890183496757,0.1075637369583956,0.4539906699682299,17.76
frm_dora_lr3e4_c256_s44,frm,Llama-Math grid (frm),Llama-2-7B,math,faithful-CLoRA grid,dora,DoRA,0.0003,44.0,frm_dora_lr3e4_c256,False,False,True,19.17021904835263,45.57699831311923,0.120921848890831,0.0436328827549423,0.1079572256678474,0.4592114940154554,18.01
frm_lora_lr3e4_c256_s42,frm,Llama-Math grid (frm),Llama-2-7B,math,faithful-CLoRA grid,lora,LoRA,0.0003,42.0,frm_lora_lr3e4_c256,False,False,True,23.35741751990512,52.24299760554301,0.0724242400276544,0.0454110191394756,0.0682322867359646,0.1082605049764734,18.04
frm_lora_lr3e4_c256_s43,frm,Llama-Math grid (frm),Llama-2-7B,math,faithful-CLoRA grid,lora,LoRA,0.0003,43.0,frm_lora_lr3e4_c256,False,False,True,23.158968473795444,52.20171656466595,0.0718087348721508,0.0453849662177561,0.0680271790477248,0.1130738935942079,18.44
frm_lora_lr3e4_c256_s44,frm,Llama-Math grid (frm),Llama-2-7B,math,faithful-CLoRA grid,lora,LoRA,0.0003,44.0,frm_lora_lr3e4_c256,False,False,True,23.21585058507703,52.18639900163167,0.0718167381396874,0.045332060051237,0.0679923652011319,0.1085988459735667,17.84
frm_lora_null_lr1e4_c256_s42,frm,Llama-Math grid (frm),Llama-2-7B,math,faithful-CLoRA grid,lora_null,LoRA-Null,0.0001,42.0,frm_lora_null_lr1e4_c256,False,False,True,19.809357958559684,63.8582923074058,0.1024855300268731,0.0410626913527361,0.0936308575875878,-0.3243132913005989,22.9
frm_lora_null_lr2e4_c256_s42,frm,Llama-Math grid (frm),Llama-2-7B,math,faithful-CLoRA grid,lora_null,LoRA-Null,0.0002,42.0,frm_lora_null_lr2e4_c256,False,False,True,25.771281931937217,62.01366734540814,0.0895364980035661,0.0424287617144393,0.085348019389962,-0.0543837207732682,18.64
frm_lora_null_lr2e4_c256_s43,frm,Llama-Math grid (frm),Llama-2-7B,math,faithful-CLoRA grid,lora_null,LoRA-Null,0.0002,43.0,frm_lora_null_lr2e4_c256,False,False,True,25.72684643964068,61.98436136175513,0.0896601535486848,0.0423877586455509,0.0853325998519679,-0.0540392964224314,19.45
frm_lora_null_lr2e4_c256_s44,frm,Llama-Math grid (frm),Llama-2-7B,math,faithful-CLoRA grid,lora_null,LoRA-Null,0.0002,44.0,frm_lora_null_lr2e4_c256,False,False,True,25.73636696448705,61.96694403014796,0.0896809312567332,0.0423615405472483,0.0852182805271589,-0.048565334467987,18.93
frm_lorawd_wd0_lr1e3_c256_s42,frm,Llama-Math grid (frm),Llama-2-7B,math,faithful-CLoRA grid,lorawd,LoRA+wd,0.001,42.0,frm_lorawd_wd0_lr1e3_c256,False,True,False,,,,,,,0.0
frm_lorawd_wd0_lr1e3_c256_s43,frm,Llama-Math grid (frm),Llama-2-7B,math,faithful-CLoRA grid,lorawd,LoRA+wd,0.001,43.0,frm_lorawd_wd0_lr1e3_c256,False,True,False,,,,,,,0.0
frm_lorawd_wd0_lr1e3_c256_s44,frm,Llama-Math grid (frm),Llama-2-7B,math,faithful-CLoRA grid,lorawd,LoRA+wd,0.001,44.0,frm_lorawd_wd0_lr1e3_c256,False,True,False,,,,,,,0.0
frm_lorawd_wd0_lr1e4_c256_s42,frm,Llama-Math grid (frm),Llama-2-7B,math,faithful-CLoRA grid,lorawd,LoRA+wd,0.0001,42.0,frm_lorawd_wd0_lr1e4_c256,False,False,True,8.059572423135094,33.186050476877625,0.0663721133099247,0.048481286481027,0.0647477990117706,-0.3629107264696695,22.58
frm_lorawd_wd0_lr1e4_c256_s43,frm,Llama-Math grid (frm),Llama-2-7B,math,faithful-CLoRA grid,lorawd,LoRA+wd,0.0001,43.0,frm_lorawd_wd0_lr1e4_c256,False,False,True,7.985133401572491,33.06581188077143,0.066254221923472,0.0484722078651292,0.0648760326190923,-0.3483343960770644,23.35
frm_lorawd_wd0_lr1e4_c256_s44,frm,Llama-Math grid (frm),Llama-2-7B,math,faithful-CLoRA grid,lorawd,LoRA+wd,0.0001,44.0,frm_lorawd_wd0_lr1e4_c256,False,False,True,7.968937261250341,33.12845577898808,0.0659732925532791,0.0484193820156736,0.0646716190018066,-0.3517375942519555,23.14
frm_lorawd_wd0_lr2e4_c256_s42,frm,Llama-Math grid (frm),Llama-2-7B,math,faithful-CLoRA grid,lorawd,LoRA+wd,0.0002,42.0,frm_lorawd_wd0_lr2e4_c256,False,False,True,15.066373900562995,44.987628949548245,0.0679652631646444,0.0463208328639162,0.0649695006928482,-0.0604807473813814,19.24
frm_lorawd_wd0_lr2e4_c256_s43,frm,Llama-Math grid (frm),Llama-2-7B,math,faithful-CLoRA grid,lorawd,LoRA+wd,0.0002,43.0,frm_lorawd_wd0_lr2e4_c256,False,False,True,15.794269606429886,45.459752060699365,0.0680530380551385,0.046570215644127,0.0650479612432213,-0.0695604052332999,20.3
frm_lorawd_wd0_lr2e4_c256_s44,frm,Llama-Math grid (frm),Llama-2-7B,math,faithful-CLoRA grid,lorawd,LoRA+wd,0.0002,44.0,frm_lorawd_wd0_lr2e4_c256,False,False,True,15.451890291652434,45.20203491869453,0.0678094086729857,0.0464381650911243,0.0648814708244147,-0.0669178376302089,20.81
frm_lorawd_wd0_lr3e4_c256_s42,frm,Llama-Math grid (frm),Llama-2-7B,math,faithful-CLoRA grid,lorawd,LoRA+wd,0.0003,42.0,frm_lorawd_wd0_lr3e4_c256,False,False,True,23.05444305548095,52.17587072547066,0.0721638884567522,0.0453357295082907,0.0683544590713309,0.1119678372060728,17.96
frm_lorawd_wd0_lr3e4_c256_s43,frm,Llama-Math grid (frm),Llama-2-7B,math,faithful-CLoRA grid,lorawd,LoRA+wd,0.0003,43.0,frm_lorawd_wd0_lr3e4_c256,False,False,True,23.26886330354763,52.39246119453467,0.0715570384599903,0.0454942875107087,0.067856802037555,0.1019875185582993,19.5
frm_lorawd_wd0_lr3e4_c256_s44,frm,Llama-Math grid (frm),Llama-2-7B,math,faithful-CLoRA grid,lorawd,LoRA+wd,0.0003,44.0,frm_lorawd_wd0_lr3e4_c256,False,False,True,23.13531626877973,52.28713896826918,0.0719181461876797,0.0454440350985747,0.0682559893121696,0.1049307390777404,17.8
frm_lorawd_wd0_lr5e4_c256_s42,frm,Llama-Math grid (frm),Llama-2-7B,math,faithful-CLoRA grid,lorawd,LoRA+wd,0.0005,42.0,frm_lorawd_wd0_lr5e4_c256,False,False,True,28.721366826715425,57.05047045352541,0.0829932960784086,0.0446120446364365,0.0815351149534599,0.4282806147071767,9.92
frm_lorawd_wd0_lr5e4_c256_s43,frm,Llama-Math grid (frm),Llama-2-7B,math,faithful-CLoRA grid,lorawd,LoRA+wd,0.0005,43.0,frm_lorawd_wd0_lr5e4_c256,False,False,True,28.932531668646757,57.048797256718814,0.08329366120125,0.0446798072838072,0.0813597742647726,0.4296069527032835,8.56
frm_lorawd_wd0_lr5e4_c256_s44,frm,Llama-Math grid (frm),Llama-2-7B,math,faithful-CLoRA grid,lorawd,LoRA+wd,0.0005,44.0,frm_lorawd_wd0_lr5e4_c256,False,False,True,29.141680531619837,57.16362174681084,0.0826189972772579,0.0444810126702215,0.0816421676083726,0.4296876960953957,8.88
frm_lorawd_wd0_lr7e4_c256_s42,frm,Llama-Math grid (frm),Llama-2-7B,math,faithful-CLoRA grid,lorawd,LoRA+wd,0.0007,42.0,frm_lorawd_wd0_lr7e4_c256,False,True,True,25.008023810213857,53.78866932090816,0.1011608476400687,0.0446640053627529,0.112085054463651,1.0334438612475565,1.82
frm_lorawd_wd0_lr7e4_c256_s43,frm,Llama-Math grid (frm),Llama-2-7B,math,faithful-CLoRA grid,lorawd,LoRA+wd,0.0007,43.0,frm_lorawd_wd0_lr7e4_c256,False,True,True,24.66855401509423,52.86821319986805,0.1006856564453465,0.0452369055164411,0.1119453441475143,1.0685606038053057,1.75
frm_lorawd_wd0_lr7e4_c256_s44,frm,Llama-Math grid (frm),Llama-2-7B,math,faithful-CLoRA grid,lorawd,LoRA+wd,0.0007,44.0,frm_lorawd_wd0_lr7e4_c256,False,True,False,,,,,,,0.0
frm_lorawd_wd0p1_lr1e3_c256_s42,frm,Llama-Math grid (frm),Llama-2-7B,math,faithful-CLoRA grid,lorawd,LoRA+wd,0.001,42.0,frm_lorawd_wd0p1_lr1e3_c256,False,True,False,,,,,,,0.0
frm_lorawd_wd0p1_lr1e3_c256_s43,frm,Llama-Math grid (frm),Llama-2-7B,math,faithful-CLoRA grid,lorawd,LoRA+wd,0.001,43.0,frm_lorawd_wd0p1_lr1e3_c256,False,True,False,,,,,,,0.0
frm_lorawd_wd0p1_lr1e3_c256_s44,frm,Llama-Math grid (frm),Llama-2-7B,math,faithful-CLoRA grid,lorawd,LoRA+wd,0.001,44.0,frm_lorawd_wd0p1_lr1e3_c256,False,True,False,,,,,,,0.0
frm_lorawd_wd0p1_lr1e4_c256_s42,frm,Llama-Math grid (frm),Llama-2-7B,math,faithful-CLoRA grid,lorawd,LoRA+wd,0.0001,42.0,frm_lorawd_wd0p1_lr1e4_c256,False,False,True,7.657744098773711,31.18195103969192,0.0676822797121884,0.0492878546328067,0.0668661186500308,-0.4680104485874498,24.4
frm_lorawd_wd0p1_lr1e4_c256_s43,frm,Llama-Math grid (frm),Llama-2-7B,math,faithful-CLoRA grid,lorawd,LoRA+wd,0.0001,43.0,frm_lorawd_wd0p1_lr1e4_c256,False,False,True,7.709801306108754,31.316591885330563,0.0677751261357388,0.0491635034553773,0.0667812616720933,-0.4710832997223452,25.15
frm_lorawd_wd0p1_lr1e4_c256_s44,frm,Llama-Math grid (frm),Llama-2-7B,math,faithful-CLoRA grid,lorawd,LoRA+wd,0.0001,44.0,frm_lorawd_wd0p1_lr1e4_c256,False,False,True,7.750995110428859,31.31433555059842,0.067815784240505,0.0492160444356517,0.0667792470501541,-0.4691602213834794,24.71
frm_lorawd_wd0p1_lr2e4_c256_s42,frm,Llama-Math grid (frm),Llama-2-7B,math,faithful-CLoRA grid,lorawd,LoRA+wd,0.0002,42.0,frm_lorawd_wd0p1_lr2e4_c256,False,False,True,14.393859159645686,42.80458107655499,0.0695590182926215,0.0474537159716054,0.0678873923347057,-0.2980005251103632,23.92
frm_lorawd_wd0p1_lr2e4_c256_s43,frm,Llama-Math grid (frm),Llama-2-7B,math,faithful-CLoRA grid,lorawd,LoRA+wd,0.0002,43.0,frm_lorawd_wd0p1_lr2e4_c256,False,False,True,14.519829728392631,42.82785163455119,0.0701527804640001,0.0474882482978606,0.0680329514829161,-0.2938798902972964,24.18
frm_lorawd_wd0p1_lr2e4_c256_s44,frm,Llama-Math grid (frm),Llama-2-7B,math,faithful-CLoRA grid,lorawd,LoRA+wd,0.0002,44.0,frm_lorawd_wd0p1_lr2e4_c256,False,False,True,14.301172900782795,42.61930188760736,0.0702441063508597,0.0474411979629822,0.0682809673369379,-0.2854187911604688,22.78
frm_lorawd_wd0p1_lr2e4_c512_s42,frm,Llama-Math grid (frm),Llama-2-7B,math,faithful-CLoRA grid,lorawd,LoRA+wd,0.0002,42.0,frm_lorawd_wd0p1_lr2e4_c512,False,False,True,15.057404736664544,43.496055274960895,0.0695335471927041,0.0474498636349754,0.067723088594067,-0.3014645074379989,24.32
frm_lorawd_wd0p1_lr2e4_c512_s43,frm,Llama-Math grid (frm),Llama-2-7B,math,faithful-CLoRA grid,lorawd,LoRA+wd,0.0002,43.0,frm_lorawd_wd0p1_lr2e4_c512,False,False,True,14.8226625741936,43.39344667004261,0.0700148962842776,0.0474762267673705,0.0679929235160918,-0.2877713303804647,23.84
frm_lorawd_wd0p1_lr2e4_c512_s44,frm,Llama-Math grid (frm),Llama-2-7B,math,faithful-CLoRA grid,lorawd,LoRA+wd,0.0002,44.0,frm_lorawd_wd0p1_lr2e4_c512,False,False,True,14.861271576198943,43.469169115392354,0.0698747899749951,0.0475843537249352,0.067934990493116,-0.2984320149440726,23.51
frm_lorawd_wd0p1_lr3e4_c256_s42,frm,Llama-Math grid (frm),Llama-2-7B,math,faithful-CLoRA grid,lorawd,LoRA+wd,0.0003,42.0,frm_lorawd_wd0p1_lr3e4_c256,False,False,True,20.22489176498258,49.18874802044756,0.074155081187619,0.0463902156441059,0.0714947241005883,-0.1863523046531033,21.16
frm_lorawd_wd0p1_lr3e4_c256_s43,frm,Llama-Math grid (frm),Llama-2-7B,math,faithful-CLoRA grid,lorawd,LoRA+wd,0.0003,43.0,frm_lorawd_wd0p1_lr3e4_c256,False,False,True,20.4198700590604,49.206029523262174,0.0741141556049131,0.0462752446126366,0.071407021145666,-0.1681302257194983,21.26
frm_lorawd_wd0p1_lr3e4_c256_s44,frm,Llama-Math grid (frm),Llama-2-7B,math,faithful-CLoRA grid,lorawd,LoRA+wd,0.0003,44.0,frm_lorawd_wd0p1_lr3e4_c256,False,False,True,20.434305350293823,49.1878622009807,0.07393136490425,0.0462525290557587,0.071601137025049,-0.1830299622427005,21.77
frm_lorawd_wd0p1_lr3e4_c512_s42,frm,Llama-Math grid (frm),Llama-2-7B,math,faithful-CLoRA grid,lorawd,LoRA+wd,0.0003,42.0,frm_lorawd_wd0p1_lr3e4_c512,False,False,True,20.7140237923494,49.54267094058328,0.0732284205794112,0.0462796832608988,0.0709761526002829,-0.1716623999409955,22.98
frm_lorawd_wd0p1_lr3e4_c512_s43,frm,Llama-Math grid (frm),Llama-2-7B,math,faithful-CLoRA grid,lorawd,LoRA+wd,0.0003,43.0,frm_lorawd_wd0p1_lr3e4_c512,False,False,True,20.913454555784888,49.68232084587207,0.0728871966725302,0.046312295215709,0.0706376485034328,-0.1821703002543944,21.87
frm_lorawd_wd0p1_lr3e4_c512_s44,frm,Llama-Math grid (frm),Llama-2-7B,math,faithful-CLoRA grid,lorawd,LoRA+wd,0.0003,44.0,frm_lorawd_wd0p1_lr3e4_c512,False,False,True,20.849771211656925,49.730289707502,0.0730707069811439,0.0462925847464261,0.0709637895041738,-0.1805876887906748,21.72
frm_lorawd_wd0p1_lr5e4_c256_s42,frm,Llama-Math grid (frm),Llama-2-7B,math,faithful-CLoRA grid,lorawd,LoRA+wd,0.0005,42.0,frm_lorawd_wd0p1_lr5e4_c256,False,False,True,25.273530073579813,53.86256454817232,0.0788780245992918,0.0451669765692054,0.0777625129281787,-0.0224592940534651,19.65
frm_lorawd_wd0p1_lr5e4_c256_s43,frm,Llama-Math grid (frm),Llama-2-7B,math,faithful-CLoRA grid,lorawd,LoRA+wd,0.0005,43.0,frm_lorawd_wd0p1_lr5e4_c256,False,False,True,25.32389009698453,53.903182899617946,0.0788600360265711,0.0452374133348906,0.0776550761039167,-0.0264103765727431,20.07
frm_lorawd_wd0p1_lr5e4_c256_s44,frm,Llama-Math grid (frm),Llama-2-7B,math,faithful-CLoRA grid,lorawd,LoRA+wd,0.0005,44.0,frm_lorawd_wd0p1_lr5e4_c256,False,False,True,25.377730780518743,53.899155388708905,0.0790604025000016,0.0452156546282121,0.0779071057527504,-0.0404816230270017,19.49
frm_lorawd_wd0p1_lr5e4_c512_s42,frm,Llama-Math grid (frm),Llama-2-7B,math,faithful-CLoRA grid,lorawd,LoRA+wd,0.0005,42.0,frm_lorawd_wd0p1_lr5e4_c512,False,False,True,25.809250890651654,54.315494541658985,0.0783604026574157,0.0451896565365775,0.0771778910726066,-0.0371573187987575,20.01
frm_lorawd_wd0p1_lr5e4_c512_s43,frm,Llama-Math grid (frm),Llama-2-7B,math,faithful-CLoRA grid,lorawd,LoRA+wd,0.0005,43.0,frm_lorawd_wd0p1_lr5e4_c512,False,False,True,25.884969543474448,54.21350069229295,0.0783124898507738,0.0450628280614251,0.0773307906531506,-0.0337643759014181,20.94
frm_lorawd_wd0p1_lr5e4_c512_s44,frm,Llama-Math grid (frm),Llama-2-7B,math,faithful-CLoRA grid,lorawd,LoRA+wd,0.0005,44.0,frm_lorawd_wd0p1_lr5e4_c512,False,False,True,25.88881732278294,54.20535706597216,0.0790958661990702,0.044982228492622,0.0775819827898449,-0.0424884885455201,20.51
frm_lorawd_wd0p1_lr7e4_c256_s42,frm,Llama-Math grid (frm),Llama-2-7B,math,faithful-CLoRA grid,lorawd,LoRA+wd,0.0007,42.0,frm_lorawd_wd0p1_lr7e4_c256,False,False,True,26.671321584824447,54.64375275891175,0.0807895986000951,0.0450438665026742,0.0830024778208262,0.0752183791115354,17.8
frm_lorawd_wd0p1_lr7e4_c256_s43,frm,Llama-Math grid (frm),Llama-2-7B,math,faithful-CLoRA grid,lorawd,LoRA+wd,0.0007,43.0,frm_lorawd_wd0p1_lr7e4_c256,False,False,True,26.522821602020173,54.494538163207295,0.0806148360674769,0.0450804588981392,0.0829609665360664,0.0850764114720945,17.86
frm_lorawd_wd0p1_lr7e4_c256_s44,frm,Llama-Math grid (frm),Llama-2-7B,math,faithful-CLoRA grid,lorawd,LoRA+wd,0.0007,44.0,frm_lorawd_wd0p1_lr7e4_c256,False,False,True,26.86431621500278,54.64754352086017,0.0809134817398405,0.0450793063953231,0.0829112283770245,0.085825533520743,18.6
frm_lorawd_wd0p2_lr1e3_c256_s42,frm,Llama-Math grid (frm),Llama-2-7B,math,faithful-CLoRA grid,lorawd,LoRA+wd,0.001,42.0,frm_lorawd_wd0p2_lr1e3_c256,False,True,False,,,,,,,0.0
frm_lorawd_wd0p2_lr1e3_c256_s43,frm,Llama-Math grid (frm),Llama-2-7B,math,faithful-CLoRA grid,lorawd,LoRA+wd,0.001,43.0,frm_lorawd_wd0p2_lr1e3_c256,False,True,False,,,,,,,0.0
frm_lorawd_wd0p2_lr1e4_c256_s42,frm,Llama-Math grid (frm),Llama-2-7B,math,faithful-CLoRA grid,lorawd,LoRA+wd,0.0001,42.0,frm_lorawd_wd0p2_lr1e4_c256,False,False,True,7.479223501028457,29.573989524704206,0.0700465543966422,0.0499608709724111,0.0691087426326622,-0.5453075507605232,24.8
frm_lorawd_wd0p2_lr1e4_c256_s43,frm,Llama-Math grid (frm),Llama-2-7B,math,faithful-CLoRA grid,lorawd,LoRA+wd,0.0001,43.0,frm_lorawd_wd0p2_lr1e4_c256,False,False,True,7.504785334147993,29.655126585944444,0.0694932856194087,0.0502602940439664,0.0687947679860421,-0.5536181877775579,25.5
frm_lorawd_wd0p2_lr1e4_c256_s44,frm,Llama-Math grid (frm),Llama-2-7B,math,faithful-CLoRA grid,lorawd,LoRA+wd,0.0001,44.0,frm_lorawd_wd0p2_lr1e4_c256,False,False,True,7.557719384354808,29.594180419654027,0.0692754102613203,0.0500500954659221,0.0685923306211868,-0.5543957967264024,25.06
frm_lorawd_wd0p2_lr2e4_c256_s42,frm,Llama-Math grid (frm),Llama-2-7B,math,faithful-CLoRA grid,lorawd,LoRA+wd,0.0002,42.0,frm_lorawd_wd0p2_lr2e4_c256,False,False,True,13.45750701139202,40.098112166144375,0.0728277435708349,0.04791670996686,0.071420128988195,-0.4462383016099956,24.49
frm_lorawd_wd0p2_lr2e4_c256_s43,frm,Llama-Math grid (frm),Llama-2-7B,math,faithful-CLoRA grid,lorawd,LoRA+wd,0.0002,43.0,frm_lorawd_wd0p2_lr2e4_c256,False,False,True,13.260023479774867,40.03113262313252,0.0723454927201321,0.0481670957912098,0.0707340139905519,-0.4503837604809146,23.97
frm_lorawd_wd0p2_lr2e4_c256_s44,frm,Llama-Math grid (frm),Llama-2-7B,math,faithful-CLoRA grid,lorawd,LoRA+wd,0.0002,44.0,frm_lorawd_wd0p2_lr2e4_c256,False,False,True,13.40421754071639,40.05611365140533,0.0717994028834247,0.048267081475234,0.070559503560975,-0.4411714751829884,25.21
frm_lorawd_wd0p2_lr2e4_c256_s45,frm,Llama-Math grid (frm),Llama-2-7B,math,faithful-CLoRA grid,lorawd,LoRA+wd,0.0002,45.0,frm_lorawd_wd0p2_lr2e4_c256,False,False,True,13.260071945992566,40.03447855871047,0.0719021502749964,0.0480441466536489,0.0706817426129328,-0.4492825765307173,24.37
frm_lorawd_wd0p2_lr2e4_c512_s42,frm,Llama-Math grid (frm),Llama-2-7B,math,faithful-CLoRA grid,lorawd,LoRA+wd,0.0002,42.0,frm_lorawd_wd0p2_lr2e4_c512,False,False,True,13.604552593597624,40.68932313833739,0.071154307814849,0.0479672344216107,0.0701248560830882,-0.4341521813264823,24.28
frm_lorawd_wd0p2_lr2e4_c512_s43,frm,Llama-Math grid (frm),Llama-2-7B,math,faithful-CLoRA grid,lorawd,LoRA+wd,0.0002,43.0,frm_lorawd_wd0p2_lr2e4_c512,False,False,True,14.00241965724264,40.957689290469446,0.0715433618700834,0.0481193035612256,0.0702112674733854,-0.4512421714262957,25.02
frm_lorawd_wd0p2_lr2e4_c512_s44,frm,Llama-Math grid (frm),Llama-2-7B,math,faithful-CLoRA grid,lorawd,LoRA+wd,0.0002,44.0,frm_lorawd_wd0p2_lr2e4_c512,False,False,True,13.493216040006756,40.6616931570955,0.070905274958344,0.0481750863099038,0.0700032211984943,-0.4335625078049297,24.4
frm_lorawd_wd0p2_lr3e4_c256_s42,frm,Llama-Math grid (frm),Llama-2-7B,math,faithful-CLoRA grid,lorawd,LoRA+wd,0.0003,42.0,frm_lorawd_wd0p2_lr3e4_c256,False,False,True,17.988117251835746,45.59066670162063,0.0759646028684633,0.0466739270566317,0.073984043811053,-0.3752024210392389,23.78
frm_lorawd_wd0p2_lr3e4_c256_s43,frm,Llama-Math grid (frm),Llama-2-7B,math,faithful-CLoRA grid,lorawd,LoRA+wd,0.0003,43.0,frm_lorawd_wd0p2_lr3e4_c256,False,False,True,18.015640687656145,45.66743173484665,0.075837317997383,0.0468071429288048,0.0740749181973178,-0.3708963498228635,24.0
frm_lorawd_wd0p2_lr3e4_c256_s44,frm,Llama-Math grid (frm),Llama-2-7B,math,faithful-CLoRA grid,lorawd,LoRA+wd,0.0003,44.0,frm_lorawd_wd0p2_lr3e4_c256,False,False,True,17.818423655725244,45.56169941559957,0.0757258305077644,0.0467358275822645,0.0742903316078367,-0.3388501427552134,24.92
frm_lorawd_wd0p2_lr3e4_c512_s42,frm,Llama-Math grid (frm),Llama-2-7B,math,faithful-CLoRA grid,lorawd,LoRA+wd,0.0003,42.0,frm_lorawd_wd0p2_lr3e4_c512,False,False,True,18.67174774997461,46.39019380786576,0.0747821751451606,0.0468071963669327,0.0732244266743906,-0.3760274879830036,24.81
frm_lorawd_wd0p2_lr3e4_c512_s43,frm,Llama-Math grid (frm),Llama-2-7B,math,faithful-CLoRA grid,lorawd,LoRA+wd,0.0003,43.0,frm_lorawd_wd0p2_lr3e4_c512,False,False,True,18.314637057359867,46.1612025911163,0.0764130731376239,0.0467311138487851,0.0744264620719886,-0.3403689883929994,23.63
frm_lorawd_wd0p2_lr3e4_c512_s44,frm,Llama-Math grid (frm),Llama-2-7B,math,faithful-CLoRA grid,lorawd,LoRA+wd,0.0003,44.0,frm_lorawd_wd0p2_lr3e4_c512,False,False,True,18.595317098970536,46.3651130477686,0.0747645677159218,0.0467313467006655,0.0731234525439473,-0.3671379598997701,24.11
frm_lorawd_wd0p2_lr5e4_c256_s42,frm,Llama-Math grid (frm),Llama-2-7B,math,faithful-CLoRA grid,lorawd,LoRA+wd,0.0005,42.0,frm_lorawd_wd0p2_lr5e4_c256,False,False,True,21.55416225626061,49.52384782493933,0.0811531099201855,0.0453483163774582,0.0796648717756172,-0.2534436385896308,22.48
frm_lorawd_wd0p2_lr5e4_c256_s43,frm,Llama-Math grid (frm),Llama-2-7B,math,faithful-CLoRA grid,lorawd,LoRA+wd,0.0005,43.0,frm_lorawd_wd0p2_lr5e4_c256,False,False,True,21.49475573408742,49.60831738377612,0.079960426247792,0.0454019578801119,0.0788269515460564,-0.2487979054116468,22.56
frm_lorawd_wd0p2_lr5e4_c256_s44,frm,Llama-Math grid (frm),Llama-2-7B,math,faithful-CLoRA grid,lorawd,LoRA+wd,0.0005,44.0,frm_lorawd_wd0p2_lr5e4_c256,False,False,True,21.92558433051672,49.75974511671656,0.0805936246691463,0.0453671699425242,0.0788725086693586,-0.2646406669982892,22.23
frm_lorawd_wd0p2_lr5e4_c512_s42,frm,Llama-Math grid (frm),Llama-2-7B,math,faithful-CLoRA grid,lorawd,LoRA+wd,0.0005,42.0,frm_lorawd_wd0p2_lr5e4_c512,False,False,True,22.140680965078477,50.06574573085689,0.0797554360085371,0.045372824262906,0.078651309408754,-0.274987274658843,22.12
frm_lorawd_wd0p2_lr5e4_c512_s43,frm,Llama-Math grid (frm),Llama-2-7B,math,faithful-CLoRA grid,lorawd,LoRA+wd,0.0005,43.0,frm_lorawd_wd0p2_lr5e4_c512,False,False,True,21.856809230790077,49.85503649099165,0.0801335992090552,0.0453809576341958,0.0786774766066217,-0.2495687513397978,23.1
frm_lorawd_wd0p2_lr5e4_c512_s44,frm,Llama-Math grid (frm),Llama-2-7B,math,faithful-CLoRA grid,lorawd,LoRA+wd,0.0005,44.0,frm_lorawd_wd0p2_lr5e4_c512,False,False,True,22.08433104420129,50.138846458698886,0.0799972877750311,0.0454381650410049,0.0780960053708903,-0.2545348313292729,22.32
frm_lorawd_wd0p2_lr7e4_c256_s42,frm,Llama-Math grid (frm),Llama-2-7B,math,faithful-CLoRA grid,lorawd,LoRA+wd,0.0007,42.0,frm_lorawd_wd0p2_lr7e4_c256,False,False,True,22.82263944002055,50.619192287042,0.0809769010610135,0.0450614093189013,0.0810427792970151,-0.1907770783105782,20.82
frm_lorawd_wd0p2_lr7e4_c256_s43,frm,Llama-Math grid (frm),Llama-2-7B,math,faithful-CLoRA grid,lorawd,LoRA+wd,0.0007,43.0,frm_lorawd_wd0p2_lr7e4_c256,False,False,True,13.971588769513769,33.00881211707975,0.0795100261878333,0.0482223263683191,0.086840781852519,0.0873909449971878,5.32
frm_lorawd_wd0p2_lr7e4_c256_s44,frm,Llama-Math grid (frm),Llama-2-7B,math,faithful-CLoRA grid,lorawd,LoRA+wd,0.0007,44.0,frm_lorawd_wd0p2_lr7e4_c256,False,False,True,22.912718846479876,50.6049340665388,0.081084579285363,0.0450729370225088,0.0809255654130947,-0.2036338450224787,21.8
frm_lorawd_wd0p3_lr1e3_c256_s42,frm,Llama-Math grid (frm),Llama-2-7B,math,faithful-CLoRA grid,lorawd,LoRA+wd,0.001,42.0,frm_lorawd_wd0p3_lr1e3_c256,False,True,True,1.0233395718641465,1.0708109133151655,0.0613136200591261,0.0601400895896092,0.078186860546693,2.0646054745483893,0.0
frm_lorawd_wd0p3_lr1e3_c256_s43,frm,Llama-Math grid (frm),Llama-2-7B,math,faithful-CLoRA grid,lorawd,LoRA+wd,0.001,43.0,frm_lorawd_wd0p3_lr1e3_c256,False,True,True,1.0302058134500989,1.0690339987562387,0.0608504380637285,0.0544127162979071,0.075536545824497,2.028968767344495,0.0
frm_lorawd_wd0p3_lr1e3_c256_s44,frm,Llama-Math grid (frm),Llama-2-7B,math,faithful-CLoRA grid,lorawd,LoRA+wd,0.001,44.0,frm_lorawd_wd0p3_lr1e3_c256,False,True,False,,,,,,,0.0
frm_lorawd_wd0p3_lr1e4_c256_s42,frm,Llama-Math grid (frm),Llama-2-7B,math,faithful-CLoRA grid,lorawd,LoRA+wd,0.0001,42.0,frm_lorawd_wd0p3_lr1e4_c256,False,False,True,7.225240265130703,27.979831050068483,0.0714900027961339,0.0508805063214084,0.0711231905917764,-0.6232406045951201,25.39
frm_lorawd_wd0p3_lr1e4_c256_s43,frm,Llama-Math grid (frm),Llama-2-7B,math,faithful-CLoRA grid,lorawd,LoRA+wd,0.0001,43.0,frm_lorawd_wd0p3_lr1e4_c256,False,False,True,7.228805808172959,28.027247500142643,0.0712111528520453,0.0506895361478902,0.0708762146078923,-0.6160052105582672,25.36
frm_lorawd_wd0p3_lr1e4_c256_s44,frm,Llama-Math grid (frm),Llama-2-7B,math,faithful-CLoRA grid,lorawd,LoRA+wd,0.0001,44.0,frm_lorawd_wd0p3_lr1e4_c256,False,False,True,7.228550396509477,28.03851359155711,0.0715440735016532,0.0506023101971148,0.0707641673542597,-0.6187043769961741,26.02
frm_lorawd_wd0p3_lr2e4_c256_s42,frm,Llama-Math grid (frm),Llama-2-7B,math,faithful-CLoRA grid,lorawd,LoRA+wd,0.0002,42.0,frm_lorawd_wd0p3_lr2e4_c256,False,False,True,12.473252869288924,37.76353472251942,0.0739293661764711,0.0485730827524864,0.0727014584050524,-0.5559552040819237,25.14
frm_lorawd_wd0p3_lr2e4_c256_s43,frm,Llama-Math grid (frm),Llama-2-7B,math,faithful-CLoRA grid,lorawd,LoRA+wd,0.0002,43.0,frm_lorawd_wd0p3_lr2e4_c256,False,False,True,12.310311474911437,37.499530462919104,0.0741039984558456,0.0486535140714797,0.0730943584313738,-0.5489815478445427,26.01
frm_lorawd_wd0p3_lr2e4_c256_s44,frm,Llama-Math grid (frm),Llama-2-7B,math,faithful-CLoRA grid,lorawd,LoRA+wd,0.0002,44.0,frm_lorawd_wd0p3_lr2e4_c256,False,False,True,12.453239490630194,37.61042202768088,0.0742947478256451,0.0487058774466727,0.0728703642824757,-0.5539290642989949,25.06
frm_lorawd_wd0p3_lr2e4_c512_s42,frm,Llama-Math grid (frm),Llama-2-7B,math,faithful-CLoRA grid,lorawd,LoRA+wd,0.0002,42.0,frm_lorawd_wd0p3_lr2e4_c512,False,False,True,12.986614227507095,38.58789331202764,0.0732605415082701,0.0485288808199941,0.0726716326879041,-0.5495969138446337,26.15
frm_lorawd_wd0p3_lr2e4_c512_s43,frm,Llama-Math grid (frm),Llama-2-7B,math,faithful-CLoRA grid,lorawd,LoRA+wd,0.0002,43.0,frm_lorawd_wd0p3_lr2e4_c512,False,False,True,12.688667137911407,38.402005405971664,0.0741189290892388,0.0486831669930674,0.0729525201073375,-0.5468346074741428,26.43
frm_lorawd_wd0p3_lr2e4_c512_s44,frm,Llama-Math grid (frm),Llama-2-7B,math,faithful-CLoRA grid,lorawd,LoRA+wd,0.0002,44.0,frm_lorawd_wd0p3_lr2e4_c512,False,False,True,13.07904363994238,38.48218407412457,0.0744564430924308,0.0486769993863769,0.0732651878364626,-0.5551748004902523,25.42
frm_lorawd_wd0p3_lr3e4_c256_s42,frm,Llama-Math grid (frm),Llama-2-7B,math,faithful-CLoRA grid,lorawd,LoRA+wd,0.0003,42.0,frm_lorawd_wd0p3_lr3e4_c256,False,False,True,16.212038269181097,42.55658906693064,0.0773970469051459,0.047255026967984,0.0759010618630467,-0.4822764051662644,25.16
frm_lorawd_wd0p3_lr3e4_c256_s43,frm,Llama-Math grid (frm),Llama-2-7B,math,faithful-CLoRA grid,lorawd,LoRA+wd,0.0003,43.0,frm_lorawd_wd0p3_lr3e4_c256,False,False,True,16.01669778901141,42.40278757416063,0.0773988966456968,0.047235094114999,0.0757015870043127,-0.4985299278995877,24.77
frm_lorawd_wd0p3_lr3e4_c256_s44,frm,Llama-Math grid (frm),Llama-2-7B,math,faithful-CLoRA grid,lorawd,LoRA+wd,0.0003,44.0,frm_lorawd_wd0p3_lr3e4_c256,False,False,True,16.012210741196323,42.29378190638936,0.0778785233197111,0.0471307508329159,0.0759679566138171,-0.5030703519267851,24.87
frm_lorawd_wd0p3_lr3e4_c512_s42,frm,Llama-Math grid (frm),Llama-2-7B,math,faithful-CLoRA grid,lorawd,LoRA+wd,0.0003,42.0,frm_lorawd_wd0p3_lr3e4_c512,False,False,True,16.904566146161663,43.19318724569694,0.0770257015663064,0.0472372009992065,0.0754229704046254,-0.5011383110071159,25.54
frm_lorawd_wd0p3_lr3e4_c512_s43,frm,Llama-Math grid (frm),Llama-2-7B,math,faithful-CLoRA grid,lorawd,LoRA+wd,0.0003,43.0,frm_lorawd_wd0p3_lr3e4_c512,False,False,True,16.731013833319327,43.165057199907615,0.0776733461217837,0.0471350882666909,0.0754677553760616,-0.4945786724167191,25.04
frm_lorawd_wd0p3_lr3e4_c512_s44,frm,Llama-Math grid (frm),Llama-2-7B,math,faithful-CLoRA grid,lorawd,LoRA+wd,0.0003,44.0,frm_lorawd_wd0p3_lr3e4_c512,False,False,True,16.717025142319365,43.02925683245487,0.0768575314431115,0.0471897339534703,0.0753111852624654,-0.4914702810287134,24.6
frm_lorawd_wd0p3_lr5e4_c256_s42,frm,Llama-Math grid (frm),Llama-2-7B,math,faithful-CLoRA grid,lorawd,LoRA+wd,0.0005,42.0,frm_lorawd_wd0p3_lr5e4_c256,False,False,True,18.86218385147691,45.790763478122365,0.082534292289609,0.045662874274997,0.0798920329715785,-0.4089353929735008,24.22
frm_lorawd_wd0p3_lr5e4_c256_s43,frm,Llama-Math grid (frm),Llama-2-7B,math,faithful-CLoRA grid,lorawd,LoRA+wd,0.0005,43.0,frm_lorawd_wd0p3_lr5e4_c256,False,False,True,18.65020165146176,45.66695237454823,0.0817656912595994,0.0456758885525211,0.0798519128199431,-0.4008814349446372,24.3
frm_lorawd_wd0p3_lr5e4_c256_s44,frm,Llama-Math grid (frm),Llama-2-7B,math,faithful-CLoRA grid,lorawd,LoRA+wd,0.0005,44.0,frm_lorawd_wd0p3_lr5e4_c256,False,False,True,18.73981626354458,45.27728011469578,0.0825074734819157,0.0456506132900221,0.0809223058567605,-0.3944794765625311,23.96
frm_lorawd_wd0p3_lr5e4_c512_s42,frm,Llama-Math grid (frm),Llama-2-7B,math,faithful-CLoRA grid,lorawd,LoRA+wd,0.0005,42.0,frm_lorawd_wd0p3_lr5e4_c512,False,False,True,19.379081476300144,46.37773733860972,0.0818009837431328,0.0456921919185924,0.0794321077838926,-0.3990271043132517,24.68
frm_lorawd_wd0p3_lr5e4_c512_s43,frm,Llama-Math grid (frm),Llama-2-7B,math,faithful-CLoRA grid,lorawd,LoRA+wd,0.0005,43.0,frm_lorawd_wd0p3_lr5e4_c512,False,False,True,19.225177472981706,46.28634199851539,0.080898556396197,0.0457572486951175,0.0791928008507089,-0.4236586497942071,24.1
frm_lorawd_wd0p3_lr5e4_c512_s44,frm,Llama-Math grid (frm),Llama-2-7B,math,faithful-CLoRA grid,lorawd,LoRA+wd,0.0005,44.0,frm_lorawd_wd0p3_lr5e4_c512,False,False,True,19.271771497712663,46.36495529144506,0.0824585333239844,0.045572982564271,0.0796588723011253,-0.4099387691962575,24.26
frm_lorawd_wd0p3_lr7e4_c256_s42,frm,Llama-Math grid (frm),Llama-2-7B,math,faithful-CLoRA grid,lorawd,LoRA+wd,0.0007,42.0,frm_lorawd_wd0p3_lr7e4_c256,False,False,True,20.01586553161104,46.93124180716363,0.0831021369185996,0.0452232010019128,0.0812997173546322,-0.3626103498707881,23.42
frm_lorawd_wd0p3_lr7e4_c256_s43,frm,Llama-Math grid (frm),Llama-2-7B,math,faithful-CLoRA grid,lorawd,LoRA+wd,0.0007,43.0,frm_lorawd_wd0p3_lr7e4_c256,False,False,True,19.658102171036138,46.56878531776828,0.0833814170175587,0.0451128753913367,0.0815865692046189,-0.3542830606303961,24.54
frm_lorawd_wd0p3_lr7e4_c256_s44,frm,Llama-Math grid (frm),Llama-2-7B,math,faithful-CLoRA grid,lorawd,LoRA+wd,0.0007,44.0,frm_lorawd_wd0p3_lr7e4_c256,False,False,True,19.715087368942815,46.64366176699089,0.083399810852478,0.0452244494436886,0.0817017621754797,-0.349401101827343,24.0
frm_lorawd_wd0p5_lr1e3_c256_s42,frm,Llama-Math grid (frm),Llama-2-7B,math,faithful-CLoRA grid,lorawd,LoRA+wd,0.001,42.0,frm_lorawd_wd0p5_lr1e3_c256,False,True,False,,,,,,,0.0
frm_lorawd_wd0p5_lr1e3_c256_s43,frm,Llama-Math grid (frm),Llama-2-7B,math,faithful-CLoRA grid,lorawd,LoRA+wd,0.001,43.0,frm_lorawd_wd0p5_lr1e3_c256,False,True,False,,,,,,,0.0
frm_lorawd_wd0p5_lr1e3_c256_s44,frm,Llama-Math grid (frm),Llama-2-7B,math,faithful-CLoRA grid,lorawd,LoRA+wd,0.001,44.0,frm_lorawd_wd0p5_lr1e3_c256,False,True,True,1.0326232424896555,1.0901518563778778,0.0584294826499138,0.0551986838393469,0.0687355030752649,1.732714536695508,0.0
frm_lorawd_wd0p5_lr1e4_c256_s42,frm,Llama-Math grid (frm),Llama-2-7B,math,faithful-CLoRA grid,lorawd,LoRA+wd,0.0001,42.0,frm_lorawd_wd0p5_lr1e4_c256,False,False,True,6.926980003754527,25.39024203886618,0.0751303514916074,0.0523719813698942,0.0743797205199595,-0.7079655640052637,25.66
frm_lorawd_wd0p5_lr1e4_c256_s43,frm,Llama-Math grid (frm),Llama-2-7B,math,faithful-CLoRA grid,lorawd,LoRA+wd,0.0001,43.0,frm_lorawd_wd0p5_lr1e4_c256,False,False,True,6.871624717541159,25.400795566089737,0.074908285290311,0.0522331247818926,0.0741740675660721,-0.7101881608823786,26.14
frm_lorawd_wd0p5_lr1e4_c256_s44,frm,Llama-Math grid (frm),Llama-2-7B,math,faithful-CLoRA grid,lorawd,LoRA+wd,0.0001,44.0,frm_lorawd_wd0p5_lr1e4_c256,False,False,True,6.946424036939042,25.387731675458404,0.0754564312704621,0.0519542928658858,0.074321053482478,-0.7088532382681144,25.24
frm_lorawd_wd0p5_lr2e4_c256_s42,frm,Llama-Math grid (frm),Llama-2-7B,math,faithful-CLoRA grid,lorawd,LoRA+wd,0.0002,42.0,frm_lorawd_wd0p5_lr2e4_c256,False,False,True,11.186305712972732,33.57958626341317,0.0774880277955289,0.0495208742399479,0.0763848473351864,-0.6929320493387017,25.56
frm_lorawd_wd0p5_lr2e4_c256_s43,frm,Llama-Math grid (frm),Llama-2-7B,math,faithful-CLoRA grid,lorawd,LoRA+wd,0.0002,43.0,frm_lorawd_wd0p5_lr2e4_c256,False,False,True,11.060033561755365,33.51288593066147,0.0772157636682846,0.0494965873929375,0.0762387235116268,-0.6888821573374944,25.84
frm_lorawd_wd0p5_lr2e4_c256_s44,frm,Llama-Math grid (frm),Llama-2-7B,math,faithful-CLoRA grid,lorawd,LoRA+wd,0.0002,44.0,frm_lorawd_wd0p5_lr2e4_c256,False,False,True,10.88935265661878,33.304546961404846,0.077325366009756,0.0495673068581112,0.0765186012513356,-0.6554112574212861,25.91
frm_lorawd_wd0p5_lr3e4_c256_s42,frm,Llama-Math grid (frm),Llama-2-7B,math,faithful-CLoRA grid,lorawd,LoRA+wd,0.0003,42.0,frm_lorawd_wd0p5_lr3e4_c256,False,False,True,13.773118261170014,37.07770272284176,0.0804633738224799,0.0480126813286406,0.078347222964727,-0.6371406970413198,25.3
frm_lorawd_wd0p5_lr3e4_c256_s43,frm,Llama-Math grid (frm),Llama-2-7B,math,faithful-CLoRA grid,lorawd,LoRA+wd,0.0003,43.0,frm_lorawd_wd0p5_lr3e4_c256,False,False,True,13.797814737252825,37.14314491454753,0.079798145839111,0.0482052740304381,0.0780309896569149,-0.6645420993106158,26.18
frm_lorawd_wd0p5_lr3e4_c256_s44,frm,Llama-Math grid (frm),Llama-2-7B,math,faithful-CLoRA grid,lorawd,LoRA+wd,0.0003,44.0,frm_lorawd_wd0p5_lr3e4_c256,False,False,True,13.531327410148776,36.98560479182443,0.0807019474125347,0.0479586377084534,0.0785659012552923,-0.624702261782661,26.02
frm_lorawd_wd0p5_lr5e4_c256_s42,frm,Llama-Math grid (frm),Llama-2-7B,math,faithful-CLoRA grid,lorawd,LoRA+wd,0.0005,42.0,frm_lorawd_wd0p5_lr5e4_c256,False,False,True,15.15081841251537,39.67706035433317,0.0843717288211916,0.0466230756025226,0.0812074445243477,-0.5882119954561311,24.83
frm_lorawd_wd0p5_lr5e4_c256_s43,frm,Llama-Math grid (frm),Llama-2-7B,math,faithful-CLoRA grid,lorawd,LoRA+wd,0.0005,43.0,frm_lorawd_wd0p5_lr5e4_c256,False,False,True,15.422266945571629,39.80296316462871,0.0831684800615812,0.0464801187204032,0.080838762734048,-0.5999803649348415,26.29
frm_lorawd_wd0p5_lr5e4_c256_s44,frm,Llama-Math grid (frm),Llama-2-7B,math,faithful-CLoRA grid,lorawd,LoRA+wd,0.0005,44.0,frm_lorawd_wd0p5_lr5e4_c256,False,False,True,15.427448697511624,39.72676349332469,0.0848829719837031,0.0463766803465406,0.0815618292850298,-0.5836924129401174,25.08
frm_lorawd_wd0p5_lr7e4_c256_s42,frm,Llama-Math grid (frm),Llama-2-7B,math,faithful-CLoRA grid,lorawd,LoRA+wd,0.0007,42.0,frm_lorawd_wd0p5_lr7e4_c256,False,True,True,1.022159591751411,1.051496913902997,0.0579321534905754,0.0571604021942197,0.0691533570212795,1.7575683457348292,0.0
frm_lorawd_wd0p5_lr7e4_c256_s43,frm,Llama-Math grid (frm),Llama-2-7B,math,faithful-CLoRA grid,lorawd,LoRA+wd,0.0007,43.0,frm_lorawd_wd0p5_lr7e4_c256,False,False,True,16.069538515287228,40.41158919007428,0.086487929631885,0.0457050700856955,0.0827186442724006,-0.5413621509743507,25.06
frm_lorawd_wd0p5_lr7e4_c256_s44,frm,Llama-Math grid (frm),Llama-2-7B,math,faithful-CLoRA grid,lorawd,LoRA+wd,0.0007,44.0,frm_lorawd_wd0p5_lr7e4_c256,False,False,True,15.880106735325674,40.630308366254894,0.0851776570189533,0.0458019376739135,0.0817675437507139,-0.5499049241283976,25.46
frm_milora_lr1e3_c256_s42,frm,Llama-Math grid (frm),Llama-2-7B,math,faithful-CLoRA grid,milora,MiLoRA,0.001,42.0,frm_milora_lr1e3_c256,False,True,False,,,,,,,0.0
frm_milora_lr1e3_c256_s43,frm,Llama-Math grid (frm),Llama-2-7B,math,faithful-CLoRA grid,milora,MiLoRA,0.001,43.0,frm_milora_lr1e3_c256,False,True,False,,,,,,,0.0
frm_milora_lr1e3_c256_s44,frm,Llama-Math grid (frm),Llama-2-7B,math,faithful-CLoRA grid,milora,MiLoRA,0.001,44.0,frm_milora_lr1e3_c256,False,True,False,,,,,,,0.0
frm_milora_lr1e4_c256_s42,frm,Llama-Math grid (frm),Llama-2-7B,math,faithful-CLoRA grid,milora,MiLoRA,0.0001,42.0,frm_milora_lr1e4_c256,False,False,True,9.95229015603437,33.21421465049037,0.0615967988455066,0.0879924080240397,0.0591379450581017,-0.3476569449372852,23.94
frm_milora_lr1e4_c256_s43,frm,Llama-Math grid (frm),Llama-2-7B,math,faithful-CLoRA grid,milora,MiLoRA,0.0001,43.0,frm_milora_lr1e4_c256,False,False,True,9.928588110918126,33.02511607831142,0.0627504426679696,0.087722010996499,0.0597978724949717,-0.3449576586687982,24.04
frm_milora_lr1e4_c256_s44,frm,Llama-Math grid (frm),Llama-2-7B,math,faithful-CLoRA grid,milora,MiLoRA,0.0001,44.0,frm_milora_lr1e4_c256,False,False,True,9.993262639970371,33.17733326842482,0.061581944019526,0.0880955256336906,0.0593173514554785,-0.3484312611342081,23.94
frm_milora_lr2e4_c256_s43,frm,Llama-Math grid (frm),Llama-2-7B,math,faithful-CLoRA grid,milora,MiLoRA,0.0002,43.0,frm_milora_lr2e4_c256,False,False,True,16.836177568720387,42.10125097605985,0.0644573860673409,0.0632207468018232,0.0613829318689614,-0.0826520623722283,20.9
frm_milora_lr2e4_c256_s44,frm,Llama-Math grid (frm),Llama-2-7B,math,faithful-CLoRA grid,milora,MiLoRA,0.0002,44.0,frm_milora_lr2e4_c256,False,False,True,16.988062617055967,42.02547329073878,0.0648600077006064,0.062984690706531,0.0616488910991463,-0.087831103940373,20.62
frm_milora_lr3e4_c256_s42,frm,Llama-Math grid (frm),Llama-2-7B,math,faithful-CLoRA grid,milora,MiLoRA,0.0003,42.0,frm_milora_lr3e4_c256,False,False,True,23.77539930088811,49.33842240242777,0.0700368228789055,0.0533468813935168,0.0662689384556415,0.0992661720319168,19.86
frm_milora_lr3e4_c256_s43,frm,Llama-Math grid (frm),Llama-2-7B,math,faithful-CLoRA grid,milora,MiLoRA,0.0003,43.0,frm_milora_lr3e4_c256,False,False,True,23.6532165780953,49.09812024070882,0.0710244422296127,0.0530760728446683,0.066741163246978,0.1006117528337901,17.86
frm_milora_lr3e4_c256_s44,frm,Llama-Math grid (frm),Llama-2-7B,math,faithful-CLoRA grid,milora,MiLoRA,0.0003,44.0,frm_milora_lr3e4_c256,False,False,True,23.69513173555286,49.26913793743675,0.07009653618116,0.0531833063662469,0.0662888672803827,0.0987821243146919,18.24
frm_milora_lr5e4_c256_s43,frm,Llama-Math grid (frm),Llama-2-7B,math,faithful-CLoRA grid,milora,MiLoRA,0.0005,43.0,frm_milora_lr5e4_c256,False,False,True,29.32621215717057,56.14933230167883,0.0810694223568706,0.0469971537075005,0.0807451048063529,0.4266738880213728,7.4
frm_milora_lr5e4_c256_s44,frm,Llama-Math grid (frm),Llama-2-7B,math,faithful-CLoRA grid,milora,MiLoRA,0.0005,44.0,frm_milora_lr5e4_c256,False,False,True,29.57321991400502,56.20537719980448,0.0813828558272194,0.0469955818362529,0.0809582131362065,0.4301234512002893,5.61
frm_milora_lr7e4_c256_s42,frm,Llama-Math grid (frm),Llama-2-7B,math,faithful-CLoRA grid,milora,MiLoRA,0.0007,42.0,frm_milora_lr7e4_c256,False,True,False,,,,,,,0.0
frm_milora_lr7e4_c256_s43,frm,Llama-Math grid (frm),Llama-2-7B,math,faithful-CLoRA grid,milora,MiLoRA,0.0007,43.0,frm_milora_lr7e4_c256,False,True,True,24.827601783439427,52.49364969720573,0.1000828561496108,0.0457584656950872,0.111176327444522,1.075353493032589,0.44
frm_milora_lr7e4_c256_s44,frm,Llama-Math grid (frm),Llama-2-7B,math,faithful-CLoRA grid,milora,MiLoRA,0.0007,44.0,frm_milora_lr7e4_c256,False,True,True,25.53582807200475,52.80270410251687,0.1005997464688259,0.0456465915817267,0.1116954784396594,1.0604485215352306,0.92
frm_pissa_lr3e4_c256_s42,frm,Llama-Math grid (frm),Llama-2-7B,math,faithful-CLoRA grid,pissa,PiSSA,0.0003,42.0,frm_pissa_lr3e4_c256,False,False,True,32.629676278894685,71.8794649688547,0.1877285815544284,0.039479511506592,0.189435434545409,0.3435661323861246,3.62
frm_sclora_lr1e4_c256_s42,frm,Llama-Math grid (frm),Llama-2-7B,math,faithful-CLoRA grid,sclora,SC-LoRA,0.0001,42.0,frm_sclora_lr1e4_c256,False,False,True,23.80943087050069,63.00177449509348,0.0816348170100152,0.0420542966844584,0.1677748507150181,-0.0690000580438478,17.6
frm_sclora_lr1e4_c256_s43,frm,Llama-Math grid (frm),Llama-2-7B,math,faithful-CLoRA grid,sclora,SC-LoRA,0.0001,43.0,frm_sclora_lr1e4_c256,False,False,True,23.7967316658614,62.95756517465348,0.0818972148723044,0.0420188584479867,0.1678959353630778,-0.0687964745492475,18.11
frm_sclora_lr1e4_c256_s44,frm,Llama-Math grid (frm),Llama-2-7B,math,faithful-CLoRA grid,sclora,SC-LoRA,0.0001,44.0,frm_sclora_lr1e4_c256,False,False,True,23.799596991200215,63.05878953360126,0.0817071546232768,0.0421069613100943,0.1677150459343898,-0.0652491253364209,18.32
frm_sclora_lr2e4_c256_s42,frm,Llama-Math grid (frm),Llama-2-7B,math,faithful-CLoRA grid,sclora,SC-LoRA,0.0002,42.0,frm_sclora_lr2e4_c256,False,False,True,27.922936464478315,63.06799031456834,0.0866610604602797,0.0419387500503129,0.147504874002841,0.1276554197752069,12.66
frm_sclora_lr2e4_c256_s43,frm,Llama-Math grid (frm),Llama-2-7B,math,faithful-CLoRA grid,sclora,SC-LoRA,0.0002,43.0,frm_sclora_lr2e4_c256,False,False,True,27.80204041536816,63.11003438807721,0.085849859032856,0.0418712869125671,0.1473121808405768,0.1281083491031075,13.69
frm_sclora_lr2e4_c256_s44,frm,Llama-Math grid (frm),Llama-2-7B,math,faithful-CLoRA grid,sclora,SC-LoRA,0.0002,44.0,frm_sclora_lr2e4_c256,False,False,True,27.75667167029846,63.103754865816576,0.0861003852334155,0.0419104058182279,0.1477566834755176,0.126293790693266,13.64
lrsw_clora_k1024_lr1e3_s42,lrsw,Llama-CS (lrsw),Llama-2-7B,cs,sweep,clora,CLoRA,0.001,42.0,lrsw_clora_k1024_lr1e3,False,False,True,16.19402907611082,27.987637177340133,0.0628845020879622,0.0461137976131377,0.0600991840359244,0.024321442141565,16.76
lrsw_clora_k1024_lr1e3_s43,lrsw,Llama-CS (lrsw),Llama-2-7B,cs,sweep,clora,CLoRA,0.001,43.0,lrsw_clora_k1024_lr1e3,False,False,True,16.24050843526017,28.052679792010764,0.0629671210192336,0.0461832468663221,0.0600573024120815,0.0216027160282421,16.15
lrsw_clora_k1024_lr1e3_s44,lrsw,Llama-CS (lrsw),Llama-2-7B,cs,sweep,clora,CLoRA,0.001,44.0,lrsw_clora_k1024_lr1e3,False,False,True,16.046680614763286,27.90485358148684,0.063291374183559,0.0460745657058013,0.060262520442774,0.0230465840755051,16.21
lrsw_clora_k1024_lr1e4_s42,lrsw,Llama-CS (lrsw),Llama-2-7B,cs,sweep,clora,CLoRA,0.0001,42.0,lrsw_clora_k1024_lr1e4,False,False,True,3.721355514267932,13.527918213306876,0.0620690648708573,0.051883513363771,0.0601971685172731,-0.6671577330056484,26.71
lrsw_clora_k1024_lr1e4_s43,lrsw,Llama-CS (lrsw),Llama-2-7B,cs,sweep,clora,CLoRA,0.0001,43.0,lrsw_clora_k1024_lr1e4,False,False,True,3.757276376784205,13.72533871754547,0.0620475223100889,0.0517047345324547,0.0601519373781105,-0.6673595896125374,27.04
lrsw_clora_k1024_lr1e4_s44,lrsw,Llama-CS (lrsw),Llama-2-7B,cs,sweep,clora,CLoRA,0.0001,44.0,lrsw_clora_k1024_lr1e4,False,False,True,3.73481449309712,13.609884898021958,0.0622457009821714,0.0516306245659874,0.0603039321431401,-0.6671577330056484,26.83
lrsw_clora_k1024_lr1e4_s45,lrsw,Llama-CS (lrsw),Llama-2-7B,cs,sweep,clora,CLoRA,0.0001,45.0,lrsw_clora_k1024_lr1e4,False,False,True,3.7476194105359215,13.700977787105034,0.0622402384298983,0.0516855054660222,0.0605291498595443,-0.6701954778359306,26.59
lrsw_clora_k1024_lr2e3_s43,lrsw,Llama-CS (lrsw),Llama-2-7B,cs,sweep,clora,CLoRA,0.002,43.0,lrsw_clora_k1024_lr2e3,False,False,True,16.650767946984313,29.25546988110012,0.0727327482976182,0.0478487960751237,0.0699689208107594,0.2753574310875981,6.25
lrsw_clora_k1024_lr2e3_s44,lrsw,Llama-CS (lrsw),Llama-2-7B,cs,sweep,clora,CLoRA,0.002,44.0,lrsw_clora_k1024_lr2e3,False,False,True,16.50423125139968,29.240151737106128,0.0730761670928345,0.0477269303991032,0.0703205405723407,0.2761629803191415,6.32
lrsw_clora_k1024_lr2e4_s42,lrsw,Llama-CS (lrsw),Llama-2-7B,cs,sweep,clora,CLoRA,0.0002,42.0,lrsw_clora_k1024_lr2e4,False,False,True,5.718371573633532,19.043844038261284,0.0597474926490131,0.048746551019631,0.0576628981189685,-0.4902599844296176,26.1
lrsw_clora_k1024_lr2e4_s43,lrsw,Llama-CS (lrsw),Llama-2-7B,cs,sweep,clora,CLoRA,0.0002,43.0,lrsw_clora_k1024_lr2e4,False,False,True,5.550864018024695,18.881943077771624,0.0600208279286551,0.0488486293269245,0.0578736511831431,-0.4829361265173453,25.71
lrsw_clora_k1024_lr2e4_s44,lrsw,Llama-CS (lrsw),Llama-2-7B,cs,sweep,clora,CLoRA,0.0002,44.0,lrsw_clora_k1024_lr2e4,False,False,True,5.582591491854311,18.875886315925914,0.060108701505849,0.0487370202990343,0.0578990975445512,-0.4787311244016147,25.32
lrsw_clora_k1024_lr2e4_s45,lrsw,Llama-CS (lrsw),Llama-2-7B,cs,sweep,clora,CLoRA,0.0002,45.0,lrsw_clora_k1024_lr2e4,False,False,True,5.582619533278118,18.81913047727773,0.0599765737605363,0.0487717971793848,0.0578904535405708,-0.4705696456330141,25.19
lrsw_clora_k1024_lr2e5_s42,lrsw,Llama-CS (lrsw),Llama-2-7B,cs,sweep,clora,CLoRA,2e-05,42.0,lrsw_clora_k1024_lr2e5,False,False,True,2.1974242492602545,7.718178689237049,0.0577934734276984,0.0485634000240652,0.0644985989933367,-0.8706324042770144,26.38
lrsw_clora_k1024_lr2e5_s43,lrsw,Llama-CS (lrsw),Llama-2-7B,cs,sweep,clora,CLoRA,2e-05,43.0,lrsw_clora_k1024_lr2e5,False,False,True,2.1760351454216544,7.70409122570805,0.0579516317020299,0.0488955689577909,0.0644426751891392,-0.8774564759312456,26.71
lrsw_clora_k1024_lr2e5_s44,lrsw,Llama-CS (lrsw),Llama-2-7B,cs,sweep,clora,CLoRA,2e-05,44.0,lrsw_clora_k1024_lr2e5,False,False,True,2.199743125256423,7.80512340870091,0.0581301027191261,0.0484664271274594,0.0644332328885273,-0.876475019057268,26.5
lrsw_clora_k1024_lr3e4_s42,lrsw,Llama-CS (lrsw),Llama-2-7B,cs,sweep,clora,CLoRA,0.0003,42.0,lrsw_clora_k1024_lr3e4,False,False,True,7.519273728358616,22.12386976645384,0.0583637822970769,0.0473716177038599,0.0564098896560689,-0.3385659496060799,24.26
lrsw_clora_k1024_lr3e4_s43,lrsw,Llama-CS (lrsw),Llama-2-7B,cs,sweep,clora,CLoRA,0.0003,43.0,lrsw_clora_k1024_lr3e4,False,False,True,7.63274083783963,22.25960131454787,0.0585898726202809,0.0473489206388471,0.0566232677276699,-0.349401101827343,24.64
lrsw_clora_k1024_lr3e4_s44,lrsw,Llama-CS (lrsw),Llama-2-7B,cs,sweep,clora,CLoRA,0.0003,44.0,lrsw_clora_k1024_lr3e4,False,False,True,7.525760473360544,22.12640753243382,0.0586863303294438,0.0473612912803225,0.0566736757711173,-0.3495953301319682,24.09
lrsw_clora_k1024_lr3e4_s45,lrsw,Llama-CS (lrsw),Llama-2-7B,cs,sweep,clora,CLoRA,0.0003,45.0,lrsw_clora_k1024_lr3e4,False,False,False,7.525766918545777,22.07674961797061,0.0588265907856576,0.0472348570646891,0.056727896097258,-0.3530084625228775,23.92
lrsw_clora_k1024_lr5e3_s44,lrsw,Llama-CS (lrsw),Llama-2-7B,cs,sweep,clora,CLoRA,0.005,44.0,lrsw_clora_k1024_lr5e3,False,True,True,1.1429104854815917,1.4563932250729903,0.0700244618143145,0.0588042580510095,0.1107384801274514,2.2812743224604835,1.17
lrsw_clora_k1024_lr5e4_s42,lrsw,Llama-CS (lrsw),Llama-2-7B,cs,sweep,clora,CLoRA,0.0005,42.0,lrsw_clora_k1024_lr5e4,False,False,True,11.200065514201482,25.579202951387064,0.0582171907946434,0.0462291336964083,0.0563100059472933,-0.1918565742385088,21.88
lrsw_clora_k1024_lr5e4_s43,lrsw,Llama-CS (lrsw),Llama-2-7B,cs,sweep,clora,CLoRA,0.0005,43.0,lrsw_clora_k1024_lr5e4,False,False,True,11.37038590786712,25.60896702763247,0.058194311834927,0.0463055261608269,0.0562004932114162,-0.2001771690066801,21.84
lrsw_clora_k1024_lr5e4_s44,lrsw,Llama-CS (lrsw),Llama-2-7B,cs,sweep,clora,CLoRA,0.0005,44.0,lrsw_clora_k1024_lr5e4,False,False,True,11.47419117574656,25.65023140670714,0.0583564173231843,0.046338976635138,0.056328101106593,-0.1800614306446046,21.03
lrsw_clora_k1024_lr5e4_s45,lrsw,Llama-CS (lrsw),Llama-2-7B,cs,sweep,clora,CLoRA,0.0005,45.0,lrsw_clora_k1024_lr5e4,False,False,True,11.495393936245524,25.676459403100736,0.0583992992593001,0.0463766844207422,0.056291956462462,-0.1895658440773272,21.66
lrsw_clora_k1024_lr5e5_s42,lrsw,Llama-CS (lrsw),Llama-2-7B,cs,sweep,clora,CLoRA,5e-05,42.0,lrsw_clora_k1024_lr5e5,False,False,True,2.8329063958352414,10.13489098823268,0.061289894299748,0.0521805143949592,0.0619964374789933,-0.7953374882517811,26.76
lrsw_clora_k1024_lr5e5_s43,lrsw,Llama-CS (lrsw),Llama-2-7B,cs,sweep,clora,CLoRA,5e-05,43.0,lrsw_clora_k1024_lr5e5,False,False,True,2.790601942169602,10.008149447974064,0.0608995541024759,0.0519570763840163,0.0618521555326768,-0.7912899800935989,27.48
lrsw_clora_k1024_lr5e5_s44,lrsw,Llama-CS (lrsw),Llama-2-7B,cs,sweep,clora,CLoRA,5e-05,44.0,lrsw_clora_k1024_lr5e5,False,False,True,2.8439465494188028,10.137437816998636,0.0611937033202673,0.0522389103185316,0.0621096156518194,-0.7891466346851068,27.26
lrsw_corda_r16_lr1e3_s42,lrsw,Llama-CS (lrsw),Llama-2-7B,cs,sweep,corda,CorDA (withheld),0.001,42.0,lrsw_corda_r16_lr1e3,True,True,False,1.5088555196907505,2.9070818256388398,0.0805451141601641,0.0694791672243452,0.0627833064482302,2.7124586036841896,0.0
lrsw_corda_r16_lr1e3_s43,lrsw,Llama-CS (lrsw),Llama-2-7B,cs,sweep,corda,CorDA (withheld),0.001,43.0,lrsw_corda_r16_lr1e3,True,True,False,7.653426142105881,13.324183699863337,0.1247409145817145,0.0481461184115895,0.0691943251622066,0.1583323317089808,17.12
lrsw_corda_r16_lr1e3_s44,lrsw,Llama-CS (lrsw),Llama-2-7B,cs,sweep,corda,CorDA (withheld),0.001,44.0,lrsw_corda_r16_lr1e3,True,True,False,7.733777693063554,13.39715072978535,0.1229524561324112,0.0476666544525958,0.069022159966912,0.2322080783963161,16.13
lrsw_corda_r16_lr1e4_s42,lrsw,Llama-CS (lrsw),Llama-2-7B,cs,sweep,corda,CorDA (withheld),0.0001,42.0,lrsw_corda_r16_lr1e4,True,False,False,10.414800828206848,14.700459747479538,0.0510577200342276,0.0408902887181243,0.0371940297699351,-0.1790764121186825,16.08
lrsw_corda_r16_lr1e4_s43,lrsw,Llama-CS (lrsw),Llama-2-7B,cs,sweep,corda,CorDA (withheld),0.0001,43.0,lrsw_corda_r16_lr1e4,True,False,False,7.046109069530012,10.789379243798882,0.0805336140487044,0.0592475042454856,0.0578169548956956,-0.4743074754949891,23.72
lrsw_corda_r16_lr1e4_s44,lrsw,Llama-CS (lrsw),Llama-2-7B,cs,sweep,corda,CorDA (withheld),0.0001,44.0,lrsw_corda_r16_lr1e4,True,False,False,6.93465319344266,10.799488938843025,0.0810238189702008,0.0599151014358032,0.0576934167626114,-0.4803032328401469,23.45
lrsw_corda_r16_lr2e3_s43,lrsw,Llama-CS (lrsw),Llama-2-7B,cs,sweep,corda,CorDA (withheld),0.002,43.0,lrsw_corda_r16_lr2e3,True,True,False,3.790931328697101,8.83403901407925,0.1075226763684533,0.0525852619430559,0.0913951184736929,1.7996857797182004,0.0
lrsw_corda_r16_lr2e3_s44,lrsw,Llama-CS (lrsw),Llama-2-7B,cs,sweep,corda,CorDA (withheld),0.002,44.0,lrsw_corda_r16_lr2e3,True,True,False,5.64727185647646,10.799027007931295,0.1438727767739023,0.0493297546308697,0.1041609764150562,1.4037997550160937,0.0
lrsw_corda_r16_lr2e4_s42,lrsw,Llama-CS (lrsw),Llama-2-7B,cs,sweep,corda,CorDA (withheld),0.0002,42.0,lrsw_corda_r16_lr2e4,True,False,False,9.94975626550774,14.410352784307204,0.0615319313491734,0.0393990186727943,0.0445416320436152,0.0517311960598496,16.38
lrsw_corda_r16_lr2e4_s43,lrsw,Llama-CS (lrsw),Llama-2-7B,cs,sweep,corda,CorDA (withheld),0.0002,43.0,lrsw_corda_r16_lr2e4,True,False,False,6.197495265893793,11.025660317147322,0.099795184739487,0.0533482320972246,0.0606477663853958,-0.2998156703778023,22.9
lrsw_corda_r16_lr2e4_s44,lrsw,Llama-CS (lrsw),Llama-2-7B,cs,sweep,corda,CorDA (withheld),0.0002,44.0,lrsw_corda_r16_lr2e4,True,False,False,6.151530609975792,10.991956937132422,0.0992962185769534,0.0538470035711945,0.0610754770790363,-0.2998156703778023,21.8
lrsw_corda_r16_lr2e5_s42,lrsw,Llama-CS (lrsw),Llama-2-7B,cs,sweep,corda,CorDA (withheld),2e-05,42.0,lrsw_corda_r16_lr2e5,True,False,False,9.46562963588772,14.471131698544086,0.0513154865069341,0.0484822695892882,0.0332245730546223,-0.5872035712834566,23.18
lrsw_corda_r16_lr2e5_s43,lrsw,Llama-CS (lrsw),Llama-2-7B,cs,sweep,corda,CorDA (withheld),2e-05,43.0,lrsw_corda_r16_lr2e5,True,False,False,7.004830640434228,10.929245481093606,0.068790995709954,0.0689917771876197,0.0497256301351568,-0.730253626869233,25.9
lrsw_corda_r16_lr2e5_s44,lrsw,Llama-CS (lrsw),Llama-2-7B,cs,sweep,corda,CorDA (withheld),2e-05,44.0,lrsw_corda_r16_lr2e5,True,False,False,6.90278253537714,10.876227537932712,0.0688837285234945,0.0690614308919045,0.0499805263382885,-0.7256112044496211,26.17
lrsw_corda_r16_lr3e4_s42,lrsw,Llama-CS (lrsw),Llama-2-7B,cs,sweep,corda,CorDA (withheld),0.0003,42.0,lrsw_corda_r16_lr3e4,True,False,False,9.42533703243218,14.225247181969442,0.0711157756529662,0.0391659940702501,0.049524586835187,0.2182728535714475,12.73
lrsw_corda_r16_lr3e4_s43,lrsw,Llama-CS (lrsw),Llama-2-7B,cs,sweep,corda,CorDA (withheld),0.0003,43.0,lrsw_corda_r16_lr3e4,True,False,False,5.778528073858636,11.201625754943016,0.1104153991710123,0.0505796076832133,0.0622060397227853,-0.1823024452369759,21.46
lrsw_corda_r16_lr3e4_s44,lrsw,Llama-CS (lrsw),Llama-2-7B,cs,sweep,corda,CorDA (withheld),0.0003,44.0,lrsw_corda_r16_lr3e4,True,False,False,5.72159904595204,11.1539703022048,0.1130670427053799,0.0504436833903182,0.0626368497547261,-0.1844886626372358,20.83
lrsw_corda_r16_lr5e4_s42,lrsw,Llama-CS (lrsw),Llama-2-7B,cs,sweep,corda,CorDA (withheld),0.0005,42.0,lrsw_corda_r16_lr5e4,True,True,False,9.432011151473937,14.064575206531648,0.0891476098954733,0.0399486502949784,0.0604308827580596,0.5384606215567298,4.94
lrsw_corda_r16_lr5e4_s43,lrsw,Llama-CS (lrsw),Llama-2-7B,cs,sweep,corda,CorDA (withheld),0.0005,43.0,lrsw_corda_r16_lr5e4,True,True,False,6.1496382254304445,11.966427235980792,0.1163093691346544,0.048814410032222,0.0644981529746408,-0.0194966818066049,19.52
lrsw_corda_r16_lr5e4_s44,lrsw,Llama-CS (lrsw),Llama-2-7B,cs,sweep,corda,CorDA (withheld),0.0005,44.0,lrsw_corda_r16_lr5e4,True,True,False,6.056978350574286,11.876509947765191,0.1200014793807024,0.0481800477579306,0.0653798161735788,-0.0316104581529317,18.14
lrsw_corda_r16_lr5e5_s42,lrsw,Llama-CS (lrsw),Llama-2-7B,cs,sweep,corda,CorDA (withheld),5e-05,42.0,lrsw_corda_r16_lr5e5,True,False,False,10.210121469980484,14.789259230968018,0.0485077325989337,0.0435892462697955,0.0336812499891118,-0.3764406099945629,19.39
lrsw_corda_r16_lr5e5_s43,lrsw,Llama-CS (lrsw),Llama-2-7B,cs,sweep,corda,CorDA (withheld),5e-05,43.0,lrsw_corda_r16_lr5e5,True,False,False,6.973079061704321,10.70067782128268,0.0732486521912531,0.0645862099025628,0.0549211102246122,-0.5968794788241821,24.6
lrsw_corda_r16_lr5e5_s44,lrsw,Llama-CS (lrsw),Llama-2-7B,cs,sweep,corda,CorDA (withheld),5e-05,44.0,lrsw_corda_r16_lr5e5,True,False,False,7.024137659686629,10.675996124803252,0.0725667062175152,0.064811998437776,0.0547232528962636,-0.5929491851957497,25.5
lrsw_dora_r16_lr1e3_s42,lrsw,Llama-CS (lrsw),Llama-2-7B,cs,sweep,dora,DoRA,0.001,42.0,lrsw_dora_r16_lr1e3,False,True,True,7.922772011425282,13.152617335552232,0.134239219097382,0.0450576588413803,0.1166150673772113,0.5712078818028553,15.64
lrsw_dora_r16_lr1e3_s43,lrsw,Llama-CS (lrsw),Llama-2-7B,cs,sweep,dora,DoRA,0.001,43.0,lrsw_dora_r16_lr1e3,False,True,True,8.002109509755426,13.151293482367011,0.131872634631462,0.0450676679142993,0.1147052097718106,0.5726741507390644,15.74
lrsw_dora_r16_lr1e3_s44,lrsw,Llama-CS (lrsw),Llama-2-7B,cs,sweep,dora,DoRA,0.001,44.0,lrsw_dora_r16_lr1e3,False,True,True,7.815031483201634,13.024649871095765,0.1326885540654953,0.0449277035039588,0.1169424165312496,0.572267350134817,13.92
lrsw_dora_r16_lr1e4_s42,lrsw,Llama-CS (lrsw),Llama-2-7B,cs,sweep,dora,DoRA,0.0001,42.0,lrsw_dora_r16_lr1e4,False,False,True,2.314825505455937,6.264138306450852,0.0706656929032664,0.0494662326911195,0.0711925795074689,-0.5276824536831581,26.76
lrsw_dora_r16_lr1e4_s43,lrsw,Llama-CS (lrsw),Llama-2-7B,cs,sweep,dora,DoRA,0.0001,43.0,lrsw_dora_r16_lr1e4,False,False,True,2.3010026081268244,6.253681651284043,0.0704985632127955,0.0494863156396288,0.0711662352587592,-0.5124374397436218,26.55
lrsw_dora_r16_lr1e4_s44,lrsw,Llama-CS (lrsw),Llama-2-7B,cs,sweep,dora,DoRA,0.0001,44.0,lrsw_dora_r16_lr1e4,False,False,True,2.330498517848819,6.261510658051487,0.0704939292816189,0.0491465147203773,0.0713588642685081,-0.5148466500963477,26.94
lrsw_dora_r16_lr2e3_s43,lrsw,Llama-CS (lrsw),Llama-2-7B,cs,sweep,dora,DoRA,0.002,43.0,lrsw_dora_r16_lr2e3,False,True,True,6.361855094529604,11.521268206447996,0.1477257737621743,0.0476612773975096,0.148897527406979,1.3859492843630308,3.04
lrsw_dora_r16_lr2e3_s44,lrsw,Llama-CS (lrsw),Llama-2-7B,cs,sweep,dora,DoRA,0.002,44.0,lrsw_dora_r16_lr2e3,False,True,True,1.680165062334952,2.797492006915353,0.0711799528920497,0.054274716642642,0.0779135922342289,2.5541603770247985,0.0
lrsw_dora_r16_lr2e4_s42,lrsw,Llama-CS (lrsw),Llama-2-7B,cs,sweep,dora,DoRA,0.0002,42.0,lrsw_dora_r16_lr2e4,False,False,True,3.4711079146836745,9.381316077380122,0.0682299579916334,0.0471508728091881,0.0674552751498268,-0.3515424057174774,24.84
lrsw_dora_r16_lr2e4_s43,lrsw,Llama-CS (lrsw),Llama-2-7B,cs,sweep,dora,DoRA,0.0002,43.0,lrsw_dora_r16_lr2e4,False,False,True,3.489397836545857,9.432800459035771,0.0682901248611555,0.0472611668236212,0.0676108858497264,-0.3604139133265736,25.5
lrsw_dora_r16_lr2e4_s44,lrsw,Llama-CS (lrsw),Llama-2-7B,cs,sweep,dora,DoRA,0.0002,44.0,lrsw_dora_r16_lr2e4,False,False,True,3.445635546910506,9.4028829797146,0.0680090703522844,0.0473059444864937,0.0675151192436494,-0.3455346664798542,25.27
lrsw_dora_r16_lr2e5_s42,lrsw,Llama-CS (lrsw),Llama-2-7B,cs,sweep,dora,DoRA,2e-05,42.0,lrsw_dora_r16_lr2e5,False,False,True,1.2628251682634095,2.2445269566174044,0.0629306121993918,0.0489173049753193,0.0810400272941439,-0.637894680706227,26.45
lrsw_dora_r16_lr2e5_s43,lrsw,Llama-CS (lrsw),Llama-2-7B,cs,sweep,dora,DoRA,2e-05,43.0,lrsw_dora_r16_lr2e5,False,False,True,1.2697272390865872,2.288385137625859,0.0620764363249449,0.0472883178947906,0.080023538912275,-0.6593576224392947,26.18
lrsw_dora_r16_lr2e5_s44,lrsw,Llama-CS (lrsw),Llama-2-7B,cs,sweep,dora,DoRA,2e-05,44.0,lrsw_dora_r16_lr2e5,False,False,True,1.2623294986110227,2.24081477372914,0.0622057785941512,0.0476408924687657,0.0811528214106108,-0.6335770427740273,26.9
lrsw_dora_r16_lr3e4_s42,lrsw,Llama-CS (lrsw),Llama-2-7B,cs,sweep,dora,DoRA,0.0003,42.0,lrsw_dora_r16_lr3e4,False,False,True,4.630230913108319,11.36039840774384,0.0734673267614866,0.0461244552570832,0.0694506209617277,-0.1653885792773128,23.7
lrsw_dora_r16_lr3e4_s43,lrsw,Llama-CS (lrsw),Llama-2-7B,cs,sweep,dora,DoRA,0.0003,43.0,lrsw_dora_r16_lr3e4,False,False,True,4.664304919706625,11.383714820056538,0.0717068639243584,0.046088138978395,0.0686292009659573,-0.1752885565352656,23.6
lrsw_dora_r16_lr3e4_s44,lrsw,Llama-CS (lrsw),Llama-2-7B,cs,sweep,dora,DoRA,0.0003,44.0,lrsw_dora_r16_lr3e4,False,False,True,4.511906693427026,11.3298239913037,0.0707215875320803,0.0464831849587511,0.0681787007342038,-0.1649438982798837,23.27
lrsw_dora_r16_lr5e3_s43,lrsw,Llama-CS (lrsw),Llama-2-7B,cs,sweep,dora,DoRA,0.005,43.0,lrsw_dora_r16_lr5e3,False,True,True,1.5853963251577032,2.622974836192639,0.0724881418802472,0.0542885024242593,0.0863595662603995,3.273633630639848,0.0
lrsw_dora_r16_lr5e3_s44,lrsw,Llama-CS (lrsw),Llama-2-7B,cs,sweep,dora,DoRA,0.005,44.0,lrsw_dora_r16_lr5e3,False,True,True,1.7225291849499278,2.808989324192039,0.0700248431568924,0.054474384312787,0.0800191816565429,3.2557378917288644,0.0
lrsw_dora_r16_lr5e4_s42,lrsw,Llama-CS (lrsw),Llama-2-7B,cs,sweep,dora,DoRA,0.0005,42.0,lrsw_dora_r16_lr5e4,False,False,True,7.019665531642909,13.398729302270972,0.0822807729038428,0.045242544485894,0.0761620771105845,0.084325995016827,17.8
lrsw_dora_r16_lr5e4_s43,lrsw,Llama-CS (lrsw),Llama-2-7B,cs,sweep,dora,DoRA,0.0005,43.0,lrsw_dora_r16_lr5e4,False,False,True,6.91911280228615,13.254408618227025,0.0868348537718738,0.0452197661498785,0.0783349851362949,0.0956922828397922,20.58
lrsw_dora_r16_lr5e4_s44,lrsw,Llama-CS (lrsw),Llama-2-7B,cs,sweep,dora,DoRA,0.0005,44.0,lrsw_dora_r16_lr5e4,False,False,True,6.911341858617148,13.32995578216151,0.0842506665816814,0.0454146123160626,0.0768849375002645,0.085825533520743,19.08
lrsw_dora_r16_lr5e5_s42,lrsw,Llama-CS (lrsw),Llama-2-7B,cs,sweep,dora,DoRA,5e-05,42.0,lrsw_dora_r16_lr5e5,False,False,True,1.7258138890402075,4.022677505648943,0.069523216301678,0.0505540848795893,0.0755360122977507,-0.604324214730064,27.3
lrsw_dora_r16_lr5e5_s43,lrsw,Llama-CS (lrsw),Llama-2-7B,cs,sweep,dora,DoRA,5e-05,43.0,lrsw_dora_r16_lr5e5,False,False,True,1.7130535988793003,3.976058899350708,0.0692645785951865,0.0504241916170972,0.0758692629830894,-0.5922692719736645,26.98
lrsw_dora_r16_lr5e5_s44,lrsw,Llama-CS (lrsw),Llama-2-7B,cs,sweep,dora,DoRA,5e-05,44.0,lrsw_dora_r16_lr5e5,False,False,True,1.7154818572644697,4.01659386656549,0.0685486093231172,0.0507599322063528,0.0749545691589567,-0.5944828930236237,27.3
lrsw_lora_null_r16_lr1e3_s42,lrsw,Llama-CS (lrsw),Llama-2-7B,cs,sweep,lora_null,LoRA-Null,0.001,42.0,lrsw_lora_null_r16_lr1e3,False,False,True,10.272362783831635,15.571557580005765,0.0794955067558898,0.0444819105792769,0.0698786671918985,0.0647948111953832,17.36
lrsw_lora_null_r16_lr1e3_s43,lrsw,Llama-CS (lrsw),Llama-2-7B,cs,sweep,lora_null,LoRA-Null,0.001,43.0,lrsw_lora_null_r16_lr1e3,False,False,True,10.412065669135634,15.769609669133994,0.0904042396354031,0.0440007336963682,0.081101541609619,0.0844690314880758,17.62
lrsw_lora_null_r16_lr1e3_s44,lrsw,Llama-CS (lrsw),Llama-2-7B,cs,sweep,lora_null,LoRA-Null,0.001,44.0,lrsw_lora_null_r16_lr1e3,False,False,True,10.483876744061195,15.767536200792364,0.0896453868246646,0.0439127867228535,0.0810237280957893,0.0586537415723702,18.44
lrsw_lora_null_r16_lr1e4_s42,lrsw,Llama-CS (lrsw),Llama-2-7B,cs,sweep,lora_null,LoRA-Null,0.0001,42.0,lrsw_lora_null_r16_lr1e4,False,False,True,5.5691220813346565,16.742437112682996,0.1497530636248596,0.0314374966603392,0.109986483164738,-0.6491707264170322,27.42
lrsw_lora_null_r16_lr1e4_s43,lrsw,Llama-CS (lrsw),Llama-2-7B,cs,sweep,lora_null,LoRA-Null,0.0001,43.0,lrsw_lora_null_r16_lr1e4,False,False,True,5.421671552139881,16.546896321647573,0.2156957248830734,0.0339769109079381,0.1446884389540815,-0.6122543403911364,26.18
lrsw_lora_null_r16_lr1e4_s44,lrsw,Llama-CS (lrsw),Llama-2-7B,cs,sweep,lora_null,LoRA-Null,0.0001,44.0,lrsw_lora_null_r16_lr1e4,False,False,True,5.391929926516385,16.497496715960533,0.2154915402916586,0.0339822101462612,0.144785115292289,-0.5982549177629373,26.05
lrsw_lora_null_r16_lr1e4_s45,lrsw,Llama-CS (lrsw),Llama-2-7B,cs,sweep,lora_null,LoRA-Null,0.0001,45.0,lrsw_lora_null_r16_lr1e4,False,False,True,5.4339572755192265,16.544845368336542,0.2156364093419085,0.0339563803660806,0.1446487464264274,-0.6113660306482108,26.57
lrsw_lora_null_r16_lr2e4_s42,lrsw,Llama-CS (lrsw),Llama-2-7B,cs,sweep,lora_null,LoRA-Null,0.0002,42.0,lrsw_lora_null_r16_lr2e4,False,False,True,6.302687148893285,16.079437423257577,0.1221225983382529,0.0362457098306514,0.093328259726179,-0.4887852988636119,26.43
lrsw_lora_null_r16_lr2e4_s43,lrsw,Llama-CS (lrsw),Llama-2-7B,cs,sweep,lora_null,LoRA-Null,0.0002,43.0,lrsw_lora_null_r16_lr2e4,False,False,True,6.053399722771858,16.084741596491615,0.1718440726293288,0.0373184763528067,0.121803653126157,-0.4321505494268932,25.92
lrsw_lora_null_r16_lr2e4_s44,lrsw,Llama-CS (lrsw),Llama-2-7B,cs,sweep,lora_null,LoRA-Null,0.0002,44.0,lrsw_lora_null_r16_lr2e4,False,False,True,6.1946835377615,16.21847503034562,0.1717349810007374,0.0369781907532987,0.1216934204879012,-0.4550642341184974,25.24
lrsw_lora_null_r16_lr2e4_s45,lrsw,Llama-CS (lrsw),Llama-2-7B,cs,sweep,lora_null,LoRA-Null,0.0002,45.0,lrsw_lora_null_r16_lr2e4,False,False,True,6.146032557849551,16.15926779814872,0.1719015339801693,0.0371742716770465,0.1218793874965397,-0.4537041648785575,25.66
lrsw_lora_null_r16_lr2e5_s42,lrsw,Llama-CS (lrsw),Llama-2-7B,cs,sweep,lora_null,LoRA-Null,2e-05,42.0,lrsw_lora_null_r16_lr2e5,False,False,True,4.554512078909196,16.08135834154569,0.1759357232430633,0.0247602632941082,0.1368132285135686,-0.8563607647254567,26.18
lrsw_lora_null_r16_lr2e5_s43,lrsw,Llama-CS (lrsw),Llama-2-7B,cs,sweep,lora_null,LoRA-Null,2e-05,43.0,lrsw_lora_null_r16_lr2e5,False,False,True,4.3478859720561385,15.311380101143106,0.2488490301188701,0.0313845823111999,0.1749651551552325,-0.8598063214213687,26.04
lrsw_lora_null_r16_lr2e5_s44,lrsw,Llama-CS (lrsw),Llama-2-7B,cs,sweep,lora_null,LoRA-Null,2e-05,44.0,lrsw_lora_null_r16_lr2e5,False,False,True,4.389748740811117,15.350608554865602,0.2489092886331227,0.0313720923641019,0.17514095696734,-0.8601209135987634,26.12
lrsw_lora_null_r16_lr3e4_s42,lrsw,Llama-CS (lrsw),Llama-2-7B,cs,sweep,lora_null,LoRA-Null,0.0003,42.0,lrsw_lora_null_r16_lr3e4,False,False,True,7.078290479216039,15.715853882891814,0.1049135208898724,0.0388869288930514,0.0841636653715226,-0.3507625276503927,24.5
lrsw_lora_null_r16_lr3e4_s43,lrsw,Llama-CS (lrsw),Llama-2-7B,cs,sweep,lora_null,LoRA-Null,0.0003,43.0,lrsw_lora_null_r16_lr3e4,False,False,True,6.87618257017283,15.921302332601623,0.1435030201506673,0.0390938666670949,0.1077646668446414,-0.3349821745875274,24.82
lrsw_lora_null_r16_lr3e4_s44,lrsw,Llama-CS (lrsw),Llama-2-7B,cs,sweep,lora_null,LoRA-Null,0.0003,44.0,lrsw_lora_null_r16_lr3e4,False,False,True,6.871918836655735,15.932022472933898,0.1438788360032291,0.0389141017133124,0.1078424397127074,-0.3309621991148441,23.9
lrsw_lora_null_r16_lr3e4_s45,lrsw,Llama-CS (lrsw),Llama-2-7B,cs,sweep,lora_null,LoRA-Null,0.0003,45.0,lrsw_lora_null_r16_lr3e4,False,False,True,6.906016440316605,15.90832859786597,0.1437225951422784,0.0390271650346095,0.1080632817556616,-0.3290123969899657,24.37
lrsw_lora_null_r16_lr5e4_s42,lrsw,Llama-CS (lrsw),Llama-2-7B,cs,sweep,lora_null,LoRA-Null,0.0005,42.0,lrsw_lora_null_r16_lr5e4,False,False,True,8.442282067974523,15.537637517312778,0.0879539246595055,0.041849255256063,0.0752491606572913,-0.1576404266693251,23.64
lrsw_lora_null_r16_lr5e4_s43,lrsw,Llama-CS (lrsw),Llama-2-7B,cs,sweep,lora_null,LoRA-Null,0.0005,43.0,lrsw_lora_null_r16_lr5e4,False,False,True,8.357289043716106,15.793243706629532,0.1139511753983929,0.0413750723343732,0.0926972283132971,-0.1513183459760496,21.14
lrsw_lora_null_r16_lr5e4_s44,lrsw,Llama-CS (lrsw),Llama-2-7B,cs,sweep,lora_null,LoRA-Null,0.0005,44.0,lrsw_lora_null_r16_lr5e4,False,False,True,8.34715556983774,15.79890937394126,0.1139937529138322,0.0414502890933211,0.0927759513032542,-0.1515029819096333,21.64
lrsw_lora_null_r16_lr5e4_s45,lrsw,Llama-CS (lrsw),Llama-2-7B,cs,sweep,lora_null,LoRA-Null,0.0005,45.0,lrsw_lora_null_r16_lr5e4,False,False,True,8.283312481482561,15.78031936853349,0.1135664522700228,0.0414983617202928,0.0929926717037483,-0.1542819820333413,20.62
lrsw_lora_null_r16_lr5e5_s42,lrsw,Llama-CS (lrsw),Llama-2-7B,cs,sweep,lora_null,LoRA-Null,5e-05,42.0,lrsw_lora_null_r16_lr5e5,False,False,True,4.988167866673639,16.58380522774173,0.1652190111087129,0.0271136780198412,0.123816566293325,-0.7297871451037574,26.62
lrsw_lora_null_r16_lr5e5_s43,lrsw,Llama-CS (lrsw),Llama-2-7B,cs,sweep,lora_null,LoRA-Null,5e-05,43.0,lrsw_lora_null_r16_lr5e5,False,False,True,4.8157246338247175,16.13247622691932,0.2382758280215199,0.0315257323874648,0.1607556059102866,-0.7084091743419988,26.57
lrsw_lora_null_r16_lr5e5_s44,lrsw,Llama-CS (lrsw),Llama-2-7B,cs,sweep,lora_null,LoRA-Null,5e-05,44.0,lrsw_lora_null_r16_lr5e5,False,False,True,4.831969241554613,16.102219456677222,0.2382982357931257,0.0315068603249915,0.1607715558044992,-0.7033348097384688,26.37
lrsw_lora_r16_lr1e3_s42,lrsw,Llama-CS (lrsw),Llama-2-7B,cs,sweep,lora,LoRA,0.001,42.0,lrsw_lora_r16_lr1e3,False,False,True,9.954050236458706,15.0003268963586,0.0784914327901071,0.0462018718244051,0.0699143820120275,0.151216578856456,17.41
lrsw_lora_r16_lr1e3_s43,lrsw,Llama-CS (lrsw),Llama-2-7B,cs,sweep,lora,LoRA,0.001,43.0,lrsw_lora_r16_lr1e3,False,False,True,9.950938710270298,14.934334437113666,0.0805092082202976,0.0459714327655552,0.0707324515843093,0.1521659906755552,17.53
lrsw_lora_r16_lr1e3_s44,lrsw,Llama-CS (lrsw),Llama-2-7B,cs,sweep,lora,LoRA,0.001,44.0,lrsw_lora_r16_lr1e3,False,False,True,9.981975980943629,14.950247298129296,0.0799738012290169,0.0460451842655792,0.0708106842572697,0.1467480136306398,16.93
lrsw_lora_r16_lr1e4_s42,lrsw,Llama-CS (lrsw),Llama-2-7B,cs,sweep,lora,LoRA,0.0001,42.0,lrsw_lora_r16_lr1e4,False,False,True,2.284932784131675,6.235574228534116,0.0705879848548593,0.0495313340178197,0.0711269143232237,-0.5082182244158342,26.68
lrsw_lora_r16_lr1e4_s43,lrsw,Llama-CS (lrsw),Llama-2-7B,cs,sweep,lora,LoRA,0.0001,43.0,lrsw_lora_r16_lr1e4,False,False,True,2.3128325952622206,6.252996731227204,0.0706907891700961,0.0492784670478776,0.0719556093530174,-0.5176982327765572,26.46
lrsw_lora_r16_lr1e4_s44,lrsw,Llama-CS (lrsw),Llama-2-7B,cs,sweep,lora,LoRA,0.0001,44.0,lrsw_lora_r16_lr1e4,False,False,True,2.309897809331828,6.270662251716516,0.0706155459563968,0.0493128869029165,0.0712819633668284,-0.5157001606532142,26.58
lrsw_lora_r16_lr1e4_s45,lrsw,Llama-CS (lrsw),Llama-2-7B,cs,sweep,lora,LoRA,0.0001,45.0,lrsw_lora_r16_lr1e4,False,False,True,2.3003169660041056,6.18228381190524,0.0710900514821189,0.0492482682467387,0.0714318201795748,-0.5254923608830242,26.16
lrsw_lora_r16_lr2e4_s42,lrsw,Llama-CS (lrsw),Llama-2-7B,cs,sweep,lora,LoRA,0.0002,42.0,lrsw_lora_r16_lr2e4,False,False,True,3.458638796370331,9.355291391409274,0.0675921368637695,0.0474710567277979,0.0671211226799435,-0.3538904780211521,25.2
lrsw_lora_r16_lr2e4_s43,lrsw,Llama-CS (lrsw),Llama-2-7B,cs,sweep,lora,LoRA,0.0002,43.0,lrsw_lora_r16_lr2e4,False,False,True,3.518788720032536,9.466022481867103,0.068084404914277,0.0470570255011252,0.067405026686488,-0.349401101827343,25.02
lrsw_lora_r16_lr2e4_s44,lrsw,Llama-CS (lrsw),Llama-2-7B,cs,sweep,lora,LoRA,0.0002,44.0,lrsw_lora_r16_lr2e4,False,False,True,3.439295443725791,9.417870662651683,0.0683374647208234,0.0473866551742911,0.0675537443488055,-0.3551676711743637,25.7
lrsw_lora_r16_lr2e4_s45,lrsw,Llama-CS (lrsw),Llama-2-7B,cs,sweep,lora,LoRA,0.0002,45.0,lrsw_lora_r16_lr2e4,False,False,True,3.4558147196777784,9.336409313816151,0.0682806278988246,0.0472392191889125,0.067622494142659,-0.3460160926259311,25.99
lrsw_lora_r16_lr2e5_s42,lrsw,Llama-CS (lrsw),Llama-2-7B,cs,sweep,lora,LoRA,2e-05,42.0,lrsw_lora_r16_lr2e5,False,False,True,1.2765119585822111,2.246061580555928,0.0627951119156539,0.0477827751598482,0.0812434423827133,-0.6403542073254571,26.32
lrsw_lora_r16_lr2e5_s43,lrsw,Llama-CS (lrsw),Llama-2-7B,cs,sweep,lora,LoRA,2e-05,43.0,lrsw_lora_r16_lr2e5,False,False,True,1.2645595553330873,2.2419423639049048,0.0621633201008241,0.0476344658907463,0.0801856216950449,-0.6480105445643678,26.6
lrsw_lora_r16_lr2e5_s44,lrsw,Llama-CS (lrsw),Llama-2-7B,cs,sweep,lora,LoRA,2e-05,44.0,lrsw_lora_r16_lr2e5,False,False,True,1.2596316891971326,2.2371137573973336,0.0627943892529948,0.0475475539843812,0.081794814724074,-0.6335770427740273,26.49
lrsw_lora_r16_lr3e4_s42,lrsw,Llama-CS (lrsw),Llama-2-7B,cs,sweep,lora,LoRA,0.0003,42.0,lrsw_lora_r16_lr3e4,False,False,True,4.768477891293146,11.551114164109354,0.067039209158281,0.0464523856933801,0.0655071606290302,-0.2055119533408304,24.42
lrsw_lora_r16_lr3e4_s43,lrsw,Llama-CS (lrsw),Llama-2-7B,cs,sweep,lora,LoRA,0.0003,43.0,lrsw_lora_r16_lr3e4,False,False,True,4.7346045169999575,11.520809604961554,0.0671070735886333,0.0462946539649071,0.0655622517831488,-0.2032869367191035,23.76
lrsw_lora_r16_lr3e4_s44,lrsw,Llama-CS (lrsw),Llama-2-7B,cs,sweep,lora,LoRA,0.0003,44.0,lrsw_lora_r16_lr3e4,False,False,True,4.743033168707871,11.53410657050588,0.0677184906135668,0.0462837960955156,0.0658923747289657,-0.2196106715290472,23.26
lrsw_lora_r16_lr3e4_s45,lrsw,Llama-CS (lrsw),Llama-2-7B,cs,sweep,lora,LoRA,0.0003,45.0,lrsw_lora_r16_lr3e4,False,False,True,4.750952059360905,11.552953661264471,0.0673094069465745,0.0463147507201175,0.0656244353855454,-0.2141720800041343,23.99
lrsw_lora_r16_lr5e4_s42,lrsw,Llama-CS (lrsw),Llama-2-7B,cs,sweep,lora,LoRA,0.0005,42.0,lrsw_lora_r16_lr5e4,False,False,True,7.436121121395232,13.858946976739295,0.0697361693884582,0.0458125354593546,0.0654383940955376,-0.0344220420894721,20.56
lrsw_lora_r16_lr5e4_s43,lrsw,Llama-CS (lrsw),Llama-2-7B,cs,sweep,lora,LoRA,0.0005,43.0,lrsw_lora_r16_lr5e4,False,False,True,7.422494194407254,13.836328057784565,0.0697986394667625,0.0458385220336926,0.0651549771658857,-0.0322648682161199,22.07
lrsw_lora_r16_lr5e4_s44,lrsw,Llama-CS (lrsw),Llama-2-7B,cs,sweep,lora,LoRA,0.0005,44.0,lrsw_lora_r16_lr5e4,False,False,True,7.33037093544988,13.799758836187864,0.0699302640363286,0.045741588342845,0.0653573410381202,-0.0426801031446591,21.52
lrsw_lora_r16_lr5e4_s45,lrsw,Llama-CS (lrsw),Llama-2-7B,cs,sweep,lora,LoRA,0.0005,45.0,lrsw_lora_r16_lr5e4,False,False,True,7.420942739571385,13.856409814207376,0.069779329870919,0.0458072403384224,0.0650754619217773,-0.0285385949754132,21.84
lrsw_lora_r16_lr5e5_s42,lrsw,Llama-CS (lrsw),Llama-2-7B,cs,sweep,lora,LoRA,5e-05,42.0,lrsw_lora_r16_lr5e5,False,False,True,1.7027372416217244,3.96781816770896,0.0697983271393933,0.0505221635937379,0.075853932293823,-0.5944828930236237,27.29
lrsw_lora_r16_lr5e5_s43,lrsw,Llama-CS (lrsw),Llama-2-7B,cs,sweep,lora,LoRA,5e-05,43.0,lrsw_lora_r16_lr5e5,False,False,True,1.6799928543111446,3.91492199166486,0.0691496232889197,0.0509397491013447,0.0758111590216686,-0.5946536398242911,27.46
lrsw_lora_r16_lr5e5_s44,lrsw,Llama-CS (lrsw),Llama-2-7B,cs,sweep,lora,LoRA,5e-05,44.0,lrsw_lora_r16_lr5e5,False,False,True,1.700992827632284,3.96721433747792,0.0693055943124104,0.0503651664609452,0.0761252722244859,-0.5863650028014443,27.12
lrsw_lorawd_wd0p3_lr1e3_s42,lrsw,Llama-CS (lrsw),Llama-2-7B,cs,sweep,lorawd,LoRA+wd,0.001,42.0,lrsw_lorawd_wd0p3_lr1e3,False,False,True,7.953084634899221,19.49712453102808,0.0800081641612025,0.0470320241442076,0.0830728593253579,-0.1996266451086505,23.2
lrsw_lorawd_wd0p3_lr1e3_s43,lrsw,Llama-CS (lrsw),Llama-2-7B,cs,sweep,lorawd,LoRA+wd,0.001,43.0,lrsw_lorawd_wd0p3_lr1e3,False,False,True,11.67030194465865,25.50985148672601,0.0764112597788773,0.0451415773691418,0.0748803068443011,-0.3361107013773386,25.72
lrsw_lorawd_wd0p3_lr1e3_s44,lrsw,Llama-CS (lrsw),Llama-2-7B,cs,sweep,lorawd,LoRA+wd,0.001,44.0,lrsw_lorawd_wd0p3_lr1e3,False,False,True,11.74070439222178,25.56676516665628,0.0768706138153265,0.0451540065898427,0.0755862164781846,-0.3355460714188424,25.6
lrsw_lorawd_wd0p3_lr1e4_s42,lrsw,Llama-CS (lrsw),Llama-2-7B,cs,sweep,lorawd,LoRA+wd,0.0001,42.0,lrsw_lorawd_wd0p3_lr1e4,False,False,True,3.0880879023825214,10.225157527562551,0.0718075249328636,0.0502656872828586,0.0726222811349163,-0.6322714539130235,26.94
lrsw_lorawd_wd0p3_lr1e4_s43,lrsw,Llama-CS (lrsw),Llama-2-7B,cs,sweep,lorawd,LoRA+wd,0.0001,43.0,lrsw_lorawd_wd0p3_lr1e4,False,False,True,3.07736394851489,10.259089838441117,0.071762508272156,0.0503051255246392,0.0725496927178753,-0.632644078973981,27.44
lrsw_lorawd_wd0p3_lr1e4_s44,lrsw,Llama-CS (lrsw),Llama-2-7B,cs,sweep,lorawd,LoRA+wd,0.0001,44.0,lrsw_lorawd_wd0p3_lr1e4,False,False,True,3.0573657505317366,10.22252511276829,0.0715776416475203,0.0505478167111466,0.0725967746069393,-0.6259852597080884,27.7
lrsw_lorawd_wd0p3_lr1e4_s45,lrsw,Llama-CS (lrsw),Llama-2-7B,cs,sweep,lorawd,LoRA+wd,0.0001,45.0,lrsw_lorawd_wd0p3_lr1e4,False,False,True,3.0837678572055984,10.20399229575253,0.0722602725441602,0.0503396303088336,0.0725847353398005,-0.6291169832223942,27.34
lrsw_lorawd_wd0p3_lr2e3_s43,lrsw,Llama-CS (lrsw),Llama-2-7B,cs,sweep,lorawd,LoRA+wd,0.002,43.0,lrsw_lorawd_wd0p3_lr2e3,False,True,True,1.025766382866892,1.07568254691655,0.0630196221854245,0.0640086361450786,0.0694328828910993,1.9588633428153224,0.0
lrsw_lorawd_wd0p3_lr2e3_s44,lrsw,Llama-CS (lrsw),Llama-2-7B,cs,sweep,lorawd,LoRA+wd,0.002,44.0,lrsw_lorawd_wd0p3_lr2e3,False,True,True,1.017021454028063,1.0503753756997458,0.0595420023739921,0.0582108611618566,0.0715314486123107,1.941928631912614,0.0
lrsw_lorawd_wd0p3_lr2e4_s42,lrsw,Llama-CS (lrsw),Llama-2-7B,cs,sweep,lorawd,LoRA+wd,0.0002,42.0,lrsw_lorawd_wd0p3_lr2e4,False,False,True,4.769270815544503,15.474202459714228,0.0704525412893732,0.0483823147214095,0.0706768796894374,-0.5218665718994825,27.66
lrsw_lorawd_wd0p3_lr2e4_s43,lrsw,Llama-CS (lrsw),Llama-2-7B,cs,sweep,lorawd,LoRA+wd,0.0002,43.0,lrsw_lorawd_wd0p3_lr2e4,False,False,True,4.94212668354264,15.718151370403422,0.0712432850525196,0.0483840877571829,0.0710231878522578,-0.5204246898250116,26.43
lrsw_lorawd_wd0p3_lr2e4_s44,lrsw,Llama-CS (lrsw),Llama-2-7B,cs,sweep,lorawd,LoRA+wd,0.0002,44.0,lrsw_lorawd_wd0p3_lr2e4,False,False,True,4.869078382876171,15.608879533112136,0.0712068497718229,0.0485515294676342,0.0711424883410479,-0.5234581909725712,27.14
lrsw_lorawd_wd0p3_lr2e4_s45,lrsw,Llama-CS (lrsw),Llama-2-7B,cs,sweep,lorawd,LoRA+wd,0.0002,45.0,lrsw_lorawd_wd0p3_lr2e4,False,False,True,4.875645348414987,15.59014189878554,0.0710066411413342,0.0485016330755886,0.0709981028671196,-0.5236031732746699,26.68
lrsw_lorawd_wd0p3_lr2e5_s42,lrsw,Llama-CS (lrsw),Llama-2-7B,cs,sweep,lorawd,LoRA+wd,2e-05,42.0,lrsw_lorawd_wd0p3_lr2e5,False,False,True,1.4899986597784565,3.599104316473871,0.0638833392563347,0.0483073691393566,0.0796826148601226,-0.6683702823700677,26.74
lrsw_lorawd_wd0p3_lr2e5_s43,lrsw,Llama-CS (lrsw),Llama-2-7B,cs,sweep,lorawd,LoRA+wd,2e-05,43.0,lrsw_lorawd_wd0p3_lr2e5,False,False,True,1.4849791334254754,3.581302646836517,0.0638043691550878,0.0481701860976424,0.0796865978044386,-0.6659485596531082,26.5
lrsw_lorawd_wd0p3_lr2e5_s44,lrsw,Llama-CS (lrsw),Llama-2-7B,cs,sweep,lorawd,LoRA+wd,2e-05,44.0,lrsw_lorawd_wd0p3_lr2e5,False,False,True,1.4889589917353985,3.593485332982782,0.0634580353632628,0.0484664246399351,0.0795420413385343,-0.6631401790831907,26.83
lrsw_lorawd_wd0p3_lr3e4_s42,lrsw,Llama-CS (lrsw),Llama-2-7B,cs,sweep,lorawd,LoRA+wd,0.0003,42.0,lrsw_lorawd_wd0p3_lr3e4,False,False,True,6.957457174233737,19.450225424866616,0.0719504762601397,0.0474450707887409,0.0708939763572343,-0.423773862550395,26.18
lrsw_lorawd_wd0p3_lr3e4_s43,lrsw,Llama-CS (lrsw),Llama-2-7B,cs,sweep,lorawd,LoRA+wd,0.0003,43.0,lrsw_lorawd_wd0p3_lr3e4,False,False,True,6.920613789277418,19.38556450393637,0.071881124587405,0.0474148420346614,0.070899436238565,-0.4560560575170935,26.64
lrsw_lorawd_wd0p3_lr3e4_s44,lrsw,Llama-CS (lrsw),Llama-2-7B,cs,sweep,lorawd,LoRA+wd,0.0003,44.0,lrsw_lorawd_wd0p3_lr3e4,False,False,True,7.035176910976501,19.614077751256414,0.0726096937105747,0.0473795993258796,0.0710507815294398,-0.4550642341184974,26.9
lrsw_lorawd_wd0p3_lr3e4_s45,lrsw,Llama-CS (lrsw),Llama-2-7B,cs,sweep,lorawd,LoRA+wd,0.0003,45.0,lrsw_lorawd_wd0p3_lr3e4,False,False,True,7.027107556278601,19.565617001816403,0.0723467979091978,0.0473968251447683,0.0712188082204112,-0.4585455712524111,26.56
lrsw_lorawd_wd0p3_lr5e4_s42,lrsw,Llama-CS (lrsw),Llama-2-7B,cs,sweep,lorawd,LoRA+wd,0.0005,42.0,lrsw_lorawd_wd0p3_lr5e4,False,False,True,10.71520787870005,23.79529842764886,0.0747845272266103,0.0464277684576522,0.0727391262540543,-0.4043935651343969,25.55
lrsw_lorawd_wd0p3_lr5e4_s43,lrsw,Llama-CS (lrsw),Llama-2-7B,cs,sweep,lorawd,LoRA+wd,0.0005,43.0,lrsw_lorawd_wd0p3_lr5e4,False,False,True,10.619055563787567,23.684447696933987,0.0743629290152801,0.0463969277994213,0.072594240698946,-0.4155556928348238,25.86
lrsw_lorawd_wd0p3_lr5e4_s44,lrsw,Llama-CS (lrsw),Llama-2-7B,cs,sweep,lorawd,LoRA+wd,0.0005,44.0,lrsw_lorawd_wd0p3_lr5e4,False,False,True,10.663479079891294,23.79657144477949,0.0751664517108352,0.046333269499346,0.0725886044476172,-0.3861581781239308,26.38
lrsw_lorawd_wd0p3_lr5e4_s45,lrsw,Llama-CS (lrsw),Llama-2-7B,cs,sweep,lorawd,LoRA+wd,0.0005,45.0,lrsw_lorawd_wd0p3_lr5e4,False,False,True,10.611306862412096,23.641400889281183,0.07458106497825,0.0462793067373047,0.0724225636695616,-0.3902988976206005,25.64
lrsw_lorawd_wd0p3_lr5e5_s42,lrsw,Llama-CS (lrsw),Llama-2-7B,cs,sweep,lorawd,LoRA+wd,5e-05,42.0,lrsw_lorawd_wd0p3_lr5e5,False,False,True,2.1744180871802747,6.635515780120314,0.0708399541920438,0.0515780955186971,0.0751733287225391,-0.660349842386316,27.8
lrsw_lorawd_wd0p3_lr5e5_s43,lrsw,Llama-CS (lrsw),Llama-2-7B,cs,sweep,lorawd,LoRA+wd,5e-05,43.0,lrsw_lorawd_wd0p3_lr5e5,False,False,True,2.137822271273953,6.531062413392445,0.0710830319615676,0.0516754726894885,0.0751737818290341,-0.6550185860727421,27.56
lrsw_lorawd_wd0p3_lr5e5_s44,lrsw,Llama-CS (lrsw),Llama-2-7B,cs,sweep,lorawd,LoRA+wd,5e-05,44.0,lrsw_lorawd_wd0p3_lr5e5,False,False,True,2.1695735610891527,6.625377421392865,0.0707915456347497,0.0515658406165559,0.0750458468228627,-0.6554112574212861,27.33
lrsw_milora_r32_lr1e3_s42,lrsw,Llama-CS (lrsw),Llama-2-7B,cs,sweep,milora,MiLoRA,0.001,42.0,lrsw_milora_r32_lr1e3,False,False,True,15.090604815860448,26.99130586868774,0.0798791821754336,0.0488993236395953,0.0707865379295206,0.1852304161675628,17.21
lrsw_milora_r32_lr1e3_s43,lrsw,Llama-CS (lrsw),Llama-2-7B,cs,sweep,milora,MiLoRA,0.001,43.0,lrsw_milora_r32_lr1e3,False,False,True,14.955367904909098,27.047863356003443,0.0787649502322679,0.049246260810709,0.071401877156531,0.1797240960600895,17.33
lrsw_milora_r32_lr1e3_s44,lrsw,Llama-CS (lrsw),Llama-2-7B,cs,sweep,milora,MiLoRA,0.001,44.0,lrsw_milora_r32_lr1e3,False,False,True,15.014835019010578,27.138656644059427,0.0774817937437921,0.0493088255202393,0.0707181996011832,0.1797528068974981,14.84
lrsw_milora_r32_lr1e4_s42,lrsw,Llama-CS (lrsw),Llama-2-7B,cs,sweep,milora,MiLoRA,0.0001,42.0,lrsw_milora_r32_lr1e4,False,False,True,3.548793804561194,11.16050021482189,0.0645461921983044,0.1631762029580915,0.0695359308174353,-0.6057234732321786,27.55
lrsw_milora_r32_lr1e4_s43,lrsw,Llama-CS (lrsw),Llama-2-7B,cs,sweep,milora,MiLoRA,0.0001,43.0,lrsw_milora_r32_lr1e4,False,False,True,3.4963203883135376,11.101652904661856,0.0636127099247216,0.1630769932126598,0.0690941491176829,-0.6006724678413211,27.42
lrsw_milora_r32_lr1e4_s44,lrsw,Llama-CS (lrsw),Llama-2-7B,cs,sweep,milora,MiLoRA,0.0001,44.0,lrsw_milora_r32_lr1e4,False,False,True,3.416471813949622,10.94458275788595,0.0648590802456763,0.1608509146826851,0.0695357021670658,-0.5958507507903049,26.92
lrsw_milora_r32_lr1e4_s45,lrsw,Llama-CS (lrsw),Llama-2-7B,cs,sweep,milora,MiLoRA,0.0001,45.0,lrsw_milora_r32_lr1e4,False,False,True,3.5491619330555406,11.18462539400782,0.063775854706662,0.162873654694716,0.0682478202924157,-0.6101254416090145,27.31
lrsw_milora_r32_lr2e4_s42,lrsw,Llama-CS (lrsw),Llama-2-7B,cs,sweep,milora,MiLoRA,0.0002,42.0,lrsw_milora_r32_lr2e4,False,False,True,4.600287361948842,13.622630353114069,0.0661965683371495,0.1073460390709343,0.067479703125824,-0.4005536242747243,25.84
lrsw_milora_r32_lr2e4_s43,lrsw,Llama-CS (lrsw),Llama-2-7B,cs,sweep,milora,MiLoRA,0.0002,43.0,lrsw_milora_r32_lr2e4,False,False,True,4.518135278075346,13.531690136055971,0.0663614450002296,0.1064443125552013,0.0674439883947131,-0.3824754651137076,25.52
lrsw_milora_r32_lr2e4_s44,lrsw,Llama-CS (lrsw),Llama-2-7B,cs,sweep,milora,MiLoRA,0.0002,44.0,lrsw_milora_r32_lr2e4,False,False,True,4.599351578986303,13.606412823270135,0.0655482339223019,0.1072257699933614,0.0668800454032669,-0.3957739469155299,26.52
lrsw_milora_r32_lr2e4_s45,lrsw,Llama-CS (lrsw),Llama-2-7B,cs,sweep,milora,MiLoRA,0.0002,45.0,lrsw_milora_r32_lr2e4,False,False,True,4.573810785589944,13.671319749154732,0.0657675212104425,0.1071694669184949,0.0671571340721957,-0.3806979241243918,26.46
lrsw_milora_r32_lr2e5_s42,lrsw,Llama-CS (lrsw),Llama-2-7B,cs,sweep,milora,MiLoRA,2e-05,42.0,lrsw_milora_r32_lr2e5,False,False,True,2.779640315524396,9.70407164875215,0.0527128589440678,0.26815193745241,0.0717864428945372,-0.7622050067260775,26.25
lrsw_milora_r32_lr2e5_s43,lrsw,Llama-CS (lrsw),Llama-2-7B,cs,sweep,milora,MiLoRA,2e-05,43.0,lrsw_milora_r32_lr2e5,False,False,True,2.780153508209077,9.7112979890189,0.0528177859621011,0.2685737434104991,0.071680979273197,-0.7703181576823243,26.1
lrsw_milora_r32_lr2e5_s44,lrsw,Llama-CS (lrsw),Llama-2-7B,cs,sweep,milora,MiLoRA,2e-05,44.0,lrsw_milora_r32_lr2e5,False,False,True,2.7790588157866614,9.72405393262916,0.0523598127802071,0.2688119348954667,0.0717176388044172,-0.7622050067260775,26.17
lrsw_milora_r32_lr3e4_s42,lrsw,Llama-CS (lrsw),Llama-2-7B,cs,sweep,milora,MiLoRA,0.0003,42.0,lrsw_milora_r32_lr3e4,False,False,True,5.930291500394581,16.244204981295127,0.0679842082044578,0.0827571885439178,0.065772121090368,-0.2650402387275547,24.72
lrsw_milora_r32_lr3e4_s43,lrsw,Llama-CS (lrsw),Llama-2-7B,cs,sweep,milora,MiLoRA,0.0003,43.0,lrsw_milora_r32_lr3e4,False,False,True,5.8233759755036525,16.235343941331312,0.0670532974758504,0.0822662265305887,0.0656824088284264,-0.2492602487646492,23.8
lrsw_milora_r32_lr3e4_s44,lrsw,Llama-CS (lrsw),Llama-2-7B,cs,sweep,milora,MiLoRA,0.0003,44.0,lrsw_milora_r32_lr3e4,False,False,True,5.837390948276585,16.247534315059557,0.0669576878348695,0.0827420975897764,0.0657541256825073,-0.2500319164905971,24.06
lrsw_milora_r32_lr3e4_s45,lrsw,Llama-CS (lrsw),Llama-2-7B,cs,sweep,milora,MiLoRA,0.0003,45.0,lrsw_milora_r32_lr3e4,False,False,True,5.964914946042279,16.29953100571023,0.067803920447527,0.0821436907579858,0.0657688228023987,-0.2510371387438385,24.9
lrsw_milora_r32_lr5e4_s42,lrsw,Llama-CS (lrsw),Llama-2-7B,cs,sweep,milora,MiLoRA,0.0005,42.0,lrsw_milora_r32_lr5e4,False,False,True,9.069614761359706,20.87166583394245,0.0706511209055946,0.060949503724314,0.0649434651542665,-0.0759275700896371,20.76
lrsw_milora_r32_lr5e4_s43,lrsw,Llama-CS (lrsw),Llama-2-7B,cs,sweep,milora,MiLoRA,0.0005,43.0,lrsw_milora_r32_lr5e4,False,False,True,9.011080198131197,20.713421982797342,0.0714744691433069,0.0609250554886143,0.0651517783548786,-0.0662597005030646,21.27
lrsw_milora_r32_lr5e4_s44,lrsw,Llama-CS (lrsw),Llama-2-7B,cs,sweep,milora,MiLoRA,0.0005,44.0,lrsw_milora_r32_lr5e4,False,False,True,8.929878108816887,20.834239439329348,0.0697226843947924,0.061298167394027,0.0647482683088559,-0.0625824185228621,21.0
lrsw_milora_r32_lr5e4_s45,lrsw,Llama-CS (lrsw),Llama-2-7B,cs,sweep,milora,MiLoRA,0.0005,45.0,lrsw_milora_r32_lr5e4,False,False,True,9.085951574886328,20.8759496122188,0.0688576459756701,0.06124626201742,0.0649192978821136,-0.0745847629157537,22.7
lrsw_milora_r32_lr5e5_s42,lrsw,Llama-CS (lrsw),Llama-2-7B,cs,sweep,milora,MiLoRA,5e-05,42.0,lrsw_milora_r32_lr5e5,False,False,True,2.9819410040742373,10.17802261699616,0.0585417268754937,0.2210028875520354,0.0695583283557823,-0.707522406332216,27.57
lrsw_milora_r32_lr5e5_s43,lrsw,Llama-CS (lrsw),Llama-2-7B,cs,sweep,milora,MiLoRA,5e-05,43.0,lrsw_milora_r32_lr5e5,False,False,True,2.979143946333435,10.170739677804388,0.0590984887131517,0.2209904488196339,0.0694931322786075,-0.7055337738384071,27.3
lrsw_milora_r32_lr5e5_s44,lrsw,Llama-CS (lrsw),Llama-2-7B,cs,sweep,milora,MiLoRA,5e-05,44.0,lrsw_milora_r32_lr5e5,False,False,True,2.980664098492585,10.189327957858714,0.0583735758699181,0.2211293871158572,0.0694658799142913,-0.7024583321818402,27.28
lrsw_milorawd_wd0p3_r32_lr2e4_s42,lrsw,Llama-CS (lrsw),Llama-2-7B,cs,sweep,milorawd,MiLoRA+wd,0.0002,42.0,lrsw_milorawd_wd0p3_r32_lr2e4,False,False,True,4.15462092157838,13.49618747183922,0.0687078296720721,0.098675364739025,0.0729329103642842,-0.6048484084954574,27.99
lrsw_milorawd_wd0p3_r32_lr5e4_s42,lrsw,Llama-CS (lrsw),Llama-2-7B,cs,sweep,milorawd,MiLoRA+wd,0.0005,42.0,lrsw_milorawd_wd0p3_r32_lr5e4,False,False,True,7.881218101497125,20.97642989586162,0.0742451619998735,0.0652299928905445,0.0735267790778708,-0.5282683485199489,26.66
lrsw_sclora_r32_lr1e3_s42,lrsw,Llama-CS (lrsw),Llama-2-7B,cs,sweep,sclora,SC-LoRA,0.001,42.0,lrsw_sclora_r32_lr1e3,False,False,True,14.14635840177204,31.38452684491397,0.0974913436514331,0.0459941158629426,0.1463868110997669,0.4880286854829438,3.19
lrsw_sclora_r32_lr1e3_s43,lrsw,Llama-CS (lrsw),Llama-2-7B,cs,sweep,sclora,SC-LoRA,0.001,43.0,lrsw_sclora_r32_lr1e3,False,False,True,17.61094894968834,31.56677019254213,0.0826167184617343,0.0449613830889358,0.0953054293164774,0.2411478624116997,8.57
lrsw_sclora_r32_lr1e3_s44,lrsw,Llama-CS (lrsw),Llama-2-7B,cs,sweep,sclora,SC-LoRA,0.001,44.0,lrsw_sclora_r32_lr1e3,False,False,True,17.68428004489783,31.586901613468573,0.0835030609050351,0.0448517602680735,0.0952628879119692,0.2359574794666207,7.5
lrsw_sclora_r32_lr1e4_s42,lrsw,Llama-CS (lrsw),Llama-2-7B,cs,sweep,sclora,SC-LoRA,0.0001,42.0,lrsw_sclora_r32_lr1e4,False,False,True,8.845498951384558,31.28313445050756,0.113432632902345,0.0391445092102448,0.217174990442906,-0.0899094544059318,16.38
lrsw_sclora_r32_lr1e4_s43,lrsw,Llama-CS (lrsw),Llama-2-7B,cs,sweep,sclora,SC-LoRA,0.0001,43.0,lrsw_sclora_r32_lr1e4,False,False,True,11.24743406477629,36.115891873127616,0.0891466250261727,0.0380422949933291,0.1543410767629428,-0.3841551171252979,24.72
lrsw_sclora_r32_lr1e4_s44,lrsw,Llama-CS (lrsw),Llama-2-7B,cs,sweep,sclora,SC-LoRA,0.0001,44.0,lrsw_sclora_r32_lr1e4,False,False,True,11.180542423750422,36.08152641904839,0.0892836839475486,0.0378117564180861,0.1546793782326504,-0.3854191330025139,24.46
lrsw_sclora_r32_lr1e4_s45,lrsw,Llama-CS (lrsw),Llama-2-7B,cs,sweep,sclora,SC-LoRA,0.0001,45.0,lrsw_sclora_r32_lr1e4,False,False,True,11.23406905514883,36.10307802767583,0.0891764669253592,0.0379727753312163,0.1545596962757889,-0.3854191330025139,24.88
lrsw_sclora_r32_lr2e4_s42,lrsw,Llama-CS (lrsw),Llama-2-7B,cs,sweep,sclora,SC-LoRA,0.0002,42.0,lrsw_sclora_r32_lr2e4,False,False,True,11.223449171677087,32.929743120150825,0.1116034956883153,0.0403423413329647,0.2024525934948997,0.0577041315340296,10.22
lrsw_sclora_r32_lr2e4_s43,lrsw,Llama-CS (lrsw),Llama-2-7B,cs,sweep,sclora,SC-LoRA,0.0002,43.0,lrsw_sclora_r32_lr2e4,False,False,True,13.246059258416896,35.22307829805258,0.0863065976536225,0.0394127992225355,0.1397739864541111,-0.2173124317650336,20.8
lrsw_sclora_r32_lr2e4_s44,lrsw,Llama-CS (lrsw),Llama-2-7B,cs,sweep,sclora,SC-LoRA,0.0002,44.0,lrsw_sclora_r32_lr2e4,False,False,True,13.378671868441868,35.25052577847589,0.0865498529699966,0.039431065305671,0.1397601514641255,-0.2308443092856012,21.52
lrsw_sclora_r32_lr2e4_s45,lrsw,Llama-CS (lrsw),Llama-2-7B,cs,sweep,sclora,SC-LoRA,0.0002,45.0,lrsw_sclora_r32_lr2e4,False,False,True,13.33437307021989,35.23010499048647,0.0862310307003207,0.0394283811946171,0.1397974885472718,-0.2215593164287672,22.12
lrsw_sclora_r32_lr2e5_s42,lrsw,Llama-CS (lrsw),Llama-2-7B,cs,sweep,sclora,SC-LoRA,2e-05,42.0,lrsw_sclora_r32_lr2e5,False,False,True,5.1296608148800695,23.896541199274203,0.114031595500118,0.0381905201172219,0.2331316594997383,-0.4871822414351269,25.29
lrsw_sclora_r32_lr2e5_s43,lrsw,Llama-CS (lrsw),Llama-2-7B,cs,sweep,sclora,SC-LoRA,2e-05,43.0,lrsw_sclora_r32_lr2e5,False,False,True,7.535510787740742,31.59709532480699,0.0931623468784403,0.0366592287352865,0.170705426336057,-0.7796303675486055,26.98
lrsw_sclora_r32_lr2e5_s44,lrsw,Llama-CS (lrsw),Llama-2-7B,cs,sweep,sclora,SC-LoRA,2e-05,44.0,lrsw_sclora_r32_lr2e5,False,False,True,7.556897431981433,31.659363644701,0.0932478689919414,0.0365521218570369,0.1705200007426558,-0.7798919119599449,27.02
lrsw_sclora_r32_lr3e4_s42,lrsw,Llama-CS (lrsw),Llama-2-7B,cs,sweep,sclora,SC-LoRA,0.0003,42.0,lrsw_sclora_r32_lr3e4,False,False,True,12.51890095003458,33.02762724158688,0.1096264539869143,0.0412801405549176,0.1899296060092875,0.1498346967157849,9.38
lrsw_sclora_r32_lr3e4_s43,lrsw,Llama-CS (lrsw),Llama-2-7B,cs,sweep,sclora,SC-LoRA,0.0003,43.0,lrsw_sclora_r32_lr3e4,False,False,True,14.492807877013012,34.01773505015801,0.084164267495994,0.0405735694453923,0.1274613982593089,-0.1273776209747116,18.98
lrsw_sclora_r32_lr3e4_s44,lrsw,Llama-CS (lrsw),Llama-2-7B,cs,sweep,sclora,SC-LoRA,0.0003,44.0,lrsw_sclora_r32_lr3e4,False,False,True,14.555234503710505,34.036083062116674,0.0844140250491335,0.0406179533708274,0.127729538027249,-0.124071015077073,18.74
lrsw_sclora_r32_lr5e4_s42,lrsw,Llama-CS (lrsw),Llama-2-7B,cs,sweep,sclora,SC-LoRA,0.0005,42.0,lrsw_sclora_r32_lr5e4,False,False,True,14.16849062085145,33.06004447034645,0.1047055082571401,0.0428002754551302,0.1704358144904157,0.2605960423019088,3.6
lrsw_sclora_r32_lr5e4_s43,lrsw,Llama-CS (lrsw),Llama-2-7B,cs,sweep,sclora,SC-LoRA,0.0005,43.0,lrsw_sclora_r32_lr5e4,False,False,True,16.27473011483596,32.81386921860844,0.0812886958625384,0.0423255056151536,0.1111988606567664,0.0356698346516806,15.26
lrsw_sclora_r32_lr5e4_s44,lrsw,Llama-CS (lrsw),Llama-2-7B,cs,sweep,sclora,SC-LoRA,0.0005,44.0,lrsw_sclora_r32_lr5e4,False,False,True,16.239484130644442,32.70761983928388,0.0829653431306321,0.0422395754033869,0.1114072257865122,0.0226757619537274,15.2
lrsw_sclora_r32_lr5e4_s45,lrsw,Llama-CS (lrsw),Llama-2-7B,cs,sweep,sclora,SC-LoRA,0.0005,45.0,lrsw_sclora_r32_lr5e4,False,False,True,16.222531370029877,32.73361893122416,0.0819220991002725,0.0423771668446494,0.1113907976605157,0.0300327049361712,16.04
lrsw_sclora_r32_lr5e5_s42,lrsw,Llama-CS (lrsw),Llama-2-7B,cs,sweep,sclora,SC-LoRA,5e-05,42.0,lrsw_sclora_r32_lr5e5,False,False,True,6.705845446357446,28.071725521827712,0.1132225601321431,0.0384290327273708,0.2244296101169381,-0.2525881921135766,22.47
lrsw_sclora_r32_lr5e5_s43,lrsw,Llama-CS (lrsw),Llama-2-7B,cs,sweep,sclora,SC-LoRA,5e-05,43.0,lrsw_sclora_r32_lr5e5,False,False,True,9.1537278283852,34.435684016438024,0.0909641825022707,0.0369264268073195,0.1626187667308032,-0.543633966870957,25.56
lrsw_sclora_r32_lr5e5_s44,lrsw,Llama-CS (lrsw),Llama-2-7B,cs,sweep,sclora,SC-LoRA,5e-05,44.0,lrsw_sclora_r32_lr5e5,False,False,True,9.158684111201632,34.423558423665646,0.0910335332997984,0.0370273552505687,0.1626834497175711,-0.547293773488971,25.77
lrswm_clora_k1024_lr1e3_s42,lrswm,Llama-Math (lrswm),Llama-2-7B,math,sweep,clora,CLoRA,0.001,42.0,lrswm_clora_k1024_lr1e3,False,False,True,15.488632848217648,27.894541400352427,0.0600450191825431,0.046098876259143,0.0579045460467128,-0.0725269790047241,19.13
lrswm_clora_k1024_lr1e3_s43,lrswm,Llama-Math (lrswm),Llama-2-7B,math,sweep,clora,CLoRA,0.001,43.0,lrswm_clora_k1024_lr1e3,False,False,True,14.74962984773888,27.729038171261266,0.0598856484611123,0.0460135194074918,0.0579334206744121,-0.0648959788485504,19.49
lrswm_clora_k1024_lr1e3_s44,lrswm,Llama-Math (lrswm),Llama-2-7B,math,sweep,clora,CLoRA,0.001,44.0,lrswm_clora_k1024_lr1e3,False,False,True,15.43204968442647,27.918729149423417,0.0599912252178179,0.0461091096289387,0.0577351414992089,-0.0696623642622699,19.27
lrswm_clora_k1024_lr1e4_s42,lrswm,Llama-Math (lrswm),Llama-2-7B,math,sweep,clora,CLoRA,0.0001,42.0,lrswm_clora_k1024_lr1e4,False,False,True,4.441132109029395,15.731202246293458,0.0619972826710552,0.0540889632910758,0.0597924342913936,-0.6946486305533762,26.1
lrswm_clora_k1024_lr1e4_s43,lrswm,Llama-Math (lrswm),Llama-2-7B,math,sweep,clora,CLoRA,0.0001,43.0,lrswm_clora_k1024_lr1e4,False,False,True,4.416308990288094,15.748557489699184,0.0620456573815214,0.0542792417672118,0.0597048915605001,-0.6927179529666541,25.19
lrswm_clora_k1024_lr1e4_s44,lrswm,Llama-Math (lrswm),Llama-2-7B,math,sweep,clora,CLoRA,0.0001,44.0,lrswm_clora_k1024_lr1e4,False,False,True,4.405620463329548,15.765660921166242,0.0618389401945045,0.0542185401018671,0.0596563481272449,-0.6920762963881184,25.54
lrswm_clora_k1024_lr2e4_s42,lrswm,Llama-Math (lrswm),Llama-2-7B,math,sweep,clora,CLoRA,0.0002,42.0,lrswm_clora_k1024_lr2e4,False,False,True,6.07629557645839,19.92716116728594,0.0597117025790981,0.0504584894068811,0.0569507765124884,-0.6010189333418688,24.27
lrswm_clora_k1024_lr2e4_s43,lrswm,Llama-Math (lrswm),Llama-2-7B,math,sweep,clora,CLoRA,0.0002,43.0,lrswm_clora_k1024_lr2e4,False,False,True,6.054809380602115,19.98116788851002,0.05979583810519,0.0502725645301212,0.0570402717320472,-0.6013656754616079,24.02
lrswm_clora_k1024_lr2e4_s44,lrswm,Llama-Math (lrswm),Llama-2-7B,math,sweep,clora,CLoRA,0.0002,44.0,lrswm_clora_k1024_lr2e4,False,False,True,6.105864519758051,19.963542064559743,0.0597378120445816,0.0504079907667804,0.0569073454229618,-0.5998075114074239,24.44
lrswm_clora_k1024_lr2e5_s42,lrswm,Llama-Math (lrswm),Llama-2-7B,math,sweep,clora,CLoRA,2e-05,42.0,lrswm_clora_k1024_lr2e5,False,False,True,2.399548807727332,9.0699544651917,0.0581562546063232,0.0506050159986328,0.0667291764623975,-0.7106340484799682,26.15
lrswm_clora_k1024_lr2e5_s43,lrswm,Llama-Math (lrswm),Llama-2-7B,math,sweep,clora,CLoRA,2e-05,43.0,lrswm_clora_k1024_lr2e5,False,False,True,2.414174470804397,9.034331500526465,0.0586076934728606,0.0504362066916582,0.0666547591905636,-0.7162466166674735,25.64
lrswm_clora_k1024_lr2e5_s44,lrswm,Llama-Math (lrswm),Llama-2-7B,math,sweep,clora,CLoRA,2e-05,44.0,lrswm_clora_k1024_lr2e5,False,False,True,2.3978432946070773,9.015248808829371,0.058098785196586,0.0505222873240914,0.0666378565277511,-0.7108571640676669,25.45
lrswm_clora_k1024_lr3e4_s42,lrswm,Llama-Math (lrswm),Llama-2-7B,math,sweep,clora,CLoRA,0.0003,42.0,lrswm_clora_k1024_lr3e4,False,False,True,7.6141043285663965,22.34467748025249,0.0579657165748243,0.0488034305241366,0.0556753894688499,-0.4838614232829256,24.02
lrswm_clora_k1024_lr3e4_s43,lrswm,Llama-Math (lrswm),Llama-2-7B,math,sweep,clora,CLoRA,0.0003,43.0,lrswm_clora_k1024_lr3e4,False,False,True,7.529885113171816,22.352257939912768,0.0585337226199313,0.0487256377211377,0.0558859394697465,-0.4960731958064895,22.8
lrswm_clora_k1024_lr3e4_s44,lrswm,Llama-Math (lrswm),Llama-2-7B,math,sweep,clora,CLoRA,0.0003,44.0,lrswm_clora_k1024_lr3e4,False,False,True,7.678778506044547,22.501297616553604,0.0581296763107867,0.0487393071708517,0.05569301704169,-0.4975728800155673,23.76
lrswm_clora_k1024_lr5e4_s42,lrswm,Llama-Math (lrswm),Llama-2-7B,math,sweep,clora,CLoRA,0.0005,42.0,lrswm_clora_k1024_lr5e4,False,False,True,10.483988069438093,25.20338434899169,0.0573707927680215,0.0473174305434144,0.055246782670786,-0.3186682940308342,22.77
lrswm_clora_k1024_lr5e4_s43,lrswm,Llama-Math (lrswm),Llama-2-7B,math,sweep,clora,CLoRA,0.0005,43.0,lrswm_clora_k1024_lr5e4,False,False,True,10.392577014400011,25.12423830055186,0.0576079864479589,0.04727145601939,0.0553932372535146,-0.3009431454523322,21.85
lrswm_clora_k1024_lr5e4_s44,lrswm,Llama-Math (lrswm),Llama-2-7B,math,sweep,clora,CLoRA,0.0005,44.0,lrswm_clora_k1024_lr5e4,False,False,True,10.24609403578034,24.939093167762177,0.0575148613154062,0.0472369263394016,0.0552995824233085,-0.3043432400638097,22.34
lrswm_clora_k1024_lr5e5_s42,lrswm,Llama-Math (lrswm),Llama-2-7B,math,sweep,clora,CLoRA,5e-05,42.0,lrswm_clora_k1024_lr5e5,False,False,True,3.223923004861513,11.856344741847956,0.0611358340187594,0.0567386312854089,0.0630507389405693,-0.6751005029476866,25.56
lrswm_clora_k1024_lr5e5_s43,lrswm,Llama-Math (lrswm),Llama-2-7B,math,sweep,clora,CLoRA,5e-05,43.0,lrswm_clora_k1024_lr5e5,False,False,True,3.2467751451325224,11.852051657503305,0.0615108737877207,0.0568242252798522,0.0632561905048009,-0.6775739475940474,25.7
lrswm_clora_k1024_lr5e5_s44,lrswm,Llama-Math (lrswm),Llama-2-7B,math,sweep,clora,CLoRA,5e-05,44.0,lrswm_clora_k1024_lr5e5,False,False,True,3.2051559706315724,11.726815024699857,0.0613313835197046,0.0567414698657095,0.0631903658270925,-0.6681679555637513,25.31
lrswm_dora_r16_lr1e3_s42,lrswm,Llama-Math (lrswm),Llama-2-7B,math,sweep,dora,DoRA,0.001,42.0,lrswm_dora_r16_lr1e3,False,False,True,9.28986249182902,14.22206788855673,0.0949029153492561,0.0459590022108535,0.0867231200331242,0.3408801734136458,17.89
lrswm_dora_r16_lr1e3_s43,lrswm,Llama-Math (lrswm),Llama-2-7B,math,sweep,dora,DoRA,0.001,43.0,lrswm_dora_r16_lr1e3,False,False,True,9.201462605445368,14.219974035427745,0.0950850521621579,0.0456027381331415,0.0862491769152721,0.345608950540594,19.28
lrswm_dora_r16_lr1e3_s44,lrswm,Llama-Math (lrswm),Llama-2-7B,math,sweep,dora,DoRA,0.001,44.0,lrswm_dora_r16_lr1e3,False,False,True,9.152248495871028,14.178223224107276,0.0963819629434172,0.0458270211541707,0.0880339455461041,0.3641193003907618,18.51
lrswm_dora_r16_lr1e4_s42,lrswm,Llama-Math (lrswm),Llama-2-7B,math,sweep,dora,DoRA,0.0001,42.0,lrswm_dora_r16_lr1e4,False,False,True,2.5326535907989176,6.886125440893195,0.0681972331918618,0.0526232319938639,0.0703303140496021,-0.4960731958064895,25.08
lrswm_dora_r16_lr1e4_s43,lrswm,Llama-Math (lrswm),Llama-2-7B,math,sweep,dora,DoRA,0.0001,43.0,lrswm_dora_r16_lr1e4,False,False,True,2.576202707978664,6.952974749276355,0.0691389158216244,0.0522475071724233,0.0705936516567465,-0.4939010400715595,24.46
lrswm_dora_r16_lr1e4_s44,lrswm,Llama-Math (lrswm),Llama-2-7B,math,sweep,dora,DoRA,0.0001,44.0,lrswm_dora_r16_lr1e4,False,False,True,2.500017510823516,6.807988006621012,0.0685447021747817,0.0522618743286319,0.0704146339481483,-0.494850021680094,24.98
lrswm_dora_r16_lr2e4_s42,lrswm,Llama-Math (lrswm),Llama-2-7B,math,sweep,dora,DoRA,0.0002,42.0,lrswm_dora_r16_lr2e4,False,False,True,3.482865851458648,9.47375231227744,0.0666501290935253,0.04927033539228,0.0665270086407837,-0.422853015172475,24.34
lrswm_dora_r16_lr2e4_s43,lrswm,Llama-Math (lrswm),Llama-2-7B,math,sweep,dora,DoRA,0.0002,43.0,lrswm_dora_r16_lr2e4,False,False,True,3.5230668109246173,9.484978192028615,0.0669184583941354,0.0494604728440222,0.0668082586511778,-0.4089353929735008,23.99
lrswm_dora_r16_lr2e4_s44,lrswm,Llama-Math (lrswm),Llama-2-7B,math,sweep,dora,DoRA,0.0002,44.0,lrswm_dora_r16_lr2e4,False,False,True,3.539514643797553,9.516803603642666,0.0670951877399611,0.0496926545985994,0.0666452126807685,-0.422853015172475,24.24
lrswm_dora_r16_lr2e5_s42,lrswm,Llama-Math (lrswm),Llama-2-7B,math,sweep,dora,DoRA,2e-05,42.0,lrswm_dora_r16_lr2e5,False,False,True,1.2923299635100218,2.340622575285757,0.0591801964418367,0.0497920476138975,0.0862495002371706,-0.4858508655245626,25.18
lrswm_dora_r16_lr2e5_s43,lrswm,Llama-Math (lrswm),Llama-2-7B,math,sweep,dora,DoRA,2e-05,43.0,lrswm_dora_r16_lr2e5,False,False,True,1.3069564584383295,2.3728599760316262,0.0593871898483491,0.0498315215150452,0.0867416682791636,-0.4821445810699713,25.36
lrswm_dora_r16_lr2e5_s44,lrswm,Llama-Math (lrswm),Llama-2-7B,math,sweep,dora,DoRA,2e-05,44.0,lrswm_dora_r16_lr2e5,False,False,True,1.3067079734781148,2.355788320136356,0.0594668712558272,0.049695886538995,0.0864987740575612,-0.4736607226101559,25.42
lrswm_dora_r16_lr3e4_s42,lrswm,Llama-Math (lrswm),Llama-2-7B,math,sweep,dora,DoRA,0.0003,42.0,lrswm_dora_r16_lr3e4,False,False,True,4.439645895742562,11.167945305393538,0.0654234173369394,0.0483837325922657,0.0647571886425867,-0.3094495384896413,23.3
lrswm_dora_r16_lr3e4_s43,lrswm,Llama-Math (lrswm),Llama-2-7B,math,sweep,dora,DoRA,0.0003,43.0,lrswm_dora_r16_lr3e4,False,False,True,4.44614821897094,11.07445654983065,0.0654523075176544,0.0482765847041688,0.064952296058962,-0.279757981712943,23.22
lrswm_dora_r16_lr3e4_s44,lrswm,Llama-Math (lrswm),Llama-2-7B,math,sweep,dora,DoRA,0.0003,44.0,lrswm_dora_r16_lr3e4,False,False,True,4.475292315158634,11.157366149614342,0.0652245087221127,0.0482647905544731,0.0646887230935702,-0.280917426098514,23.09
lrswm_dora_r16_lr5e4_s42,lrswm,Llama-Math (lrswm),Llama-2-7B,math,sweep,dora,DoRA,0.0005,42.0,lrswm_dora_r16_lr5e4,False,False,True,6.252310262063599,13.006889347730668,0.0766432312461769,0.0463925098573355,0.0712457317778934,-0.030537492025363,21.66
lrswm_dora_r16_lr5e4_s43,lrswm,Llama-Math (lrswm),Llama-2-7B,math,sweep,dora,DoRA,0.0005,43.0,lrswm_dora_r16_lr5e4,False,False,True,6.312690719311741,13.160021234505384,0.0695094871997185,0.0469979946883819,0.0664034916887435,-0.0709900145060388,21.03
lrswm_dora_r16_lr5e4_s44,lrswm,Llama-Math (lrswm),Llama-2-7B,math,sweep,dora,DoRA,0.0005,44.0,lrswm_dora_r16_lr5e4,False,False,True,6.182236436175476,12.990312842354587,0.0719743284641855,0.046677242763589,0.069097771960891,-0.0511959540671887,21.36
lrswm_dora_r16_lr5e5_s42,lrswm,Llama-Math (lrswm),Llama-2-7B,math,sweep,dora,DoRA,5e-05,42.0,lrswm_dora_r16_lr5e5,False,False,True,1.8420305518304765,4.421956071907698,0.0653435522154764,0.0563916576101515,0.0766619222200667,-0.4735314875305225,25.92
lrswm_dora_r16_lr5e5_s43,lrswm,Llama-Math (lrswm),Llama-2-7B,math,sweep,dora,DoRA,5e-05,43.0,lrswm_dora_r16_lr5e5,False,False,True,1.866132795942874,4.430817409271952,0.0651973049355024,0.0557391631111253,0.0761368381859411,-0.4740486587519875,25.58
lrswm_dora_r16_lr5e5_s44,lrswm,Llama-Math (lrswm),Llama-2-7B,math,sweep,dora,DoRA,5e-05,44.0,lrswm_dora_r16_lr5e5,False,False,True,1.862572345352912,4.422830256304651,0.0645782633390786,0.0556668096575767,0.0762328832973376,-0.469288162018343,25.84
lrswm_lora_r16_lr1e3_s42,lrswm,Llama-Math (lrswm),Llama-2-7B,math,sweep,lora,LoRA,0.001,42.0,lrswm_lora_r16_lr1e3,False,False,True,10.381008993736664,15.030011084468194,0.0721140245734631,0.0449521838827792,0.0675160029941139,0.105442054801695,19.48
lrswm_lora_r16_lr1e3_s43,lrswm,Llama-Math (lrswm),Llama-2-7B,math,sweep,lora,LoRA,0.001,43.0,lrswm_lora_r16_lr1e3,False,False,True,10.510729064975054,15.062734117738964,0.0721941122277996,0.0451720036381569,0.0676196972804096,0.094541001456839,19.72
lrswm_lora_r16_lr1e3_s44,lrswm,Llama-Math (lrswm),Llama-2-7B,math,sweep,lora,LoRA,0.001,44.0,lrswm_lora_r16_lr1e3,False,False,True,10.453561493302168,15.064544150107697,0.071294109247058,0.0450657677623449,0.0672135808273081,0.111094410509336,19.08
lrswm_lora_r16_lr1e4_s42,lrswm,Llama-Math (lrswm),Llama-2-7B,math,sweep,lora,LoRA,0.0001,42.0,lrswm_lora_r16_lr1e4,False,False,True,2.4983827802929186,6.7796696738965645,0.0682299580749549,0.0526173594368727,0.0701494585620906,-0.4855850794196309,25.32
lrswm_lora_r16_lr1e4_s43,lrswm,Llama-Math (lrswm),Llama-2-7B,math,sweep,lora,LoRA,0.0001,43.0,lrswm_lora_r16_lr1e4,False,False,True,2.5407167011031087,6.869078554737866,0.0691643537706302,0.0521650024700634,0.0708066189604977,-0.4985299278995877,25.14
lrswm_lora_r16_lr1e4_s44,lrswm,Llama-Math (lrswm),Llama-2-7B,math,sweep,lora,LoRA,0.0001,44.0,lrswm_lora_r16_lr1e4,False,False,True,2.512966702380777,6.80653458149207,0.0687232276634482,0.0523510757001911,0.0704828195805795,-0.4970269409343685,25.06
lrswm_lora_r16_lr2e4_s42,lrswm,Llama-Math (lrswm),Llama-2-7B,math,sweep,lora,LoRA,0.0002,42.0,lrswm_lora_r16_lr2e4,False,False,True,3.490516292589847,9.48080399358965,0.0670340697210652,0.0495420089811292,0.0662976390668746,-0.4180503416266821,23.57
lrswm_lora_r16_lr2e4_s43,lrswm,Llama-Math (lrswm),Llama-2-7B,math,sweep,lora,LoRA,0.0002,43.0,lrswm_lora_r16_lr2e4,False,False,True,3.4078004800359807,9.26836949069123,0.0666873715928069,0.0495928817018278,0.0666253343604813,-0.402195157595707,24.64
lrswm_lora_r16_lr2e4_s44,lrswm,Llama-Math (lrswm),Llama-2-7B,math,sweep,lora,LoRA,0.0002,44.0,lrswm_lora_r16_lr2e4,False,False,True,3.5411991309790136,9.517961262464304,0.0671213623203357,0.0493770546299297,0.0666204028276954,-0.4242350194632806,24.3
lrswm_lora_r16_lr2e5_s42,lrswm,Llama-Math (lrswm),Llama-2-7B,math,sweep,lora,LoRA,2e-05,42.0,lrswm_lora_r16_lr2e5,False,False,True,1.3151479045550043,2.4023813317589497,0.0596176157303631,0.050716416198109,0.0859965465335078,-0.4803032328401469,26.07
lrswm_lora_r16_lr2e5_s43,lrswm,Llama-Math (lrswm),Llama-2-7B,math,sweep,lora,LoRA,2e-05,43.0,lrswm_lora_r16_lr2e5,False,False,True,1.330425918178994,2.425208319685763,0.0600670523089384,0.049802629508012,0.0862178930955527,-0.4788619162959637,26.02
lrswm_lora_r16_lr2e5_s44,lrswm,Llama-Math (lrswm),Llama-2-7B,math,sweep,lora,LoRA,2e-05,44.0,lrswm_lora_r16_lr2e5,False,False,True,1.3181541726989283,2.3833112974992243,0.0598318903456929,0.0506754839708519,0.0859929466799272,-0.4766437933452072,26.06
lrswm_lora_r16_lr3e4_s42,lrswm,Llama-Math (lrswm),Llama-2-7B,math,sweep,lora,LoRA,0.0003,42.0,lrswm_lora_r16_lr3e4,False,False,True,4.404876297006863,11.169757208486956,0.0646994379635869,0.0479767002836594,0.0647810142888098,-0.2843308575990098,22.86
lrswm_lora_r16_lr3e4_s43,lrswm,Llama-Math (lrswm),Llama-2-7B,math,sweep,lora,LoRA,0.0003,43.0,lrswm_lora_r16_lr3e4,False,False,True,4.571142087204912,11.327701828079356,0.0655384170546511,0.0483488131582973,0.065057786925407,-0.3016384339448902,23.71
lrswm_lora_r16_lr3e4_s44,lrswm,Llama-Math (lrswm),Llama-2-7B,math,sweep,lora,LoRA,0.0003,44.0,lrswm_lora_r16_lr3e4,False,False,True,4.626842358486581,11.38721889329529,0.065179483148594,0.0480727239134905,0.0648145665352307,-0.3087416418668887,23.88
lrswm_lora_r16_lr5e4_s42,lrswm,Llama-Math (lrswm),Llama-2-7B,math,sweep,lora,LoRA,0.0005,42.0,lrswm_lora_r16_lr5e4,False,False,True,6.4670104806142295,13.341852462098844,0.065363859329343,0.0468645951357817,0.0639222955217015,-0.1120452961911984,20.98
lrswm_lora_r16_lr5e4_s43,lrswm,Llama-Math (lrswm),Llama-2-7B,math,sweep,lora,LoRA,0.0005,43.0,lrswm_lora_r16_lr5e4,False,False,True,6.4311960983402665,13.240262071977352,0.0656622268114633,0.0464603265230666,0.0642419078828731,-0.1145256971708426,20.98
lrswm_lora_r16_lr5e4_s44,lrswm,Llama-Math (lrswm),Llama-2-7B,math,sweep,lora,LoRA,0.0005,44.0,lrswm_lora_r16_lr5e4,False,False,True,6.500181642060075,13.360186557436212,0.0656988046041994,0.0469123664051799,0.0640966151434918,-0.1138478180292033,21.3
lrswm_lora_r16_lr5e5_s42,lrswm,Llama-Math (lrswm),Llama-2-7B,math,sweep,lora,LoRA,5e-05,42.0,lrswm_lora_r16_lr5e5,False,False,True,1.8434109428967795,4.366754568215595,0.0656119299856244,0.0563881922109851,0.0764058482432578,-0.4497716469449059,24.89
lrswm_lora_r16_lr5e5_s43,lrswm,Llama-Math (lrswm),Llama-2-7B,math,sweep,lora,LoRA,5e-05,43.0,lrswm_lora_r16_lr5e5,False,False,True,1.868696201377129,4.391979910773557,0.0661080925814511,0.0562920063225303,0.076945122783179,-0.4446636720047332,25.82
lrswm_lora_r16_lr5e5_s44,lrswm,Llama-Math (lrswm),Llama-2-7B,math,sweep,lora,LoRA,5e-05,44.0,lrswm_lora_r16_lr5e5,False,False,True,1.87647284619768,4.4292454256132086,0.0657699390491525,0.056567048457255,0.076604315312753,-0.4450265416667601,25.51
lrswm_lorawd_wd0p3_lr1e3_s42,lrswm,Llama-Math (lrswm),Llama-2-7B,math,sweep,lorawd,LoRA+wd,0.001,42.0,lrswm_lorawd_wd0p3_lr1e3,False,False,True,13.86929765421961,27.073579690889773,0.0770515802342815,0.0460951343982029,0.0754390467213692,-0.2855864077128788,22.32
lrswm_lorawd_wd0p3_lr1e3_s43,lrswm,Llama-Math (lrswm),Llama-2-7B,math,sweep,lorawd,LoRA+wd,0.001,43.0,lrswm_lorawd_wd0p3_lr1e3,False,False,True,13.866040110105793,27.048878502191226,0.0764009200191029,0.0460866064724512,0.0753335396923426,-0.251424383069008,22.59
lrswm_lorawd_wd0p3_lr1e3_s44,lrswm,Llama-Math (lrswm),Llama-2-7B,math,sweep,lorawd,LoRA+wd,0.001,44.0,lrswm_lorawd_wd0p3_lr1e3,False,False,True,13.971291201044693,27.065108497149,0.0770405478752465,0.0460916781155858,0.0754770632815412,-0.2602694714352825,22.48
lrswm_lorawd_wd0p3_lr1e4_s42,lrswm,Llama-Math (lrswm),Llama-2-7B,math,sweep,lorawd,LoRA+wd,0.0001,42.0,lrswm_lorawd_wd0p3_lr1e4,False,False,True,3.3435788186248048,11.448869427677511,0.0704498064480291,0.0529610423677873,0.070907004082589,-0.5890541413122256,25.72
lrswm_lorawd_wd0p3_lr1e4_s43,lrswm,Llama-Math (lrswm),Llama-2-7B,math,sweep,lorawd,LoRA+wd,0.0001,43.0,lrswm_lorawd_wd0p3_lr1e4,False,False,True,3.293610342139341,11.323960374403384,0.069902873224953,0.053255992738684,0.0709600505925268,-0.5953372991262778,25.78
lrswm_lorawd_wd0p3_lr1e4_s44,lrswm,Llama-Math (lrswm),Llama-2-7B,math,sweep,lorawd,LoRA+wd,0.0001,44.0,lrswm_lorawd_wd0p3_lr1e4,False,False,True,3.364207904723253,11.498670631320293,0.0703598175750645,0.0525967349147978,0.0710364017651663,-0.5984271543235541,25.8
lrswm_lorawd_wd0p3_lr2e4_s42,lrswm,Llama-Math (lrswm),Llama-2-7B,math,sweep,lorawd,LoRA+wd,0.0002,42.0,lrswm_lorawd_wd0p3_lr2e4,False,False,True,4.940415817515192,16.06807424164007,0.0686335404859564,0.0505281484187477,0.0682276590418499,-0.5403060235220295,25.53
lrswm_lorawd_wd0p3_lr2e4_s43,lrswm,Llama-Math (lrswm),Llama-2-7B,math,sweep,lorawd,LoRA+wd,0.0002,43.0,lrswm_lorawd_wd0p3_lr2e4,False,False,True,4.65063941303373,15.630003378430924,0.0681769468516728,0.0503642303762369,0.0684615588441411,-0.5377517846450026,25.38
lrswm_lorawd_wd0p3_lr2e4_s44,lrswm,Llama-Math (lrswm),Llama-2-7B,math,sweep,lorawd,LoRA+wd,0.0002,44.0,lrswm_lorawd_wd0p3_lr2e4,False,False,True,4.92337137108761,16.12909331078001,0.0683775793106426,0.0502721580241569,0.0681637184499557,-0.5468346074741428,25.58
lrswm_lorawd_wd0p3_lr2e5_s42,lrswm,Llama-Math (lrswm),Llama-2-7B,math,sweep,lorawd,LoRA+wd,2e-05,42.0,lrswm_lorawd_wd0p3_lr2e5,False,False,True,1.586538516397214,3.91351419718079,0.0603635607663752,0.0529413954560741,0.0832741783185855,-0.4949857599158929,26.2
lrswm_lorawd_wd0p3_lr2e5_s43,lrswm,Llama-Math (lrswm),Llama-2-7B,math,sweep,lorawd,LoRA+wd,2e-05,43.0,lrswm_lorawd_wd0p3_lr2e5,False,False,True,1.5820889533879596,3.8729696030880647,0.0612119561703218,0.052296745540362,0.0838248287755704,-0.4847886956721981,26.4
lrswm_lorawd_wd0p3_lr2e5_s44,lrswm,Llama-Math (lrswm),Llama-2-7B,math,sweep,lorawd,LoRA+wd,2e-05,44.0,lrswm_lorawd_wd0p3_lr2e5,False,False,True,1.545867776868415,3.748213566623744,0.0610662004885479,0.0551653433791323,0.0836500150173108,-0.4735314875305225,25.98
lrswm_lorawd_wd0p3_lr3e4_s42,lrswm,Llama-Math (lrswm),Llama-2-7B,math,sweep,lorawd,LoRA+wd,0.0003,42.0,lrswm_lorawd_wd0p3_lr3e4,False,False,True,6.429593168391686,18.977261803943605,0.0680940107636635,0.0491095935046577,0.0681078347566108,-0.4446636720047332,24.43
lrswm_lorawd_wd0p3_lr3e4_s43,lrswm,Llama-Math (lrswm),Llama-2-7B,math,sweep,lorawd,LoRA+wd,0.0003,43.0,lrswm_lorawd_wd0p3_lr3e4,False,False,True,6.602396422670832,19.40036146919324,0.0686394064376202,0.0495068287721795,0.0680400308510362,-0.4606729364606249,25.28
lrswm_lorawd_wd0p3_lr3e4_s44,lrswm,Llama-Math (lrswm),Llama-2-7B,math,sweep,lorawd,LoRA+wd,0.0003,44.0,lrswm_lorawd_wd0p3_lr3e4,False,False,True,6.471775899730791,19.05775428666675,0.0686422779310765,0.0491902411023157,0.0688267722003937,-0.4540746706441572,24.92
lrswm_lorawd_wd0p3_lr5e4_s42,lrswm,Llama-Math (lrswm),Llama-2-7B,math,sweep,lorawd,LoRA+wd,0.0005,42.0,lrswm_lorawd_wd0p3_lr5e4,False,False,True,9.94384487700238,23.555861508311384,0.070545124627471,0.0478645838036822,0.0695333516878855,-0.3989182722159767,24.57
lrswm_lorawd_wd0p3_lr5e4_s43,lrswm,Llama-Math (lrswm),Llama-2-7B,math,sweep,lorawd,LoRA+wd,0.0005,43.0,lrswm_lorawd_wd0p3_lr5e4,False,False,True,9.82299715714525,23.621879566150685,0.0716094175590865,0.0476268811523833,0.0703978203121656,-0.3945872018469488,24.12
lrswm_lorawd_wd0p3_lr5e4_s44,lrswm,Llama-Math (lrswm),Llama-2-7B,math,sweep,lorawd,LoRA+wd,0.0005,44.0,lrswm_lorawd_wd0p3_lr5e4,False,False,True,9.934261723756704,23.61790093522752,0.0706099237549135,0.0478900661467094,0.0696606491482906,-0.3757179041643317,23.94
lrswm_lorawd_wd0p3_lr5e5_s42,lrswm,Llama-Math (lrswm),Llama-2-7B,math,sweep,lorawd,LoRA+wd,5e-05,42.0,lrswm_lorawd_wd0p3_lr5e5,False,False,True,2.392063230155561,7.61403199083084,0.0673303803005387,0.0563798062398068,0.0745861524279394,-0.5282683485199489,25.42
lrswm_lorawd_wd0p3_lr5e5_s43,lrswm,Llama-Math (lrswm),Llama-2-7B,math,sweep,lorawd,LoRA+wd,5e-05,43.0,lrswm_lorawd_wd0p3_lr5e5,False,False,True,2.414857117504018,7.66482219504596,0.0677396853149991,0.0553985154183478,0.0748717733499561,-0.5269511949114623,25.5
lrswm_lorawd_wd0p3_lr5e5_s44,lrswm,Llama-Math (lrswm),Llama-2-7B,math,sweep,lorawd,LoRA+wd,5e-05,44.0,lrswm_lorawd_wd0p3_lr5e5,False,False,True,2.440613737047055,7.65925888739361,0.0672561092593902,0.0550533040805292,0.0745284023585824,-0.5341711846425635,25.81
lrswm_milora_r32_lr1e3_s42,lrswm,Llama-Math (lrswm),Llama-2-7B,math,sweep,milora,MiLoRA,0.001,42.0,lrswm_milora_r32_lr1e3,False,False,True,13.701849154589016,25.916930101165757,0.0707803574157003,0.0529295854490873,0.0675500074823493,0.112068504268197,18.95
lrswm_milora_r32_lr1e3_s43,lrswm,Llama-Math (lrswm),Llama-2-7B,math,sweep,milora,MiLoRA,0.001,43.0,lrswm_milora_r32_lr1e3,False,False,True,14.430285339205204,26.36265509713539,0.0705559815151673,0.0523867450784413,0.0675834407466961,0.1093422696379732,17.94
lrswm_milora_r32_lr1e3_s44,lrswm,Llama-Math (lrswm),Llama-2-7B,math,sweep,milora,MiLoRA,0.001,44.0,lrswm_milora_r32_lr1e3,False,False,True,14.461796422525492,26.267218816331184,0.0711406569485478,0.0524310184054966,0.0681858222488964,0.1272020175903533,18.26
lrswm_milora_r32_lr1e4_s42,lrswm,Llama-Math (lrswm),Llama-2-7B,math,sweep,milora,MiLoRA,0.0001,42.0,lrswm_milora_r32_lr1e4,False,False,True,3.7574016733743374,12.219418068833708,0.0599705516772375,0.1886268010659284,0.0660390998986921,-0.5777385491863973,25.66
lrswm_milora_r32_lr1e4_s43,lrswm,Llama-Math (lrswm),Llama-2-7B,math,sweep,milora,MiLoRA,0.0001,43.0,lrswm_milora_r32_lr1e4,False,False,True,3.8209193613254953,12.34153749209356,0.0593434294401528,0.1899097825798365,0.0655662720144764,-0.5887170869826158,25.84
lrswm_milora_r32_lr1e4_s44,lrswm,Llama-Math (lrswm),Llama-2-7B,math,sweep,milora,MiLoRA,0.0001,44.0,lrswm_milora_r32_lr1e4,False,False,True,3.795298078802839,12.256991833930176,0.0597611079507727,0.1894442180166325,0.0659144400160412,-0.5872035712834566,25.72
lrswm_milora_r32_lr2e4_s42,lrswm,Llama-Math (lrswm),Llama-2-7B,math,sweep,milora,MiLoRA,0.0002,42.0,lrswm_milora_r32_lr2e4,False,False,True,4.553945283322551,13.979529025608254,0.0625321577891228,0.1284747540373683,0.0649529278286044,-0.4657199947949185,24.6
lrswm_milora_r32_lr2e4_s43,lrswm,Llama-Math (lrswm),Llama-2-7B,math,sweep,milora,MiLoRA,0.0002,43.0,lrswm_milora_r32_lr2e4,False,False,True,4.7113384989438005,14.12375251169372,0.0621955190814216,0.130048200947361,0.0646713937402055,-0.4925489390980302,24.84
lrswm_milora_r32_lr2e4_s44,lrswm,Llama-Math (lrswm),Llama-2-7B,math,sweep,milora,MiLoRA,0.0002,44.0,lrswm_milora_r32_lr2e4,False,False,True,4.528172832509279,13.910386067280092,0.0618139726812937,0.128629083686573,0.0648162984202555,-0.4801720062242812,24.92
lrswm_milora_r32_lr2e5_s42,lrswm,Llama-Math (lrswm),Llama-2-7B,math,sweep,milora,MiLoRA,2e-05,42.0,lrswm_milora_r32_lr2e5,False,False,True,2.7341177758537127,9.561545675923444,0.0500277289699006,0.2645207390441962,0.0762131635076396,-0.5663901566762818,25.35
lrswm_milora_r32_lr2e5_s43,lrswm,Llama-Math (lrswm),Llama-2-7B,math,sweep,milora,MiLoRA,2e-05,43.0,lrswm_milora_r32_lr2e5,False,False,True,2.741602229508846,9.566766409173274,0.0500979905295974,0.2646506672536213,0.0761967581238201,-0.5686362358410126,25.3
lrswm_milora_r32_lr2e5_s44,lrswm,Llama-Math (lrswm),Llama-2-7B,math,sweep,milora,MiLoRA,2e-05,44.0,lrswm_milora_r32_lr2e5,False,False,True,2.721596480494441,9.538934962363596,0.0499496758660019,0.2642650572004776,0.0759360815653474,-0.5643148620583701,25.68
lrswm_milora_r32_lr3e4_s42,lrswm,Llama-Math (lrswm),Llama-2-7B,math,sweep,milora,MiLoRA,0.0003,42.0,lrswm_milora_r32_lr3e4,False,False,True,5.494012585416949,15.774638560688246,0.062775208784624,0.1006710939366037,0.0639111113935125,-0.3298469548078198,24.16
lrswm_milora_r32_lr3e4_s43,lrswm,Llama-Math (lrswm),Llama-2-7B,math,sweep,milora,MiLoRA,0.0003,43.0,lrswm_milora_r32_lr3e4,False,False,True,5.40956264182469,15.771157743157188,0.0623994556670801,0.1010108494830881,0.0635833888697265,-0.3368646850422458,23.04
lrswm_milora_r32_lr3e4_s44,lrswm,Llama-Math (lrswm),Llama-2-7B,math,sweep,milora,MiLoRA,0.0003,44.0,lrswm_milora_r32_lr3e4,False,False,True,5.545168723255137,15.858023198533086,0.0631485830663324,0.1010049093941024,0.0637904638429617,-0.3540867249661558,23.96
lrswm_milora_r32_lr5e4_s42,lrswm,Llama-Math (lrswm),Llama-2-7B,math,sweep,milora,MiLoRA,0.0005,42.0,lrswm_milora_r32_lr5e4,False,False,True,7.979710186197146,19.526077989600083,0.0650802687477822,0.0736153570601459,0.0631183506631545,-0.1855526214775123,22.42
lrswm_milora_r32_lr5e4_s43,lrswm,Llama-Math (lrswm),Llama-2-7B,math,sweep,milora,MiLoRA,0.0005,43.0,lrswm_milora_r32_lr5e4,False,False,True,7.585901179232685,19.26783904507534,0.064447337343699,0.0735691516009203,0.0632445760329982,-0.1638025192210746,21.45
lrswm_milora_r32_lr5e4_s44,lrswm,Llama-Math (lrswm),Llama-2-7B,math,sweep,milora,MiLoRA,0.0005,44.0,lrswm_milora_r32_lr5e4,False,False,True,7.878754806101064,19.505891827311626,0.0647158045421727,0.0736147337293855,0.0632816273669257,-0.1572036048244198,21.71
lrswm_milora_r32_lr5e5_s42,lrswm,Llama-Math (lrswm),Llama-2-7B,math,sweep,milora,MiLoRA,5e-05,42.0,lrswm_milora_r32_lr5e5,False,False,True,3.088366612592336,10.86060956286047,0.0537192940072807,0.2432120786316437,0.0691222235504553,-0.544850478820172,25.24
lrswm_milora_r32_lr5e5_s43,lrswm,Llama-Math (lrswm),Llama-2-7B,math,sweep,milora,MiLoRA,5e-05,43.0,lrswm_milora_r32_lr5e5,False,False,True,3.103965854608639,10.875742172157436,0.053407075198864,0.2434853472664017,0.0689976152038061,-0.5477534254795628,25.94
lrswm_milora_r32_lr5e5_s44,lrswm,Llama-Math (lrswm),Llama-2-7B,math,sweep,milora,MiLoRA,5e-05,44.0,lrswm_milora_r32_lr5e5,False,False,True,3.0812328391034134,10.82764643710203,0.0541345954776874,0.2430367396744431,0.0693450495886925,-0.5483670525430092,25.4
lrswm_sclora_r32_lr1e3_s43,lrswm,Llama-Math (lrswm),Llama-2-7B,math,sweep,sclora,SC-LoRA,0.001,43.0,lrswm_sclora_r32_lr1e3,False,False,True,18.750554912572643,32.73088198043294,0.0939996332496728,0.0425838277530531,0.117868634895966,0.2151085810530932,12.5
lrswm_sclora_r32_lr1e3_s44,lrswm,Llama-Math (lrswm),Llama-2-7B,math,sweep,sclora,SC-LoRA,0.001,44.0,lrswm_sclora_r32_lr1e3,False,False,True,18.64499508483288,32.68856503453309,0.0944876742621693,0.0425361058051503,0.118274086750533,0.2218834917852404,6.76
lrswm_sclora_r32_lr1e4_s43,lrswm,Llama-Math (lrswm),Llama-2-7B,math,sweep,sclora,SC-LoRA,0.0001,43.0,lrswm_sclora_r32_lr1e4,False,False,True,11.474711538620328,35.54048223410675,0.1019996621292409,0.0374388451651419,0.1833856173062955,-0.4082677610481644,22.53
lrswm_sclora_r32_lr1e4_s44,lrswm,Llama-Math (lrswm),Llama-2-7B,math,sweep,sclora,SC-LoRA,0.0001,44.0,lrswm_sclora_r32_lr1e4,False,False,True,11.488432131846537,35.514900239031874,0.1018288035572983,0.0374685908331919,0.1832426171513543,-0.4081565887752155,22.81
lrswm_sclora_r32_lr2e4_s43,lrswm,Llama-Math (lrswm),Llama-2-7B,math,sweep,sclora,SC-LoRA,0.0002,43.0,lrswm_sclora_r32_lr2e4,False,False,True,13.180799576494264,35.93384146637608,0.1021904589793205,0.0388194560433156,0.174765273795233,-0.2562551214075387,19.87
lrswm_sclora_r32_lr2e4_s44,lrswm,Llama-Math (lrswm),Llama-2-7B,math,sweep,sclora,SC-LoRA,0.0002,44.0,lrswm_sclora_r32_lr2e4,False,False,True,13.15229031819888,35.913992244335,0.1022662372994928,0.0387055830176016,0.1749130590251932,-0.2639223629960542,20.74
lrswm_sclora_r32_lr2e5_s42,lrswm,Llama-Math (lrswm),Llama-2-7B,math,sweep,sclora,SC-LoRA,2e-05,42.0,lrswm_sclora_r32_lr2e5,False,False,True,7.102672268012344,28.16292193955089,0.1133082603379123,0.0385311922004113,0.2365978074155671,-0.54500278269054,23.94
lrswm_sclora_r32_lr2e5_s43,lrswm,Llama-Math (lrswm),Llama-2-7B,math,sweep,sclora,SC-LoRA,2e-05,43.0,lrswm_sclora_r32_lr2e5,False,False,True,9.046061049564631,32.85552203203711,0.1020896494742755,0.0364513801505886,0.1923089578975106,-0.7983298203534185,26.03
lrswm_sclora_r32_lr2e5_s44,lrswm,Llama-Math (lrswm),Llama-2-7B,math,sweep,sclora,SC-LoRA,2e-05,44.0,lrswm_sclora_r32_lr2e5,False,False,True,9.029931001496712,32.84542920629793,0.1019228727107155,0.0364692870488623,0.1921565921096982,-0.7969671129852894,25.81
lrswm_sclora_r32_lr3e4_s43,lrswm,Llama-Math (lrswm),Llama-2-7B,math,sweep,sclora,SC-LoRA,0.0003,43.0,lrswm_sclora_r32_lr3e4,False,False,True,14.17810991697944,35.39346241068319,0.1016993094017746,0.0397826880258692,0.1650782268610379,-0.1590787998012282,18.19
lrswm_sclora_r32_lr3e4_s44,lrswm,Llama-Math (lrswm),Llama-2-7B,math,sweep,sclora,SC-LoRA,0.0003,44.0,lrswm_sclora_r32_lr3e4,False,False,True,14.22603399155376,35.41790806095053,0.10133638810603,0.0396151801178341,0.1647582034596241,-0.1509493094304878,19.3
lrswm_sclora_r32_lr5e4_s43,lrswm,Llama-Math (lrswm),Llama-2-7B,math,sweep,sclora,SC-LoRA,0.0005,43.0,lrswm_sclora_r32_lr5e4,False,False,True,15.839117779715936,34.20449027764296,0.0990149103294379,0.040794071467254,0.1460461758206541,-0.021636852916117,18.01
lrswm_sclora_r32_lr5e4_s44,lrswm,Llama-Math (lrswm),Llama-2-7B,math,sweep,sclora,SC-LoRA,0.0005,44.0,lrswm_sclora_r32_lr5e4,False,False,True,15.833327264592828,34.20094899465894,0.0992546737209065,0.0409062693001676,0.1463638347754813,-0.0098832339320955,18.27
lrswm_sclora_r32_lr5e5_s43,lrswm,Llama-Math (lrswm),Llama-2-7B,math,sweep,sclora,SC-LoRA,5e-05,43.0,lrswm_sclora_r32_lr5e5,False,False,True,10.046533568738168,34.14068968916807,0.1012547460662253,0.0366485035860104,0.1867796675508479,-0.5696024086130332,24.24
lrswm_sclora_r32_lr5e5_s44,lrswm,Llama-Math (lrswm),Llama-2-7B,math,sweep,sclora,SC-LoRA,5e-05,44.0,lrswm_sclora_r32_lr5e5,False,False,True,10.013827690898886,34.126995958687175,0.1014514486104586,0.0367188616150416,0.1870306632259227,-0.5659103615821093,24.88
qwsw_clora_k1024_lr1e3_s42,qwsw,Qwen-CS (qwsw),Qwen-2.5-7B,cs,sweep,clora,CLoRA,0.001,42.0,qwsw_clora_k1024_lr1e3,False,False,True,17.904760869132453,29.74588499727545,0.0585929093498181,0.0446211083854896,0.051143557774033,-0.1646265475299912,7.9
qwsw_clora_k1024_lr1e3_s43,qwsw,Qwen-CS (qwsw),Qwen-2.5-7B,cs,sweep,clora,CLoRA,0.001,43.0,qwsw_clora_k1024_lr1e3,False,False,True,17.855980843572112,29.794342793492216,0.0581194252568687,0.0444688124558191,0.0504653925617606,-0.1666616110606023,14.82
qwsw_clora_k1024_lr1e3_s44,qwsw,Qwen-CS (qwsw),Qwen-2.5-7B,cs,sweep,clora,CLoRA,0.001,44.0,qwsw_clora_k1024_lr1e3,False,False,True,17.61768240694376,29.56917821730497,0.0599789475696203,0.0445348221510706,0.0520016287829339,-0.1583902878315645,6.32
qwsw_clora_k1024_lr1e4_s42,qwsw,Qwen-CS (qwsw),Qwen-2.5-7B,cs,sweep,clora,CLoRA,0.0001,42.0,qwsw_clora_k1024_lr1e4,False,False,True,4.920791218364266,17.303708516799983,0.0573858427500857,0.042888210318648,0.047261821877571,-0.8877302315827293,37.96
qwsw_clora_k1024_lr1e4_s43,qwsw,Qwen-CS (qwsw),Qwen-2.5-7B,cs,sweep,clora,CLoRA,0.0001,43.0,qwsw_clora_k1024_lr1e4,False,False,True,4.948289411355644,17.45589351601184,0.0575781638172965,0.0426351553741695,0.0470007459411901,-0.8975662943186637,39.64
qwsw_clora_k1024_lr1e4_s44,qwsw,Qwen-CS (qwsw),Qwen-2.5-7B,cs,sweep,clora,CLoRA,0.0001,44.0,qwsw_clora_k1024_lr1e4,False,False,True,4.94273015780751,17.515396583987133,0.057379375212975,0.042782622713963,0.0471415280414666,-0.8900841369762067,39.74
qwsw_clora_k1024_lr1e4_s45,qwsw,Qwen-CS (qwsw),Qwen-2.5-7B,cs,sweep,clora,CLoRA,0.0001,45.0,qwsw_clora_k1024_lr1e4,False,False,True,4.942222909513693,17.465669963336545,0.0579540520766786,0.0426791551296394,0.0472658089941183,-0.8914349762671656,40.72
qwsw_clora_k1024_lr2e4_s42,qwsw,Qwen-CS (qwsw),Qwen-2.5-7B,cs,sweep,clora,CLoRA,0.0002,42.0,qwsw_clora_k1024_lr2e4,False,False,True,8.301865229387104,23.15462522841678,0.0537977827528697,0.0429714718250911,0.04445991136428,-0.6759234202605136,38.92
qwsw_clora_k1024_lr2e4_s43,qwsw,Qwen-CS (qwsw),Qwen-2.5-7B,cs,sweep,clora,CLoRA,0.0002,43.0,qwsw_clora_k1024_lr2e4,False,False,True,8.333127814733704,23.180223797449496,0.054090076369458,0.0426062320162017,0.0446828625297474,-0.6683702823700677,39.89
qwsw_clora_k1024_lr2e4_s44,qwsw,Qwen-CS (qwsw),Qwen-2.5-7B,cs,sweep,clora,CLoRA,0.0002,44.0,qwsw_clora_k1024_lr2e4,False,False,True,8.283350975189316,23.190872375299485,0.0538797450726547,0.042975521983644,0.0445770979878208,-0.6655462488490691,38.82
qwsw_clora_k1024_lr2e4_s45,qwsw,Qwen-CS (qwsw),Qwen-2.5-7B,cs,sweep,clora,CLoRA,0.0002,45.0,qwsw_clora_k1024_lr2e4,False,False,True,8.283452986734977,23.136337707345835,0.0535739618038629,0.0428483666472194,0.0444631150797212,-0.6813107300522541,40.64
qwsw_clora_k1024_lr2e5_s42,qwsw,Qwen-CS (qwsw),Qwen-2.5-7B,cs,sweep,clora,CLoRA,2e-05,42.0,qwsw_clora_k1024_lr2e5,False,False,True,2.1335174148058638,7.261837403731004,0.0527909294440672,0.0390645545357199,0.051988879356181,-1.0726296369609765,37.44
qwsw_clora_k1024_lr2e5_s43,qwsw,Qwen-CS (qwsw),Qwen-2.5-7B,cs,sweep,clora,CLoRA,2e-05,43.0,qwsw_clora_k1024_lr2e5,False,False,True,2.1124575838614934,7.27012766137503,0.0528725178034377,0.0393322321117439,0.052008886536919,-1.079876673709276,37.9
qwsw_clora_k1024_lr2e5_s44,qwsw,Qwen-CS (qwsw),Qwen-2.5-7B,cs,sweep,clora,CLoRA,2e-05,44.0,qwsw_clora_k1024_lr2e5,False,False,True,2.0888905296955818,7.241086499717618,0.0524378083427558,0.0395185822432103,0.0519778264491232,-1.0767559813697234,37.45
qwsw_clora_k1024_lr3e4_s42,qwsw,Qwen-CS (qwsw),Qwen-2.5-7B,cs,sweep,clora,CLoRA,0.0003,42.0,qwsw_clora_k1024_lr3e4,False,False,True,11.09648074289596,25.984719747602643,0.051863640319718,0.0432068698459116,0.0433086687184747,-0.5428753736965912,36.65
qwsw_clora_k1024_lr3e4_s43,qwsw,Qwen-CS (qwsw),Qwen-2.5-7B,cs,sweep,clora,CLoRA,0.0003,43.0,qwsw_clora_k1024_lr3e4,False,False,True,11.036339930573842,25.816813251390787,0.0516564669535711,0.0430332987345745,0.0432085803955389,-0.5428753736965912,37.88
qwsw_clora_k1024_lr3e4_s44,qwsw,Qwen-CS (qwsw),Qwen-2.5-7B,cs,sweep,clora,CLoRA,0.0003,44.0,qwsw_clora_k1024_lr3e4,False,False,True,11.14147750502403,25.90962071443911,0.0520143297054186,0.0431008136756322,0.0435856637508737,-0.535212480354063,37.94
qwsw_clora_k1024_lr5e4_s42,qwsw,Qwen-CS (qwsw),Qwen-2.5-7B,cs,sweep,clora,CLoRA,0.0005,42.0,qwsw_clora_k1024_lr5e4,False,False,True,15.63122142240204,28.495808601242995,0.051264672764114,0.0437944209143733,0.0436406658945715,-0.3634118162701577,31.62
qwsw_clora_k1024_lr5e4_s43,qwsw,Qwen-CS (qwsw),Qwen-2.5-7B,cs,sweep,clora,CLoRA,0.0005,43.0,qwsw_clora_k1024_lr5e4,False,False,True,15.620233145237588,28.55817136185993,0.0512876214464691,0.0434482017921013,0.043435481749903,-0.3791355247348789,33.18
qwsw_clora_k1024_lr5e4_s44,qwsw,Qwen-CS (qwsw),Qwen-2.5-7B,cs,sweep,clora,CLoRA,0.0005,44.0,qwsw_clora_k1024_lr5e4,False,False,True,15.679290708845814,28.5549167208388,0.0508569868994123,0.0437743964627634,0.0432356622978295,-0.3651198592334737,32.98
qwsw_clora_k1024_lr5e5_s42,qwsw,Qwen-CS (qwsw),Qwen-2.5-7B,cs,sweep,clora,CLoRA,5e-05,42.0,qwsw_clora_k1024_lr5e5,False,False,True,3.1319881449726363,11.79259031084057,0.058329560319098,0.0419912195065025,0.0499454693832835,-1.0190880622231564,39.06
qwsw_clora_k1024_lr5e5_s43,qwsw,Qwen-CS (qwsw),Qwen-2.5-7B,cs,sweep,clora,CLoRA,5e-05,43.0,qwsw_clora_k1024_lr5e5,False,False,True,3.1610383010711205,11.768307511585322,0.0589223150959663,0.0420901310513103,0.0504695724862603,-1.0114410431213845,38.94
qwsw_clora_k1024_lr5e5_s44,qwsw,Qwen-CS (qwsw),Qwen-2.5-7B,cs,sweep,clora,CLoRA,5e-05,44.0,qwsw_clora_k1024_lr5e5,False,False,True,3.09763594511051,11.765983263462717,0.0582390011009728,0.0425649105553611,0.0497435880844192,-1.0181813928293364,39.34
qwsw_corda_r16_lr2e5_s42,qwsw,Qwen-CS (qwsw),Qwen-2.5-7B,cs,sweep,corda,CorDA (withheld),2e-05,42.0,qwsw_corda_r16_lr2e5,True,False,False,9.182609264583364,14.899699287432272,0.0637643418021146,0.0548651768212793,0.046250381302631,-0.6165437034752469,27.27
qwsw_corda_r16_lr2e5_s43,qwsw,Qwen-CS (qwsw),Qwen-2.5-7B,cs,sweep,corda,CorDA (withheld),2e-05,43.0,qwsw_corda_r16_lr2e5,True,False,False,5.897590752169155,11.383687262720454,0.0729254894572743,0.0750947080104622,0.0569993939658539,-1.0371573187987575,39.63
qwsw_corda_r16_lr2e5_s44,qwsw,Qwen-CS (qwsw),Qwen-2.5-7B,cs,sweep,corda,CorDA (withheld),2e-05,44.0,qwsw_corda_r16_lr2e5,True,False,False,5.9636133078427545,11.398820130184337,0.0726968700530158,0.0753327055550688,0.0569681945256257,-1.0404816230270018,39.84
qwsw_corda_r16_lr5e5_s43,qwsw,Qwen-CS (qwsw),Qwen-2.5-7B,cs,sweep,corda,CorDA (withheld),5e-05,43.0,qwsw_corda_r16_lr5e5,True,False,False,7.079127282944185,12.52385409395476,0.0699564357907849,0.0735812354756825,0.0559307803567099,-0.8972233851165586,38.78
qwsw_corda_r16_lr5e5_s44,qwsw,Qwen-CS (qwsw),Qwen-2.5-7B,cs,sweep,corda,CorDA (withheld),5e-05,44.0,qwsw_corda_r16_lr5e5,True,False,False,7.09696583835052,12.528431092594111,0.0696427994791629,0.0737956347588941,0.055776730505005,-0.9030899869919436,38.79
qwsw_dora_r16_lr1e3_s42,qwsw,Qwen-CS (qwsw),Qwen-2.5-7B,cs,sweep,dora,DoRA,0.001,42.0,qwsw_dora_r16_lr1e3,False,False,True,9.204194202099607,14.57329229277947,0.1283896258546019,0.1162671485172151,0.0865656189296543,0.0799044676667207,6.96
qwsw_dora_r16_lr1e3_s43,qwsw,Qwen-CS (qwsw),Qwen-2.5-7B,cs,sweep,dora,DoRA,0.001,43.0,qwsw_dora_r16_lr1e3,False,False,True,9.487070518117845,14.746209477749156,0.1241040484785329,0.118601411352879,0.0833850639880724,0.0525015634137808,16.65
qwsw_dora_r16_lr1e3_s44,qwsw,Qwen-CS (qwsw),Qwen-2.5-7B,cs,sweep,dora,DoRA,0.001,44.0,qwsw_dora_r16_lr1e3,False,False,True,9.474700431763928,14.703631516276124,0.1260391863222316,0.118656183577117,0.0852693170590791,0.0578942197245302,9.52
qwsw_dora_r16_lr1e4_s42,qwsw,Qwen-CS (qwsw),Qwen-2.5-7B,cs,sweep,dora,DoRA,0.0001,42.0,qwsw_dora_r16_lr1e4,False,False,True,3.109610741202512,8.581648486176606,0.1152576054690915,0.0917584701149657,0.0736299383532633,-0.7986028756795485,38.5
qwsw_dora_r16_lr2e4_s42,qwsw,Qwen-CS (qwsw),Qwen-2.5-7B,cs,sweep,dora,DoRA,0.0002,42.0,qwsw_dora_r16_lr2e4,False,False,True,4.829923292665884,11.648881724667602,0.1126613533505902,0.0923308149529699,0.0704808740591583,-0.5779028368682897,36.98
qwsw_dora_r16_lr2e4_s43,qwsw,Qwen-CS (qwsw),Qwen-2.5-7B,cs,sweep,dora,DoRA,0.0002,43.0,qwsw_dora_r16_lr2e4,False,False,True,4.82827069371459,11.698347510870288,0.1129038946161887,0.0920858106966001,0.0705414947265817,-0.5877074906769535,38.28
qwsw_dora_r16_lr2e4_s44,qwsw,Qwen-CS (qwsw),Qwen-2.5-7B,cs,sweep,dora,DoRA,0.0002,44.0,qwsw_dora_r16_lr2e4,False,False,True,4.832210794059017,11.678864358714788,0.113482825322579,0.0915511024050858,0.0703459382936983,-0.5870357280033373,38.88
qwsw_dora_r16_lr2e5_s42,qwsw,Qwen-CS (qwsw),Qwen-2.5-7B,cs,sweep,dora,DoRA,2e-05,42.0,qwsw_dora_r16_lr2e5,False,False,True,1.6039943000152417,3.560285359204591,0.1008212191342525,0.0893680584246734,0.0777850369884442,-0.964970717797632,37.67
qwsw_dora_r16_lr3e4_s42,qwsw,Qwen-CS (qwsw),Qwen-2.5-7B,cs,sweep,dora,DoRA,0.0003,42.0,qwsw_dora_r16_lr3e4,False,False,True,6.469886000094126,13.336622457401363,0.111560119183165,0.0932802740673971,0.0691534661350441,-0.4422522583585317,34.28
qwsw_dora_r16_lr5e4_s42,qwsw,Qwen-CS (qwsw),Qwen-2.5-7B,cs,sweep,dora,DoRA,0.0005,42.0,qwsw_dora_r16_lr5e4,False,False,True,8.947767989799205,14.7404336375563,0.1107171726695194,0.0983199654004167,0.0693806381621171,-0.2423003749122612,13.18
qwsw_dora_r16_lr5e4_s43,qwsw,Qwen-CS (qwsw),Qwen-2.5-7B,cs,sweep,dora,DoRA,0.0005,43.0,qwsw_dora_r16_lr5e4,False,False,True,8.883075621825315,14.583589377571425,0.1152158871165813,0.0975690827680346,0.071856109817562,-0.2392760278580483,24.64
qwsw_dora_r16_lr5e4_s44,qwsw,Qwen-CS (qwsw),Qwen-2.5-7B,cs,sweep,dora,DoRA,0.0005,44.0,qwsw_dora_r16_lr5e4,False,False,True,8.984847804966353,14.745393140061758,0.1114826230326592,0.0982092819643006,0.0692591209371321,-0.241315150117559,11.16
qwsw_dora_r16_lr5e5_s42,qwsw,Qwen-CS (qwsw),Qwen-2.5-7B,cs,sweep,dora,DoRA,5e-05,42.0,qwsw_dora_r16_lr5e5,False,False,True,2.2136739240956325,5.851657786310419,0.1121633877545433,0.0932609190459322,0.0754517105748923,-0.9219058495935892,38.39
qwsw_lora_null_r16_lr1e3_s42,qwsw,Qwen-CS (qwsw),Qwen-2.5-7B,cs,sweep,lora_null,LoRA-Null,0.001,42.0,qwsw_lora_null_r16_lr1e3,False,False,True,11.081476070467772,15.948971404403412,0.1211803111193484,0.0921152578192981,0.0741000949161259,-0.1631697135111211,12.2
qwsw_lora_null_r16_lr1e3_s43,qwsw,Qwen-CS (qwsw),Qwen-2.5-7B,cs,sweep,lora_null,LoRA-Null,0.001,43.0,qwsw_lora_null_r16_lr1e3,False,False,True,10.889708436986496,15.778278201985156,0.116893848693377,0.0912376217917717,0.074678998497988,-0.1782245328165365,9.56
qwsw_lora_null_r16_lr1e3_s44,qwsw,Qwen-CS (qwsw),Qwen-2.5-7B,cs,sweep,lora_null,LoRA-Null,0.001,44.0,qwsw_lora_null_r16_lr1e3,False,False,True,10.824546660828249,15.696490212102594,0.1161253196479266,0.0907518786666238,0.0747654139696531,-0.1467277759793167,6.92
qwsw_lora_null_r16_lr1e4_s42,qwsw,Qwen-CS (qwsw),Qwen-2.5-7B,cs,sweep,lora_null,LoRA-Null,0.0001,42.0,qwsw_lora_null_r16_lr1e4,False,False,True,6.775334164227591,17.59494464672322,0.1927562353234862,0.0630873565999228,0.1028479491814939,-0.8814046347762381,37.64
qwsw_lora_null_r16_lr1e4_s43,qwsw,Qwen-CS (qwsw),Qwen-2.5-7B,cs,sweep,lora_null,LoRA-Null,0.0001,43.0,qwsw_lora_null_r16_lr1e4,False,False,True,5.754256930658467,14.991979158845805,0.1881267584164105,0.073596818858297,0.1067689869970591,-0.8914349762671656,40.51
qwsw_lora_null_r16_lr1e4_s44,qwsw,Qwen-CS (qwsw),Qwen-2.5-7B,cs,sweep,lora_null,LoRA-Null,0.0001,44.0,qwsw_lora_null_r16_lr1e4,False,False,True,5.731823430525737,14.924971179186398,0.1871614661479859,0.0742423710116241,0.1068862832863921,-0.8877302315827293,40.64
qwsw_lora_null_r16_lr2e4_s42,qwsw,Qwen-CS (qwsw),Qwen-2.5-7B,cs,sweep,lora_null,LoRA-Null,0.0002,42.0,qwsw_lora_null_r16_lr2e4,False,False,True,8.088968831908744,17.005242916404047,0.1661764286416363,0.0694055630455117,0.0899459975333936,-0.66334017654558,38.43
qwsw_lora_null_r16_lr2e4_s43,qwsw,Qwen-CS (qwsw),Qwen-2.5-7B,cs,sweep,lora_null,LoRA-Null,0.0002,43.0,qwsw_lora_null_r16_lr2e4,False,False,True,6.821793659997519,15.25041161354666,0.1611540733344647,0.0765614842089772,0.0925035918695428,-0.7057542838618818,39.72
qwsw_lora_null_r16_lr2e4_s44,qwsw,Qwen-CS (qwsw),Qwen-2.5-7B,cs,sweep,lora_null,LoRA-Null,0.0002,44.0,qwsw_lora_null_r16_lr2e4,False,False,True,6.767534681418331,15.16032458541988,0.1609806469278831,0.07611690042793,0.0925316091288064,-0.7035542057936037,38.69
qwsw_lora_null_r16_lr2e5_s42,qwsw,Qwen-CS (qwsw),Qwen-2.5-7B,cs,sweep,lora_null,LoRA-Null,2e-05,42.0,qwsw_lora_null_r16_lr2e5,False,False,True,5.449329641021622,17.0567388461676,0.21761139902919,0.0590975433789666,0.1256185841285931,-1.1255181823005336,38.83
qwsw_lora_null_r16_lr2e5_s43,qwsw,Qwen-CS (qwsw),Qwen-2.5-7B,cs,sweep,lora_null,LoRA-Null,2e-05,43.0,qwsw_lora_null_r16_lr2e5,False,False,True,4.710517734587969,13.700706641132586,0.2109272154139314,0.0784566945694949,0.1295083193443511,-1.0958256317158366,39.9
qwsw_lora_null_r16_lr2e5_s44,qwsw,Qwen-CS (qwsw),Qwen-2.5-7B,cs,sweep,lora_null,LoRA-Null,2e-05,44.0,qwsw_lora_null_r16_lr2e5,False,False,True,4.706519043969755,13.727671607775536,0.2109641508602485,0.0784177623316688,0.1295975522760197,-1.0958256317158366,39.67
qwsw_lora_null_r16_lr3e4_s42,qwsw,Qwen-CS (qwsw),Qwen-2.5-7B,cs,sweep,lora_null,LoRA-Null,0.0003,42.0,qwsw_lora_null_r16_lr3e4,False,False,True,8.987825199660586,16.55835346884306,0.149770678143241,0.0756889562276491,0.0827730426794587,-0.5241835869686818,37.96
qwsw_lora_null_r16_lr3e4_s43,qwsw,Qwen-CS (qwsw),Qwen-2.5-7B,cs,sweep,lora_null,LoRA-Null,0.0003,43.0,qwsw_lora_null_r16_lr3e4,False,False,True,7.7720373816937345,15.329497642641552,0.143724193539005,0.0799024154220275,0.0842248947265527,-0.5715412264844199,38.18
qwsw_lora_null_r16_lr3e4_s44,qwsw,Qwen-CS (qwsw),Qwen-2.5-7B,cs,sweep,lora_null,LoRA-Null,0.0003,44.0,qwsw_lora_null_r16_lr3e4,False,False,True,7.68743482071513,15.315673748071642,0.1440014335366531,0.0797853834100066,0.084382541536721,-0.5697636465884895,37.7
qwsw_lora_null_r16_lr5e4_s42,qwsw,Qwen-CS (qwsw),Qwen-2.5-7B,cs,sweep,lora_null,LoRA-Null,0.0005,42.0,qwsw_lora_null_r16_lr5e4,False,False,True,10.110991271136312,16.18161412121317,0.1317700511375944,0.0843237424470783,0.0760982942563959,-0.3773715738706749,34.17
qwsw_lora_null_r16_lr5e4_s43,qwsw,Qwen-CS (qwsw),Qwen-2.5-7B,cs,sweep,lora_null,LoRA-Null,0.0005,43.0,qwsw_lora_null_r16_lr5e4,False,False,False,9.267248032495653,15.55047029393318,0.1264917609009663,0.0857456986513547,0.0766231167772476,-0.3858412904908249,33.51
qwsw_lora_null_r16_lr5e4_s44,qwsw,Qwen-CS (qwsw),Qwen-2.5-7B,cs,sweep,lora_null,LoRA-Null,0.0005,44.0,qwsw_lora_null_r16_lr5e4,False,False,True,9.22122650968839,15.524068135875773,0.1273863900886215,0.0856097586541771,0.0770102999662896,-0.3692671071828035,16.66
qwsw_lora_null_r16_lr5e5_s42,qwsw,Qwen-CS (qwsw),Qwen-2.5-7B,cs,sweep,lora_null,LoRA-Null,5e-05,42.0,qwsw_lora_null_r16_lr5e5,False,False,True,5.9989485294984615,17.51742273275618,0.2095441150362248,0.0605899299515961,0.1143192405575107,-0.9884295564027218,38.12
qwsw_lora_null_r16_lr5e5_s43,qwsw,Qwen-CS (qwsw),Qwen-2.5-7B,cs,sweep,lora_null,LoRA-Null,5e-05,43.0,qwsw_lora_null_r16_lr5e5,False,False,True,5.167038284196114,14.338629107341353,0.2024764877687165,0.0753475609366373,0.1178421329190949,-0.9677842967020184,39.73
qwsw_lora_null_r16_lr5e5_s44,qwsw,Qwen-CS (qwsw),Qwen-2.5-7B,cs,sweep,lora_null,LoRA-Null,5e-05,44.0,qwsw_lora_null_r16_lr5e5,False,False,True,5.177384177832467,14.35988312828288,0.2025888475367261,0.0752692193609959,0.1177424489752319,-0.971022294791222,38.94
qwsw_lora_null_r16_lr7e5_s42,qwsw,Qwen-CS (qwsw),Qwen-2.5-7B,cs,sweep,lora_null,LoRA-Null,7e-05,42.0,qwsw_lora_null_r16_lr7e5,False,False,True,5.378805089928913,14.58900976721834,0.1963594659766415,0.0744178343815371,0.1125850236855133,-0.9370421659154896,40.03
qwsw_lora_r16_lr15e5_s42,qwsw,Qwen-CS (qwsw),Qwen-2.5-7B,cs,sweep,lora,LoRA,0.00015,42.0,qwsw_lora_r16_lr15e5,False,False,True,3.9668168854792394,10.341070752611484,0.114894793863543,0.0906638875157729,0.0721746003720399,-0.678608721688311,38.39
qwsw_lora_r16_lr1e3_s42,qwsw,Qwen-CS (qwsw),Qwen-2.5-7B,cs,sweep,lora,LoRA,0.001,42.0,qwsw_lora_r16_lr1e3,False,False,True,10.604652008964775,15.350338414828997,0.1210741878097317,0.0942448279143025,0.0757963768733015,-0.0839147001562972,7.28
qwsw_lora_r16_lr1e3_s43,qwsw,Qwen-CS (qwsw),Qwen-2.5-7B,cs,sweep,lora,LoRA,0.001,43.0,qwsw_lora_r16_lr1e3,False,False,True,10.6337517118071,15.367823156525573,0.1204956135152695,0.0942758091967709,0.0759091677189519,-0.0853924322289194,6.38
qwsw_lora_r16_lr1e3_s44,qwsw,Qwen-CS (qwsw),Qwen-2.5-7B,cs,sweep,lora,LoRA,0.001,44.0,qwsw_lora_r16_lr1e3,False,False,True,10.371544241103877,15.27382046731722,0.121094786628238,0.0927909371483842,0.0783889931967076,-0.0650472921821419,6.02
qwsw_lora_r16_lr1e4_s42,qwsw,Qwen-CS (qwsw),Qwen-2.5-7B,cs,sweep,lora,LoRA,0.0001,42.0,qwsw_lora_r16_lr1e4,False,False,True,3.122489528485888,8.534703687477002,0.1157462507352042,0.0917150889192008,0.0736853962669266,-0.7934439559009705,38.55
qwsw_lora_r16_lr1e4_s43,qwsw,Qwen-CS (qwsw),Qwen-2.5-7B,cs,sweep,lora,LoRA,0.0001,43.0,qwsw_lora_r16_lr1e4,False,False,True,3.122099797305844,8.603481909062632,0.1161788577608115,0.0916235128692211,0.0739642016429385,-0.7975116829399065,38.56
qwsw_lora_r16_lr1e4_s44,qwsw,Qwen-CS (qwsw),Qwen-2.5-7B,cs,sweep,lora,LoRA,0.0001,44.0,qwsw_lora_r16_lr1e4,False,False,True,3.095148166041992,8.588560047607416,0.1154598281840191,0.0916793481197878,0.0739128954069403,-0.7926349625309281,37.77
qwsw_lora_r16_lr2e4_s42,qwsw,Qwen-CS (qwsw),Qwen-2.5-7B,cs,sweep,lora,LoRA,0.0002,42.0,qwsw_lora_r16_lr2e4,False,False,True,4.827059264908628,11.714989627787077,0.1133720358970169,0.0911711339773088,0.0704238867790573,-0.5807052782465395,37.67
qwsw_lora_r16_lr2e4_s43,qwsw,Qwen-CS (qwsw),Qwen-2.5-7B,cs,sweep,lora,LoRA,0.0002,43.0,qwsw_lora_r16_lr2e4,False,False,True,4.831212247838587,11.699684827755544,0.1129155777478887,0.0916550880888837,0.0703071844359464,-0.5783960731301689,38.21
qwsw_lora_r16_lr2e4_s44,qwsw,Qwen-CS (qwsw),Qwen-2.5-7B,cs,sweep,lora,LoRA,0.0002,44.0,qwsw_lora_r16_lr2e4,False,False,True,4.851452363377034,11.688468272182538,0.1129684806928657,0.0914044354475513,0.0702064452663289,-0.5746288335610588,39.33
qwsw_lora_r16_lr2e5_s42,qwsw,Qwen-CS (qwsw),Qwen-2.5-7B,cs,sweep,lora,LoRA,2e-05,42.0,qwsw_lora_r16_lr2e5,False,False,True,1.5639919201680343,3.4195177923406805,0.1014785218111334,0.0885857697387471,0.0785329564995846,-0.9601894458516496,38.12
qwsw_lora_r16_lr2e5_s43,qwsw,Qwen-CS (qwsw),Qwen-2.5-7B,cs,sweep,lora,LoRA,2e-05,43.0,qwsw_lora_r16_lr2e5,False,False,True,1.5839722175970927,3.504076789760106,0.1012595294061025,0.0890405546784896,0.0783396023965225,-0.9669785553170892,38.38
qwsw_lora_r16_lr2e5_s44,qwsw,Qwen-CS (qwsw),Qwen-2.5-7B,cs,sweep,lora,LoRA,2e-05,44.0,qwsw_lora_r16_lr2e5,False,False,True,1.6014135152337914,3.550881727640706,0.1011579267864293,0.0895024106699555,0.0777345274351367,-0.9661743060466896,38.94
qwsw_lora_r16_lr3e4_s42,qwsw,Qwen-CS (qwsw),Qwen-2.5-7B,cs,sweep,lora,LoRA,0.0003,42.0,qwsw_lora_r16_lr3e4,False,False,True,6.521446122771142,13.410679764242596,0.1120785525561307,0.0921502544930363,0.0690877846378027,-0.4470885497834911,33.54
qwsw_lora_r16_lr3e4_s43,qwsw,Qwen-CS (qwsw),Qwen-2.5-7B,cs,sweep,lora,LoRA,0.0003,43.0,qwsw_lora_r16_lr3e4,False,False,True,6.486376220568377,13.425288388452564,0.1119002326777779,0.0923080254965491,0.0689487670153863,-0.4404524444195656,36.06
qwsw_lora_r16_lr3e4_s44,qwsw,Qwen-CS (qwsw),Qwen-2.5-7B,cs,sweep,lora,LoRA,0.0003,44.0,qwsw_lora_r16_lr3e4,False,False,True,6.5183500379086805,13.453411224606016,0.1116935691554634,0.0925484241104175,0.0687853225957276,-0.4249276742861875,34.94
qwsw_lora_r16_lr5e4_s42,qwsw,Qwen-CS (qwsw),Qwen-2.5-7B,cs,sweep,lora,LoRA,0.0005,42.0,qwsw_lora_r16_lr5e4,False,False,True,9.281711478507653,14.873716390287218,0.1124111185611315,0.0938365602206596,0.069402859135014,-0.2784366816425191,14.52
qwsw_lora_r16_lr5e4_s43,qwsw,Qwen-CS (qwsw),Qwen-2.5-7B,cs,sweep,lora,LoRA,0.0005,43.0,qwsw_lora_r16_lr5e4,False,False,True,9.2964142173438,14.859521691903742,0.1132698652513101,0.093495230903612,0.0695858562632202,-0.2767085535224161,15.4
qwsw_lora_r16_lr5e4_s44,qwsw,Qwen-CS (qwsw),Qwen-2.5-7B,cs,sweep,lora,LoRA,0.0005,44.0,qwsw_lora_r16_lr5e4,False,False,True,9.32372841857751,14.86469129267462,0.1140730509107386,0.0931891480031646,0.070237849267716,-0.2624893093265238,8.0
qwsw_lora_r16_lr5e5_s42,qwsw,Qwen-CS (qwsw),Qwen-2.5-7B,cs,sweep,lora,LoRA,5e-05,42.0,qwsw_lora_r16_lr5e5,False,False,True,2.1871134227705724,5.774892894975349,0.1118779712230811,0.0929020129724513,0.0754164109067921,-0.9118639112994488,37.22
qwsw_lora_r16_lr5e5_s43,qwsw,Qwen-CS (qwsw),Qwen-2.5-7B,cs,sweep,lora,LoRA,5e-05,43.0,qwsw_lora_r16_lr5e5,False,False,True,2.180004390282014,5.746741173313175,0.1125079130436397,0.0927380898197782,0.0767821299042053,-0.9108016331948512,38.93
qwsw_lora_r16_lr5e5_s44,qwsw,Qwen-CS (qwsw),Qwen-2.5-7B,cs,sweep,lora,LoRA,5e-05,44.0,qwsw_lora_r16_lr5e5,False,False,True,2.1809056989336715,5.725678418597515,0.111404695572137,0.0925619364539468,0.0752696530522664,-0.9143527117031436,37.7
qwsw_lora_r16_lr7e5_s42,qwsw,Qwen-CS (qwsw),Qwen-2.5-7B,cs,sweep,lora,LoRA,7e-05,42.0,qwsw_lora_r16_lr7e5,False,False,True,2.6033089608376514,7.12035488568994,0.1148272356717577,0.0919742096347589,0.0746808316059017,-0.8690233083943829,36.38
qwsw_lorawd_wd0p3_lr15e5_s42,qwsw,Qwen-CS (qwsw),Qwen-2.5-7B,cs,sweep,lorawd,LoRA+wd,0.00015,42.0,qwsw_lorawd_wd0p3_lr15e5,False,False,True,5.466366772650895,17.396090869790317,0.1155877011588892,0.0920812013763374,0.0736137199598025,-0.7793689805519078,41.03
qwsw_lorawd_wd0p3_lr1e3_s42,qwsw,Qwen-CS (qwsw),Qwen-2.5-7B,cs,sweep,lorawd,LoRA+wd,0.001,42.0,qwsw_lorawd_wd0p3_lr1e3,False,False,True,12.621024201606328,26.893929627727896,0.1143330437136386,0.0884742654687689,0.0732029135509961,-0.5500590112266623,37.21
qwsw_lorawd_wd0p3_lr1e3_s43,qwsw,Qwen-CS (qwsw),Qwen-2.5-7B,cs,sweep,lorawd,LoRA+wd,0.001,43.0,qwsw_lorawd_wd0p3_lr1e3,False,False,True,12.855735015599224,27.100979192328,0.1139653399793029,0.0890748462588147,0.0731361796813532,-0.549442990581671,39.1
qwsw_lorawd_wd0p3_lr1e3_s44,qwsw,Qwen-CS (qwsw),Qwen-2.5-7B,cs,sweep,lorawd,LoRA+wd,0.001,44.0,qwsw_lorawd_wd0p3_lr1e3,False,True,True,1.1000566074241758,1.3299674218834998,0.1663633627372724,0.1863403291975925,0.0990272454681637,1.156349220829561,0.0
qwsw_lorawd_wd0p3_lr1e4_s42,qwsw,Qwen-CS (qwsw),Qwen-2.5-7B,cs,sweep,lorawd,LoRA+wd,0.0001,42.0,qwsw_lorawd_wd0p3_lr1e4,False,False,True,4.173905354622653,14.28141238349045,0.1168228902113532,0.0922882352345868,0.0749055742905494,-0.8623294627632448,41.01
qwsw_lorawd_wd0p3_lr1e4_s43,qwsw,Qwen-CS (qwsw),Qwen-2.5-7B,cs,sweep,lorawd,LoRA+wd,0.0001,43.0,qwsw_lorawd_wd0p3_lr1e4,False,False,True,4.25621852023316,14.405590751421244,0.1170764997787873,0.0918588017951318,0.0743475999861828,-0.878440155812499,40.49
qwsw_lorawd_wd0p3_lr1e4_s44,qwsw,Qwen-CS (qwsw),Qwen-2.5-7B,cs,sweep,lorawd,LoRA+wd,0.0001,44.0,qwsw_lorawd_wd0p3_lr1e4,False,False,True,4.1189178639143895,14.264557980759545,0.1165648020097441,0.0924889744167238,0.0746430398097094,-0.8591778198906894,40.61
qwsw_lorawd_wd0p3_lr2e4_s42,qwsw,Qwen-CS (qwsw),Qwen-2.5-7B,cs,sweep,lorawd,LoRA+wd,0.0002,42.0,qwsw_lorawd_wd0p3_lr2e4,False,False,True,6.909203475854922,19.98648296160179,0.1168293297922607,0.0911878006971369,0.0731613353627501,-0.7274622226247627,40.66
qwsw_lorawd_wd0p3_lr2e4_s43,qwsw,Qwen-CS (qwsw),Qwen-2.5-7B,cs,sweep,lorawd,LoRA+wd,0.0002,43.0,qwsw_lorawd_wd0p3_lr2e4,False,False,True,6.863909986468262,19.88616657144918,0.1157779808477641,0.0915454967359775,0.0730368505917238,-0.7408841558149337,39.76
qwsw_lorawd_wd0p3_lr2e4_s44,qwsw,Qwen-CS (qwsw),Qwen-2.5-7B,cs,sweep,lorawd,LoRA+wd,0.0002,44.0,qwsw_lorawd_wd0p3_lr2e4,False,False,True,6.793997807212532,19.904135020016977,0.115464758277221,0.0917559313355985,0.0737147566708971,-0.7276941555979136,40.58
qwsw_lorawd_wd0p3_lr2e5_s42,qwsw,Qwen-CS (qwsw),Qwen-2.5-7B,cs,sweep,lorawd,LoRA+wd,2e-05,42.0,qwsw_lorawd_wd0p3_lr2e5,False,False,True,1.9461029780784704,5.763737789337206,0.1031907019354355,0.0905404317971775,0.0762493596451007,-0.9995659225206814,38.67
qwsw_lorawd_wd0p3_lr2e5_s43,qwsw,Qwen-CS (qwsw),Qwen-2.5-7B,cs,sweep,lorawd,LoRA+wd,2e-05,43.0,qwsw_lorawd_wd0p3_lr2e5,False,False,True,1.941423915957076,5.753571557644255,0.102996251409727,0.0898707568437683,0.0767717500690602,-0.9943905546397196,38.69
qwsw_lorawd_wd0p3_lr2e5_s44,qwsw,Qwen-CS (qwsw),Qwen-2.5-7B,cs,sweep,lorawd,LoRA+wd,2e-05,44.0,qwsw_lorawd_wd0p3_lr2e5,False,False,True,1.9457520116416973,5.796604076050679,0.1032887346469872,0.0900919497376306,0.07630662003106,-0.9991322784687732,38.56
qwsw_lorawd_wd0p3_lr3e4_s42,qwsw,Qwen-CS (qwsw),Qwen-2.5-7B,cs,sweep,lorawd,LoRA+wd,0.0003,42.0,qwsw_lorawd_wd0p3_lr3e4,False,False,True,9.66921516968184,23.503059569254905,0.1151204978226868,0.0912686155917616,0.072551640134365,-0.671416550285798,41.1
qwsw_lorawd_wd0p3_lr3e4_s43,qwsw,Qwen-CS (qwsw),Qwen-2.5-7B,cs,sweep,lorawd,LoRA+wd,0.0003,43.0,qwsw_lorawd_wd0p3_lr3e4,False,False,True,9.639109061127384,23.5856532056216,0.1153131666587965,0.0910271168357523,0.0724665481364738,-0.6784015695346561,41.44
qwsw_lorawd_wd0p3_lr3e4_s44,qwsw,Qwen-CS (qwsw),Qwen-2.5-7B,cs,sweep,lorawd,LoRA+wd,0.0003,44.0,qwsw_lorawd_wd0p3_lr3e4,False,False,True,9.739487627011204,23.615812404094317,0.114678313774219,0.0911071649406152,0.0719682856452097,-0.6748950170285926,40.53
qwsw_lorawd_wd0p3_lr5e4_s42,qwsw,Qwen-CS (qwsw),Qwen-2.5-7B,cs,sweep,lorawd,LoRA+wd,0.0005,42.0,qwsw_lorawd_wd0p3_lr5e4,False,False,True,12.873537326654407,26.570884878367192,0.1141905574675454,0.090042762136115,0.0721492754621846,-0.6094181214495648,39.28
qwsw_lorawd_wd0p3_lr5e4_s43,qwsw,Qwen-CS (qwsw),Qwen-2.5-7B,cs,sweep,lorawd,LoRA+wd,0.0005,43.0,qwsw_lorawd_wd0p3_lr5e4,False,False,True,12.771828143235394,26.542344551898356,0.1151236049840381,0.0901402888355996,0.0729294325458544,-0.6108339156354675,40.53
qwsw_lorawd_wd0p3_lr5e4_s44,qwsw,Qwen-CS (qwsw),Qwen-2.5-7B,cs,sweep,lorawd,LoRA+wd,0.0005,44.0,qwsw_lorawd_wd0p3_lr5e4,False,False,True,12.87714634152356,26.62082601374901,0.1146614735305858,0.0899885144382647,0.0726410496327565,-0.6095948435199191,40.39
qwsw_lorawd_wd0p3_lr5e5_s42,qwsw,Qwen-CS (qwsw),Qwen-2.5-7B,cs,sweep,lorawd,LoRA+wd,5e-05,42.0,qwsw_lorawd_wd0p3_lr5e5,False,False,True,2.857708718140904,9.8984527237257,0.1140472864215058,0.0932396549072653,0.0755470459466487,-0.968591535748376,39.33
qwsw_lorawd_wd0p3_lr5e5_s43,qwsw,Qwen-CS (qwsw),Qwen-2.5-7B,cs,sweep,lorawd,LoRA+wd,5e-05,43.0,qwsw_lorawd_wd0p3_lr5e5,False,False,True,2.850998757557038,9.861322595173904,0.1145248696834713,0.0929063406328624,0.0757169454659208,-0.9694002780340488,39.56
qwsw_lorawd_wd0p3_lr5e5_s44,qwsw,Qwen-CS (qwsw),Qwen-2.5-7B,cs,sweep,lorawd,LoRA+wd,5e-05,44.0,qwsw_lorawd_wd0p3_lr5e5,False,False,True,2.819590856785123,9.802594568926493,0.1130327294566658,0.093314439365054,0.0754456394448008,-0.9706162223147904,39.31
qwsw_lorawd_wd0p3_lr7e5_s42,qwsw,Qwen-CS (qwsw),Qwen-2.5-7B,cs,sweep,lorawd,LoRA+wd,7e-05,42.0,qwsw_lorawd_wd0p3_lr7e5,False,False,True,3.3935464245883646,11.876530579073238,0.1161731711743971,0.0925460059922083,0.0753815286781414,-0.9351677802614262,39.92
qwsw_milora_r32_lr15e5_s42,qwsw,Qwen-CS (qwsw),Qwen-2.5-7B,cs,sweep,milora,MiLoRA,0.00015,42.0,qwsw_milora_r32_lr15e5,False,False,True,8.933659148301475,25.192635228673463,0.0711041182073755,0.3111558670152912,0.0557495388856624,-0.6304131092636557,37.64
qwsw_milora_r32_lr1e3_s42,qwsw,Qwen-CS (qwsw),Qwen-2.5-7B,cs,sweep,milora,MiLoRA,0.001,42.0,qwsw_milora_r32_lr1e3,False,False,True,16.71122599031108,29.76727990143764,0.1136192259980401,0.103777183315941,0.0750911065257018,-0.0199966284162536,6.41
qwsw_milora_r32_lr1e3_s43,qwsw,Qwen-CS (qwsw),Qwen-2.5-7B,cs,sweep,milora,MiLoRA,0.001,43.0,qwsw_milora_r32_lr1e3,False,False,True,16.7682374694338,29.826564115319723,0.1149144455497446,0.1034784147441223,0.0753855920645677,-0.0178192544035974,9.33
qwsw_milora_r32_lr1e3_s44,qwsw,Qwen-CS (qwsw),Qwen-2.5-7B,cs,sweep,milora,MiLoRA,0.001,44.0,qwsw_milora_r32_lr1e3,False,False,True,16.42797199158059,29.76263484472519,0.1140847843564949,0.1027069006306345,0.0754248998691978,-0.0062993051796497,7.52
qwsw_milora_r32_lr1e4_s42,qwsw,Qwen-CS (qwsw),Qwen-2.5-7B,cs,sweep,milora,MiLoRA,0.0001,42.0,qwsw_milora_r32_lr1e4,False,False,True,8.156600355508818,24.937547011466886,0.0611536558030033,0.3782713955820613,0.0511348370339304,-0.7361273231347764,39.74
qwsw_milora_r32_lr1e4_s43,qwsw,Qwen-CS (qwsw),Qwen-2.5-7B,cs,sweep,milora,MiLoRA,0.0001,43.0,qwsw_milora_r32_lr1e4,False,False,True,8.133888918264288,24.959880129992943,0.06083123162078,0.378987738523124,0.0510339209659578,-0.7399286120149252,38.47
qwsw_milora_r32_lr1e4_s44,qwsw,Qwen-CS (qwsw),Qwen-2.5-7B,cs,sweep,milora,MiLoRA,0.0001,44.0,qwsw_milora_r32_lr1e4,False,False,True,8.219296687546962,25.05510648658698,0.0612453852127163,0.3786990190619345,0.0510276605081334,-0.7375489102695706,38.06
qwsw_milora_r32_lr1e4_s45,qwsw,Qwen-CS (qwsw),Qwen-2.5-7B,cs,sweep,milora,MiLoRA,0.0001,45.0,qwsw_milora_r32_lr1e4,False,False,True,8.11113634383406,24.988985396491877,0.0612342489798817,0.3779966036851136,0.0508102794713935,-0.7394516273630205,40.07
qwsw_milora_r32_lr2e4_s42,qwsw,Qwen-CS (qwsw),Qwen-2.5-7B,cs,sweep,milora,MiLoRA,0.0002,42.0,qwsw_milora_r32_lr2e4,False,False,True,9.66920246793476,25.329832110122265,0.0786335679708888,0.2617573082709805,0.058995900029695,-0.5350635708782673,36.5
qwsw_milora_r32_lr2e4_s43,qwsw,Qwen-CS (qwsw),Qwen-2.5-7B,cs,sweep,milora,MiLoRA,0.0002,43.0,qwsw_milora_r32_lr2e4,False,False,True,9.597639178991596,25.343203243007917,0.0787083850728548,0.2620991495613505,0.0588834584938533,-0.5686362358410126,36.75
qwsw_milora_r32_lr2e4_s44,qwsw,Qwen-CS (qwsw),Qwen-2.5-7B,cs,sweep,milora,MiLoRA,0.0002,44.0,qwsw_milora_r32_lr2e4,False,False,True,9.652565966546453,25.257310525745908,0.0783753404840495,0.2620628368551342,0.0586798966140415,-0.5431786519784013,36.72
qwsw_milora_r32_lr2e4_s45,qwsw,Qwen-CS (qwsw),Qwen-2.5-7B,cs,sweep,milora,MiLoRA,0.0002,45.0,qwsw_milora_r32_lr2e4,False,False,True,9.69598280484661,25.422530802650936,0.0780460896288969,0.2617977464284952,0.0583094340690895,-0.5415132362017931,36.76
qwsw_milora_r32_lr2e5_s42,qwsw,Qwen-CS (qwsw),Qwen-2.5-7B,cs,sweep,milora,MiLoRA,2e-05,42.0,qwsw_milora_r32_lr2e5,False,False,True,6.368610539590456,23.3189224433186,0.036791629300807,0.5541814077802161,0.032935327307646,-0.9901243662878398,38.44
qwsw_milora_r32_lr2e5_s43,qwsw,Qwen-CS (qwsw),Qwen-2.5-7B,cs,sweep,milora,MiLoRA,2e-05,43.0,qwsw_milora_r32_lr2e5,False,False,True,6.344531826299447,23.334387102864486,0.036983248314738,0.5549093450902005,0.0329973916858336,-0.99225222199926,39.19
qwsw_milora_r32_lr2e5_s44,qwsw,Qwen-CS (qwsw),Qwen-2.5-7B,cs,sweep,milora,MiLoRA,2e-05,44.0,qwsw_milora_r32_lr2e5,False,False,True,6.368574330774287,23.32560331551209,0.0371512377216385,0.5537734803750741,0.0332648660126404,-0.9901243662878398,38.57
qwsw_milora_r32_lr3e4_s42,qwsw,Qwen-CS (qwsw),Qwen-2.5-7B,cs,sweep,milora,MiLoRA,0.0003,42.0,qwsw_milora_r32_lr3e4,False,False,True,11.2184763969165,26.035096208681075,0.0876168772299531,0.2004247842630074,0.0614979865547833,-0.4138629747692068,34.3
qwsw_milora_r32_lr3e4_s43,qwsw,Qwen-CS (qwsw),Qwen-2.5-7B,cs,sweep,milora,MiLoRA,0.0003,43.0,qwsw_milora_r32_lr3e4,False,False,True,11.124460718977517,26.04849932053157,0.0882788051737864,0.2003697409347373,0.0622364093642276,-0.4238891058791602,33.96
qwsw_milora_r32_lr3e4_s44,qwsw,Qwen-CS (qwsw),Qwen-2.5-7B,cs,sweep,milora,MiLoRA,0.0003,44.0,qwsw_milora_r32_lr3e4,False,False,True,11.123700395437217,25.873222993025934,0.0881574950390187,0.2002886657787207,0.062331746930163,-0.4140882896805658,34.5
qwsw_milora_r32_lr3e4_s45,qwsw,Qwen-CS (qwsw),Qwen-2.5-7B,cs,sweep,milora,MiLoRA,0.0003,45.0,qwsw_milora_r32_lr3e4,False,False,True,11.15068148144553,26.01987967066228,0.0887180580472464,0.2010613638288026,0.061609909978448,-0.433444669116945,34.58
qwsw_milora_r32_lr5e4_s42,qwsw,Qwen-CS (qwsw),Qwen-2.5-7B,cs,sweep,milora,MiLoRA,0.0005,42.0,qwsw_milora_r32_lr5e4,False,False,True,14.070771748332453,27.492540009749447,0.1013525762806374,0.1421563373446735,0.0665506497829271,-0.2505729008782511,14.3
qwsw_milora_r32_lr5e4_s43,qwsw,Qwen-CS (qwsw),Qwen-2.5-7B,cs,sweep,milora,MiLoRA,0.0005,43.0,qwsw_milora_r32_lr5e4,False,False,True,14.136707948663664,27.71124405114302,0.1000387412817277,0.1420487818797346,0.0657514255805028,-0.2509597312965427,11.9
qwsw_milora_r32_lr5e4_s44,qwsw,Qwen-CS (qwsw),Qwen-2.5-7B,cs,sweep,milora,MiLoRA,0.0005,44.0,qwsw_milora_r32_lr5e4,False,False,True,14.139547558734268,27.63432028759216,0.0996370909767429,0.1420033773090901,0.0657430738113445,-0.2487979054116468,10.72
qwsw_milora_r32_lr5e5_s42,qwsw,Qwen-CS (qwsw),Qwen-2.5-7B,cs,sweep,milora,MiLoRA,5e-05,42.0,qwsw_milora_r32_lr5e5,False,False,True,7.275242817610521,24.441347219102788,0.0469494177689233,0.474098976349618,0.0428214898893282,-0.8794260687941501,39.41
qwsw_milora_r32_lr5e5_s43,qwsw,Qwen-CS (qwsw),Qwen-2.5-7B,cs,sweep,milora,MiLoRA,5e-05,43.0,qwsw_milora_r32_lr5e5,False,False,True,7.302481813338949,24.518854626792866,0.0470211548734111,0.4749666604738555,0.0426384650048044,-0.8877302315827293,39.42
qwsw_milora_r32_lr5e5_s44,qwsw,Qwen-CS (qwsw),Qwen-2.5-7B,cs,sweep,milora,MiLoRA,5e-05,44.0,qwsw_milora_r32_lr5e5,False,False,False,7.254553902560988,24.45249237532138,0.0470270880125805,0.473853643087293,0.0430756085970329,-0.878440155812499,38.7
qwsw_milora_r32_lr7e5_s42,qwsw,Qwen-CS (qwsw),Qwen-2.5-7B,cs,sweep,milora,MiLoRA,7e-05,42.0,qwsw_milora_r32_lr7e5,False,False,True,7.650659468453805,24.67955451141839,0.053632078761878,0.4299993607033356,0.0474491018997793,-0.8130436645345878,38.98
qwsw_sclora_r32_lr15e5_s42,qwsw,Qwen-CS (qwsw),Qwen-2.5-7B,cs,sweep,sclora,SC-LoRA,0.00015,42.0,qwsw_sclora_r32_lr15e5,False,False,True,15.600775757041712,37.04053475595039,0.1033146264341296,0.1218915180521163,0.1196771160653892,-0.4274769021503624,35.28
qwsw_sclora_r32_lr1e3_s42,qwsw,Qwen-CS (qwsw),Qwen-2.5-7B,cs,sweep,sclora,SC-LoRA,0.001,42.0,qwsw_sclora_r32_lr1e3,False,True,True,13.03533626195042,29.74098828408758,0.1563662190676,0.0946867423642716,0.1288792180193971,0.4312833318072613,2.23
qwsw_sclora_r32_lr1e3_s43,qwsw,Qwen-CS (qwsw),Qwen-2.5-7B,cs,sweep,sclora,SC-LoRA,0.001,43.0,qwsw_sclora_r32_lr1e3,False,False,True,17.219494782192942,32.327464826998714,0.1190919805899201,0.0974159574660835,0.0921588302073224,0.0388187873736558,6.24
qwsw_sclora_r32_lr1e3_s44,qwsw,Qwen-CS (qwsw),Qwen-2.5-7B,cs,sweep,sclora,SC-LoRA,0.001,44.0,qwsw_sclora_r32_lr1e3,False,False,True,17.13256816854887,32.30589595209207,0.1189762597265774,0.0970888763680573,0.0921000611307559,0.0350292822023681,4.78
qwsw_sclora_r32_lr1e4_s42,qwsw,Qwen-CS (qwsw),Qwen-2.5-7B,cs,sweep,sclora,SC-LoRA,0.0001,42.0,qwsw_sclora_r32_lr1e4,False,False,True,10.883275328702227,35.572243404161746,0.1820698388840233,0.0678268772904387,0.1895970161329738,-0.3557584141562713,9.44
qwsw_sclora_r32_lr1e4_s43,qwsw,Qwen-CS (qwsw),Qwen-2.5-7B,cs,sweep,sclora,SC-LoRA,0.0001,43.0,qwsw_sclora_r32_lr1e4,False,False,True,14.61659053409486,37.76813057798712,0.1026984215190044,0.1236795318006182,0.1244742835638856,-0.5237482039929664,36.22
qwsw_sclora_r32_lr1e4_s44,qwsw,Qwen-CS (qwsw),Qwen-2.5-7B,cs,sweep,sclora,SC-LoRA,0.0001,44.0,qwsw_sclora_r32_lr1e4,False,False,True,14.492071436440373,37.71149273239478,0.1028373367660492,0.1233603577453045,0.1246346962453939,-0.519418213170831,37.88
qwsw_sclora_r32_lr2e4_s42,qwsw,Qwen-CS (qwsw),Qwen-2.5-7B,cs,sweep,sclora,SC-LoRA,0.0002,42.0,qwsw_sclora_r32_lr2e4,False,False,True,13.15608922104972,36.158349179071145,0.1767274543986659,0.0698151869803992,0.1748937819515773,-0.2022478713492892,7.39
qwsw_sclora_r32_lr2e4_s43,qwsw,Qwen-CS (qwsw),Qwen-2.5-7B,cs,sweep,sclora,SC-LoRA,0.0002,43.0,qwsw_sclora_r32_lr2e4,False,False,True,16.329914671816983,36.26366467656693,0.1032483611510373,0.1196740546291965,0.1142278596169645,-0.370590400897281,29.82
qwsw_sclora_r32_lr2e4_s44,qwsw,Qwen-CS (qwsw),Qwen-2.5-7B,cs,sweep,sclora,SC-LoRA,0.0002,44.0,qwsw_sclora_r32_lr2e4,False,False,True,16.354857634244315,36.2763336061393,0.103791781519528,0.1196365067172557,0.1150872777941517,-0.3622101706377709,30.02
qwsw_sclora_r32_lr2e5_s42,qwsw,Qwen-CS (qwsw),Qwen-2.5-7B,cs,sweep,sclora,SC-LoRA,2e-05,42.0,qwsw_sclora_r32_lr2e5,False,False,True,6.634896055700141,28.682323911171768,0.1849507282079833,0.0694307735847093,0.2056674748918879,-0.768785352037399,39.78
qwsw_sclora_r32_lr2e5_s43,qwsw,Qwen-CS (qwsw),Qwen-2.5-7B,cs,sweep,sclora,SC-LoRA,2e-05,43.0,qwsw_sclora_r32_lr2e5,False,False,True,9.562607597886029,34.15028614277947,0.1033809134176101,0.1340076413786772,0.1356352326492112,-0.9329291439546298,39.75
qwsw_sclora_r32_lr2e5_s44,qwsw,Qwen-CS (qwsw),Qwen-2.5-7B,cs,sweep,sclora,SC-LoRA,2e-05,44.0,qwsw_sclora_r32_lr2e5,False,False,True,9.530776552073906,34.1466159168741,0.1033958809420796,0.1341302648859649,0.1355849222873914,-0.9318141382538384,39.8
qwsw_sclora_r32_lr3e4_s42,qwsw,Qwen-CS (qwsw),Qwen-2.5-7B,cs,sweep,sclora,SC-LoRA,0.0003,42.0,qwsw_sclora_r32_lr3e4,False,False,True,14.51431812817605,35.6457692636891,0.1712018487172337,0.0720921340312642,0.1629786673571026,-0.1434523551432521,6.75
qwsw_sclora_r32_lr3e4_s43,qwsw,Qwen-CS (qwsw),Qwen-2.5-7B,cs,sweep,sclora,SC-LoRA,0.0003,43.0,qwsw_sclora_r32_lr3e4,False,False,True,17.219234522005213,35.109592709288506,0.1043893057317157,0.1153185702115774,0.1068333913916323,-0.2719710455794816,29.0
qwsw_sclora_r32_lr3e4_s44,qwsw,Qwen-CS (qwsw),Qwen-2.5-7B,cs,sweep,sclora,SC-LoRA,0.0003,44.0,qwsw_sclora_r32_lr3e4,False,False,True,17.066097100030483,35.026887322181175,0.104461128093544,0.115125320737277,0.1070301425661208,-0.2822463067892844,28.58
qwsw_sclora_r32_lr5e4_s42,qwsw,Qwen-CS (qwsw),Qwen-2.5-7B,cs,sweep,sclora,SC-LoRA,0.0005,42.0,qwsw_sclora_r32_lr5e4,False,False,True,16.03654115788853,34.49023093443111,0.1637575523319031,0.0766665643406096,0.1474753842211261,-0.0420098215931696,6.88
qwsw_sclora_r32_lr5e4_s43,qwsw,Qwen-CS (qwsw),Qwen-2.5-7B,cs,sweep,sclora,SC-LoRA,0.0005,43.0,qwsw_sclora_r32_lr5e4,False,False,True,17.53236485396959,33.58880053200064,0.1082243635398137,0.107111223841156,0.0981796508922304,-0.1524273408578878,6.7
qwsw_sclora_r32_lr5e4_s44,qwsw,Qwen-CS (qwsw),Qwen-2.5-7B,cs,sweep,sclora,SC-LoRA,0.0005,44.0,qwsw_sclora_r32_lr5e4,False,False,True,17.568317209869303,33.30767245577248,0.106263208778755,0.1075544421444809,0.0972130861412833,-0.1422454779405577,19.06
qwsw_sclora_r32_lr5e5_s42,qwsw,Qwen-CS (qwsw),Qwen-2.5-7B,cs,sweep,sclora,SC-LoRA,5e-05,42.0,qwsw_sclora_r32_lr5e5,False,False,True,8.79882181802623,33.138423816827164,0.1837427821334488,0.068083949331165,0.1976947744567583,-0.5600360640790951,39.04
qwsw_sclora_r32_lr5e5_s43,qwsw,Qwen-CS (qwsw),Qwen-2.5-7B,cs,sweep,sclora,SC-LoRA,5e-05,43.0,qwsw_sclora_r32_lr5e5,False,False,True,12.233508130287357,37.19249240984288,0.102521622312443,0.1265170695028392,0.1304796692280418,-0.7059749059046773,38.27
qwsw_sclora_r32_lr5e5_s44,qwsw,Qwen-CS (qwsw),Qwen-2.5-7B,cs,sweep,sclora,SC-LoRA,5e-05,44.0,qwsw_sclora_r32_lr5e5,False,False,True,12.13076372510756,37.13388810463329,0.102415390929427,0.1264011595450062,0.1302293792595869,-0.6963720236161103,39.08
qwsw_sclora_r32_lr7e5_s42,qwsw,Qwen-CS (qwsw),Qwen-2.5-7B,cs,sweep,sclora,SC-LoRA,7e-05,42.0,qwsw_sclora_r32_lr7e5,False,False,True,13.26645944810862,37.61844195784392,0.1023713427723542,0.1249787724291606,0.127719318808073,-0.6081830763867512,37.79
qwswm_clora_k1024_lr1e3_s42,qwswm,Qwen-Math (qwswm),Qwen-2.5-7B,math,sweep,clora,CLoRA,0.001,42.0,qwswm_clora_k1024_lr1e3,False,False,True,19.051685026300227,29.53354480603518,0.0507033561409096,0.0439845302170167,0.043452019228543,-0.3542830606303961,32.24
qwswm_clora_k1024_lr1e3_s43,qwswm,Qwen-Math (qwswm),Qwen-2.5-7B,math,sweep,clora,CLoRA,0.001,43.0,qwswm_clora_k1024_lr1e3,False,False,True,19.756136298051477,30.25521846427559,0.050313733653896,0.0440047674218337,0.04295487220014,-0.3630108981877709,31.48
qwswm_clora_k1024_lr1e3_s44,qwswm,Qwen-Math (qwswm),Qwen-2.5-7B,math,sweep,clora,CLoRA,0.001,44.0,qwswm_clora_k1024_lr1e3,False,False,True,19.770578785324386,30.308179704653245,0.0500409477445274,0.0437497844555755,0.0429136531990545,-0.364717362001788,31.48
qwswm_clora_k1024_lr1e4_s42,qwswm,Qwen-Math (qwswm),Qwen-2.5-7B,math,sweep,clora,CLoRA,0.0001,42.0,qwswm_clora_k1024_lr1e4,False,False,True,8.455248614256574,22.98113497608986,0.0553042294121243,0.0443495400698243,0.0472712505514894,-1.2700257143004443,43.86
qwswm_clora_k1024_lr1e4_s43,qwswm,Qwen-Math (qwswm),Qwen-2.5-7B,math,sweep,clora,CLoRA,0.0001,43.0,qwswm_clora_k1024_lr1e4,False,False,True,8.508610077330369,22.97821712718002,0.0559021104537494,0.0447264952508574,0.0473259667535465,-1.269217724333611,43.34
qwswm_clora_k1024_lr1e4_s44,qwswm,Qwen-Math (qwswm),Qwen-2.5-7B,math,sweep,clora,CLoRA,0.0001,44.0,qwswm_clora_k1024_lr1e4,False,False,True,8.578887880787459,23.07080291061086,0.0553110435097561,0.0448633720925494,0.0471637681365471,-1.274905478918531,42.56
qwswm_clora_k1024_lr2e4_s42,qwswm,Qwen-Math (qwswm),Qwen-2.5-7B,math,sweep,clora,CLoRA,0.0002,42.0,qwswm_clora_k1024_lr2e4,False,False,True,11.289516245340602,25.341995628071768,0.0516940548168883,0.0452094748015654,0.0442672176771494,-1.0893755951107988,45.57
qwswm_clora_k1024_lr2e4_s43,qwswm,Qwen-Math (qwswm),Qwen-2.5-7B,math,sweep,clora,CLoRA,0.0002,43.0,qwswm_clora_k1024_lr2e4,False,False,True,11.124537421816838,25.285784004552625,0.0519284531245665,0.0455303523060188,0.0443893198562058,-1.0814454694497264,43.75
qwswm_clora_k1024_lr2e4_s44,qwswm,Qwen-Math (qwswm),Qwen-2.5-7B,math,sweep,clora,CLoRA,0.0002,44.0,qwswm_clora_k1024_lr2e4,False,False,True,11.068457826640378,25.20470181316944,0.0522393148153432,0.0453511715354244,0.0449297053976149,-1.079876673709276,43.56
qwswm_clora_k1024_lr2e5_s42,qwswm,Qwen-Math (qwswm),Qwen-2.5-7B,math,sweep,clora,CLoRA,2e-05,42.0,qwswm_clora_k1024_lr2e5,False,False,True,4.0808412304680095,16.85268168316076,0.0610055651403238,0.0422971998897161,0.0528168276119219,-1.5214335044061569,43.42
qwswm_clora_k1024_lr2e5_s43,qwswm,Qwen-Math (qwswm),Qwen-2.5-7B,math,sweep,clora,CLoRA,2e-05,43.0,qwswm_clora_k1024_lr2e5,False,False,True,4.0684055880617365,16.838259960053815,0.060836105629068,0.042581034365985,0.0531211418233567,-1.518557371497695,43.12
qwswm_clora_k1024_lr2e5_s44,qwswm,Qwen-Math (qwswm),Qwen-2.5-7B,math,sweep,clora,CLoRA,2e-05,44.0,qwswm_clora_k1024_lr2e5,False,False,False,4.096159743619309,16.77672831059412,0.0611059455353066,0.0424721664803963,0.0531488380177502,-1.515700160653214,43.6
qwswm_clora_k1024_lr3e4_s42,qwswm,Qwen-Math (qwswm),Qwen-2.5-7B,math,sweep,clora,CLoRA,0.0003,42.0,qwswm_clora_k1024_lr3e4,False,False,True,13.697192566798464,27.189833980022858,0.0495270575294914,0.0457405852270773,0.042722202762016,-0.95233580539844,43.98
qwswm_clora_k1024_lr3e4_s43,qwswm,Qwen-Math (qwswm),Qwen-2.5-7B,math,sweep,clora,CLoRA,0.0003,43.0,qwswm_clora_k1024_lr3e4,False,False,True,13.66071232647497,27.120122539106973,0.0498834612236019,0.0456539450763887,0.0430722621989316,-0.9546770212133424,43.86
qwswm_clora_k1024_lr3e4_s44,qwswm,Qwen-Math (qwswm),Qwen-2.5-7B,math,sweep,clora,CLoRA,0.0003,44.0,qwswm_clora_k1024_lr3e4,False,False,True,13.675993902327937,27.181090209045284,0.0497452648813641,0.0455252415433935,0.0427655348894958,-0.9465373950745448,43.0
qwswm_clora_k1024_lr5e4_s42,qwswm,Qwen-Math (qwswm),Qwen-2.5-7B,math,sweep,clora,CLoRA,0.0005,42.0,qwswm_clora_k1024_lr5e4,False,False,True,17.858446677349765,29.10938047772917,0.0477181264321353,0.0454160303936734,0.0411892660730081,-0.7223907856959089,43.53
qwswm_clora_k1024_lr5e4_s43,qwswm,Qwen-Math (qwswm),Qwen-2.5-7B,math,sweep,clora,CLoRA,0.0005,43.0,qwswm_clora_k1024_lr5e4,False,False,True,17.830777281005968,29.218818326207757,0.0480055378434601,0.0454639292821897,0.0415042048918288,-0.7349462114959853,42.08
qwswm_clora_k1024_lr5e4_s44,qwswm,Qwen-Math (qwswm),Qwen-2.5-7B,math,sweep,clora,CLoRA,0.0005,44.0,qwswm_clora_k1024_lr5e4,False,False,True,18.147807676781824,29.303315882891702,0.0479254474883259,0.0455812001489076,0.0414402164526333,-0.7330630888408269,39.51
qwswm_clora_k1024_lr5e5_s42,qwswm,Qwen-Math (qwswm),Qwen-2.5-7B,math,sweep,clora,CLoRA,5e-05,42.0,qwswm_clora_k1024_lr5e5,False,False,True,6.298026840680114,20.949604711750904,0.0579979845159696,0.0437132468204669,0.0496167395837081,-1.413412695328245,43.46
qwswm_clora_k1024_lr5e5_s43,qwswm,Qwen-Math (qwswm),Qwen-2.5-7B,math,sweep,clora,CLoRA,5e-05,43.0,qwswm_clora_k1024_lr5e5,False,False,True,6.35983817088723,20.654157973209884,0.0587589643278444,0.0442414765436926,0.0497741226650413,-1.4122890349810886,44.06
qwswm_clora_k1024_lr5e5_s44,qwswm,Qwen-Math (qwswm),Qwen-2.5-7B,math,sweep,clora,CLoRA,5e-05,44.0,qwswm_clora_k1024_lr5e5,False,False,True,6.404431816216975,20.91745725012046,0.0583522493464041,0.0441589322566056,0.0496808916640983,-1.4168012260313771,43.78
qwswm_dora_r16_lr1e3_s42,qwswm,Qwen-Math (qwswm),Qwen-2.5-7B,math,sweep,dora,DoRA,0.001,42.0,qwswm_dora_r16_lr1e3,False,False,True,10.680519432800155,15.074407336623477,0.1107599927226875,0.1021554767818664,0.0711058591764871,-0.1688984354986406,22.56
qwswm_dora_r16_lr1e3_s44,qwswm,Qwen-Math (qwswm),Qwen-2.5-7B,math,sweep,dora,DoRA,0.001,44.0,qwswm_dora_r16_lr1e3,False,False,True,11.087269835900054,15.271582731257144,0.1104274388260031,0.1019239315521988,0.071155678525605,-0.1688343660905575,28.98
qwswm_dora_r16_lr1e4_s42,qwswm,Qwen-Math (qwswm),Qwen-2.5-7B,math,sweep,dora,DoRA,0.0001,42.0,qwswm_dora_r16_lr1e4,False,False,True,4.03924118915825,10.528705714484795,0.1223031874081018,0.1026801974636575,0.0751745738035681,-1.153044674980176,44.12
qwswm_dora_r16_lr1e4_s43,qwswm,Qwen-Math (qwswm),Qwen-2.5-7B,math,sweep,dora,DoRA,0.0001,43.0,qwswm_dora_r16_lr1e4,False,False,True,3.976821992845201,10.439178241159969,0.1224021057696202,0.1020947875701359,0.0753551663430741,-1.1487416512809248,43.42
qwswm_dora_r16_lr2e4_s42,qwswm,Qwen-Math (qwswm),Qwen-2.5-7B,math,sweep,dora,DoRA,0.0002,42.0,qwswm_dora_r16_lr2e4,False,False,True,5.456366260361172,12.37137949907001,0.1176283284808119,0.1006965197304306,0.0720562409850769,-0.9488474775526188,44.28
qwswm_dora_r16_lr2e4_s43,qwswm,Qwen-Math (qwswm),Qwen-2.5-7B,math,sweep,dora,DoRA,0.0002,43.0,qwswm_dora_r16_lr2e4,False,False,False,5.431142569520928,12.365285244563855,0.1173117114021042,0.1012037923941173,0.0715948795138138,-0.9507819773298184,44.46
qwswm_dora_r16_lr2e5_s42,qwswm,Qwen-Math (qwswm),Qwen-2.5-7B,math,sweep,dora,DoRA,2e-05,42.0,qwswm_dora_r16_lr2e5,False,False,True,2.3178456859202425,6.554295225778997,0.1240945482074966,0.1052600689969267,0.0845481596300767,-1.4045037781744258,43.64
qwswm_dora_r16_lr2e5_s43,qwswm,Qwen-Math (qwswm),Qwen-2.5-7B,math,sweep,dora,DoRA,2e-05,43.0,qwswm_dora_r16_lr2e5,False,False,True,2.30698019823904,6.53567089478874,0.1241479558542378,0.1058860256855785,0.0844284422734909,-1.4023048140744876,43.52
qwswm_dora_r16_lr3e4_s42,qwswm,Qwen-Math (qwswm),Qwen-2.5-7B,math,sweep,dora,DoRA,0.0003,42.0,qwswm_dora_r16_lr3e4,False,False,True,7.094195942499869,13.704133486483244,0.1140750803667982,0.1003832827501266,0.0707063936027922,-0.8046539416515803,36.39
qwswm_dora_r16_lr5e4_s42,qwswm,Qwen-Math (qwswm),Qwen-2.5-7B,math,sweep,dora,DoRA,0.0005,42.0,qwswm_dora_r16_lr5e4,False,False,True,9.360739324416992,14.728339411320878,0.110967697427652,0.10015632154828,0.0693601667448705,-0.5845258318907643,40.04
qwswm_dora_r16_lr5e5_s42,qwswm,Qwen-Math (qwswm),Qwen-2.5-7B,math,sweep,dora,DoRA,5e-05,42.0,qwswm_dora_r16_lr5e5,False,False,True,3.2164677274512647,8.957452554705101,0.1249355032495996,0.1049631589314711,0.0786226275302513,-1.2898826348881838,43.3
qwswm_dora_r16_lr5e5_s44,qwswm,Qwen-Math (qwswm),Qwen-2.5-7B,math,sweep,dora,DoRA,5e-05,44.0,qwswm_dora_r16_lr5e5,False,False,True,3.2649673638123318,9.042682050069034,0.1249225534480196,0.1043087782459294,0.0787972073721505,-1.294992040666664,43.72
qwswm_lora_null_r16_lr1e3_s42,qwswm,Qwen-Math (qwswm),Qwen-2.5-7B,math,sweep,lora_null,LoRA-Null,0.001,42.0,qwswm_lora_null_r16_lr1e3,False,False,True,11.540133742458169,16.351911969390134,0.1147216023474842,0.0910420894509492,0.0734933151030995,-0.4047242881979006,38.58
qwswm_lora_null_r16_lr1e3_s43,qwswm,Qwen-Math (qwswm),Qwen-2.5-7B,math,sweep,lora_null,LoRA-Null,0.001,43.0,qwswm_lora_null_r16_lr1e3,False,False,True,11.496664710945916,16.3280381407497,0.1144684482497278,0.0910198509435424,0.0734079004763506,-0.4069355683412824,39.8
qwswm_lora_null_r16_lr1e3_s44,qwswm,Qwen-Math (qwswm),Qwen-2.5-7B,math,sweep,lora_null,LoRA-Null,0.001,44.0,qwswm_lora_null_r16_lr1e3,False,False,True,11.636854078736803,16.375781757036926,0.1159870115160412,0.0909143856934608,0.0738863114827744,-0.4314462879505574,38.54
qwswm_lora_null_r16_lr1e4_s42,qwswm,Qwen-Math (qwswm),Qwen-2.5-7B,math,sweep,lora_null,LoRA-Null,0.0001,42.0,qwswm_lora_null_r16_lr1e4,False,False,True,7.857235722590316,19.06214759823925,0.2007866186891156,0.0744471726546315,0.1107663746914376,-1.2572748686953017,42.34
qwswm_lora_null_r16_lr1e4_s43,qwswm,Qwen-Math (qwswm),Qwen-2.5-7B,math,sweep,lora_null,LoRA-Null,0.0001,43.0,qwswm_lora_null_r16_lr1e4,False,False,True,7.860110530521294,19.058827766217718,0.2007798317303716,0.07441190174676,0.1107159811372405,-1.2588484011482148,43.77
qwswm_lora_null_r16_lr1e4_s44,qwswm,Qwen-Math (qwswm),Qwen-2.5-7B,math,sweep,lora_null,LoRA-Null,0.0001,44.0,qwswm_lora_null_r16_lr1e4,False,False,True,7.824020251870964,19.045397952197224,0.2006433164679447,0.0744295399490523,0.1107105039514885,-1.2572748686953017,43.96
qwswm_lora_null_r16_lr2e4_s42,qwswm,Qwen-Math (qwswm),Qwen-2.5-7B,math,sweep,lora_null,LoRA-Null,0.0002,42.0,qwswm_lora_null_r16_lr2e4,False,False,True,8.853523101024784,18.81498845906982,0.1761579504585026,0.0779433516385501,0.0997184350223612,-1.0710923097560474,43.47
qwswm_lora_null_r16_lr2e4_s43,qwswm,Qwen-Math (qwswm),Qwen-2.5-7B,math,sweep,lora_null,LoRA-Null,0.0002,43.0,qwswm_lora_null_r16_lr2e4,False,False,True,8.799097906139734,18.785477332087144,0.1764369816453241,0.0776784950469832,0.0997009328542862,-1.0710923097560474,44.2
qwswm_lora_null_r16_lr2e4_s44,qwswm,Qwen-Math (qwswm),Qwen-2.5-7B,math,sweep,lora_null,LoRA-Null,0.0002,44.0,qwswm_lora_null_r16_lr2e4,False,False,True,8.819337768212506,18.79586944437376,0.1763055720954323,0.0779249780200697,0.0997485541324304,-1.0695604052333,43.5
qwswm_lora_null_r16_lr2e5_s42,qwswm,Qwen-Math (qwswm),Qwen-2.5-7B,math,sweep,lora_null,LoRA-Null,2e-05,42.0,qwswm_lora_null_r16_lr2e5,False,False,True,5.763245914111363,16.376852606792156,0.2136657299250463,0.0792552580342444,0.1258680714037552,-1.5346171485515816,43.44
qwswm_lora_null_r16_lr2e5_s43,qwswm,Qwen-Math (qwswm),Qwen-2.5-7B,math,sweep,lora_null,LoRA-Null,2e-05,43.0,qwswm_lora_null_r16_lr2e5,False,False,True,5.7440205035836325,16.343951585462342,0.2131640999315333,0.0792324335786908,0.1256180717087376,-1.5346171485515816,43.04
qwswm_lora_null_r16_lr2e5_s44,qwswm,Qwen-Math (qwswm),Qwen-2.5-7B,math,sweep,lora_null,LoRA-Null,2e-05,44.0,qwswm_lora_null_r16_lr2e5,False,False,True,5.749769911814545,16.34908945639156,0.213197004014929,0.0791662107059835,0.125548774266354,-1.5361070110140926,43.19
qwswm_lora_null_r16_lr3e4_s42,qwswm,Qwen-Math (qwswm),Qwen-2.5-7B,math,sweep,lora_null,LoRA-Null,0.0003,42.0,qwswm_lora_null_r16_lr3e4,False,False,True,9.523494003516744,18.210862042584,0.1569569870982855,0.0821386961416066,0.0921278294160317,-0.935916564036404,42.37
qwswm_lora_null_r16_lr3e4_s43,qwswm,Qwen-Math (qwswm),Qwen-2.5-7B,math,sweep,lora_null,LoRA-Null,0.0003,43.0,qwswm_lora_null_r16_lr3e4,False,False,True,9.586488135373566,18.225713747517915,0.156390194500947,0.0819827800971129,0.0916249607679142,-0.9370421659154896,42.45
qwswm_lora_null_r16_lr3e4_s44,qwswm,Qwen-Math (qwswm),Qwen-2.5-7B,math,sweep,lora_null,LoRA-Null,0.0003,44.0,qwswm_lora_null_r16_lr3e4,False,False,True,9.552548301286642,18.216114646036253,0.1563220499722095,0.0818111869913434,0.0915537204718912,-0.93218548883816,42.37
qwswm_lora_null_r16_lr5e4_s42,qwswm,Qwen-Math (qwswm),Qwen-2.5-7B,math,sweep,lora_null,LoRA-Null,0.0005,42.0,qwswm_lora_null_r16_lr5e4,False,False,True,10.793974308930606,17.435934219112244,0.1328829478153994,0.0874867611415411,0.081918592151326,-0.7493360805367565,42.86
qwswm_lora_null_r16_lr5e4_s43,qwswm,Qwen-Math (qwswm),Qwen-2.5-7B,math,sweep,lora_null,LoRA-Null,0.0005,43.0,qwswm_lora_null_r16_lr5e4,False,False,True,10.751155076240591,17.41941387805538,0.1326407025538621,0.08750971647733,0.0818407759717834,-0.745935547085662,43.71
qwswm_lora_null_r16_lr5e4_s44,qwswm,Qwen-Math (qwswm),Qwen-2.5-7B,math,sweep,lora_null,LoRA-Null,0.0005,44.0,qwswm_lora_null_r16_lr5e4,False,False,True,10.665637444669729,17.40636052862144,0.1323921466315852,0.0869970913260113,0.0819050060305671,-0.7508016426088872,40.13
qwswm_lora_null_r16_lr5e5_s42,qwswm,Qwen-Math (qwswm),Qwen-2.5-7B,math,sweep,lora_null,LoRA-Null,5e-05,42.0,qwswm_lora_null_r16_lr5e5,False,False,True,6.8833308536914455,18.061482653669124,0.2117278837421506,0.07519482763485,0.1183000213757651,-1.38933983691012,42.88
qwswm_lora_null_r16_lr5e5_s44,qwswm,Qwen-Math (qwswm),Qwen-2.5-7B,math,sweep,lora_null,LoRA-Null,5e-05,44.0,qwswm_lora_null_r16_lr5e5,False,False,True,6.848474240279272,18.0435189439834,0.2113654130052256,0.0751843072538925,0.1179678977245299,-1.391473966422806,43.56
qwswm_lora_r16_lr1e3_s42,qwswm,Qwen-Math (qwswm),Qwen-2.5-7B,math,sweep,lora,LoRA,0.001,42.0,qwswm_lora_r16_lr1e3,False,False,True,11.454628634635734,15.477245196894415,0.1087595958003329,0.0920521296665635,0.0682737997723355,-0.2312879196223364,8.88
qwswm_lora_r16_lr1e3_s43,qwswm,Qwen-Math (qwswm),Qwen-2.5-7B,math,sweep,lora,LoRA,0.001,43.0,qwswm_lora_r16_lr1e3,False,False,True,11.355082625861142,15.458099551375032,0.1100782619181284,0.0914344244822878,0.0682352443232843,-0.2347786336950192,29.11
qwswm_lora_r16_lr1e3_s44,qwswm,Qwen-Math (qwswm),Qwen-2.5-7B,math,sweep,lora,LoRA,0.001,44.0,qwswm_lora_r16_lr1e3,False,False,True,11.373947319172515,15.487197798780164,0.1085565848307039,0.091432650494248,0.0676420702004365,-0.236497134532403,8.38
qwswm_lora_r16_lr1e4_s42,qwswm,Qwen-Math (qwswm),Qwen-2.5-7B,math,sweep,lora,LoRA,0.0001,42.0,qwswm_lora_r16_lr1e4,False,False,True,3.9983358193341134,10.481685750361692,0.1226228212411583,0.1033261254564226,0.0755760392581946,-1.1438755557576996,42.8
qwswm_lora_r16_lr1e4_s43,qwswm,Qwen-Math (qwswm),Qwen-2.5-7B,math,sweep,lora,LoRA,0.0001,43.0,qwswm_lora_r16_lr1e4,False,False,True,3.9520198986680017,10.359293477011036,0.1224643520066317,0.1022987113673106,0.0755292228590258,-1.1402614338028532,43.78
qwswm_lora_r16_lr1e4_s44,qwswm,Qwen-Math (qwswm),Qwen-2.5-7B,math,sweep,lora,LoRA,0.0001,44.0,qwswm_lora_r16_lr1e4,False,False,False,4.005140305768294,10.476361174057503,0.1219190651922033,0.1021850205156305,0.0754405361668686,-1.142064735280571,44.58
qwswm_lora_r16_lr2e4_s42,qwswm,Qwen-Math (qwswm),Qwen-2.5-7B,math,sweep,lora,LoRA,0.0002,42.0,qwswm_lora_r16_lr2e4,False,False,True,5.523164164479733,12.400018888511994,0.1174715393660949,0.1011677559644301,0.0721383348222349,-0.938170692705301,43.92
qwswm_lora_r16_lr2e4_s43,qwswm,Qwen-Math (qwswm),Qwen-2.5-7B,math,sweep,lora,LoRA,0.0002,43.0,qwswm_lora_r16_lr2e4,False,False,True,5.4428499755773565,12.23811437084073,0.1184663810744855,0.1011184513216141,0.0730604289513694,-0.9288547095489172,44.84
qwswm_lora_r16_lr2e4_s44,qwswm,Qwen-Math (qwswm),Qwen-2.5-7B,math,sweep,lora,LoRA,0.0002,44.0,qwswm_lora_r16_lr2e4,False,False,True,5.396330792200742,12.36175698441304,0.1182694526612716,0.1013704379316058,0.0719808639128866,-0.9450041384708584,44.34
qwswm_lora_r16_lr2e5_s42,qwswm,Qwen-Math (qwswm),Qwen-2.5-7B,math,sweep,lora,LoRA,2e-05,42.0,qwswm_lora_r16_lr2e5,False,False,True,2.3067684688697745,6.594309615073038,0.1242772963184885,0.1061899920528962,0.084565950650917,-1.4056074496245732,43.54
qwswm_lora_r16_lr2e5_s43,qwswm,Qwen-Math (qwswm),Qwen-2.5-7B,math,sweep,lora,LoRA,2e-05,43.0,qwswm_lora_r16_lr2e5,False,False,True,2.309351683854872,6.597575689300928,0.1234744846656541,0.1060366149917042,0.083669251606124,-1.4045037781744258,43.3
qwswm_lora_r16_lr2e5_s44,qwswm,Qwen-Math (qwswm),Qwen-2.5-7B,math,sweep,lora,LoRA,2e-05,44.0,qwswm_lora_r16_lr2e5,False,False,True,2.346887385947384,6.673907673944973,0.1238103175667221,0.1066126384431288,0.0844437990681322,-1.408935392973501,43.39
qwswm_lora_r16_lr3e4_s42,qwswm,Qwen-Math (qwswm),Qwen-2.5-7B,math,sweep,lora,LoRA,0.0003,42.0,qwswm_lora_r16_lr3e4,False,False,True,7.168104253888486,13.749221760458232,0.113429843662797,0.099816659629361,0.069856576540493,-0.7999707334462297,44.84
qwswm_lora_r16_lr3e4_s43,qwswm,Qwen-Math (qwswm),Qwen-2.5-7B,math,sweep,lora,LoRA,0.0003,43.0,qwswm_lora_r16_lr3e4,False,False,True,7.2146848394421745,13.690819506872588,0.114044776748138,0.0994650183579249,0.0701309312220125,-0.7754669373939143,44.8
qwswm_lora_r16_lr3e4_s44,qwswm,Qwen-Math (qwswm),Qwen-2.5-7B,math,sweep,lora,LoRA,0.0003,44.0,qwswm_lora_r16_lr3e4,False,False,True,7.0571803795477095,13.669702427372885,0.1142430747076155,0.0999499293226083,0.070351116321076,-0.8043770564130633,44.52
qwswm_lora_r16_lr5e4_s42,qwswm,Qwen-Math (qwswm),Qwen-2.5-7B,math,sweep,lora,LoRA,0.0005,42.0,qwswm_lora_r16_lr5e4,False,False,True,9.52660725629664,14.845492108213396,0.1112078202984283,0.0985662665858296,0.068668910764591,-0.6076548446387959,41.89
qwswm_lora_r16_lr5e4_s43,qwswm,Qwen-Math (qwswm),Qwen-2.5-7B,math,sweep,lora,LoRA,0.0005,43.0,qwswm_lora_r16_lr5e4,False,False,True,9.60785306506614,14.958670019290162,0.1104351895668315,0.0989853475782744,0.0676244704482328,-0.6172627342386696,42.35
qwswm_lora_r16_lr5e4_s44,qwswm,Qwen-Math (qwswm),Qwen-2.5-7B,math,sweep,lora,LoRA,0.0005,44.0,qwswm_lora_r16_lr5e4,False,False,True,9.606071859899394,14.950109343174924,0.1109067971304647,0.098361556221927,0.0677260961709249,-0.6152882570617175,42.72
qwswm_lora_r16_lr5e5_s42,qwswm,Qwen-Math (qwswm),Qwen-2.5-7B,math,sweep,lora,LoRA,5e-05,42.0,qwswm_lora_r16_lr5e5,False,False,True,3.270226546368853,9.027241812822508,0.1245899640164987,0.1049219143520037,0.078958374125909,-1.2865094569060576,43.56
qwswm_lora_r16_lr5e5_s43,qwswm,Qwen-Math (qwswm),Qwen-2.5-7B,math,sweep,lora,LoRA,5e-05,43.0,qwswm_lora_r16_lr5e5,False,False,True,3.2397878507927973,9.0526309581788,0.1249891644009591,0.1051135292588278,0.0788071066279427,-1.2890368810047244,43.39
qwswm_lora_r16_lr5e5_s44,qwswm,Qwen-Math (qwswm),Qwen-2.5-7B,math,sweep,lora,LoRA,5e-05,44.0,qwswm_lora_r16_lr5e5,False,False,True,3.223194714879035,9.037801438841624,0.1241371721442436,0.1042768483351955,0.0786075551164571,-1.2898826348881838,43.79
qwswm_lora_r32_lr15e5_s42,qwswm,Qwen-Math (qwswm),Qwen-2.5-7B,math,sweep,lora,LoRA,0.00015,42.0,qwswm_lora_r32_lr15e5,False,False,True,7.568078523097956,22.19350019316251,0.1183677791751443,0.1014751487239107,0.0717682110186847,-0.978810700930062,44.18
qwswm_lora_r32_lr1e3_s42,qwswm,Qwen-Math (qwswm),Qwen-2.5-7B,math,sweep,lora,LoRA,0.001,42.0,qwswm_lora_r32_lr1e3,False,False,True,17.6353879936717,30.078159172547043,0.1144471136896989,0.0883324825816125,0.0743247215395999,-0.0441679897675782,17.7
qwswm_lora_r32_lr1e3_s43,qwswm,Qwen-Math (qwswm),Qwen-2.5-7B,math,sweep,lora,LoRA,0.001,43.0,qwswm_lora_r32_lr1e3,False,False,True,17.592493424443674,30.092624639516508,0.1143636725850363,0.088375415445898,0.0742225381587256,-0.0278434641405063,6.54
qwswm_lora_r32_lr1e3_s44,qwswm,Qwen-Math (qwswm),Qwen-2.5-7B,math,sweep,lora,LoRA,0.001,44.0,qwswm_lora_r32_lr1e3,False,False,True,17.242224167462112,29.84221235715189,0.1118374405993076,0.0884585049532989,0.0736630071027983,-0.023925268380126,6.7
qwswm_lora_r32_lr1e4_s42,qwswm,Qwen-Math (qwswm),Qwen-2.5-7B,math,sweep,lora,LoRA,0.0001,42.0,qwswm_lora_r32_lr1e4,False,False,True,6.303267051343014,20.46461316782634,0.1222302715969957,0.1033404260958408,0.0743748159096952,-1.1073489661226996,43.46
qwswm_lora_r32_lr1e4_s43,qwswm,Qwen-Math (qwswm),Qwen-2.5-7B,math,sweep,lora,LoRA,0.0001,43.0,qwswm_lora_r32_lr1e4,False,False,True,6.424128871643538,20.4569543522538,0.1226073926346182,0.103409377252594,0.0747217456748986,-1.1079053973095196,44.39
qwswm_lora_r32_lr1e4_s44,qwswm,Qwen-Math (qwswm),Qwen-2.5-7B,math,sweep,lora,LoRA,0.0001,44.0,qwswm_lora_r32_lr1e4,False,False,True,6.288824189163568,20.45532115045924,0.1217738549358466,0.1035993058299893,0.0742869156275645,-1.109020403010311,44.74
qwswm_lora_r32_lr2e4_ep6_s42,qwswm,Qwen-Math (qwswm),Qwen-2.5-7B,math,sweep,lora,LoRA,0.0002,42.0,qwswm_lora_r32_lr2e4_ep6,False,False,True,12.401452203325588,26.828739703065583,0.1133799383697553,0.1024375694006057,0.0696116463449162,-0.6852903070448263,41.45
qwswm_lora_r32_lr2e4_ep6_s43,qwswm,Qwen-Math (qwswm),Qwen-2.5-7B,math,sweep,lora,LoRA,0.0002,43.0,qwswm_lora_r32_lr2e4_ep6,False,False,True,12.368140512795764,26.684353013735976,0.1133770831156943,0.102169944451964,0.0707055746650463,-0.6577747706392096,44.34
qwswm_lora_r32_lr2e4_ep6_s44,qwswm,Qwen-Math (qwswm),Qwen-2.5-7B,math,sweep,lora,LoRA,0.0002,44.0,qwswm_lora_r32_lr2e4_ep6,False,False,True,12.468492697648005,26.82288762057242,0.1137631118818048,0.1023140952346935,0.0700425618149133,-0.69058277422186,43.22
qwswm_lora_r32_lr2e4_s42,qwswm,Qwen-Math (qwswm),Qwen-2.5-7B,math,sweep,lora,LoRA,0.0002,42.0,qwswm_lora_r32_lr2e4,False,False,True,9.196583700380314,23.914098290935577,0.1157558081835391,0.0999997481105261,0.0706803661570759,-0.8671002300555171,43.6
qwswm_lora_r32_lr2e4_s43,qwswm,Qwen-Math (qwswm),Qwen-2.5-7B,math,sweep,lora,LoRA,0.0002,43.0,qwswm_lora_r32_lr2e4,False,False,True,9.187945634284134,23.879528462119502,0.1166964220750307,0.0999462426968732,0.0715394582271113,-0.8425432318657744,44.46
qwswm_lora_r32_lr2e4_s44,qwswm,Qwen-Math (qwswm),Qwen-2.5-7B,math,sweep,lora,LoRA,0.0002,44.0,qwswm_lora_r32_lr2e4,False,False,True,9.231823373578802,23.903874766788626,0.1161634671843167,0.1002625161598039,0.0709533788704239,-0.845576026885353,44.36
qwswm_lora_r32_lr2e5_s42,qwswm,Qwen-Math (qwswm),Qwen-2.5-7B,math,sweep,lora,LoRA,2e-05,42.0,qwswm_lora_r32_lr2e5,False,False,True,3.473305627959618,14.22189762934066,0.1255779589087429,0.1069730990506553,0.0809451000535245,-1.4111682744057927,43.47
qwswm_lora_r32_lr2e5_s43,qwswm,Qwen-Math (qwswm),Qwen-2.5-7B,math,sweep,lora,LoRA,2e-05,43.0,qwswm_lora_r32_lr2e5,False,False,True,3.5636781495192733,14.238571452342498,0.1255728145282449,0.1067983228028838,0.0811100216685847,-1.4145392704914994,43.36
qwswm_lora_r32_lr2e5_s44,qwswm,Qwen-Math (qwswm),Qwen-2.5-7B,math,sweep,lora,LoRA,2e-05,44.0,qwswm_lora_r32_lr2e5,False,False,True,3.499832639751764,14.181188440392752,0.1247679086055547,0.1072088463704254,0.0807912709298826,-1.413412695328245,43.41
qwswm_lora_r32_lr3e4_s42,qwswm,Qwen-Math (qwswm),Qwen-2.5-7B,math,sweep,lora,LoRA,0.0003,42.0,qwswm_lora_r32_lr3e4,False,False,True,12.201217812839795,26.43801622453424,0.1116258008486311,0.0982712826466994,0.0682736358564649,-0.6974526275125145,44.22
qwswm_lora_r32_lr3e4_s43,qwswm,Qwen-Math (qwswm),Qwen-2.5-7B,math,sweep,lora,LoRA,0.0003,43.0,qwswm_lora_r32_lr3e4,False,False,True,11.758680515839634,26.430920610764083,0.1121341054619949,0.0980060933698123,0.0684105941735562,-0.6683702823700677,42.86
qwswm_lora_r32_lr3e4_s44,qwswm,Qwen-Math (qwswm),Qwen-2.5-7B,math,sweep,lora,LoRA,0.0003,44.0,qwswm_lora_r32_lr3e4,False,False,True,12.14579541198828,26.482401505827355,0.1118342690063883,0.0980409963467766,0.0684480598730744,-0.6779875614175995,39.75
qwswm_lora_r32_lr5e4_s42,qwswm,Qwen-Math (qwswm),Qwen-2.5-7B,math,sweep,lora,LoRA,0.0005,42.0,qwswm_lora_r32_lr5e4,False,True,True,1.6978939062224307,3.831572056134102,0.1742911886255009,0.1745750809797132,0.1005074220756548,1.3199966469243694,0.0
qwswm_lora_r32_lr5e4_s43,qwswm,Qwen-Math (qwswm),Qwen-2.5-7B,math,sweep,lora,LoRA,0.0005,43.0,qwswm_lora_r32_lr5e4,False,False,True,15.95926167965722,28.4966201450369,0.1090442391211695,0.094488976880852,0.0673786712853161,-0.413412695328245,35.7
qwswm_lora_r32_lr5e4_s44,qwswm,Qwen-Math (qwswm),Qwen-2.5-7B,math,sweep,lora,LoRA,0.0005,44.0,qwswm_lora_r32_lr5e4,False,False,True,15.948270582141118,28.58782787039845,0.1082301851348427,0.09473370100153,0.0665826702281754,-0.4143137215475031,37.1
qwswm_lora_r32_lr5e5_s42,qwswm,Qwen-Math (qwswm),Qwen-2.5-7B,math,sweep,lora,LoRA,5e-05,42.0,qwswm_lora_r32_lr5e5,False,False,True,4.964951201572802,18.28682939749442,0.1255247209101752,0.105809186842117,0.0769374436037011,-1.285670240254767,43.84
qwswm_lora_r32_lr5e5_s43,qwswm,Qwen-Math (qwswm),Qwen-2.5-7B,math,sweep,lora,LoRA,5e-05,43.0,qwswm_lora_r32_lr5e5,False,False,True,5.097951941304602,18.286208472763235,0.1265463160535153,0.1052732384023699,0.0771374335775681,-1.2814983111327258,43.61
qwswm_lora_r32_lr5e5_s44,qwswm,Qwen-Math (qwswm),Qwen-2.5-7B,math,sweep,lora,LoRA,5e-05,44.0,qwswm_lora_r32_lr5e5,False,False,True,5.037758872898658,18.356047890063483,0.1254882965517359,0.105655643946411,0.0767935729250405,-1.284832642151542,44.14
qwswm_lora_r32_lr7e5_s42,qwswm,Qwen-Math (qwswm),Qwen-2.5-7B,math,sweep,lora,LoRA,7e-05,42.0,qwswm_lora_r32_lr7e5,False,False,True,5.445197444909748,19.222840687212123,0.124096748842361,0.1048421486512761,0.0757665801664137,-1.2013493545547311,43.72
qwswm_lorawd_wd0p3_lr1e3_s42,qwswm,Qwen-Math (qwswm),Qwen-2.5-7B,math,sweep,lorawd,LoRA+wd,0.001,42.0,qwswm_lorawd_wd0p3_lr1e3,False,True,True,1.0589337332148174,1.1603283642396134,0.1683622465457381,0.2063633216774079,0.1101916400633064,1.1975699913132083,0.0
qwswm_lorawd_wd0p3_lr1e3_s43,qwswm,Qwen-Math (qwswm),Qwen-2.5-7B,math,sweep,lorawd,LoRA+wd,0.001,43.0,qwswm_lorawd_wd0p3_lr1e3,False,True,True,1.0621074034261806,1.2022254414128497,0.1754293491824059,0.1414349359061616,0.1147497976655093,1.0784060628108865,0.0
qwswm_lorawd_wd0p3_lr1e3_s44,qwswm,Qwen-Math (qwswm),Qwen-2.5-7B,math,sweep,lorawd,LoRA+wd,0.001,44.0,qwswm_lorawd_wd0p3_lr1e3,False,False,True,14.829541931666588,27.48743022124504,0.1085313681352651,0.0903069913026441,0.0700470737011194,-0.672436739812722,42.92
qwswm_lorawd_wd0p3_lr1e4_s42,qwswm,Qwen-Math (qwswm),Qwen-2.5-7B,math,sweep,lorawd,LoRA+wd,0.0001,42.0,qwswm_lorawd_wd0p3_lr1e4,False,False,True,5.572016493201772,18.886855219338344,0.123380664006636,0.1047599178316979,0.0760960861397231,-1.1965428843515862,45.08
qwswm_lorawd_wd0p3_lr1e4_s43,qwswm,Qwen-Math (qwswm),Qwen-2.5-7B,math,sweep,lorawd,LoRA+wd,0.0001,43.0,qwswm_lorawd_wd0p3_lr1e4,False,False,True,5.56125442807563,19.07597357695548,0.1244583043685909,0.1045713397101794,0.0764948053451859,-1.1992829217176149,44.44
qwswm_lorawd_wd0p3_lr1e4_s44,qwswm,Qwen-Math (qwswm),Qwen-2.5-7B,math,sweep,lorawd,LoRA+wd,0.0001,44.0,qwswm_lorawd_wd0p3_lr1e4,False,False,True,5.662736443111139,19.207471241532453,0.1244901723869877,0.1051176668722348,0.0766455014297153,-1.198596289982645,44.61
qwswm_lorawd_wd0p3_lr2e4_s42,qwswm,Qwen-Math (qwswm),Qwen-2.5-7B,math,sweep,lorawd,LoRA+wd,0.0002,42.0,qwswm_lorawd_wd0p3_lr2e4,False,False,True,7.831624121927006,22.06032855817045,0.1187537940964412,0.1021701530662467,0.0737117504533251,-1.0675262353228467,45.86
qwswm_lorawd_wd0p3_lr2e4_s43,qwswm,Qwen-Math (qwswm),Qwen-2.5-7B,math,sweep,lorawd,LoRA+wd,0.0002,43.0,qwswm_lorawd_wd0p3_lr2e4,False,False,True,8.23762910958775,22.36095860161141,0.1193763263552887,0.1023887948141699,0.0739734575434072,-1.0594835150674329,44.96
qwswm_lorawd_wd0p3_lr2e4_s44,qwswm,Qwen-Math (qwswm),Qwen-2.5-7B,math,sweep,lorawd,LoRA+wd,0.0002,44.0,qwswm_lorawd_wd0p3_lr2e4,False,False,True,8.106770870222075,22.05699210668175,0.1212134322437909,0.1018255072119091,0.0767514726371556,-1.0282604091122216,44.92
qwswm_lorawd_wd0p3_lr2e5_s42,qwswm,Qwen-Math (qwswm),Qwen-2.5-7B,math,sweep,lorawd,LoRA+wd,2e-05,42.0,qwswm_lorawd_wd0p3_lr2e5,False,False,True,3.391824434496275,13.592674546881964,0.1254746358845268,0.1072162706253586,0.0814283782340731,-1.4190750243243806,43.66
qwswm_lorawd_wd0p3_lr2e5_s43,qwswm,Qwen-Math (qwswm),Qwen-2.5-7B,math,sweep,lorawd,LoRA+wd,2e-05,43.0,qwswm_lorawd_wd0p3_lr2e5,False,False,True,3.3724187926650577,13.67509937046529,0.1252673826661426,0.1075765832791916,0.0819520499381867,-1.424812155072339,43.63
qwswm_lorawd_wd0p3_lr2e5_s44,qwswm,Qwen-Math (qwswm),Qwen-2.5-7B,math,sweep,lorawd,LoRA+wd,2e-05,44.0,qwswm_lorawd_wd0p3_lr2e5,False,False,True,3.4033082339586693,13.666612852668472,0.1242600053827875,0.107779097700609,0.0815067745976129,-1.4213607900319276,43.38
qwswm_lorawd_wd0p3_lr3e4_ep6_s42,qwswm,Qwen-Math (qwswm),Qwen-2.5-7B,math,sweep,lorawd,LoRA+wd,0.0003,42.0,qwswm_lorawd_wd0p3_lr3e4_ep6,False,False,True,13.880125595445085,27.24804888796925,0.1165554931513708,0.1039025309000404,0.0740647217951428,-0.9415739755429946,44.57
qwswm_lorawd_wd0p3_lr3e4_ep6_s43,qwswm,Qwen-Math (qwswm),Qwen-2.5-7B,math,sweep,lorawd,LoRA+wd,0.0003,43.0,qwswm_lorawd_wd0p3_lr3e4_ep6,False,False,True,13.795040949861813,27.20090697118629,0.1164014736516888,0.1045502416427486,0.0741181009085675,-0.9404365820987324,44.12
qwswm_lorawd_wd0p3_lr3e4_ep6_s44,qwswm,Qwen-Math (qwswm),Qwen-2.5-7B,math,sweep,lorawd,LoRA+wd,0.0003,44.0,qwswm_lorawd_wd0p3_lr3e4_ep6,False,False,True,13.865936244532415,27.243340169768075,0.1159633855828702,0.1045008627760342,0.0737721991232982,-0.944621668625,44.35
qwswm_lorawd_wd0p3_lr3e4_s42,qwswm,Qwen-Math (qwswm),Qwen-2.5-7B,math,sweep,lorawd,LoRA+wd,0.0003,42.0,qwswm_lorawd_wd0p3_lr3e4,False,False,True,11.376651172628328,25.35913965697349,0.1166015015819728,0.0998800007242728,0.0722560133652606,-0.9838026464875608,45.44
qwswm_lorawd_wd0p3_lr3e4_s43,qwswm,Qwen-Math (qwswm),Qwen-2.5-7B,math,sweep,lorawd,LoRA+wd,0.0003,43.0,qwswm_lorawd_wd0p3_lr3e4,False,False,True,11.341910578571996,25.38025770812496,0.1164324773573964,0.1007348598007669,0.0719980064712006,-1.0030507515046188,44.98
qwswm_lorawd_wd0p3_lr3e4_s44,qwswm,Qwen-Math (qwswm),Qwen-2.5-7B,math,sweep,lorawd,LoRA+wd,0.0003,44.0,qwswm_lorawd_wd0p3_lr3e4,False,False,True,11.336624474366792,25.43020653682357,0.1168599009136467,0.100790243752318,0.0725564067343736,-0.9838026464875608,45.16
qwswm_lorawd_wd0p3_lr5e4_s42,qwswm,Qwen-Math (qwswm),Qwen-2.5-7B,math,sweep,lorawd,LoRA+wd,0.0005,42.0,qwswm_lorawd_wd0p3_lr5e4,False,False,True,15.663368135593188,28.14505744872932,0.112756819037618,0.097776443253437,0.0700198356116206,-0.90622821850127,45.06
qwswm_lorawd_wd0p3_lr5e4_s43,qwswm,Qwen-Math (qwswm),Qwen-2.5-7B,math,sweep,lorawd,LoRA+wd,0.0005,43.0,qwswm_lorawd_wd0p3_lr5e4,False,False,True,15.781542408646605,28.299710260377008,0.1129171325316966,0.0980986333187354,0.0696037512752946,-0.9136401693252518,45.48
qwswm_lorawd_wd0p3_lr5e4_s44,qwswm,Qwen-Math (qwswm),Qwen-2.5-7B,math,sweep,lorawd,LoRA+wd,0.0005,44.0,qwswm_lorawd_wd0p3_lr5e4,False,False,True,15.862382586809062,28.315695141626595,0.1131055038767796,0.0976748976761995,0.0699630997120736,-0.9168558568569476,44.34
qwswm_lorawd_wd0p3_lr5e5_s42,qwswm,Qwen-Math (qwswm),Qwen-2.5-7B,math,sweep,lorawd,LoRA+wd,5e-05,42.0,qwswm_lorawd_wd0p3_lr5e5,False,False,True,4.597823644338233,17.173144882947483,0.1259900017470424,0.1067723294070936,0.0779710204846523,-1.322393047279507,43.63
qwswm_lorawd_wd0p3_lr5e5_s43,qwswm,Qwen-Math (qwswm),Qwen-2.5-7B,math,sweep,lorawd,LoRA+wd,5e-05,43.0,qwswm_lorawd_wd0p3_lr5e5,False,False,True,4.590815505607578,17.21594595544558,0.1267619206769073,0.1067506121075405,0.0781074443387278,-1.3251388592621884,43.62
qwswm_lorawd_wd0p3_lr5e5_s44,qwswm,Qwen-Math (qwswm),Qwen-2.5-7B,math,sweep,lorawd,LoRA+wd,5e-05,44.0,qwswm_lorawd_wd0p3_lr5e5,False,False,True,4.59850278367918,17.240692783342922,0.1260783682006711,0.1063770056543371,0.0779961570776737,-1.322393047279507,44.03
qwswm_milora_r32_lr15e5_s42,qwswm,Qwen-Math (qwswm),Qwen-2.5-7B,math,sweep,milora,MiLoRA,0.00015,42.0,qwswm_milora_r32_lr15e5,False,False,True,10.988085327707108,31.72237837575076,0.0593931967727016,0.3953848186172066,0.0476667729947633,-0.9051796196452,43.96
qwswm_milora_r32_lr1e3_s42,qwswm,Qwen-Math (qwswm),Qwen-2.5-7B,math,sweep,milora,MiLoRA,0.001,42.0,qwswm_milora_r32_lr1e3,False,False,True,18.12517045547692,30.16047123772269,0.1024567804917928,0.1093533333209136,0.0671750984658154,-0.1844222516757327,7.26
qwswm_milora_r32_lr1e3_s43,qwswm,Qwen-Math (qwswm),Qwen-2.5-7B,math,sweep,milora,MiLoRA,0.001,43.0,qwswm_milora_r32_lr1e3,False,True,True,1.3751000900838384,2.620451247433989,0.1443395780243061,0.172317937524612,0.093899025547106,1.6602942612963905,0.0
qwswm_milora_r32_lr1e3_s44,qwswm,Qwen-Math (qwswm),Qwen-2.5-7B,math,sweep,milora,MiLoRA,0.001,44.0,qwswm_milora_r32_lr1e3,False,False,True,18.1921251570624,30.22586155063202,0.1012807075397029,0.1091591009686574,0.0664917564365895,-0.1838913292600961,9.5
qwswm_milora_r32_lr1e4_s42,qwswm,Qwen-Math (qwswm),Qwen-2.5-7B,math,sweep,milora,MiLoRA,0.0001,42.0,qwswm_milora_r32_lr1e4,False,False,True,10.734180373997262,32.441975488751005,0.0508546565592712,0.4613097917548259,0.0411055622046656,-1.0078885122130503,44.06
qwswm_milora_r32_lr1e4_s43,qwswm,Qwen-Math (qwswm),Qwen-2.5-7B,math,sweep,milora,MiLoRA,0.0001,43.0,qwswm_milora_r32_lr1e4,False,False,True,10.734784765501296,32.41147310680658,0.0512400014209708,0.4609587640933335,0.0413469029365356,-1.0083309926200514,43.04
qwswm_milora_r32_lr1e4_s44,qwswm,Qwen-Math (qwswm),Qwen-2.5-7B,math,sweep,milora,MiLoRA,0.0001,44.0,qwswm_milora_r32_lr1e4,False,False,True,10.674068345218725,32.354442133389384,0.0515082589371853,0.4603968714952831,0.041456770866229,-1.0074464821678644,44.55
qwswm_milora_r32_lr2e4_s42,qwswm,Qwen-Math (qwswm),Qwen-2.5-7B,math,sweep,milora,MiLoRA,0.0002,42.0,qwswm_milora_r32_lr2e4,False,False,True,11.48023792606553,31.28156329713624,0.0662027029482127,0.3412446202203477,0.0514023858729399,-0.8250684064715574,43.46
qwswm_milora_r32_lr2e4_s43,qwswm,Qwen-Math (qwswm),Qwen-2.5-7B,math,sweep,milora,MiLoRA,0.0002,43.0,qwswm_milora_r32_lr2e4,False,False,True,11.134040781724854,30.675231218149783,0.066935676751116,0.3388404808051148,0.0530187348246312,-0.8655041441653264,42.42
qwswm_milora_r32_lr2e4_s44,qwswm,Qwen-Math (qwswm),Qwen-2.5-7B,math,sweep,milora,MiLoRA,0.0002,44.0,qwswm_milora_r32_lr2e4,False,False,True,11.426006964275604,31.262124469234177,0.0666123632269644,0.3413478795624781,0.0519740383181569,-0.8259401922749746,43.37
qwswm_milora_r32_lr2e5_s42,qwswm,Qwen-Math (qwswm),Qwen-2.5-7B,math,sweep,milora,MiLoRA,2e-05,42.0,qwswm_milora_r32_lr2e5,False,False,True,7.755435582955648,28.86111351562523,0.0363616001864132,0.5717178119561817,0.0257667997603962,-1.329754146925876,43.16
qwswm_milora_r32_lr2e5_s43,qwswm,Qwen-Math (qwswm),Qwen-2.5-7B,math,sweep,milora,MiLoRA,2e-05,43.0,qwswm_milora_r32_lr2e5,False,False,True,7.768868647717239,28.87909209575602,0.0366590413239561,0.5715004297302485,0.0262358794945224,-1.3288271572849168,43.3
qwswm_milora_r32_lr2e5_s44,qwswm,Qwen-Math (qwswm),Qwen-2.5-7B,math,sweep,milora,MiLoRA,2e-05,44.0,qwswm_milora_r32_lr2e5,False,False,True,7.765324808194636,28.83558160062773,0.0366283756149482,0.5717895163693099,0.0261178009165516,-1.329754146925876,42.76
qwswm_milora_r32_lr3e4_s42,qwswm,Qwen-Math (qwswm),Qwen-2.5-7B,math,sweep,milora,MiLoRA,0.0003,42.0,qwswm_milora_r32_lr3e4,False,False,True,12.613135541176533,30.374995329450872,0.0766816768875932,0.2610750645757874,0.0566366026781058,-0.7057542838618818,39.51
qwswm_milora_r32_lr3e4_s43,qwswm,Qwen-Math (qwswm),Qwen-2.5-7B,math,sweep,milora,MiLoRA,0.0003,43.0,qwswm_milora_r32_lr3e4,False,False,True,12.312285211231972,30.18810522346096,0.0771498866414203,0.260996662877354,0.0572420431650661,-0.7090754406172457,40.96
qwswm_milora_r32_lr3e4_s44,qwswm,Qwen-Math (qwswm),Qwen-2.5-7B,math,sweep,milora,MiLoRA,0.0003,44.0,qwswm_milora_r32_lr3e4,False,False,True,12.41991663950364,30.16646311432909,0.0775267292650458,0.2598720755538766,0.0573117079791532,-0.7314220281171567,43.14
qwswm_milora_r32_lr5e4_s42,qwswm,Qwen-Math (qwswm),Qwen-2.5-7B,math,sweep,milora,MiLoRA,0.0005,42.0,qwswm_milora_r32_lr5e4,False,False,True,14.9816638173272,29.79882786232516,0.0889900807161481,0.176361336778353,0.0608421558171979,-0.5259294967849564,39.92
qwswm_milora_r32_lr5e4_s43,qwswm,Qwen-Math (qwswm),Qwen-2.5-7B,math,sweep,milora,MiLoRA,0.0005,43.0,qwswm_milora_r32_lr5e4,False,False,True,14.576774857380164,29.405639775769288,0.089296499357573,0.1753936466994219,0.0616441250794861,-0.5215778122599194,39.2
qwswm_milora_r32_lr5e4_s44,qwswm,Qwen-Math (qwswm),Qwen-2.5-7B,math,sweep,milora,MiLoRA,0.0005,44.0,qwswm_milora_r32_lr5e4,False,False,True,14.851803475363631,29.80278100210792,0.0893534313054249,0.1776717660488596,0.0608463760318364,-0.5272435506827877,39.75
qwswm_milora_r32_lr5e5_s42,qwswm,Qwen-Math (qwswm),Qwen-2.5-7B,math,sweep,milora,MiLoRA,5e-05,42.0,qwswm_milora_r32_lr5e5,False,False,True,9.426833976056416,31.496821380490385,0.0410220307298614,0.5317568341582656,0.0327448195082632,-1.1598939055432422,44.24
qwswm_milora_r32_lr5e5_s43,qwswm,Qwen-Math (qwswm),Qwen-2.5-7B,math,sweep,milora,MiLoRA,5e-05,43.0,qwswm_milora_r32_lr5e5,False,False,True,9.457078940024791,31.575503942791222,0.0416833973870086,0.5322839497246148,0.0330580752353207,-1.1598939055432422,43.72
qwswm_milora_r32_lr5e5_s44,qwswm,Qwen-Math (qwswm),Qwen-2.5-7B,math,sweep,milora,MiLoRA,5e-05,44.0,qwswm_milora_r32_lr5e5,False,False,True,9.471938212071423,31.595588722741734,0.0416919485486707,0.5320418082111867,0.032922857668789,-1.161780778092374,43.55
qwswm_milora_r32_lr7e5_s42,qwswm,Qwen-Math (qwswm),Qwen-2.5-7B,math,sweep,milora,MiLoRA,7e-05,42.0,qwswm_milora_r32_lr7e5,False,False,True,10.12124266242084,32.16256524286192,0.0450663343368618,0.5034500844546644,0.0365563726821655,-1.0904439707588247,44.09
qwswm_sclora_r32_lr1e3_s42,qwswm,Qwen-Math (qwswm),Qwen-2.5-7B,math,sweep,sclora,SC-LoRA,0.001,42.0,qwswm_sclora_r32_lr1e3,False,False,True,19.433956539883688,34.264470270536954,0.1353711018867088,0.0878785070899548,0.1125604714662774,-0.0658046506521155,6.36
qwswm_sclora_r32_lr1e3_s43,qwswm,Qwen-Math (qwswm),Qwen-2.5-7B,math,sweep,sclora,SC-LoRA,0.001,43.0,qwswm_sclora_r32_lr1e3,False,False,True,19.41120866139759,34.36542151950568,0.1331787088337088,0.0880516984359415,0.1113601239293029,-0.0675769736232611,7.24
qwswm_sclora_r32_lr1e3_s44,qwswm,Qwen-Math (qwswm),Qwen-2.5-7B,math,sweep,sclora,SC-LoRA,0.001,44.0,qwswm_sclora_r32_lr1e3,False,False,True,19.491398170027512,34.24260353591904,0.1347220876081177,0.0878232889796579,0.1118879830555468,-0.0600815796309432,6.56
qwswm_sclora_r32_lr1e4_s42,qwswm,Qwen-Math (qwswm),Qwen-2.5-7B,math,sweep,sclora,SC-LoRA,0.0001,42.0,qwswm_sclora_r32_lr1e4,False,False,True,15.201344187019942,40.96807597627048,0.1586134537528927,0.1020652588999874,0.1723774897942949,-0.7382614526474622,39.3
qwswm_sclora_r32_lr1e4_s43,qwswm,Qwen-Math (qwswm),Qwen-2.5-7B,math,sweep,sclora,SC-LoRA,0.0001,43.0,qwswm_sclora_r32_lr1e4,False,False,True,15.29053564079364,41.07964247980311,0.1584928050960274,0.1019364869649564,0.1720081892853288,-0.743282254022513,39.97
qwswm_sclora_r32_lr1e4_s44,qwswm,Qwen-Math (qwswm),Qwen-2.5-7B,math,sweep,sclora,SC-LoRA,0.0001,44.0,qwswm_sclora_r32_lr1e4,False,False,True,15.28649540544662,41.062441839534365,0.1584992931794308,0.1019126353341147,0.1719980239111814,-0.7430418474390682,40.33
qwswm_sclora_r32_lr2e4_s42,qwswm,Qwen-Math (qwswm),Qwen-2.5-7B,math,sweep,sclora,SC-LoRA,0.0002,42.0,qwswm_sclora_r32_lr2e4,False,False,True,15.996526537588034,41.55182204927073,0.1594112809676171,0.1004031402494454,0.1659718092619335,-0.5307672574933879,36.72
qwswm_sclora_r32_lr2e4_s43,qwswm,Qwen-Math (qwswm),Qwen-2.5-7B,math,sweep,sclora,SC-LoRA,0.0002,43.0,qwswm_sclora_r32_lr2e4,False,False,True,15.866338489512067,41.46594451693967,0.1596691305087138,0.1005603541733659,0.1662173118497214,-0.5318004139273874,34.75
qwswm_sclora_r32_lr2e4_s44,qwswm,Qwen-Math (qwswm),Qwen-2.5-7B,math,sweep,sclora,SC-LoRA,0.0002,44.0,qwswm_sclora_r32_lr2e4,False,False,True,15.86146228890845,41.40782244711009,0.1599949746289089,0.1004578213335339,0.1673613045806654,-0.5284149458148103,35.87
qwswm_sclora_r32_lr2e5_s42,qwswm,Qwen-Math (qwswm),Qwen-2.5-7B,math,sweep,sclora,SC-LoRA,2e-05,42.0,qwswm_sclora_r32_lr2e5,False,False,True,12.374844668366729,35.19428498129378,0.150695566349905,0.1039475804014768,0.1722844525841644,-1.2588484011482148,44.16
qwswm_sclora_r32_lr2e5_s43,qwswm,Qwen-Math (qwswm),Qwen-2.5-7B,math,sweep,sclora,SC-LoRA,2e-05,43.0,qwswm_sclora_r32_lr2e5,False,False,True,12.386218999705465,35.24653744078103,0.1507495274302911,0.1040554796611109,0.1723221962736191,-1.2588484011482148,44.28
qwswm_sclora_r32_lr2e5_s44,qwswm,Qwen-Math (qwswm),Qwen-2.5-7B,math,sweep,sclora,SC-LoRA,2e-05,44.0,qwswm_sclora_r32_lr2e5,False,False,True,12.38282280463766,35.25901915988249,0.1507354348784167,0.1039767762146332,0.1721738173706406,-1.258060922270801,44.56
qwswm_sclora_r32_lr3e4_s42,qwswm,Qwen-Math (qwswm),Qwen-2.5-7B,math,sweep,sclora,SC-LoRA,0.0003,42.0,qwswm_sclora_r32_lr3e4,False,False,True,16.45967210562045,40.27168844582554,0.1567716615928099,0.0985787800146659,0.1566487147616426,-0.4223933226374644,30.12
qwswm_sclora_r32_lr3e4_s43,qwswm,Qwen-Math (qwswm),Qwen-2.5-7B,math,sweep,sclora,SC-LoRA,0.0003,43.0,qwswm_sclora_r32_lr3e4,False,False,True,16.59351188978433,40.2772437270564,0.1565249469742756,0.0986818141408426,0.1564097435721018,-0.4222784754909791,32.61
qwswm_sclora_r32_lr3e4_s44,qwswm,Qwen-Math (qwswm),Qwen-2.5-7B,math,sweep,sclora,SC-LoRA,0.0003,44.0,qwswm_sclora_r32_lr3e4,False,False,False,16.37345532278264,40.10159863409791,0.1562487331950809,0.0984715539222998,0.1564847420808273,-0.412401270278755,30.16
qwswm_sclora_r32_lr5e4_s42,qwswm,Qwen-Math (qwswm),Qwen-2.5-7B,math,sweep,sclora,SC-LoRA,0.0005,42.0,qwswm_sclora_r32_lr5e4,False,False,True,17.73175297666116,37.57799995044241,0.1466011805295307,0.0947852537176325,0.136152547930676,-0.2767906895948886,20.92
qwswm_sclora_r32_lr5e4_s43,qwswm,Qwen-Math (qwswm),Qwen-2.5-7B,math,sweep,sclora,SC-LoRA,0.0005,43.0,qwswm_sclora_r32_lr5e4,False,False,True,17.827957067454474,37.62303732731677,0.1467334331254086,0.0948555522714836,0.1364191574707204,-0.2810003621212818,26.84
qwswm_sclora_r32_lr5e4_s44,qwswm,Qwen-Math (qwswm),Qwen-2.5-7B,math,sweep,sclora,SC-LoRA,0.0005,44.0,qwswm_sclora_r32_lr5e4,False,False,True,17.85643204352601,37.63287275738604,0.1465418730042251,0.0949908023793165,0.1363513872539163,-0.2803373169819533,23.58
qwswm_sclora_r32_lr5e5_s42,qwswm,Qwen-Math (qwswm),Qwen-2.5-7B,math,sweep,sclora,SC-LoRA,5e-05,42.0,qwswm_sclora_r32_lr5e5,False,False,True,14.36362526387377,38.53886938527906,0.1543108027602641,0.1030295528392541,0.1708057043707179,-0.9706162223147904,43.95
qwswm_sclora_r32_lr5e5_s43,qwswm,Qwen-Math (qwswm),Qwen-2.5-7B,math,sweep,sclora,SC-LoRA,5e-05,43.0,qwswm_sclora_r32_lr5e5,False,False,True,14.361623453308018,38.56033502225646,0.1542687831432319,0.1030296384531241,0.1705952807044061,-0.97183558057553,42.84
qwswm_sclora_r32_lr5e5_s44,qwswm,Qwen-Math (qwswm),Qwen-2.5-7B,math,sweep,sclora,SC-LoRA,5e-05,44.0,qwswm_sclora_r32_lr5e5,False,False,True,14.419972543004992,38.57102648878064,0.1541527711211929,0.1031941797430904,0.1704160731409019,-0.97183558057553,42.63
