run,family,family_label,model,task,recipe,method,method_display,lr,seed,cell,withheld,quarantined,on_pool,forgetting_ce,base_entropy,forgetting_kl,log10_fdelta,retention_mean
frc_clora_k1024_lr3e4_c256_s42,frc,Llama-CS grid (frc),Llama-2-7B,cs,faithful-CLoRA grid,clora,CLoRA,0.0003,42.0,frc_clora_k1024_lr3e4_c256,False,False,True,2.2697829769998994,1.8520239240816387,0.4177590529182606,-0.3552660725528074,24.3
frc_clora_k1024_lr3e4_c256_s43,frc,Llama-CS grid (frc),Llama-2-7B,cs,faithful-CLoRA grid,clora,CLoRA,0.0003,43.0,frc_clora_k1024_lr3e4_c256,False,False,True,2.300955573423611,1.8520239240816387,0.4489316493419721,-0.3557584141562713,24.32
frc_clora_k1024_lr3e4_c256_s44,frc,Llama-CS grid (frc),Llama-2-7B,cs,faithful-CLoRA grid,clora,CLoRA,0.0003,44.0,frc_clora_k1024_lr3e4_c256,False,False,True,2.300719129400923,1.8520239240816387,0.4486952053192841,-0.3454384452582567,24.54
frc_clora_k1024_lr3e4_c256_s45,frc,Llama-CS grid (frc),Llama-2-7B,cs,faithful-CLoRA grid,clora,CLoRA,0.0003,45.0,frc_clora_k1024_lr3e4_c256,False,False,True,2.209820737932891,1.810069211692996,0.3997515262398952,-0.3364875295848444,23.36
frc_clora_k128_lr3e4_c256_s42,frc,Llama-CS grid (frc),Llama-2-7B,cs,faithful-CLoRA grid,clora,CLoRA,0.0003,42.0,frc_clora_k128_lr3e4_c256,False,False,True,2.408633733779311,1.8520239240816387,0.5566098096976724,-0.2146701649892329,22.64
frc_clora_k128_lr3e4_c256_s43,frc,Llama-CS grid (frc),Llama-2-7B,cs,faithful-CLoRA grid,clora,CLoRA,0.0003,43.0,frc_clora_k128_lr3e4_c256,False,False,True,2.4122848917806365,1.8520239240816387,0.5602609676989978,-0.2098556349570994,22.88
frc_clora_k128_lr3e4_c256_s44,frc,Llama-CS grid (frc),Llama-2-7B,cs,faithful-CLoRA grid,clora,CLoRA,0.0003,44.0,frc_clora_k128_lr3e4_c256,False,False,True,2.3643913779739862,1.810069211692996,0.5543221662809905,-0.2219935385764916,22.92
frc_clora_k128_lr3e4_c256_s45,frc,Llama-CS grid (frc),Llama-2-7B,cs,faithful-CLoRA grid,clora,CLoRA,0.0003,45.0,frc_clora_k128_lr3e4_c256,False,False,True,2.3616478338653977,1.810069211692996,0.5515786221724019,-0.1986649043254534,22.29
frc_clora_k2048_lr3e4_c256_s42,frc,Llama-CS grid (frc),Llama-2-7B,cs,faithful-CLoRA grid,clora,CLoRA,0.0003,42.0,frc_clora_k2048_lr3e4_c256,False,False,True,2.171742758854179,1.8520239240816387,0.3197188347725404,-0.4639468448407953,25.02
frc_clora_k2048_lr3e4_c256_s43,frc,Llama-CS grid (frc),Llama-2-7B,cs,faithful-CLoRA grid,clora,CLoRA,0.0003,43.0,frc_clora_k2048_lr3e4_c256,False,False,True,2.189928495759926,1.8520239240816387,0.3379045716782873,-0.4539511335982656,25.27
frc_clora_k2048_lr3e4_c256_s44,frc,Llama-CS grid (frc),Llama-2-7B,cs,faithful-CLoRA grid,clora,CLoRA,0.0003,44.0,frc_clora_k2048_lr3e4_c256,False,False,True,2.170068059809116,1.8520239240816387,0.3180441357274772,-0.4571745730408201,25.22
frc_clora_k2048_lr3e4_c256_s45,frc,Llama-CS grid (frc),Llama-2-7B,cs,faithful-CLoRA grid,clora,CLoRA,0.0003,45.0,frc_clora_k2048_lr3e4_c256,False,False,True,2.102702595559553,1.810069211692996,0.2926333838665578,-0.4737899961583357,25.29
frc_clora_k2048_lr3e4_c256_s46,frc,Llama-CS grid (frc),Llama-2-7B,cs,faithful-CLoRA grid,clora,CLoRA,0.0003,46.0,frc_clora_k2048_lr3e4_c256,False,False,True,2.150532061984792,1.810069211692996,0.3404628502917963,-0.4524714235402178,25.49
frc_clora_k256_lr3e4_c256_s42,frc,Llama-CS grid (frc),Llama-2-7B,cs,faithful-CLoRA grid,clora,CLoRA,0.0003,42.0,frc_clora_k256_lr3e4_c256,False,False,True,2.406892788429829,1.8520239240816387,0.5548688643481898,-0.2183882175068499,22.66
frc_clora_k256_lr3e4_c256_s43,frc,Llama-CS grid (frc),Llama-2-7B,cs,faithful-CLoRA grid,clora,CLoRA,0.0003,43.0,frc_clora_k256_lr3e4_c256,False,False,True,2.3140700907075584,1.810069211692996,0.5040008790145627,-0.2444300193712,24.18
frc_clora_k256_lr3e4_c256_s45,frc,Llama-CS grid (frc),Llama-2-7B,cs,faithful-CLoRA grid,clora,CLoRA,0.0003,45.0,frc_clora_k256_lr3e4_c256,False,False,True,2.332762782874611,1.810069211692996,0.5226935711816154,-0.2336615247487127,23.08
frc_clora_k512_lr3e4_c256_s42,frc,Llama-CS grid (frc),Llama-2-7B,cs,faithful-CLoRA grid,clora,CLoRA,0.0003,42.0,frc_clora_k512_lr3e4_c256,False,False,True,2.3297962392640645,1.8520239240816387,0.4777723151824258,-0.2950777087765982,23.6
frc_clora_k512_lr3e4_c256_s43,frc,Llama-CS grid (frc),Llama-2-7B,cs,faithful-CLoRA grid,clora,CLoRA,0.0003,43.0,frc_clora_k512_lr3e4_c256,False,False,True,2.3062219308036,1.810069211692996,0.4961527191106041,-0.2665619729089387,22.09
frc_clora_k512_lr3e4_c256_s44,frc,Llama-CS grid (frc),Llama-2-7B,cs,faithful-CLoRA grid,clora,CLoRA,0.0003,44.0,frc_clora_k512_lr3e4_c256,False,False,True,2.3653134915187173,1.8520239240816387,0.5132895674370785,-0.2667224660674182,23.18
frc_clora_k512_lr3e4_c256_s45,frc,Llama-CS grid (frc),Llama-2-7B,cs,faithful-CLoRA grid,clora,CLoRA,0.0003,45.0,frc_clora_k512_lr3e4_c256,False,False,True,2.296244223740336,1.810069211692996,0.48617501204734,-0.2992962828549806,24.16
frc_clora_k512_lr3e4_c256_s46,frc,Llama-CS grid (frc),Llama-2-7B,cs,faithful-CLoRA grid,clora,CLoRA,0.0003,46.0,frc_clora_k512_lr3e4_c256,False,False,True,2.3535711207929007,1.810069211692996,0.5435019090999049,-0.2905604258675891,23.52
frc_cordapp_a1r_lr2e5_c256_s42,frc,Llama-CS grid (frc),Llama-2-7B,cs,faithful-CLoRA grid,cordapp,CorDA++ (withheld),2e-05,42.0,frc_cordapp_a1r_lr2e5_c256,True,False,False,1.8690609189652403,1.8520239240816387,0.0170369948836015,-0.7602001815529014,26.56
frc_cordapp_lr1e3_c256_s42,frc,Llama-CS grid (frc),Llama-2-7B,cs,faithful-CLoRA grid,cordapp,CorDA++ (withheld),0.001,42.0,frc_cordapp_lr1e3_c256,True,True,False,9.44727132852942,1.8520239240816387,7.5952474044477825,2.042954124593958,0.0
frc_cordapp_lr1e4_c256_s42,frc,Llama-CS grid (frc),Llama-2-7B,cs,faithful-CLoRA grid,cordapp,CorDA++ (withheld),0.0001,42.0,frc_cordapp_lr1e4_c256,True,False,False,2.0817783651783777,1.8520239240816387,0.2297544410967389,-0.3632113109656252,25.53
frc_cordapp_lr2e4_c256_s42,frc,Llama-CS grid (frc),Llama-2-7B,cs,faithful-CLoRA grid,cordapp,CorDA++ (withheld),0.0002,42.0,frc_cordapp_lr2e4_c256,True,False,False,2.062265089991276,1.8520239240816387,0.210241165909637,-0.2505729008782511,22.98
frc_cordapp_lr2e5_c256_s42,frc,Llama-CS grid (frc),Llama-2-7B,cs,faithful-CLoRA grid,cordapp,CorDA++ (withheld),2e-05,42.0,frc_cordapp_lr2e5_c256,True,False,False,1.8770420309305893,1.8520239240816387,0.0250181068489507,-0.6405439798790133,26.03
frc_cordapp_lr3e4_c256_s42,frc,Llama-CS grid (frc),Llama-2-7B,cs,faithful-CLoRA grid,cordapp,CorDA++ (withheld),0.0003,42.0,frc_cordapp_lr3e4_c256,True,False,False,2.316933956814651,1.8520239240816387,0.4649100327330124,-0.1161682866705475,22.44
frc_cordapp_lr5e4_c256_s42,frc,Llama-CS grid (frc),Llama-2-7B,cs,faithful-CLoRA grid,cordapp,CorDA++ (withheld),0.0005,42.0,frc_cordapp_lr5e4_c256,True,True,False,6.753286130428688,1.8520239240816387,4.901262206347049,1.0246703472520045,16.27
frc_cordapp_lr7e4_c256_s42,frc,Llama-CS grid (frc),Llama-2-7B,cs,faithful-CLoRA grid,cordapp,CorDA++ (withheld),0.0007,42.0,frc_cordapp_lr7e4_c256,True,True,False,7.716050269976937,1.8520239240816387,5.864026345895298,1.4920056531492256,15.98
frc_dora_r32_lr3e4_c256_s42,frc,Llama-CS grid (frc),Llama-2-7B,cs,faithful-CLoRA grid,dora,DoRA,0.0003,42.0,frc_dora_r32_lr3e4_c256,False,False,True,2.5003465475859667,1.8520239240816387,0.648322623504328,-0.0470623322490194,20.9
frc_dora_r32_lr3e4_c256_s43,frc,Llama-CS grid (frc),Llama-2-7B,cs,faithful-CLoRA grid,dora,DoRA,0.0003,43.0,frc_dora_r32_lr3e4_c256,False,False,True,2.443407126724521,1.810069211692996,0.6333379150315255,-0.0287241512618947,22.78
frc_dora_r32_lr3e4_c256_s44,frc,Llama-CS grid (frc),Llama-2-7B,cs,faithful-CLoRA grid,dora,DoRA,0.0003,44.0,frc_dora_r32_lr3e4_c256,False,False,True,2.4675555396690863,1.810069211692996,0.6574863279760905,-0.037062711569998,21.15
frc_lora_l2_lr3e4_c256_s42,frc,Llama-CS grid (frc),Llama-2-7B,cs,faithful-CLoRA grid,lora,LoRA,0.0003,42.0,frc_lora_l2_lr3e4_c256,False,False,True,2.4559773847956423,1.8520239240816387,0.6039534607140036,-0.1443597191098548,21.7
frc_lora_l2_lr3e4_c256_s43,frc,Llama-CS grid (frc),Llama-2-7B,cs,faithful-CLoRA grid,lora,LoRA,0.0003,43.0,frc_lora_l2_lr3e4_c256,False,False,True,2.4468293970340933,1.810069211692996,0.6367601853410976,-0.1455117749555695,22.57
frc_lora_l2_lr3e4_c256_s44,frc,Llama-CS grid (frc),Llama-2-7B,cs,faithful-CLoRA grid,lora,LoRA,0.0003,44.0,frc_lora_l2_lr3e4_c256,False,False,True,2.423823566829465,1.810069211692996,0.6137543551364695,-0.1405614645449437,23.0
frc_lora_l2_lr3e4_c256_s45,frc,Llama-CS grid (frc),Llama-2-7B,cs,faithful-CLoRA grid,lora,LoRA,0.0003,45.0,frc_lora_l2_lr3e4_c256,False,False,True,2.416584319112975,1.810069211692996,0.6065151074199793,-0.1347775437098209,23.38
frc_lora_null_lr1e3_c256_s42,frc,Llama-CS grid (frc),Llama-2-7B,cs,faithful-CLoRA grid,lora_null,LoRA-Null,0.001,42.0,frc_lora_null_lr1e3_c256,False,True,True,10.711468119036727,1.8520239240816387,8.85944419495509,0.8853555651186297,2.48
frc_lora_null_lr1e3_c256_s43,frc,Llama-CS grid (frc),Llama-2-7B,cs,faithful-CLoRA grid,lora_null,LoRA-Null,0.001,43.0,frc_lora_null_lr1e3_c256,False,True,True,9.211153445183632,1.810069211692996,7.401084233490637,0.9042285163400784,1.38
frc_lora_null_lr1e3_c256_s44,frc,Llama-CS grid (frc),Llama-2-7B,cs,faithful-CLoRA grid,lora_null,LoRA-Null,0.001,44.0,frc_lora_null_lr1e3_c256,False,True,True,5.80027620845118,1.810069211692996,3.990206996758184,0.8172347304254982,1.08
frc_lora_null_lr1e4_c256_s42,frc,Llama-CS grid (frc),Llama-2-7B,cs,faithful-CLoRA grid,lora_null,LoRA-Null,0.0001,42.0,frc_lora_null_lr1e4_c256,False,False,True,2.124705683811734,1.8520239240816387,0.2726817597300952,-0.507938395487401,24.08
frc_lora_null_lr1e4_c256_s43,frc,Llama-CS grid (frc),Llama-2-7B,cs,faithful-CLoRA grid,lora_null,LoRA-Null,0.0001,43.0,frc_lora_null_lr1e4_c256,False,False,True,2.077451387400753,1.810069211692996,0.2673821757077574,-0.5015515968260004,24.39
frc_lora_null_lr1e4_c256_s44,frc,Llama-CS grid (frc),Llama-2-7B,cs,faithful-CLoRA grid,lora_null,LoRA-Null,0.0001,44.0,frc_lora_null_lr1e4_c256,False,False,True,2.0793003906824934,1.810069211692996,0.2692311789894976,-0.5086383061657274,25.71
frc_lora_null_lr1e4_c256_s45,frc,Llama-CS grid (frc),Llama-2-7B,cs,faithful-CLoRA grid,lora_null,LoRA-Null,0.0001,45.0,frc_lora_null_lr1e4_c256,False,False,True,2.088098316732558,1.810069211692996,0.2780291050395622,-0.5029320636014952,25.76
frc_lora_null_lr2e4_c256_s42,frc,Llama-CS grid (frc),Llama-2-7B,cs,faithful-CLoRA grid,lora_null,LoRA-Null,0.0002,42.0,frc_lora_null_lr2e4_c256,False,False,True,2.398510818139287,1.8520239240816387,0.5464868940576482,-0.2724587429714435,23.33
frc_lora_null_lr2e4_c256_s43,frc,Llama-CS grid (frc),Llama-2-7B,cs,faithful-CLoRA grid,lora_null,LoRA-Null,0.0002,43.0,frc_lora_null_lr2e4_c256,False,False,True,2.3434972588692133,1.810069211692996,0.5334280471762176,-0.272214825817094,23.29
frc_lora_null_lr2e4_c256_s44,frc,Llama-CS grid (frc),Llama-2-7B,cs,faithful-CLoRA grid,lora_null,LoRA-Null,0.0002,44.0,frc_lora_null_lr2e4_c256,False,False,True,2.3803951934978165,1.810069211692996,0.5703259818048207,-0.2702684047129646,23.34
frc_lora_null_lr2e4_c256_s45,frc,Llama-CS grid (frc),Llama-2-7B,cs,faithful-CLoRA grid,lora_null,LoRA-Null,0.0002,45.0,frc_lora_null_lr2e4_c256,False,False,True,2.3836648286749424,1.8520239240816387,0.5316409045933037,-0.2684112348132613,22.9
frc_lora_null_lr2e4_c256_s46,frc,Llama-CS grid (frc),Llama-2-7B,cs,faithful-CLoRA grid,lora_null,LoRA-Null,0.0002,46.0,frc_lora_null_lr2e4_c256,False,False,True,2.3752112366713884,1.810069211692996,0.5651420249783927,-0.2716462179787715,22.78
frc_lora_null_lr2e5_c256_s42,frc,Llama-CS grid (frc),Llama-2-7B,cs,faithful-CLoRA grid,lora_null,LoRA-Null,2e-05,42.0,frc_lora_null_lr2e5_c256,False,False,True,1.9384578438278937,1.8520239240816387,0.0864339197462549,-0.7969671129852894,26.52
frc_lora_null_lr2e5_c256_s43,frc,Llama-CS grid (frc),Llama-2-7B,cs,faithful-CLoRA grid,lora_null,LoRA-Null,2e-05,43.0,frc_lora_null_lr2e5_c256,False,False,True,1.895269618028632,1.810069211692996,0.0852004063356361,-0.801068130067791,26.0
frc_lora_null_lr3e4_c256_s42,frc,Llama-CS grid (frc),Llama-2-7B,cs,faithful-CLoRA grid,lora_null,LoRA-Null,0.0003,42.0,frc_lora_null_lr3e4_c256,False,False,True,2.615585326108065,1.8520239240816387,0.7635614020264261,-0.1117643267294328,18.66
frc_lora_null_lr3e4_c256_s43,frc,Llama-CS grid (frc),Llama-2-7B,cs,faithful-CLoRA grid,lora_null,LoRA-Null,0.0003,43.0,frc_lora_null_lr3e4_c256,False,False,True,2.581426295532599,1.810069211692996,0.7713570838396031,-0.1186153432294271,20.74
frc_lora_null_lr3e4_c256_s44,frc,Llama-CS grid (frc),Llama-2-7B,cs,faithful-CLoRA grid,lora_null,LoRA-Null,0.0003,44.0,frc_lora_null_lr3e4_c256,False,False,True,2.6230459969421487,1.810069211692996,0.812976785249153,-0.1073489661226996,18.32
frc_lora_null_lr3e4_c256_s45,frc,Llama-CS grid (frc),Llama-2-7B,cs,faithful-CLoRA grid,lora_null,LoRA-Null,0.0003,45.0,frc_lora_null_lr3e4_c256,False,False,True,2.5826145832020866,1.810069211692996,0.7725453715090909,-0.1125514997500462,18.09
frc_lora_null_lr5e4_c256_s42,frc,Llama-CS grid (frc),Llama-2-7B,cs,faithful-CLoRA grid,lora_null,LoRA-Null,0.0005,42.0,frc_lora_null_lr5e4_c256,False,False,True,2.964560673775605,1.8520239240816387,1.1125367496939664,0.0811672147134724,16.43
frc_lora_null_lr5e4_c256_s43,frc,Llama-CS grid (frc),Llama-2-7B,cs,faithful-CLoRA grid,lora_null,LoRA-Null,0.0005,43.0,frc_lora_null_lr5e4_c256,False,False,True,3.0079479839006567,1.810069211692996,1.197878772207661,0.0728745968109887,17.47
frc_lora_null_lr5e4_c256_s44,frc,Llama-CS grid (frc),Llama-2-7B,cs,faithful-CLoRA grid,lora_null,LoRA-Null,0.0005,44.0,frc_lora_null_lr5e4_c256,False,False,True,2.9638696666537383,1.810069211692996,1.1538004549607426,0.093421685162235,16.81
frc_lora_null_lr5e4_c256_s45,frc,Llama-CS grid (frc),Llama-2-7B,cs,faithful-CLoRA grid,lora_null,LoRA-Null,0.0005,45.0,frc_lora_null_lr5e4_c256,False,False,True,3.013503932105336,1.810069211692996,1.20343472041234,0.090751689644903,17.32
frc_lora_null_lr5e4_c256_s46,frc,Llama-CS grid (frc),Llama-2-7B,cs,faithful-CLoRA grid,lora_null,LoRA-Null,0.0005,46.0,frc_lora_null_lr5e4_c256,False,False,True,2.9855689914310437,1.810069211692996,1.1754997797380475,0.0727276895852654,16.39
frc_lora_null_lr7e4_c256_s42,frc,Llama-CS grid (frc),Llama-2-7B,cs,faithful-CLoRA grid,lora_null,LoRA-Null,0.0007,42.0,frc_lora_null_lr7e4_c256,False,False,True,3.370616961276014,1.8520239240816387,1.5185930371943752,0.2111472498144923,14.34
frc_lora_null_lr7e4_c256_s43,frc,Llama-CS grid (frc),Llama-2-7B,cs,faithful-CLoRA grid,lora_null,LoRA-Null,0.0007,43.0,frc_lora_null_lr7e4_c256,False,False,True,3.343153943720239,1.810069211692996,1.5330847320272432,0.2028968085295292,15.64
frc_lora_null_lr7e4_c256_s44,frc,Llama-CS grid (frc),Llama-2-7B,cs,faithful-CLoRA grid,lora_null,LoRA-Null,0.0007,44.0,frc_lora_null_lr7e4_c256,False,False,True,3.3235371754770884,1.810069211692996,1.5134679637840929,0.209702632120352,13.54
frc_lora_r16_lr3e4_c256_s42,frc,Llama-CS grid (frc),Llama-2-7B,cs,faithful-CLoRA grid,lora,LoRA,0.0003,42.0,frc_lora_r16_lr3e4_c256,False,False,True,2.2622745343109734,1.8520239240816387,0.4102506102293346,-0.2196106715290472,23.0
frc_lora_r16_lr3e4_c256_s43,frc,Llama-CS grid (frc),Llama-2-7B,cs,faithful-CLoRA grid,lora,LoRA,0.0003,43.0,frc_lora_r16_lr3e4_c256,False,False,True,2.2244252256769745,1.810069211692996,0.4143560139839788,-0.2204756566752101,24.36
frc_lora_r16_lr3e4_c256_s45,frc,Llama-CS grid (frc),Llama-2-7B,cs,faithful-CLoRA grid,lora,LoRA,0.0003,45.0,frc_lora_r16_lr3e4_c256,False,False,True,2.2103546718486373,1.810069211692996,0.4002854601556416,-0.2196106715290472,23.32
frc_lora_r32_lr3e4_c256_s42,frc,Llama-CS grid (frc),Llama-2-7B,cs,faithful-CLoRA grid,lora,LoRA,0.0003,42.0,frc_lora_r32_lr3e4_c256,False,False,True,2.4503866519613258,1.8520239240816387,0.598362727879687,-0.1311792938024826,22.19
frc_lora_r32_lr3e4_c256_s43,frc,Llama-CS grid (frc),Llama-2-7B,cs,faithful-CLoRA grid,lora,LoRA,0.0003,43.0,frc_lora_r32_lr3e4_c256,False,False,True,2.4430484950544185,1.810069211692996,0.6329792833614227,-0.1198154471735665,22.34
frc_lora_r32_lr3e4_c256_s44,frc,Llama-CS grid (frc),Llama-2-7B,cs,faithful-CLoRA grid,lora,LoRA,0.0003,44.0,frc_lora_r32_lr3e4_c256,False,False,True,2.432814214191541,1.810069211692996,0.6227450024985453,-0.1393625832262453,21.6
frc_lora_r32_lr3e4_c256_s45,frc,Llama-CS grid (frc),Llama-2-7B,cs,faithful-CLoRA grid,lora,LoRA,0.0003,45.0,frc_lora_r32_lr3e4_c256,False,False,True,2.420789230733542,1.810069211692996,0.6107200190405464,-0.126505017743831,21.86
frc_lora_r32_lr3e4_c256_s46,frc,Llama-CS grid (frc),Llama-2-7B,cs,faithful-CLoRA grid,lora,LoRA,0.0003,46.0,frc_lora_r32_lr3e4_c256,False,False,True,2.4444308105325567,1.810069211692996,0.634361598839561,-0.1179880383733413,22.66
frc_lora_r8_lr3e4_c256_s42,frc,Llama-CS grid (frc),Llama-2-7B,cs,faithful-CLoRA grid,lora,LoRA,0.0003,42.0,frc_lora_r8_lr3e4_c256,False,False,True,2.1173458292370717,1.8520239240816387,0.2653219051554325,-0.2858379539011467,23.96
frc_lora_r8_lr3e4_c256_s43,frc,Llama-CS grid (frc),Llama-2-7B,cs,faithful-CLoRA grid,lora,LoRA,0.0003,43.0,frc_lora_r8_lr3e4_c256,False,False,True,2.083911906542193,1.810069211692996,0.2738426948491972,-0.2951633937885962,24.95
frc_lora_r8_lr3e4_c256_s44,frc,Llama-CS grid (frc),Llama-2-7B,cs,faithful-CLoRA grid,lora,LoRA,0.0003,44.0,frc_lora_r8_lr3e4_c256,False,False,True,2.116840586939231,1.8520239240816387,0.2648166628575921,-0.2802545074704233,24.83
frc_lora_r8_lr3e4_c256_s45,frc,Llama-CS grid (frc),Llama-2-7B,cs,faithful-CLoRA grid,lora,LoRA,0.0003,45.0,frc_lora_r8_lr3e4_c256,False,False,True,2.089740534063535,1.810069211692996,0.2796713223705394,-0.2869296741443606,25.04
frc_lorawd_wd0_lr1e3_c256_s42,frc,Llama-CS grid (frc),Llama-2-7B,cs,faithful-CLoRA grid,lorawd,LoRA+wd,0.001,42.0,frc_lorawd_wd0_lr1e3_c256,False,False,True,7.323944145304555,1.8520239240816387,5.471920221222916,0.8475726591421122,3.32
frc_lorawd_wd0_lr1e3_c256_s43,frc,Llama-CS grid (frc),Llama-2-7B,cs,faithful-CLoRA grid,lorawd,LoRA+wd,0.001,43.0,frc_lorawd_wd0_lr1e3_c256,False,False,True,5.62739577557749,1.810069211692996,3.817326563884494,0.7324580949807639,3.12
frc_lorawd_wd0_lr1e3_c256_s44,frc,Llama-CS grid (frc),Llama-2-7B,cs,faithful-CLoRA grid,lorawd,LoRA+wd,0.001,44.0,frc_lorawd_wd0_lr1e3_c256,False,False,True,4.979618203742325,1.810069211692996,3.1695489920493287,0.7127254440594999,6.1
frc_lorawd_wd0_lr1e4_c256_s42,frc,Llama-CS grid (frc),Llama-2-7B,cs,faithful-CLoRA grid,lorawd,LoRA+wd,0.0001,42.0,frc_lorawd_wd0_lr1e4_c256,False,False,True,2.0360680948623298,1.8520239240816387,0.184044170780691,-0.5225893120927484,26.52
frc_lorawd_wd0_lr1e4_c256_s43,frc,Llama-CS grid (frc),Llama-2-7B,cs,faithful-CLoRA grid,lorawd,LoRA+wd,0.0001,43.0,frc_lorawd_wd0_lr1e4_c256,False,False,True,1.9844879988502595,1.810069211692996,0.1744187871572637,-0.5243288116755703,26.2
frc_lorawd_wd0_lr1e4_c256_s44,frc,Llama-CS grid (frc),Llama-2-7B,cs,faithful-CLoRA grid,lorawd,LoRA+wd,0.0001,44.0,frc_lorawd_wd0_lr1e4_c256,False,False,True,1.9846121883640488,1.810069211692996,0.1745429766710531,-0.5243288116755703,26.9
frc_lorawd_wd0_lr1e4_c256_s45,frc,Llama-CS grid (frc),Llama-2-7B,cs,faithful-CLoRA grid,lorawd,LoRA+wd,0.0001,45.0,frc_lorawd_wd0_lr1e4_c256,False,False,True,1.990976227772872,1.810069211692996,0.1809070160798764,-0.5249101966109935,26.38
frc_lorawd_wd0_lr2e4_c256_s42,frc,Llama-CS grid (frc),Llama-2-7B,cs,faithful-CLoRA grid,lorawd,LoRA+wd,0.0002,42.0,frc_lorawd_wd0_lr2e4_c256,False,False,True,2.236917664131768,1.8520239240816387,0.3848937400501291,-0.2965366581167069,24.36
frc_lorawd_wd0_lr2e4_c256_s43,frc,Llama-CS grid (frc),Llama-2-7B,cs,faithful-CLoRA grid,lorawd,LoRA+wd,0.0002,43.0,frc_lorawd_wd0_lr2e4_c256,False,False,True,2.193158873054497,1.810069211692996,0.3830896613615018,-0.2903908789273513,24.51
frc_lorawd_wd0_lr2e4_c256_s44,frc,Llama-CS grid (frc),Llama-2-7B,cs,faithful-CLoRA grid,lorawd,LoRA+wd,0.0002,44.0,frc_lorawd_wd0_lr2e4_c256,False,False,True,2.1966545445333288,1.810069211692996,0.386585332840333,-0.2893749849392031,24.96
frc_lorawd_wd0_lr2e4_c256_s45,frc,Llama-CS grid (frc),Llama-2-7B,cs,faithful-CLoRA grid,lorawd,LoRA+wd,0.0002,45.0,frc_lorawd_wd0_lr2e4_c256,False,False,True,2.2027117259379008,1.810069211692996,0.392642514244905,-0.2866774950129723,23.55
frc_lorawd_wd0_lr2e5_c256_s42,frc,Llama-CS grid (frc),Llama-2-7B,cs,faithful-CLoRA grid,lorawd,LoRA+wd,2e-05,42.0,frc_lorawd_wd0_lr2e5_c256,False,False,True,2.113616865244536,1.8520239240816387,0.2615929411628972,-0.6569855028492324,26.38
frc_lorawd_wd0_lr2e5_c256_s43,frc,Llama-CS grid (frc),Llama-2-7B,cs,faithful-CLoRA grid,lorawd,LoRA+wd,2e-05,43.0,frc_lorawd_wd0_lr2e5_c256,False,False,True,2.121555224478953,1.8520239240816387,0.2695313003973143,-0.6499459064209697,26.9
frc_lorawd_wd0_lr2e5_c256_s44,frc,Llama-CS grid (frc),Llama-2-7B,cs,faithful-CLoRA grid,lorawd,LoRA+wd,2e-05,44.0,frc_lorawd_wd0_lr2e5_c256,False,False,True,2.0812225223869985,1.810069211692996,0.2711533106940027,-0.6522797829659618,26.52
frc_lorawd_wd0_lr3e4_c256_s42,frc,Llama-CS grid (frc),Llama-2-7B,cs,faithful-CLoRA grid,lorawd,LoRA+wd,0.0003,42.0,frc_lorawd_wd0_lr3e4_c256,False,False,True,2.4585228699832142,1.8520239240816387,0.6064989459015755,-0.1267956907229593,21.1
frc_lorawd_wd0_lr3e4_c256_s43,frc,Llama-CS grid (frc),Llama-2-7B,cs,faithful-CLoRA grid,lorawd,LoRA+wd,0.0003,43.0,frc_lorawd_wd0_lr3e4_c256,False,False,True,2.4702164051272906,1.810069211692996,0.6601471934342948,-0.1311792938024826,23.46
frc_lorawd_wd0_lr3e4_c256_s44,frc,Llama-CS grid (frc),Llama-2-7B,cs,faithful-CLoRA grid,lorawd,LoRA+wd,0.0003,44.0,frc_lorawd_wd0_lr3e4_c256,False,False,True,2.4541965042712923,1.810069211692996,0.6441272925782966,-0.1191864077192086,22.62
frc_lorawd_wd0_lr3e4_c256_s45,frc,Llama-CS grid (frc),Llama-2-7B,cs,faithful-CLoRA grid,lorawd,LoRA+wd,0.0003,45.0,frc_lorawd_wd0_lr3e4_c256,False,False,True,2.412833142318176,1.810069211692996,0.6027639306251802,-0.1376300628771175,21.91
frc_lorawd_wd0_lr5e4_c256_s42,frc,Llama-CS grid (frc),Llama-2-7B,cs,faithful-CLoRA grid,lorawd,LoRA+wd,0.0005,42.0,frc_lorawd_wd0_lr5e4_c256,False,False,True,2.895038447978181,1.8520239240816387,1.0430145238965425,0.0579322273806086,17.46
frc_lorawd_wd0_lr5e4_c256_s43,frc,Llama-CS grid (frc),Llama-2-7B,cs,faithful-CLoRA grid,lorawd,LoRA+wd,0.0005,43.0,frc_lorawd_wd0_lr5e4_c256,False,False,True,2.8223460397372397,1.810069211692996,1.0122768280442436,0.0622810699726438,17.51
frc_lorawd_wd0_lr5e4_c256_s44,frc,Llama-CS grid (frc),Llama-2-7B,cs,faithful-CLoRA grid,lorawd,LoRA+wd,0.0005,44.0,frc_lorawd_wd0_lr5e4_c256,False,False,True,2.8611056478267707,1.810069211692996,1.051036436133775,0.0698160425719953,17.24
frc_lorawd_wd0_lr5e4_c256_s45,frc,Llama-CS grid (frc),Llama-2-7B,cs,faithful-CLoRA grid,lorawd,LoRA+wd,0.0005,45.0,frc_lorawd_wd0_lr5e4_c256,False,False,True,2.851167098141927,1.810069211692996,1.041097886448931,0.0620175988571122,17.9
frc_lorawd_wd0_lr5e4_c256_s46,frc,Llama-CS grid (frc),Llama-2-7B,cs,faithful-CLoRA grid,lorawd,LoRA+wd,0.0005,46.0,frc_lorawd_wd0_lr5e4_c256,False,False,True,2.86390069978506,1.810069211692996,1.0538314880920636,0.0569810366681131,18.26
frc_lorawd_wd0_lr7e4_c256_s42,frc,Llama-CS grid (frc),Llama-2-7B,cs,faithful-CLoRA grid,lorawd,LoRA+wd,0.0007,42.0,frc_lorawd_wd0_lr7e4_c256,False,False,True,3.2280783996899927,1.8520239240816387,1.376054475608354,0.1746702414870472,16.32
frc_lorawd_wd0_lr7e4_c256_s43,frc,Llama-CS grid (frc),Llama-2-7B,cs,faithful-CLoRA grid,lorawd,LoRA+wd,0.0007,43.0,frc_lorawd_wd0_lr7e4_c256,False,False,True,3.1799209289089214,1.810069211692996,1.3698517172159257,0.1791494803611487,16.06
frc_lorawd_wd0_lr7e4_c256_s44,frc,Llama-CS grid (frc),Llama-2-7B,cs,faithful-CLoRA grid,lorawd,LoRA+wd,0.0007,44.0,frc_lorawd_wd0_lr7e4_c256,False,False,True,3.1727518699624486,1.810069211692996,1.362682658269453,0.1782861287775673,16.2
frc_lorawd_wd0p1_lr1e3_c256_s42,frc,Llama-CS grid (frc),Llama-2-7B,cs,faithful-CLoRA grid,lorawd,LoRA+wd,0.001,42.0,frc_lorawd_wd0p1_lr1e3_c256,False,False,True,2.5112363556935047,1.8520239240816387,0.6592124316118659,-0.0081539463551032,19.27
frc_lorawd_wd0p1_lr1e3_c256_s43,frc,Llama-CS grid (frc),Llama-2-7B,cs,faithful-CLoRA grid,lorawd,LoRA+wd,0.001,43.0,frc_lorawd_wd0p1_lr1e3_c256,False,False,True,2.4528454094227445,1.810069211692996,0.6427761977297488,-0.0021332737608552,19.2
frc_lorawd_wd0p1_lr1e3_c256_s44,frc,Llama-CS grid (frc),Llama-2-7B,cs,faithful-CLoRA grid,lorawd,LoRA+wd,0.001,44.0,frc_lorawd_wd0p1_lr1e3_c256,False,False,True,2.5138328700370125,1.810069211692996,0.7037636583440168,-0.0018714928717335,19.7
frc_lorawd_wd0p1_lr1e4_c256_s42,frc,Llama-CS grid (frc),Llama-2-7B,cs,faithful-CLoRA grid,lorawd,LoRA+wd,0.0001,42.0,frc_lorawd_wd0p1_lr1e4_c256,False,False,True,2.012761911539012,1.8520239240816387,0.1607379874573729,-0.5725138909042145,27.0
frc_lorawd_wd0p1_lr1e4_c256_s43,frc,Llama-CS grid (frc),Llama-2-7B,cs,faithful-CLoRA grid,lorawd,LoRA+wd,0.0001,43.0,frc_lorawd_wd0p1_lr1e4_c256,False,False,True,1.9576008136003145,1.810069211692996,0.1475316019073185,-0.5654310959658012,26.7
frc_lorawd_wd0p1_lr1e4_c256_s44,frc,Llama-CS grid (frc),Llama-2-7B,cs,faithful-CLoRA grid,lorawd,LoRA+wd,0.0001,44.0,frc_lorawd_wd0p1_lr1e4_c256,False,False,True,1.955645504581531,1.810069211692996,0.1455762928885353,-0.5519123333076589,27.35
frc_lorawd_wd0p1_lr1e4_c256_s45,frc,Llama-CS grid (frc),Llama-2-7B,cs,faithful-CLoRA grid,lorawd,LoRA+wd,0.0001,45.0,frc_lorawd_wd0p1_lr1e4_c256,False,False,True,1.9596121426329016,1.810069211692996,0.1495429309399061,-0.5655907924124999,27.11
frc_lorawd_wd0p1_lr2e4_c256_s42,frc,Llama-CS grid (frc),Llama-2-7B,cs,faithful-CLoRA grid,lorawd,LoRA+wd,0.0002,42.0,frc_lorawd_wd0p1_lr2e4_c256,False,False,True,2.1324998854124804,1.8520239240816387,0.2804759613308416,-0.3677452233152863,25.24
frc_lorawd_wd0p1_lr2e4_c256_s43,frc,Llama-CS grid (frc),Llama-2-7B,cs,faithful-CLoRA grid,lorawd,LoRA+wd,0.0002,43.0,frc_lorawd_wd0p1_lr2e4_c256,False,False,True,2.0924865910622445,1.810069211692996,0.2824173793692488,-0.3856301604517114,25.92
frc_lorawd_wd0p1_lr2e4_c256_s44,frc,Llama-CS grid (frc),Llama-2-7B,cs,faithful-CLoRA grid,lorawd,LoRA+wd,0.0002,44.0,frc_lorawd_wd0p1_lr2e4_c256,False,False,True,2.089026957360004,1.810069211692996,0.2789577456670085,-0.3791355247348789,25.74
frc_lorawd_wd0p1_lr2e4_c256_s45,frc,Llama-CS grid (frc),Llama-2-7B,cs,faithful-CLoRA grid,lorawd,LoRA+wd,0.0002,45.0,frc_lorawd_wd0p1_lr2e4_c256,False,False,True,2.1006369335717663,1.810069211692996,0.2905677218787705,-0.3727365834317789,25.22
frc_lorawd_wd0p1_lr3e4_c256_s42,frc,Llama-CS grid (frc),Llama-2-7B,cs,faithful-CLoRA grid,lorawd,LoRA+wd,0.0003,42.0,frc_lorawd_wd0p1_lr3e4_c256,False,False,True,2.256205750584091,1.8520239240816387,0.4041818265024521,-0.2415423113895343,24.08
frc_lorawd_wd0p1_lr3e4_c256_s43,frc,Llama-CS grid (frc),Llama-2-7B,cs,faithful-CLoRA grid,lorawd,LoRA+wd,0.0003,43.0,frc_lorawd_wd0p1_lr3e4_c256,False,False,True,2.199602960898904,1.810069211692996,0.3895337492059079,-0.2664015390386609,24.24
frc_lorawd_wd0p1_lr3e4_c256_s44,frc,Llama-CS grid (frc),Llama-2-7B,cs,faithful-CLoRA grid,lorawd,LoRA+wd,0.0003,44.0,frc_lorawd_wd0p1_lr3e4_c256,False,False,True,2.1982559150675054,1.810069211692996,0.3881867033745096,-0.2611401979277997,24.14
frc_lorawd_wd0p1_lr3e4_c256_s45,frc,Llama-CS grid (frc),Llama-2-7B,cs,faithful-CLoRA grid,lorawd,LoRA+wd,0.0003,45.0,frc_lorawd_wd0p1_lr3e4_c256,False,False,True,2.195747449051296,1.810069211692996,0.3856782373582998,-0.2610609687965204,25.4
frc_lorawd_wd0p1_lr5e4_c256_s42,frc,Llama-CS grid (frc),Llama-2-7B,cs,faithful-CLoRA grid,lorawd,LoRA+wd,0.0005,42.0,frc_lorawd_wd0p1_lr5e4_c256,False,False,True,2.3827973570866274,1.8520239240816387,0.5307734330049887,-0.1476420163321729,22.43
frc_lorawd_wd0p1_lr5e4_c256_s43,frc,Llama-CS grid (frc),Llama-2-7B,cs,faithful-CLoRA grid,lorawd,LoRA+wd,0.0005,43.0,frc_lorawd_wd0p1_lr5e4_c256,False,False,True,2.412166217544362,1.8520239240816387,0.5601422934627234,-0.1231473523986565,22.76
frc_lorawd_wd0p1_lr5e4_c256_s44,frc,Llama-CS grid (frc),Llama-2-7B,cs,faithful-CLoRA grid,lorawd,LoRA+wd,0.0005,44.0,frc_lorawd_wd0p1_lr5e4_c256,False,False,True,2.3593916660297496,1.810069211692996,0.5493224543367539,-0.1150914058373928,20.94
frc_lorawd_wd0p1_lr5e4_c256_s45,frc,Llama-CS grid (frc),Llama-2-7B,cs,faithful-CLoRA grid,lorawd,LoRA+wd,0.0005,45.0,frc_lorawd_wd0p1_lr5e4_c256,False,False,True,2.3010770195726806,1.810069211692996,0.4910078078796849,-0.1312967977214633,22.29
frc_lorawd_wd0p1_lr7e4_c256_s42,frc,Llama-CS grid (frc),Llama-2-7B,cs,faithful-CLoRA grid,lorawd,LoRA+wd,0.0007,42.0,frc_lorawd_wd0p1_lr7e4_c256,False,False,True,2.4346622995910696,1.8520239240816387,0.5826383755094309,-0.0658046506521155,20.75
frc_lorawd_wd0p1_lr7e4_c256_s43,frc,Llama-CS grid (frc),Llama-2-7B,cs,faithful-CLoRA grid,lorawd,LoRA+wd,0.0007,43.0,frc_lorawd_wd0p1_lr7e4_c256,False,False,True,2.4341822635820534,1.810069211692996,0.6241130518890576,-0.0703767484847596,21.94
frc_lorawd_wd0p1_lr7e4_c256_s44,frc,Llama-CS grid (frc),Llama-2-7B,cs,faithful-CLoRA grid,lorawd,LoRA+wd,0.0007,44.0,frc_lorawd_wd0p1_lr7e4_c256,False,False,True,2.432510711599144,1.810069211692996,0.622441499906148,-0.060880282351513,21.58
frc_lorawd_wd0p2_lr1e3_c256_s42,frc,Llama-CS grid (frc),Llama-2-7B,cs,faithful-CLoRA grid,lorawd,LoRA+wd,0.001,42.0,frc_lorawd_wd0p2_lr1e3_c256,False,False,True,2.182870988422297,1.8520239240816387,0.3308470643406584,-0.1920592787845007,24.08
frc_lorawd_wd0p2_lr1e3_c256_s43,frc,Llama-CS grid (frc),Llama-2-7B,cs,faithful-CLoRA grid,lorawd,LoRA+wd,0.001,43.0,frc_lorawd_wd0p2_lr1e3_c256,False,False,True,2.151326461828573,1.810069211692996,0.3412572501355775,-0.1992142096722373,24.02
frc_lorawd_wd0p2_lr1e3_c256_s44,frc,Llama-CS grid (frc),Llama-2-7B,cs,faithful-CLoRA grid,lorawd,LoRA+wd,0.001,44.0,frc_lorawd_wd0p2_lr1e3_c256,False,False,True,2.157474700980311,1.810069211692996,0.3474054892873151,-0.1964746044234676,23.12
frc_lorawd_wd0p2_lr1e4_c256_s42,frc,Llama-CS grid (frc),Llama-2-7B,cs,faithful-CLoRA grid,lorawd,LoRA+wd,0.0001,42.0,frc_lorawd_wd0p2_lr1e4_c256,False,False,True,1.985747811139539,1.8520239240816387,0.1337238870579002,-0.595166283380062,27.42
frc_lorawd_wd0p2_lr1e4_c256_s43,frc,Llama-CS grid (frc),Llama-2-7B,cs,faithful-CLoRA grid,lorawd,LoRA+wd,0.0001,43.0,frc_lorawd_wd0p2_lr1e4_c256,False,False,True,1.940257110847712,1.810069211692996,0.1301878991547158,-0.6006724678413211,27.02
frc_lorawd_wd0p2_lr1e4_c256_s44,frc,Llama-CS grid (frc),Llama-2-7B,cs,faithful-CLoRA grid,lorawd,LoRA+wd,0.0001,44.0,frc_lorawd_wd0p2_lr1e4_c256,False,False,True,1.940124862256416,1.810069211692996,0.1300556505634198,-0.5985994592184559,27.73
frc_lorawd_wd0p2_lr1e4_c256_s45,frc,Llama-CS grid (frc),Llama-2-7B,cs,faithful-CLoRA grid,lorawd,LoRA+wd,0.0001,45.0,frc_lorawd_wd0p2_lr1e4_c256,False,False,True,1.943674689698,1.810069211692996,0.1336054780050044,-0.5994620106080538,27.26
frc_lorawd_wd0p2_lr2e4_c256_s42,frc,Llama-CS grid (frc),Llama-2-7B,cs,faithful-CLoRA grid,lorawd,LoRA+wd,0.0002,42.0,frc_lorawd_wd0p2_lr2e4_c256,False,False,True,2.059225880794567,1.8520239240816387,0.2072019567129284,-0.4571745730408201,26.32
frc_lorawd_wd0p2_lr2e4_c256_s43,frc,Llama-CS grid (frc),Llama-2-7B,cs,faithful-CLoRA grid,lorawd,LoRA+wd,0.0002,43.0,frc_lorawd_wd0p2_lr2e4_c256,False,False,True,2.023904884004843,1.810069211692996,0.2138356723118473,-0.4417715781966743,26.45
frc_lorawd_wd0p2_lr2e4_c256_s44,frc,Llama-CS grid (frc),Llama-2-7B,cs,faithful-CLoRA grid,lorawd,LoRA+wd,0.0002,44.0,frc_lorawd_wd0p2_lr2e4_c256,False,False,True,2.025586420855972,1.810069211692996,0.2155172091629762,-0.4602967610521745,26.35
frc_lorawd_wd0p2_lr2e4_c256_s45,frc,Llama-CS grid (frc),Llama-2-7B,cs,faithful-CLoRA grid,lorawd,LoRA+wd,0.0002,45.0,frc_lorawd_wd0p2_lr2e4_c256,False,False,True,2.0203815025027128,1.810069211692996,0.210312290809717,-0.4492825765307173,26.53
frc_lorawd_wd0p2_lr2e4_c256_s46,frc,Llama-CS grid (frc),Llama-2-7B,cs,faithful-CLoRA grid,lorawd,LoRA+wd,0.0002,46.0,frc_lorawd_wd0p2_lr2e4_c256,False,False,True,2.025835050165805,1.810069211692996,0.2157658384728094,-0.4385408287580841,26.16
frc_lorawd_wd0p2_lr2e5_c256_s42,frc,Llama-CS grid (frc),Llama-2-7B,cs,faithful-CLoRA grid,lorawd,LoRA+wd,2e-05,42.0,frc_lorawd_wd0p2_lr2e5_c256,False,False,True,2.1233720064883777,1.8520239240816387,0.2713480824067389,-0.669789215428472,26.67
frc_lorawd_wd0p2_lr2e5_c256_s43,frc,Llama-CS grid (frc),Llama-2-7B,cs,faithful-CLoRA grid,lorawd,LoRA+wd,2e-05,43.0,frc_lorawd_wd0p2_lr2e5_c256,False,False,True,2.0782061872876323,1.810069211692996,0.2681369755946365,-0.6641410886801821,26.91
frc_lorawd_wd0p2_lr2e5_c256_s44,frc,Llama-CS grid (frc),Llama-2-7B,cs,faithful-CLoRA grid,lorawd,LoRA+wd,2e-05,44.0,frc_lorawd_wd0p2_lr2e5_c256,False,False,True,2.065842088240173,1.810069211692996,0.2557728765471772,-0.6595558851598816,26.82
frc_lorawd_wd0p2_lr3e4_c256_s42,frc,Llama-CS grid (frc),Llama-2-7B,cs,faithful-CLoRA grid,lorawd,LoRA+wd,0.0003,42.0,frc_lorawd_wd0p2_lr3e4_c256,False,False,True,2.111981535577303,1.8520239240816387,0.2599576114956643,-0.3739677521709811,26.05
frc_lorawd_wd0p2_lr3e4_c256_s43,frc,Llama-CS grid (frc),Llama-2-7B,cs,faithful-CLoRA grid,lorawd,LoRA+wd,0.0003,43.0,frc_lorawd_wd0p2_lr3e4_c256,False,False,True,2.0694615128593146,1.810069211692996,0.2593923011663188,-0.3590219426416679,26.03
frc_lorawd_wd0p2_lr3e4_c256_s44,frc,Llama-CS grid (frc),Llama-2-7B,cs,faithful-CLoRA grid,lorawd,LoRA+wd,0.0003,44.0,frc_lorawd_wd0p2_lr3e4_c256,False,False,True,2.0690428100785883,1.810069211692996,0.2589735983855925,-0.3650191999487716,25.96
frc_lorawd_wd0p2_lr3e4_c256_s45,frc,Llama-CS grid (frc),Llama-2-7B,cs,faithful-CLoRA grid,lorawd,LoRA+wd,0.0003,45.0,frc_lorawd_wd0p2_lr3e4_c256,False,False,True,2.075345191493657,1.810069211692996,0.2652759798006612,-0.368150537840182,25.6
frc_lorawd_wd0p2_lr5e4_c256_s42,frc,Llama-CS grid (frc),Llama-2-7B,cs,faithful-CLoRA grid,lorawd,LoRA+wd,0.0005,42.0,frc_lorawd_wd0p2_lr5e4_c256,False,False,True,2.1335735181252558,1.8520239240816387,0.2815495940436165,-0.279179418229656,24.3
frc_lorawd_wd0p2_lr5e4_c256_s43,frc,Llama-CS grid (frc),Llama-2-7B,cs,faithful-CLoRA grid,lorawd,LoRA+wd,0.0005,43.0,frc_lorawd_wd0p2_lr5e4_c256,False,False,True,2.119075424783917,1.810069211692996,0.3090062130909212,-0.2778598745425845,24.26
frc_lorawd_wd0p2_lr5e4_c256_s44,frc,Llama-CS grid (frc),Llama-2-7B,cs,faithful-CLoRA grid,lorawd,LoRA+wd,0.0005,44.0,frc_lorawd_wd0p2_lr5e4_c256,False,False,True,2.103397155150894,1.810069211692996,0.2933279434578983,-0.2776952131256723,24.65
frc_lorawd_wd0p2_lr5e4_c256_s45,frc,Llama-CS grid (frc),Llama-2-7B,cs,faithful-CLoRA grid,lorawd,LoRA+wd,0.0005,45.0,frc_lorawd_wd0p2_lr5e4_c256,False,False,True,2.112479429453725,1.810069211692996,0.3024102177607293,-0.2785191452299507,24.89
frc_lorawd_wd0p2_lr7e4_c256_s42,frc,Llama-CS grid (frc),Llama-2-7B,cs,faithful-CLoRA grid,lorawd,LoRA+wd,0.0007,42.0,frc_lorawd_wd0p2_lr7e4_c256,False,False,True,2.151931272689454,1.8520239240816387,0.2999073486078152,-0.2272383528559677,22.86
frc_lorawd_wd0p2_lr7e4_c256_s43,frc,Llama-CS grid (frc),Llama-2-7B,cs,faithful-CLoRA grid,lorawd,LoRA+wd,0.0007,43.0,frc_lorawd_wd0p2_lr7e4_c256,False,False,True,2.142167954944868,1.810069211692996,0.332098743251872,-0.2366468912517845,24.04
frc_lorawd_wd0p2_lr7e4_c256_s44,frc,Llama-CS grid (frc),Llama-2-7B,cs,faithful-CLoRA grid,lorawd,LoRA+wd,0.0007,44.0,frc_lorawd_wd0p2_lr7e4_c256,False,False,True,2.176821781020799,1.810069211692996,0.3667525693278033,-0.2227182083289852,22.72
frc_lorawd_wd0p3_lr1e3_c256_s42,frc,Llama-CS grid (frc),Llama-2-7B,cs,faithful-CLoRA grid,lorawd,LoRA+wd,0.001,42.0,frc_lorawd_wd0p3_lr1e3_c256,False,False,True,2.079077289056772,1.8520239240816387,0.2270533649751329,-0.3328273275211315,25.46
frc_lorawd_wd0p3_lr1e3_c256_s43,frc,Llama-CS grid (frc),Llama-2-7B,cs,faithful-CLoRA grid,lorawd,LoRA+wd,0.001,43.0,frc_lorawd_wd0p3_lr1e3_c256,False,False,True,2.004617754513131,1.810069211692996,0.1945485428201354,-0.3547742884645838,25.54
frc_lorawd_wd0p3_lr1e3_c256_s44,frc,Llama-CS grid (frc),Llama-2-7B,cs,faithful-CLoRA grid,lorawd,LoRA+wd,0.001,44.0,frc_lorawd_wd0p3_lr1e3_c256,False,False,True,2.0055050798997054,1.810069211692996,0.1954358682067096,-0.3506651412878581,25.5
frc_lorawd_wd0p3_lr1e4_c256_s42,frc,Llama-CS grid (frc),Llama-2-7B,cs,faithful-CLoRA grid,lorawd,LoRA+wd,0.0001,42.0,frc_lorawd_wd0p3_lr1e4_c256,False,False,True,1.9665691136052204,1.8520239240816387,0.1145451895235816,-0.630042392653947,27.14
frc_lorawd_wd0p3_lr1e4_c256_s43,frc,Llama-CS grid (frc),Llama-2-7B,cs,faithful-CLoRA grid,lorawd,LoRA+wd,0.0001,43.0,frc_lorawd_wd0p3_lr1e4_c256,False,False,True,1.9212039671131107,1.810069211692996,0.1111347554201149,-0.6304131092636557,27.51
frc_lorawd_wd0p3_lr1e4_c256_s44,frc,Llama-CS grid (frc),Llama-2-7B,cs,faithful-CLoRA grid,lorawd,LoRA+wd,0.0001,44.0,frc_lorawd_wd0p3_lr1e4_c256,False,False,True,1.9191140314820248,1.810069211692996,0.109044819789029,-0.6328305114653193,27.84
frc_lorawd_wd0p3_lr1e4_c256_s45,frc,Llama-CS grid (frc),Llama-2-7B,cs,faithful-CLoRA grid,lorawd,LoRA+wd,0.0001,45.0,frc_lorawd_wd0p3_lr1e4_c256,False,False,True,1.9627823404204343,1.8520239240816387,0.1107584163387955,-0.6225116166238673,26.94
frc_lorawd_wd0p3_lr1e4_c256_s46,frc,Llama-CS grid (frc),Llama-2-7B,cs,faithful-CLoRA grid,lorawd,LoRA+wd,0.0001,46.0,frc_lorawd_wd0p3_lr1e4_c256,False,False,True,1.921240106481882,1.810069211692996,0.1111708947888863,-0.6280090885350851,27.08
frc_lorawd_wd0p3_lr2e4_c256_s42,frc,Llama-CS grid (frc),Llama-2-7B,cs,faithful-CLoRA grid,lorawd,LoRA+wd,0.0002,42.0,frc_lorawd_wd0p3_lr2e4_c256,False,False,True,2.020866272859175,1.8520239240816387,0.1688423487775363,-0.4870489200275094,26.97
frc_lorawd_wd0p3_lr2e4_c256_s43,frc,Llama-CS grid (frc),Llama-2-7B,cs,faithful-CLoRA grid,lorawd,LoRA+wd,0.0002,43.0,frc_lorawd_wd0p3_lr2e4_c256,False,False,True,1.972909857440613,1.810069211692996,0.1628406457476172,-0.5231683714877393,26.33
frc_lorawd_wd0p3_lr2e4_c256_s44,frc,Llama-CS grid (frc),Llama-2-7B,cs,faithful-CLoRA grid,lorawd,LoRA+wd,0.0002,44.0,frc_lorawd_wd0p3_lr2e4_c256,False,False,True,1.977922721005794,1.810069211692996,0.1678535093127984,-0.5166980476418329,26.79
frc_lorawd_wd0p3_lr2e4_c256_s45,frc,Llama-CS grid (frc),Llama-2-7B,cs,faithful-CLoRA grid,lorawd,LoRA+wd,0.0002,45.0,frc_lorawd_wd0p3_lr2e4_c256,False,False,True,1.9751387587042375,1.810069211692996,0.165069547011242,-0.5191310763128322,26.98
frc_lorawd_wd0p3_lr2e5_c256_s42,frc,Llama-CS grid (frc),Llama-2-7B,cs,faithful-CLoRA grid,lorawd,LoRA+wd,2e-05,42.0,frc_lorawd_wd0p3_lr2e5_c256,False,False,True,2.125922977971927,1.8520239240816387,0.2738990538902883,-0.6695862266508091,26.52
frc_lorawd_wd0p3_lr2e5_c256_s43,frc,Llama-CS grid (frc),Llama-2-7B,cs,faithful-CLoRA grid,lorawd,LoRA+wd,2e-05,43.0,frc_lorawd_wd0p3_lr2e5_c256,False,False,True,2.077710355368538,1.810069211692996,0.2676411436755421,-0.66334017654558,26.72
frc_lorawd_wd0p3_lr2e5_c256_s44,frc,Llama-CS grid (frc),Llama-2-7B,cs,faithful-CLoRA grid,lorawd,LoRA+wd,2e-05,44.0,frc_lorawd_wd0p3_lr2e5_c256,False,False,True,2.073863758744269,1.810069211692996,0.2637945470512732,-0.6728454875905685,27.3
frc_lorawd_wd0p3_lr3e4_c256_s42,frc,Llama-CS grid (frc),Llama-2-7B,cs,faithful-CLoRA grid,lorawd,LoRA+wd,0.0003,42.0,frc_lorawd_wd0p3_lr3e4_c256,False,False,True,2.027440440424872,1.8520239240816387,0.1754165163432333,-0.4459956789880971,27.28
frc_lorawd_wd0p3_lr3e4_c256_s43,frc,Llama-CS grid (frc),Llama-2-7B,cs,faithful-CLoRA grid,lorawd,LoRA+wd,0.0003,43.0,frc_lorawd_wd0p3_lr3e4_c256,False,False,True,1.993772091047998,1.810069211692996,0.1837028793550024,-0.4657199947949185,25.99
frc_lorawd_wd0p3_lr3e4_c256_s44,frc,Llama-CS grid (frc),Llama-2-7B,cs,faithful-CLoRA grid,lorawd,LoRA+wd,0.0003,44.0,frc_lorawd_wd0p3_lr3e4_c256,False,False,True,2.0470304555513907,1.8520239240816387,0.195006531469752,-0.4580465255417637,25.47
frc_lorawd_wd0p3_lr3e4_c256_s45,frc,Llama-CS grid (frc),Llama-2-7B,cs,faithful-CLoRA grid,lorawd,LoRA+wd,0.0003,45.0,frc_lorawd_wd0p3_lr3e4_c256,False,False,True,1.998602836169524,1.810069211692996,0.1885336244765278,-0.4529641002599897,26.65
frc_lorawd_wd0p3_lr5e4_c256_s42,frc,Llama-CS grid (frc),Llama-2-7B,cs,faithful-CLoRA grid,lorawd,LoRA+wd,0.0005,42.0,frc_lorawd_wd0p3_lr5e4_c256,False,False,True,2.045922118056781,1.8520239240816387,0.193898193975142,-0.3875340360468576,25.04
frc_lorawd_wd0p3_lr5e4_c256_s43,frc,Llama-CS grid (frc),Llama-2-7B,cs,faithful-CLoRA grid,lorawd,LoRA+wd,0.0005,43.0,frc_lorawd_wd0p3_lr5e4_c256,False,False,True,2.0639299320661184,1.810069211692996,0.2538607203731227,-0.4101620568525402,26.67
frc_lorawd_wd0p3_lr5e4_c256_s44,frc,Llama-CS grid (frc),Llama-2-7B,cs,faithful-CLoRA grid,lorawd,LoRA+wd,0.0005,44.0,frc_lorawd_wd0p3_lr5e4_c256,False,False,True,2.0181400790146014,1.810069211692996,0.2080708673216056,-0.3800722897085319,26.26
frc_lorawd_wd0p3_lr5e4_c256_s45,frc,Llama-CS grid (frc),Llama-2-7B,cs,faithful-CLoRA grid,lorawd,LoRA+wd,0.0005,45.0,frc_lorawd_wd0p3_lr5e4_c256,False,False,True,1.995453527432173,1.810069211692996,0.1853843157391772,-0.4070464284521341,25.8
frc_lorawd_wd0p3_lr7e4_c256_s42,frc,Llama-CS grid (frc),Llama-2-7B,cs,faithful-CLoRA grid,lorawd,LoRA+wd,0.0007,42.0,frc_lorawd_wd0p3_lr7e4_c256,False,False,True,2.051104821719017,1.8520239240816387,0.1990808976373781,-0.361810359809163,25.64
frc_lorawd_wd0p3_lr7e4_c256_s43,frc,Llama-CS grid (frc),Llama-2-7B,cs,faithful-CLoRA grid,lorawd,LoRA+wd,0.0007,43.0,frc_lorawd_wd0p3_lr7e4_c256,False,False,True,1.99928096808144,1.810069211692996,0.1892117563884439,-0.3622101706377709,25.46
frc_lorawd_wd0p3_lr7e4_c256_s44,frc,Llama-CS grid (frc),Llama-2-7B,cs,faithful-CLoRA grid,lorawd,LoRA+wd,0.0007,44.0,frc_lorawd_wd0p3_lr7e4_c256,False,False,True,1.9918823133391304,1.810069211692996,0.1818131016461348,-0.3691654821719494,26.08
frc_lorawd_wd0p5_lr1e3_c256_s42,frc,Llama-CS grid (frc),Llama-2-7B,cs,faithful-CLoRA grid,lorawd,LoRA+wd,0.001,42.0,frc_lorawd_wd0p5_lr1e3_c256,False,False,True,1.9545612006523276,1.8520239240816387,0.1025372765706886,-0.502241281712732,26.34
frc_lorawd_wd0p5_lr1e3_c256_s43,frc,Llama-CS grid (frc),Llama-2-7B,cs,faithful-CLoRA grid,lorawd,LoRA+wd,0.001,43.0,frc_lorawd_wd0p5_lr1e3_c256,False,False,True,2.2510193889092758,1.810069211692996,0.4409501772162796,-0.0178192544035974,11.44
frc_lorawd_wd0p5_lr1e3_c256_s44,frc,Llama-CS grid (frc),Llama-2-7B,cs,faithful-CLoRA grid,lorawd,LoRA+wd,0.001,44.0,frc_lorawd_wd0p5_lr1e3_c256,False,False,True,1.9122266263664416,1.810069211692996,0.102157414673446,-0.5262211653532752,26.18
frc_lorawd_wd0p5_lr1e4_c256_s42,frc,Llama-CS grid (frc),Llama-2-7B,cs,faithful-CLoRA grid,lorawd,LoRA+wd,0.0001,42.0,frc_lorawd_wd0p5_lr1e4_c256,False,False,True,1.9398331171272545,1.8520239240816387,0.0878091930456155,-0.6821455106685308,27.74
frc_lorawd_wd0p5_lr1e4_c256_s43,frc,Llama-CS grid (frc),Llama-2-7B,cs,faithful-CLoRA grid,lorawd,LoRA+wd,0.0001,43.0,frc_lorawd_wd0p5_lr1e4_c256,False,False,True,1.8968152968744325,1.810069211692996,0.0867460851814365,-0.6794383198047633,27.99
frc_lorawd_wd0p5_lr1e4_c256_s44,frc,Llama-CS grid (frc),Llama-2-7B,cs,faithful-CLoRA grid,lorawd,LoRA+wd,0.0001,44.0,frc_lorawd_wd0p5_lr1e4_c256,False,False,True,1.8955385936438869,1.810069211692996,0.0854693819508911,-0.6784015695346561,27.86
frc_lorawd_wd0p5_lr1e4_c256_s45,frc,Llama-CS grid (frc),Llama-2-7B,cs,faithful-CLoRA grid,lorawd,LoRA+wd,0.0001,45.0,frc_lorawd_wd0p5_lr1e4_c256,False,False,True,1.899816154235944,1.810069211692996,0.0897469425429482,-0.6773672883077766,27.92
frc_lorawd_wd0p5_lr2e4_c256_s42,frc,Llama-CS grid (frc),Llama-2-7B,cs,faithful-CLoRA grid,lorawd,LoRA+wd,0.0002,42.0,frc_lorawd_wd0p5_lr2e4_c256,False,False,True,1.9572587321442865,1.8520239240816387,0.1052348080626475,-0.6252516539898961,27.56
frc_lorawd_wd0p5_lr2e4_c256_s43,frc,Llama-CS grid (frc),Llama-2-7B,cs,faithful-CLoRA grid,lorawd,LoRA+wd,0.0002,43.0,frc_lorawd_wd0p5_lr2e4_c256,False,False,True,1.918406771603809,1.810069211692996,0.1083375599108131,-0.6243363860391147,27.12
frc_lorawd_wd0p5_lr2e4_c256_s44,frc,Llama-CS grid (frc),Llama-2-7B,cs,faithful-CLoRA grid,lorawd,LoRA+wd,0.0002,44.0,frc_lorawd_wd0p5_lr2e4_c256,False,False,True,1.9186971589759991,1.810069211692996,0.1086279472830034,-0.6250684460218119,27.36
frc_lorawd_wd0p5_lr2e4_c256_s45,frc,Llama-CS grid (frc),Llama-2-7B,cs,faithful-CLoRA grid,lorawd,LoRA+wd,0.0002,45.0,frc_lorawd_wd0p5_lr2e4_c256,False,False,True,1.921194767144694,1.810069211692996,0.1111255554516983,-0.5848596478041272,27.28
frc_lorawd_wd0p5_lr3e4_c256_s42,frc,Llama-CS grid (frc),Llama-2-7B,cs,faithful-CLoRA grid,lorawd,LoRA+wd,0.0003,42.0,frc_lorawd_wd0p5_lr3e4_c256,False,False,True,1.957915142517914,1.8520239240816387,0.1058912184362752,-0.5938005763366871,27.47
frc_lorawd_wd0p5_lr3e4_c256_s43,frc,Llama-CS grid (frc),Llama-2-7B,cs,faithful-CLoRA grid,lorawd,LoRA+wd,0.0003,43.0,frc_lorawd_wd0p5_lr3e4_c256,False,False,True,1.9330238443313597,1.810069211692996,0.1229546326383637,-0.5856953118716683,25.42
frc_lorawd_wd0p5_lr3e4_c256_s45,frc,Llama-CS grid (frc),Llama-2-7B,cs,faithful-CLoRA grid,lorawd,LoRA+wd,0.0003,45.0,frc_lorawd_wd0p5_lr3e4_c256,False,False,True,1.982035818140092,1.810069211692996,0.1719666064470963,-0.5883802940367698,23.8
frc_lorawd_wd0p5_lr5e4_c256_s42,frc,Llama-CS grid (frc),Llama-2-7B,cs,faithful-CLoRA grid,lorawd,LoRA+wd,0.0005,42.0,frc_lorawd_wd0p5_lr5e4_c256,False,False,True,1.960741185633686,1.8520239240816387,0.1087172615520473,-0.5284149458148103,24.59
frc_lorawd_wd0p5_lr5e4_c256_s43,frc,Llama-CS grid (frc),Llama-2-7B,cs,faithful-CLoRA grid,lorawd,LoRA+wd,0.0005,43.0,frc_lorawd_wd0p5_lr5e4_c256,False,False,True,1.9152920531484143,1.810069211692996,0.1052228414554186,-0.5790545940780277,26.97
frc_lorawd_wd0p5_lr5e4_c256_s44,frc,Llama-CS grid (frc),Llama-2-7B,cs,faithful-CLoRA grid,lorawd,LoRA+wd,0.0005,44.0,frc_lorawd_wd0p5_lr5e4_c256,False,False,True,1.9144535285110091,1.810069211692996,0.1043843168180136,-0.5635193049905051,27.1
frc_lorawd_wd0p5_lr5e4_c256_s45,frc,Llama-CS grid (frc),Llama-2-7B,cs,faithful-CLoRA grid,lorawd,LoRA+wd,0.0005,45.0,frc_lorawd_wd0p5_lr5e4_c256,False,False,True,1.915809148868688,1.810069211692996,0.1057399371756921,-0.5694412304772425,26.63
frc_lorawd_wd0p5_lr7e4_c256_s42,frc,Llama-CS grid (frc),Llama-2-7B,cs,faithful-CLoRA grid,lorawd,LoRA+wd,0.0007,42.0,frc_lorawd_wd0p5_lr7e4_c256,False,False,True,1.953256444550289,1.8520239240816387,0.1012325204686499,-0.5282683485199489,26.9
frc_lorawd_wd0p5_lr7e4_c256_s43,frc,Llama-CS grid (frc),Llama-2-7B,cs,faithful-CLoRA grid,lorawd,LoRA+wd,0.0007,43.0,frc_lorawd_wd0p5_lr7e4_c256,False,False,True,1.9074292571940024,1.810069211692996,0.0973600455010068,-0.5439377755450486,26.5
frc_lorawd_wd0p5_lr7e4_c256_s44,frc,Llama-CS grid (frc),Llama-2-7B,cs,faithful-CLoRA grid,lorawd,LoRA+wd,0.0007,44.0,frc_lorawd_wd0p5_lr7e4_c256,False,False,True,1.9136135885382484,1.810069211692996,0.1035443768452526,-0.5453075507605232,27.1
frc_lorawdr16_wd0p3_lr3e4_c256_s42,frc,Llama-CS grid (frc),Llama-2-7B,cs,faithful-CLoRA grid,lorawdr16,LoRA+wd-r16,0.0003,42.0,frc_lorawdr16_wd0p3_lr3e4_c256,False,False,True,1.9737162141000093,1.8520239240816387,0.1216922900183705,-0.4847886956721981,26.84
frc_lorawdr16_wd0p3_lr3e4_c256_s42_reeval,frc,Llama-CS grid (frc),Llama-2-7B,cs,faithful-CLoRA grid,lorawdr16,LoRA+wd-r16,0.0003,,frc_lorawdr16_wd0p3_lr3e4_c256_s42_reeval,False,False,True,,,,-0.4847886956721981,26.84
frc_lorawdr16_wd0p3_lr3e4_c256_s43,frc,Llama-CS grid (frc),Llama-2-7B,cs,faithful-CLoRA grid,lorawdr16,LoRA+wd-r16,0.0003,43.0,frc_lorawdr16_wd0p3_lr3e4_c256,False,False,True,1.942936560911482,1.810069211692996,0.1328673492184864,-0.4767739580342989,27.25
frc_lorawdr16_wd0p3_lr3e4_c256_s44,frc,Llama-CS grid (frc),Llama-2-7B,cs,faithful-CLoRA grid,lorawdr16,LoRA+wd-r16,0.0003,44.0,frc_lorawdr16_wd0p3_lr3e4_c256,False,False,True,1.9438627264953217,1.810069211692996,0.1337935148023259,-0.514988785421427,27.06
frc_lorawdr16_wd0p3_lr3e4_c256_s45,frc,Llama-CS grid (frc),Llama-2-7B,cs,faithful-CLoRA grid,lorawdr16,LoRA+wd-r16,0.0003,45.0,frc_lorawdr16_wd0p3_lr3e4_c256,False,False,True,1.9414920028328613,1.810069211692996,0.1314227911398655,-0.4775557664936801,26.88
frc_lorawdr16_wd0p3_lr5e4_c256_s42,frc,Llama-CS grid (frc),Llama-2-7B,cs,faithful-CLoRA grid,lorawdr16,LoRA+wd-r16,0.0005,42.0,frc_lorawdr16_wd0p3_lr5e4_c256,False,False,True,1.9835131709949383,1.8520239240816387,0.1314892469132997,-0.4763835809456292,26.27
frc_lorawdr16_wd0p3_lr5e4_c256_s43,frc,Llama-CS grid (frc),Llama-2-7B,cs,faithful-CLoRA grid,lorawdr16,LoRA+wd-r16,0.0005,43.0,frc_lorawdr16_wd0p3_lr5e4_c256,False,False,True,1.9449003080671965,1.810069211692996,0.1348310963742007,-0.4719836588107985,26.52
frc_lorawdr16_wd0p3_lr5e4_c256_s44,frc,Llama-CS grid (frc),Llama-2-7B,cs,faithful-CLoRA grid,lorawdr16,LoRA+wd-r16,0.0005,44.0,frc_lorawdr16_wd0p3_lr5e4_c256,False,False,True,1.9425154391686497,1.810069211692996,0.1324462274756541,-0.444421927227045,26.64
frc_lorawdr16_wd0p3_lr5e4_c256_s45,frc,Llama-CS grid (frc),Llama-2-7B,cs,faithful-CLoRA grid,lorawdr16,LoRA+wd-r16,0.0005,45.0,frc_lorawdr16_wd0p3_lr5e4_c256,False,False,True,1.9461440790784577,1.810069211692996,0.1360748673854621,-0.4680104485874498,26.78
frc_lorawdr16_wd0p3_lr5e4_c256_s46,frc,Llama-CS grid (frc),Llama-2-7B,cs,faithful-CLoRA grid,lorawdr16,LoRA+wd-r16,0.0005,46.0,frc_lorawdr16_wd0p3_lr5e4_c256,False,False,True,1.9399815325319725,1.810069211692996,0.1299123208389767,-0.4396150770279845,26.86
frc_milora_a1r_lr1e3_c256_s42,frc,Llama-CS grid (frc),Llama-2-7B,cs,faithful-CLoRA grid,milora,MiLoRA,0.001,42.0,frc_milora_a1r_lr1e3_c256,False,False,True,3.2316140988102564,1.8520239240816387,1.3795901747286177,0.1852304161675628,17.21
frc_milora_a1r_lr1e3_c256_s43,frc,Llama-CS grid (frc),Llama-2-7B,cs,faithful-CLoRA grid,milora,MiLoRA,0.001,43.0,frc_milora_a1r_lr1e3_c256,False,False,True,3.1496052964456784,1.810069211692996,1.3395360847526827,0.1797240960600895,17.33
frc_milora_a1r_lr1e3_c256_s44,frc,Llama-CS grid (frc),Llama-2-7B,cs,faithful-CLoRA grid,milora,MiLoRA,0.001,44.0,frc_milora_a1r_lr1e3_c256,False,False,True,3.198534623921109,1.810069211692996,1.3884654122281133,0.1797528068974981,14.84
frc_milora_a1r_lr1e4_c256_s42,frc,Llama-CS grid (frc),Llama-2-7B,cs,faithful-CLoRA grid,milora,MiLoRA,0.0001,42.0,frc_milora_a1r_lr1e4_c256,False,False,True,1.973655510435436,1.8520239240816387,0.1216315863537971,-0.6057234732321786,27.56
frc_milora_a1r_lr1e4_c256_s43,frc,Llama-CS grid (frc),Llama-2-7B,cs,faithful-CLoRA grid,milora,MiLoRA,0.0001,43.0,frc_milora_a1r_lr1e4_c256,False,False,True,1.93380291028227,1.810069211692996,0.1237336985892743,-0.6006724678413211,27.42
frc_milora_a1r_lr1e4_c256_s44,frc,Llama-CS grid (frc),Llama-2-7B,cs,faithful-CLoRA grid,milora,MiLoRA,0.0001,44.0,frc_milora_a1r_lr1e4_c256,False,False,True,2.0601950855779414,1.810069211692996,0.2501258738849456,-0.5958507507903049,26.92
frc_milora_a1r_lr1e4_c256_s45,frc,Llama-CS grid (frc),Llama-2-7B,cs,faithful-CLoRA grid,milora,MiLoRA,0.0001,45.0,frc_milora_a1r_lr1e4_c256,False,False,True,1.9310410345718372,1.810069211692996,0.1209718228788416,-0.6101254416090145,27.31
frc_milora_a1r_lr2e4_c256_s42,frc,Llama-CS grid (frc),Llama-2-7B,cs,faithful-CLoRA grid,milora,MiLoRA,0.0002,42.0,frc_milora_a1r_lr2e4_c256,False,False,True,2.120847216144792,1.8520239240816387,0.268823292063153,-0.4005536242747243,25.84
frc_milora_a1r_lr2e4_c256_s43,frc,Llama-CS grid (frc),Llama-2-7B,cs,faithful-CLoRA grid,milora,MiLoRA,0.0002,43.0,frc_milora_a1r_lr2e4_c256,False,False,True,2.079544738712288,1.810069211692996,0.2694755270192919,-0.3824754651137076,25.52
frc_milora_a1r_lr2e4_c256_s44,frc,Llama-CS grid (frc),Llama-2-7B,cs,faithful-CLoRA grid,milora,MiLoRA,0.0002,44.0,frc_milora_a1r_lr2e4_c256,False,False,True,2.0798272280296555,1.810069211692996,0.2697580163366597,-0.3957739469155299,26.52
frc_milora_a1r_lr2e4_c256_s45,frc,Llama-CS grid (frc),Llama-2-7B,cs,faithful-CLoRA grid,milora,MiLoRA,0.0002,45.0,frc_milora_a1r_lr2e4_c256,False,False,True,2.088509181263989,1.810069211692996,0.2784399695709931,-0.3806979241243918,26.46
frc_milora_a1r_lr3e4_c256_s42,frc,Llama-CS grid (frc),Llama-2-7B,cs,faithful-CLoRA grid,milora,MiLoRA,0.0003,42.0,frc_milora_a1r_lr3e4_c256,False,False,True,2.261508517512025,1.8520239240816387,0.4094845934303861,-0.2650402387275547,24.72
frc_milora_a1r_lr3e4_c256_s43,frc,Llama-CS grid (frc),Llama-2-7B,cs,faithful-CLoRA grid,milora,MiLoRA,0.0003,43.0,frc_milora_a1r_lr3e4_c256,False,False,True,2.3107260134096386,1.810069211692996,0.5006568017166428,-0.2492602487646492,23.8
frc_milora_a1r_lr3e4_c256_s44,frc,Llama-CS grid (frc),Llama-2-7B,cs,faithful-CLoRA grid,milora,MiLoRA,0.0003,44.0,frc_milora_a1r_lr3e4_c256,False,False,True,2.236107787235309,1.810069211692996,0.4260385755423137,-0.2500319164905971,24.06
frc_milora_a1r_lr3e4_c256_s45,frc,Llama-CS grid (frc),Llama-2-7B,cs,faithful-CLoRA grid,milora,MiLoRA,0.0003,45.0,frc_milora_a1r_lr3e4_c256,False,False,True,2.219703001259578,1.810069211692996,0.4096337895665829,-0.2510371387438385,24.9
frc_milora_a1r_lr5e4_c256_s42,frc,Llama-CS grid (frc),Llama-2-7B,cs,faithful-CLoRA grid,milora,MiLoRA,0.0005,42.0,frc_milora_a1r_lr5e4_c256,False,False,True,2.5996852616355084,1.8520239240816387,0.7476613375538697,-0.0759275700896371,20.76
frc_milora_a1r_lr5e4_c256_s43,frc,Llama-CS grid (frc),Llama-2-7B,cs,faithful-CLoRA grid,milora,MiLoRA,0.0005,43.0,frc_milora_a1r_lr5e4_c256,False,False,True,2.565861342872096,1.810069211692996,0.7557921311790998,-0.0662597005030646,21.27
frc_milora_a1r_lr5e4_c256_s44,frc,Llama-CS grid (frc),Llama-2-7B,cs,faithful-CLoRA grid,milora,MiLoRA,0.0005,44.0,frc_milora_a1r_lr5e4_c256,False,False,True,2.535882304374965,1.810069211692996,0.7258130926819695,-0.0625824185228621,21.0
frc_milora_a1r_lr5e4_c256_s45,frc,Llama-CS grid (frc),Llama-2-7B,cs,faithful-CLoRA grid,milora,MiLoRA,0.0005,45.0,frc_milora_a1r_lr5e4_c256,False,False,True,2.547923168060233,1.810069211692996,0.737853956367237,-0.0745847629157537,22.7
frc_milora_a1r_lr7e4_c256_s42,frc,Llama-CS grid (frc),Llama-2-7B,cs,faithful-CLoRA grid,milora,MiLoRA,0.0007,42.0,frc_milora_a1r_lr7e4_c256,False,False,True,2.8598856559229007,1.8520239240816387,1.007861731841262,0.0538847903946921,17.84
frc_milora_a1r_lr7e4_c256_s43,frc,Llama-CS grid (frc),Llama-2-7B,cs,faithful-CLoRA grid,milora,MiLoRA,0.0007,43.0,frc_milora_a1r_lr7e4_c256,False,False,True,2.8429486562249,1.810069211692996,1.0328794445319038,0.0358298252528281,18.4
frc_milora_a1r_lr7e4_c256_s44,frc,Llama-CS grid (frc),Llama-2-7B,cs,faithful-CLoRA grid,milora,MiLoRA,0.0007,44.0,frc_milora_a1r_lr7e4_c256,False,False,True,2.8208880928722886,1.810069211692996,1.0108188811792929,0.0579702317107054,18.82
frc_milora_lr1e3_c256_s42,frc,Llama-CS grid (frc),Llama-2-7B,cs,faithful-CLoRA grid,milora,MiLoRA,0.001,42.0,frc_milora_lr1e3_c256,False,True,True,9.392564538427113,1.8520239240816387,7.540540614345474,2.3948423700761263,0.0
frc_milora_lr1e3_c256_s43,frc,Llama-CS grid (frc),Llama-2-7B,cs,faithful-CLoRA grid,milora,MiLoRA,0.001,43.0,frc_milora_lr1e3_c256,False,True,True,8.865112520247871,1.810069211692996,7.055043308554875,0.8561728309040297,2.13
frc_milora_lr1e3_c256_s44,frc,Llama-CS grid (frc),Llama-2-7B,cs,faithful-CLoRA grid,milora,MiLoRA,0.001,44.0,frc_milora_lr1e3_c256,False,False,True,6.209710296412203,1.810069211692996,4.399641084719207,0.7329403051216139,4.62
frc_milora_lr1e4_c256_s42,frc,Llama-CS grid (frc),Llama-2-7B,cs,faithful-CLoRA grid,milora,MiLoRA,0.0001,42.0,frc_milora_lr1e4_c256,False,False,True,2.0416856114274093,1.8520239240816387,0.1896616873457706,-0.5114492834995558,27.36
frc_milora_lr1e4_c256_s43,frc,Llama-CS grid (frc),Llama-2-7B,cs,faithful-CLoRA grid,milora,MiLoRA,0.0001,43.0,frc_milora_lr1e4_c256,False,False,True,2.136634329803245,1.810069211692996,0.3265651181102498,-0.4977094720852271,25.94
frc_milora_lr1e4_c256_s44,frc,Llama-CS grid (frc),Llama-2-7B,cs,faithful-CLoRA grid,milora,MiLoRA,0.0001,44.0,frc_milora_lr1e4_c256,False,False,True,2.000699449579029,1.810069211692996,0.1906302378860334,-0.5011383110071159,27.39
frc_milora_lr1e4_c256_s45,frc,Llama-CS grid (frc),Llama-2-7B,cs,faithful-CLoRA grid,milora,MiLoRA,0.0001,45.0,frc_milora_lr1e4_c256,False,False,True,2.001651234665983,1.810069211692996,0.1915820229729872,-0.5050110263168319,26.97
frc_milora_lr2e4_c256_s42,frc,Llama-CS grid (frc),Llama-2-7B,cs,faithful-CLoRA grid,milora,MiLoRA,0.0002,42.0,frc_milora_lr2e4_c256,False,False,True,2.251320032244109,1.8520239240816387,0.3992961081624702,-0.2868455981627016,24.26
frc_milora_lr2e4_c256_s43,frc,Llama-CS grid (frc),Llama-2-7B,cs,faithful-CLoRA grid,milora,MiLoRA,0.0002,43.0,frc_milora_lr2e4_c256,False,False,True,2.206997280840006,1.810069211692996,0.39692806914701,-0.283829652140146,24.16
frc_milora_lr2e4_c256_s44,frc,Llama-CS grid (frc),Llama-2-7B,cs,faithful-CLoRA grid,milora,MiLoRA,0.0002,44.0,frc_milora_lr2e4_c256,False,False,True,2.248901991309805,1.810069211692996,0.4388327796168092,-0.2719710455794816,24.24
frc_milora_lr2e4_c256_s45,frc,Llama-CS grid (frc),Llama-2-7B,cs,faithful-CLoRA grid,milora,MiLoRA,0.0002,45.0,frc_milora_lr2e4_c256,False,False,True,2.2177196020515866,1.810069211692996,0.4076503903585908,-0.2700257143004443,25.12
frc_milora_lr2e5_c256_s42,frc,Llama-CS grid (frc),Llama-2-7B,cs,faithful-CLoRA grid,milora,MiLoRA,2e-05,42.0,frc_milora_lr2e5_c256,False,False,True,1.91193132036137,1.8520239240816387,0.0599073962797314,-0.7226200253327454,26.95
frc_milora_lr2e5_c256_s43,frc,Llama-CS grid (frc),Llama-2-7B,cs,faithful-CLoRA grid,milora,MiLoRA,2e-05,43.0,frc_milora_lr2e5_c256,False,False,True,1.8724108367733303,1.810069211692996,0.0623416250803345,-0.7321245806811024,26.32
frc_milora_lr2e5_c256_s44,frc,Llama-CS grid (frc),Llama-2-7B,cs,faithful-CLoRA grid,milora,MiLoRA,2e-05,44.0,frc_milora_lr2e5_c256,False,False,True,1.9110853242549648,1.8520239240816387,0.059061400173326,-0.7274622226247627,26.58
frc_milora_lr3e4_c256_s42,frc,Llama-CS grid (frc),Llama-2-7B,cs,faithful-CLoRA grid,milora,MiLoRA,0.0003,42.0,frc_milora_lr3e4_c256,False,False,True,2.483134364538658,1.8520239240816387,0.6311104404570194,-0.1287774432402929,21.82
frc_milora_lr3e4_c256_s43,frc,Llama-CS grid (frc),Llama-2-7B,cs,faithful-CLoRA grid,milora,MiLoRA,0.0003,43.0,frc_milora_lr3e4_c256,False,False,True,2.4353326005959834,1.810069211692996,0.6252633889029877,-0.1407415825326931,22.46
frc_milora_lr3e4_c256_s44,frc,Llama-CS grid (frc),Llama-2-7B,cs,faithful-CLoRA grid,milora,MiLoRA,0.0003,44.0,frc_milora_lr3e4_c256,False,False,True,2.4564784636834647,1.810069211692996,0.646409251990469,-0.1330631822683606,22.58
frc_milora_lr3e4_c256_s45,frc,Llama-CS grid (frc),Llama-2-7B,cs,faithful-CLoRA grid,milora,MiLoRA,0.0003,45.0,frc_milora_lr3e4_c256,False,False,True,2.436660040255413,1.810069211692996,0.6265908285624173,-0.1372724716820254,22.66
frc_milora_lr5e4_c256_s42,frc,Llama-CS grid (frc),Llama-2-7B,cs,faithful-CLoRA grid,milora,MiLoRA,0.0005,42.0,frc_milora_lr5e4_c256,False,False,True,2.8721393192039297,1.8520239240816387,1.020115395122291,0.0586157970105617,17.54
frc_milora_lr5e4_c256_s43,frc,Llama-CS grid (frc),Llama-2-7B,cs,faithful-CLoRA grid,milora,MiLoRA,0.0005,43.0,frc_milora_lr5e4_c256,False,False,True,2.8512673407927527,1.810069211692996,1.041198129099757,0.0492567972322272,17.4
frc_milora_lr5e4_c256_s44,frc,Llama-CS grid (frc),Llama-2-7B,cs,faithful-CLoRA grid,milora,MiLoRA,0.0005,44.0,frc_milora_lr5e4_c256,False,False,True,2.874721127488836,1.810069211692996,1.0646519157958398,0.0528093281405613,16.09
frc_milora_lr5e4_c256_s45,frc,Llama-CS grid (frc),Llama-2-7B,cs,faithful-CLoRA grid,milora,MiLoRA,0.0005,45.0,frc_milora_lr5e4_c256,False,False,True,2.866217774593512,1.810069211692996,1.0561485629005156,0.0549575960124065,19.27
frc_milora_lr7e4_c256_s42,frc,Llama-CS grid (frc),Llama-2-7B,cs,faithful-CLoRA grid,milora,MiLoRA,0.0007,42.0,frc_milora_lr7e4_c256,False,False,True,3.2281540004612634,1.8520239240816387,1.3761300763796247,0.1688214630098239,15.5
frc_milora_lr7e4_c256_s43,frc,Llama-CS grid (frc),Llama-2-7B,cs,faithful-CLoRA grid,milora,MiLoRA,0.0007,43.0,frc_milora_lr7e4_c256,False,False,True,3.279584293202586,1.810069211692996,1.4695150815095903,0.1844358883083704,14.5
frc_milora_lr7e4_c256_s44,frc,Llama-CS grid (frc),Llama-2-7B,cs,faithful-CLoRA grid,milora,MiLoRA,0.0007,44.0,frc_milora_lr7e4_c256,False,False,True,3.212242319347193,1.810069211692996,1.4021731076541972,0.1832128832942511,14.68
frc_milora_r32_lr3e4_c256_s42,frc,Llama-CS grid (frc),Llama-2-7B,cs,faithful-CLoRA grid,milora,MiLoRA,0.0003,42.0,frc_milora_r32_lr3e4_c256,False,False,True,2.483134364538658,1.8520239240816387,0.6311104404570194,-0.1287774432402929,21.82
frc_milora_r32_lr3e4_c256_s43,frc,Llama-CS grid (frc),Llama-2-7B,cs,faithful-CLoRA grid,milora,MiLoRA,0.0003,43.0,frc_milora_r32_lr3e4_c256,False,False,True,2.4353326005959834,1.810069211692996,0.6252633889029877,-0.1407415825326931,22.46
frc_milora_r32_lr3e4_c256_s44,frc,Llama-CS grid (frc),Llama-2-7B,cs,faithful-CLoRA grid,milora,MiLoRA,0.0003,44.0,frc_milora_r32_lr3e4_c256,False,False,True,2.4564784636834647,1.810069211692996,0.646409251990469,-0.1330631822683606,22.58
frc_milora_r32_lr3e4_c256_s45,frc,Llama-CS grid (frc),Llama-2-7B,cs,faithful-CLoRA grid,milora,MiLoRA,0.0003,45.0,frc_milora_r32_lr3e4_c256,False,False,True,2.4937703070096333,1.8520239240816387,0.6417463829279946,-0.1372724716820254,22.66
frc_pissa_r32_lr3e4_c256_s42,frc,Llama-CS grid (frc),Llama-2-7B,cs,faithful-CLoRA grid,pissa,PiSSA,0.0003,42.0,frc_pissa_r32_lr3e4_c256,False,False,True,3.930924849780089,1.8520239240816387,2.0789009256984503,0.1503879773252801,10.59
frc_pissa_r32_lr3e4_c256_s43,frc,Llama-CS grid (frc),Llama-2-7B,cs,faithful-CLoRA grid,pissa,PiSSA,0.0003,43.0,frc_pissa_r32_lr3e4_c256,False,False,True,3.8435286939316966,1.810069211692996,2.033459482238701,0.1504801222703345,13.25
frc_pissa_r32_lr3e4_c256_s44,frc,Llama-CS grid (frc),Llama-2-7B,cs,faithful-CLoRA grid,pissa,PiSSA,0.0003,44.0,frc_pissa_r32_lr3e4_c256,False,False,True,3.669456558474773,1.810069211692996,1.8593873467817768,0.1422955882897635,9.38
frc_pissa_r32_lr3e4_c256_s45,frc,Llama-CS grid (frc),Llama-2-7B,cs,faithful-CLoRA grid,pissa,PiSSA,0.0003,45.0,frc_pissa_r32_lr3e4_c256,False,False,True,3.746658617738669,1.810069211692996,1.9365894060456732,0.1470886246281665,12.2
frc_sclora_b0p9_em_r128_lr5e5_s42,frc,Llama-CS grid (frc),Llama-2-7B,cs,faithful-CLoRA grid,sclora,SC-LoRA,5e-05,42.0,frc_sclora_b0p9_em_r128_lr5e5,False,False,True,1.9694938133957776,1.8520239240816387,0.1174698893141388,-0.7104110474574032,27.05
frc_sclora_b0p9_em_r128_lr5e5_s43,frc,Llama-CS grid (frc),Llama-2-7B,cs,faithful-CLoRA grid,sclora,SC-LoRA,5e-05,43.0,frc_sclora_b0p9_em_r128_lr5e5,False,False,True,2.066721488114374,1.810069211692996,0.2566522764213783,-0.6983190507064237,27.56
frc_sclora_b0p9_em_r128_lr5e5_s44,frc,Llama-CS grid (frc),Llama-2-7B,cs,faithful-CLoRA grid,sclora,SC-LoRA,5e-05,44.0,frc_sclora_b0p9_em_r128_lr5e5,False,False,True,1.9867173395804016,1.810069211692996,0.1766481278874059,-0.6916490514132743,27.04
frc_sclora_lr1e3_c256_s42,frc,Llama-CS grid (frc),Llama-2-7B,cs,faithful-CLoRA grid,sclora,SC-LoRA,0.001,42.0,frc_sclora_lr1e3_c256,False,True,True,9.359743761941282,1.8520239240816387,7.507719837859643,0.9151992641131624,1.14
frc_sclora_lr1e3_c256_s43,frc,Llama-CS grid (frc),Llama-2-7B,cs,faithful-CLoRA grid,sclora,SC-LoRA,0.001,43.0,frc_sclora_lr1e3_c256,False,True,True,10.556099919420152,1.8520239240816387,8.704075995338513,0.9724527867166444,1.06
frc_sclora_lr1e3_c256_s44,frc,Llama-CS grid (frc),Llama-2-7B,cs,faithful-CLoRA grid,sclora,SC-LoRA,0.001,44.0,frc_sclora_lr1e3_c256,False,True,True,9.280853530835168,1.810069211692996,7.470784319142172,0.8679151048753324,0.64
frc_sclora_lr1e4_c256_s42,frc,Llama-CS grid (frc),Llama-2-7B,cs,faithful-CLoRA grid,sclora,SC-LoRA,0.0001,42.0,frc_sclora_lr1e4_c256,False,False,True,2.293670516452348,1.8520239240816387,0.4416465923707089,-0.2525105077413271,19.7
frc_sclora_lr1e4_c256_s43,frc,Llama-CS grid (frc),Llama-2-7B,cs,faithful-CLoRA grid,sclora,SC-LoRA,0.0001,43.0,frc_sclora_lr1e4_c256,False,False,True,2.27127049530076,1.810069211692996,0.4612012836077641,-0.2523551806717518,21.16
frc_sclora_lr1e4_c256_s44,frc,Llama-CS grid (frc),Llama-2-7B,cs,faithful-CLoRA grid,sclora,SC-LoRA,0.0001,44.0,frc_sclora_lr1e4_c256,False,False,True,2.2700844409320458,1.810069211692996,0.46001522923905,-0.2318060383669284,21.17
frc_sclora_lr1e4_c256_s45,frc,Llama-CS grid (frc),Llama-2-7B,cs,faithful-CLoRA grid,sclora,SC-LoRA,0.0001,45.0,frc_sclora_lr1e4_c256,False,False,True,2.25002423957063,1.810069211692996,0.4399550278776341,-0.2528990686350137,21.53
frc_sclora_lr2e4_c256_s42,frc,Llama-CS grid (frc),Llama-2-7B,cs,faithful-CLoRA grid,sclora,SC-LoRA,0.0002,42.0,frc_sclora_lr2e4_c256,False,False,True,2.5833663415108163,1.8520239240816387,0.7313424174291776,-0.0943659986730452,16.36
frc_sclora_lr2e4_c256_s43,frc,Llama-CS grid (frc),Llama-2-7B,cs,faithful-CLoRA grid,sclora,SC-LoRA,0.0002,43.0,frc_sclora_lr2e4_c256,False,False,True,2.5506599769493032,1.810069211692996,0.7405907652563075,-0.0948519981439839,18.31
frc_sclora_lr2e4_c256_s44,frc,Llama-CS grid (frc),Llama-2-7B,cs,faithful-CLoRA grid,sclora,SC-LoRA,0.0002,44.0,frc_sclora_lr2e4_c256,False,False,True,2.508702877039706,1.810069211692996,0.6986336653467109,-0.0931802845334546,15.62
frc_sclora_lr2e4_c256_s45,frc,Llama-CS grid (frc),Llama-2-7B,cs,faithful-CLoRA grid,sclora,SC-LoRA,0.0002,45.0,frc_sclora_lr2e4_c256,False,False,True,2.547871483163887,1.810069211692996,0.7378022714708912,-0.0989778267519208,17.33
frc_sclora_lr3e4_c256_s42,frc,Llama-CS grid (frc),Llama-2-7B,cs,faithful-CLoRA grid,sclora,SC-LoRA,0.0003,42.0,frc_sclora_lr3e4_c256,False,False,True,2.773484271538993,1.8520239240816387,0.9214603474573542,0.0116972881141425,15.54
frc_sclora_lr3e4_c256_s43,frc,Llama-CS grid (frc),Llama-2-7B,cs,faithful-CLoRA grid,sclora,SC-LoRA,0.0003,43.0,frc_sclora_lr3e4_c256,False,False,True,2.82913823486091,1.810069211692996,1.0190690231679145,0.0144365278316721,16.6
frc_sclora_lr3e4_c256_s44,frc,Llama-CS grid (frc),Llama-2-7B,cs,faithful-CLoRA grid,sclora,SC-LoRA,0.0003,44.0,frc_sclora_lr3e4_c256,False,False,True,2.8106825725104674,1.810069211692996,1.0006133608174717,0.0086853191951681,15.11
frc_sclora_lr3e4_c256_s45,frc,Llama-CS grid (frc),Llama-2-7B,cs,faithful-CLoRA grid,sclora,SC-LoRA,0.0003,45.0,frc_sclora_lr3e4_c256,False,False,True,2.755979035598483,1.810069211692996,0.9459098239054872,0.0146465246840317,16.0
frc_sclora_lr5e4_c256_s42,frc,Llama-CS grid (frc),Llama-2-7B,cs,faithful-CLoRA grid,sclora,SC-LoRA,0.0005,42.0,frc_sclora_lr5e4_c256,False,False,True,3.199555857402742,1.8520239240816387,1.347531933321103,0.1465621131575566,15.13
frc_sclora_lr5e4_c256_s43,frc,Llama-CS grid (frc),Llama-2-7B,cs,faithful-CLoRA grid,sclora,SC-LoRA,0.0005,43.0,frc_sclora_lr5e4_c256,False,False,True,3.253401752138012,1.810069211692996,1.4433325404450164,0.1463761330753897,14.94
frc_sclora_lr5e4_c256_s44,frc,Llama-CS grid (frc),Llama-2-7B,cs,faithful-CLoRA grid,sclora,SC-LoRA,0.0005,44.0,frc_sclora_lr5e4_c256,False,False,True,3.30462950168035,1.8520239240816387,1.4526055775987112,0.1479544309308205,8.53
frc_sclora_lr5e4_c256_s45,frc,Llama-CS grid (frc),Llama-2-7B,cs,faithful-CLoRA grid,sclora,SC-LoRA,0.0005,45.0,frc_sclora_lr5e4_c256,False,False,True,3.1958222789087607,1.810069211692996,1.385753067215765,0.1553967737048507,14.91
frc_sclora_lr7e4_c256_s42,frc,Llama-CS grid (frc),Llama-2-7B,cs,faithful-CLoRA grid,sclora,SC-LoRA,0.0007,42.0,frc_sclora_lr7e4_c256,False,False,True,3.715890001157715,1.8520239240816387,1.8638660770760764,0.2481695133068103,6.29
frc_sclora_lr7e4_c256_s43,frc,Llama-CS grid (frc),Llama-2-7B,cs,faithful-CLoRA grid,sclora,SC-LoRA,0.0007,43.0,frc_sclora_lr7e4_c256,False,False,True,3.648736143239104,1.810069211692996,1.8386669315461084,0.2561643052796146,11.02
frm_clora_k128_lr3e4_c256_s42,frm,Llama-Math grid (frm),Llama-2-7B,math,faithful-CLoRA grid,clora,CLoRA,0.0003,42.0,frm_clora_k128_lr3e4_c256,False,False,True,3.372252300723053,1.8520239240816387,1.5202283766414144,0.0331421770606246,18.52
frm_clora_k128_lr3e4_c256_s43,frm,Llama-Math grid (frm),Llama-2-7B,math,faithful-CLoRA grid,clora,CLoRA,0.0003,43.0,frm_clora_k128_lr3e4_c256,False,False,True,3.31062006550272,1.810069211692996,1.5005508538097236,0.03678853310772,18.57
frm_clora_k128_lr3e4_c256_s44,frm,Llama-Math grid (frm),Llama-2-7B,math,faithful-CLoRA grid,clora,CLoRA,0.0003,44.0,frm_clora_k128_lr3e4_c256,False,False,True,3.341031830999706,1.810069211692996,1.5309626193067103,0.04493154614916,19.2
frm_clora_k256_lr3e4_c256_s42,frm,Llama-Math grid (frm),Llama-2-7B,math,faithful-CLoRA grid,clora,CLoRA,0.0003,42.0,frm_clora_k256_lr3e4_c256,False,False,True,3.2445586319265645,1.8520239240816387,1.3925347078449255,0.0082168015896903,19.02
frm_clora_k256_lr3e4_c256_s43,frm,Llama-Math grid (frm),Llama-2-7B,math,faithful-CLoRA grid,clora,CLoRA,0.0003,43.0,frm_clora_k256_lr3e4_c256,False,False,True,3.2009744409387126,1.810069211692996,1.390905229245717,0.004063300397667,18.85
frm_clora_k256_lr3e4_c256_s44,frm,Llama-Math grid (frm),Llama-2-7B,math,faithful-CLoRA grid,clora,CLoRA,0.0003,44.0,frm_clora_k256_lr3e4_c256,False,False,True,3.213140814295748,1.810069211692996,1.403071602602752,0.0019499410842679,18.98
frm_clora_k64_lr3e4_c256_s42,frm,Llama-Math grid (frm),Llama-2-7B,math,faithful-CLoRA grid,clora,CLoRA,0.0003,42.0,frm_clora_k64_lr3e4_c256,False,False,True,3.4201094321455487,1.8520239240816387,1.56808550806391,0.04641711698399,18.38
frm_clora_k64_lr3e4_c256_s43,frm,Llama-Math grid (frm),Llama-2-7B,math,faithful-CLoRA grid,clora,CLoRA,0.0003,43.0,frm_clora_k64_lr3e4_c256,False,False,True,3.419525594885668,1.810069211692996,1.6094563831926725,0.0541149005105858,18.48
frm_clora_k64_lr3e4_c256_s44,frm,Llama-Math grid (frm),Llama-2-7B,math,faithful-CLoRA grid,clora,CLoRA,0.0003,44.0,frm_clora_k64_lr3e4_c256,False,False,True,3.4851015656296864,1.810069211692996,1.6750323539366907,0.055263625784184,19.21
frm_clora_k64_lr3e4_c256_s45,frm,Llama-Math grid (frm),Llama-2-7B,math,faithful-CLoRA grid,clora,CLoRA,0.0003,45.0,frm_clora_k64_lr3e4_c256,False,False,True,3.4471646328809604,1.810069211692996,1.6370954211879647,0.0581222157829138,18.3
frm_cordapp_lr1e4_c256_s42,frm,Llama-Math grid (frm),Llama-2-7B,math,faithful-CLoRA grid,cordapp,CorDA++ (withheld),0.0001,42.0,frm_cordapp_lr1e4_c256,True,False,False,2.1532748220036324,1.8520239240816387,0.3012508979219936,-0.1990768181867817,22.7
frm_cordapp_lr2e4_c256_s42,frm,Llama-Math grid (frm),Llama-2-7B,math,faithful-CLoRA grid,cordapp,CorDA++ (withheld),0.0002,42.0,frm_cordapp_lr2e4_c256,True,False,False,2.4495353299081177,1.8520239240816387,0.597511405826479,-0.0678815279708776,21.09
frm_cordapp_lr3e4_c256_s42,frm,Llama-Math grid (frm),Llama-2-7B,math,faithful-CLoRA grid,cordapp,CorDA++ (withheld),0.0003,42.0,frm_cordapp_lr3e4_c256,True,True,False,5.063685940570354,1.8520239240816387,3.211662016488715,0.6143803933564301,13.22
frm_dora_lr3e4_c256_s42,frm,Llama-Math grid (frm),Llama-2-7B,math,faithful-CLoRA grid,dora,DoRA,0.0003,42.0,frm_dora_lr3e4_c256,False,False,True,4.05836845922639,1.8520239240816387,2.2063445351447517,0.453303047718583,19.18
frm_dora_lr3e4_c256_s43,frm,Llama-Math grid (frm),Llama-2-7B,math,faithful-CLoRA grid,dora,DoRA,0.0003,43.0,frm_dora_lr3e4_c256,False,False,True,4.724918807811289,1.810069211692996,2.9148495961182928,0.4539906699682299,17.76
frm_dora_lr3e4_c256_s44,frm,Llama-Math grid (frm),Llama-2-7B,math,faithful-CLoRA grid,dora,DoRA,0.0003,44.0,frm_dora_lr3e4_c256,False,False,True,3.963831059076308,1.810069211692996,2.153761847383312,0.4592114940154554,18.01
frm_lora_lr3e4_c256_s42,frm,Llama-Math grid (frm),Llama-2-7B,math,faithful-CLoRA grid,lora,LoRA,0.0003,42.0,frm_lora_lr3e4_c256,False,False,True,3.570272091071677,1.8520239240816387,1.718248166990039,0.1082605049764734,18.04
frm_lora_lr3e4_c256_s43,frm,Llama-Math grid (frm),Llama-2-7B,math,faithful-CLoRA grid,lora,LoRA,0.0003,43.0,frm_lora_lr3e4_c256,False,False,True,3.611087378584074,1.8520239240816387,1.7590634545024346,0.1130738935942079,18.44
frm_lora_lr3e4_c256_s44,frm,Llama-Math grid (frm),Llama-2-7B,math,faithful-CLoRA grid,lora,LoRA,0.0003,44.0,frm_lora_lr3e4_c256,False,False,True,3.592547550446957,1.8520239240816387,1.7405236263653183,0.1085988459735667,17.84
frm_lora_null_lr1e4_c256_s42,frm,Llama-Math grid (frm),Llama-2-7B,math,faithful-CLoRA grid,lora_null,LoRA-Null,0.0001,42.0,frm_lora_null_lr1e4_c256,False,False,True,2.5827871573593595,1.8520239240816387,0.7307632332777207,-0.3243132913005989,22.9
frm_lora_null_lr2e4_c256_s42,frm,Llama-Math grid (frm),Llama-2-7B,math,faithful-CLoRA grid,lora_null,LoRA-Null,0.0002,42.0,frm_lora_null_lr2e4_c256,False,False,True,3.137799139250496,1.8520239240816387,1.2857752151688575,-0.0543837207732682,18.64
frm_lora_null_lr2e4_c256_s43,frm,Llama-Math grid (frm),Llama-2-7B,math,faithful-CLoRA grid,lora_null,LoRA-Null,0.0002,43.0,frm_lora_null_lr2e4_c256,False,False,True,3.0794753461747035,1.8520239240816387,1.2274514220930648,-0.0540392964224314,19.45
frm_lora_null_lr2e4_c256_s44,frm,Llama-Math grid (frm),Llama-2-7B,math,faithful-CLoRA grid,lora_null,LoRA-Null,0.0002,44.0,frm_lora_null_lr2e4_c256,False,False,True,3.0892301652184107,1.810069211692996,1.279160953525415,-0.048565334467987,18.93
frm_lorawd_wd0_lr1e3_c256_s42,frm,Llama-Math grid (frm),Llama-2-7B,math,faithful-CLoRA grid,lorawd,LoRA+wd,0.001,42.0,frm_lorawd_wd0_lr1e3_c256,False,True,False,,1.8520239240816387,,,0.0
frm_lorawd_wd0_lr1e3_c256_s43,frm,Llama-Math grid (frm),Llama-2-7B,math,faithful-CLoRA grid,lorawd,LoRA+wd,0.001,43.0,frm_lorawd_wd0_lr1e3_c256,False,True,False,,1.810069211692996,,,0.0
frm_lorawd_wd0_lr1e3_c256_s44,frm,Llama-Math grid (frm),Llama-2-7B,math,faithful-CLoRA grid,lorawd,LoRA+wd,0.001,44.0,frm_lorawd_wd0_lr1e3_c256,False,True,False,,1.810069211692996,,,0.0
frm_lorawd_wd0_lr1e4_c256_s42,frm,Llama-Math grid (frm),Llama-2-7B,math,faithful-CLoRA grid,lorawd,LoRA+wd,0.0001,42.0,frm_lorawd_wd0_lr1e4_c256,False,False,True,2.366592084949489,1.8520239240816387,0.5145681608678507,-0.3629107264696695,22.58
frm_lorawd_wd0_lr1e4_c256_s43,frm,Llama-Math grid (frm),Llama-2-7B,math,faithful-CLoRA grid,lorawd,LoRA+wd,0.0001,43.0,frm_lorawd_wd0_lr1e4_c256,False,False,True,2.3544705683447447,1.8520239240816387,0.5024466442631059,-0.3483343960770644,23.35
frm_lorawd_wd0_lr1e4_c256_s44,frm,Llama-Math grid (frm),Llama-2-7B,math,faithful-CLoRA grid,lorawd,LoRA+wd,0.0001,44.0,frm_lorawd_wd0_lr1e4_c256,False,False,True,2.392044755466332,1.8520239240816387,0.5400208313846928,-0.3517375942519555,23.14
frm_lorawd_wd0_lr2e4_c256_s42,frm,Llama-Math grid (frm),Llama-2-7B,math,faithful-CLoRA grid,lorawd,LoRA+wd,0.0002,42.0,frm_lorawd_wd0_lr2e4_c256,False,False,True,2.888892415530566,1.8520239240816387,1.036868491448928,-0.0604807473813814,19.24
frm_lorawd_wd0_lr2e4_c256_s43,frm,Llama-Math grid (frm),Llama-2-7B,math,faithful-CLoRA grid,lorawd,LoRA+wd,0.0002,43.0,frm_lorawd_wd0_lr2e4_c256,False,False,True,2.859160897766794,1.810069211692996,1.0490916860737982,-0.0695604052332999,20.3
frm_lorawd_wd0_lr2e4_c256_s44,frm,Llama-Math grid (frm),Llama-2-7B,math,faithful-CLoRA grid,lorawd,LoRA+wd,0.0002,44.0,frm_lorawd_wd0_lr2e4_c256,False,False,True,2.893871532803245,1.810069211692996,1.0838023211102492,-0.0669178376302089,20.81
frm_lorawd_wd0_lr3e4_c256_s42,frm,Llama-Math grid (frm),Llama-2-7B,math,faithful-CLoRA grid,lorawd,LoRA+wd,0.0003,42.0,frm_lorawd_wd0_lr3e4_c256,False,False,True,3.5548387667593966,1.8520239240816387,1.7028148426777578,0.1119678372060728,17.96
frm_lorawd_wd0_lr3e4_c256_s43,frm,Llama-Math grid (frm),Llama-2-7B,math,faithful-CLoRA grid,lorawd,LoRA+wd,0.0003,43.0,frm_lorawd_wd0_lr3e4_c256,False,False,True,3.526980984780276,1.810069211692996,1.7169117730872805,0.1019875185582993,19.5
frm_lorawd_wd0_lr3e4_c256_s44,frm,Llama-Math grid (frm),Llama-2-7B,math,faithful-CLoRA grid,lorawd,LoRA+wd,0.0003,44.0,frm_lorawd_wd0_lr3e4_c256,False,False,True,3.5405237451939398,1.810069211692996,1.7304545335009436,0.1049307390777404,17.8
frm_lorawd_wd0_lr5e4_c256_s42,frm,Llama-Math grid (frm),Llama-2-7B,math,faithful-CLoRA grid,lorawd,LoRA+wd,0.0005,42.0,frm_lorawd_wd0_lr5e4_c256,False,False,True,6.919080294523591,1.8520239240816387,5.067056370441952,0.4282806147071767,9.92
frm_lorawd_wd0_lr5e4_c256_s43,frm,Llama-Math grid (frm),Llama-2-7B,math,faithful-CLoRA grid,lorawd,LoRA+wd,0.0005,43.0,frm_lorawd_wd0_lr5e4_c256,False,False,True,6.371144885334673,1.810069211692996,4.561075673641677,0.4296069527032835,8.56
frm_lorawd_wd0_lr5e4_c256_s44,frm,Llama-Math grid (frm),Llama-2-7B,math,faithful-CLoRA grid,lorawd,LoRA+wd,0.0005,44.0,frm_lorawd_wd0_lr5e4_c256,False,False,True,6.789217543571134,1.810069211692996,4.979148331878138,0.4296876960953957,8.88
frm_lorawd_wd0_lr7e4_c256_s42,frm,Llama-Math grid (frm),Llama-2-7B,math,faithful-CLoRA grid,lorawd,LoRA+wd,0.0007,42.0,frm_lorawd_wd0_lr7e4_c256,False,True,True,10.21390813722959,1.8520239240816387,8.36188421314795,1.0334438612475565,1.82
frm_lorawd_wd0_lr7e4_c256_s43,frm,Llama-Math grid (frm),Llama-2-7B,math,faithful-CLoRA grid,lorawd,LoRA+wd,0.0007,43.0,frm_lorawd_wd0_lr7e4_c256,False,True,True,8.868335367743846,1.810069211692996,7.05826615605085,1.0685606038053057,1.75
frm_lorawd_wd0_lr7e4_c256_s44,frm,Llama-Math grid (frm),Llama-2-7B,math,faithful-CLoRA grid,lorawd,LoRA+wd,0.0007,44.0,frm_lorawd_wd0_lr7e4_c256,False,True,False,,1.810069211692996,,,0.0
frm_lorawd_wd0p1_lr1e3_c256_s42,frm,Llama-Math grid (frm),Llama-2-7B,math,faithful-CLoRA grid,lorawd,LoRA+wd,0.001,42.0,frm_lorawd_wd0p1_lr1e3_c256,False,True,False,,1.8520239240816387,,,0.0
frm_lorawd_wd0p1_lr1e3_c256_s43,frm,Llama-Math grid (frm),Llama-2-7B,math,faithful-CLoRA grid,lorawd,LoRA+wd,0.001,43.0,frm_lorawd_wd0p1_lr1e3_c256,False,True,False,,1.810069211692996,,,0.0
frm_lorawd_wd0p1_lr1e3_c256_s44,frm,Llama-Math grid (frm),Llama-2-7B,math,faithful-CLoRA grid,lorawd,LoRA+wd,0.001,44.0,frm_lorawd_wd0p1_lr1e3_c256,False,True,False,,1.8520239240816387,,,0.0
frm_lorawd_wd0p1_lr1e4_c256_s42,frm,Llama-Math grid (frm),Llama-2-7B,math,faithful-CLoRA grid,lorawd,LoRA+wd,0.0001,42.0,frm_lorawd_wd0p1_lr1e4_c256,False,False,True,2.2165675057374914,1.8520239240816387,0.3645435816558526,-0.4680104485874498,24.4
frm_lorawd_wd0p1_lr1e4_c256_s43,frm,Llama-Math grid (frm),Llama-2-7B,math,faithful-CLoRA grid,lorawd,LoRA+wd,0.0001,43.0,frm_lorawd_wd0p1_lr1e4_c256,False,False,True,2.161881613401412,1.810069211692996,0.3518124017084159,-0.4710832997223452,25.15
frm_lorawd_wd0p1_lr1e4_c256_s44,frm,Llama-Math grid (frm),Llama-2-7B,math,faithful-CLoRA grid,lorawd,LoRA+wd,0.0001,44.0,frm_lorawd_wd0p1_lr1e4_c256,False,False,True,2.1593660302243194,1.810069211692996,0.3492968185313236,-0.4691602213834794,24.71
frm_lorawd_wd0p1_lr2e4_c256_s42,frm,Llama-Math grid (frm),Llama-2-7B,math,faithful-CLoRA grid,lorawd,LoRA+wd,0.0002,42.0,frm_lorawd_wd0p1_lr2e4_c256,False,False,True,2.3813435504187384,1.8520239240816387,0.5293196263370996,-0.2980005251103632,23.92
frm_lorawd_wd0p1_lr2e4_c256_s43,frm,Llama-Math grid (frm),Llama-2-7B,math,faithful-CLoRA grid,lorawd,LoRA+wd,0.0002,43.0,frm_lorawd_wd0p1_lr2e4_c256,False,False,True,2.3374868962331568,1.810069211692996,0.527417684540161,-0.2938798902972964,24.18
frm_lorawd_wd0p1_lr2e4_c256_s44,frm,Llama-Math grid (frm),Llama-2-7B,math,faithful-CLoRA grid,lorawd,LoRA+wd,0.0002,44.0,frm_lorawd_wd0p1_lr2e4_c256,False,False,True,2.336897291382248,1.810069211692996,0.5268280796892519,-0.2854187911604688,22.78
frm_lorawd_wd0p1_lr2e4_c512_s42,frm,Llama-Math grid (frm),Llama-2-7B,math,faithful-CLoRA grid,lorawd,LoRA+wd,0.0002,42.0,frm_lorawd_wd0p1_lr2e4_c512,False,False,True,2.355480899415911,1.8520239240816387,0.5034569753342724,-0.3014645074379989,24.32
frm_lorawd_wd0p1_lr2e4_c512_s43,frm,Llama-Math grid (frm),Llama-2-7B,math,faithful-CLoRA grid,lorawd,LoRA+wd,0.0002,43.0,frm_lorawd_wd0p1_lr2e4_c512,False,False,True,2.3150410129294325,1.810069211692996,0.5049718012364368,-0.2877713303804647,23.84
frm_lorawd_wd0p1_lr2e4_c512_s44,frm,Llama-Math grid (frm),Llama-2-7B,math,faithful-CLoRA grid,lorawd,LoRA+wd,0.0002,44.0,frm_lorawd_wd0p1_lr2e4_c512,False,False,True,2.303797264964866,1.810069211692996,0.4937280532718702,-0.2984320149440726,23.51
frm_lorawd_wd0p1_lr3e4_c256_s42,frm,Llama-Math grid (frm),Llama-2-7B,math,faithful-CLoRA grid,lorawd,LoRA+wd,0.0003,42.0,frm_lorawd_wd0p1_lr3e4_c256,False,False,True,2.5312329554390125,1.8520239240816387,0.6792090313573738,-0.1863523046531033,21.16
frm_lorawd_wd0p1_lr3e4_c256_s43,frm,Llama-Math grid (frm),Llama-2-7B,math,faithful-CLoRA grid,lorawd,LoRA+wd,0.0003,43.0,frm_lorawd_wd0p1_lr3e4_c256,False,False,True,2.484218145959481,1.810069211692996,0.6741489342664855,-0.1681302257194983,21.26
frm_lorawd_wd0p1_lr3e4_c256_s44,frm,Llama-Math grid (frm),Llama-2-7B,math,faithful-CLoRA grid,lorawd,LoRA+wd,0.0003,44.0,frm_lorawd_wd0p1_lr3e4_c256,False,False,True,2.543964870541584,1.8520239240816387,0.6919409464599449,-0.1830299622427005,21.77
frm_lorawd_wd0p1_lr3e4_c512_s42,frm,Llama-Math grid (frm),Llama-2-7B,math,faithful-CLoRA grid,lorawd,LoRA+wd,0.0003,42.0,frm_lorawd_wd0p1_lr3e4_c512,False,False,True,2.4691632988154573,1.8520239240816387,0.6171393747338185,-0.1716623999409955,22.98
frm_lorawd_wd0p1_lr3e4_c512_s43,frm,Llama-Math grid (frm),Llama-2-7B,math,faithful-CLoRA grid,lorawd,LoRA+wd,0.0003,43.0,frm_lorawd_wd0p1_lr3e4_c512,False,False,True,2.4496605141837557,1.810069211692996,0.6395913024907596,-0.1821703002543944,21.87
frm_lorawd_wd0p1_lr3e4_c512_s44,frm,Llama-Math grid (frm),Llama-2-7B,math,faithful-CLoRA grid,lorawd,LoRA+wd,0.0003,44.0,frm_lorawd_wd0p1_lr3e4_c512,False,False,True,2.4458776302895,1.810069211692996,0.6358084185965043,-0.1805876887906748,21.72
frm_lorawd_wd0p1_lr5e4_c256_s42,frm,Llama-Math grid (frm),Llama-2-7B,math,faithful-CLoRA grid,lorawd,LoRA+wd,0.0005,42.0,frm_lorawd_wd0p1_lr5e4_c256,False,False,True,2.875113215087439,1.8520239240816387,1.0230892910058,-0.0224592940534651,19.65
frm_lorawd_wd0p1_lr5e4_c256_s43,frm,Llama-Math grid (frm),Llama-2-7B,math,faithful-CLoRA grid,lorawd,LoRA+wd,0.0005,43.0,frm_lorawd_wd0p1_lr5e4_c256,False,False,True,2.839379289797673,1.810069211692996,1.0293100781046778,-0.0264103765727431,20.07
frm_lorawd_wd0p1_lr5e4_c256_s44,frm,Llama-Math grid (frm),Llama-2-7B,math,faithful-CLoRA grid,lorawd,LoRA+wd,0.0005,44.0,frm_lorawd_wd0p1_lr5e4_c256,False,False,True,2.8275917051851303,1.810069211692996,1.0175224934921343,-0.0404816230270017,19.49
frm_lorawd_wd0p1_lr5e4_c512_s42,frm,Llama-Math grid (frm),Llama-2-7B,math,faithful-CLoRA grid,lorawd,LoRA+wd,0.0005,42.0,frm_lorawd_wd0p1_lr5e4_c512,False,False,True,2.7838834770622456,1.8520239240816387,0.9318595529806069,-0.0371573187987575,20.01
frm_lorawd_wd0p1_lr5e4_c512_s43,frm,Llama-Math grid (frm),Llama-2-7B,math,faithful-CLoRA grid,lorawd,LoRA+wd,0.0005,43.0,frm_lorawd_wd0p1_lr5e4_c512,False,False,True,2.7573503976381395,1.810069211692996,0.9472811859451438,-0.0337643759014181,20.94
frm_lorawd_wd0p1_lr5e4_c512_s44,frm,Llama-Math grid (frm),Llama-2-7B,math,faithful-CLoRA grid,lorawd,LoRA+wd,0.0005,44.0,frm_lorawd_wd0p1_lr5e4_c512,False,False,True,2.762788056009252,1.810069211692996,0.9527188443162562,-0.0424884885455201,20.51
frm_lorawd_wd0p1_lr7e4_c256_s42,frm,Llama-Math grid (frm),Llama-2-7B,math,faithful-CLoRA grid,lorawd,LoRA+wd,0.0007,42.0,frm_lorawd_wd0p1_lr7e4_c256,False,False,True,3.3940878218198804,1.8520239240816387,1.5420638977382417,0.0752183791115354,17.8
frm_lorawd_wd0p1_lr7e4_c256_s43,frm,Llama-Math grid (frm),Llama-2-7B,math,faithful-CLoRA grid,lorawd,LoRA+wd,0.0007,43.0,frm_lorawd_wd0p1_lr7e4_c256,False,False,True,3.467113732262028,1.810069211692996,1.6570445205690325,0.0850764114720945,17.86
frm_lorawd_wd0p1_lr7e4_c256_s44,frm,Llama-Math grid (frm),Llama-2-7B,math,faithful-CLoRA grid,lorawd,LoRA+wd,0.0007,44.0,frm_lorawd_wd0p1_lr7e4_c256,False,False,True,3.4479654019767825,1.810069211692996,1.6378961902837867,0.085825533520743,18.6
frm_lorawd_wd0p2_lr1e3_c256_s42,frm,Llama-Math grid (frm),Llama-2-7B,math,faithful-CLoRA grid,lorawd,LoRA+wd,0.001,42.0,frm_lorawd_wd0p2_lr1e3_c256,False,True,False,,1.8520239240816387,,,0.0
frm_lorawd_wd0p2_lr1e3_c256_s43,frm,Llama-Math grid (frm),Llama-2-7B,math,faithful-CLoRA grid,lorawd,LoRA+wd,0.001,43.0,frm_lorawd_wd0p2_lr1e3_c256,False,True,False,,1.810069211692996,,,0.0
frm_lorawd_wd0p2_lr1e4_c256_s42,frm,Llama-Math grid (frm),Llama-2-7B,math,faithful-CLoRA grid,lorawd,LoRA+wd,0.0001,42.0,frm_lorawd_wd0p2_lr1e4_c256,False,False,True,2.134522288185228,1.8520239240816387,0.282498364103589,-0.5453075507605232,24.8
frm_lorawd_wd0p2_lr1e4_c256_s43,frm,Llama-Math grid (frm),Llama-2-7B,math,faithful-CLoRA grid,lorawd,LoRA+wd,0.0001,43.0,frm_lorawd_wd0p2_lr1e4_c256,False,False,True,2.11997145238401,1.8520239240816387,0.2679475283023711,-0.5536181877775579,25.5
frm_lorawd_wd0p2_lr1e4_c256_s44,frm,Llama-Math grid (frm),Llama-2-7B,math,faithful-CLoRA grid,lorawd,LoRA+wd,0.0001,44.0,frm_lorawd_wd0p2_lr1e4_c256,False,False,True,2.1278298489191747,1.8520239240816387,0.2758059248375359,-0.5543957967264024,25.06
frm_lorawd_wd0p2_lr2e4_c256_s42,frm,Llama-Math grid (frm),Llama-2-7B,math,faithful-CLoRA grid,lorawd,LoRA+wd,0.0002,42.0,frm_lorawd_wd0p2_lr2e4_c256,False,False,True,2.167781265756797,1.8520239240816387,0.3157573416751584,-0.4462383016099956,24.49
frm_lorawd_wd0p2_lr2e4_c256_s43,frm,Llama-Math grid (frm),Llama-2-7B,math,faithful-CLoRA grid,lorawd,LoRA+wd,0.0002,43.0,frm_lorawd_wd0p2_lr2e4_c256,False,False,True,2.159990349837869,1.810069211692996,0.3499211381448732,-0.4503837604809146,23.97
frm_lorawd_wd0p2_lr2e4_c256_s44,frm,Llama-Math grid (frm),Llama-2-7B,math,faithful-CLoRA grid,lorawd,LoRA+wd,0.0002,44.0,frm_lorawd_wd0p2_lr2e4_c256,False,False,True,2.141852981766768,1.810069211692996,0.3317837700737722,-0.4411714751829884,25.21
frm_lorawd_wd0p2_lr2e4_c256_s45,frm,Llama-Math grid (frm),Llama-2-7B,math,faithful-CLoRA grid,lorawd,LoRA+wd,0.0002,45.0,frm_lorawd_wd0p2_lr2e4_c256,False,False,True,2.1449601050110587,1.810069211692996,0.334890893318063,-0.4492825765307173,24.37
frm_lorawd_wd0p2_lr2e4_c512_s42,frm,Llama-Math grid (frm),Llama-2-7B,math,faithful-CLoRA grid,lorawd,LoRA+wd,0.0002,42.0,frm_lorawd_wd0p2_lr2e4_c512,False,False,True,2.1794656069012763,1.8520239240816387,0.3274416828196376,-0.4341521813264823,24.28
frm_lorawd_wd0p2_lr2e4_c512_s43,frm,Llama-Math grid (frm),Llama-2-7B,math,faithful-CLoRA grid,lorawd,LoRA+wd,0.0002,43.0,frm_lorawd_wd0p2_lr2e4_c512,False,False,True,2.1126494329358816,1.810069211692996,0.3025802212428858,-0.4512421714262957,25.02
frm_lorawd_wd0p2_lr2e4_c512_s44,frm,Llama-Math grid (frm),Llama-2-7B,math,faithful-CLoRA grid,lorawd,LoRA+wd,0.0002,44.0,frm_lorawd_wd0p2_lr2e4_c512,False,False,True,2.1281258399640466,1.810069211692996,0.3180566282710508,-0.4335625078049297,24.4
frm_lorawd_wd0p2_lr3e4_c256_s42,frm,Llama-Math grid (frm),Llama-2-7B,math,faithful-CLoRA grid,lorawd,LoRA+wd,0.0003,42.0,frm_lorawd_wd0p2_lr3e4_c256,False,False,True,2.249888817779646,1.8520239240816387,0.3978648936980073,-0.3752024210392389,23.78
frm_lorawd_wd0p2_lr3e4_c256_s43,frm,Llama-Math grid (frm),Llama-2-7B,math,faithful-CLoRA grid,lorawd,LoRA+wd,0.0003,43.0,frm_lorawd_wd0p2_lr3e4_c256,False,False,True,2.1928812357562424,1.810069211692996,0.3828120240632466,-0.3708963498228635,24.0
frm_lorawd_wd0p2_lr3e4_c256_s44,frm,Llama-Math grid (frm),Llama-2-7B,math,faithful-CLoRA grid,lorawd,LoRA+wd,0.0003,44.0,frm_lorawd_wd0p2_lr3e4_c256,False,False,True,2.2084451300298134,1.810069211692996,0.3983759183368176,-0.3388501427552134,24.92
frm_lorawd_wd0p2_lr3e4_c512_s42,frm,Llama-Math grid (frm),Llama-2-7B,math,faithful-CLoRA grid,lorawd,LoRA+wd,0.0003,42.0,frm_lorawd_wd0p2_lr3e4_c512,False,False,True,2.212377895244796,1.8520239240816387,0.3603539711631569,-0.3760274879830036,24.81
frm_lorawd_wd0p2_lr3e4_c512_s43,frm,Llama-Math grid (frm),Llama-2-7B,math,faithful-CLoRA grid,lorawd,LoRA+wd,0.0003,43.0,frm_lorawd_wd0p2_lr3e4_c512,False,False,True,2.1678065240666027,1.810069211692996,0.3577373123736069,-0.3403689883929994,23.63
frm_lorawd_wd0p2_lr3e4_c512_s44,frm,Llama-Math grid (frm),Llama-2-7B,math,faithful-CLoRA grid,lorawd,LoRA+wd,0.0003,44.0,frm_lorawd_wd0p2_lr3e4_c512,False,False,True,2.161838641516538,1.810069211692996,0.3517694298235423,-0.3671379598997701,24.11
frm_lorawd_wd0p2_lr5e4_c256_s42,frm,Llama-Math grid (frm),Llama-2-7B,math,faithful-CLoRA grid,lorawd,LoRA+wd,0.0005,42.0,frm_lorawd_wd0p2_lr5e4_c256,False,False,True,2.3539075719431524,1.8520239240816387,0.5018836478615136,-0.2534436385896308,22.48
frm_lorawd_wd0p2_lr5e4_c256_s43,frm,Llama-Math grid (frm),Llama-2-7B,math,faithful-CLoRA grid,lorawd,LoRA+wd,0.0005,43.0,frm_lorawd_wd0p2_lr5e4_c256,False,False,True,2.318121794092624,1.810069211692996,0.5080525823996285,-0.2487979054116468,22.56
frm_lorawd_wd0p2_lr5e4_c256_s44,frm,Llama-Math grid (frm),Llama-2-7B,math,faithful-CLoRA grid,lorawd,LoRA+wd,0.0005,44.0,frm_lorawd_wd0p2_lr5e4_c256,False,False,True,2.339686317010432,1.810069211692996,0.5296171053174363,-0.2646406669982892,22.23
frm_lorawd_wd0p2_lr5e4_c512_s42,frm,Llama-Math grid (frm),Llama-2-7B,math,faithful-CLoRA grid,lorawd,LoRA+wd,0.0005,42.0,frm_lorawd_wd0p2_lr5e4_c512,False,False,True,2.3297272813714764,1.8520239240816387,0.4777033572898377,-0.274987274658843,22.12
frm_lorawd_wd0p2_lr5e4_c512_s43,frm,Llama-Math grid (frm),Llama-2-7B,math,faithful-CLoRA grid,lorawd,LoRA+wd,0.0005,43.0,frm_lorawd_wd0p2_lr5e4_c512,False,False,True,2.295273541591932,1.810069211692996,0.4852043298989363,-0.2495687513397978,23.1
frm_lorawd_wd0p2_lr5e4_c512_s44,frm,Llama-Math grid (frm),Llama-2-7B,math,faithful-CLoRA grid,lorawd,LoRA+wd,0.0005,44.0,frm_lorawd_wd0p2_lr5e4_c512,False,False,True,2.2970424694064624,1.810069211692996,0.4869732577134666,-0.2545348313292729,22.32
frm_lorawd_wd0p2_lr7e4_c256_s42,frm,Llama-Math grid (frm),Llama-2-7B,math,faithful-CLoRA grid,lorawd,LoRA+wd,0.0007,42.0,frm_lorawd_wd0p2_lr7e4_c256,False,False,True,2.480879352597427,1.8520239240816387,0.6288554285157884,-0.1907770783105782,20.82
frm_lorawd_wd0p2_lr7e4_c256_s43,frm,Llama-Math grid (frm),Llama-2-7B,math,faithful-CLoRA grid,lorawd,LoRA+wd,0.0007,43.0,frm_lorawd_wd0p2_lr7e4_c256,False,False,True,3.277396955395717,1.810069211692996,1.4673277437027217,0.0873909449971878,5.32
frm_lorawd_wd0p2_lr7e4_c256_s44,frm,Llama-Math grid (frm),Llama-2-7B,math,faithful-CLoRA grid,lorawd,LoRA+wd,0.0007,44.0,frm_lorawd_wd0p2_lr7e4_c256,False,False,True,2.423683113155409,1.810069211692996,0.6136139014624133,-0.2036338450224787,21.8
frm_lorawd_wd0p3_lr1e3_c256_s42,frm,Llama-Math grid (frm),Llama-2-7B,math,faithful-CLoRA grid,lorawd,LoRA+wd,0.001,42.0,frm_lorawd_wd0p3_lr1e3_c256,False,True,True,15.343386869276724,1.8520239240816387,13.491362945195084,2.0646054745483893,0.0
frm_lorawd_wd0p3_lr1e3_c256_s43,frm,Llama-Math grid (frm),Llama-2-7B,math,faithful-CLoRA grid,lorawd,LoRA+wd,0.001,43.0,frm_lorawd_wd0p3_lr1e3_c256,False,True,True,8.79052437011331,1.8520239240816387,6.938500446031672,2.028968767344495,0.0
frm_lorawd_wd0p3_lr1e3_c256_s44,frm,Llama-Math grid (frm),Llama-2-7B,math,faithful-CLoRA grid,lorawd,LoRA+wd,0.001,44.0,frm_lorawd_wd0p3_lr1e3_c256,False,True,False,,1.810069211692996,,,0.0
frm_lorawd_wd0p3_lr1e4_c256_s42,frm,Llama-Math grid (frm),Llama-2-7B,math,faithful-CLoRA grid,lorawd,LoRA+wd,0.0001,42.0,frm_lorawd_wd0p3_lr1e4_c256,False,False,True,2.065894848032945,1.8520239240816387,0.2138709239513061,-0.6232406045951201,25.39
frm_lorawd_wd0p3_lr1e4_c256_s43,frm,Llama-Math grid (frm),Llama-2-7B,math,faithful-CLoRA grid,lorawd,LoRA+wd,0.0001,43.0,frm_lorawd_wd0p3_lr1e4_c256,False,False,True,2.006794444670346,1.810069211692996,0.1967252329773503,-0.6160052105582672,25.36
frm_lorawd_wd0p3_lr1e4_c256_s44,frm,Llama-Math grid (frm),Llama-2-7B,math,faithful-CLoRA grid,lorawd,LoRA+wd,0.0001,44.0,frm_lorawd_wd0p3_lr1e4_c256,False,False,True,2.0188590545628298,1.810069211692996,0.208789842869834,-0.6187043769961741,26.02
frm_lorawd_wd0p3_lr2e4_c256_s42,frm,Llama-Math grid (frm),Llama-2-7B,math,faithful-CLoRA grid,lorawd,LoRA+wd,0.0002,42.0,frm_lorawd_wd0p3_lr2e4_c256,False,False,True,2.080969146964349,1.8520239240816387,0.2289452228827104,-0.5559552040819237,25.14
frm_lorawd_wd0p3_lr2e4_c256_s43,frm,Llama-Math grid (frm),Llama-2-7B,math,faithful-CLoRA grid,lorawd,LoRA+wd,0.0002,43.0,frm_lorawd_wd0p3_lr2e4_c256,False,False,True,2.087458401663106,1.8520239240816387,0.2354344775814674,-0.5489815478445427,26.01
frm_lorawd_wd0p3_lr2e4_c256_s44,frm,Llama-Math grid (frm),Llama-2-7B,math,faithful-CLoRA grid,lorawd,LoRA+wd,0.0002,44.0,frm_lorawd_wd0p3_lr2e4_c256,False,False,True,2.0791656570610244,1.8520239240816387,0.2271417329793856,-0.5539290642989949,25.06
frm_lorawd_wd0p3_lr2e4_c512_s42,frm,Llama-Math grid (frm),Llama-2-7B,math,faithful-CLoRA grid,lorawd,LoRA+wd,0.0002,42.0,frm_lorawd_wd0p3_lr2e4_c512,False,False,True,2.062832721929168,1.8520239240816387,0.210808797847529,-0.5495969138446337,26.15
frm_lorawd_wd0p3_lr2e4_c512_s43,frm,Llama-Math grid (frm),Llama-2-7B,math,faithful-CLoRA grid,lorawd,LoRA+wd,0.0002,43.0,frm_lorawd_wd0p3_lr2e4_c512,False,False,True,2.031883891005255,1.810069211692996,0.2218146793122593,-0.5468346074741428,26.43
frm_lorawd_wd0p3_lr2e4_c512_s44,frm,Llama-Math grid (frm),Llama-2-7B,math,faithful-CLoRA grid,lorawd,LoRA+wd,0.0002,44.0,frm_lorawd_wd0p3_lr2e4_c512,False,False,True,2.024511082073488,1.810069211692996,0.2144418703804922,-0.5551748004902523,25.42
frm_lorawd_wd0p3_lr3e4_c256_s42,frm,Llama-Math grid (frm),Llama-2-7B,math,faithful-CLoRA grid,lorawd,LoRA+wd,0.0003,42.0,frm_lorawd_wd0p3_lr3e4_c256,False,False,True,2.1244257650721896,1.8520239240816387,0.2724018409905508,-0.4822764051662644,25.16
frm_lorawd_wd0p3_lr3e4_c256_s43,frm,Llama-Math grid (frm),Llama-2-7B,math,faithful-CLoRA grid,lorawd,LoRA+wd,0.0003,43.0,frm_lorawd_wd0p3_lr3e4_c256,False,False,True,2.1198640593374467,1.8520239240816387,0.2678401352558079,-0.4985299278995877,24.77
frm_lorawd_wd0p3_lr3e4_c256_s44,frm,Llama-Math grid (frm),Llama-2-7B,math,faithful-CLoRA grid,lorawd,LoRA+wd,0.0003,44.0,frm_lorawd_wd0p3_lr3e4_c256,False,False,True,2.075928987476705,1.810069211692996,0.2658597757837093,-0.5030703519267851,24.87
frm_lorawd_wd0p3_lr3e4_c512_s42,frm,Llama-Math grid (frm),Llama-2-7B,math,faithful-CLoRA grid,lorawd,LoRA+wd,0.0003,42.0,frm_lorawd_wd0p3_lr3e4_c512,False,False,True,2.1017363510206875,1.8520239240816387,0.2497124269390487,-0.5011383110071159,25.54
frm_lorawd_wd0p3_lr3e4_c512_s43,frm,Llama-Math grid (frm),Llama-2-7B,math,faithful-CLoRA grid,lorawd,LoRA+wd,0.0003,43.0,frm_lorawd_wd0p3_lr3e4_c512,False,False,True,2.070758888456304,1.810069211692996,0.2606896767633084,-0.4945786724167191,25.04
frm_lorawd_wd0p3_lr3e4_c512_s44,frm,Llama-Math grid (frm),Llama-2-7B,math,faithful-CLoRA grid,lorawd,LoRA+wd,0.0003,44.0,frm_lorawd_wd0p3_lr3e4_c512,False,False,True,2.0612668717752496,1.810069211692996,0.2511976600822538,-0.4914702810287134,24.6
frm_lorawd_wd0p3_lr5e4_c256_s42,frm,Llama-Math grid (frm),Llama-2-7B,math,faithful-CLoRA grid,lorawd,LoRA+wd,0.0005,42.0,frm_lorawd_wd0p3_lr5e4_c256,False,False,True,2.201190369941208,1.8520239240816387,0.3491664458595691,-0.4089353929735008,24.22
frm_lorawd_wd0p3_lr5e4_c256_s43,frm,Llama-Math grid (frm),Llama-2-7B,math,faithful-CLoRA grid,lorawd,LoRA+wd,0.0005,43.0,frm_lorawd_wd0p3_lr5e4_c256,False,False,True,2.1655337255904725,1.810069211692996,0.3554645138974768,-0.4008814349446372,24.3
frm_lorawd_wd0p3_lr5e4_c256_s44,frm,Llama-Math grid (frm),Llama-2-7B,math,faithful-CLoRA grid,lorawd,LoRA+wd,0.0005,44.0,frm_lorawd_wd0p3_lr5e4_c256,False,False,True,2.1564535564560896,1.810069211692996,0.3463843447630939,-0.3944794765625311,23.96
frm_lorawd_wd0p3_lr5e4_c512_s42,frm,Llama-Math grid (frm),Llama-2-7B,math,faithful-CLoRA grid,lorawd,LoRA+wd,0.0005,42.0,frm_lorawd_wd0p3_lr5e4_c512,False,False,True,2.143252072607001,1.8520239240816387,0.2912281485253625,-0.3990271043132517,24.68
frm_lorawd_wd0p3_lr5e4_c512_s43,frm,Llama-Math grid (frm),Llama-2-7B,math,faithful-CLoRA grid,lorawd,LoRA+wd,0.0005,43.0,frm_lorawd_wd0p3_lr5e4_c512,False,False,True,2.1383631761610697,1.810069211692996,0.328293964468074,-0.4236586497942071,24.1
frm_lorawd_wd0p3_lr5e4_c512_s44,frm,Llama-Math grid (frm),Llama-2-7B,math,faithful-CLoRA grid,lorawd,LoRA+wd,0.0005,44.0,frm_lorawd_wd0p3_lr5e4_c512,False,False,True,2.1305545646037807,1.810069211692996,0.3204853529107849,-0.4099387691962575,24.26
frm_lorawd_wd0p3_lr7e4_c256_s42,frm,Llama-Math grid (frm),Llama-2-7B,math,faithful-CLoRA grid,lorawd,LoRA+wd,0.0007,42.0,frm_lorawd_wd0p3_lr7e4_c256,False,False,True,2.2318737187402427,1.8520239240816387,0.3798497946586039,-0.3626103498707881,23.42
frm_lorawd_wd0p3_lr7e4_c256_s43,frm,Llama-Math grid (frm),Llama-2-7B,math,faithful-CLoRA grid,lorawd,LoRA+wd,0.0007,43.0,frm_lorawd_wd0p3_lr7e4_c256,False,False,True,2.235068499091857,1.810069211692996,0.4249992873988615,-0.3542830606303961,24.54
frm_lorawd_wd0p3_lr7e4_c256_s44,frm,Llama-Math grid (frm),Llama-2-7B,math,faithful-CLoRA grid,lorawd,LoRA+wd,0.0007,44.0,frm_lorawd_wd0p3_lr7e4_c256,False,False,True,2.198486110517457,1.810069211692996,0.3884168988244612,-0.349401101827343,24.0
frm_lorawd_wd0p5_lr1e3_c256_s42,frm,Llama-Math grid (frm),Llama-2-7B,math,faithful-CLoRA grid,lorawd,LoRA+wd,0.001,42.0,frm_lorawd_wd0p5_lr1e3_c256,False,True,False,,1.8520239240816387,,,0.0
frm_lorawd_wd0p5_lr1e3_c256_s43,frm,Llama-Math grid (frm),Llama-2-7B,math,faithful-CLoRA grid,lorawd,LoRA+wd,0.001,43.0,frm_lorawd_wd0p5_lr1e3_c256,False,True,False,,1.810069211692996,,,0.0
frm_lorawd_wd0p5_lr1e3_c256_s44,frm,Llama-Math grid (frm),Llama-2-7B,math,faithful-CLoRA grid,lorawd,LoRA+wd,0.001,44.0,frm_lorawd_wd0p5_lr1e3_c256,False,True,True,15.888584225294789,1.810069211692996,14.078515013601791,1.732714536695508,0.0
frm_lorawd_wd0p5_lr1e4_c256_s42,frm,Llama-Math grid (frm),Llama-2-7B,math,faithful-CLoRA grid,lorawd,LoRA+wd,0.0001,42.0,frm_lorawd_wd0p5_lr1e4_c256,False,False,True,1.998348475061264,1.8520239240816387,0.1463245509796253,-0.7079655640052637,25.66
frm_lorawd_wd0p5_lr1e4_c256_s43,frm,Llama-Math grid (frm),Llama-2-7B,math,faithful-CLoRA grid,lorawd,LoRA+wd,0.0001,43.0,frm_lorawd_wd0p5_lr1e4_c256,False,False,True,1.9559463628259663,1.810069211692996,0.1458771511329706,-0.7101881608823786,26.14
frm_lorawd_wd0p5_lr1e4_c256_s44,frm,Llama-Math grid (frm),Llama-2-7B,math,faithful-CLoRA grid,lorawd,LoRA+wd,0.0001,44.0,frm_lorawd_wd0p5_lr1e4_c256,False,False,True,1.9495929038637965,1.810069211692996,0.1395236921708007,-0.7088532382681144,25.24
frm_lorawd_wd0p5_lr2e4_c256_s42,frm,Llama-Math grid (frm),Llama-2-7B,math,faithful-CLoRA grid,lorawd,LoRA+wd,0.0002,42.0,frm_lorawd_wd0p5_lr2e4_c256,False,False,True,1.996389340606196,1.8520239240816387,0.1443654165245573,-0.6929320493387017,25.56
frm_lorawd_wd0p5_lr2e4_c256_s43,frm,Llama-Math grid (frm),Llama-2-7B,math,faithful-CLoRA grid,lorawd,LoRA+wd,0.0002,43.0,frm_lorawd_wd0p5_lr2e4_c256,False,False,True,1.953295612851881,1.810069211692996,0.1432264011588853,-0.6888821573374944,25.84
frm_lorawd_wd0p5_lr2e4_c256_s44,frm,Llama-Math grid (frm),Llama-2-7B,math,faithful-CLoRA grid,lorawd,LoRA+wd,0.0002,44.0,frm_lorawd_wd0p5_lr2e4_c256,False,False,True,1.9503406913755108,1.810069211692996,0.140271479682515,-0.6554112574212861,25.91
frm_lorawd_wd0p5_lr3e4_c256_s42,frm,Llama-Math grid (frm),Llama-2-7B,math,faithful-CLoRA grid,lorawd,LoRA+wd,0.0003,42.0,frm_lorawd_wd0p5_lr3e4_c256,False,False,True,2.009205559494572,1.8520239240816387,0.1571816354129329,-0.6371406970413198,25.3
frm_lorawd_wd0p5_lr3e4_c256_s43,frm,Llama-Math grid (frm),Llama-2-7B,math,faithful-CLoRA grid,lorawd,LoRA+wd,0.0003,43.0,frm_lorawd_wd0p5_lr3e4_c256,False,False,True,1.9621731214039704,1.810069211692996,0.1521039097109748,-0.6645420993106158,26.18
frm_lorawd_wd0p5_lr3e4_c256_s44,frm,Llama-Math grid (frm),Llama-2-7B,math,faithful-CLoRA grid,lorawd,LoRA+wd,0.0003,44.0,frm_lorawd_wd0p5_lr3e4_c256,False,False,True,1.970050027157768,1.810069211692996,0.1599808154647719,-0.624702261782661,26.02
frm_lorawd_wd0p5_lr5e4_c256_s42,frm,Llama-Math grid (frm),Llama-2-7B,math,faithful-CLoRA grid,lorawd,LoRA+wd,0.0005,42.0,frm_lorawd_wd0p5_lr5e4_c256,False,False,True,2.034725961468198,1.8520239240816387,0.1827020373865591,-0.5882119954561311,24.83
frm_lorawd_wd0p5_lr5e4_c256_s43,frm,Llama-Math grid (frm),Llama-2-7B,math,faithful-CLoRA grid,lorawd,LoRA+wd,0.0005,43.0,frm_lorawd_wd0p5_lr5e4_c256,False,False,True,1.984295043751068,1.810069211692996,0.1742258320580718,-0.5999803649348415,26.29
frm_lorawd_wd0p5_lr5e4_c256_s44,frm,Llama-Math grid (frm),Llama-2-7B,math,faithful-CLoRA grid,lorawd,LoRA+wd,0.0005,44.0,frm_lorawd_wd0p5_lr5e4_c256,False,False,True,1.9846522583420048,1.810069211692996,0.174583046649009,-0.5836924129401174,25.08
frm_lorawd_wd0p5_lr7e4_c256_s42,frm,Llama-Math grid (frm),Llama-2-7B,math,faithful-CLoRA grid,lorawd,LoRA+wd,0.0007,42.0,frm_lorawd_wd0p5_lr7e4_c256,False,True,True,10.745821770107993,1.8520239240816387,8.893797846026352,1.7575683457348292,0.0
frm_lorawd_wd0p5_lr7e4_c256_s43,frm,Llama-Math grid (frm),Llama-2-7B,math,faithful-CLoRA grid,lorawd,LoRA+wd,0.0007,43.0,frm_lorawd_wd0p5_lr7e4_c256,False,False,True,2.016492457784656,1.810069211692996,0.2064232460916601,-0.5413621509743507,25.06
frm_lorawd_wd0p5_lr7e4_c256_s44,frm,Llama-Math grid (frm),Llama-2-7B,math,faithful-CLoRA grid,lorawd,LoRA+wd,0.0007,44.0,frm_lorawd_wd0p5_lr7e4_c256,False,False,True,2.0404415576865977,1.810069211692996,0.230372345993602,-0.5499049241283976,25.46
frm_milora_lr1e3_c256_s42,frm,Llama-Math grid (frm),Llama-2-7B,math,faithful-CLoRA grid,milora,MiLoRA,0.001,42.0,frm_milora_lr1e3_c256,False,True,False,,1.8520239240816387,,,0.0
frm_milora_lr1e3_c256_s43,frm,Llama-Math grid (frm),Llama-2-7B,math,faithful-CLoRA grid,milora,MiLoRA,0.001,43.0,frm_milora_lr1e3_c256,False,True,False,,1.810069211692996,,,0.0
frm_milora_lr1e3_c256_s44,frm,Llama-Math grid (frm),Llama-2-7B,math,faithful-CLoRA grid,milora,MiLoRA,0.001,44.0,frm_milora_lr1e3_c256,False,True,False,,1.810069211692996,,,0.0
frm_milora_lr1e4_c256_s42,frm,Llama-Math grid (frm),Llama-2-7B,math,faithful-CLoRA grid,milora,MiLoRA,0.0001,42.0,frm_milora_lr1e4_c256,False,False,True,2.4994142427737773,1.8520239240816387,0.6473903186921386,-0.3476569449372852,23.94
frm_milora_lr1e4_c256_s43,frm,Llama-Math grid (frm),Llama-2-7B,math,faithful-CLoRA grid,milora,MiLoRA,0.0001,43.0,frm_milora_lr1e4_c256,False,False,True,2.553180866240772,1.8520239240816387,0.701156942159133,-0.3449576586687982,24.04
frm_milora_lr1e4_c256_s44,frm,Llama-Math grid (frm),Llama-2-7B,math,faithful-CLoRA grid,milora,MiLoRA,0.0001,44.0,frm_milora_lr1e4_c256,False,False,True,2.51962782135336,1.8520239240816387,0.6676038972717211,-0.3484312611342081,23.94
frm_milora_lr2e4_c256_s43,frm,Llama-Math grid (frm),Llama-2-7B,math,faithful-CLoRA grid,milora,MiLoRA,0.0002,43.0,frm_milora_lr2e4_c256,False,False,True,2.9251106231840973,1.810069211692996,1.1150414114911016,-0.0826520623722283,20.9
frm_milora_lr2e4_c256_s44,frm,Llama-Math grid (frm),Llama-2-7B,math,faithful-CLoRA grid,milora,MiLoRA,0.0002,44.0,frm_milora_lr2e4_c256,False,False,True,2.953684907842237,1.8520239240816387,1.1016609837605982,-0.087831103940373,20.62
frm_milora_lr3e4_c256_s42,frm,Llama-Math grid (frm),Llama-2-7B,math,faithful-CLoRA grid,milora,MiLoRA,0.0003,42.0,frm_milora_lr3e4_c256,False,False,True,3.65936757622886,1.8520239240816387,1.8073436521472213,0.0992661720319168,19.86
frm_milora_lr3e4_c256_s43,frm,Llama-Math grid (frm),Llama-2-7B,math,faithful-CLoRA grid,milora,MiLoRA,0.0003,43.0,frm_milora_lr3e4_c256,False,False,True,3.617247799429716,1.8520239240816387,1.7652238753480771,0.1006117528337901,17.86
frm_milora_lr3e4_c256_s44,frm,Llama-Math grid (frm),Llama-2-7B,math,faithful-CLoRA grid,milora,MiLoRA,0.0003,44.0,frm_milora_lr3e4_c256,False,False,True,3.609100831913776,1.810069211692996,1.7990316202207806,0.0987821243146919,18.24
frm_milora_lr5e4_c256_s43,frm,Llama-Math grid (frm),Llama-2-7B,math,faithful-CLoRA grid,milora,MiLoRA,0.0005,43.0,frm_milora_lr5e4_c256,False,False,True,6.243148003717169,1.810069211692996,4.433078792024173,0.4266738880213728,7.4
frm_milora_lr5e4_c256_s44,frm,Llama-Math grid (frm),Llama-2-7B,math,faithful-CLoRA grid,milora,MiLoRA,0.0005,44.0,frm_milora_lr5e4_c256,False,False,True,5.962066925695594,1.810069211692996,4.151997714002598,0.4301234512002893,5.61
frm_milora_lr7e4_c256_s42,frm,Llama-Math grid (frm),Llama-2-7B,math,faithful-CLoRA grid,milora,MiLoRA,0.0007,42.0,frm_milora_lr7e4_c256,False,True,False,,1.8520239240816387,,,0.0
frm_milora_lr7e4_c256_s43,frm,Llama-Math grid (frm),Llama-2-7B,math,faithful-CLoRA grid,milora,MiLoRA,0.0007,43.0,frm_milora_lr7e4_c256,False,True,True,9.943685028987405,1.810069211692996,8.133615817294409,1.075353493032589,0.44
frm_milora_lr7e4_c256_s44,frm,Llama-Math grid (frm),Llama-2-7B,math,faithful-CLoRA grid,milora,MiLoRA,0.0007,44.0,frm_milora_lr7e4_c256,False,True,True,9.85544521380374,1.810069211692996,8.045376002110743,1.0604485215352306,0.92
frm_pissa_lr3e4_c256_s42,frm,Llama-Math grid (frm),Llama-2-7B,math,faithful-CLoRA grid,pissa,PiSSA,0.0003,42.0,frm_pissa_lr3e4_c256,False,False,True,6.306760676868914,1.8520239240816387,4.454736752787276,0.3435661323861246,3.62
frm_sclora_lr1e4_c256_s42,frm,Llama-Math grid (frm),Llama-2-7B,math,faithful-CLoRA grid,sclora,SC-LoRA,0.0001,42.0,frm_sclora_lr1e4_c256,False,False,True,3.0573106527508784,1.8520239240816387,1.2052867286692397,-0.0690000580438478,17.6
frm_sclora_lr1e4_c256_s43,frm,Llama-Math grid (frm),Llama-2-7B,math,faithful-CLoRA grid,sclora,SC-LoRA,0.0001,43.0,frm_sclora_lr1e4_c256,False,False,True,3.0188906520857137,1.8520239240816387,1.166866728004075,-0.0687964745492475,18.11
frm_sclora_lr1e4_c256_s44,frm,Llama-Math grid (frm),Llama-2-7B,math,faithful-CLoRA grid,sclora,SC-LoRA,0.0001,44.0,frm_sclora_lr1e4_c256,False,False,True,3.018724250401066,1.8520239240816387,1.166700326319427,-0.0652491253364209,18.32
frm_sclora_lr2e4_c256_s42,frm,Llama-Math grid (frm),Llama-2-7B,math,faithful-CLoRA grid,sclora,SC-LoRA,0.0002,42.0,frm_sclora_lr2e4_c256,False,False,True,3.886329264090461,1.8520239240816387,2.034305340008822,0.1276554197752069,12.66
frm_sclora_lr2e4_c256_s43,frm,Llama-Math grid (frm),Llama-2-7B,math,faithful-CLoRA grid,sclora,SC-LoRA,0.0002,43.0,frm_sclora_lr2e4_c256,False,False,True,3.824260155683743,1.810069211692996,2.014190943990747,0.1281083491031075,13.69
frm_sclora_lr2e4_c256_s44,frm,Llama-Math grid (frm),Llama-2-7B,math,faithful-CLoRA grid,sclora,SC-LoRA,0.0002,44.0,frm_sclora_lr2e4_c256,False,False,True,3.803879344491416,1.810069211692996,1.9938101327984203,0.126293790693266,13.64
lrsw_clora_k1024_lr1e3_s42,lrsw,Llama-CS (lrsw),Llama-2-7B,cs,sweep,clora,CLoRA,0.001,42.0,lrsw_clora_k1024_lr1e3,False,False,True,2.87452189570547,1.8520239240816387,1.0224979716238312,0.024321442141565,16.76
lrsw_clora_k1024_lr1e3_s43,lrsw,Llama-CS (lrsw),Llama-2-7B,cs,sweep,clora,CLoRA,0.001,43.0,lrsw_clora_k1024_lr1e3,False,False,True,2.875256478303452,1.810069211692996,1.0651872666104565,0.0216027160282421,16.15
lrsw_clora_k1024_lr1e3_s44,lrsw,Llama-CS (lrsw),Llama-2-7B,cs,sweep,clora,CLoRA,0.001,44.0,lrsw_clora_k1024_lr1e3,False,False,True,2.837698837301153,1.810069211692996,1.0276296256081572,0.0230465840755051,16.21
lrsw_clora_k1024_lr1e4_s42,lrsw,Llama-CS (lrsw),Llama-2-7B,cs,sweep,clora,CLoRA,0.0001,42.0,lrsw_clora_k1024_lr1e4,False,False,True,1.99920823643025,1.8520239240816387,0.1471843123486111,-0.6671577330056484,26.71
lrsw_clora_k1024_lr1e4_s43,lrsw,Llama-CS (lrsw),Llama-2-7B,cs,sweep,clora,CLoRA,0.0001,43.0,lrsw_clora_k1024_lr1e4,False,False,True,1.9386421596299697,1.810069211692996,0.1285729479369741,-0.6673595896125374,27.04
lrsw_clora_k1024_lr1e4_s44,lrsw,Llama-CS (lrsw),Llama-2-7B,cs,sweep,clora,CLoRA,0.0001,44.0,lrsw_clora_k1024_lr1e4,False,False,True,1.99741652658866,1.810069211692996,0.1873473148956643,-0.6671577330056484,26.83
lrsw_clora_k1024_lr1e4_s45,lrsw,Llama-CS (lrsw),Llama-2-7B,cs,sweep,clora,CLoRA,0.0001,45.0,lrsw_clora_k1024_lr1e4,False,False,True,2.0403210007574097,1.8520239240816387,0.188297076675771,-0.6701954778359306,26.59
lrsw_clora_k1024_lr2e3_s43,lrsw,Llama-CS (lrsw),Llama-2-7B,cs,sweep,clora,CLoRA,0.002,43.0,lrsw_clora_k1024_lr2e3,False,False,True,3.959900313298351,1.810069211692996,2.149831101605355,0.2753574310875981,6.25
lrsw_clora_k1024_lr2e3_s44,lrsw,Llama-CS (lrsw),Llama-2-7B,cs,sweep,clora,CLoRA,0.002,44.0,lrsw_clora_k1024_lr2e3,False,False,True,3.998854296146935,1.810069211692996,2.188785084453939,0.2761629803191415,6.32
lrsw_clora_k1024_lr2e4_s42,lrsw,Llama-CS (lrsw),Llama-2-7B,cs,sweep,clora,CLoRA,0.0002,42.0,lrsw_clora_k1024_lr2e4,False,False,True,2.117963096168756,1.8520239240816387,0.2659391720871173,-0.4902599844296176,26.1
lrsw_clora_k1024_lr2e4_s43,lrsw,Llama-CS (lrsw),Llama-2-7B,cs,sweep,clora,CLoRA,0.0002,43.0,lrsw_clora_k1024_lr2e4,False,False,True,2.13728590939113,1.810069211692996,0.3272166976981341,-0.4829361265173453,25.71
lrsw_clora_k1024_lr2e4_s44,lrsw,Llama-CS (lrsw),Llama-2-7B,cs,sweep,clora,CLoRA,0.0002,44.0,lrsw_clora_k1024_lr2e4,False,False,True,2.104970657734514,1.810069211692996,0.2949014460415189,-0.4787311244016147,25.32
lrsw_clora_k1024_lr2e4_s45,lrsw,Llama-CS (lrsw),Llama-2-7B,cs,sweep,clora,CLoRA,0.0002,45.0,lrsw_clora_k1024_lr2e4,False,False,True,2.097913038230755,1.810069211692996,0.2878438265377594,-0.4705696456330141,25.19
lrsw_clora_k1024_lr2e5_s42,lrsw,Llama-CS (lrsw),Llama-2-7B,cs,sweep,clora,CLoRA,2e-05,42.0,lrsw_clora_k1024_lr2e5,False,False,True,1.904461875668228,1.8520239240816387,0.0524379515865893,-0.8706324042770144,26.38
lrsw_clora_k1024_lr2e5_s43,lrsw,Llama-CS (lrsw),Llama-2-7B,cs,sweep,clora,CLoRA,2e-05,43.0,lrsw_clora_k1024_lr2e5,False,False,True,1.862185951570788,1.810069211692996,0.0521167398777924,-0.8774564759312456,26.71
lrsw_clora_k1024_lr2e5_s44,lrsw,Llama-CS (lrsw),Llama-2-7B,cs,sweep,clora,CLoRA,2e-05,44.0,lrsw_clora_k1024_lr2e5,False,False,True,1.8642190475103493,1.810069211692996,0.0541498358173537,-0.876475019057268,26.5
lrsw_clora_k1024_lr3e4_s42,lrsw,Llama-CS (lrsw),Llama-2-7B,cs,sweep,clora,CLoRA,0.0003,42.0,lrsw_clora_k1024_lr3e4,False,False,True,2.3011589219672963,1.8520239240816387,0.4491349978856576,-0.3385659496060799,24.26
lrsw_clora_k1024_lr3e4_s43,lrsw,Llama-CS (lrsw),Llama-2-7B,cs,sweep,clora,CLoRA,0.0003,43.0,lrsw_clora_k1024_lr3e4,False,False,True,2.273173319485963,1.8520239240816387,0.4211493954043241,-0.349401101827343,24.64
lrsw_clora_k1024_lr3e4_s44,lrsw,Llama-CS (lrsw),Llama-2-7B,cs,sweep,clora,CLoRA,0.0003,44.0,lrsw_clora_k1024_lr3e4,False,False,True,2.246952396463388,1.810069211692996,0.436883184770392,-0.3495953301319682,24.09
lrsw_clora_k1024_lr3e4_s45,lrsw,Llama-CS (lrsw),Llama-2-7B,cs,sweep,clora,CLoRA,0.0003,45.0,lrsw_clora_k1024_lr3e4,False,False,False,2.2205557708582173,1.810069211692996,0.4104865591652216,-0.3530084625228775,23.92
lrsw_clora_k1024_lr5e3_s44,lrsw,Llama-CS (lrsw),Llama-2-7B,cs,sweep,clora,CLoRA,0.005,44.0,lrsw_clora_k1024_lr5e3,False,True,True,9.797876705271966,1.810069211692996,7.98780749357897,2.2812743224604835,1.17
lrsw_clora_k1024_lr5e4_s42,lrsw,Llama-CS (lrsw),Llama-2-7B,cs,sweep,clora,CLoRA,0.0005,42.0,lrsw_clora_k1024_lr5e4,False,False,True,2.4825185897565967,1.8520239240816387,0.6304946656749579,-0.1918565742385088,21.88
lrsw_clora_k1024_lr5e4_s43,lrsw,Llama-CS (lrsw),Llama-2-7B,cs,sweep,clora,CLoRA,0.0005,43.0,lrsw_clora_k1024_lr5e4,False,False,True,2.517226521367381,1.8520239240816387,0.665202597285742,-0.2001771690066801,21.84
lrsw_clora_k1024_lr5e4_s44,lrsw,Llama-CS (lrsw),Llama-2-7B,cs,sweep,clora,CLoRA,0.0005,44.0,lrsw_clora_k1024_lr5e4,False,False,True,2.497613664298703,1.8520239240816387,0.6455897402170643,-0.1800614306446046,21.03
lrsw_clora_k1024_lr5e4_s45,lrsw,Llama-CS (lrsw),Llama-2-7B,cs,sweep,clora,CLoRA,0.0005,45.0,lrsw_clora_k1024_lr5e4,False,False,True,2.433674101264704,1.810069211692996,0.6236048895717083,-0.1895658440773272,21.66
lrsw_clora_k1024_lr5e5_s42,lrsw,Llama-CS (lrsw),Llama-2-7B,cs,sweep,clora,CLoRA,5e-05,42.0,lrsw_clora_k1024_lr5e5,False,False,True,1.930034545407421,1.8520239240816387,0.0780106213257822,-0.7953374882517811,26.76
lrsw_clora_k1024_lr5e5_s43,lrsw,Llama-CS (lrsw),Llama-2-7B,cs,sweep,clora,CLoRA,5e-05,43.0,lrsw_clora_k1024_lr5e5,False,False,True,1.8896924641215584,1.810069211692996,0.0796232524285625,-0.7912899800935989,27.48
lrsw_clora_k1024_lr5e5_s44,lrsw,Llama-CS (lrsw),Llama-2-7B,cs,sweep,clora,CLoRA,5e-05,44.0,lrsw_clora_k1024_lr5e5,False,False,True,1.9270525027439545,1.8520239240816387,0.0750285786623154,-0.7891466346851068,27.26
lrsw_corda_r16_lr1e3_s42,lrsw,Llama-CS (lrsw),Llama-2-7B,cs,sweep,corda,CorDA (withheld),0.001,42.0,lrsw_corda_r16_lr1e3,True,True,False,10.37379776155494,1.8520239240816387,8.521773837473303,2.7124586036841896,0.0
lrsw_corda_r16_lr1e3_s43,lrsw,Llama-CS (lrsw),Llama-2-7B,cs,sweep,corda,CorDA (withheld),0.001,43.0,lrsw_corda_r16_lr1e3,True,True,False,4.198679777092128,1.810069211692996,2.388610565399132,0.1583323317089808,17.12
lrsw_corda_r16_lr1e3_s44,lrsw,Llama-CS (lrsw),Llama-2-7B,cs,sweep,corda,CorDA (withheld),0.001,44.0,lrsw_corda_r16_lr1e3,True,True,False,3.99723094830344,1.810069211692996,2.1871617366104434,0.2322080783963161,16.13
lrsw_corda_r16_lr1e4_s42,lrsw,Llama-CS (lrsw),Llama-2-7B,cs,sweep,corda,CorDA (withheld),0.0001,42.0,lrsw_corda_r16_lr1e4,True,False,False,2.581179964457282,1.8520239240816387,0.7291560403756434,-0.1790764121186825,16.08
lrsw_corda_r16_lr1e4_s43,lrsw,Llama-CS (lrsw),Llama-2-7B,cs,sweep,corda,CorDA (withheld),0.0001,43.0,lrsw_corda_r16_lr1e4,True,False,False,2.1673386174572613,1.810069211692996,0.3572694057642656,-0.4743074754949891,23.72
lrsw_corda_r16_lr1e4_s44,lrsw,Llama-CS (lrsw),Llama-2-7B,cs,sweep,corda,CorDA (withheld),0.0001,44.0,lrsw_corda_r16_lr1e4,True,False,False,2.143658868398809,1.810069211692996,0.3335896567058134,-0.4803032328401469,23.45
lrsw_corda_r16_lr2e3_s43,lrsw,Llama-CS (lrsw),Llama-2-7B,cs,sweep,corda,CorDA (withheld),0.002,43.0,lrsw_corda_r16_lr2e3,True,True,False,9.783862427557262,1.810069211692996,7.973793215864266,1.7996857797182004,0.0
lrsw_corda_r16_lr2e3_s44,lrsw,Llama-CS (lrsw),Llama-2-7B,cs,sweep,corda,CorDA (withheld),0.002,44.0,lrsw_corda_r16_lr2e3,True,True,False,6.204285087973806,1.810069211692996,4.39421587628081,1.4037997550160937,0.0
lrsw_corda_r16_lr2e4_s42,lrsw,Llama-CS (lrsw),Llama-2-7B,cs,sweep,corda,CorDA (withheld),0.0002,42.0,lrsw_corda_r16_lr2e4,True,False,False,3.019575551004777,1.8520239240816387,1.1675516269231383,0.0517311960598496,16.38
lrsw_corda_r16_lr2e4_s43,lrsw,Llama-CS (lrsw),Llama-2-7B,cs,sweep,corda,CorDA (withheld),0.0002,43.0,lrsw_corda_r16_lr2e4,True,False,False,2.543504776907932,1.810069211692996,0.7334355652149365,-0.2998156703778023,22.9
lrsw_corda_r16_lr2e4_s44,lrsw,Llama-CS (lrsw),Llama-2-7B,cs,sweep,corda,CorDA (withheld),0.0002,44.0,lrsw_corda_r16_lr2e4,True,False,False,2.5590663208326694,1.810069211692996,0.7489971091396737,-0.2998156703778023,21.8
lrsw_corda_r16_lr2e5_s42,lrsw,Llama-CS (lrsw),Llama-2-7B,cs,sweep,corda,CorDA (withheld),2e-05,42.0,lrsw_corda_r16_lr2e5,True,False,False,2.1068551438542182,1.8520239240816387,0.2548312197725795,-0.5872035712834566,23.18
lrsw_corda_r16_lr2e5_s43,lrsw,Llama-CS (lrsw),Llama-2-7B,cs,sweep,corda,CorDA (withheld),2e-05,43.0,lrsw_corda_r16_lr2e5,True,False,False,1.9110685115192905,1.810069211692996,0.1009992998262945,-0.730253626869233,25.9
lrsw_corda_r16_lr2e5_s44,lrsw,Llama-CS (lrsw),Llama-2-7B,cs,sweep,corda,CorDA (withheld),2e-05,44.0,lrsw_corda_r16_lr2e5,True,False,False,1.90331147349403,1.810069211692996,0.0932422618010342,-0.7256112044496211,26.17
lrsw_corda_r16_lr3e4_s42,lrsw,Llama-CS (lrsw),Llama-2-7B,cs,sweep,corda,CorDA (withheld),0.0003,42.0,lrsw_corda_r16_lr3e4,True,False,False,3.684796641765741,1.8520239240816387,1.8327727176841015,0.2182728535714475,12.73
lrsw_corda_r16_lr3e4_s43,lrsw,Llama-CS (lrsw),Llama-2-7B,cs,sweep,corda,CorDA (withheld),0.0003,43.0,lrsw_corda_r16_lr3e4,True,False,False,2.628356269427992,1.810069211692996,0.8182870577349959,-0.1823024452369759,21.46
lrsw_corda_r16_lr3e4_s44,lrsw,Llama-CS (lrsw),Llama-2-7B,cs,sweep,corda,CorDA (withheld),0.0003,44.0,lrsw_corda_r16_lr3e4,True,False,False,2.7946634511750053,1.8520239240816387,0.9426395270933664,-0.1844886626372358,20.83
lrsw_corda_r16_lr5e4_s42,lrsw,Llama-CS (lrsw),Llama-2-7B,cs,sweep,corda,CorDA (withheld),0.0005,42.0,lrsw_corda_r16_lr5e4,True,True,False,5.9135212099713454,1.8520239240816387,4.061497285889707,0.5384606215567298,4.94
lrsw_corda_r16_lr5e4_s43,lrsw,Llama-CS (lrsw),Llama-2-7B,cs,sweep,corda,CorDA (withheld),0.0005,43.0,lrsw_corda_r16_lr5e4,True,True,False,2.977275216124635,1.810069211692996,1.1672060044316397,-0.0194966818066049,19.52
lrsw_corda_r16_lr5e4_s44,lrsw,Llama-CS (lrsw),Llama-2-7B,cs,sweep,corda,CorDA (withheld),0.0005,44.0,lrsw_corda_r16_lr5e4,True,True,False,2.9107419158772823,1.810069211692996,1.1006727041842863,-0.0316104581529317,18.14
lrsw_corda_r16_lr5e5_s42,lrsw,Llama-CS (lrsw),Llama-2-7B,cs,sweep,corda,CorDA (withheld),5e-05,42.0,lrsw_corda_r16_lr5e5,True,False,False,2.3448780961057984,1.8520239240816387,0.4928541720241597,-0.3764406099945629,19.39
lrsw_corda_r16_lr5e5_s43,lrsw,Llama-CS (lrsw),Llama-2-7B,cs,sweep,corda,CorDA (withheld),5e-05,43.0,lrsw_corda_r16_lr5e5,True,False,False,1.9916331658219084,1.810069211692996,0.1815639541289126,-0.5968794788241821,24.6
lrsw_corda_r16_lr5e5_s44,lrsw,Llama-CS (lrsw),Llama-2-7B,cs,sweep,corda,CorDA (withheld),5e-05,44.0,lrsw_corda_r16_lr5e5,True,False,False,2.0064627750503545,1.810069211692996,0.1963935633573588,-0.5929491851957497,25.5
lrsw_dora_r16_lr1e3_s42,lrsw,Llama-CS (lrsw),Llama-2-7B,cs,sweep,dora,DoRA,0.001,42.0,lrsw_dora_r16_lr1e3,False,True,True,4.612484563990473,1.8520239240816387,2.7604606399088345,0.5712078818028553,15.64
lrsw_dora_r16_lr1e3_s43,lrsw,Llama-CS (lrsw),Llama-2-7B,cs,sweep,dora,DoRA,0.001,43.0,lrsw_dora_r16_lr1e3,False,True,True,6.478256812813985,1.810069211692996,4.668187601120989,0.5726741507390644,15.74
lrsw_dora_r16_lr1e3_s44,lrsw,Llama-CS (lrsw),Llama-2-7B,cs,sweep,dora,DoRA,0.001,44.0,lrsw_dora_r16_lr1e3,False,True,True,4.75954125275334,1.810069211692996,2.949472041060344,0.572267350134817,13.92
lrsw_dora_r16_lr1e4_s42,lrsw,Llama-CS (lrsw),Llama-2-7B,cs,sweep,dora,DoRA,0.0001,42.0,lrsw_dora_r16_lr1e4,False,False,True,2.12374682544036,1.8520239240816387,0.2717229013587214,-0.5276824536831581,26.76
lrsw_dora_r16_lr1e4_s43,lrsw,Llama-CS (lrsw),Llama-2-7B,cs,sweep,dora,DoRA,0.0001,43.0,lrsw_dora_r16_lr1e4,False,False,True,2.0766597706111,1.810069211692996,0.2665905589181039,-0.5124374397436218,26.55
lrsw_dora_r16_lr1e4_s44,lrsw,Llama-CS (lrsw),Llama-2-7B,cs,sweep,dora,DoRA,0.0001,44.0,lrsw_dora_r16_lr1e4,False,False,True,2.1031182163662745,1.810069211692996,0.2930490046732787,-0.5148466500963477,26.94
lrsw_dora_r16_lr2e3_s43,lrsw,Llama-CS (lrsw),Llama-2-7B,cs,sweep,dora,DoRA,0.002,43.0,lrsw_dora_r16_lr2e3,False,True,True,12.088434960828724,1.810069211692996,10.278365749135729,1.3859492843630308,3.04
lrsw_dora_r16_lr2e3_s44,lrsw,Llama-CS (lrsw),Llama-2-7B,cs,sweep,dora,DoRA,0.002,44.0,lrsw_dora_r16_lr2e3,False,True,True,7.4670822585728756,1.810069211692996,5.65701304687988,2.5541603770247985,0.0
lrsw_dora_r16_lr2e4_s42,lrsw,Llama-CS (lrsw),Llama-2-7B,cs,sweep,dora,DoRA,0.0002,42.0,lrsw_dora_r16_lr2e4,False,False,True,2.1258101436582546,1.8520239240816387,0.2737862195766158,-0.3515424057174774,24.84
lrsw_dora_r16_lr2e4_s43,lrsw,Llama-CS (lrsw),Llama-2-7B,cs,sweep,dora,DoRA,0.0002,43.0,lrsw_dora_r16_lr2e4,False,False,True,2.1185684785158583,1.8520239240816387,0.2665445544342195,-0.3604139133265736,25.5
lrsw_dora_r16_lr2e4_s44,lrsw,Llama-CS (lrsw),Llama-2-7B,cs,sweep,dora,DoRA,0.0002,44.0,lrsw_dora_r16_lr2e4,False,False,True,2.1300833117802003,1.8520239240816387,0.2780593876985615,-0.3455346664798542,25.27
lrsw_dora_r16_lr2e5_s42,lrsw,Llama-CS (lrsw),Llama-2-7B,cs,sweep,dora,DoRA,2e-05,42.0,lrsw_dora_r16_lr2e5,False,False,True,2.1228977261161632,1.8520239240816387,0.2708738020345245,-0.637894680706227,26.45
lrsw_dora_r16_lr2e5_s43,lrsw,Llama-CS (lrsw),Llama-2-7B,cs,sweep,dora,DoRA,2e-05,43.0,lrsw_dora_r16_lr2e5,False,False,True,1.8591089907446885,1.810069211692996,0.0490397790516927,-0.6593576224392947,26.18
lrsw_dora_r16_lr2e5_s44,lrsw,Llama-CS (lrsw),Llama-2-7B,cs,sweep,dora,DoRA,2e-05,44.0,lrsw_dora_r16_lr2e5,False,False,True,2.084448679578089,1.810069211692996,0.2743794678850932,-0.6335770427740273,26.9
lrsw_dora_r16_lr3e4_s42,lrsw,Llama-CS (lrsw),Llama-2-7B,cs,sweep,dora,DoRA,0.0003,42.0,lrsw_dora_r16_lr3e4,False,False,True,2.277832822686176,1.8520239240816387,0.4258088986045369,-0.1653885792773128,23.7
lrsw_dora_r16_lr3e4_s43,lrsw,Llama-CS (lrsw),Llama-2-7B,cs,sweep,dora,DoRA,0.0003,43.0,lrsw_dora_r16_lr3e4,False,False,True,2.234876682794257,1.810069211692996,0.4248074711012617,-0.1752885565352656,23.6
lrsw_dora_r16_lr3e4_s44,lrsw,Llama-CS (lrsw),Llama-2-7B,cs,sweep,dora,DoRA,0.0003,44.0,lrsw_dora_r16_lr3e4,False,False,True,2.237684538714636,1.810069211692996,0.4276153270216405,-0.1649438982798837,23.27
lrsw_dora_r16_lr5e3_s43,lrsw,Llama-CS (lrsw),Llama-2-7B,cs,sweep,dora,DoRA,0.005,43.0,lrsw_dora_r16_lr5e3,False,True,True,7.738709225870823,1.810069211692996,5.928640014177828,3.273633630639848,0.0
lrsw_dora_r16_lr5e3_s44,lrsw,Llama-CS (lrsw),Llama-2-7B,cs,sweep,dora,DoRA,0.005,44.0,lrsw_dora_r16_lr5e3,False,True,True,7.995452011805136,1.810069211692996,6.18538280011214,3.2557378917288644,0.0
lrsw_dora_r16_lr5e4_s42,lrsw,Llama-CS (lrsw),Llama-2-7B,cs,sweep,dora,DoRA,0.0005,42.0,lrsw_dora_r16_lr5e4,False,False,True,2.5739670675837893,1.8520239240816387,0.7219431435021506,0.084325995016827,17.8
lrsw_dora_r16_lr5e4_s43,lrsw,Llama-CS (lrsw),Llama-2-7B,cs,sweep,dora,DoRA,0.0005,43.0,lrsw_dora_r16_lr5e4,False,False,True,2.5152445233227545,1.810069211692996,0.7051753116297588,0.0956922828397922,20.58
lrsw_dora_r16_lr5e4_s44,lrsw,Llama-CS (lrsw),Llama-2-7B,cs,sweep,dora,DoRA,0.0005,44.0,lrsw_dora_r16_lr5e4,False,False,True,2.523506346636152,1.810069211692996,0.7134371349431563,0.085825533520743,19.08
lrsw_dora_r16_lr5e5_s42,lrsw,Llama-CS (lrsw),Llama-2-7B,cs,sweep,dora,DoRA,5e-05,42.0,lrsw_dora_r16_lr5e5,False,False,True,2.081411960403854,1.8520239240816387,0.2293880363222151,-0.604324214730064,27.3
lrsw_dora_r16_lr5e5_s43,lrsw,Llama-CS (lrsw),Llama-2-7B,cs,sweep,dora,DoRA,5e-05,43.0,lrsw_dora_r16_lr5e5,False,False,True,2.0672504027319825,1.810069211692996,0.2571811910389867,-0.5922692719736645,26.98
lrsw_dora_r16_lr5e5_s44,lrsw,Llama-CS (lrsw),Llama-2-7B,cs,sweep,dora,DoRA,5e-05,44.0,lrsw_dora_r16_lr5e5,False,False,True,2.0746516626995946,1.810069211692996,0.2645824510065988,-0.5944828930236237,27.3
lrsw_lora_null_r16_lr1e3_s42,lrsw,Llama-CS (lrsw),Llama-2-7B,cs,sweep,lora_null,LoRA-Null,0.001,42.0,lrsw_lora_null_r16_lr1e3,False,False,True,2.7528173738144632,1.8520239240816387,0.9007934497328244,0.0647948111953832,17.36
lrsw_lora_null_r16_lr1e3_s43,lrsw,Llama-CS (lrsw),Llama-2-7B,cs,sweep,lora_null,LoRA-Null,0.001,43.0,lrsw_lora_null_r16_lr1e3,False,False,True,2.80480534991559,1.8520239240816387,0.9527814258339512,0.0844690314880758,17.62
lrsw_lora_null_r16_lr1e3_s44,lrsw,Llama-CS (lrsw),Llama-2-7B,cs,sweep,lora_null,LoRA-Null,0.001,44.0,lrsw_lora_null_r16_lr1e3,False,False,True,2.747679973383529,1.810069211692996,0.9376107616905334,0.0586537415723702,18.44
lrsw_lora_null_r16_lr1e4_s42,lrsw,Llama-CS (lrsw),Llama-2-7B,cs,sweep,lora_null,LoRA-Null,0.0001,42.0,lrsw_lora_null_r16_lr1e4,False,False,True,1.9436718973071123,1.8520239240816387,0.0916479732254738,-0.6491707264170322,27.42
lrsw_lora_null_r16_lr1e4_s43,lrsw,Llama-CS (lrsw),Llama-2-7B,cs,sweep,lora_null,LoRA-Null,0.0001,43.0,lrsw_lora_null_r16_lr1e4,False,False,True,1.9308238489571037,1.810069211692996,0.1207546372641077,-0.6122543403911364,26.18
lrsw_lora_null_r16_lr1e4_s44,lrsw,Llama-CS (lrsw),Llama-2-7B,cs,sweep,lora_null,LoRA-Null,0.0001,44.0,lrsw_lora_null_r16_lr1e4,False,False,True,1.934891916117088,1.810069211692996,0.1248227044240923,-0.5982549177629373,26.05
lrsw_lora_null_r16_lr1e4_s45,lrsw,Llama-CS (lrsw),Llama-2-7B,cs,sweep,lora_null,LoRA-Null,0.0001,45.0,lrsw_lora_null_r16_lr1e4,False,False,True,1.935237971559582,1.810069211692996,0.1251687598665862,-0.6113660306482108,26.57
lrsw_lora_null_r16_lr2e4_s42,lrsw,Llama-CS (lrsw),Llama-2-7B,cs,sweep,lora_null,LoRA-Null,0.0002,42.0,lrsw_lora_null_r16_lr2e4,False,False,True,2.0380283025833763,1.8520239240816387,0.1860043785017375,-0.4887852988636119,26.43
lrsw_lora_null_r16_lr2e4_s43,lrsw,Llama-CS (lrsw),Llama-2-7B,cs,sweep,lora_null,LoRA-Null,0.0002,43.0,lrsw_lora_null_r16_lr2e4,False,False,True,2.098183552804758,1.810069211692996,0.2881143411117624,-0.4321505494268932,25.92
lrsw_lora_null_r16_lr2e4_s44,lrsw,Llama-CS (lrsw),Llama-2-7B,cs,sweep,lora_null,LoRA-Null,0.0002,44.0,lrsw_lora_null_r16_lr2e4,False,False,True,2.0904983311429386,1.8520239240816387,0.2384744070612998,-0.4550642341184974,25.24
lrsw_lora_null_r16_lr2e4_s45,lrsw,Llama-CS (lrsw),Llama-2-7B,cs,sweep,lora_null,LoRA-Null,0.0002,45.0,lrsw_lora_null_r16_lr2e4,False,False,True,2.0375482931723847,1.810069211692996,0.227479081479389,-0.4537041648785575,25.66
lrsw_lora_null_r16_lr2e5_s42,lrsw,Llama-CS (lrsw),Llama-2-7B,cs,sweep,lora_null,LoRA-Null,2e-05,42.0,lrsw_lora_null_r16_lr2e5,False,False,True,1.8848405530075487,1.8520239240816387,0.0328166289259104,-0.8563607647254567,26.18
lrsw_lora_null_r16_lr2e5_s43,lrsw,Llama-CS (lrsw),Llama-2-7B,cs,sweep,lora_null,LoRA-Null,2e-05,43.0,lrsw_lora_null_r16_lr2e5,False,False,True,1.87625604838791,1.810069211692996,0.0661868366949143,-0.8598063214213687,26.04
lrsw_lora_null_r16_lr2e5_s44,lrsw,Llama-CS (lrsw),Llama-2-7B,cs,sweep,lora_null,LoRA-Null,2e-05,44.0,lrsw_lora_null_r16_lr2e5,False,False,True,1.8759606157205837,1.810069211692996,0.0658914040275877,-0.8601209135987634,26.12
lrsw_lora_null_r16_lr3e4_s42,lrsw,Llama-CS (lrsw),Llama-2-7B,cs,sweep,lora_null,LoRA-Null,0.0003,42.0,lrsw_lora_null_r16_lr3e4,False,False,True,2.160612556673457,1.8520239240816387,0.3085886325918188,-0.3507625276503927,24.5
lrsw_lora_null_r16_lr3e4_s43,lrsw,Llama-CS (lrsw),Llama-2-7B,cs,sweep,lora_null,LoRA-Null,0.0003,43.0,lrsw_lora_null_r16_lr3e4,False,False,True,2.152587095129313,1.810069211692996,0.3425178834363171,-0.3349821745875274,24.82
lrsw_lora_null_r16_lr3e4_s44,lrsw,Llama-CS (lrsw),Llama-2-7B,cs,sweep,lora_null,LoRA-Null,0.0003,44.0,lrsw_lora_null_r16_lr3e4,False,False,True,2.16071886104908,1.810069211692996,0.350649649356084,-0.3309621991148441,23.9
lrsw_lora_null_r16_lr3e4_s45,lrsw,Llama-CS (lrsw),Llama-2-7B,cs,sweep,lora_null,LoRA-Null,0.0003,45.0,lrsw_lora_null_r16_lr3e4,False,False,True,2.1471184567310133,1.810069211692996,0.3370492450380176,-0.3290123969899657,24.37
lrsw_lora_null_r16_lr5e4_s42,lrsw,Llama-CS (lrsw),Llama-2-7B,cs,sweep,lora_null,LoRA-Null,0.0005,42.0,lrsw_lora_null_r16_lr5e4,False,False,True,2.3798914991341413,1.8520239240816387,0.5278675750525026,-0.1576404266693251,23.64
lrsw_lora_null_r16_lr5e4_s43,lrsw,Llama-CS (lrsw),Llama-2-7B,cs,sweep,lora_null,LoRA-Null,0.0005,43.0,lrsw_lora_null_r16_lr5e4,False,False,True,2.445853241515209,1.8520239240816387,0.5938293174335705,-0.1513183459760496,21.14
lrsw_lora_null_r16_lr5e4_s44,lrsw,Llama-CS (lrsw),Llama-2-7B,cs,sweep,lora_null,LoRA-Null,0.0005,44.0,lrsw_lora_null_r16_lr5e4,False,False,True,2.39126871298316,1.8520239240816387,0.539244788901521,-0.1515029819096333,21.64
lrsw_lora_null_r16_lr5e4_s45,lrsw,Llama-CS (lrsw),Llama-2-7B,cs,sweep,lora_null,LoRA-Null,0.0005,45.0,lrsw_lora_null_r16_lr5e4,False,False,True,2.3774814767183594,1.810069211692996,0.5674122650253637,-0.1542819820333413,20.62
lrsw_lora_null_r16_lr5e5_s42,lrsw,Llama-CS (lrsw),Llama-2-7B,cs,sweep,lora_null,LoRA-Null,5e-05,42.0,lrsw_lora_null_r16_lr5e5,False,False,True,1.9048317428008568,1.8520239240816387,0.0528078187192184,-0.7297871451037574,26.62
lrsw_lora_null_r16_lr5e5_s43,lrsw,Llama-CS (lrsw),Llama-2-7B,cs,sweep,lora_null,LoRA-Null,5e-05,43.0,lrsw_lora_null_r16_lr5e5,False,False,True,1.8927173210487716,1.810069211692996,0.0826481093557756,-0.7084091743419988,26.57
lrsw_lora_null_r16_lr5e5_s44,lrsw,Llama-CS (lrsw),Llama-2-7B,cs,sweep,lora_null,LoRA-Null,5e-05,44.0,lrsw_lora_null_r16_lr5e5,False,False,True,1.895163315185452,1.810069211692996,0.0850941034924563,-0.7033348097384688,26.37
lrsw_lora_r16_lr1e3_s42,lrsw,Llama-CS (lrsw),Llama-2-7B,cs,sweep,lora,LoRA,0.001,42.0,lrsw_lora_r16_lr1e3,False,False,True,2.91487949817428,1.8520239240816387,1.0628555740926413,0.151216578856456,17.41
lrsw_lora_r16_lr1e3_s43,lrsw,Llama-CS (lrsw),Llama-2-7B,cs,sweep,lora,LoRA,0.001,43.0,lrsw_lora_r16_lr1e3,False,False,True,2.8883849691742944,1.810069211692996,1.0783157574812987,0.1521659906755552,17.53
lrsw_lora_r16_lr1e3_s44,lrsw,Llama-CS (lrsw),Llama-2-7B,cs,sweep,lora,LoRA,0.001,44.0,lrsw_lora_r16_lr1e3,False,False,True,2.886296146387437,1.810069211692996,1.0762269346944413,0.1467480136306398,16.93
lrsw_lora_r16_lr1e4_s42,lrsw,Llama-CS (lrsw),Llama-2-7B,cs,sweep,lora,LoRA,0.0001,42.0,lrsw_lora_r16_lr1e4,False,False,True,2.1283409174981487,1.8520239240816387,0.2763169934165099,-0.5082182244158342,26.68
lrsw_lora_r16_lr1e4_s43,lrsw,Llama-CS (lrsw),Llama-2-7B,cs,sweep,lora,LoRA,0.0001,43.0,lrsw_lora_r16_lr1e4,False,False,True,2.0601335762829134,1.810069211692996,0.2500643645899176,-0.5176982327765572,26.46
lrsw_lora_r16_lr1e4_s44,lrsw,Llama-CS (lrsw),Llama-2-7B,cs,sweep,lora,LoRA,0.0001,44.0,lrsw_lora_r16_lr1e4,False,False,True,1.9246878378714591,1.810069211692996,0.1146186261784634,-0.5157001606532142,26.58
lrsw_lora_r16_lr1e4_s45,lrsw,Llama-CS (lrsw),Llama-2-7B,cs,sweep,lora,LoRA,0.0001,45.0,lrsw_lora_r16_lr1e4,False,False,True,1.9330951427814824,1.810069211692996,0.1230259310884869,-0.5254923608830242,26.16
lrsw_lora_r16_lr2e4_s42,lrsw,Llama-CS (lrsw),Llama-2-7B,cs,sweep,lora,LoRA,0.0002,42.0,lrsw_lora_r16_lr2e4,False,False,True,2.1215845784199496,1.8520239240816387,0.2695606543383109,-0.3538904780211521,25.2
lrsw_lora_r16_lr2e4_s43,lrsw,Llama-CS (lrsw),Llama-2-7B,cs,sweep,lora,LoRA,0.0002,43.0,lrsw_lora_r16_lr2e4,False,False,True,2.1259236824106083,1.8520239240816387,0.2738997583289695,-0.349401101827343,25.02
lrsw_lora_r16_lr2e4_s44,lrsw,Llama-CS (lrsw),Llama-2-7B,cs,sweep,lora,LoRA,0.0002,44.0,lrsw_lora_r16_lr2e4,False,False,True,2.0587598726902585,1.810069211692996,0.2486906609972627,-0.3551676711743637,25.7
lrsw_lora_r16_lr2e4_s45,lrsw,Llama-CS (lrsw),Llama-2-7B,cs,sweep,lora,LoRA,0.0002,45.0,lrsw_lora_r16_lr2e4,False,False,True,2.1185390124314933,1.8520239240816387,0.2665150883498546,-0.3460160926259311,25.99
lrsw_lora_r16_lr2e5_s42,lrsw,Llama-CS (lrsw),Llama-2-7B,cs,sweep,lora,LoRA,2e-05,42.0,lrsw_lora_r16_lr2e5,False,False,True,2.1331621092467725,1.8520239240816387,0.2811381851651338,-0.6403542073254571,26.32
lrsw_lora_r16_lr2e5_s43,lrsw,Llama-CS (lrsw),Llama-2-7B,cs,sweep,lora,LoRA,2e-05,43.0,lrsw_lora_r16_lr2e5,False,False,True,1.8581929820647831,1.810069211692996,0.0481237703717873,-0.6480105445643678,26.6
lrsw_lora_r16_lr2e5_s44,lrsw,Llama-CS (lrsw),Llama-2-7B,cs,sweep,lora,LoRA,2e-05,44.0,lrsw_lora_r16_lr2e5,False,False,True,2.0840292587578664,1.810069211692996,0.2739600470648706,-0.6335770427740273,26.49
lrsw_lora_r16_lr3e4_s42,lrsw,Llama-CS (lrsw),Llama-2-7B,cs,sweep,lora,LoRA,0.0003,42.0,lrsw_lora_r16_lr3e4,False,False,True,2.307111649190104,1.8520239240816387,0.455087725108465,-0.2055119533408304,24.42
lrsw_lora_r16_lr3e4_s43,lrsw,Llama-CS (lrsw),Llama-2-7B,cs,sweep,lora,LoRA,0.0003,43.0,lrsw_lora_r16_lr3e4,False,False,True,2.2538742703494297,1.8520239240816387,0.4018503462677909,-0.2032869367191035,23.76
lrsw_lora_r16_lr3e4_s44,lrsw,Llama-CS (lrsw),Llama-2-7B,cs,sweep,lora,LoRA,0.0003,44.0,lrsw_lora_r16_lr3e4,False,False,True,2.243420687171184,1.8520239240816387,0.3913967630895452,-0.2196106715290472,23.26
lrsw_lora_r16_lr3e4_s45,lrsw,Llama-CS (lrsw),Llama-2-7B,cs,sweep,lora,LoRA,0.0003,45.0,lrsw_lora_r16_lr3e4,False,False,True,2.2254698527268446,1.810069211692996,0.4154006410338489,-0.2141720800041343,23.99
lrsw_lora_r16_lr5e4_s42,lrsw,Llama-CS (lrsw),Llama-2-7B,cs,sweep,lora,LoRA,0.0005,42.0,lrsw_lora_r16_lr5e4,False,False,True,2.550748057038821,1.8520239240816387,0.6987241329571825,-0.0344220420894721,20.56
lrsw_lora_r16_lr5e4_s43,lrsw,Llama-CS (lrsw),Llama-2-7B,cs,sweep,lora,LoRA,0.0005,43.0,lrsw_lora_r16_lr5e4,False,False,True,2.526037370263099,1.810069211692996,0.7159681585701032,-0.0322648682161199,22.07
lrsw_lora_r16_lr5e4_s44,lrsw,Llama-CS (lrsw),Llama-2-7B,cs,sweep,lora,LoRA,0.0005,44.0,lrsw_lora_r16_lr5e4,False,False,True,2.509469949688237,1.810069211692996,0.6994007379952414,-0.0426801031446591,21.52
lrsw_lora_r16_lr5e4_s45,lrsw,Llama-CS (lrsw),Llama-2-7B,cs,sweep,lora,LoRA,0.0005,45.0,lrsw_lora_r16_lr5e4,False,False,True,2.4998906264289364,1.810069211692996,0.6898214147359407,-0.0285385949754132,21.84
lrsw_lora_r16_lr5e5_s42,lrsw,Llama-CS (lrsw),Llama-2-7B,cs,sweep,lora,LoRA,5e-05,42.0,lrsw_lora_r16_lr5e5,False,False,True,2.1116810871373364,1.8520239240816387,0.2596571630556976,-0.5944828930236237,27.29
lrsw_lora_r16_lr5e5_s43,lrsw,Llama-CS (lrsw),Llama-2-7B,cs,sweep,lora,LoRA,5e-05,43.0,lrsw_lora_r16_lr5e5,False,False,True,2.0766223028393127,1.810069211692996,0.266553091146317,-0.5946536398242911,27.46
lrsw_lora_r16_lr5e5_s44,lrsw,Llama-CS (lrsw),Llama-2-7B,cs,sweep,lora,LoRA,5e-05,44.0,lrsw_lora_r16_lr5e5,False,False,True,2.07349269377777,1.810069211692996,0.263423482084774,-0.5863650028014443,27.12
lrsw_lorawd_wd0p3_lr1e3_s42,lrsw,Llama-CS (lrsw),Llama-2-7B,cs,sweep,lorawd,LoRA+wd,0.001,42.0,lrsw_lorawd_wd0p3_lr1e3,False,False,True,2.346343138356718,1.8520239240816387,0.4943192142750794,-0.1996266451086505,23.2
lrsw_lorawd_wd0p3_lr1e3_s43,lrsw,Llama-CS (lrsw),Llama-2-7B,cs,sweep,lorawd,LoRA+wd,0.001,43.0,lrsw_lorawd_wd0p3_lr1e3,False,False,True,2.0059792520030992,1.810069211692996,0.1959100403101035,-0.3361107013773386,25.72
lrsw_lorawd_wd0p3_lr1e3_s44,lrsw,Llama-CS (lrsw),Llama-2-7B,cs,sweep,lorawd,LoRA+wd,0.001,44.0,lrsw_lorawd_wd0p3_lr1e3,False,False,True,2.004636169362947,1.810069211692996,0.1945669576699511,-0.3355460714188424,25.6
lrsw_lorawd_wd0p3_lr1e4_s42,lrsw,Llama-CS (lrsw),Llama-2-7B,cs,sweep,lorawd,LoRA+wd,0.0001,42.0,lrsw_lorawd_wd0p3_lr1e4,False,False,True,1.9691813619152811,1.8520239240816387,0.1171574378336426,-0.6322714539130235,26.94
lrsw_lorawd_wd0p3_lr1e4_s43,lrsw,Llama-CS (lrsw),Llama-2-7B,cs,sweep,lorawd,LoRA+wd,0.0001,43.0,lrsw_lorawd_wd0p3_lr1e4,False,False,True,1.922965213144968,1.810069211692996,0.1128960014519722,-0.632644078973981,27.44
lrsw_lorawd_wd0p3_lr1e4_s44,lrsw,Llama-CS (lrsw),Llama-2-7B,cs,sweep,lorawd,LoRA+wd,0.0001,44.0,lrsw_lorawd_wd0p3_lr1e4,False,False,True,1.9203799521099456,1.810069211692996,0.1103107404169501,-0.6259852597080884,27.7
lrsw_lorawd_wd0p3_lr1e4_s45,lrsw,Llama-CS (lrsw),Llama-2-7B,cs,sweep,lorawd,LoRA+wd,0.0001,45.0,lrsw_lorawd_wd0p3_lr1e4,False,False,True,1.9634835512031703,1.8520239240816387,0.1114596271215315,-0.6291169832223942,27.34
lrsw_lorawd_wd0p3_lr2e3_s43,lrsw,Llama-CS (lrsw),Llama-2-7B,cs,sweep,lorawd,LoRA+wd,0.002,43.0,lrsw_lorawd_wd0p3_lr2e3,False,True,True,10.058796462210536,1.8520239240816387,8.206772538128899,1.9588633428153224,0.0
lrsw_lorawd_wd0p3_lr2e3_s44,lrsw,Llama-CS (lrsw),Llama-2-7B,cs,sweep,lorawd,LoRA+wd,0.002,44.0,lrsw_lorawd_wd0p3_lr2e3,False,True,True,10.34002086021009,1.810069211692996,8.529951648517095,1.941928631912614,0.0
lrsw_lorawd_wd0p3_lr2e4_s42,lrsw,Llama-CS (lrsw),Llama-2-7B,cs,sweep,lorawd,LoRA+wd,0.0002,42.0,lrsw_lorawd_wd0p3_lr2e4,False,False,True,2.018828858291148,1.8520239240816387,0.1668049342095088,-0.5218665718994825,27.66
lrsw_lorawd_wd0p3_lr2e4_s43,lrsw,Llama-CS (lrsw),Llama-2-7B,cs,sweep,lorawd,LoRA+wd,0.0002,43.0,lrsw_lorawd_wd0p3_lr2e4,False,False,True,1.974055195068709,1.810069211692996,0.1639859833757133,-0.5204246898250116,26.43
lrsw_lorawd_wd0p3_lr2e4_s44,lrsw,Llama-CS (lrsw),Llama-2-7B,cs,sweep,lorawd,LoRA+wd,0.0002,44.0,lrsw_lorawd_wd0p3_lr2e4,False,False,True,1.976574211441095,1.810069211692996,0.1665049997480991,-0.5234581909725712,27.14
lrsw_lorawd_wd0p3_lr2e4_s45,lrsw,Llama-CS (lrsw),Llama-2-7B,cs,sweep,lorawd,LoRA+wd,0.0002,45.0,lrsw_lorawd_wd0p3_lr2e4,False,False,True,1.9735583411168816,1.810069211692996,0.1634891294238858,-0.5236031732746699,26.68
lrsw_lorawd_wd0p3_lr2e5_s42,lrsw,Llama-CS (lrsw),Llama-2-7B,cs,sweep,lorawd,LoRA+wd,2e-05,42.0,lrsw_lorawd_wd0p3_lr2e5,False,False,True,2.1213124137498016,1.8520239240816387,0.2692884896681629,-0.6683702823700677,26.74
lrsw_lorawd_wd0p3_lr2e5_s43,lrsw,Llama-CS (lrsw),Llama-2-7B,cs,sweep,lorawd,LoRA+wd,2e-05,43.0,lrsw_lorawd_wd0p3_lr2e5,False,False,True,2.0838732387972225,1.810069211692996,0.2738040271042268,-0.6659485596531082,26.5
lrsw_lorawd_wd0p3_lr2e5_s44,lrsw,Llama-CS (lrsw),Llama-2-7B,cs,sweep,lorawd,LoRA+wd,2e-05,44.0,lrsw_lorawd_wd0p3_lr2e5,False,False,True,2.0827364865273523,1.810069211692996,0.2726672748343566,-0.6631401790831907,26.83
lrsw_lorawd_wd0p3_lr3e4_s42,lrsw,Llama-CS (lrsw),Llama-2-7B,cs,sweep,lorawd,LoRA+wd,0.0003,42.0,lrsw_lorawd_wd0p3_lr3e4,False,False,True,2.043574158464022,1.8520239240816387,0.1915502343823831,-0.423773862550395,26.18
lrsw_lorawd_wd0p3_lr3e4_s43,lrsw,Llama-CS (lrsw),Llama-2-7B,cs,sweep,lorawd,LoRA+wd,0.0003,43.0,lrsw_lorawd_wd0p3_lr3e4,False,False,True,1.997637208817239,1.810069211692996,0.1875679971242432,-0.4560560575170935,26.64
lrsw_lorawd_wd0p3_lr3e4_s44,lrsw,Llama-CS (lrsw),Llama-2-7B,cs,sweep,lorawd,LoRA+wd,0.0003,44.0,lrsw_lorawd_wd0p3_lr3e4,False,False,True,2.001071157024464,1.810069211692996,0.1910019453314679,-0.4550642341184974,26.9
lrsw_lorawd_wd0p3_lr3e4_s45,lrsw,Llama-CS (lrsw),Llama-2-7B,cs,sweep,lorawd,LoRA+wd,0.0003,45.0,lrsw_lorawd_wd0p3_lr3e4,False,False,True,1.9938344643721335,1.810069211692996,0.183765252679138,-0.4585455712524111,26.56
lrsw_lorawd_wd0p3_lr5e4_s42,lrsw,Llama-CS (lrsw),Llama-2-7B,cs,sweep,lorawd,LoRA+wd,0.0005,42.0,lrsw_lorawd_wd0p3_lr5e4,False,False,True,2.0437287245841684,1.8520239240816387,0.1917048005025297,-0.4043935651343969,25.55
lrsw_lorawd_wd0p3_lr5e4_s43,lrsw,Llama-CS (lrsw),Llama-2-7B,cs,sweep,lorawd,LoRA+wd,0.0005,43.0,lrsw_lorawd_wd0p3_lr5e4,False,False,True,2.0430797374500687,1.8520239240816387,0.1910558133684299,-0.4155556928348238,25.86
lrsw_lorawd_wd0p3_lr5e4_s44,lrsw,Llama-CS (lrsw),Llama-2-7B,cs,sweep,lorawd,LoRA+wd,0.0005,44.0,lrsw_lorawd_wd0p3_lr5e4,False,False,True,2.0409187356893947,1.8520239240816387,0.188894811607756,-0.3861581781239308,26.38
lrsw_lorawd_wd0p3_lr5e4_s45,lrsw,Llama-CS (lrsw),Llama-2-7B,cs,sweep,lorawd,LoRA+wd,0.0005,45.0,lrsw_lorawd_wd0p3_lr5e4,False,False,True,2.037566246678821,1.8520239240816387,0.1855423225971821,-0.3902988976206005,25.64
lrsw_lorawd_wd0p3_lr5e5_s42,lrsw,Llama-CS (lrsw),Llama-2-7B,cs,sweep,lorawd,LoRA+wd,5e-05,42.0,lrsw_lorawd_wd0p3_lr5e5,False,False,True,2.102396154524014,1.8520239240816387,0.2503722304423759,-0.660349842386316,27.8
lrsw_lorawd_wd0p3_lr5e5_s43,lrsw,Llama-CS (lrsw),Llama-2-7B,cs,sweep,lorawd,LoRA+wd,5e-05,43.0,lrsw_lorawd_wd0p3_lr5e5,False,False,True,2.0670504098885054,1.810069211692996,0.2569811981955097,-0.6550185860727421,27.56
lrsw_lorawd_wd0p3_lr5e5_s44,lrsw,Llama-CS (lrsw),Llama-2-7B,cs,sweep,lorawd,LoRA+wd,5e-05,44.0,lrsw_lorawd_wd0p3_lr5e5,False,False,True,2.068094519928801,1.810069211692996,0.258025308235805,-0.6554112574212861,27.33
lrsw_milora_r32_lr1e3_s42,lrsw,Llama-CS (lrsw),Llama-2-7B,cs,sweep,milora,MiLoRA,0.001,42.0,lrsw_milora_r32_lr1e3,False,False,True,3.2316140988102564,1.8520239240816387,1.3795901747286177,0.1852304161675628,17.21
lrsw_milora_r32_lr1e3_s43,lrsw,Llama-CS (lrsw),Llama-2-7B,cs,sweep,milora,MiLoRA,0.001,43.0,lrsw_milora_r32_lr1e3,False,False,True,3.1496052964456784,1.810069211692996,1.3395360847526827,0.1797240960600895,17.33
lrsw_milora_r32_lr1e3_s44,lrsw,Llama-CS (lrsw),Llama-2-7B,cs,sweep,milora,MiLoRA,0.001,44.0,lrsw_milora_r32_lr1e3,False,False,True,3.198534623921109,1.810069211692996,1.3884654122281133,0.1797528068974981,14.84
lrsw_milora_r32_lr1e4_s42,lrsw,Llama-CS (lrsw),Llama-2-7B,cs,sweep,milora,MiLoRA,0.0001,42.0,lrsw_milora_r32_lr1e4,False,False,True,1.973655510435436,1.8520239240816387,0.1216315863537971,-0.6057234732321786,27.55
lrsw_milora_r32_lr1e4_s43,lrsw,Llama-CS (lrsw),Llama-2-7B,cs,sweep,milora,MiLoRA,0.0001,43.0,lrsw_milora_r32_lr1e4,False,False,True,1.93380291028227,1.810069211692996,0.1237336985892743,-0.6006724678413211,27.42
lrsw_milora_r32_lr1e4_s44,lrsw,Llama-CS (lrsw),Llama-2-7B,cs,sweep,milora,MiLoRA,0.0001,44.0,lrsw_milora_r32_lr1e4,False,False,True,2.0601950855779414,1.810069211692996,0.2501258738849456,-0.5958507507903049,26.92
lrsw_milora_r32_lr1e4_s45,lrsw,Llama-CS (lrsw),Llama-2-7B,cs,sweep,milora,MiLoRA,0.0001,45.0,lrsw_milora_r32_lr1e4,False,False,True,1.971519723240729,1.8520239240816387,0.1194957991590905,-0.6101254416090145,27.31
lrsw_milora_r32_lr2e4_s42,lrsw,Llama-CS (lrsw),Llama-2-7B,cs,sweep,milora,MiLoRA,0.0002,42.0,lrsw_milora_r32_lr2e4,False,False,True,2.120847216144792,1.8520239240816387,0.268823292063153,-0.4005536242747243,25.84
lrsw_milora_r32_lr2e4_s43,lrsw,Llama-CS (lrsw),Llama-2-7B,cs,sweep,milora,MiLoRA,0.0002,43.0,lrsw_milora_r32_lr2e4,False,False,True,2.079544738712288,1.810069211692996,0.2694755270192919,-0.3824754651137076,25.52
lrsw_milora_r32_lr2e4_s44,lrsw,Llama-CS (lrsw),Llama-2-7B,cs,sweep,milora,MiLoRA,0.0002,44.0,lrsw_milora_r32_lr2e4,False,False,True,2.0798272280296555,1.810069211692996,0.2697580163366597,-0.3957739469155299,26.52
lrsw_milora_r32_lr2e4_s45,lrsw,Llama-CS (lrsw),Llama-2-7B,cs,sweep,milora,MiLoRA,0.0002,45.0,lrsw_milora_r32_lr2e4,False,False,True,2.088509181263989,1.810069211692996,0.2784399695709931,-0.3806979241243918,26.46
lrsw_milora_r32_lr2e5_s42,lrsw,Llama-CS (lrsw),Llama-2-7B,cs,sweep,milora,MiLoRA,2e-05,42.0,lrsw_milora_r32_lr2e5,False,False,True,1.907960317818916,1.8520239240816387,0.0559363937372772,-0.7622050067260775,26.25
lrsw_milora_r32_lr2e5_s43,lrsw,Llama-CS (lrsw),Llama-2-7B,cs,sweep,milora,MiLoRA,2e-05,43.0,lrsw_milora_r32_lr2e5,False,False,True,1.9096852629590315,1.8520239240816387,0.0576613388773927,-0.7703181576823243,26.1
lrsw_milora_r32_lr2e5_s44,lrsw,Llama-CS (lrsw),Llama-2-7B,cs,sweep,milora,MiLoRA,2e-05,44.0,lrsw_milora_r32_lr2e5,False,False,True,1.8656647047375687,1.810069211692996,0.0555954930445734,-0.7622050067260775,26.17
lrsw_milora_r32_lr3e4_s42,lrsw,Llama-CS (lrsw),Llama-2-7B,cs,sweep,milora,MiLoRA,0.0003,42.0,lrsw_milora_r32_lr3e4,False,False,True,2.261508517512025,1.8520239240816387,0.4094845934303861,-0.2650402387275547,24.72
lrsw_milora_r32_lr3e4_s43,lrsw,Llama-CS (lrsw),Llama-2-7B,cs,sweep,milora,MiLoRA,0.0003,43.0,lrsw_milora_r32_lr3e4,False,False,True,2.36126675137648,1.8520239240816387,0.5092428272948415,-0.2492602487646492,23.8
lrsw_milora_r32_lr3e4_s44,lrsw,Llama-CS (lrsw),Llama-2-7B,cs,sweep,milora,MiLoRA,0.0003,44.0,lrsw_milora_r32_lr3e4,False,False,True,2.2841258164585514,1.8520239240816387,0.4321018923769126,-0.2500319164905971,24.06
lrsw_milora_r32_lr3e4_s45,lrsw,Llama-CS (lrsw),Llama-2-7B,cs,sweep,milora,MiLoRA,0.0003,45.0,lrsw_milora_r32_lr3e4,False,False,True,2.219703001259578,1.810069211692996,0.4096337895665829,-0.2510371387438385,24.9
lrsw_milora_r32_lr5e4_s42,lrsw,Llama-CS (lrsw),Llama-2-7B,cs,sweep,milora,MiLoRA,0.0005,42.0,lrsw_milora_r32_lr5e4,False,False,True,2.5996852616355084,1.8520239240816387,0.7476613375538697,-0.0759275700896371,20.76
lrsw_milora_r32_lr5e4_s43,lrsw,Llama-CS (lrsw),Llama-2-7B,cs,sweep,milora,MiLoRA,0.0005,43.0,lrsw_milora_r32_lr5e4,False,False,True,2.565861342872096,1.810069211692996,0.7557921311790998,-0.0662597005030646,21.27
lrsw_milora_r32_lr5e4_s44,lrsw,Llama-CS (lrsw),Llama-2-7B,cs,sweep,milora,MiLoRA,0.0005,44.0,lrsw_milora_r32_lr5e4,False,False,True,2.535882304374965,1.810069211692996,0.7258130926819695,-0.0625824185228621,21.0
lrsw_milora_r32_lr5e4_s45,lrsw,Llama-CS (lrsw),Llama-2-7B,cs,sweep,milora,MiLoRA,0.0005,45.0,lrsw_milora_r32_lr5e4,False,False,True,2.547923168060233,1.810069211692996,0.737853956367237,-0.0745847629157537,22.7
lrsw_milora_r32_lr5e5_s42,lrsw,Llama-CS (lrsw),Llama-2-7B,cs,sweep,milora,MiLoRA,5e-05,42.0,lrsw_milora_r32_lr5e5,False,False,True,1.922430365342227,1.8520239240816387,0.0704064412605882,-0.707522406332216,27.57
lrsw_milora_r32_lr5e5_s43,lrsw,Llama-CS (lrsw),Llama-2-7B,cs,sweep,milora,MiLoRA,5e-05,43.0,lrsw_milora_r32_lr5e5,False,False,True,1.8817642131388648,1.810069211692996,0.071695001445869,-0.7055337738384071,27.3
lrsw_milora_r32_lr5e5_s44,lrsw,Llama-CS (lrsw),Llama-2-7B,cs,sweep,milora,MiLoRA,5e-05,44.0,lrsw_milora_r32_lr5e5,False,False,True,1.8801803169229967,1.810069211692996,0.0701111052300014,-0.7024583321818402,27.28
lrsw_milorawd_wd0p3_r32_lr2e4_s42,lrsw,Llama-CS (lrsw),Llama-2-7B,cs,sweep,milorawd,MiLoRA+wd,0.0002,42.0,lrsw_milorawd_wd0p3_r32_lr2e4,False,False,True,1.959319358666084,1.810069211692996,0.1492501469730884,-0.6048484084954574,27.99
lrsw_milorawd_wd0p3_r32_lr5e4_s42,lrsw,Llama-CS (lrsw),Llama-2-7B,cs,sweep,milorawd,MiLoRA+wd,0.0005,42.0,lrsw_milorawd_wd0p3_r32_lr5e4,False,False,True,1.959038602556362,1.810069211692996,0.1489693908633662,-0.5282683485199489,26.66
lrsw_sclora_r32_lr1e3_s42,lrsw,Llama-CS (lrsw),Llama-2-7B,cs,sweep,sclora,SC-LoRA,0.001,42.0,lrsw_sclora_r32_lr1e3,False,False,True,6.884864806372474,1.8520239240816387,5.032840882290835,0.4880286854829438,3.19
lrsw_sclora_r32_lr1e3_s43,lrsw,Llama-CS (lrsw),Llama-2-7B,cs,sweep,sclora,SC-LoRA,0.001,43.0,lrsw_sclora_r32_lr1e3,False,False,True,3.604309972889736,1.810069211692996,1.7942407611967404,0.2411478624116997,8.57
lrsw_sclora_r32_lr1e3_s44,lrsw,Llama-CS (lrsw),Llama-2-7B,cs,sweep,sclora,SC-LoRA,0.001,44.0,lrsw_sclora_r32_lr1e3,False,False,True,3.607861098770362,1.810069211692996,1.797791887077366,0.2359574794666207,7.5
lrsw_sclora_r32_lr1e4_s42,lrsw,Llama-CS (lrsw),Llama-2-7B,cs,sweep,sclora,SC-LoRA,0.0001,42.0,lrsw_sclora_r32_lr1e4,False,False,True,2.327875716030948,1.8520239240816387,0.4758517919493088,-0.0899094544059318,16.38
lrsw_sclora_r32_lr1e4_s43,lrsw,Llama-CS (lrsw),Llama-2-7B,cs,sweep,sclora,SC-LoRA,0.0001,43.0,lrsw_sclora_r32_lr1e4,False,False,True,2.0771529101642408,1.810069211692996,0.267083698471245,-0.3841551171252979,24.72
lrsw_sclora_r32_lr1e4_s44,lrsw,Llama-CS (lrsw),Llama-2-7B,cs,sweep,sclora,SC-LoRA,0.0001,44.0,lrsw_sclora_r32_lr1e4,False,False,True,2.084262824674836,1.810069211692996,0.2741936129818401,-0.3854191330025139,24.46
lrsw_sclora_r32_lr1e4_s45,lrsw,Llama-CS (lrsw),Llama-2-7B,cs,sweep,sclora,SC-LoRA,0.0001,45.0,lrsw_sclora_r32_lr1e4,False,False,True,2.1299686967161637,1.8520239240816387,0.2779447726345245,-0.3854191330025139,24.88
lrsw_sclora_r32_lr2e4_s42,lrsw,Llama-CS (lrsw),Llama-2-7B,cs,sweep,sclora,SC-LoRA,0.0002,42.0,lrsw_sclora_r32_lr2e4,False,False,True,2.9423312473230903,1.8520239240816387,1.0903073232414515,0.0577041315340296,10.22
lrsw_sclora_r32_lr2e4_s43,lrsw,Llama-CS (lrsw),Llama-2-7B,cs,sweep,sclora,SC-LoRA,0.0002,43.0,lrsw_sclora_r32_lr2e4,False,False,True,2.320058570717486,1.810069211692996,0.5099893590244904,-0.2173124317650336,20.8
lrsw_sclora_r32_lr2e4_s44,lrsw,Llama-CS (lrsw),Llama-2-7B,cs,sweep,sclora,SC-LoRA,0.0002,44.0,lrsw_sclora_r32_lr2e4,False,False,True,2.3485223480864064,1.810069211692996,0.5384531363934106,-0.2308443092856012,21.52
lrsw_sclora_r32_lr2e4_s45,lrsw,Llama-CS (lrsw),Llama-2-7B,cs,sweep,sclora,SC-LoRA,0.0002,45.0,lrsw_sclora_r32_lr2e4,False,False,True,2.295906753089038,1.810069211692996,0.485837541396042,-0.2215593164287672,22.12
lrsw_sclora_r32_lr2e5_s42,lrsw,Llama-CS (lrsw),Llama-2-7B,cs,sweep,sclora,SC-LoRA,2e-05,42.0,lrsw_sclora_r32_lr2e5,False,False,True,2.028159157245214,1.8520239240816387,0.176135233163575,-0.4871822414351269,25.29
lrsw_sclora_r32_lr2e5_s43,lrsw,Llama-CS (lrsw),Llama-2-7B,cs,sweep,sclora,SC-LoRA,2e-05,43.0,lrsw_sclora_r32_lr2e5,False,False,True,1.9550050309553575,1.810069211692996,0.144935819262362,-0.7796303675486055,26.98
lrsw_sclora_r32_lr2e5_s44,lrsw,Llama-CS (lrsw),Llama-2-7B,cs,sweep,sclora,SC-LoRA,2e-05,44.0,lrsw_sclora_r32_lr2e5,False,False,True,1.9588381435308448,1.810069211692996,0.1487689318378491,-0.7798919119599449,27.02
lrsw_sclora_r32_lr3e4_s42,lrsw,Llama-CS (lrsw),Llama-2-7B,cs,sweep,sclora,SC-LoRA,0.0003,42.0,lrsw_sclora_r32_lr3e4,False,False,True,4.0211946985019615,1.8520239240816387,2.169170774420323,0.1498346967157849,9.38
lrsw_sclora_r32_lr3e4_s43,lrsw,Llama-CS (lrsw),Llama-2-7B,cs,sweep,sclora,SC-LoRA,0.0003,43.0,lrsw_sclora_r32_lr3e4,False,False,True,2.507403742016905,1.810069211692996,0.6973345303239091,-0.1273776209747116,18.98
lrsw_sclora_r32_lr3e4_s44,lrsw,Llama-CS (lrsw),Llama-2-7B,cs,sweep,sclora,SC-LoRA,0.0003,44.0,lrsw_sclora_r32_lr3e4,False,False,True,2.456819296958807,1.810069211692996,0.6467500852658115,-0.124071015077073,18.74
lrsw_sclora_r32_lr5e4_s42,lrsw,Llama-CS (lrsw),Llama-2-7B,cs,sweep,sclora,SC-LoRA,0.0005,42.0,lrsw_sclora_r32_lr5e4,False,False,True,5.803522692947161,1.8520239240816387,3.9514987688655214,0.2605960423019088,3.6
lrsw_sclora_r32_lr5e4_s43,lrsw,Llama-CS (lrsw),Llama-2-7B,cs,sweep,sclora,SC-LoRA,0.0005,43.0,lrsw_sclora_r32_lr5e4,False,False,True,2.8078629023015265,1.810069211692996,0.9977936906085308,0.0356698346516806,15.26
lrsw_sclora_r32_lr5e4_s44,lrsw,Llama-CS (lrsw),Llama-2-7B,cs,sweep,sclora,SC-LoRA,0.0005,44.0,lrsw_sclora_r32_lr5e4,False,False,True,2.77261841418226,1.810069211692996,0.9625492024892645,0.0226757619537274,15.2
lrsw_sclora_r32_lr5e4_s45,lrsw,Llama-CS (lrsw),Llama-2-7B,cs,sweep,sclora,SC-LoRA,0.0005,45.0,lrsw_sclora_r32_lr5e4,False,False,True,2.8351761325755387,1.810069211692996,1.025106920882543,0.0300327049361712,16.04
lrsw_sclora_r32_lr5e5_s42,lrsw,Llama-CS (lrsw),Llama-2-7B,cs,sweep,sclora,SC-LoRA,5e-05,42.0,lrsw_sclora_r32_lr5e5,False,False,True,2.1648488816906912,1.8520239240816387,0.3128249576090525,-0.2525881921135766,22.47
lrsw_sclora_r32_lr5e5_s43,lrsw,Llama-CS (lrsw),Llama-2-7B,cs,sweep,sclora,SC-LoRA,5e-05,43.0,lrsw_sclora_r32_lr5e5,False,False,True,2.018126304650288,1.8520239240816387,0.1661023805686494,-0.543633966870957,25.56
lrsw_sclora_r32_lr5e5_s44,lrsw,Llama-CS (lrsw),Llama-2-7B,cs,sweep,sclora,SC-LoRA,5e-05,44.0,lrsw_sclora_r32_lr5e5,False,False,True,2.0062747039828217,1.8520239240816387,0.1542507799011829,-0.547293773488971,25.77
lrswm_clora_k1024_lr1e3_s42,lrswm,Llama-Math (lrswm),Llama-2-7B,math,sweep,clora,CLoRA,0.001,42.0,lrswm_clora_k1024_lr1e3,False,False,True,2.976959054604722,1.8520239240816387,1.1249351305230832,-0.0725269790047241,19.13
lrswm_clora_k1024_lr1e3_s43,lrswm,Llama-Math (lrswm),Llama-2-7B,math,sweep,clora,CLoRA,0.001,43.0,lrswm_clora_k1024_lr1e3,False,False,True,2.9424218257339474,1.810069211692996,1.1323526140409517,-0.0648959788485504,19.49
lrswm_clora_k1024_lr1e3_s44,lrswm,Llama-Math (lrswm),Llama-2-7B,math,sweep,clora,CLoRA,0.001,44.0,lrswm_clora_k1024_lr1e3,False,False,True,2.9041823117911933,1.810069211692996,1.0941131000981976,-0.0696623642622699,19.27
lrswm_clora_k1024_lr1e4_s42,lrswm,Llama-Math (lrswm),Llama-2-7B,math,sweep,clora,CLoRA,0.0001,42.0,lrswm_clora_k1024_lr1e4,False,False,True,2.0309688749330084,1.8520239240816387,0.1789449508513696,-0.6946486305533762,26.1
lrswm_clora_k1024_lr1e4_s43,lrswm,Llama-Math (lrswm),Llama-2-7B,math,sweep,clora,CLoRA,0.0001,43.0,lrswm_clora_k1024_lr1e4,False,False,True,1.9831754125833072,1.810069211692996,0.1731062008903114,-0.6927179529666541,25.19
lrswm_clora_k1024_lr1e4_s44,lrswm,Llama-Math (lrswm),Llama-2-7B,math,sweep,clora,CLoRA,0.0001,44.0,lrswm_clora_k1024_lr1e4,False,False,True,1.987726914585816,1.810069211692996,0.1776577028928199,-0.6920762963881184,25.54
lrswm_clora_k1024_lr2e4_s42,lrswm,Llama-Math (lrswm),Llama-2-7B,math,sweep,clora,CLoRA,0.0002,42.0,lrswm_clora_k1024_lr2e4,False,False,True,2.130177551012573,1.8520239240816387,0.2781536269309344,-0.6010189333418688,24.27
lrswm_clora_k1024_lr2e4_s43,lrswm,Llama-Math (lrswm),Llama-2-7B,math,sweep,clora,CLoRA,0.0002,43.0,lrswm_clora_k1024_lr2e4,False,False,True,2.085273948334638,1.810069211692996,0.2752047366416421,-0.6013656754616079,24.02
lrswm_clora_k1024_lr2e4_s44,lrswm,Llama-Math (lrswm),Llama-2-7B,math,sweep,clora,CLoRA,0.0002,44.0,lrswm_clora_k1024_lr2e4,False,False,True,2.091520584276529,1.810069211692996,0.2814513725835337,-0.5998075114074239,24.44
lrswm_clora_k1024_lr2e5_s42,lrswm,Llama-Math (lrswm),Llama-2-7B,math,sweep,clora,CLoRA,2e-05,42.0,lrswm_clora_k1024_lr2e5,False,False,True,1.9381953046365477,1.8520239240816387,0.0861713805549087,-0.7106340484799682,26.15
lrswm_clora_k1024_lr2e5_s43,lrswm,Llama-Math (lrswm),Llama-2-7B,math,sweep,clora,CLoRA,2e-05,43.0,lrswm_clora_k1024_lr2e5,False,False,True,1.893346478123005,1.810069211692996,0.0832772664300092,-0.7162466166674735,25.64
lrswm_clora_k1024_lr2e5_s44,lrswm,Llama-Math (lrswm),Llama-2-7B,math,sweep,clora,CLoRA,2e-05,44.0,lrswm_clora_k1024_lr2e5,False,False,True,1.8928999313603403,1.810069211692996,0.0828307196673447,-0.7108571640676669,25.45
lrswm_clora_k1024_lr3e4_s42,lrswm,Llama-Math (lrswm),Llama-2-7B,math,sweep,clora,CLoRA,0.0003,42.0,lrswm_clora_k1024_lr3e4,False,False,True,2.2787372986968264,1.8520239240816387,0.4267133746151876,-0.4838614232829256,24.02
lrswm_clora_k1024_lr3e4_s43,lrswm,Llama-Math (lrswm),Llama-2-7B,math,sweep,clora,CLoRA,0.0003,43.0,lrswm_clora_k1024_lr3e4,False,False,True,2.2125124366402504,1.810069211692996,0.4024432249472547,-0.4960731958064895,22.8
lrswm_clora_k1024_lr3e4_s44,lrswm,Llama-Math (lrswm),Llama-2-7B,math,sweep,clora,CLoRA,0.0003,44.0,lrswm_clora_k1024_lr3e4,False,False,True,2.194528109809009,1.810069211692996,0.3844588981160137,-0.4975728800155673,23.76
lrswm_clora_k1024_lr5e4_s42,lrswm,Llama-Math (lrswm),Llama-2-7B,math,sweep,clora,CLoRA,0.0005,42.0,lrswm_clora_k1024_lr5e4,False,False,True,2.469135914528221,1.8520239240816387,0.617111990446582,-0.3186682940308342,22.77
lrswm_clora_k1024_lr5e4_s43,lrswm,Llama-Math (lrswm),Llama-2-7B,math,sweep,clora,CLoRA,0.0005,43.0,lrswm_clora_k1024_lr5e4,False,False,True,2.430127493027345,1.810069211692996,0.6200582813343491,-0.3009431454523322,21.85
lrswm_clora_k1024_lr5e4_s44,lrswm,Llama-Math (lrswm),Llama-2-7B,math,sweep,clora,CLoRA,0.0005,44.0,lrswm_clora_k1024_lr5e4,False,False,True,2.464094345042527,1.8520239240816387,0.612070420960888,-0.3043432400638097,22.34
lrswm_clora_k1024_lr5e5_s42,lrswm,Llama-Math (lrswm),Llama-2-7B,math,sweep,clora,CLoRA,5e-05,42.0,lrswm_clora_k1024_lr5e5,False,False,True,1.9766705135096625,1.8520239240816387,0.1246465894280237,-0.6751005029476866,25.56
lrswm_clora_k1024_lr5e5_s43,lrswm,Llama-Math (lrswm),Llama-2-7B,math,sweep,clora,CLoRA,5e-05,43.0,lrswm_clora_k1024_lr5e5,False,False,True,1.931356640396476,1.810069211692996,0.1212874287034799,-0.6775739475940474,25.7
lrswm_clora_k1024_lr5e5_s44,lrswm,Llama-Math (lrswm),Llama-2-7B,math,sweep,clora,CLoRA,5e-05,44.0,lrswm_clora_k1024_lr5e5,False,False,True,1.9289723186526395,1.810069211692996,0.1189031069596437,-0.6681679555637513,25.31
lrswm_dora_r16_lr1e3_s42,lrswm,Llama-Math (lrswm),Llama-2-7B,math,sweep,dora,DoRA,0.001,42.0,lrswm_dora_r16_lr1e3,False,False,True,3.4366585805245617,1.8520239240816387,1.584634656442923,0.3408801734136458,17.89
lrswm_dora_r16_lr1e3_s43,lrswm,Llama-Math (lrswm),Llama-2-7B,math,sweep,dora,DoRA,0.001,43.0,lrswm_dora_r16_lr1e3,False,False,True,4.143608802145036,1.810069211692996,2.33353959045204,0.345608950540594,19.28
lrswm_dora_r16_lr1e3_s44,lrswm,Llama-Math (lrswm),Llama-2-7B,math,sweep,dora,DoRA,0.001,44.0,lrswm_dora_r16_lr1e3,False,False,True,3.450525402815216,1.810069211692996,1.6404561911222204,0.3641193003907618,18.51
lrswm_dora_r16_lr1e4_s42,lrswm,Llama-Math (lrswm),Llama-2-7B,math,sweep,dora,DoRA,0.0001,42.0,lrswm_dora_r16_lr1e4,False,False,True,2.1351158768386,1.8520239240816387,0.2830919527569611,-0.4960731958064895,25.08
lrswm_dora_r16_lr1e4_s43,lrswm,Llama-Math (lrswm),Llama-2-7B,math,sweep,dora,DoRA,0.0001,43.0,lrswm_dora_r16_lr1e4,False,False,True,1.9876317481902748,1.810069211692996,0.177562536497279,-0.4939010400715595,24.46
lrswm_dora_r16_lr1e4_s44,lrswm,Llama-Math (lrswm),Llama-2-7B,math,sweep,dora,DoRA,0.0001,44.0,lrswm_dora_r16_lr1e4,False,False,True,2.049861135147065,1.810069211692996,0.2397919234540693,-0.494850021680094,24.98
lrswm_dora_r16_lr2e4_s42,lrswm,Llama-Math (lrswm),Llama-2-7B,math,sweep,dora,DoRA,0.0002,42.0,lrswm_dora_r16_lr2e4,False,False,True,2.1636196462120223,1.8520239240816387,0.3115957221303835,-0.422853015172475,24.34
lrswm_dora_r16_lr2e4_s43,lrswm,Llama-Math (lrswm),Llama-2-7B,math,sweep,dora,DoRA,0.0002,43.0,lrswm_dora_r16_lr2e4,False,False,True,2.109795961038702,1.810069211692996,0.2997267493457063,-0.4089353929735008,23.99
lrswm_dora_r16_lr2e4_s44,lrswm,Llama-Math (lrswm),Llama-2-7B,math,sweep,dora,DoRA,0.0002,44.0,lrswm_dora_r16_lr2e4,False,False,True,2.1053610398586,1.810069211692996,0.295291828165604,-0.422853015172475,24.24
lrswm_dora_r16_lr2e5_s42,lrswm,Llama-Math (lrswm),Llama-2-7B,math,sweep,dora,DoRA,2e-05,42.0,lrswm_dora_r16_lr2e5,False,False,True,1.9189572264331936,1.8520239240816387,0.066933302351555,-0.4858508655245626,25.18
lrswm_dora_r16_lr2e5_s43,lrswm,Llama-Math (lrswm),Llama-2-7B,math,sweep,dora,DoRA,2e-05,43.0,lrswm_dora_r16_lr2e5,False,False,True,1.8764704886857584,1.810069211692996,0.0664012769927624,-0.4821445810699713,25.36
lrswm_dora_r16_lr2e5_s44,lrswm,Llama-Math (lrswm),Llama-2-7B,math,sweep,dora,DoRA,2e-05,44.0,lrswm_dora_r16_lr2e5,False,False,True,1.8763594162948192,1.810069211692996,0.0662902046018234,-0.4736607226101559,25.42
lrswm_dora_r16_lr3e4_s42,lrswm,Llama-Math (lrswm),Llama-2-7B,math,sweep,dora,DoRA,0.0003,42.0,lrswm_dora_r16_lr3e4,False,False,True,2.294905685727723,1.8520239240816387,0.4428817616460843,-0.3094495384896413,23.3
lrswm_dora_r16_lr3e4_s43,lrswm,Llama-Math (lrswm),Llama-2-7B,math,sweep,dora,DoRA,0.0003,43.0,lrswm_dora_r16_lr3e4,False,False,True,2.2732573534278484,1.810069211692996,0.4631881417348527,-0.279757981712943,23.22
lrswm_dora_r16_lr3e4_s44,lrswm,Llama-Math (lrswm),Llama-2-7B,math,sweep,dora,DoRA,0.0003,44.0,lrswm_dora_r16_lr3e4,False,False,True,2.2376206042285074,1.810069211692996,0.4275513925355116,-0.280917426098514,23.09
lrswm_dora_r16_lr5e4_s42,lrswm,Llama-Math (lrswm),Llama-2-7B,math,sweep,dora,DoRA,0.0005,42.0,lrswm_dora_r16_lr5e4,False,False,True,2.577068808140023,1.8520239240816387,0.7250448840583843,-0.030537492025363,21.66
lrswm_dora_r16_lr5e4_s43,lrswm,Llama-Math (lrswm),Llama-2-7B,math,sweep,dora,DoRA,0.0005,43.0,lrswm_dora_r16_lr5e4,False,False,True,2.490319272772457,1.810069211692996,0.6802500610794608,-0.0709900145060388,21.03
lrswm_dora_r16_lr5e4_s44,lrswm,Llama-Math (lrswm),Llama-2-7B,math,sweep,dora,DoRA,0.0005,44.0,lrswm_dora_r16_lr5e4,False,False,True,2.484930321338413,1.810069211692996,0.6748611096454173,-0.0511959540671887,21.36
lrswm_dora_r16_lr5e5_s42,lrswm,Llama-Math (lrswm),Llama-2-7B,math,sweep,dora,DoRA,5e-05,42.0,lrswm_dora_r16_lr5e5,False,False,True,1.9671348032823677,1.8520239240816387,0.1151108792007287,-0.4735314875305225,25.92
lrswm_dora_r16_lr5e5_s43,lrswm,Llama-Math (lrswm),Llama-2-7B,math,sweep,dora,DoRA,5e-05,43.0,lrswm_dora_r16_lr5e5,False,False,True,1.922006873709949,1.810069211692996,0.1119376620169532,-0.4740486587519875,25.58
lrswm_dora_r16_lr5e5_s44,lrswm,Llama-Math (lrswm),Llama-2-7B,math,sweep,dora,DoRA,5e-05,44.0,lrswm_dora_r16_lr5e5,False,False,True,1.9276548867797296,1.810069211692996,0.1175856750867341,-0.469288162018343,25.84
lrswm_lora_r16_lr1e3_s42,lrswm,Llama-Math (lrswm),Llama-2-7B,math,sweep,lora,LoRA,0.001,42.0,lrswm_lora_r16_lr1e3,False,False,True,3.1144936444853277,1.8520239240816387,1.2624697204036883,0.105442054801695,19.48
lrswm_lora_r16_lr1e3_s43,lrswm,Llama-Math (lrswm),Llama-2-7B,math,sweep,lora,LoRA,0.001,43.0,lrswm_lora_r16_lr1e3,False,False,True,3.1578702270663004,1.810069211692996,1.3478010153733049,0.094541001456839,19.72
lrswm_lora_r16_lr1e3_s44,lrswm,Llama-Math (lrswm),Llama-2-7B,math,sweep,lora,LoRA,0.001,44.0,lrswm_lora_r16_lr1e3,False,False,True,3.102937337761664,1.8520239240816387,1.2509134136800246,0.111094410509336,19.08
lrswm_lora_r16_lr1e4_s42,lrswm,Llama-Math (lrswm),Llama-2-7B,math,sweep,lora,LoRA,0.0001,42.0,lrswm_lora_r16_lr1e4,False,False,True,2.1440757932898475,1.8520239240816387,0.2920518692082088,-0.4855850794196309,25.32
lrswm_lora_r16_lr1e4_s43,lrswm,Llama-Math (lrswm),Llama-2-7B,math,sweep,lora,LoRA,0.0001,43.0,lrswm_lora_r16_lr1e4,False,False,True,2.084843762808392,1.810069211692996,0.2747745511153956,-0.4985299278995877,25.14
lrswm_lora_r16_lr1e4_s44,lrswm,Llama-Math (lrswm),Llama-2-7B,math,sweep,lora,LoRA,0.0001,44.0,lrswm_lora_r16_lr1e4,False,False,True,2.080717501356621,1.810069211692996,0.2706482896636257,-0.4970269409343685,25.06
lrswm_lora_r16_lr2e4_s42,lrswm,Llama-Math (lrswm),Llama-2-7B,math,sweep,lora,LoRA,0.0002,42.0,lrswm_lora_r16_lr2e4,False,False,True,2.143005645946444,1.8520239240816387,0.2909817218648052,-0.4180503416266821,23.57
lrswm_lora_r16_lr2e4_s43,lrswm,Llama-Math (lrswm),Llama-2-7B,math,sweep,lora,LoRA,0.0002,43.0,lrswm_lora_r16_lr2e4,False,False,True,2.095213061432722,1.810069211692996,0.285143849739726,-0.402195157595707,24.64
lrswm_lora_r16_lr2e4_s44,lrswm,Llama-Math (lrswm),Llama-2-7B,math,sweep,lora,LoRA,0.0002,44.0,lrswm_lora_r16_lr2e4,False,False,True,2.0960288423871924,1.810069211692996,0.2859596306941967,-0.4242350194632806,24.3
lrswm_lora_r16_lr2e5_s42,lrswm,Llama-Math (lrswm),Llama-2-7B,math,sweep,lora,LoRA,2e-05,42.0,lrswm_lora_r16_lr2e5,False,False,True,1.9127797898096408,1.8520239240816387,0.0607558657280018,-0.4803032328401469,26.07
lrswm_lora_r16_lr2e5_s43,lrswm,Llama-Math (lrswm),Llama-2-7B,math,sweep,lora,LoRA,2e-05,43.0,lrswm_lora_r16_lr2e5,False,False,True,1.871270961899134,1.810069211692996,0.0612017502061383,-0.4788619162959637,26.02
lrswm_lora_r16_lr2e5_s44,lrswm,Llama-Math (lrswm),Llama-2-7B,math,sweep,lora,LoRA,2e-05,44.0,lrswm_lora_r16_lr2e5,False,False,True,1.8754379517948685,1.810069211692996,0.0653687401018727,-0.4766437933452072,26.06
lrswm_lora_r16_lr3e4_s42,lrswm,Llama-Math (lrswm),Llama-2-7B,math,sweep,lora,LoRA,0.0003,42.0,lrswm_lora_r16_lr3e4,False,False,True,2.244210448667214,1.8520239240816387,0.3921865245855751,-0.2843308575990098,22.86
lrswm_lora_r16_lr3e4_s43,lrswm,Llama-Math (lrswm),Llama-2-7B,math,sweep,lora,LoRA,0.0003,43.0,lrswm_lora_r16_lr3e4,False,False,True,2.216288150471569,1.810069211692996,0.4062189387785737,-0.3016384339448902,23.71
lrswm_lora_r16_lr3e4_s44,lrswm,Llama-Math (lrswm),Llama-2-7B,math,sweep,lora,LoRA,0.0003,44.0,lrswm_lora_r16_lr3e4,False,False,True,2.1961230878927367,1.810069211692996,0.3860538761997409,-0.3087416418668887,23.88
lrswm_lora_r16_lr5e4_s42,lrswm,Llama-Math (lrswm),Llama-2-7B,math,sweep,lora,LoRA,0.0005,42.0,lrswm_lora_r16_lr5e4,False,False,True,2.5792997303866105,1.8520239240816387,0.7272758063049718,-0.1120452961911984,20.98
lrswm_lora_r16_lr5e4_s43,lrswm,Llama-Math (lrswm),Llama-2-7B,math,sweep,lora,LoRA,0.0005,43.0,lrswm_lora_r16_lr5e4,False,False,True,2.4995272521364487,1.810069211692996,0.6894580404434529,-0.1145256971708426,20.98
lrswm_lora_r16_lr5e4_s44,lrswm,Llama-Math (lrswm),Llama-2-7B,math,sweep,lora,LoRA,0.0005,44.0,lrswm_lora_r16_lr5e4,False,False,True,2.4916844220533174,1.810069211692996,0.6816152103603217,-0.1138478180292033,21.3
lrswm_lora_r16_lr5e5_s42,lrswm,Llama-Math (lrswm),Llama-2-7B,math,sweep,lora,LoRA,5e-05,42.0,lrswm_lora_r16_lr5e5,False,False,True,2.091493242783486,1.8520239240816387,0.2394693187018473,-0.4497716469449059,24.89
lrswm_lora_r16_lr5e5_s43,lrswm,Llama-Math (lrswm),Llama-2-7B,math,sweep,lora,LoRA,5e-05,43.0,lrswm_lora_r16_lr5e5,False,False,True,2.0474077338355605,1.810069211692996,0.2373385221425648,-0.4446636720047332,25.82
lrswm_lora_r16_lr5e5_s44,lrswm,Llama-Math (lrswm),Llama-2-7B,math,sweep,lora,LoRA,5e-05,44.0,lrswm_lora_r16_lr5e5,False,False,True,2.0266277359175087,1.810069211692996,0.2165585242245129,-0.4450265416667601,25.51
lrswm_lorawd_wd0p3_lr1e3_s42,lrswm,Llama-Math (lrswm),Llama-2-7B,math,sweep,lorawd,LoRA+wd,0.001,42.0,lrswm_lorawd_wd0p3_lr1e3,False,False,True,2.2907579486607186,1.8520239240816387,0.4387340245790798,-0.2855864077128788,22.32
lrswm_lorawd_wd0p3_lr1e3_s43,lrswm,Llama-Math (lrswm),Llama-2-7B,math,sweep,lorawd,LoRA+wd,0.001,43.0,lrswm_lorawd_wd0p3_lr1e3,False,False,True,2.2948955328680105,1.8520239240816387,0.4428716087863718,-0.251424383069008,22.59
lrswm_lorawd_wd0p3_lr1e3_s44,lrswm,Llama-Math (lrswm),Llama-2-7B,math,sweep,lorawd,LoRA+wd,0.001,44.0,lrswm_lorawd_wd0p3_lr1e3,False,False,True,2.2508834452451136,1.810069211692996,0.4408142335521179,-0.2602694714352825,22.48
lrswm_lorawd_wd0p3_lr1e4_s42,lrswm,Llama-Math (lrswm),Llama-2-7B,math,sweep,lorawd,LoRA+wd,0.0001,42.0,lrswm_lorawd_wd0p3_lr1e4,False,False,True,2.0256795699150967,1.8520239240816387,0.1736556458334579,-0.5890541413122256,25.72
lrswm_lorawd_wd0p3_lr1e4_s43,lrswm,Llama-Math (lrswm),Llama-2-7B,math,sweep,lorawd,LoRA+wd,0.0001,43.0,lrswm_lorawd_wd0p3_lr1e4,False,False,True,2.0213657306726227,1.8520239240816387,0.1693418065909839,-0.5953372991262778,25.78
lrswm_lorawd_wd0p3_lr1e4_s44,lrswm,Llama-Math (lrswm),Llama-2-7B,math,sweep,lorawd,LoRA+wd,0.0001,44.0,lrswm_lorawd_wd0p3_lr1e4,False,False,True,1.9787553999005745,1.810069211692996,0.1686861882075787,-0.5984271543235541,25.8
lrswm_lorawd_wd0p3_lr2e4_s42,lrswm,Llama-Math (lrswm),Llama-2-7B,math,sweep,lorawd,LoRA+wd,0.0002,42.0,lrswm_lorawd_wd0p3_lr2e4,False,False,True,2.079093066596293,1.8520239240816387,0.2270691425146545,-0.5403060235220295,25.53
lrswm_lorawd_wd0p3_lr2e4_s43,lrswm,Llama-Math (lrswm),Llama-2-7B,math,sweep,lorawd,LoRA+wd,0.0002,43.0,lrswm_lorawd_wd0p3_lr2e4,False,False,True,2.029886259612379,1.810069211692996,0.2198170479193832,-0.5377517846450026,25.38
lrswm_lorawd_wd0p3_lr2e4_s44,lrswm,Llama-Math (lrswm),Llama-2-7B,math,sweep,lorawd,LoRA+wd,0.0002,44.0,lrswm_lorawd_wd0p3_lr2e4,False,False,True,2.031978237363412,1.810069211692996,0.2219090256704163,-0.5468346074741428,25.58
lrswm_lorawd_wd0p3_lr2e5_s42,lrswm,Llama-Math (lrswm),Llama-2-7B,math,sweep,lorawd,LoRA+wd,2e-05,42.0,lrswm_lorawd_wd0p3_lr2e5,False,False,True,1.924137192822157,1.8520239240816387,0.0721132687405183,-0.4949857599158929,26.2
lrswm_lorawd_wd0p3_lr2e5_s43,lrswm,Llama-Math (lrswm),Llama-2-7B,math,sweep,lorawd,LoRA+wd,2e-05,43.0,lrswm_lorawd_wd0p3_lr2e5,False,False,True,2.0435605386893334,1.810069211692996,0.2334913269963376,-0.4847886956721981,26.4
lrswm_lorawd_wd0p3_lr2e5_s44,lrswm,Llama-Math (lrswm),Llama-2-7B,math,sweep,lorawd,LoRA+wd,2e-05,44.0,lrswm_lorawd_wd0p3_lr2e5,False,False,True,2.039150125081834,1.810069211692996,0.2290809133888383,-0.4735314875305225,25.98
lrswm_lorawd_wd0p3_lr3e4_s42,lrswm,Llama-Math (lrswm),Llama-2-7B,math,sweep,lorawd,LoRA+wd,0.0003,42.0,lrswm_lorawd_wd0p3_lr3e4,False,False,True,2.1280944425220443,1.8520239240816387,0.2760705184404055,-0.4446636720047332,24.43
lrswm_lorawd_wd0p3_lr3e4_s43,lrswm,Llama-Math (lrswm),Llama-2-7B,math,sweep,lorawd,LoRA+wd,0.0003,43.0,lrswm_lorawd_wd0p3_lr3e4,False,False,True,2.077228152278935,1.810069211692996,0.2671589405859393,-0.4606729364606249,25.28
lrswm_lorawd_wd0p3_lr3e4_s44,lrswm,Llama-Math (lrswm),Llama-2-7B,math,sweep,lorawd,LoRA+wd,0.0003,44.0,lrswm_lorawd_wd0p3_lr3e4,False,False,True,2.1405347102531587,1.810069211692996,0.3304654985601629,-0.4540746706441572,24.92
lrswm_lorawd_wd0p3_lr5e4_s42,lrswm,Llama-Math (lrswm),Llama-2-7B,math,sweep,lorawd,LoRA+wd,0.0005,42.0,lrswm_lorawd_wd0p3_lr5e4,False,False,True,2.1784168521638767,1.8520239240816387,0.3263929280822379,-0.3989182722159767,24.57
lrswm_lorawd_wd0p3_lr5e4_s43,lrswm,Llama-Math (lrswm),Llama-2-7B,math,sweep,lorawd,LoRA+wd,0.0005,43.0,lrswm_lorawd_wd0p3_lr5e4,False,False,True,2.1713134127229474,1.810069211692996,0.3612442010299517,-0.3945872018469488,24.12
lrswm_lorawd_wd0p3_lr5e4_s44,lrswm,Llama-Math (lrswm),Llama-2-7B,math,sweep,lorawd,LoRA+wd,0.0005,44.0,lrswm_lorawd_wd0p3_lr5e4,False,False,True,2.161003124145504,1.810069211692996,0.3509339124525079,-0.3757179041643317,23.94
lrswm_lorawd_wd0p3_lr5e5_s42,lrswm,Llama-Math (lrswm),Llama-2-7B,math,sweep,lorawd,LoRA+wd,5e-05,42.0,lrswm_lorawd_wd0p3_lr5e5,False,False,True,2.099409684007137,1.8520239240816387,0.247385759925498,-0.5282683485199489,25.42
lrswm_lorawd_wd0p3_lr5e5_s43,lrswm,Llama-Math (lrswm),Llama-2-7B,math,sweep,lorawd,LoRA+wd,5e-05,43.0,lrswm_lorawd_wd0p3_lr5e5,False,False,True,2.052420503371391,1.810069211692996,0.2423512916783952,-0.5269511949114623,25.5
lrswm_lorawd_wd0p3_lr5e5_s44,lrswm,Llama-Math (lrswm),Llama-2-7B,math,sweep,lorawd,LoRA+wd,5e-05,44.0,lrswm_lorawd_wd0p3_lr5e5,False,False,True,1.9306757249260715,1.810069211692996,0.1206065132330758,-0.5341711846425635,25.81
lrswm_milora_r32_lr1e3_s42,lrswm,Llama-Math (lrswm),Llama-2-7B,math,sweep,milora,MiLoRA,0.001,42.0,lrswm_milora_r32_lr1e3,False,False,True,3.436705591410807,1.8520239240816387,1.5846816673291682,0.112068504268197,18.95
lrswm_milora_r32_lr1e3_s43,lrswm,Llama-Math (lrswm),Llama-2-7B,math,sweep,milora,MiLoRA,0.001,43.0,lrswm_milora_r32_lr1e3,False,False,True,3.469605567174411,1.810069211692996,1.659536355481415,0.1093422696379732,17.94
lrswm_milora_r32_lr1e3_s44,lrswm,Llama-Math (lrswm),Llama-2-7B,math,sweep,milora,MiLoRA,0.001,44.0,lrswm_milora_r32_lr1e3,False,False,True,3.5336456461023853,1.810069211692996,1.7235764344093896,0.1272020175903533,18.26
lrswm_milora_r32_lr1e4_s42,lrswm,Llama-Math (lrswm),Llama-2-7B,math,sweep,milora,MiLoRA,0.0001,42.0,lrswm_milora_r32_lr1e4,False,False,True,2.1422739594761966,1.8520239240816387,0.2902500353945578,-0.5777385491863973,25.66
lrswm_milora_r32_lr1e4_s43,lrswm,Llama-Math (lrswm),Llama-2-7B,math,sweep,milora,MiLoRA,0.0001,43.0,lrswm_milora_r32_lr1e4,False,False,True,2.013982161436957,1.810069211692996,0.2039129497439613,-0.5887170869826158,25.84
lrswm_milora_r32_lr1e4_s44,lrswm,Llama-Math (lrswm),Llama-2-7B,math,sweep,milora,MiLoRA,0.0001,44.0,lrswm_milora_r32_lr1e4,False,False,True,2.0106139866442483,1.810069211692996,0.2005447749512525,-0.5872035712834566,25.72
lrswm_milora_r32_lr2e4_s42,lrswm,Llama-Math (lrswm),Llama-2-7B,math,sweep,milora,MiLoRA,0.0002,42.0,lrswm_milora_r32_lr2e4,False,False,True,2.2863726882047626,1.8520239240816387,0.4343487641231238,-0.4657199947949185,24.6
lrswm_milora_r32_lr2e4_s43,lrswm,Llama-Math (lrswm),Llama-2-7B,math,sweep,milora,MiLoRA,0.0002,43.0,lrswm_milora_r32_lr2e4,False,False,True,2.1706973022413454,1.810069211692996,0.3606280905483496,-0.4925489390980302,24.84
lrswm_milora_r32_lr2e4_s44,lrswm,Llama-Math (lrswm),Llama-2-7B,math,sweep,milora,MiLoRA,0.0002,44.0,lrswm_milora_r32_lr2e4,False,False,True,2.2306385291575763,1.810069211692996,0.4205693174645806,-0.4801720062242812,24.92
lrswm_milora_r32_lr2e5_s42,lrswm,Llama-Math (lrswm),Llama-2-7B,math,sweep,milora,MiLoRA,2e-05,42.0,lrswm_milora_r32_lr2e5,False,False,True,1.9249709554982053,1.8520239240816387,0.0729470314165665,-0.5663901566762818,25.35
lrswm_milora_r32_lr2e5_s43,lrswm,Llama-Math (lrswm),Llama-2-7B,math,sweep,milora,MiLoRA,2e-05,43.0,lrswm_milora_r32_lr2e5,False,False,True,1.8823985291370195,1.810069211692996,0.0723293174440238,-0.5686362358410126,25.3
lrswm_milora_r32_lr2e5_s44,lrswm,Llama-Math (lrswm),Llama-2-7B,math,sweep,milora,MiLoRA,2e-05,44.0,lrswm_milora_r32_lr2e5,False,False,True,1.881207205910536,1.810069211692996,0.07113799421754,-0.5643148620583701,25.68
lrswm_milora_r32_lr3e4_s42,lrswm,Llama-Math (lrswm),Llama-2-7B,math,sweep,milora,MiLoRA,0.0003,42.0,lrswm_milora_r32_lr3e4,False,False,True,2.336056564985544,1.8520239240816387,0.4840326409039051,-0.3298469548078198,24.16
lrswm_milora_r32_lr3e4_s43,lrswm,Llama-Math (lrswm),Llama-2-7B,math,sweep,milora,MiLoRA,0.0003,43.0,lrswm_milora_r32_lr3e4,False,False,True,2.292267682186269,1.810069211692996,0.4821984704932738,-0.3368646850422458,23.04
lrswm_milora_r32_lr3e4_s44,lrswm,Llama-Math (lrswm),Llama-2-7B,math,sweep,milora,MiLoRA,0.0003,44.0,lrswm_milora_r32_lr3e4,False,False,True,2.280681682247089,1.810069211692996,0.4706124705540933,-0.3540867249661558,23.96
lrswm_milora_r32_lr5e4_s42,lrswm,Llama-Math (lrswm),Llama-2-7B,math,sweep,milora,MiLoRA,0.0005,42.0,lrswm_milora_r32_lr5e4,False,False,True,2.5920985493113826,1.8520239240816387,0.7400746252297439,-0.1855526214775123,22.42
lrswm_milora_r32_lr5e4_s43,lrswm,Llama-Math (lrswm),Llama-2-7B,math,sweep,milora,MiLoRA,0.0005,43.0,lrswm_milora_r32_lr5e4,False,False,True,2.551837578082487,1.810069211692996,0.7417683663894914,-0.1638025192210746,21.45
lrswm_milora_r32_lr5e4_s44,lrswm,Llama-Math (lrswm),Llama-2-7B,math,sweep,milora,MiLoRA,0.0005,44.0,lrswm_milora_r32_lr5e4,False,False,True,2.542353102629059,1.810069211692996,0.7322838909360632,-0.1572036048244198,21.71
lrswm_milora_r32_lr5e5_s42,lrswm,Llama-Math (lrswm),Llama-2-7B,math,sweep,milora,MiLoRA,5e-05,42.0,lrswm_milora_r32_lr5e5,False,False,True,1.9751068167973496,1.8520239240816387,0.1230828927157108,-0.544850478820172,25.24
lrswm_milora_r32_lr5e5_s43,lrswm,Llama-Math (lrswm),Llama-2-7B,math,sweep,milora,MiLoRA,5e-05,43.0,lrswm_milora_r32_lr5e5,False,False,True,1.9312301290451896,1.810069211692996,0.1211609173521941,-0.5477534254795628,25.94
lrswm_milora_r32_lr5e5_s44,lrswm,Llama-Math (lrswm),Llama-2-7B,math,sweep,milora,MiLoRA,5e-05,44.0,lrswm_milora_r32_lr5e5,False,False,True,1.9311247651434564,1.810069211692996,0.1210555534504607,-0.5483670525430092,25.4
lrswm_sclora_r32_lr1e3_s43,lrswm,Llama-Math (lrswm),Llama-2-7B,math,sweep,sclora,SC-LoRA,0.001,43.0,lrswm_sclora_r32_lr1e3,False,False,True,4.18167166984488,1.810069211692996,2.371602458151884,0.2151085810530932,12.5
lrswm_sclora_r32_lr1e3_s44,lrswm,Llama-Math (lrswm),Llama-2-7B,math,sweep,sclora,SC-LoRA,0.001,44.0,lrswm_sclora_r32_lr1e3,False,False,True,4.362299518784735,1.810069211692996,2.55223030709174,0.2218834917852404,6.76
lrswm_sclora_r32_lr1e4_s43,lrswm,Llama-Math (lrswm),Llama-2-7B,math,sweep,sclora,SC-LoRA,0.0001,43.0,lrswm_sclora_r32_lr1e4,False,False,True,2.1463121395241505,1.810069211692996,0.3362429278311547,-0.4082677610481644,22.53
lrswm_sclora_r32_lr1e4_s44,lrswm,Llama-Math (lrswm),Llama-2-7B,math,sweep,sclora,SC-LoRA,0.0001,44.0,lrswm_sclora_r32_lr1e4,False,False,True,2.170630897460693,1.810069211692996,0.3605616857676972,-0.4081565887752155,22.81
lrswm_sclora_r32_lr2e4_s43,lrswm,Llama-Math (lrswm),Llama-2-7B,math,sweep,sclora,SC-LoRA,0.0002,43.0,lrswm_sclora_r32_lr2e4,False,False,True,2.415818903752394,1.810069211692996,0.6057496920593983,-0.2562551214075387,19.87
lrswm_sclora_r32_lr2e4_s44,lrswm,Llama-Math (lrswm),Llama-2-7B,math,sweep,sclora,SC-LoRA,0.0002,44.0,lrswm_sclora_r32_lr2e4,False,False,True,2.4226146064714853,1.810069211692996,0.6125453947784896,-0.2639223629960542,20.74
lrswm_sclora_r32_lr2e5_s42,lrswm,Llama-Math (lrswm),Llama-2-7B,math,sweep,sclora,SC-LoRA,2e-05,42.0,lrswm_sclora_r32_lr2e5,False,False,True,2.0687628109568204,1.8520239240816387,0.2167388868751816,-0.54500278269054,23.94
lrswm_sclora_r32_lr2e5_s43,lrswm,Llama-Math (lrswm),Llama-2-7B,math,sweep,sclora,SC-LoRA,2e-05,43.0,lrswm_sclora_r32_lr2e5,False,False,True,1.9615557787749875,1.810069211692996,0.1514865670819918,-0.7983298203534185,26.03
lrswm_sclora_r32_lr2e5_s44,lrswm,Llama-Math (lrswm),Llama-2-7B,math,sweep,sclora,SC-LoRA,2e-05,44.0,lrswm_sclora_r32_lr2e5,False,False,True,1.9615575964532064,1.810069211692996,0.1514883847602108,-0.7969671129852894,25.81
lrswm_sclora_r32_lr3e4_s43,lrswm,Llama-Math (lrswm),Llama-2-7B,math,sweep,sclora,SC-LoRA,0.0003,43.0,lrswm_sclora_r32_lr3e4,False,False,True,2.62973707953305,1.810069211692996,0.8196678678400542,-0.1590787998012282,18.19
lrswm_sclora_r32_lr3e4_s44,lrswm,Llama-Math (lrswm),Llama-2-7B,math,sweep,sclora,SC-LoRA,0.0003,44.0,lrswm_sclora_r32_lr3e4,False,False,True,2.633939188366392,1.810069211692996,0.8238699766733963,-0.1509493094304878,19.3
lrswm_sclora_r32_lr5e4_s43,lrswm,Llama-Math (lrswm),Llama-2-7B,math,sweep,sclora,SC-LoRA,0.0005,43.0,lrswm_sclora_r32_lr5e4,False,False,True,2.945713116469806,1.810069211692996,1.13564390477681,-0.021636852916117,18.01
lrswm_sclora_r32_lr5e4_s44,lrswm,Llama-Math (lrswm),Llama-2-7B,math,sweep,sclora,SC-LoRA,0.0005,44.0,lrswm_sclora_r32_lr5e4,False,False,True,3.00237033510051,1.8520239240816387,1.1503464110188713,-0.0098832339320955,18.27
lrswm_sclora_r32_lr5e5_s43,lrswm,Llama-Math (lrswm),Llama-2-7B,math,sweep,sclora,SC-LoRA,5e-05,43.0,lrswm_sclora_r32_lr5e5,False,False,True,1.9997299575821663,1.810069211692996,0.1896607458891708,-0.5696024086130332,24.24
lrswm_sclora_r32_lr5e5_s44,lrswm,Llama-Math (lrswm),Llama-2-7B,math,sweep,sclora,SC-LoRA,5e-05,44.0,lrswm_sclora_r32_lr5e5,False,False,True,2.0109179010839537,1.810069211692996,0.200848689390958,-0.5659103615821093,24.88
qwsw_clora_k1024_lr1e3_s42,qwsw,Qwen-CS (qwsw),Qwen-2.5-7B,cs,sweep,clora,CLoRA,0.001,42.0,qwsw_clora_k1024_lr1e3,False,False,True,,,,-0.1646265475299912,7.9
qwsw_clora_k1024_lr1e3_s43,qwsw,Qwen-CS (qwsw),Qwen-2.5-7B,cs,sweep,clora,CLoRA,0.001,43.0,qwsw_clora_k1024_lr1e3,False,False,True,2.905131544685592,1.9346918347336524,0.9704397099519392,-0.1666616110606023,14.82
qwsw_clora_k1024_lr1e3_s44,qwsw,Qwen-CS (qwsw),Qwen-2.5-7B,cs,sweep,clora,CLoRA,0.001,44.0,qwsw_clora_k1024_lr1e3,False,False,True,2.950490460527875,1.9346918347336524,1.0157986257942224,-0.1583902878315645,6.32
qwsw_clora_k1024_lr1e4_s42,qwsw,Qwen-CS (qwsw),Qwen-2.5-7B,cs,sweep,clora,CLoRA,0.0001,42.0,qwsw_clora_k1024_lr1e4,False,False,True,,,,-0.8877302315827293,37.96
qwsw_clora_k1024_lr1e4_s43,qwsw,Qwen-CS (qwsw),Qwen-2.5-7B,cs,sweep,clora,CLoRA,0.0001,43.0,qwsw_clora_k1024_lr1e4,False,False,True,2.062429625193569,1.9346918347336524,0.1277377904599168,-0.8975662943186637,39.64
qwsw_clora_k1024_lr1e4_s44,qwsw,Qwen-CS (qwsw),Qwen-2.5-7B,cs,sweep,clora,CLoRA,0.0001,44.0,qwsw_clora_k1024_lr1e4,False,False,True,2.0714655360412517,1.9346918347336524,0.1367737013075989,-0.8900841369762067,39.74
qwsw_clora_k1024_lr1e4_s45,qwsw,Qwen-CS (qwsw),Qwen-2.5-7B,cs,sweep,clora,CLoRA,0.0001,45.0,qwsw_clora_k1024_lr1e4,False,False,True,2.061744711565904,1.9346918347336524,0.1270528768322512,-0.8914349762671656,40.72
qwsw_clora_k1024_lr2e4_s42,qwsw,Qwen-CS (qwsw),Qwen-2.5-7B,cs,sweep,clora,CLoRA,0.0002,42.0,qwsw_clora_k1024_lr2e4,False,False,True,,,,-0.6759234202605136,38.92
qwsw_clora_k1024_lr2e4_s43,qwsw,Qwen-CS (qwsw),Qwen-2.5-7B,cs,sweep,clora,CLoRA,0.0002,43.0,qwsw_clora_k1024_lr2e4,False,False,True,2.1846737900870177,1.8790178806577968,0.3056559094292208,-0.6683702823700677,39.89
qwsw_clora_k1024_lr2e4_s44,qwsw,Qwen-CS (qwsw),Qwen-2.5-7B,cs,sweep,clora,CLoRA,0.0002,44.0,qwsw_clora_k1024_lr2e4,False,False,True,2.218228212382734,1.9346918347336524,0.2835363776490816,-0.6655462488490691,38.82
qwsw_clora_k1024_lr2e4_s45,qwsw,Qwen-CS (qwsw),Qwen-2.5-7B,cs,sweep,clora,CLoRA,0.0002,45.0,qwsw_clora_k1024_lr2e4,False,False,True,2.231274525339065,1.9346918347336524,0.2965826906054127,-0.6813107300522541,40.64
qwsw_clora_k1024_lr2e5_s42,qwsw,Qwen-CS (qwsw),Qwen-2.5-7B,cs,sweep,clora,CLoRA,2e-05,42.0,qwsw_clora_k1024_lr2e5,False,False,True,,,,-1.0726296369609765,37.44
qwsw_clora_k1024_lr2e5_s43,qwsw,Qwen-CS (qwsw),Qwen-2.5-7B,cs,sweep,clora,CLoRA,2e-05,43.0,qwsw_clora_k1024_lr2e5,False,False,True,1.9963763936370789,1.9346918347336524,0.0616845589034265,-1.079876673709276,37.9
qwsw_clora_k1024_lr2e5_s44,qwsw,Qwen-CS (qwsw),Qwen-2.5-7B,cs,sweep,clora,CLoRA,2e-05,44.0,qwsw_clora_k1024_lr2e5,False,False,True,1.9926440228621627,1.9346918347336524,0.0579521881285103,-1.0767559813697234,37.45
qwsw_clora_k1024_lr3e4_s42,qwsw,Qwen-CS (qwsw),Qwen-2.5-7B,cs,sweep,clora,CLoRA,0.0003,42.0,qwsw_clora_k1024_lr3e4,False,False,True,,,,-0.5428753736965912,36.65
qwsw_clora_k1024_lr3e4_s43,qwsw,Qwen-CS (qwsw),Qwen-2.5-7B,cs,sweep,clora,CLoRA,0.0003,43.0,qwsw_clora_k1024_lr3e4,False,False,True,2.3892735097235027,1.9346918347336524,0.4545816749898503,-0.5428753736965912,37.88
qwsw_clora_k1024_lr3e4_s44,qwsw,Qwen-CS (qwsw),Qwen-2.5-7B,cs,sweep,clora,CLoRA,0.0003,44.0,qwsw_clora_k1024_lr3e4,False,False,True,2.387041065265457,1.9346918347336524,0.4523492305318046,-0.535212480354063,37.94
qwsw_clora_k1024_lr5e4_s42,qwsw,Qwen-CS (qwsw),Qwen-2.5-7B,cs,sweep,clora,CLoRA,0.0005,42.0,qwsw_clora_k1024_lr5e4,False,False,True,,,,-0.3634118162701577,31.62
qwsw_clora_k1024_lr5e4_s43,qwsw,Qwen-CS (qwsw),Qwen-2.5-7B,cs,sweep,clora,CLoRA,0.0005,43.0,qwsw_clora_k1024_lr5e4,False,False,True,2.6530299315739323,1.9346918347336524,0.7183380968402799,-0.3791355247348789,33.18
qwsw_clora_k1024_lr5e4_s44,qwsw,Qwen-CS (qwsw),Qwen-2.5-7B,cs,sweep,clora,CLoRA,0.0005,44.0,qwsw_clora_k1024_lr5e4,False,False,True,2.6208615978145984,1.9346918347336524,0.686169763080946,-0.3651198592334737,32.98
qwsw_clora_k1024_lr5e5_s42,qwsw,Qwen-CS (qwsw),Qwen-2.5-7B,cs,sweep,clora,CLoRA,5e-05,42.0,qwsw_clora_k1024_lr5e5,False,False,True,,,,-1.0190880622231564,39.06
qwsw_clora_k1024_lr5e5_s43,qwsw,Qwen-CS (qwsw),Qwen-2.5-7B,cs,sweep,clora,CLoRA,5e-05,43.0,qwsw_clora_k1024_lr5e5,False,False,True,2.0078319229101464,1.9346918347336524,0.073140088176494,-1.0114410431213845,38.94
qwsw_clora_k1024_lr5e5_s44,qwsw,Qwen-CS (qwsw),Qwen-2.5-7B,cs,sweep,clora,CLoRA,5e-05,44.0,qwsw_clora_k1024_lr5e5,False,False,True,2.0135858449436914,1.9346918347336524,0.078894010210039,-1.0181813928293364,39.34
qwsw_corda_r16_lr2e5_s42,qwsw,Qwen-CS (qwsw),Qwen-2.5-7B,cs,sweep,corda,CorDA (withheld),2e-05,42.0,qwsw_corda_r16_lr2e5,True,False,False,,,,-0.6165437034752469,27.27
qwsw_corda_r16_lr2e5_s43,qwsw,Qwen-CS (qwsw),Qwen-2.5-7B,cs,sweep,corda,CorDA (withheld),2e-05,43.0,qwsw_corda_r16_lr2e5,True,False,False,1.996321343060672,1.9346918347336524,0.0616295083270197,-1.0371573187987575,39.63
qwsw_corda_r16_lr2e5_s44,qwsw,Qwen-CS (qwsw),Qwen-2.5-7B,cs,sweep,corda,CorDA (withheld),2e-05,44.0,qwsw_corda_r16_lr2e5,True,False,False,1.9436526131089595,1.8790178806577968,0.0646347324511624,-1.0404816230270018,39.84
qwsw_corda_r16_lr5e5_s43,qwsw,Qwen-CS (qwsw),Qwen-2.5-7B,cs,sweep,corda,CorDA (withheld),5e-05,43.0,qwsw_corda_r16_lr5e5,True,False,False,2.0638568326033413,1.9346918347336524,0.1291649978696889,-0.8972233851165586,38.78
qwsw_corda_r16_lr5e5_s44,qwsw,Qwen-CS (qwsw),Qwen-2.5-7B,cs,sweep,corda,CorDA (withheld),5e-05,44.0,qwsw_corda_r16_lr5e5,True,False,False,2.060241270594773,1.9346918347336524,0.1255494358611204,-0.9030899869919436,38.79
qwsw_dora_r16_lr1e3_s42,qwsw,Qwen-CS (qwsw),Qwen-2.5-7B,cs,sweep,dora,DoRA,0.001,42.0,qwsw_dora_r16_lr1e3,False,False,True,,,,0.0799044676667207,6.96
qwsw_dora_r16_lr1e3_s43,qwsw,Qwen-CS (qwsw),Qwen-2.5-7B,cs,sweep,dora,DoRA,0.001,43.0,qwsw_dora_r16_lr1e3,False,False,True,3.208409450274521,1.9346918347336524,1.2737176155408685,0.0525015634137808,16.65
qwsw_dora_r16_lr1e3_s44,qwsw,Qwen-CS (qwsw),Qwen-2.5-7B,cs,sweep,dora,DoRA,0.001,44.0,qwsw_dora_r16_lr1e3,False,False,True,3.212299451552984,1.9346918347336524,1.277607616819331,0.0578942197245302,9.52
qwsw_dora_r16_lr1e4_s42,qwsw,Qwen-CS (qwsw),Qwen-2.5-7B,cs,sweep,dora,DoRA,0.0001,42.0,qwsw_dora_r16_lr1e4,False,False,True,,,,-0.7986028756795485,38.5
qwsw_dora_r16_lr2e4_s42,qwsw,Qwen-CS (qwsw),Qwen-2.5-7B,cs,sweep,dora,DoRA,0.0002,42.0,qwsw_dora_r16_lr2e4,False,False,True,,,,-0.5779028368682897,36.98
qwsw_dora_r16_lr2e4_s43,qwsw,Qwen-CS (qwsw),Qwen-2.5-7B,cs,sweep,dora,DoRA,0.0002,43.0,qwsw_dora_r16_lr2e4,False,False,True,2.222975427727989,1.9346918347336524,0.2882835929943366,-0.5877074906769535,38.28
qwsw_dora_r16_lr2e4_s44,qwsw,Qwen-CS (qwsw),Qwen-2.5-7B,cs,sweep,dora,DoRA,0.0002,44.0,qwsw_dora_r16_lr2e4,False,False,True,2.213015974851559,1.9346918347336524,0.2783241401179066,-0.5870357280033373,38.88
qwsw_dora_r16_lr2e5_s42,qwsw,Qwen-CS (qwsw),Qwen-2.5-7B,cs,sweep,dora,DoRA,2e-05,42.0,qwsw_dora_r16_lr2e5,False,False,True,,,,-0.964970717797632,37.67
qwsw_dora_r16_lr3e4_s42,qwsw,Qwen-CS (qwsw),Qwen-2.5-7B,cs,sweep,dora,DoRA,0.0003,42.0,qwsw_dora_r16_lr3e4,False,False,True,,,,-0.4422522583585317,34.28
qwsw_dora_r16_lr5e4_s42,qwsw,Qwen-CS (qwsw),Qwen-2.5-7B,cs,sweep,dora,DoRA,0.0005,42.0,qwsw_dora_r16_lr5e4,False,False,True,,,,-0.2423003749122612,13.18
qwsw_dora_r16_lr5e4_s43,qwsw,Qwen-CS (qwsw),Qwen-2.5-7B,cs,sweep,dora,DoRA,0.0005,43.0,qwsw_dora_r16_lr5e4,False,False,True,3.012309618954639,1.9346918347336524,1.0776177842209864,-0.2392760278580483,24.64
qwsw_dora_r16_lr5e4_s44,qwsw,Qwen-CS (qwsw),Qwen-2.5-7B,cs,sweep,dora,DoRA,0.0005,44.0,qwsw_dora_r16_lr5e4,False,False,True,2.658365924195632,1.9346918347336524,0.7236740894619795,-0.241315150117559,11.16
qwsw_dora_r16_lr5e5_s42,qwsw,Qwen-CS (qwsw),Qwen-2.5-7B,cs,sweep,dora,DoRA,5e-05,42.0,qwsw_dora_r16_lr5e5,False,False,True,,,,-0.9219058495935892,38.39
qwsw_lora_null_r16_lr1e3_s42,qwsw,Qwen-CS (qwsw),Qwen-2.5-7B,cs,sweep,lora_null,LoRA-Null,0.001,42.0,qwsw_lora_null_r16_lr1e3,False,False,True,,,,-0.1631697135111211,12.2
qwsw_lora_null_r16_lr1e3_s43,qwsw,Qwen-CS (qwsw),Qwen-2.5-7B,cs,sweep,lora_null,LoRA-Null,0.001,43.0,qwsw_lora_null_r16_lr1e3,False,False,True,2.8189539774853127,1.9346918347336524,0.8842621427516604,-0.1782245328165365,9.56
qwsw_lora_null_r16_lr1e3_s44,qwsw,Qwen-CS (qwsw),Qwen-2.5-7B,cs,sweep,lora_null,LoRA-Null,0.001,44.0,qwsw_lora_null_r16_lr1e3,False,False,True,2.827263739067297,1.9346918347336524,0.8925719043336442,-0.1467277759793167,6.92
qwsw_lora_null_r16_lr1e4_s42,qwsw,Qwen-CS (qwsw),Qwen-2.5-7B,cs,sweep,lora_null,LoRA-Null,0.0001,42.0,qwsw_lora_null_r16_lr1e4,False,False,True,,,,-0.8814046347762381,37.64
qwsw_lora_null_r16_lr1e4_s43,qwsw,Qwen-CS (qwsw),Qwen-2.5-7B,cs,sweep,lora_null,LoRA-Null,0.0001,43.0,qwsw_lora_null_r16_lr1e4,False,False,True,2.031497771579986,1.9346918347336524,0.0968059368463336,-0.8914349762671656,40.51
qwsw_lora_null_r16_lr1e4_s44,qwsw,Qwen-CS (qwsw),Qwen-2.5-7B,cs,sweep,lora_null,LoRA-Null,0.0001,44.0,qwsw_lora_null_r16_lr1e4,False,False,True,2.033550920527271,1.9346918347336524,0.0988590857936184,-0.8877302315827293,40.64
qwsw_lora_null_r16_lr2e4_s42,qwsw,Qwen-CS (qwsw),Qwen-2.5-7B,cs,sweep,lora_null,LoRA-Null,0.0002,42.0,qwsw_lora_null_r16_lr2e4,False,False,True,,,,-0.66334017654558,38.43
qwsw_lora_null_r16_lr2e4_s43,qwsw,Qwen-CS (qwsw),Qwen-2.5-7B,cs,sweep,lora_null,LoRA-Null,0.0002,43.0,qwsw_lora_null_r16_lr2e4,False,False,True,,,,-0.7057542838618818,39.72
qwsw_lora_null_r16_lr2e4_s44,qwsw,Qwen-CS (qwsw),Qwen-2.5-7B,cs,sweep,lora_null,LoRA-Null,0.0002,44.0,qwsw_lora_null_r16_lr2e4,False,False,True,2.139940110893013,1.9346918347336524,0.2052482761593608,-0.7035542057936037,38.69
qwsw_lora_null_r16_lr2e5_s42,qwsw,Qwen-CS (qwsw),Qwen-2.5-7B,cs,sweep,lora_null,LoRA-Null,2e-05,42.0,qwsw_lora_null_r16_lr2e5,False,False,True,,,,-1.1255181823005336,38.83
qwsw_lora_null_r16_lr2e5_s43,qwsw,Qwen-CS (qwsw),Qwen-2.5-7B,cs,sweep,lora_null,LoRA-Null,2e-05,43.0,qwsw_lora_null_r16_lr2e5,False,False,True,1.9645275493766257,1.9346918347336524,0.0298357146429735,-1.0958256317158366,39.9
qwsw_lora_null_r16_lr2e5_s44,qwsw,Qwen-CS (qwsw),Qwen-2.5-7B,cs,sweep,lora_null,LoRA-Null,2e-05,44.0,qwsw_lora_null_r16_lr2e5,False,False,True,1.9657045773885145,1.9346918347336524,0.031012742654862,-1.0958256317158366,39.67
qwsw_lora_null_r16_lr3e4_s42,qwsw,Qwen-CS (qwsw),Qwen-2.5-7B,cs,sweep,lora_null,LoRA-Null,0.0003,42.0,qwsw_lora_null_r16_lr3e4,False,False,True,,,,-0.5241835869686818,37.96
qwsw_lora_null_r16_lr3e4_s43,qwsw,Qwen-CS (qwsw),Qwen-2.5-7B,cs,sweep,lora_null,LoRA-Null,0.0003,43.0,qwsw_lora_null_r16_lr3e4,False,False,True,2.233242946285791,1.8790178806577968,0.3542250656279939,-0.5715412264844199,38.18
qwsw_lora_null_r16_lr3e4_s44,qwsw,Qwen-CS (qwsw),Qwen-2.5-7B,cs,sweep,lora_null,LoRA-Null,0.0003,44.0,qwsw_lora_null_r16_lr3e4,False,False,True,2.2700915034344256,1.9346918347336524,0.3353996687007732,-0.5697636465884895,37.7
qwsw_lora_null_r16_lr5e4_s42,qwsw,Qwen-CS (qwsw),Qwen-2.5-7B,cs,sweep,lora_null,LoRA-Null,0.0005,42.0,qwsw_lora_null_r16_lr5e4,False,False,True,,,,-0.3773715738706749,34.17
qwsw_lora_null_r16_lr5e4_s43,qwsw,Qwen-CS (qwsw),Qwen-2.5-7B,cs,sweep,lora_null,LoRA-Null,0.0005,43.0,qwsw_lora_null_r16_lr5e4,False,False,False,2.498640252092202,1.9346918347336524,0.5639484173585503,-0.3858412904908249,33.51
qwsw_lora_null_r16_lr5e4_s44,qwsw,Qwen-CS (qwsw),Qwen-2.5-7B,cs,sweep,lora_null,LoRA-Null,0.0005,44.0,qwsw_lora_null_r16_lr5e4,False,False,True,2.4801805494453117,1.8790178806577968,0.6011626687875145,-0.3692671071828035,16.66
qwsw_lora_null_r16_lr5e5_s42,qwsw,Qwen-CS (qwsw),Qwen-2.5-7B,cs,sweep,lora_null,LoRA-Null,5e-05,42.0,qwsw_lora_null_r16_lr5e5,False,False,True,,,,-0.9884295564027218,38.12
qwsw_lora_null_r16_lr5e5_s43,qwsw,Qwen-CS (qwsw),Qwen-2.5-7B,cs,sweep,lora_null,LoRA-Null,5e-05,43.0,qwsw_lora_null_r16_lr5e5,False,False,True,1.9938321530776943,1.9346918347336524,0.0591403183440419,-0.9677842967020184,39.73
qwsw_lora_null_r16_lr5e5_s44,qwsw,Qwen-CS (qwsw),Qwen-2.5-7B,cs,sweep,lora_null,LoRA-Null,5e-05,44.0,qwsw_lora_null_r16_lr5e5,False,False,True,1.9941492791671245,1.9346918347336524,0.0594574444334721,-0.971022294791222,38.94
qwsw_lora_null_r16_lr7e5_s42,qwsw,Qwen-CS (qwsw),Qwen-2.5-7B,cs,sweep,lora_null,LoRA-Null,7e-05,42.0,qwsw_lora_null_r16_lr7e5,False,False,True,2.0057360629713363,1.9346918347336524,0.0710442282376839,-0.9370421659154896,40.03
qwsw_lora_r16_lr15e5_s42,qwsw,Qwen-CS (qwsw),Qwen-2.5-7B,cs,sweep,lora,LoRA,0.00015,42.0,qwsw_lora_r16_lr15e5,False,False,True,2.1240611295910257,1.9346918347336524,0.1893692948573733,-0.678608721688311,38.39
qwsw_lora_r16_lr1e3_s42,qwsw,Qwen-CS (qwsw),Qwen-2.5-7B,cs,sweep,lora,LoRA,0.001,42.0,qwsw_lora_r16_lr1e3,False,False,True,,,,-0.0839147001562972,7.28
qwsw_lora_r16_lr1e3_s43,qwsw,Qwen-CS (qwsw),Qwen-2.5-7B,cs,sweep,lora,LoRA,0.001,43.0,qwsw_lora_r16_lr1e3,False,False,True,2.961941686033485,1.9346918347336524,1.0272498512998327,-0.0853924322289194,6.38
qwsw_lora_r16_lr1e3_s44,qwsw,Qwen-CS (qwsw),Qwen-2.5-7B,cs,sweep,lora,LoRA,0.001,44.0,qwsw_lora_r16_lr1e3,False,False,True,3.22347943445354,1.9346918347336524,1.2887875997198877,-0.0650472921821419,6.02
qwsw_lora_r16_lr1e4_s42,qwsw,Qwen-CS (qwsw),Qwen-2.5-7B,cs,sweep,lora,LoRA,0.0001,42.0,qwsw_lora_r16_lr1e4,False,False,True,,,,-0.7934439559009705,38.55
qwsw_lora_r16_lr1e4_s43,qwsw,Qwen-CS (qwsw),Qwen-2.5-7B,cs,sweep,lora,LoRA,0.0001,43.0,qwsw_lora_r16_lr1e4,False,False,True,,,,-0.7975116829399065,38.56
qwsw_lora_r16_lr1e4_s44,qwsw,Qwen-CS (qwsw),Qwen-2.5-7B,cs,sweep,lora,LoRA,0.0001,44.0,qwsw_lora_r16_lr1e4,False,False,True,,,,-0.7926349625309281,37.77
qwsw_lora_r16_lr2e4_s42,qwsw,Qwen-CS (qwsw),Qwen-2.5-7B,cs,sweep,lora,LoRA,0.0002,42.0,qwsw_lora_r16_lr2e4,False,False,True,,,,-0.5807052782465395,37.67
qwsw_lora_r16_lr2e4_s43,qwsw,Qwen-CS (qwsw),Qwen-2.5-7B,cs,sweep,lora,LoRA,0.0002,43.0,qwsw_lora_r16_lr2e4,False,False,True,2.1759598363369963,1.8790178806577968,0.2969419556791994,-0.5783960731301689,38.21
qwsw_lora_r16_lr2e4_s44,qwsw,Qwen-CS (qwsw),Qwen-2.5-7B,cs,sweep,lora,LoRA,0.0002,44.0,qwsw_lora_r16_lr2e4,False,False,True,2.2205735362094305,1.9346918347336524,0.2858817014757782,-0.5746288335610588,39.33
qwsw_lora_r16_lr2e5_s42,qwsw,Qwen-CS (qwsw),Qwen-2.5-7B,cs,sweep,lora,LoRA,2e-05,42.0,qwsw_lora_r16_lr2e5,False,False,True,,,,-0.9601894458516496,38.12
qwsw_lora_r16_lr2e5_s43,qwsw,Qwen-CS (qwsw),Qwen-2.5-7B,cs,sweep,lora,LoRA,2e-05,43.0,qwsw_lora_r16_lr2e5,False,False,True,1.9850346491063544,1.9346918347336524,0.050342814372702,-0.9669785553170892,38.38
qwsw_lora_r16_lr2e5_s44,qwsw,Qwen-CS (qwsw),Qwen-2.5-7B,cs,sweep,lora,LoRA,2e-05,44.0,qwsw_lora_r16_lr2e5,False,False,True,1.983745147375552,1.9346918347336524,0.0490533126418994,-0.9661743060466896,38.94
qwsw_lora_r16_lr3e4_s42,qwsw,Qwen-CS (qwsw),Qwen-2.5-7B,cs,sweep,lora,LoRA,0.0003,42.0,qwsw_lora_r16_lr3e4,False,False,True,,,,-0.4470885497834911,33.54
qwsw_lora_r16_lr3e4_s43,qwsw,Qwen-CS (qwsw),Qwen-2.5-7B,cs,sweep,lora,LoRA,0.0003,43.0,qwsw_lora_r16_lr3e4,False,False,True,2.369934944218889,1.9346918347336524,0.4352431094852371,-0.4404524444195656,36.06
qwsw_lora_r16_lr3e4_s44,qwsw,Qwen-CS (qwsw),Qwen-2.5-7B,cs,sweep,lora,LoRA,0.0003,44.0,qwsw_lora_r16_lr3e4,False,False,True,2.393254353968371,1.9346918347336524,0.4585625192347184,-0.4249276742861875,34.94
qwsw_lora_r16_lr5e4_s42,qwsw,Qwen-CS (qwsw),Qwen-2.5-7B,cs,sweep,lora,LoRA,0.0005,42.0,qwsw_lora_r16_lr5e4,False,False,True,,,,-0.2784366816425191,14.52
qwsw_lora_r16_lr5e4_s43,qwsw,Qwen-CS (qwsw),Qwen-2.5-7B,cs,sweep,lora,LoRA,0.0005,43.0,qwsw_lora_r16_lr5e4,False,False,True,2.626065011443537,1.9346918347336524,0.6913731767098845,-0.2767085535224161,15.4
qwsw_lora_r16_lr5e4_s44,qwsw,Qwen-CS (qwsw),Qwen-2.5-7B,cs,sweep,lora,LoRA,0.0005,44.0,qwsw_lora_r16_lr5e4,False,False,True,2.600966216027344,1.9346918347336524,0.6662743812936913,-0.2624893093265238,8.0
qwsw_lora_r16_lr5e5_s42,qwsw,Qwen-CS (qwsw),Qwen-2.5-7B,cs,sweep,lora,LoRA,5e-05,42.0,qwsw_lora_r16_lr5e5,False,False,True,,,,-0.9118639112994488,37.22
qwsw_lora_r16_lr5e5_s43,qwsw,Qwen-CS (qwsw),Qwen-2.5-7B,cs,sweep,lora,LoRA,5e-05,43.0,qwsw_lora_r16_lr5e5,False,False,True,2.0052026909173817,1.9346918347336524,0.0705108561837293,-0.9108016331948512,38.93
qwsw_lora_r16_lr5e5_s44,qwsw,Qwen-CS (qwsw),Qwen-2.5-7B,cs,sweep,lora,LoRA,5e-05,44.0,qwsw_lora_r16_lr5e5,False,False,True,1.9554601386449777,1.8790178806577968,0.0764422579871808,-0.9143527117031436,37.7
qwsw_lora_r16_lr7e5_s42,qwsw,Qwen-CS (qwsw),Qwen-2.5-7B,cs,sweep,lora,LoRA,7e-05,42.0,qwsw_lora_r16_lr7e5,False,False,True,2.022092537643677,1.9346918347336524,0.0874007029100245,-0.8690233083943829,36.38
qwsw_lorawd_wd0p3_lr15e5_s42,qwsw,Qwen-CS (qwsw),Qwen-2.5-7B,cs,sweep,lorawd,LoRA+wd,0.00015,42.0,qwsw_lorawd_wd0p3_lr15e5,False,False,True,2.084031502295692,1.9346918347336524,0.1493396675620393,-0.7793689805519078,41.03
qwsw_lorawd_wd0p3_lr1e3_s42,qwsw,Qwen-CS (qwsw),Qwen-2.5-7B,cs,sweep,lorawd,LoRA+wd,0.001,42.0,qwsw_lorawd_wd0p3_lr1e3,False,False,True,,,,-0.5500590112266623,37.21
qwsw_lorawd_wd0p3_lr1e3_s43,qwsw,Qwen-CS (qwsw),Qwen-2.5-7B,cs,sweep,lorawd,LoRA+wd,0.001,43.0,qwsw_lorawd_wd0p3_lr1e3,False,False,True,2.170419132771612,1.9346918347336524,0.2357272980379599,-0.549442990581671,39.1
qwsw_lorawd_wd0p3_lr1e3_s44,qwsw,Qwen-CS (qwsw),Qwen-2.5-7B,cs,sweep,lorawd,LoRA+wd,0.001,44.0,qwsw_lorawd_wd0p3_lr1e3,False,True,True,10.402909851792856,1.9346918347336524,8.468218017059204,1.156349220829561,0.0
qwsw_lorawd_wd0p3_lr1e4_s42,qwsw,Qwen-CS (qwsw),Qwen-2.5-7B,cs,sweep,lorawd,LoRA+wd,0.0001,42.0,qwsw_lorawd_wd0p3_lr1e4,False,False,True,,,,-0.8623294627632448,41.01
qwsw_lorawd_wd0p3_lr1e4_s43,qwsw,Qwen-CS (qwsw),Qwen-2.5-7B,cs,sweep,lorawd,LoRA+wd,0.0001,43.0,qwsw_lorawd_wd0p3_lr1e4,False,False,True,,,,-0.878440155812499,40.49
qwsw_lorawd_wd0p3_lr1e4_s44,qwsw,Qwen-CS (qwsw),Qwen-2.5-7B,cs,sweep,lorawd,LoRA+wd,0.0001,44.0,qwsw_lorawd_wd0p3_lr1e4,False,False,True,,,,-0.8591778198906894,40.61
qwsw_lorawd_wd0p3_lr2e4_s42,qwsw,Qwen-CS (qwsw),Qwen-2.5-7B,cs,sweep,lorawd,LoRA+wd,0.0002,42.0,qwsw_lorawd_wd0p3_lr2e4,False,False,True,,,,-0.7274622226247627,40.66
qwsw_lorawd_wd0p3_lr2e4_s43,qwsw,Qwen-CS (qwsw),Qwen-2.5-7B,cs,sweep,lorawd,LoRA+wd,0.0002,43.0,qwsw_lorawd_wd0p3_lr2e4,False,False,True,2.113493893680148,1.9346918347336524,0.1788020589464958,-0.7408841558149337,39.76
qwsw_lorawd_wd0p3_lr2e4_s44,qwsw,Qwen-CS (qwsw),Qwen-2.5-7B,cs,sweep,lorawd,LoRA+wd,0.0002,44.0,qwsw_lorawd_wd0p3_lr2e4,False,False,True,2.11834267323636,1.9346918347336524,0.1836508385027078,-0.7276941555979136,40.58
qwsw_lorawd_wd0p3_lr2e5_s42,qwsw,Qwen-CS (qwsw),Qwen-2.5-7B,cs,sweep,lorawd,LoRA+wd,2e-05,42.0,qwsw_lorawd_wd0p3_lr2e5,False,False,True,,,,-0.9995659225206814,38.67
qwsw_lorawd_wd0p3_lr2e5_s43,qwsw,Qwen-CS (qwsw),Qwen-2.5-7B,cs,sweep,lorawd,LoRA+wd,2e-05,43.0,qwsw_lorawd_wd0p3_lr2e5,False,False,True,1.9857182697895903,1.9346918347336524,0.0510264350559379,-0.9943905546397196,38.69
qwsw_lorawd_wd0p3_lr2e5_s44,qwsw,Qwen-CS (qwsw),Qwen-2.5-7B,cs,sweep,lorawd,LoRA+wd,2e-05,44.0,qwsw_lorawd_wd0p3_lr2e5,False,False,True,1.9850510834718025,1.9346918347336524,0.0503592487381499,-0.9991322784687732,38.56
qwsw_lorawd_wd0p3_lr3e4_s42,qwsw,Qwen-CS (qwsw),Qwen-2.5-7B,cs,sweep,lorawd,LoRA+wd,0.0003,42.0,qwsw_lorawd_wd0p3_lr3e4,False,False,True,,,,-0.671416550285798,41.1
qwsw_lorawd_wd0p3_lr3e4_s43,qwsw,Qwen-CS (qwsw),Qwen-2.5-7B,cs,sweep,lorawd,LoRA+wd,0.0003,43.0,qwsw_lorawd_wd0p3_lr3e4,False,False,True,2.1393137107339557,1.9346918347336524,0.2046218760003029,-0.6784015695346561,41.44
qwsw_lorawd_wd0p3_lr3e4_s44,qwsw,Qwen-CS (qwsw),Qwen-2.5-7B,cs,sweep,lorawd,LoRA+wd,0.0003,44.0,qwsw_lorawd_wd0p3_lr3e4,False,False,True,2.152314056510881,1.9346918347336524,0.2176222217772285,-0.6748950170285926,40.53
qwsw_lorawd_wd0p3_lr5e4_s42,qwsw,Qwen-CS (qwsw),Qwen-2.5-7B,cs,sweep,lorawd,LoRA+wd,0.0005,42.0,qwsw_lorawd_wd0p3_lr5e4,False,False,True,,,,-0.6094181214495648,39.28
qwsw_lorawd_wd0p3_lr5e4_s43,qwsw,Qwen-CS (qwsw),Qwen-2.5-7B,cs,sweep,lorawd,LoRA+wd,0.0005,43.0,qwsw_lorawd_wd0p3_lr5e4,False,False,True,2.165700113556745,1.9346918347336524,0.2310082788230931,-0.6108339156354675,40.53
qwsw_lorawd_wd0p3_lr5e4_s44,qwsw,Qwen-CS (qwsw),Qwen-2.5-7B,cs,sweep,lorawd,LoRA+wd,0.0005,44.0,qwsw_lorawd_wd0p3_lr5e4,False,False,True,2.1603790146175887,1.9346918347336524,0.2256871798839363,-0.6095948435199191,40.39
qwsw_lorawd_wd0p3_lr5e5_s42,qwsw,Qwen-CS (qwsw),Qwen-2.5-7B,cs,sweep,lorawd,LoRA+wd,5e-05,42.0,qwsw_lorawd_wd0p3_lr5e5,False,False,True,,,,-0.968591535748376,39.33
qwsw_lorawd_wd0p3_lr5e5_s43,qwsw,Qwen-CS (qwsw),Qwen-2.5-7B,cs,sweep,lorawd,LoRA+wd,5e-05,43.0,qwsw_lorawd_wd0p3_lr5e5,False,False,True,2.0054592199049703,1.9346918347336524,0.0707673851713179,-0.9694002780340488,39.56
qwsw_lorawd_wd0p3_lr5e5_s44,qwsw,Qwen-CS (qwsw),Qwen-2.5-7B,cs,sweep,lorawd,LoRA+wd,5e-05,44.0,qwsw_lorawd_wd0p3_lr5e5,False,False,True,2.0103913315852187,1.9346918347336524,0.0756994968515663,-0.9706162223147904,39.31
qwsw_lorawd_wd0p3_lr7e5_s42,qwsw,Qwen-CS (qwsw),Qwen-2.5-7B,cs,sweep,lorawd,LoRA+wd,7e-05,42.0,qwsw_lorawd_wd0p3_lr7e5,False,False,True,2.021880540085666,1.9346918347336524,0.0871887053520135,-0.9351677802614262,39.92
qwsw_milora_r32_lr15e5_s42,qwsw,Qwen-CS (qwsw),Qwen-2.5-7B,cs,sweep,milora,MiLoRA,0.00015,42.0,qwsw_milora_r32_lr15e5,False,False,True,2.3295915029969594,1.9346918347336524,0.394899668263307,-0.6304131092636557,37.64
qwsw_milora_r32_lr1e3_s42,qwsw,Qwen-CS (qwsw),Qwen-2.5-7B,cs,sweep,milora,MiLoRA,0.001,42.0,qwsw_milora_r32_lr1e3,False,False,True,,,,-0.0199966284162536,6.41
qwsw_milora_r32_lr1e3_s43,qwsw,Qwen-CS (qwsw),Qwen-2.5-7B,cs,sweep,milora,MiLoRA,0.001,43.0,qwsw_milora_r32_lr1e3,False,False,True,3.468785882907511,1.9346918347336524,1.5340940481738587,-0.0178192544035974,9.33
qwsw_milora_r32_lr1e3_s44,qwsw,Qwen-CS (qwsw),Qwen-2.5-7B,cs,sweep,milora,MiLoRA,0.001,44.0,qwsw_milora_r32_lr1e3,False,False,True,3.61607629386719,1.9346918347336524,1.6813844591335378,-0.0062993051796497,7.52
qwsw_milora_r32_lr1e4_s42,qwsw,Qwen-CS (qwsw),Qwen-2.5-7B,cs,sweep,milora,MiLoRA,0.0001,42.0,qwsw_milora_r32_lr1e4,False,False,True,,,,-0.7361273231347764,39.74
qwsw_milora_r32_lr1e4_s43,qwsw,Qwen-CS (qwsw),Qwen-2.5-7B,cs,sweep,milora,MiLoRA,0.0001,43.0,qwsw_milora_r32_lr1e4,False,False,True,,,,-0.7399286120149252,38.47
qwsw_milora_r32_lr1e4_s44,qwsw,Qwen-CS (qwsw),Qwen-2.5-7B,cs,sweep,milora,MiLoRA,0.0001,44.0,qwsw_milora_r32_lr1e4,False,False,True,,,,-0.7375489102695706,38.06
qwsw_milora_r32_lr1e4_s45,qwsw,Qwen-CS (qwsw),Qwen-2.5-7B,cs,sweep,milora,MiLoRA,0.0001,45.0,qwsw_milora_r32_lr1e4,False,False,True,2.210993010933373,1.9346918347336524,0.2763011761997207,-0.7394516273630205,40.07
qwsw_milora_r32_lr2e4_s42,qwsw,Qwen-CS (qwsw),Qwen-2.5-7B,cs,sweep,milora,MiLoRA,0.0002,42.0,qwsw_milora_r32_lr2e4,False,False,True,,,,-0.5350635708782673,36.5
qwsw_milora_r32_lr2e4_s43,qwsw,Qwen-CS (qwsw),Qwen-2.5-7B,cs,sweep,milora,MiLoRA,0.0002,43.0,qwsw_milora_r32_lr2e4,False,False,True,2.3868870522108185,1.8790178806577968,0.5078691715530217,-0.5686362358410126,36.75
qwsw_milora_r32_lr2e4_s44,qwsw,Qwen-CS (qwsw),Qwen-2.5-7B,cs,sweep,milora,MiLoRA,0.0002,44.0,qwsw_milora_r32_lr2e4,False,False,True,2.4078556226659558,1.9346918347336524,0.4731637879323029,-0.5431786519784013,36.72
qwsw_milora_r32_lr2e4_s45,qwsw,Qwen-CS (qwsw),Qwen-2.5-7B,cs,sweep,milora,MiLoRA,0.0002,45.0,qwsw_milora_r32_lr2e4,False,False,True,2.408139167474133,1.9346918347336524,0.4734473327404811,-0.5415132362017931,36.76
qwsw_milora_r32_lr2e5_s42,qwsw,Qwen-CS (qwsw),Qwen-2.5-7B,cs,sweep,milora,MiLoRA,2e-05,42.0,qwsw_milora_r32_lr2e5,False,False,True,,,,-0.9901243662878398,38.44
qwsw_milora_r32_lr2e5_s43,qwsw,Qwen-CS (qwsw),Qwen-2.5-7B,cs,sweep,milora,MiLoRA,2e-05,43.0,qwsw_milora_r32_lr2e5,False,False,True,2.042830536860529,1.9346918347336524,0.1081387021268764,-0.99225222199926,39.19
qwsw_milora_r32_lr2e5_s44,qwsw,Qwen-CS (qwsw),Qwen-2.5-7B,cs,sweep,milora,MiLoRA,2e-05,44.0,qwsw_milora_r32_lr2e5,False,False,True,1.9906604685153384,1.8790178806577968,0.1116425878575415,-0.9901243662878398,38.57
qwsw_milora_r32_lr3e4_s42,qwsw,Qwen-CS (qwsw),Qwen-2.5-7B,cs,sweep,milora,MiLoRA,0.0003,42.0,qwsw_milora_r32_lr3e4,False,False,True,,,,-0.4138629747692068,34.3
qwsw_milora_r32_lr3e4_s43,qwsw,Qwen-CS (qwsw),Qwen-2.5-7B,cs,sweep,milora,MiLoRA,0.0003,43.0,qwsw_milora_r32_lr3e4,False,False,True,2.6254966805482978,1.9346918347336524,0.6908048458146454,-0.4238891058791602,33.96
qwsw_milora_r32_lr3e4_s44,qwsw,Qwen-CS (qwsw),Qwen-2.5-7B,cs,sweep,milora,MiLoRA,0.0003,44.0,qwsw_milora_r32_lr3e4,False,False,True,2.574999754017056,1.9346918347336524,0.6403079192834036,-0.4140882896805658,34.5
qwsw_milora_r32_lr3e4_s45,qwsw,Qwen-CS (qwsw),Qwen-2.5-7B,cs,sweep,milora,MiLoRA,0.0003,45.0,qwsw_milora_r32_lr3e4,False,False,True,2.587157291296137,1.9346918347336524,0.6524654565624846,-0.433444669116945,34.58
qwsw_milora_r32_lr5e4_s42,qwsw,Qwen-CS (qwsw),Qwen-2.5-7B,cs,sweep,milora,MiLoRA,0.0005,42.0,qwsw_milora_r32_lr5e4,False,False,True,,,,-0.2505729008782511,14.3
qwsw_milora_r32_lr5e4_s43,qwsw,Qwen-CS (qwsw),Qwen-2.5-7B,cs,sweep,milora,MiLoRA,0.0005,43.0,qwsw_milora_r32_lr5e4,False,False,True,2.868462776970416,1.9346918347336524,0.9337709422367632,-0.2509597312965427,11.9
qwsw_milora_r32_lr5e4_s44,qwsw,Qwen-CS (qwsw),Qwen-2.5-7B,cs,sweep,milora,MiLoRA,0.0005,44.0,qwsw_milora_r32_lr5e4,False,False,True,2.861993156986659,1.9346918347336524,0.9273013222530064,-0.2487979054116468,10.72
qwsw_milora_r32_lr5e5_s42,qwsw,Qwen-CS (qwsw),Qwen-2.5-7B,cs,sweep,milora,MiLoRA,5e-05,42.0,qwsw_milora_r32_lr5e5,False,False,True,,,,-0.8794260687941501,39.41
qwsw_milora_r32_lr5e5_s43,qwsw,Qwen-CS (qwsw),Qwen-2.5-7B,cs,sweep,milora,MiLoRA,5e-05,43.0,qwsw_milora_r32_lr5e5,False,False,True,2.11507770439978,1.9346918347336524,0.1803858696661278,-0.8877302315827293,39.42
qwsw_milora_r32_lr5e5_s44,qwsw,Qwen-CS (qwsw),Qwen-2.5-7B,cs,sweep,milora,MiLoRA,5e-05,44.0,qwsw_milora_r32_lr5e5,False,False,False,2.1098207339205883,1.9346918347336524,0.1751288991869359,-0.878440155812499,38.7
qwsw_milora_r32_lr7e5_s42,qwsw,Qwen-CS (qwsw),Qwen-2.5-7B,cs,sweep,milora,MiLoRA,7e-05,42.0,qwsw_milora_r32_lr7e5,False,False,True,2.155317053059976,1.9346918347336524,0.2206252183263233,-0.8130436645345878,38.98
qwsw_sclora_r32_lr15e5_s42,qwsw,Qwen-CS (qwsw),Qwen-2.5-7B,cs,sweep,sclora,SC-LoRA,0.00015,42.0,qwsw_sclora_r32_lr15e5,False,False,True,2.354842330187783,1.9346918347336524,0.4201504954541306,-0.4274769021503624,35.28
qwsw_sclora_r32_lr1e3_s42,qwsw,Qwen-CS (qwsw),Qwen-2.5-7B,cs,sweep,sclora,SC-LoRA,0.001,42.0,qwsw_sclora_r32_lr1e3,False,True,True,,,,0.4312833318072613,2.23
qwsw_sclora_r32_lr1e3_s43,qwsw,Qwen-CS (qwsw),Qwen-2.5-7B,cs,sweep,sclora,SC-LoRA,0.001,43.0,qwsw_sclora_r32_lr1e3,False,False,True,3.66150579345156,1.9346918347336524,1.7268139587179072,0.0388187873736558,6.24
qwsw_sclora_r32_lr1e3_s44,qwsw,Qwen-CS (qwsw),Qwen-2.5-7B,cs,sweep,sclora,SC-LoRA,0.001,44.0,qwsw_sclora_r32_lr1e3,False,False,True,3.7539018059913767,1.9346918347336524,1.8192099712577243,0.0350292822023681,4.78
qwsw_sclora_r32_lr1e4_s42,qwsw,Qwen-CS (qwsw),Qwen-2.5-7B,cs,sweep,sclora,SC-LoRA,0.0001,42.0,qwsw_sclora_r32_lr1e4,False,False,True,,,,-0.3557584141562713,9.44
qwsw_sclora_r32_lr1e4_s43,qwsw,Qwen-CS (qwsw),Qwen-2.5-7B,cs,sweep,sclora,SC-LoRA,0.0001,43.0,qwsw_sclora_r32_lr1e4,False,False,True,,,,-0.5237482039929664,36.22
qwsw_sclora_r32_lr1e4_s44,qwsw,Qwen-CS (qwsw),Qwen-2.5-7B,cs,sweep,sclora,SC-LoRA,0.0001,44.0,qwsw_sclora_r32_lr1e4,False,False,True,,,,-0.519418213170831,37.88
qwsw_sclora_r32_lr2e4_s42,qwsw,Qwen-CS (qwsw),Qwen-2.5-7B,cs,sweep,sclora,SC-LoRA,0.0002,42.0,qwsw_sclora_r32_lr2e4,False,False,True,,,,-0.2022478713492892,7.39
qwsw_sclora_r32_lr2e4_s43,qwsw,Qwen-CS (qwsw),Qwen-2.5-7B,cs,sweep,sclora,SC-LoRA,0.0002,43.0,qwsw_sclora_r32_lr2e4,False,False,True,2.4789613620367894,1.9346918347336524,0.544269527303137,-0.370590400897281,29.82
qwsw_sclora_r32_lr2e4_s44,qwsw,Qwen-CS (qwsw),Qwen-2.5-7B,cs,sweep,sclora,SC-LoRA,0.0002,44.0,qwsw_sclora_r32_lr2e4,False,False,True,2.519488714838607,1.9346918347336524,0.5847968801049546,-0.3622101706377709,30.02
qwsw_sclora_r32_lr2e5_s42,qwsw,Qwen-CS (qwsw),Qwen-2.5-7B,cs,sweep,sclora,SC-LoRA,2e-05,42.0,qwsw_sclora_r32_lr2e5,False,False,True,,,,-0.768785352037399,39.78
qwsw_sclora_r32_lr2e5_s43,qwsw,Qwen-CS (qwsw),Qwen-2.5-7B,cs,sweep,sclora,SC-LoRA,2e-05,43.0,qwsw_sclora_r32_lr2e5,False,False,True,2.009410264653233,1.9346918347336524,0.0747184299195806,-0.9329291439546298,39.75
qwsw_sclora_r32_lr2e5_s44,qwsw,Qwen-CS (qwsw),Qwen-2.5-7B,cs,sweep,sclora,SC-LoRA,2e-05,44.0,qwsw_sclora_r32_lr2e5,False,False,True,2.009743263866679,1.9346918347336524,0.0750514291330266,-0.9318141382538384,39.8
qwsw_sclora_r32_lr3e4_s42,qwsw,Qwen-CS (qwsw),Qwen-2.5-7B,cs,sweep,sclora,SC-LoRA,0.0003,42.0,qwsw_sclora_r32_lr3e4,False,False,True,,,,-0.1434523551432521,6.75
qwsw_sclora_r32_lr3e4_s43,qwsw,Qwen-CS (qwsw),Qwen-2.5-7B,cs,sweep,sclora,SC-LoRA,0.0003,43.0,qwsw_sclora_r32_lr3e4,False,False,True,2.702189448798115,1.9346918347336524,0.7674976140644625,-0.2719710455794816,29.0
qwsw_sclora_r32_lr3e4_s44,qwsw,Qwen-CS (qwsw),Qwen-2.5-7B,cs,sweep,sclora,SC-LoRA,0.0003,44.0,qwsw_sclora_r32_lr3e4,False,False,True,2.65279518811406,1.9346918347336524,0.7181033533804073,-0.2822463067892844,28.58
qwsw_sclora_r32_lr5e4_s42,qwsw,Qwen-CS (qwsw),Qwen-2.5-7B,cs,sweep,sclora,SC-LoRA,0.0005,42.0,qwsw_sclora_r32_lr5e4,False,False,True,,,,-0.0420098215931696,6.88
qwsw_sclora_r32_lr5e4_s43,qwsw,Qwen-CS (qwsw),Qwen-2.5-7B,cs,sweep,sclora,SC-LoRA,0.0005,43.0,qwsw_sclora_r32_lr5e4,False,False,True,3.3440180765505167,1.9346918347336524,1.4093262418168644,-0.1524273408578878,6.7
qwsw_sclora_r32_lr5e4_s44,qwsw,Qwen-CS (qwsw),Qwen-2.5-7B,cs,sweep,sclora,SC-LoRA,0.0005,44.0,qwsw_sclora_r32_lr5e4,False,False,True,3.2314829600167823,1.9346918347336524,1.29679112528313,-0.1422454779405577,19.06
qwsw_sclora_r32_lr5e5_s42,qwsw,Qwen-CS (qwsw),Qwen-2.5-7B,cs,sweep,sclora,SC-LoRA,5e-05,42.0,qwsw_sclora_r32_lr5e5,False,False,True,,,,-0.5600360640790951,39.04
qwsw_sclora_r32_lr5e5_s43,qwsw,Qwen-CS (qwsw),Qwen-2.5-7B,cs,sweep,sclora,SC-LoRA,5e-05,43.0,qwsw_sclora_r32_lr5e5,False,False,True,2.0933753044198897,1.9346918347336524,0.1586834696862373,-0.7059749059046773,38.27
qwsw_sclora_r32_lr5e5_s44,qwsw,Qwen-CS (qwsw),Qwen-2.5-7B,cs,sweep,sclora,SC-LoRA,5e-05,44.0,qwsw_sclora_r32_lr5e5,False,False,True,2.092615507994016,1.9346918347336524,0.1579236732603637,-0.6963720236161103,39.08
qwsw_sclora_r32_lr7e5_s42,qwsw,Qwen-CS (qwsw),Qwen-2.5-7B,cs,sweep,sclora,SC-LoRA,7e-05,42.0,qwsw_sclora_r32_lr7e5,False,False,True,2.1490610053923875,1.9346918347336524,0.2143691706587351,-0.6081830763867512,37.79
qwswm_clora_k1024_lr1e3_s42,qwswm,Qwen-Math (qwswm),Qwen-2.5-7B,math,sweep,clora,CLoRA,0.001,42.0,qwswm_clora_k1024_lr1e3,False,False,True,,,,-0.3542830606303961,32.24
qwswm_clora_k1024_lr1e3_s43,qwswm,Qwen-Math (qwswm),Qwen-2.5-7B,math,sweep,clora,CLoRA,0.001,43.0,qwswm_clora_k1024_lr1e3,False,False,True,2.664865905310676,1.9346918347336524,0.7301740705770232,-0.3630108981877709,31.48
qwswm_clora_k1024_lr1e3_s44,qwswm,Qwen-Math (qwswm),Qwen-2.5-7B,math,sweep,clora,CLoRA,0.001,44.0,qwswm_clora_k1024_lr1e3,False,False,True,2.672542533224491,1.9346918347336524,0.7378506984908388,-0.364717362001788,31.48
qwswm_clora_k1024_lr1e4_s42,qwswm,Qwen-Math (qwswm),Qwen-2.5-7B,math,sweep,clora,CLoRA,0.0001,42.0,qwswm_clora_k1024_lr1e4,False,False,True,,,,-1.2700257143004443,43.86
qwswm_clora_k1024_lr1e4_s43,qwswm,Qwen-Math (qwswm),Qwen-2.5-7B,math,sweep,clora,CLoRA,0.0001,43.0,qwswm_clora_k1024_lr1e4,False,False,True,1.980874308492533,1.9346918347336524,0.0461824737588807,-1.269217724333611,43.34
qwswm_clora_k1024_lr1e4_s44,qwswm,Qwen-Math (qwswm),Qwen-2.5-7B,math,sweep,clora,CLoRA,0.0001,44.0,qwswm_clora_k1024_lr1e4,False,False,True,1.9812639530125369,1.9346918347336524,0.0465721182788845,-1.274905478918531,42.56
qwswm_clora_k1024_lr2e4_s42,qwswm,Qwen-Math (qwswm),Qwen-2.5-7B,math,sweep,clora,CLoRA,0.0002,42.0,qwswm_clora_k1024_lr2e4,False,False,True,,,,-1.0893755951107988,45.57
qwswm_clora_k1024_lr2e4_s43,qwswm,Qwen-Math (qwswm),Qwen-2.5-7B,math,sweep,clora,CLoRA,0.0002,43.0,qwswm_clora_k1024_lr2e4,False,False,True,2.0178271749240126,1.9346918347336524,0.0831353401903602,-1.0814454694497264,43.75
qwswm_clora_k1024_lr2e4_s44,qwswm,Qwen-Math (qwswm),Qwen-2.5-7B,math,sweep,clora,CLoRA,0.0002,44.0,qwswm_clora_k1024_lr2e4,False,False,True,2.021400842681564,1.9346918347336524,0.0867090079479115,-1.079876673709276,43.56
qwswm_clora_k1024_lr2e5_s42,qwswm,Qwen-Math (qwswm),Qwen-2.5-7B,math,sweep,clora,CLoRA,2e-05,42.0,qwswm_clora_k1024_lr2e5,False,False,True,,,,-1.5214335044061569,43.42
qwswm_clora_k1024_lr2e5_s43,qwswm,Qwen-Math (qwswm),Qwen-2.5-7B,math,sweep,clora,CLoRA,2e-05,43.0,qwswm_clora_k1024_lr2e5,False,False,True,1.9533103004891643,1.9346918347336524,0.0186184657555121,-1.518557371497695,43.12
qwswm_clora_k1024_lr2e5_s44,qwswm,Qwen-Math (qwswm),Qwen-2.5-7B,math,sweep,clora,CLoRA,2e-05,44.0,qwswm_clora_k1024_lr2e5,False,False,False,1.954394715174452,1.9346918347336524,0.0197028804407997,-1.515700160653214,43.6
qwswm_clora_k1024_lr3e4_s42,qwswm,Qwen-Math (qwswm),Qwen-2.5-7B,math,sweep,clora,CLoRA,0.0003,42.0,qwswm_clora_k1024_lr3e4,False,False,True,,,,-0.95233580539844,43.98
qwswm_clora_k1024_lr3e4_s43,qwswm,Qwen-Math (qwswm),Qwen-2.5-7B,math,sweep,clora,CLoRA,0.0003,43.0,qwswm_clora_k1024_lr3e4,False,False,True,2.044167511940849,1.9346918347336524,0.1094756772071967,-0.9546770212133424,43.86
qwswm_clora_k1024_lr3e4_s44,qwswm,Qwen-Math (qwswm),Qwen-2.5-7B,math,sweep,clora,CLoRA,0.0003,44.0,qwswm_clora_k1024_lr3e4,False,False,True,2.040990592086131,1.9346918347336524,0.1062987573524787,-0.9465373950745448,43.0
qwswm_clora_k1024_lr5e4_s42,qwswm,Qwen-Math (qwswm),Qwen-2.5-7B,math,sweep,clora,CLoRA,0.0005,42.0,qwswm_clora_k1024_lr5e4,False,False,True,,,,-0.7223907856959089,43.53
qwswm_clora_k1024_lr5e4_s43,qwswm,Qwen-Math (qwswm),Qwen-2.5-7B,math,sweep,clora,CLoRA,0.0005,43.0,qwswm_clora_k1024_lr5e4,False,False,True,2.124017350671135,1.9346918347336524,0.1893255159374827,-0.7349462114959853,42.08
qwswm_clora_k1024_lr5e4_s44,qwswm,Qwen-Math (qwswm),Qwen-2.5-7B,math,sweep,clora,CLoRA,0.0005,44.0,qwswm_clora_k1024_lr5e4,False,False,True,2.122641623213882,1.9346918347336524,0.1879497884802297,-0.7330630888408269,39.51
qwswm_clora_k1024_lr5e5_s42,qwswm,Qwen-Math (qwswm),Qwen-2.5-7B,math,sweep,clora,CLoRA,5e-05,42.0,qwswm_clora_k1024_lr5e5,False,False,True,,,,-1.413412695328245,43.46
qwswm_clora_k1024_lr5e5_s43,qwswm,Qwen-Math (qwswm),Qwen-2.5-7B,math,sweep,clora,CLoRA,5e-05,43.0,qwswm_clora_k1024_lr5e5,False,False,True,1.9608098315611369,1.9346918347336524,0.0261179968274845,-1.4122890349810886,44.06
qwswm_clora_k1024_lr5e5_s44,qwswm,Qwen-Math (qwswm),Qwen-2.5-7B,math,sweep,clora,CLoRA,5e-05,44.0,qwswm_clora_k1024_lr5e5,False,False,True,1.9586841467173364,1.9346918347336524,0.023992311983684,-1.4168012260313771,43.78
qwswm_dora_r16_lr1e3_s42,qwswm,Qwen-Math (qwswm),Qwen-2.5-7B,math,sweep,dora,DoRA,0.001,42.0,qwswm_dora_r16_lr1e3,False,False,True,,,,-0.1688984354986406,22.56
qwswm_dora_r16_lr1e3_s44,qwswm,Qwen-Math (qwswm),Qwen-2.5-7B,math,sweep,dora,DoRA,0.001,44.0,qwswm_dora_r16_lr1e3,False,False,True,2.9304346703187627,1.9346918347336524,0.9957428355851105,-0.1688343660905575,28.98
qwswm_dora_r16_lr1e4_s42,qwswm,Qwen-Math (qwswm),Qwen-2.5-7B,math,sweep,dora,DoRA,0.0001,42.0,qwswm_dora_r16_lr1e4,False,False,True,,,,-1.153044674980176,44.12
qwswm_dora_r16_lr1e4_s43,qwswm,Qwen-Math (qwswm),Qwen-2.5-7B,math,sweep,dora,DoRA,0.0001,43.0,qwswm_dora_r16_lr1e4,False,False,True,1.9850969230734976,1.9346918347336524,0.0504050883398452,-1.1487416512809248,43.42
qwswm_dora_r16_lr2e4_s42,qwswm,Qwen-Math (qwswm),Qwen-2.5-7B,math,sweep,dora,DoRA,0.0002,42.0,qwswm_dora_r16_lr2e4,False,False,True,,,,-0.9488474775526188,44.28
qwswm_dora_r16_lr2e4_s43,qwswm,Qwen-Math (qwswm),Qwen-2.5-7B,math,sweep,dora,DoRA,0.0002,43.0,qwswm_dora_r16_lr2e4,False,False,False,2.0388948665552555,1.9346918347336524,0.1042030318216031,-0.9507819773298184,44.46
qwswm_dora_r16_lr2e5_s42,qwswm,Qwen-Math (qwswm),Qwen-2.5-7B,math,sweep,dora,DoRA,2e-05,42.0,qwswm_dora_r16_lr2e5,False,False,True,,,,-1.4045037781744258,43.64
qwswm_dora_r16_lr2e5_s43,qwswm,Qwen-Math (qwswm),Qwen-2.5-7B,math,sweep,dora,DoRA,2e-05,43.0,qwswm_dora_r16_lr2e5,False,False,True,1.9507247312616531,1.9346918347336524,0.0160328965280009,-1.4023048140744876,43.52
qwswm_dora_r16_lr3e4_s42,qwswm,Qwen-Math (qwswm),Qwen-2.5-7B,math,sweep,dora,DoRA,0.0003,42.0,qwswm_dora_r16_lr3e4,False,False,True,,,,-0.8046539416515803,36.39
qwswm_dora_r16_lr5e4_s42,qwswm,Qwen-Math (qwswm),Qwen-2.5-7B,math,sweep,dora,DoRA,0.0005,42.0,qwswm_dora_r16_lr5e4,False,False,True,,,,-0.5845258318907643,40.04
qwswm_dora_r16_lr5e5_s42,qwswm,Qwen-Math (qwswm),Qwen-2.5-7B,math,sweep,dora,DoRA,5e-05,42.0,qwswm_dora_r16_lr5e5,False,False,True,,,,-1.2898826348881838,43.3
qwswm_dora_r16_lr5e5_s44,qwswm,Qwen-Math (qwswm),Qwen-2.5-7B,math,sweep,dora,DoRA,5e-05,44.0,qwswm_dora_r16_lr5e5,False,False,True,1.9661137577226973,1.9346918347336524,0.0314219229890448,-1.294992040666664,43.72
qwswm_lora_null_r16_lr1e3_s42,qwswm,Qwen-Math (qwswm),Qwen-2.5-7B,math,sweep,lora_null,LoRA-Null,0.001,42.0,qwswm_lora_null_r16_lr1e3,False,False,True,,,,-0.4047242881979006,38.58
qwswm_lora_null_r16_lr1e3_s43,qwswm,Qwen-Math (qwswm),Qwen-2.5-7B,math,sweep,lora_null,LoRA-Null,0.001,43.0,qwswm_lora_null_r16_lr1e3,False,False,True,,,,-0.4069355683412824,39.8
qwswm_lora_null_r16_lr1e3_s44,qwswm,Qwen-Math (qwswm),Qwen-2.5-7B,math,sweep,lora_null,LoRA-Null,0.001,44.0,qwswm_lora_null_r16_lr1e3,False,False,True,2.347688649587524,1.9346918347336524,0.4129968148538716,-0.4314462879505574,38.54
qwswm_lora_null_r16_lr1e4_s42,qwswm,Qwen-Math (qwswm),Qwen-2.5-7B,math,sweep,lora_null,LoRA-Null,0.0001,42.0,qwswm_lora_null_r16_lr1e4,False,False,True,,,,-1.2572748686953017,42.34
qwswm_lora_null_r16_lr1e4_s43,qwswm,Qwen-Math (qwswm),Qwen-2.5-7B,math,sweep,lora_null,LoRA-Null,0.0001,43.0,qwswm_lora_null_r16_lr1e4,False,False,True,1.9701579948377976,1.9346918347336524,0.0354661601041454,-1.2588484011482148,43.77
qwswm_lora_null_r16_lr1e4_s44,qwswm,Qwen-Math (qwswm),Qwen-2.5-7B,math,sweep,lora_null,LoRA-Null,0.0001,44.0,qwswm_lora_null_r16_lr1e4,False,False,True,1.9706520507211795,1.9346918347336524,0.0359602159875269,-1.2572748686953017,43.96
qwswm_lora_null_r16_lr2e4_s42,qwswm,Qwen-Math (qwswm),Qwen-2.5-7B,math,sweep,lora_null,LoRA-Null,0.0002,42.0,qwswm_lora_null_r16_lr2e4,False,False,True,,,,-1.0710923097560474,43.47
qwswm_lora_null_r16_lr2e4_s43,qwswm,Qwen-Math (qwswm),Qwen-2.5-7B,math,sweep,lora_null,LoRA-Null,0.0002,43.0,qwswm_lora_null_r16_lr2e4,False,False,True,2.004293365564904,1.9346918347336524,0.0696015308312518,-1.0710923097560474,44.2
qwswm_lora_null_r16_lr2e4_s44,qwswm,Qwen-Math (qwswm),Qwen-2.5-7B,math,sweep,lora_null,LoRA-Null,0.0002,44.0,qwswm_lora_null_r16_lr2e4,False,False,True,2.005776221859439,1.9346918347336524,0.0710843871257864,-1.0695604052333,43.5
qwswm_lora_null_r16_lr2e5_s42,qwswm,Qwen-Math (qwswm),Qwen-2.5-7B,math,sweep,lora_null,LoRA-Null,2e-05,42.0,qwswm_lora_null_r16_lr2e5,False,False,True,,,,-1.5346171485515816,43.44
qwswm_lora_null_r16_lr2e5_s43,qwswm,Qwen-Math (qwswm),Qwen-2.5-7B,math,sweep,lora_null,LoRA-Null,2e-05,43.0,qwswm_lora_null_r16_lr2e5,False,False,True,1.944935452744154,1.9346918347336524,0.0102436180105016,-1.5346171485515816,43.04
qwswm_lora_null_r16_lr2e5_s44,qwswm,Qwen-Math (qwswm),Qwen-2.5-7B,math,sweep,lora_null,LoRA-Null,2e-05,44.0,qwswm_lora_null_r16_lr2e5,False,False,True,1.890410378055576,1.8790178806577968,0.011392497397779,-1.5361070110140926,43.19
qwswm_lora_null_r16_lr3e4_s42,qwswm,Qwen-Math (qwswm),Qwen-2.5-7B,math,sweep,lora_null,LoRA-Null,0.0003,42.0,qwswm_lora_null_r16_lr3e4,False,False,True,,,,-0.935916564036404,42.37
qwswm_lora_null_r16_lr3e4_s43,qwswm,Qwen-Math (qwswm),Qwen-2.5-7B,math,sweep,lora_null,LoRA-Null,0.0003,43.0,qwswm_lora_null_r16_lr3e4,False,False,True,2.0429015051119603,1.9346918347336524,0.1082096703783079,-0.9370421659154896,42.45
qwswm_lora_null_r16_lr3e4_s44,qwswm,Qwen-Math (qwswm),Qwen-2.5-7B,math,sweep,lora_null,LoRA-Null,0.0003,44.0,qwswm_lora_null_r16_lr3e4,False,False,True,2.0301338911287696,1.9346918347336524,0.0954420563951172,-0.93218548883816,42.37
qwswm_lora_null_r16_lr5e4_s42,qwswm,Qwen-Math (qwswm),Qwen-2.5-7B,math,sweep,lora_null,LoRA-Null,0.0005,42.0,qwswm_lora_null_r16_lr5e4,False,False,True,,,,-0.7493360805367565,42.86
qwswm_lora_null_r16_lr5e4_s43,qwswm,Qwen-Math (qwswm),Qwen-2.5-7B,math,sweep,lora_null,LoRA-Null,0.0005,43.0,qwswm_lora_null_r16_lr5e4,False,False,True,2.0818305391960235,1.9346918347336524,0.1471387044623711,-0.745935547085662,43.71
qwswm_lora_null_r16_lr5e4_s44,qwswm,Qwen-Math (qwswm),Qwen-2.5-7B,math,sweep,lora_null,LoRA-Null,0.0005,44.0,qwswm_lora_null_r16_lr5e4,False,False,True,2.0926891530440144,1.9346918347336524,0.157997318310362,-0.7508016426088872,40.13
qwswm_lora_null_r16_lr5e5_s42,qwswm,Qwen-Math (qwswm),Qwen-2.5-7B,math,sweep,lora_null,LoRA-Null,5e-05,42.0,qwswm_lora_null_r16_lr5e5,False,False,True,,,,-1.38933983691012,42.88
qwswm_lora_null_r16_lr5e5_s44,qwswm,Qwen-Math (qwswm),Qwen-2.5-7B,math,sweep,lora_null,LoRA-Null,5e-05,44.0,qwswm_lora_null_r16_lr5e5,False,False,True,1.953735369058472,1.9346918347336524,0.0190435343248196,-1.391473966422806,43.56
qwswm_lora_r16_lr1e3_s42,qwswm,Qwen-Math (qwswm),Qwen-2.5-7B,math,sweep,lora,LoRA,0.001,42.0,qwswm_lora_r16_lr1e3,False,False,True,,,,-0.2312879196223364,8.88
qwswm_lora_r16_lr1e3_s43,qwswm,Qwen-Math (qwswm),Qwen-2.5-7B,math,sweep,lora,LoRA,0.001,43.0,qwswm_lora_r16_lr1e3,False,False,True,2.8289617500750373,1.9346918347336524,0.8942699153413849,-0.2347786336950192,29.11
qwswm_lora_r16_lr1e3_s44,qwswm,Qwen-Math (qwswm),Qwen-2.5-7B,math,sweep,lora,LoRA,0.001,44.0,qwswm_lora_r16_lr1e3,False,False,True,2.794192319476489,1.9346918347336524,0.8595004847428371,-0.236497134532403,8.38
qwswm_lora_r16_lr1e4_s42,qwswm,Qwen-Math (qwswm),Qwen-2.5-7B,math,sweep,lora,LoRA,0.0001,42.0,qwswm_lora_r16_lr1e4,False,False,True,,,,-1.1438755557576996,42.8
qwswm_lora_r16_lr1e4_s43,qwswm,Qwen-Math (qwswm),Qwen-2.5-7B,math,sweep,lora,LoRA,0.0001,43.0,qwswm_lora_r16_lr1e4,False,False,True,1.983586830289468,1.9346918347336524,0.0488949955558155,-1.1402614338028532,43.78
qwswm_lora_r16_lr1e4_s44,qwswm,Qwen-Math (qwswm),Qwen-2.5-7B,math,sweep,lora,LoRA,0.0001,44.0,qwswm_lora_r16_lr1e4,False,False,False,1.9892658265061505,1.9346918347336524,0.0545739917724981,-1.142064735280571,44.58
qwswm_lora_r16_lr2e4_s42,qwswm,Qwen-Math (qwswm),Qwen-2.5-7B,math,sweep,lora,LoRA,0.0002,42.0,qwswm_lora_r16_lr2e4,False,False,True,,,,-0.938170692705301,43.92
qwswm_lora_r16_lr2e4_s43,qwswm,Qwen-Math (qwswm),Qwen-2.5-7B,math,sweep,lora,LoRA,0.0002,43.0,qwswm_lora_r16_lr2e4,False,False,True,2.0247992998102693,1.9346918347336524,0.0901074650766169,-0.9288547095489172,44.84
qwswm_lora_r16_lr2e4_s44,qwswm,Qwen-Math (qwswm),Qwen-2.5-7B,math,sweep,lora,LoRA,0.0002,44.0,qwswm_lora_r16_lr2e4,False,False,True,2.0188292376806114,1.9346918347336524,0.084137402946959,-0.9450041384708584,44.34
qwswm_lora_r16_lr2e5_s42,qwswm,Qwen-Math (qwswm),Qwen-2.5-7B,math,sweep,lora,LoRA,2e-05,42.0,qwswm_lora_r16_lr2e5,False,False,True,,,,-1.4056074496245732,43.54
qwswm_lora_r16_lr2e5_s43,qwswm,Qwen-Math (qwswm),Qwen-2.5-7B,math,sweep,lora,LoRA,2e-05,43.0,qwswm_lora_r16_lr2e5,False,False,True,1.9513053857071372,1.9346918347336524,0.016613550973485,-1.4045037781744258,43.3
qwswm_lora_r16_lr2e5_s44,qwswm,Qwen-Math (qwswm),Qwen-2.5-7B,math,sweep,lora,LoRA,2e-05,44.0,qwswm_lora_r16_lr2e5,False,False,True,1.951193738909656,1.9346918347336524,0.0165019041760032,-1.408935392973501,43.39
qwswm_lora_r16_lr3e4_s42,qwswm,Qwen-Math (qwswm),Qwen-2.5-7B,math,sweep,lora,LoRA,0.0003,42.0,qwswm_lora_r16_lr3e4,False,False,True,,,,-0.7999707334462297,44.84
qwswm_lora_r16_lr3e4_s43,qwswm,Qwen-Math (qwswm),Qwen-2.5-7B,math,sweep,lora,LoRA,0.0003,43.0,qwswm_lora_r16_lr3e4,False,False,True,2.0621820647329736,1.9346918347336524,0.1274902299993212,-0.7754669373939143,44.8
qwswm_lora_r16_lr3e4_s44,qwswm,Qwen-Math (qwswm),Qwen-2.5-7B,math,sweep,lora,LoRA,0.0003,44.0,qwswm_lora_r16_lr3e4,False,False,True,2.0466720508348297,1.9346918347336524,0.1119802161011773,-0.8043770564130633,44.52
qwswm_lora_r16_lr5e4_s42,qwswm,Qwen-Math (qwswm),Qwen-2.5-7B,math,sweep,lora,LoRA,0.0005,42.0,qwswm_lora_r16_lr5e4,False,False,True,,,,-0.6076548446387959,41.89
qwswm_lora_r16_lr5e4_s43,qwswm,Qwen-Math (qwswm),Qwen-2.5-7B,math,sweep,lora,LoRA,0.0005,43.0,qwswm_lora_r16_lr5e4,False,False,True,2.150928964523887,1.9346918347336524,0.2162371297902345,-0.6172627342386696,42.35
qwswm_lora_r16_lr5e4_s44,qwswm,Qwen-Math (qwswm),Qwen-2.5-7B,math,sweep,lora,LoRA,0.0005,44.0,qwswm_lora_r16_lr5e4,False,False,True,2.145365013547988,1.9346918347336524,0.2106731788143352,-0.6152882570617175,42.72
qwswm_lora_r16_lr5e5_s42,qwswm,Qwen-Math (qwswm),Qwen-2.5-7B,math,sweep,lora,LoRA,5e-05,42.0,qwswm_lora_r16_lr5e5,False,False,True,,,,-1.2865094569060576,43.56
qwswm_lora_r16_lr5e5_s43,qwswm,Qwen-Math (qwswm),Qwen-2.5-7B,math,sweep,lora,LoRA,5e-05,43.0,qwswm_lora_r16_lr5e5,False,False,True,1.9643867744695092,1.9346918347336524,0.029694939735857,-1.2890368810047244,43.39
qwswm_lora_r16_lr5e5_s44,qwswm,Qwen-Math (qwswm),Qwen-2.5-7B,math,sweep,lora,LoRA,5e-05,44.0,qwswm_lora_r16_lr5e5,False,False,True,1.96547976606459,1.9346918347336524,0.0307879313309376,-1.2898826348881838,43.79
qwswm_lora_r32_lr15e5_s42,qwswm,Qwen-Math (qwswm),Qwen-2.5-7B,math,sweep,lora,LoRA,0.00015,42.0,qwswm_lora_r32_lr15e5,False,False,True,2.04148291014371,1.9346918347336524,0.1067910754100576,-0.978810700930062,44.18
qwswm_lora_r32_lr1e3_s42,qwswm,Qwen-Math (qwswm),Qwen-2.5-7B,math,sweep,lora,LoRA,0.001,42.0,qwswm_lora_r32_lr1e3,False,False,True,,,,-0.0441679897675782,17.7
qwswm_lora_r32_lr1e3_s43,qwswm,Qwen-Math (qwswm),Qwen-2.5-7B,math,sweep,lora,LoRA,0.001,43.0,qwswm_lora_r32_lr1e3,False,False,True,3.907269615905197,1.9346918347336524,1.9725777811715448,-0.0278434641405063,6.54
qwswm_lora_r32_lr1e3_s44,qwswm,Qwen-Math (qwswm),Qwen-2.5-7B,math,sweep,lora,LoRA,0.001,44.0,qwswm_lora_r32_lr1e3,False,False,True,4.174169724262853,1.9346918347336524,2.239477889529201,-0.023925268380126,6.7
qwswm_lora_r32_lr1e4_s42,qwswm,Qwen-Math (qwswm),Qwen-2.5-7B,math,sweep,lora,LoRA,0.0001,42.0,qwswm_lora_r32_lr1e4,False,False,True,,,,-1.1073489661226996,43.46
qwswm_lora_r32_lr1e4_s43,qwswm,Qwen-Math (qwswm),Qwen-2.5-7B,math,sweep,lora,LoRA,0.0001,43.0,qwswm_lora_r32_lr1e4,False,False,True,2.011828993180994,1.9346918347336524,0.0771371584473414,-1.1079053973095196,44.39
qwswm_lora_r32_lr1e4_s44,qwswm,Qwen-Math (qwswm),Qwen-2.5-7B,math,sweep,lora,LoRA,0.0001,44.0,qwswm_lora_r32_lr1e4,False,False,True,2.009210977079821,1.9346918347336524,0.0745191423461686,-1.109020403010311,44.74
qwswm_lora_r32_lr2e4_ep6_s42,qwswm,Qwen-Math (qwswm),Qwen-2.5-7B,math,sweep,lora,LoRA,0.0002,42.0,qwswm_lora_r32_lr2e4_ep6,False,False,True,,,,-0.6852903070448263,41.45
qwswm_lora_r32_lr2e4_ep6_s43,qwswm,Qwen-Math (qwswm),Qwen-2.5-7B,math,sweep,lora,LoRA,0.0002,43.0,qwswm_lora_r32_lr2e4_ep6,False,False,True,2.402457711175437,1.9346918347336524,0.4677658764417844,-0.6577747706392096,44.34
qwswm_lora_r32_lr2e4_ep6_s44,qwswm,Qwen-Math (qwswm),Qwen-2.5-7B,math,sweep,lora,LoRA,0.0002,44.0,qwswm_lora_r32_lr2e4_ep6,False,False,True,2.4241480387305,1.9346918347336524,0.4894562039968475,-0.69058277422186,43.22
qwswm_lora_r32_lr2e4_s42,qwswm,Qwen-Math (qwswm),Qwen-2.5-7B,math,sweep,lora,LoRA,0.0002,42.0,qwswm_lora_r32_lr2e4,False,False,True,,,,-0.8671002300555171,43.6
qwswm_lora_r32_lr2e4_s43,qwswm,Qwen-Math (qwswm),Qwen-2.5-7B,math,sweep,lora,LoRA,0.0002,43.0,qwswm_lora_r32_lr2e4,False,False,True,2.015938193103267,1.8790178806577968,0.1369203124454701,-0.8425432318657744,44.46
qwswm_lora_r32_lr2e4_s44,qwswm,Qwen-Math (qwswm),Qwen-2.5-7B,math,sweep,lora,LoRA,0.0002,44.0,qwswm_lora_r32_lr2e4,False,False,True,2.066929939926266,1.9346918347336524,0.1322381051926138,-0.845576026885353,44.36
qwswm_lora_r32_lr2e5_s42,qwswm,Qwen-Math (qwswm),Qwen-2.5-7B,math,sweep,lora,LoRA,2e-05,42.0,qwswm_lora_r32_lr2e5,False,False,True,,,,-1.4111682744057927,43.47
qwswm_lora_r32_lr2e5_s43,qwswm,Qwen-Math (qwswm),Qwen-2.5-7B,math,sweep,lora,LoRA,2e-05,43.0,qwswm_lora_r32_lr2e5,False,False,True,1.953988003587468,1.9346918347336524,0.0192961688538155,-1.4145392704914994,43.36
qwswm_lora_r32_lr2e5_s44,qwswm,Qwen-Math (qwswm),Qwen-2.5-7B,math,sweep,lora,LoRA,2e-05,44.0,qwswm_lora_r32_lr2e5,False,False,True,1.955248526920863,1.9346918347336524,0.0205566921872106,-1.413412695328245,43.41
qwswm_lora_r32_lr3e4_s42,qwswm,Qwen-Math (qwswm),Qwen-2.5-7B,math,sweep,lora,LoRA,0.0003,42.0,qwswm_lora_r32_lr3e4,False,False,True,,,,-0.6974526275125145,44.22
qwswm_lora_r32_lr3e4_s43,qwswm,Qwen-Math (qwswm),Qwen-2.5-7B,math,sweep,lora,LoRA,0.0003,43.0,qwswm_lora_r32_lr3e4,False,False,True,2.143906645311532,1.9346918347336524,0.2092148105778792,-0.6683702823700677,42.86
qwswm_lora_r32_lr3e4_s44,qwswm,Qwen-Math (qwswm),Qwen-2.5-7B,math,sweep,lora,LoRA,0.0003,44.0,qwswm_lora_r32_lr3e4,False,False,True,2.140324356180768,1.9346918347336524,0.2056325214471153,-0.6779875614175995,39.75
qwswm_lora_r32_lr5e4_s42,qwswm,Qwen-Math (qwswm),Qwen-2.5-7B,math,sweep,lora,LoRA,0.0005,42.0,qwswm_lora_r32_lr5e4,False,True,True,,,,1.3199966469243694,0.0
qwswm_lora_r32_lr5e4_s43,qwswm,Qwen-Math (qwswm),Qwen-2.5-7B,math,sweep,lora,LoRA,0.0005,43.0,qwswm_lora_r32_lr5e4,False,False,True,2.4750286134132966,1.9346918347336524,0.5403367786796442,-0.413412695328245,35.7
qwswm_lora_r32_lr5e4_s44,qwswm,Qwen-Math (qwswm),Qwen-2.5-7B,math,sweep,lora,LoRA,0.0005,44.0,qwswm_lora_r32_lr5e4,False,False,True,2.4840068644565045,1.9346918347336524,0.5493150297228522,-0.4143137215475031,37.1
qwswm_lora_r32_lr5e5_s42,qwswm,Qwen-Math (qwswm),Qwen-2.5-7B,math,sweep,lora,LoRA,5e-05,42.0,qwswm_lora_r32_lr5e5,False,False,True,,,,-1.285670240254767,43.84
qwswm_lora_r32_lr5e5_s43,qwswm,Qwen-Math (qwswm),Qwen-2.5-7B,math,sweep,lora,LoRA,5e-05,43.0,qwswm_lora_r32_lr5e5,False,False,True,1.973067211730089,1.9346918347336524,0.0383753769964365,-1.2814983111327258,43.61
qwswm_lora_r32_lr5e5_s44,qwswm,Qwen-Math (qwswm),Qwen-2.5-7B,math,sweep,lora,LoRA,5e-05,44.0,qwswm_lora_r32_lr5e5,False,False,True,1.97586196854011,1.9346918347336524,0.0411701338064576,-1.284832642151542,44.14
qwswm_lora_r32_lr7e5_s42,qwswm,Qwen-Math (qwswm),Qwen-2.5-7B,math,sweep,lora,LoRA,7e-05,42.0,qwswm_lora_r32_lr7e5,False,False,True,1.9850023072699432,1.9346918347336524,0.0503104725362908,-1.2013493545547311,43.72
qwswm_lorawd_wd0p3_lr1e3_s42,qwswm,Qwen-Math (qwswm),Qwen-2.5-7B,math,sweep,lorawd,LoRA+wd,0.001,42.0,qwswm_lorawd_wd0p3_lr1e3,False,True,True,,,,1.1975699913132083,0.0
qwswm_lorawd_wd0p3_lr1e3_s43,qwswm,Qwen-Math (qwswm),Qwen-2.5-7B,math,sweep,lorawd,LoRA+wd,0.001,43.0,qwswm_lorawd_wd0p3_lr1e3,False,True,True,9.827086752359136,1.9346918347336524,7.892394917625484,1.0784060628108865,0.0
qwswm_lorawd_wd0p3_lr1e3_s44,qwswm,Qwen-Math (qwswm),Qwen-2.5-7B,math,sweep,lorawd,LoRA+wd,0.001,44.0,qwswm_lorawd_wd0p3_lr1e3,False,False,True,2.097952807556372,1.9346918347336524,0.163260972822719,-0.672436739812722,42.92
qwswm_lorawd_wd0p3_lr1e4_s42,qwswm,Qwen-Math (qwswm),Qwen-2.5-7B,math,sweep,lorawd,LoRA+wd,0.0001,42.0,qwswm_lorawd_wd0p3_lr1e4,False,False,True,,,,-1.1965428843515862,45.08
qwswm_lorawd_wd0p3_lr1e4_s43,qwswm,Qwen-Math (qwswm),Qwen-2.5-7B,math,sweep,lorawd,LoRA+wd,0.0001,43.0,qwswm_lorawd_wd0p3_lr1e4,False,False,True,1.987733390397236,1.9346918347336524,0.0530415556635837,-1.1992829217176149,44.44
qwswm_lorawd_wd0p3_lr1e4_s44,qwswm,Qwen-Math (qwswm),Qwen-2.5-7B,math,sweep,lorawd,LoRA+wd,0.0001,44.0,qwswm_lorawd_wd0p3_lr1e4,False,False,True,1.990124176447888,1.9346918347336524,0.0554323417142357,-1.198596289982645,44.61
qwswm_lorawd_wd0p3_lr2e4_s42,qwswm,Qwen-Math (qwswm),Qwen-2.5-7B,math,sweep,lorawd,LoRA+wd,0.0002,42.0,qwswm_lorawd_wd0p3_lr2e4,False,False,True,,,,-1.0675262353228467,45.86
qwswm_lorawd_wd0p3_lr2e4_s43,qwswm,Qwen-Math (qwswm),Qwen-2.5-7B,math,sweep,lorawd,LoRA+wd,0.0002,43.0,qwswm_lorawd_wd0p3_lr2e4,False,False,True,2.002915313732327,1.9346918347336524,0.0682234789986746,-1.0594835150674329,44.96
qwswm_lorawd_wd0p3_lr2e4_s44,qwswm,Qwen-Math (qwswm),Qwen-2.5-7B,math,sweep,lorawd,LoRA+wd,0.0002,44.0,qwswm_lorawd_wd0p3_lr2e4,False,False,True,2.0046883399583058,1.9346918347336524,0.0699965052246534,-1.0282604091122216,44.92
qwswm_lorawd_wd0p3_lr2e5_s42,qwswm,Qwen-Math (qwswm),Qwen-2.5-7B,math,sweep,lorawd,LoRA+wd,2e-05,42.0,qwswm_lorawd_wd0p3_lr2e5,False,False,True,,,,-1.4190750243243806,43.66
qwswm_lorawd_wd0p3_lr2e5_s43,qwswm,Qwen-Math (qwswm),Qwen-2.5-7B,math,sweep,lorawd,LoRA+wd,2e-05,43.0,qwswm_lorawd_wd0p3_lr2e5,False,False,True,1.953811905734273,1.9346918347336524,0.0191200710006209,-1.424812155072339,43.63
qwswm_lorawd_wd0p3_lr2e5_s44,qwswm,Qwen-Math (qwswm),Qwen-2.5-7B,math,sweep,lorawd,LoRA+wd,2e-05,44.0,qwswm_lorawd_wd0p3_lr2e5,False,False,True,1.954158347808049,1.9346918347336524,0.0194665130743969,-1.4213607900319276,43.38
qwswm_lorawd_wd0p3_lr3e4_ep6_s42,qwswm,Qwen-Math (qwswm),Qwen-2.5-7B,math,sweep,lorawd,LoRA+wd,0.0003,42.0,qwswm_lorawd_wd0p3_lr3e4_ep6,False,False,True,,,,-0.9415739755429946,44.57
qwswm_lorawd_wd0p3_lr3e4_ep6_s43,qwswm,Qwen-Math (qwswm),Qwen-2.5-7B,math,sweep,lorawd,LoRA+wd,0.0003,43.0,qwswm_lorawd_wd0p3_lr3e4_ep6,False,False,True,2.1214401057063204,1.9346918347336524,0.186748270972668,-0.9404365820987324,44.12
qwswm_lorawd_wd0p3_lr3e4_ep6_s44,qwswm,Qwen-Math (qwswm),Qwen-2.5-7B,math,sweep,lorawd,LoRA+wd,0.0003,44.0,qwswm_lorawd_wd0p3_lr3e4_ep6,False,False,True,2.1231322074220658,1.9346918347336524,0.1884403726884134,-0.944621668625,44.35
qwswm_lorawd_wd0p3_lr3e4_s42,qwswm,Qwen-Math (qwswm),Qwen-2.5-7B,math,sweep,lorawd,LoRA+wd,0.0003,42.0,qwswm_lorawd_wd0p3_lr3e4,False,False,True,,,,-0.9838026464875608,45.44
qwswm_lorawd_wd0p3_lr3e4_s43,qwswm,Qwen-Math (qwswm),Qwen-2.5-7B,math,sweep,lorawd,LoRA+wd,0.0003,43.0,qwswm_lorawd_wd0p3_lr3e4,False,False,True,,,,-1.0030507515046188,44.98
qwswm_lorawd_wd0p3_lr3e4_s44,qwswm,Qwen-Math (qwswm),Qwen-2.5-7B,math,sweep,lorawd,LoRA+wd,0.0003,44.0,qwswm_lorawd_wd0p3_lr3e4,False,False,True,,,,-0.9838026464875608,45.16
qwswm_lorawd_wd0p3_lr5e4_s42,qwswm,Qwen-Math (qwswm),Qwen-2.5-7B,math,sweep,lorawd,LoRA+wd,0.0005,42.0,qwswm_lorawd_wd0p3_lr5e4,False,False,True,,,,-0.90622821850127,45.06
qwswm_lorawd_wd0p3_lr5e4_s43,qwswm,Qwen-Math (qwswm),Qwen-2.5-7B,math,sweep,lorawd,LoRA+wd,0.0005,43.0,qwswm_lorawd_wd0p3_lr5e4,False,False,True,2.01720614298194,1.9346918347336524,0.0825143082482875,-0.9136401693252518,45.48
qwswm_lorawd_wd0p3_lr5e4_s44,qwswm,Qwen-Math (qwswm),Qwen-2.5-7B,math,sweep,lorawd,LoRA+wd,0.0005,44.0,qwswm_lorawd_wd0p3_lr5e4,False,False,True,2.0138028026978745,1.9346918347336524,0.0791109679642221,-0.9168558568569476,44.34
qwswm_lorawd_wd0p3_lr5e5_s42,qwswm,Qwen-Math (qwswm),Qwen-2.5-7B,math,sweep,lorawd,LoRA+wd,5e-05,42.0,qwswm_lorawd_wd0p3_lr5e5,False,False,True,,,,-1.322393047279507,43.63
qwswm_lorawd_wd0p3_lr5e5_s43,qwswm,Qwen-Math (qwswm),Qwen-2.5-7B,math,sweep,lorawd,LoRA+wd,5e-05,43.0,qwswm_lorawd_wd0p3_lr5e5,False,False,True,1.9695485898396237,1.9346918347336524,0.034856755105971,-1.3251388592621884,43.62
qwswm_lorawd_wd0p3_lr5e5_s44,qwswm,Qwen-Math (qwswm),Qwen-2.5-7B,math,sweep,lorawd,LoRA+wd,5e-05,44.0,qwswm_lorawd_wd0p3_lr5e5,False,False,True,1.9683531421642952,1.9346918347336524,0.0336613074306428,-1.322393047279507,44.03
qwswm_milora_r32_lr15e5_s42,qwswm,Qwen-Math (qwswm),Qwen-2.5-7B,math,sweep,milora,MiLoRA,0.00015,42.0,qwswm_milora_r32_lr15e5,False,False,True,2.170013641172605,1.9346918347336524,0.2353218064389528,-0.9051796196452,43.96
qwswm_milora_r32_lr1e3_s42,qwswm,Qwen-Math (qwswm),Qwen-2.5-7B,math,sweep,milora,MiLoRA,0.001,42.0,qwswm_milora_r32_lr1e3,False,False,True,,,,-0.1844222516757327,7.26
qwswm_milora_r32_lr1e3_s43,qwswm,Qwen-Math (qwswm),Qwen-2.5-7B,math,sweep,milora,MiLoRA,0.001,43.0,qwswm_milora_r32_lr1e3,False,True,True,10.063321464710288,1.9346918347336524,8.128629629976636,1.6602942612963905,0.0
qwswm_milora_r32_lr1e3_s44,qwswm,Qwen-Math (qwswm),Qwen-2.5-7B,math,sweep,milora,MiLoRA,0.001,44.0,qwswm_milora_r32_lr1e3,False,False,True,3.260178208344592,1.9346918347336524,1.3254863736109392,-0.1838913292600961,9.5
qwswm_milora_r32_lr1e4_s42,qwswm,Qwen-Math (qwswm),Qwen-2.5-7B,math,sweep,milora,MiLoRA,0.0001,42.0,qwswm_milora_r32_lr1e4,False,False,True,,,,-1.0078885122130503,44.06
qwswm_milora_r32_lr1e4_s43,qwswm,Qwen-Math (qwswm),Qwen-2.5-7B,math,sweep,milora,MiLoRA,0.0001,43.0,qwswm_milora_r32_lr1e4,False,False,True,2.1081597590553063,1.9346918347336524,0.1734679243216539,-1.0083309926200514,43.04
qwswm_milora_r32_lr1e4_s44,qwswm,Qwen-Math (qwswm),Qwen-2.5-7B,math,sweep,milora,MiLoRA,0.0001,44.0,qwswm_milora_r32_lr1e4,False,False,True,2.114939472367029,1.9346918347336524,0.1802476376333768,-1.0074464821678644,44.55
qwswm_milora_r32_lr2e4_s42,qwswm,Qwen-Math (qwswm),Qwen-2.5-7B,math,sweep,milora,MiLoRA,0.0002,42.0,qwswm_milora_r32_lr2e4,False,False,True,,,,-0.8250684064715574,43.46
qwswm_milora_r32_lr2e4_s43,qwswm,Qwen-Math (qwswm),Qwen-2.5-7B,math,sweep,milora,MiLoRA,0.0002,43.0,qwswm_milora_r32_lr2e4,False,False,True,2.1927378698024698,1.9346918347336524,0.2580460350688174,-0.8655041441653264,42.42
qwswm_milora_r32_lr2e4_s44,qwswm,Qwen-Math (qwswm),Qwen-2.5-7B,math,sweep,milora,MiLoRA,0.0002,44.0,qwswm_milora_r32_lr2e4,False,False,True,2.21697900582012,1.9346918347336524,0.2822871710864674,-0.8259401922749746,43.37
qwswm_milora_r32_lr2e5_s42,qwswm,Qwen-Math (qwswm),Qwen-2.5-7B,math,sweep,milora,MiLoRA,2e-05,42.0,qwswm_milora_r32_lr2e5,False,False,True,,,,-1.329754146925876,43.16
qwswm_milora_r32_lr2e5_s43,qwswm,Qwen-Math (qwswm),Qwen-2.5-7B,math,sweep,milora,MiLoRA,2e-05,43.0,qwswm_milora_r32_lr2e5,False,False,True,1.9329557776889112,1.8790178806577968,0.0539378970311144,-1.3288271572849168,43.3
qwswm_milora_r32_lr2e5_s44,qwswm,Qwen-Math (qwswm),Qwen-2.5-7B,math,sweep,milora,MiLoRA,2e-05,44.0,qwswm_milora_r32_lr2e5,False,False,True,1.9872592854871645,1.9346918347336524,0.0525674507535121,-1.329754146925876,42.76
qwswm_milora_r32_lr3e4_s42,qwswm,Qwen-Math (qwswm),Qwen-2.5-7B,math,sweep,milora,MiLoRA,0.0003,42.0,qwswm_milora_r32_lr3e4,False,False,True,,,,-0.7057542838618818,39.51
qwswm_milora_r32_lr3e4_s43,qwswm,Qwen-Math (qwswm),Qwen-2.5-7B,math,sweep,milora,MiLoRA,0.0003,43.0,qwswm_milora_r32_lr3e4,False,False,True,2.274295502689215,1.9346918347336524,0.3396036679555627,-0.7090754406172457,40.96
qwswm_milora_r32_lr3e4_s44,qwswm,Qwen-Math (qwswm),Qwen-2.5-7B,math,sweep,milora,MiLoRA,0.0003,44.0,qwswm_milora_r32_lr3e4,False,False,True,2.2390210943064868,1.8790178806577968,0.3600032136486899,-0.7314220281171567,43.14
qwswm_milora_r32_lr5e4_s42,qwswm,Qwen-Math (qwswm),Qwen-2.5-7B,math,sweep,milora,MiLoRA,0.0005,42.0,qwswm_milora_r32_lr5e4,False,False,True,,,,-0.5259294967849564,39.92
qwswm_milora_r32_lr5e4_s43,qwswm,Qwen-Math (qwswm),Qwen-2.5-7B,math,sweep,milora,MiLoRA,0.0005,43.0,qwswm_milora_r32_lr5e4,False,False,True,,,,-0.5215778122599194,39.2
qwswm_milora_r32_lr5e4_s44,qwswm,Qwen-Math (qwswm),Qwen-2.5-7B,math,sweep,milora,MiLoRA,0.0005,44.0,qwswm_milora_r32_lr5e4,False,False,True,,,,-0.5272435506827877,39.75
qwswm_milora_r32_lr5e5_s42,qwswm,Qwen-Math (qwswm),Qwen-2.5-7B,math,sweep,milora,MiLoRA,5e-05,42.0,qwswm_milora_r32_lr5e5,False,False,True,,,,-1.1598939055432422,44.24
qwswm_milora_r32_lr5e5_s43,qwswm,Qwen-Math (qwswm),Qwen-2.5-7B,math,sweep,milora,MiLoRA,5e-05,43.0,qwswm_milora_r32_lr5e5,False,False,True,2.0345846861317853,1.9346918347336524,0.0998928513981329,-1.1598939055432422,43.72
qwswm_milora_r32_lr5e5_s44,qwswm,Qwen-Math (qwswm),Qwen-2.5-7B,math,sweep,milora,MiLoRA,5e-05,44.0,qwswm_milora_r32_lr5e5,False,False,True,2.035960318368447,1.9346918347336524,0.1012684836347945,-1.161780778092374,43.55
qwswm_milora_r32_lr7e5_s42,qwswm,Qwen-Math (qwswm),Qwen-2.5-7B,math,sweep,milora,MiLoRA,7e-05,42.0,qwswm_milora_r32_lr7e5,False,False,True,2.066957919493161,1.9346918347336524,0.1322660847595091,-1.0904439707588247,44.09
qwswm_sclora_r32_lr1e3_s42,qwswm,Qwen-Math (qwswm),Qwen-2.5-7B,math,sweep,sclora,SC-LoRA,0.001,42.0,qwswm_sclora_r32_lr1e3,False,False,True,,,,-0.0658046506521155,6.36
qwswm_sclora_r32_lr1e3_s43,qwswm,Qwen-Math (qwswm),Qwen-2.5-7B,math,sweep,sclora,SC-LoRA,0.001,43.0,qwswm_sclora_r32_lr1e3,False,False,True,4.086870271872026,1.9346918347336524,2.152178437138374,-0.0675769736232611,7.24
qwswm_sclora_r32_lr1e3_s44,qwswm,Qwen-Math (qwswm),Qwen-2.5-7B,math,sweep,sclora,SC-LoRA,0.001,44.0,qwswm_sclora_r32_lr1e3,False,False,True,4.073955309372393,1.9346918347336524,2.139263474638741,-0.0600815796309432,6.56
qwswm_sclora_r32_lr1e4_s42,qwswm,Qwen-Math (qwswm),Qwen-2.5-7B,math,sweep,sclora,SC-LoRA,0.0001,42.0,qwswm_sclora_r32_lr1e4,False,False,True,,,,-0.7382614526474622,39.3
qwswm_sclora_r32_lr1e4_s43,qwswm,Qwen-Math (qwswm),Qwen-2.5-7B,math,sweep,sclora,SC-LoRA,0.0001,43.0,qwswm_sclora_r32_lr1e4,False,False,True,,,,-0.743282254022513,39.97
qwswm_sclora_r32_lr1e4_s44,qwswm,Qwen-Math (qwswm),Qwen-2.5-7B,math,sweep,sclora,SC-LoRA,0.0001,44.0,qwswm_sclora_r32_lr1e4,False,False,True,,,,-0.7430418474390682,40.33
qwswm_sclora_r32_lr2e4_s42,qwswm,Qwen-Math (qwswm),Qwen-2.5-7B,math,sweep,sclora,SC-LoRA,0.0002,42.0,qwswm_sclora_r32_lr2e4,False,False,True,,,,-0.5307672574933879,36.72
qwswm_sclora_r32_lr2e4_s43,qwswm,Qwen-Math (qwswm),Qwen-2.5-7B,math,sweep,sclora,SC-LoRA,0.0002,43.0,qwswm_sclora_r32_lr2e4,False,False,True,2.294576409829824,1.9346918347336524,0.3598845750961716,-0.5318004139273874,34.75
qwswm_sclora_r32_lr2e4_s44,qwswm,Qwen-Math (qwswm),Qwen-2.5-7B,math,sweep,sclora,SC-LoRA,0.0002,44.0,qwswm_sclora_r32_lr2e4,False,False,True,2.324968734351588,1.9346918347336524,0.3902768996179357,-0.5284149458148103,35.87
qwswm_sclora_r32_lr2e5_s42,qwswm,Qwen-Math (qwswm),Qwen-2.5-7B,math,sweep,sclora,SC-LoRA,2e-05,42.0,qwswm_sclora_r32_lr2e5,False,False,True,,,,-1.2588484011482148,44.16
qwswm_sclora_r32_lr2e5_s43,qwswm,Qwen-Math (qwswm),Qwen-2.5-7B,math,sweep,sclora,SC-LoRA,2e-05,43.0,qwswm_sclora_r32_lr2e5,False,False,True,1.9794590311471412,1.9346918347336524,0.044767196413489,-1.2588484011482148,44.28
qwswm_sclora_r32_lr2e5_s44,qwswm,Qwen-Math (qwswm),Qwen-2.5-7B,math,sweep,sclora,SC-LoRA,2e-05,44.0,qwswm_sclora_r32_lr2e5,False,False,True,1.979880501338132,1.9346918347336524,0.0451886666044794,-1.258060922270801,44.56
qwswm_sclora_r32_lr3e4_s42,qwswm,Qwen-Math (qwswm),Qwen-2.5-7B,math,sweep,sclora,SC-LoRA,0.0003,42.0,qwswm_sclora_r32_lr3e4,False,False,True,,,,-0.4223933226374644,30.12
qwswm_sclora_r32_lr3e4_s43,qwswm,Qwen-Math (qwswm),Qwen-2.5-7B,math,sweep,sclora,SC-LoRA,0.0003,43.0,qwswm_sclora_r32_lr3e4,False,False,True,2.4482274908819384,1.9346918347336524,0.513535656148286,-0.4222784754909791,32.61
qwswm_sclora_r32_lr3e4_s44,qwswm,Qwen-Math (qwswm),Qwen-2.5-7B,math,sweep,sclora,SC-LoRA,0.0003,44.0,qwswm_sclora_r32_lr3e4,False,False,False,2.519961707222472,1.9346918347336524,0.5852698724888192,-0.412401270278755,30.16
qwswm_sclora_r32_lr5e4_s42,qwswm,Qwen-Math (qwswm),Qwen-2.5-7B,math,sweep,sclora,SC-LoRA,0.0005,42.0,qwswm_sclora_r32_lr5e4,False,False,True,,,,-0.2767906895948886,20.92
qwswm_sclora_r32_lr5e4_s43,qwswm,Qwen-Math (qwswm),Qwen-2.5-7B,math,sweep,sclora,SC-LoRA,0.0005,43.0,qwswm_sclora_r32_lr5e4,False,False,True,2.8297596771683327,1.9346918347336524,0.8950678424346803,-0.2810003621212818,26.84
qwswm_sclora_r32_lr5e4_s44,qwswm,Qwen-Math (qwswm),Qwen-2.5-7B,math,sweep,sclora,SC-LoRA,0.0005,44.0,qwswm_sclora_r32_lr5e4,False,False,True,2.844025901429144,1.9346918347336524,0.9093340666954915,-0.2803373169819533,23.58
qwswm_sclora_r32_lr5e5_s42,qwswm,Qwen-Math (qwswm),Qwen-2.5-7B,math,sweep,sclora,SC-LoRA,5e-05,42.0,qwswm_sclora_r32_lr5e5,False,False,True,,,,-0.9706162223147904,43.95
qwswm_sclora_r32_lr5e5_s43,qwswm,Qwen-Math (qwswm),Qwen-2.5-7B,math,sweep,sclora,SC-LoRA,5e-05,43.0,qwswm_sclora_r32_lr5e5,False,False,True,2.036875777062052,1.9346918347336524,0.102183942328399,-0.97183558057553,42.84
qwswm_sclora_r32_lr5e5_s44,qwswm,Qwen-Math (qwswm),Qwen-2.5-7B,math,sweep,sclora,SC-LoRA,5e-05,44.0,qwswm_sclora_r32_lr5e5,False,False,True,2.038421982355392,1.9346918347336524,0.1037301476217398,-0.97183558057553,42.63
