run,family,family_label,model,task,recipe,method,method_display,lr,seed,cell,withheld,quarantined,straggler,on_pool,cs_avg,gsm8k,adapt_task,bbh,mmlu_pro,mmlu,arc_c,truthfulqa,retention_mean,retention_broad,fdelta,dw_sv_max,dw_sv_mean,adapt,fro_total,spec_max,spec_mean,stable_rank_w,eff_rank_w,e_top_w,e_bot_w,amp_top_w,forgetting_ce,base_entropy,forgetting_kl,log10_fdelta,log10_spec_max,log10_fro_total,log10_dw_sv_max,log10_dw_sv_mean
frc_clora_k1024_lr3e4_c256_s42,frc,Llama-CS grid (frc),Llama-2-7B,cs,faithful-CLoRA grid,clora,CLoRA,0.0003,42.0,frc_clora_k1024_lr3e4_c256,False,False,False,True,80.14,,cs,31.72,16.88,43.52,39.51,31.96,24.3,32.72,0.4413,21.1078,9.9019,80.14,370.6636015854243,21.114238739013672,9.903950087726116,7.465596397687664,22.098794024618247,0.058315760060984205,0.047342016639686485,0.056483724234019615,2.2697829769998994,1.8520239240816387,0.41775905291826065,-0.3552660725528074,1.3245754278208093,2.5689799412852596,1.3244429705103977,0.9957185360464158
frc_clora_k1024_lr3e4_c256_s43,frc,Llama-CS grid (frc),Llama-2-7B,cs,faithful-CLoRA grid,clora,CLoRA,0.0003,43.0,frc_clora_k1024_lr3e4_c256,False,False,False,True,59.72,,cs,32.05,16.6,36.79,37.88,35.14,24.32,31.69,0.4408,21.1398,9.9653,59.72,371.1311637703504,21.145610809326172,9.967087025940419,7.44785036999762,22.07402706618889,0.05843810505113093,0.04733963884388404,0.05657456759543041,2.300955573423611,1.8520239240816387,0.44893164934197216,-0.35575841415627135,1.3252202346372592,2.5695274234548164,1.3251008742056904,0.998490377435244
frc_clora_k1024_lr3e4_c256_s44,frc,Llama-CS grid (frc),Llama-2-7B,cs,faithful-CLoRA grid,clora,CLoRA,0.0003,44.0,frc_clora_k1024_lr3e4_c256,False,False,False,True,79.93,,cs,32.59,16.5,38.71,39.42,35.1,24.54,32.46,0.4514,20.1383,9.9465,79.93,371.14403562842637,20.144256591796875,9.948599003255367,7.4604129749533135,22.128028477455025,0.058483365432449454,0.04726851219065712,0.05662746526064407,2.300719129400923,1.8520239240816387,0.4486952053192841,-0.34543844525825673,1.3041512447183028,2.569542485730747,1.3040228062483517,0.9976702869676901
frc_clora_k1024_lr3e4_c256_s45,frc,Llama-CS grid (frc),Llama-2-7B,cs,faithful-CLoRA grid,clora,CLoRA,0.0003,45.0,frc_clora_k1024_lr3e4_c256,False,False,False,True,79.71,,cs,31.15,15.58,39.61,38.4,36.97,23.36,32.34,0.4608,20.5513,9.9838,79.71,370.6602700785272,20.554834365844727,9.986488905549049,7.347158193279949,21.964719353277708,0.05882354241924175,0.04729036574456235,0.056771205877144716,2.209820737932891,1.8100692116929957,0.3997515262398952,-0.3364875295848444,1.3129139815158102,2.568976037849482,1.3128392989599895,0.9992958724418771
frc_clora_k128_lr3e4_c256_s42,frc,Llama-CS grid (frc),Llama-2-7B,cs,faithful-CLoRA grid,clora,CLoRA,0.0003,42.0,frc_clora_k128_lr3e4_c256,False,False,False,True,79.53,,cs,29.96,15.33,35.59,35.67,33.18,22.64,29.95,0.61,28.765,12.9739,79.53,495.2318396365657,28.76190185546875,12.974754011631012,8.814808413358941,23.96263260813208,0.06317497775439465,0.04604527948416902,0.06111704501117328,2.408633733779311,1.8520239240816387,0.5566098096976724,-0.21467016498923297,1.4588176000010653,2.6948085587381243,1.458864378361518,1.1130705461596802
frc_clora_k128_lr3e4_c256_s43,frc,Llama-CS grid (frc),Llama-2-7B,cs,faithful-CLoRA grid,clora,CLoRA,0.0003,43.0,frc_clora_k128_lr3e4_c256,False,False,False,True,78.91,,cs,31.09,14.66,37.04,36.69,33.77,22.88,30.65,0.6168,28.7719,13.1514,78.91,495.0759905431478,28.767335891723633,13.15238164961338,8.55526439630947,23.616135017848197,0.06321138754405234,0.045953857243561685,0.061324232269626265,2.4122848917806365,1.8520239240816387,0.5602609676989978,-0.20985563495709944,1.4588996442644484,2.694671865076261,1.4589685421916687,1.118971987039563
frc_clora_k128_lr3e4_c256_s44,frc,Llama-CS grid (frc),Llama-2-7B,cs,faithful-CLoRA grid,clora,CLoRA,0.0003,44.0,frc_clora_k128_lr3e4_c256,False,False,False,True,79.21,,cs,29.95,15.89,33.24,37.71,33.96,22.92,30.15,0.5998,29.9815,12.8899,79.21,495.1471716870849,29.979999542236328,12.891291639208793,8.91212388943116,24.007522232909757,0.06309121074952964,0.046278947027695236,0.06110758669374298,2.3643913779739862,1.8100692116929957,0.5543221662809905,-0.22199353857649168,1.476831621881032,2.694734302674693,1.4768533571789215,1.1102495481046324
frc_clora_k128_lr3e4_c256_s45,frc,Llama-CS grid (frc),Llama-2-7B,cs,faithful-CLoRA grid,clora,CLoRA,0.0003,45.0,frc_clora_k128_lr3e4_c256,False,False,False,True,69.69,,cs,30.56,14.02,33.49,38.57,33.84,22.29,30.1,0.6329,30.5106,13.1027,69.69,494.95934840625586,30.51935386657715,13.103454351425171,8.613040690293094,23.821291540443113,0.0634017760709365,0.04605613608848565,0.06131483183450961,2.3616478338653977,1.8100692116929957,0.5515786221724019,-0.19866490432545342,1.4845753348152624,2.694569531281393,1.4844507482562046,1.1173607975090305
frc_clora_k2048_lr3e4_c256_s42,frc,Llama-CS grid (frc),Llama-2-7B,cs,faithful-CLoRA grid,clora,CLoRA,0.0003,42.0,frc_clora_k2048_lr3e4_c256,False,False,False,True,68.53,,cs,32.51,17.54,44.17,40.7,35.02,25.02,33.99,0.3436,16.4748,8.3793,68.53,293.1415066332131,16.493898391723633,8.38305759653449,5.956689094837085,18.9361682783548,0.05445072380749889,0.04895204183021555,0.052762462312051485,2.171742758854179,1.8520239240816387,0.3197188347725404,-0.4639468448407953,1.217323314826987,2.467077315625492,1.216820151070381,0.9232077395329982
frc_clora_k2048_lr3e4_c256_s43,frc,Llama-CS grid (frc),Llama-2-7B,cs,faithful-CLoRA grid,clora,CLoRA,0.0003,43.0,frc_clora_k2048_lr3e4_c256,False,False,False,True,75.63,,cs,33.64,16.9,44.86,40.02,37.83,25.27,34.65,0.3516,17.5681,8.4944,75.63,293.7223695573525,17.571374893188477,8.497913520038129,5.863729316438789,18.76077019098201,0.05447111357040687,0.04855671137752721,0.05275055733866241,2.189928495759926,1.8520239240816387,0.33790457167828736,-0.45395113359826567,1.2448057447146244,2.4679370231498714,1.2447247948399311,0.9291327079970818
frc_clora_k2048_lr3e4_c256_s44,frc,Llama-CS grid (frc),Llama-2-7B,cs,faithful-CLoRA grid,clora,CLoRA,0.0003,44.0,frc_clora_k2048_lr3e4_c256,False,False,False,True,65.73,,cs,33.6,16.83,44.37,41.04,35.66,25.22,34.3,0.349,16.2213,8.3797,65.73,293.0027290727127,16.23766326904297,8.383588828146458,5.967829816887521,18.89431685301264,0.054416378923452,0.04841763487986666,0.05280340794288566,2.170068059809116,1.8520239240816387,0.31804413572747725,-0.45717457304082015,1.2105235309163696,2.4668716654588883,1.2100856562994653,0.923228470816821
frc_clora_k2048_lr3e4_c256_s45,frc,Llama-CS grid (frc),Llama-2-7B,cs,faithful-CLoRA grid,clora,CLoRA,0.0003,45.0,frc_clora_k2048_lr3e4_c256,False,False,False,True,71.52,,cs,33.44,17.14,38.42,40.27,36.88,25.29,33.23,0.3359,16.6064,8.2727,71.52,293.3429075981437,16.62433433532715,8.27593711167574,6.10197041875656,19.011965913960704,0.054644889890287214,0.04880412256214,0.05281066162490215,2.1027025955595535,1.8100692116929957,0.2926333838665578,-0.4737899961583357,1.2207442644844932,2.46737559237091,1.2202754946073793,0.9176472754204583
frc_clora_k2048_lr3e4_c256_s46,frc,Llama-CS grid (frc),Llama-2-7B,cs,faithful-CLoRA grid,clora,CLoRA,0.0003,46.0,frc_clora_k2048_lr3e4_c256,False,False,False,True,65.51,,cs,33.8,17.19,45.06,38.48,39.46,25.49,34.8,0.3528,17.6585,8.3649,65.51,293.4282804844813,17.674522399902344,8.368352434039116,6.014800522068945,18.832658700202334,0.05429122946889238,0.04844578193418733,0.052663238070718744,2.150532061984792,1.8100692116929957,0.34046285029179635,-0.45247142354021785,1.2473476871428053,2.4675019686295103,1.246953809695094,0.922460753462456
frc_clora_k256_lr3e4_c256_s42,frc,Llama-CS grid (frc),Llama-2-7B,cs,faithful-CLoRA grid,clora,CLoRA,0.0003,42.0,frc_clora_k256_lr3e4_c256,False,False,False,True,79.41,,cs,30.86,14.45,37.76,38.48,34.81,22.66,31.27,0.6048,26.2256,12.2046,79.41,467.1335960102941,26.2257022857666,12.205878537893295,8.57339128931401,23.820533371307075,0.06232488191075851,0.04610887219890656,0.060115338713608094,2.4068927884298286,1.8520239240816387,0.5548688643481898,-0.2183882175068499,1.4187271267893098,2.6694411026489457,1.4187254329459893,1.0865235501899555
frc_clora_k256_lr3e4_c256_s43,frc,Llama-CS grid (frc),Llama-2-7B,cs,faithful-CLoRA grid,clora,CLoRA,0.0003,43.0,frc_clora_k256_lr3e4_c256,False,False,False,True,78.61,,cs,32.31,16.05,40.61,38.31,37.12,24.18,32.88,0.5696,27.3839,12.1964,78.61,466.822218956205,27.4075984954834,12.19767756164074,8.637434339162308,23.719205522500133,0.06245304674245749,0.04607580391213604,0.060391962645941585,2.3140700907075584,1.8100692116929957,0.5040008790145627,-0.24443001937120004,1.4378709835201062,2.6691515186253216,1.43749530018447,1.0862316592932166
frc_clora_k256_lr3e4_c256_s45,frc,Llama-CS grid (frc),Llama-2-7B,cs,faithful-CLoRA grid,clora,CLoRA,0.0003,45.0,frc_clora_k256_lr3e4_c256,False,False,False,True,78.72,,cs,31.53,14.62,34.94,37.03,31.27,23.08,29.88,0.5839,26.7519,12.2391,78.72,466.34713001874815,26.75950813293457,12.240658056735992,8.511127375249147,23.623109237232025,0.06231691940708594,0.04622224913263321,0.06020362814553621,2.332762782874611,1.8100692116929957,0.5226935711816154,-0.2336615247487127,1.42747812639341,2.66870930838341,1.4273546323464912,1.087749483217675
frc_clora_k512_lr3e4_c256_s42,frc,Llama-CS grid (frc),Llama-2-7B,cs,faithful-CLoRA grid,clora,CLoRA,0.0003,42.0,frc_clora_k512_lr3e4_c256,False,False,False,True,78.86,,cs,31.3,15.89,42.64,37.88,32.81,23.6,32.1,0.5069,24.2164,10.9874,78.86,425.9881718765362,24.215944290161133,10.988516920804978,8.542781003726393,23.43726811987103,0.061174361427639136,0.04636041695358806,0.05882012491282207,2.3297962392640645,1.8520239240816387,0.4777723151824258,-0.2950777087765982,1.3841014088362174,2.629397540511012,1.3841095815675304,1.0408949354405703
frc_clora_k512_lr3e4_c256_s43,frc,Llama-CS grid (frc),Llama-2-7B,cs,faithful-CLoRA grid,clora,CLoRA,0.0003,43.0,frc_clora_k512_lr3e4_c256,False,False,False,True,79.2,,cs,30.55,13.63,32.32,37.03,32.35,22.09,29.18,0.5413,23.0597,11.23,79.2,427.1351348077743,23.06119728088379,11.231320896744728,8.143385601586635,23.238090768006128,0.06087800647115825,0.04648113653355572,0.058835673376995974,2.3062219308036,1.8100692116929957,0.4961527191106041,-0.2665619729089387,1.3628818510498786,2.6305652966095656,1.362853652950351,1.0503797562614579
frc_clora_k512_lr3e4_c256_s44,frc,Llama-CS grid (frc),Llama-2-7B,cs,faithful-CLoRA grid,clora,CLoRA,0.0003,44.0,frc_clora_k512_lr3e4_c256,False,False,False,True,79.74,,cs,31.41,14.94,39.92,36.35,34.66,23.18,31.46,0.5411,21.9908,11.1581,79.74,426.2818749195234,21.987247467041016,11.159408354759217,8.250801516439951,23.32356332495161,0.06093185712074445,0.04647940044592454,0.05883659083514863,2.3653134915187173,1.8520239240816387,0.5132895674370785,-0.26672246606741823,1.342170864435937,2.629696867271154,1.3422410287816995,1.0475902492820561
frc_clora_k512_lr3e4_c256_s45,frc,Llama-CS grid (frc),Llama-2-7B,cs,faithful-CLoRA grid,clora,CLoRA,0.0003,45.0,frc_clora_k512_lr3e4_c256,False,False,False,True,79.49,,cs,32.04,16.29,39.12,36.86,33.06,24.16,31.47,0.502,24.5229,11.1135,79.49,427.056839490937,24.52274513244629,11.114915603399277,8.383942808382479,23.418004666902824,0.06098135881376707,0.04649438319476531,0.05887233826773482,2.2962442237403358,1.8100692116929957,0.48617501204734004,-0.29929628285498067,1.3895690844900337,2.630485681663091,1.3895718271646922,1.0458508538380915
frc_clora_k512_lr3e4_c256_s46,frc,Llama-CS grid (frc),Llama-2-7B,cs,faithful-CLoRA grid,clora,CLoRA,0.0003,46.0,frc_clora_k512_lr3e4_c256,False,False,False,True,79.64,,cs,31.76,15.29,38.71,39.42,38.4,23.52,32.72,0.5122,24.9103,11.1303,79.64,426.6054526549626,24.91706085205078,11.13184944242239,8.356628729909856,23.286665697311165,0.06086237972520662,0.046505439116803014,0.058777126384648805,2.3535711207929007,1.8100692116929957,0.5435019090999049,-0.2905604258675891,1.3964968128259567,2.6300264020811275,1.3963789578681012,1.0465068702276727
frc_cordapp_a1r_lr2e5_c256_s42,frc,Llama-CS grid (frc),Llama-2-7B,cs,faithful-CLoRA grid,cordapp,CorDA++ (withheld),2e-05,42.0,frc_cordapp_a1r_lr2e5_c256,True,False,False,False,37.73,,cs,34.27,18.84,42.52,46.5,39.49,26.56,36.32,0.1737,47.5914,1.975,37.73,2195.1530561364048,1526.172607421875,63.27351227402687,1.3177857739270533,2.4666083706291397,0.14025689328092328,0.050694681377571583,0.11131399445560027,1.8690609189652403,1.8520239240816387,0.017036994883601553,-0.7602001815529014,3.1836036543342194,3.3414648066364827,1.6775284806619977,0.29556709996247904
frc_cordapp_lr1e3_c256_s42,frc,Llama-CS grid (frc),Llama-2-7B,cs,faithful-CLoRA grid,cordapp,CorDA++ (withheld),0.001,42.0,frc_cordapp_lr1e3_c256,True,True,False,False,1.44,,cs,0.0,0.0,22.95,26.54,49.72,0.0,19.84,110.3962,117927.0625,1512.6628,1.44,5161352.134216556,3773799.0,48410.58045806885,1.3213385355448637,2.010800556914527,0.20993702586218077,0.02506266160351734,0.26207407693294593,9.447271328529421,1.8520239240816387,7.5952474044477825,2.042954124593958,6.5767787650616825,6.71276348990316,5.071613480631421,3.1797421266876884
frc_cordapp_lr1e4_c256_s42,frc,Llama-CS grid (frc),Llama-2-7B,cs,faithful-CLoRA grid,cordapp,CorDA++ (withheld),0.0001,42.0,frc_cordapp_lr1e4_c256,True,False,False,False,52.1,,cs,33.05,18.02,44.36,45.31,33.44,25.53,34.84,0.4333,210.7126,11.2751,52.1,15375.608787817964,6741.32080078125,361.16507520675657,1.945331579146462,6.076634969718126,0.17789783782414273,0.03379732739748592,0.11761652366343762,2.0817783651783777,1.8520239240816387,0.22975444109673893,-0.3632113109656252,3.8287449945018026,4.1868323204120514,2.3236905059301725,1.0521204023686765
frc_cordapp_lr2e4_c256_s42,frc,Llama-CS grid (frc),Llama-2-7B,cs,faithful-CLoRA grid,cordapp,CorDA++ (withheld),0.0002,42.0,frc_cordapp_lr2e4_c256,True,False,False,False,73.51,,cs,31.53,14.44,43.58,43.43,35.3,22.98,33.66,0.5616,521.8422,21.0637,73.51,36846.76923242836,16697.57421875,674.655069065094,2.519619123756399,8.820616845370857,0.17964007190873546,0.030356999009403925,0.11640046697263537,2.062265089991276,1.8520239240816387,0.21024116590963704,-0.2505729008782511,4.222653382528863,4.5663994144192275,2.7175391964316593,1.3235346606976897
frc_cordapp_lr2e5_c256_s42,frc,Llama-CS grid (frc),Llama-2-7B,cs,faithful-CLoRA grid,cordapp,CorDA++ (withheld),2e-05,42.0,frc_cordapp_lr2e5_c256,True,False,False,False,52.18,,cs,33.74,18.32,43.06,45.14,38.97,26.03,35.85,0.2288,53.0372,2.8477,52.18,3009.576373135428,1700.6856689453125,91.24631103277207,1.5196606330210323,4.05184459412315,0.15181401028887195,0.04402659865983546,0.10661916751963532,1.8770420309305895,1.8520239240816387,0.025018106848950783,-0.6405439798790133,3.230624052085658,3.4785053687641234,1.724580588235185,0.4544942352432072
frc_cordapp_lr3e4_c256_s42,frc,Llama-CS grid (frc),Llama-2-7B,cs,faithful-CLoRA grid,cordapp,CorDA++ (withheld),0.0003,42.0,frc_cordapp_lr3e4_c256,True,False,False,False,78.5,,cs,31.25,13.63,41.33,40.87,33.76,22.44,32.17,0.7653,721.8481,29.7806,78.5,61202.59802237317,23100.091796875,953.8693405151367,3.281927361386587,10.176968385708232,0.14209368111473272,0.03144493298888042,0.11474815498958933,2.316933956814651,1.8520239240816387,0.46491003273301246,-0.11616828667054754,4.363613705727515,4.78676985813955,2.858445817691043,1.4739334433847322
frc_cordapp_lr5e4_c256_s42,frc,Llama-CS grid (frc),Llama-2-7B,cs,faithful-CLoRA grid,cordapp,CorDA++ (withheld),0.0005,42.0,frc_cordapp_lr5e4_c256,True,True,False,False,77.77,,cs,25.5,7.05,25.59,37.03,36.15,16.27,26.26,10.5845,20049.207,274.2,77.77,992186.0203626312,641558.3125,8775.514497184753,1.7752485260895694,3.632882341142681,0.18874111528496743,0.022709832375092803,0.25069319307824894,6.7532861304286875,1.8520239240816387,4.901262206347049,1.0246703472520045,5.807236136386755,5.996593103649432,4.302097199782389,2.438067450453494
frc_cordapp_lr7e4_c256_s42,frc,Llama-CS grid (frc),Llama-2-7B,cs,faithful-CLoRA grid,cordapp,CorDA++ (withheld),0.0007,42.0,frc_cordapp_lr7e4_c256,True,True,False,False,71.82,,cs,26.77,5.19,23.63,36.35,37.14,15.98,25.82,31.046,98342.5391,1156.7469,71.82,4091749.1411650465,3147126.5,37018.20167789459,1.2069287404943683,1.7125810360857336,0.1852963766045258,0.023465217117687336,0.3221906041730837,7.716050269976937,1.8520239240816387,5.864026345895298,1.4920056531492256,6.4979141999033105,6.6119089999307965,4.992741417121556,3.0632383442949536
frc_dora_r32_lr3e4_c256_s42,frc,Llama-CS grid (frc),Llama-2-7B,cs,faithful-CLoRA grid,dora,DoRA,0.0003,42.0,frc_dora_r32_lr3e4_c256,False,False,False,True,78.54,,cs,27.14,14.67,34.25,37.12,36.17,20.9,29.87,0.8973,116.6841,18.9455,78.54,620.9659489013825,116.68265533447266,18.946882620453835,7.210838771736299,20.86886329780365,0.08026786964394478,0.04583916478637464,0.073671575079553,2.5003465475859667,1.8520239240816387,0.648322623504328,-0.047062332249019415,2.067006303754352,2.793067785990291,2.0670116807864476,1.2775060714413369
frc_dora_r32_lr3e4_c256_s43,frc,Llama-CS grid (frc),Llama-2-7B,cs,faithful-CLoRA grid,dora,DoRA,0.0003,43.0,frc_dora_r32_lr3e4_c256,False,False,False,True,78.98,,cs,31.21,14.34,36.85,38.05,33.88,22.78,30.87,0.936,107.6163,19.0248,78.98,615.2638584601505,107.61677551269531,19.02650884091854,6.914366758444561,20.662163755285324,0.07928846398487026,0.0457085209882155,0.0731104924243888,2.443407126724521,1.8100692116929957,0.6333379150315255,-0.028724151261894745,2.0318799752776306,2.7890614047153313,2.0318780563110486,1.2793200999050054
frc_dora_r32_lr3e4_c256_s44,frc,Llama-CS grid (frc),Llama-2-7B,cs,faithful-CLoRA grid,dora,DoRA,0.0003,44.0,frc_dora_r32_lr3e4_c256,False,False,False,True,78.84,,cs,29.92,12.38,30.6,37.46,34.31,21.15,28.93,0.9182,144.9327,19.0177,78.84,626.4343795696302,144.93174743652344,19.01996319293976,7.232031456940945,20.87877233944694,0.08313346424811295,0.045660626672204434,0.07535828350897653,2.4675555396690863,1.8100692116929957,0.6574863279760905,-0.03706271156999801,2.1611635285096704,2.796875584375015,2.1611663828994736,1.279157992217166
frc_lora_l2_lr3e4_c256_s42,frc,Llama-CS grid (frc),Llama-2-7B,cs,faithful-CLoRA grid,lora,LoRA,0.0003,42.0,frc_lora_l2_lr3e4_c256,False,False,False,True,78.38,,cs,29.52,13.89,36.03,36.18,34.33,21.7,29.99,0.7172,62.0217,17.6298,78.38,593.2208977148202,62.0201416015625,17.631546273827553,7.500934054462585,21.49889859651197,0.06953333107938814,0.04618066973392886,0.06558722449350325,2.4559773847956423,1.8520239240816387,0.6039534607140036,-0.1443597191098548,1.79253275346382,2.773216441753463,1.7925436659725882,1.2462473855047072
frc_lora_l2_lr3e4_c256_s43,frc,Llama-CS grid (frc),Llama-2-7B,cs,faithful-CLoRA grid,lora,LoRA,0.0003,43.0,frc_lora_l2_lr3e4_c256,False,False,False,True,77.63,,cs,30.56,14.58,37.29,36.26,33.84,22.57,30.51,0.7153,56.4143,17.5242,77.63,591.8852068873632,56.41366958618164,17.525307402014732,7.5469177684643265,21.56993788123892,0.06866579057250786,0.04624618936668913,0.06553595432775283,2.4468293970340933,1.8100692116929957,0.6367601853410976,-0.14551177495556958,1.7513843505531848,2.772237485693305,1.7513892036980856,1.243638201045782
frc_lora_l2_lr3e4_c256_s44,frc,Llama-CS grid (frc),Llama-2-7B,cs,faithful-CLoRA grid,lora,LoRA,0.0003,44.0,frc_lora_l2_lr3e4_c256,False,False,False,True,78.42,,cs,31.45,14.55,40.34,36.35,33.19,23.0,31.18,0.7235,60.4361,17.6572,78.42,592.134835722105,60.434810638427734,17.658919075131415,7.453350380248687,21.438122011719887,0.06974019419271862,0.04631038620114742,0.06604691482293329,2.423823566829465,1.8100692116929957,0.6137543551364695,-0.1405614645449437,1.7812871656628104,2.772420611693131,1.7812964311281416,1.246921836220026
frc_lora_l2_lr3e4_c256_s45,frc,Llama-CS grid (frc),Llama-2-7B,cs,faithful-CLoRA grid,lora,LoRA,0.0003,45.0,frc_lora_l2_lr3e4_c256,False,False,False,True,78.87,,cs,31.29,15.48,35.96,35.41,34.36,23.38,30.5,0.7332,60.3047,17.7053,78.87,592.360680717195,60.303932189941406,17.70793499946594,7.391720298746203,21.433406228712844,0.06888550509900215,0.04629128871902566,0.06550499701433109,2.416584319112975,1.8100692116929957,0.6065151074199793,-0.13477754370982095,1.7803456317539972,2.7725862235252747,1.7803511613030112,1.2481032898764375
frc_lora_null_lr1e3_c256_s42,frc,Llama-CS grid (frc),Llama-2-7B,cs,faithful-CLoRA grid,lora_null,LoRA-Null,0.001,42.0,frc_lora_null_lr1e3_c256,False,True,False,True,38.1,,cs,4.91,0.06,23.02,23.29,47.27,2.48,19.71,7.6799,365.5778,78.7292,38.1,3169.1570464991473,365.570556640625,78.7350642979145,12.254565233539731,25.876787028118414,0.10025618170507009,0.04761405698681482,0.10930678987730805,10.711468119036729,1.8520239240816387,8.85944419495509,0.8853555651186297,2.562971210028334,3.500943761038843,2.562979814987857,1.8961358384183853
frc_lora_null_lr1e3_c256_s43,frc,Llama-CS grid (frc),Llama-2-7B,cs,faithful-CLoRA grid,lora_null,LoRA-Null,0.001,43.0,frc_lora_null_lr1e3_c256,False,True,False,True,39.67,,cs,2.75,0.0,23.05,21.33,47.73,1.38,18.97,8.021,430.3956,82.1931,39.67,3307.151671653331,430.46270751953125,82.19773961901664,12.100091194392098,25.6512110914999,0.0998872851256175,0.04743648628651957,0.10984965017798015,9.211153445183633,1.8100692116929957,7.4010842334906375,0.9042285163400785,2.633935532978946,3.519454112860972,2.6338678228221615,1.9148353606336852
frc_lora_null_lr1e3_c256_s44,frc,Llama-CS grid (frc),Llama-2-7B,cs,faithful-CLoRA grid,lora_null,LoRA-Null,0.001,44.0,frc_lora_null_lr1e3_c256,False,True,False,True,37.25,,cs,2.15,0.0,23.93,23.55,47.1,1.08,19.35,6.565,358.459,72.0998,37.25,2928.266669341626,358.45098876953125,72.10327830910683,12.582092698119,26.350994101515347,0.09720487081680966,0.04779335003153909,0.10439209925362518,5.80027620845118,1.8100692116929957,3.990206996758184,0.8172347304254982,2.554429782703807,3.4666106242135437,2.554439488896329,1.8579340600173924
frc_lora_null_lr1e4_c256_s42,frc,Llama-CS grid (frc),Llama-2-7B,cs,faithful-CLoRA grid,lora_null,LoRA-Null,0.0001,42.0,frc_lora_null_lr1e4_c256,False,False,False,True,51.06,,cs,32.7,15.45,44.56,41.64,31.91,24.08,33.25,0.3105,13.5754,5.9409,51.06,218.10898896691563,13.578371047973633,5.94238872230053,8.680966754140785,30.502969359632218,0.12120869823221,0.040761395286099227,0.10908858264009524,2.124705683811734,1.8520239240816387,0.27268175973009523,-0.507938395487401,1.1328476722044576,2.338673564607967,1.1327526349631634,0.7738522421909101
frc_lora_null_lr1e4_c256_s43,frc,Llama-CS grid (frc),Llama-2-7B,cs,faithful-CLoRA grid,lora_null,LoRA-Null,0.0001,43.0,frc_lora_null_lr1e4_c256,False,False,False,True,74.89,,cs,32.99,15.79,46.09,40.1,34.97,24.39,33.99,0.3151,13.7126,5.9282,74.89,217.9553545812934,13.717183113098145,5.929455570876598,8.734209478528015,30.53514835433689,0.12119586995437961,0.04069295923312427,0.1090877879866911,2.077451387400753,1.8100692116929957,0.26738217570775746,-0.5015515968260004,1.1372649361491456,2.338367542940962,1.1371198077142048,0.7729228470345617
frc_lora_null_lr1e4_c256_s44,frc,Llama-CS grid (frc),Llama-2-7B,cs,faithful-CLoRA grid,lora_null,LoRA-Null,0.0001,44.0,frc_lora_null_lr1e4_c256,False,False,False,True,69.3,,cs,34.02,17.4,44.89,41.38,34.97,25.71,34.53,0.31,13.475,5.9243,69.3,218.3103437291595,13.476339340209961,5.925748305022717,8.723741945826852,30.509191592560683,0.12102286429869448,0.04066594255386646,0.1089853913555696,2.0793003906824934,1.8100692116929957,0.26923117898949767,-0.5086383061657274,1.1295719381747098,2.339074313437366,1.1295287738587763,0.7726370425982739
frc_lora_null_lr1e4_c256_s45,frc,Llama-CS grid (frc),Llama-2-7B,cs,faithful-CLoRA grid,lora_null,LoRA-Null,0.0001,45.0,frc_lora_null_lr1e4_c256,False,False,False,True,77.15,,cs,34.45,17.07,45.51,38.4,35.18,25.76,34.12,0.3141,13.8215,5.8925,77.15,218.10757715432638,13.823171615600586,5.893907633423805,8.766375726122085,30.578346676060562,0.12119953700851242,0.04074857938961432,0.10901398909704967,2.088098316732558,1.8100692116929957,0.27802910503956224,-0.5029320636014952,1.1406076998488561,2.3386707534244193,1.14055517808682,0.7702995911963614
frc_lora_null_lr2e4_c256_s42,frc,Llama-CS grid (frc),Llama-2-7B,cs,faithful-CLoRA grid,lora_null,LoRA-Null,0.0002,42.0,frc_lora_null_lr2e4_c256,False,False,False,True,80.12,,cs,32.51,14.15,39.69,37.12,31.32,23.33,30.96,0.534,27.3841,10.6335,80.12,439.745320907304,27.38395118713379,10.634160193800927,10.931041629395443,30.402012479535237,0.10165741024956455,0.04202630730525887,0.09513583301960502,2.398510818139287,1.8520239240816387,0.5464868940576482,-0.27245874297144357,1.437496111985162,2.6432012270608247,1.43749847206938,1.0266762354077126
frc_lora_null_lr2e4_c256_s43,frc,Llama-CS grid (frc),Llama-2-7B,cs,faithful-CLoRA grid,lora_null,LoRA-Null,0.0002,43.0,frc_lora_null_lr2e4_c256,False,False,False,True,79.75,,cs,31.95,14.63,41.44,37.37,32.36,23.29,31.55,0.5343,29.1502,10.6804,79.75,440.0752014076673,29.14997100830078,10.681008699536324,10.958803504184633,30.35156755084074,0.10246816177916383,0.04189070994455196,0.09549395680570139,2.3434972588692133,1.8100692116929957,0.5334280471762176,-0.27221482581709405,1.4646381271587978,2.6435268964083227,1.4646415388068137,1.0285875180988766
frc_lora_null_lr2e4_c256_s44,frc,Llama-CS grid (frc),Llama-2-7B,cs,faithful-CLoRA grid,lora_null,LoRA-Null,0.0002,44.0,frc_lora_null_lr2e4_c256,False,False,False,True,80.23,,cs,31.5,15.17,36.95,38.65,34.55,23.34,31.36,0.5367,33.2341,10.7168,80.23,440.28996143361894,33.233795166015625,10.71756715476513,10.920915186803281,30.34963967927589,0.10271112294106909,0.04181053185779861,0.09562959871819891,2.3803951934978165,1.8100692116929957,0.5703259818048207,-0.2702684047129646,1.5215799387973652,2.643738783702348,1.5215839223060044,1.0300651258597728
frc_lora_null_lr2e4_c256_s45,frc,Llama-CS grid (frc),Llama-2-7B,cs,faithful-CLoRA grid,lora_null,LoRA-Null,0.0002,45.0,frc_lora_null_lr2e4_c256,False,False,False,True,80.56,,cs,32.93,12.88,40.02,38.14,31.96,22.9,31.19,0.539,33.6749,10.7027,80.56,440.29224247580294,33.67414474487305,10.703375166654586,10.947167513812847,30.309700982637494,0.10253353189422298,0.041818076156600464,0.09559971927030687,2.3836648286749424,1.8520239240816387,0.5316409045933037,-0.2684112348132613,1.527296574334176,2.6437410336774874,1.5273063147287227,1.0294933521881797
frc_lora_null_lr2e4_c256_s46,frc,Llama-CS grid (frc),Llama-2-7B,cs,faithful-CLoRA grid,lora_null,LoRA-Null,0.0002,46.0,frc_lora_null_lr2e4_c256,False,False,False,True,78.57,,cs,31.64,13.93,39.0,37.8,31.4,22.78,30.75,0.535,37.3063,10.7963,78.57,441.10941098291875,37.30709457397461,10.796989580988884,10.888948491480836,30.264430459935355,0.10350848299869102,0.04180980450312924,0.09570880994307429,2.3752112366713884,1.8100692116929957,0.5651420249783927,-0.27164621797877153,1.5717914280914007,2.6445463234649895,1.5717821783020132,1.0332749439221203
frc_lora_null_lr2e5_c256_s42,frc,Llama-CS grid (frc),Llama-2-7B,cs,faithful-CLoRA grid,lora_null,LoRA-Null,2e-05,42.0,frc_lora_null_lr2e5_c256,False,False,False,True,57.71,,cs,34.65,18.38,46.7,46.42,36.19,26.52,36.47,0.1596,4.0258,1.8068,57.71,49.15025726430451,4.026056289672852,1.8069592777639627,5.265895980624553,25.465645257489125,0.1421457601702802,0.038416294012297895,0.13041929457532067,1.9384578438278937,1.8520239240816387,0.08643391974625492,-0.7969671129852894,0.6048798426150825,1.6915257953761997,0.6048521955268282,0.2569100818893566
frc_lora_null_lr2e5_c256_s43,frc,Llama-CS grid (frc),Llama-2-7B,cs,faithful-CLoRA grid,lora_null,LoRA-Null,2e-05,43.0,frc_lora_null_lr2e5_c256,False,False,False,True,70.6,,cs,33.6,18.39,46.52,46.33,36.23,26.0,36.21,0.1581,4.0893,1.8078,70.6,49.03082085671131,4.089919090270996,1.808024574816227,5.225184903287179,25.380666129743883,0.1419584531301483,0.03836570535211421,0.1304904188255957,1.895269618028632,1.8100692116929957,0.08520040633563619,-0.801068130067791,0.6117147165656779,1.690469164112097,0.6116489725170005,0.2571503820570008
frc_lora_null_lr3e4_c256_s42,frc,Llama-CS grid (frc),Llama-2-7B,cs,faithful-CLoRA grid,lora_null,LoRA-Null,0.0003,42.0,frc_lora_null_lr3e4_c256,False,False,False,True,78.65,,cs,28.63,8.69,24.68,36.77,33.97,18.66,26.55,0.7731,86.5699,14.9932,78.65,658.713366184307,86.56841278076172,14.994580048322678,13.109176270250055,30.25507838668837,0.09431658138501231,0.04266274034602497,0.08872493108859819,2.615585326108065,1.8520239240816387,0.7635614020264261,-0.11176432672943282,1.9373594548642226,2.8186964759528146,1.9373669158484288,1.1758943342508894
frc_lora_null_lr3e4_c256_s43,frc,Llama-CS grid (frc),Llama-2-7B,cs,faithful-CLoRA grid,lora_null,LoRA-Null,0.0003,43.0,frc_lora_null_lr3e4_c256,False,False,False,True,78.31,,cs,29.26,12.23,30.22,36.35,33.19,20.74,28.25,0.761,81.8124,14.9535,78.31,657.5298500658882,81.8141098022461,14.95482037961483,13.096345562056168,30.29645702164306,0.09391711380538655,0.042669762096960356,0.08853044877027229,2.581426295532599,1.8100692116929957,0.7713570838396031,-0.11861534322942717,1.9128282093048141,2.817915473396984,1.9128191330532758,1.1747428550540546
frc_lora_null_lr3e4_c256_s44,frc,Llama-CS grid (frc),Llama-2-7B,cs,faithful-CLoRA grid,lora_null,LoRA-Null,0.0003,44.0,frc_lora_null_lr3e4_c256,False,False,False,True,78.18,,cs,28.41,8.23,25.56,38.99,33.95,18.32,27.03,0.781,77.9604,15.0227,78.18,658.3770272003364,77.95926666259766,15.024038380384445,13.008808526733327,30.21675411123966,0.0943391268104251,0.042637342156313776,0.08970128722824784,2.6230459969421487,1.8100692116929957,0.812976785249153,-0.10734896612269966,1.8918677451982115,2.818474668598215,1.8918740587337715,1.1767479945669999
frc_lora_null_lr3e4_c256_s45,frc,Llama-CS grid (frc),Llama-2-7B,cs,faithful-CLoRA grid,lora_null,LoRA-Null,0.0003,45.0,frc_lora_null_lr3e4_c256,False,False,False,True,78.23,,cs,29.07,7.11,27.94,36.43,32.1,18.09,26.53,0.7717,54.7348,14.7376,78.23,653.8094259935509,54.734283447265625,14.738915112614631,13.117555224278144,30.356678110389986,0.09247680019131856,0.04280233211628313,0.08859416122140899,2.5826145832020866,1.8100692116929957,0.7725453715090909,-0.11255149975004627,1.73825943690036,2.8154511775283457,1.7382635355188027,1.1684267649598612
frc_lora_null_lr5e4_c256_s42,frc,Llama-CS grid (frc),Llama-2-7B,cs,faithful-CLoRA grid,lora_null,LoRA-Null,0.0005,42.0,frc_lora_null_lr5e4_c256,False,False,False,True,71.16,,cs,26.0,6.86,23.76,32.34,31.96,16.43,24.18,1.2055,159.5775,21.7528,71.16,1036.1546520182694,159.5753631591797,21.75497716665268,16.256593855388637,30.552332108639213,0.08666960928367926,0.0439881957730383,0.08330282766695898,2.964560673775605,1.8520239240816387,1.1125367496939664,0.08116721471347248,2.202965841463731,3.0154245811867777,2.2029716569727493,1.3375151668668952
frc_lora_null_lr5e4_c256_s43,frc,Llama-CS grid (frc),Llama-2-7B,cs,faithful-CLoRA grid,lora_null,LoRA-Null,0.0005,43.0,frc_lora_null_lr5e4_c256,False,False,False,True,72.97,,cs,27.28,7.66,23.55,32.0,32.04,17.47,24.51,1.1827,122.3641,21.339,72.97,1030.821215063976,122.3624267578125,21.341022855043413,16.37372957874466,30.716627444069534,0.08509381316223315,0.04402801943918577,0.08325453626340491,3.0079479839006567,1.8100692116929957,1.197878772207661,0.07287459681098879,2.0876480815610536,3.0131833480728973,2.0876540202703433,1.329174063417513
frc_lora_null_lr5e4_c256_s44,frc,Llama-CS grid (frc),Llama-2-7B,cs,faithful-CLoRA grid,lora_null,LoRA-Null,0.0005,44.0,frc_lora_null_lr5e4_c256,False,False,False,True,72.25,,cs,26.23,7.39,23.18,33.7,32.41,16.81,24.58,1.24,163.1784,21.8336,72.25,1039.7788760640192,163.17445373535156,21.835943120718003,16.091650897968425,30.54843757595554,0.08630081994849449,0.04389452475585987,0.08323273483519172,2.9638696666537383,1.8100692116929957,1.1538004549607426,0.09342168516223506,2.2126521674680935,3.016940990148897,2.2126626704616563,1.339125349599812
frc_lora_null_lr5e4_c256_s45,frc,Llama-CS grid (frc),Llama-2-7B,cs,faithful-CLoRA grid,lora_null,LoRA-Null,0.0005,45.0,frc_lora_null_lr5e4_c256,False,False,False,True,72.99,,cs,27.37,7.26,22.95,33.53,32.8,17.32,24.78,1.2324,138.8193,21.5477,72.99,1033.3646232127937,138.81964111328125,21.549767047166824,16.238459304845588,30.592587811118023,0.08608212077301276,0.044039025745748625,0.08335861976584077,3.0135039321053356,1.8100692116929957,1.20343472041234,0.090751689644903,2.1424509172978414,3.014253589581951,2.1424498501304248,1.3334009204078163
frc_lora_null_lr5e4_c256_s46,frc,Llama-CS grid (frc),Llama-2-7B,cs,faithful-CLoRA grid,lora_null,LoRA-Null,0.0005,46.0,frc_lora_null_lr5e4_c256,False,False,False,True,72.26,,cs,24.11,8.67,23.15,32.76,33.72,16.39,24.48,1.1823,150.6621,21.6292,72.26,1035.168531060826,150.65769958496094,21.631474620103837,16.213998901919382,30.599529377090047,0.08611372598795827,0.043868934751781705,0.08320959728729471,2.9855689914310433,1.8100692116929957,1.1754997797380475,0.07272768958526546,2.177991331839531,3.0150110610503145,2.17800401654178,1.3350404564704947
frc_lora_null_lr7e4_c256_s42,frc,Llama-CS grid (frc),Llama-2-7B,cs,faithful-CLoRA grid,lora_null,LoRA-Null,0.0007,42.0,frc_lora_null_lr7e4_c256,False,False,False,True,63.86,,cs,21.76,6.93,23.09,31.23,39.42,14.34,24.49,1.6261,219.4746,28.7607,63.86,1385.1605450104328,219.47308349609375,28.762572330236434,16.553714512731418,30.503496585310785,0.08551333701372449,0.04500505224393003,0.08379830488887133,3.370616961276014,1.8520239240816387,1.5185930371943752,0.21114724981449232,2.3413812653257042,3.14150011258556,2.3413842661811732,1.4587994520320458
frc_lora_null_lr7e4_c256_s43,frc,Llama-CS grid (frc),Llama-2-7B,cs,faithful-CLoRA grid,lora_null,LoRA-Null,0.0007,43.0,frc_lora_null_lr7e4_c256,False,False,False,True,62.49,,cs,24.05,7.22,23.06,31.83,38.65,15.64,24.96,1.5955,204.1212,28.3484,62.49,1379.141373890178,204.1199188232422,28.350052058696747,16.60983872220714,30.578426287620836,0.08532961489484676,0.045082022574308385,0.08346579749186729,3.343153943720239,1.8100692116929957,1.5330847320272432,0.2028968085295292,2.309885386945002,3.1396087873893195,2.3098881128242463,1.4525285520902962
frc_lora_null_lr7e4_c256_s44,frc,Llama-CS grid (frc),Llama-2-7B,cs,faithful-CLoRA grid,lora_null,LoRA-Null,0.0007,44.0,frc_lora_null_lr7e4_c256,False,False,False,True,64.43,,cs,19.66,7.41,23.02,32.17,37.39,13.54,23.93,1.6207,246.0687,28.852,64.43,1374.6080054397964,246.0657501220703,28.85369662642479,16.339133932917044,30.446221838279012,0.0856156265179433,0.0450529182242652,0.08332122352240938,3.3235371754770884,1.8100692116929957,1.5134679637840927,0.209702632120352,2.391051168484861,3.138178868823881,2.3910563748495317,1.4601759235180285
frc_lora_r16_lr3e4_c256_s42,frc,Llama-CS grid (frc),Llama-2-7B,cs,faithful-CLoRA grid,lora,LoRA,0.0003,42.0,frc_lora_r16_lr3e4_c256,False,False,False,True,79.56,,cs,30.38,15.62,41.7,38.82,34.11,23.0,32.13,0.6031,46.6461,17.1526,79.56,471.9366727858797,46.74434280395508,17.16590243279934,4.780419306035445,11.570738064662335,0.06739384044462217,0.04627468911586015,0.06570823705786348,2.2622745343109734,1.8520239240816387,0.4102506102293346,-0.21961067152904723,1.6697290582525826,2.6738837263781603,1.668815338987489,1.234329959951318
frc_lora_r16_lr3e4_c256_s43,frc,Llama-CS grid (frc),Llama-2-7B,cs,faithful-CLoRA grid,lora,LoRA,0.0003,43.0,frc_lora_r16_lr3e4_c256,False,False,False,True,78.63,,cs,32.79,15.92,39.39,37.46,36.16,24.36,32.34,0.6019,42.5762,17.1427,78.63,469.15384595820103,42.6005973815918,17.155373147130014,4.705245066888022,11.51354979070824,0.06779627662917928,0.04624986710558108,0.06596043057648067,2.2244252256769745,1.8100692116929957,0.4143560139839788,-0.2204756566752101,1.6294156891898048,2.6713152808697562,1.6291668972930984,1.2340792249823707
frc_lora_r16_lr3e4_c256_s45,frc,Llama-CS grid (frc),Llama-2-7B,cs,faithful-CLoRA grid,lora,LoRA,0.0003,45.0,frc_lora_r16_lr3e4_c256,False,False,False,True,79.91,,cs,31.27,15.37,40.12,37.46,35.55,23.32,31.95,0.6031,48.1827,17.1891,79.91,470.6354090964501,48.23137664794922,17.20222412645817,4.74518959189901,11.52334176758354,0.06772649251099618,0.04625888501252588,0.06576267807215154,2.2103546718486373,1.8100692116929957,0.4002854601556416,-0.21961067152904723,1.6833296579839894,2.672684598991061,1.6828911327782718,1.235253138160808
frc_lora_r32_lr3e4_c256_s42,frc,Llama-CS grid (frc),Llama-2-7B,cs,faithful-CLoRA grid,lora,LoRA,0.0003,42.0,frc_lora_r32_lr3e4_c256,False,False,False,True,73.46,,cs,30.86,13.52,32.89,37.2,34.62,22.19,29.82,0.7393,60.154,17.637,73.46,593.0909417841382,60.152992248535156,17.639408084750176,7.536649904388737,21.475716886571078,0.0693250151169291,0.04618823050925272,0.06562185121737585,2.4503866519613258,1.8520239240816387,0.598362727879687,-0.13117929380248264,1.779257235744113,2.7731212911498315,1.779264511479166,1.2464247149087442
frc_lora_r32_lr3e4_c256_s43,frc,Llama-CS grid (frc),Llama-2-7B,cs,faithful-CLoRA grid,lora,LoRA,0.0003,43.0,frc_lora_r32_lr3e4_c256,False,False,False,True,78.58,,cs,29.98,14.69,34.87,36.77,35.82,22.34,30.43,0.7589,68.6977,17.8038,78.58,593.3101490724205,68.69705963134766,17.806461983919142,7.289600698773939,21.3587747957811,0.06948195213113478,0.04603405104822594,0.066004578796721,2.4430484950544185,1.8100692116929957,0.6329792833614227,-0.11981544717356654,1.8369381488032355,2.7732817773757983,1.8369421971173465,1.2505127069661215
frc_lora_r32_lr3e4_c256_s44,frc,Llama-CS grid (frc),Llama-2-7B,cs,faithful-CLoRA grid,lora,LoRA,0.0003,44.0,frc_lora_r32_lr3e4_c256,False,False,False,True,76.75,,cs,29.66,13.55,29.95,35.15,33.09,21.6,28.28,0.7255,59.6615,17.5605,76.75,591.5124592951211,59.6598014831543,17.56297543644905,7.488523837617256,21.549712660879646,0.06865849791887471,0.04638737437247302,0.06547338004509971,2.432814214191541,1.8100692116929957,0.6227450024985453,-0.1393625832262453,1.7756818039218853,2.7719638968018727,1.775694168126506,1.244536877410033
frc_lora_r32_lr3e4_c256_s45,frc,Llama-CS grid (frc),Llama-2-7B,cs,faithful-CLoRA grid,lora,LoRA,0.0003,45.0,frc_lora_r32_lr3e4_c256,False,False,False,True,78.63,,cs,30.21,13.51,36.5,37.12,33.07,21.86,30.08,0.7473,58.8574,17.6781,78.63,592.3898223705768,58.85706329345703,17.68069359064102,7.415228310544699,21.471589481105465,0.06915544575279292,0.046499372114441245,0.06554304338393552,2.420789230733542,1.8100692116929957,0.6107200190405464,-0.12650501774383108,1.7697985889347723,2.772607588461144,1.7698010734178091,1.247435586250747
frc_lora_r32_lr3e4_c256_s46,frc,Llama-CS grid (frc),Llama-2-7B,cs,faithful-CLoRA grid,lora,LoRA,0.0003,46.0,frc_lora_r32_lr3e4_c256,False,False,False,True,77.81,,cs,29.8,15.51,34.08,37.97,34.07,22.66,30.29,0.7621,57.4887,17.7444,77.81,592.2331711483135,57.488101959228516,17.746307069063185,7.341343577997672,21.39064476835021,0.0693359294155408,0.046217988309623745,0.06570666647252604,2.4444308105325567,1.8100692116929957,0.634361598839561,-0.11798803837334138,1.759577970113341,2.7724927286919496,1.7595824879952544,1.2490613189220114
frc_lora_r8_lr3e4_c256_s42,frc,Llama-CS grid (frc),Llama-2-7B,cs,faithful-CLoRA grid,lora,LoRA,0.0003,42.0,frc_lora_r8_lr3e4_c256,False,False,False,True,78.99,,cs,31.45,16.47,43.36,39.42,33.58,23.96,32.86,0.5178,45.3324,16.5292,78.99,375.9032337262316,45.39985275268555,16.533666971325875,3.1781287763907304,6.19418474715024,0.06685460397127033,0.04618126489988143,0.06605398746864272,2.1173458292370713,1.8520239240816387,0.2653219051554325,-0.28583795390114675,1.6570544442932307,2.5750760617697255,1.65640871220153,1.2182518345760942
frc_lora_r8_lr3e4_c256_s43,frc,Llama-CS grid (frc),Llama-2-7B,cs,faithful-CLoRA grid,lora,LoRA,0.0003,43.0,frc_lora_r8_lr3e4_c256,False,False,False,True,78.95,,cs,32.47,17.43,40.9,37.71,36.41,24.95,32.98,0.5068,43.7104,16.5702,78.95,375.13086268629627,43.7655029296875,16.575232738256453,3.1561595603466577,6.1563852705978475,0.06701757089408229,0.04627853855338125,0.06625312035874525,2.083911906542193,1.8100692116929957,0.2738426948491972,-0.29516339378859624,1.6411319235114512,2.5741827958035497,1.6405847807975433,1.2193277503247195
frc_lora_r8_lr3e4_c256_s44,frc,Llama-CS grid (frc),Llama-2-7B,cs,faithful-CLoRA grid,lora,LoRA,0.0003,44.0,frc_lora_r8_lr3e4_c256,False,False,False,True,78.37,,cs,31.88,17.78,42.23,37.46,34.15,24.83,32.7,0.5245,42.2381,16.5976,78.37,375.6427193786936,42.29307556152344,16.602672213315962,3.144157780068952,6.188709017736758,0.0670733675201136,0.046627977234325386,0.06609968594165858,2.116840586939231,1.8520239240816387,0.2648166628575921,-0.28025450747042335,1.6262692682831272,2.574774975860989,1.6257043740599781,1.2200452939369644
frc_lora_r8_lr3e4_c256_s45,frc,Llama-CS grid (frc),Llama-2-7B,cs,faithful-CLoRA grid,lora,LoRA,0.0003,45.0,frc_lora_r8_lr3e4_c256,False,False,False,True,61.18,,cs,33.08,17.0,40.51,36.6,32.74,25.04,31.99,0.5165,38.9296,16.5628,61.18,376.538756314129,38.97100067138672,16.56707717180252,3.18114196006203,6.19304445264518,0.06758796742772123,0.04624994819401667,0.06631197530760678,2.089740534063535,1.8100692116929957,0.2796713223705394,-0.28692967414436066,1.5907415574601755,2.5758096838225435,1.590279941383581,1.2191337576757277
frc_lorawd_wd0_lr1e3_c256_s42,frc,Llama-CS grid (frc),Llama-2-7B,cs,faithful-CLoRA grid,lorawd,LoRA+wd,0.001,42.0,frc_lorawd_wd0_lr1e3_c256,False,False,False,True,38.63,,cs,6.65,0.0,23.02,23.81,47.38,3.32,20.17,7.04,672.7849,77.2981,38.63,3034.988962652958,672.7691040039062,77.3047460079193,11.913107882677103,25.226048471303603,0.09696879363729041,0.0481139847555745,0.10048753920233566,7.323944145304555,1.8520239240816387,5.471920221222916,0.8475726591421122,2.827866038870842,3.4821571160150224,2.8278762355837492,1.8881688190197892
frc_lorawd_wd0_lr1e3_c256_s43,frc,Llama-CS grid (frc),Llama-2-7B,cs,faithful-CLoRA grid,lorawd,LoRA+wd,0.001,43.0,frc_lorawd_wd0_lr1e3_c256,False,False,False,True,37.13,,cs,6.24,0.0,23.8,25.26,44.39,3.12,19.94,5.4008,602.1952,66.5717,37.13,2698.4978330285103,602.1846313476562,66.57768433690072,12.589599157890357,25.90431304698738,0.09357859586326912,0.04806081237327721,0.09422506646750019,5.62739577557749,1.8100692116929957,3.817326563884494,0.7324580949807639,2.779729667473522,3.431122073650394,2.7797372894998538,1.8232896474007079
frc_lorawd_wd0_lr1e3_c256_s44,frc,Llama-CS grid (frc),Llama-2-7B,cs,faithful-CLoRA grid,lorawd,LoRA+wd,0.001,44.0,frc_lorawd_wd0_lr1e3_c256,False,False,False,True,41.01,,cs,12.06,0.13,23.69,26.45,44.71,6.1,21.41,5.1609,496.3413,62.9686,41.01,2557.37526477569,496.3373718261719,62.97278533577919,12.819264341969362,25.729101448674836,0.09306265742648144,0.04819961427171652,0.09298884796338609,4.979618203742325,1.8100692116929957,3.1695489920493287,0.7127254440594999,2.6957769767222777,3.407794460315497,2.6957804138550903,1.7991240376083408
frc_lorawd_wd0_lr1e4_c256_s42,frc,Llama-CS grid (frc),Llama-2-7B,cs,faithful-CLoRA grid,lorawd,LoRA+wd,0.0001,42.0,frc_lorawd_wd0_lr1e4_c256,False,False,False,True,79.36,,cs,34.31,18.73,45.87,40.53,35.62,26.52,35.01,0.3002,19.875,8.1373,79.36,184.50649909682497,19.89751625061035,8.139121183753014,3.126171549952398,11.417663106547614,0.07008260914867508,0.0487226573299172,0.0696844022817068,2.0360680948623298,1.8520239240816387,0.18404417078069102,-0.5225893120927484,1.2987988680692182,2.2660116684472595,1.298307137328508,0.9104803275407597
frc_lorawd_wd0_lr1e4_c256_s43,frc,Llama-CS grid (frc),Llama-2-7B,cs,faithful-CLoRA grid,lorawd,LoRA+wd,0.0001,43.0,frc_lorawd_wd0_lr1e4_c256,False,False,False,True,80.93,,cs,33.24,19.16,46.77,40.36,36.52,26.2,35.21,0.299,19.4162,8.066,80.93,184.19626800462544,19.41985321044922,8.067555004358292,3.1903902516517424,11.530489788376435,0.07004285446368774,0.04887612103298263,0.06970830788548842,1.9844879988502595,1.8100692116929957,0.17441878715726378,-0.5243288116755703,1.2882459428668964,2.2652808267217592,1.288164236873993,0.9066582176715998
frc_lorawd_wd0_lr1e4_c256_s44,frc,Llama-CS grid (frc),Llama-2-7B,cs,faithful-CLoRA grid,lorawd,LoRA+wd,0.0001,44.0,frc_lorawd_wd0_lr1e4_c256,False,False,False,True,79.64,,cs,34.2,19.61,45.23,40.27,36.39,26.9,35.14,0.299,20.7499,8.1265,79.64,184.26235168725293,20.778289794921875,8.128122279047966,3.144592539366612,11.443869848667624,0.0693597954320905,0.048879068562810817,0.06920220632855192,1.9846121883640488,1.8100692116929957,0.17454297667105312,-0.5243288116755703,1.3176097990828681,2.2654366096373044,1.3170160080576132,0.9099035396936409
frc_lorawd_wd0_lr1e4_c256_s45,frc,Llama-CS grid (frc),Llama-2-7B,cs,faithful-CLoRA grid,lorawd,LoRA+wd,0.0001,45.0,frc_lorawd_wd0_lr1e4_c256,False,False,False,True,79.96,,cs,33.42,19.33,45.41,40.36,34.83,26.38,34.67,0.2986,23.7498,8.1026,79.96,184.66674998748462,23.798669815063477,8.10431960374117,3.1853788567104786,11.445505208352513,0.07023348541070262,0.048879616254431615,0.0697741882411487,1.9909762277728722,1.8100692116929957,0.18090701607987647,-0.5249101966109935,1.3765526836060042,2.266388705960554,1.3756599567287968,0.9086243996771193
frc_lorawd_wd0_lr2e4_c256_s42,frc,Llama-CS grid (frc),Llama-2-7B,cs,faithful-CLoRA grid,lorawd,LoRA+wd,0.0002,42.0,frc_lorawd_wd0_lr2e4_c256,False,False,False,True,80.04,,cs,31.87,16.84,43.93,38.91,36.78,24.36,33.67,0.5052,40.9931,13.7847,80.04,388.9898789123984,41.0294075012207,13.790997511148452,5.0853578125911945,17.304564956693294,0.0680157593267268,0.047019238712811315,0.06645480832714797,2.236917664131768,1.8520239240816387,0.3848937400501291,-0.2965366581167069,1.6130952454385596,2.5899383016093087,1.6127107619853687,1.1393973188812332
frc_lorawd_wd0_lr2e4_c256_s43,frc,Llama-CS grid (frc),Llama-2-7B,cs,faithful-CLoRA grid,lorawd,LoRA+wd,0.0002,43.0,frc_lorawd_wd0_lr2e4_c256,False,False,False,True,32.86,,cs,31.78,17.24,41.93,38.65,36.55,24.51,33.23,0.5124,37.9996,13.7631,32.86,390.8516373301031,38.040428161621094,13.769005206227302,5.136229549010936,17.315695562376156,0.06849068601658724,0.0467209333281534,0.06657358642945108,2.1931588730544975,1.8100692116929957,0.3830896613615018,-0.2903908789273513,1.5802453964668204,2.5920119356149725,1.5797790250718873,1.1387162653864684
frc_lorawd_wd0_lr2e4_c256_s44,frc,Llama-CS grid (frc),Llama-2-7B,cs,faithful-CLoRA grid,lorawd,LoRA+wd,0.0002,44.0,frc_lorawd_wd0_lr2e4_c256,False,False,False,True,79.88,,cs,32.51,17.4,41.28,39.16,33.11,24.96,32.69,0.5136,34.5214,13.6914,79.88,390.2793744715187,34.53571701049805,13.697271859645843,5.17640285283596,17.328028943972978,0.06841035175525537,0.04712346080509012,0.06660201118640689,2.1966545445333288,1.8100692116929957,0.38658533284033303,-0.28937498493920316,1.5382684770055581,2.5913756002438504,1.5380884000195818,1.1364478587393787
frc_lorawd_wd0_lr2e4_c256_s45,frc,Llama-CS grid (frc),Llama-2-7B,cs,faithful-CLoRA grid,lorawd,LoRA+wd,0.0002,45.0,frc_lorawd_wd0_lr2e4_c256,False,False,False,True,80.19,,cs,31.38,15.72,41.77,37.63,34.75,23.55,32.25,0.5168,35.9402,13.7367,80.19,390.314862488908,35.96683120727539,13.742017328739166,5.117236830453492,17.271951344902618,0.06843235678185222,0.04683322077721237,0.06685663060795564,2.2027117259379008,1.8100692116929957,0.39264251424490504,-0.2866774950129723,1.5559021767727468,2.5914150887499314,1.5555804895413108,1.1378824136606769
frc_lorawd_wd0_lr2e5_c256_s42,frc,Llama-CS grid (frc),Llama-2-7B,cs,faithful-CLoRA grid,lorawd,LoRA+wd,2e-05,42.0,frc_lorawd_wd0_lr2e5_c256,False,False,False,True,26.23,,cs,33.73,19.03,46.14,46.67,36.28,26.38,36.37,0.2203,5.9793,2.3025,26.23,38.308161252318044,5.290060997009277,2.2784867253154517,1.5210393040559607,3.839868945042249,0.06439761905823296,0.04837327731201294,0.0787708246005292,2.113616865244536,1.8520239240816387,0.2615929411628972,-0.6569855028492324,0.723460679693374,1.583291306847695,0.7766503438660493,0.36219963886888656
frc_lorawd_wd0_lr2e5_c256_s43,frc,Llama-CS grid (frc),Llama-2-7B,cs,faithful-CLoRA grid,lorawd,LoRA+wd,2e-05,43.0,frc_lorawd_wd0_lr2e5_c256,False,False,False,True,29.7,,cs,34.28,19.52,46.55,45.65,36.55,26.9,36.51,0.2239,5.5163,2.2947,29.7,38.580741402303815,5.5242486000061035,2.2964781686663627,1.5123295645211334,3.790130624796815,0.06413188580538741,0.04921434325179039,0.07841929359121774,2.121555224478953,1.8520239240816387,0.2695313003973143,-0.6499459064209697,0.7422732142913697,1.586370569182298,0.7416478769384909,0.36072591564195494
frc_lorawd_wd0_lr2e5_c256_s44,frc,Llama-CS grid (frc),Llama-2-7B,cs,faithful-CLoRA grid,lorawd,LoRA+wd,2e-05,44.0,frc_lorawd_wd0_lr2e5_c256,False,False,False,True,6.01,,cs,33.41,19.62,46.57,45.99,36.45,26.52,36.41,0.2227,5.4311,2.2828,6.01,38.44010009528925,5.438711166381836,2.284599743783474,1.5176606611475374,3.834453579862051,0.06430619438020882,0.04884074663661171,0.07865939241601379,2.0812225223869985,1.8100692116929957,0.2711533106940027,-0.6522797829659618,0.7354959953517884,1.5847845098699518,0.7348877993030981,0.35846786387692053
frc_lorawd_wd0_lr3e4_c256_s42,frc,Llama-CS grid (frc),Llama-2-7B,cs,faithful-CLoRA grid,lorawd,LoRA+wd,0.0003,42.0,frc_lorawd_wd0_lr3e4_c256,False,False,False,True,64.12,,cs,30.2,12.0,30.16,36.09,35.52,21.1,28.79,0.7468,55.2274,17.4945,64.12,590.3112686403074,55.22713088989258,17.495972433686255,7.565575974123203,21.462118620578057,0.06929145362398802,0.04616104622096862,0.06567390022922039,2.4585228699832142,1.8520239240816387,0.6064989459015755,-0.1267956907229593,1.742152481734385,2.77108107368637,1.7421545979542221,1.2429015346815144
frc_lorawd_wd0_lr3e4_c256_s43,frc,Llama-CS grid (frc),Llama-2-7B,cs,faithful-CLoRA grid,lorawd,LoRA+wd,0.0003,43.0,frc_lorawd_wd0_lr3e4_c256,False,False,False,True,79.84,,cs,31.72,15.21,30.98,37.71,35.01,23.46,30.13,0.7393,62.6106,17.5556,79.84,593.8158233043312,62.609561920166016,17.557985681295396,7.605369331433982,21.57965114200003,0.06897322812548007,0.04620317326446049,0.06597943343855502,2.4702164051272906,1.8100692116929957,0.6601471934342948,-0.13117929380248264,1.7966406650321993,2.7736517659818136,1.796647865667253,1.244415676993407
frc_lorawd_wd0_lr3e4_c256_s44,frc,Llama-CS grid (frc),Llama-2-7B,cs,faithful-CLoRA grid,lorawd,LoRA+wd,0.0003,44.0,frc_lorawd_wd0_lr3e4_c256,False,False,False,True,78.78,,cs,31.16,14.08,38.28,37.12,35.11,22.62,31.15,0.76,67.7143,17.6812,78.78,593.2364522334947,67.71345520019531,17.683122992515564,7.467128284300186,21.384654169885803,0.07019602868698732,0.046100383540718146,0.06613971768727749,2.4541965042712923,1.8100692116929957,0.6441272925782966,-0.11918640771920865,1.830674975015757,2.773227829000766,1.830680393283127,1.247511736677783
frc_lorawd_wd0_lr3e4_c256_s45,frc,Llama-CS grid (frc),Llama-2-7B,cs,faithful-CLoRA grid,lorawd,LoRA+wd,0.0003,45.0,frc_lorawd_wd0_lr3e4_c256,False,False,False,True,78.37,,cs,29.3,14.52,29.87,36.09,33.71,21.91,28.7,0.7284,62.2726,17.5817,78.37,593.1761822111175,62.27092742919922,17.583231124281884,7.55659702081081,21.554579355656045,0.0696879822662723,0.046259423267287506,0.06622088199749414,2.412833142318176,1.8100692116929957,0.6027639306251802,-0.13763006287711757,1.7942853339144975,2.7731837044906165,1.7942969987241333,1.2450608653295852
frc_lorawd_wd0_lr5e4_c256_s42,frc,Llama-CS grid (frc),Llama-2-7B,cs,faithful-CLoRA grid,lorawd,LoRA+wd,0.0005,42.0,frc_lorawd_wd0_lr5e4_c256,False,False,False,True,71.03,,cs,27.03,7.88,25.57,34.04,35.77,17.46,26.06,1.1427,157.9087,22.7888,71.03,960.7961276751789,157.904541015625,22.79149485230446,12.644624221499173,25.9771977079247,0.07383585690696207,0.045683793570102264,0.0678174260678855,2.895038447978181,1.8520239240816387,1.0430145238965425,0.05793222738060868,2.1983946196198874,2.9826312440485854,2.1984060581774263,1.3577214569443359
frc_lorawd_wd0_lr5e4_c256_s43,frc,Llama-CS grid (frc),Llama-2-7B,cs,faithful-CLoRA grid,lorawd,LoRA+wd,0.0005,43.0,frc_lorawd_wd0_lr5e4_c256,False,False,False,True,73.49,,cs,26.88,8.14,23.01,32.94,32.48,17.51,24.69,1.1542,153.1895,22.5878,73.49,972.5457294723305,153.18605041503906,22.590540498495102,13.089032290458734,26.36528194306241,0.0736590053633289,0.045801907587142095,0.0673506555617083,2.8223460397372393,1.8100692116929957,1.0122768280442436,0.06228106997264389,2.1852192189284043,2.9879100311705704,2.1852289986625344,1.3538739336920367
frc_lorawd_wd0_lr5e4_c256_s44,frc,Llama-CS grid (frc),Llama-2-7B,cs,faithful-CLoRA grid,lorawd,LoRA+wd,0.0005,44.0,frc_lorawd_wd0_lr5e4_c256,False,False,False,True,73.12,,cs,26.63,7.84,24.81,32.68,34.63,17.24,25.32,1.1744,132.6013,22.3773,73.12,957.9957282898974,132.59703063964844,22.380327796936037,12.800957729460468,26.254757668234184,0.07213897144397295,0.045847731277339016,0.06668568832763072,2.8611056478267707,1.8100692116929957,1.051036436133775,0.06981604257199535,2.122533798644511,2.9813635725605256,2.1225477818369214,1.3498076842548972
frc_lorawd_wd0_lr5e4_c256_s45,frc,Llama-CS grid (frc),Llama-2-7B,cs,faithful-CLoRA grid,lorawd,LoRA+wd,0.0005,45.0,frc_lorawd_wd0_lr5e4_c256,False,False,False,True,72.62,,cs,27.22,8.57,23.33,34.47,35.66,17.9,25.85,1.1535,140.1158,22.5923,72.62,958.1284641414682,140.1141815185547,22.594821125268936,12.658222474637302,26.15647133879069,0.07311586796361601,0.045902589278267916,0.06731323533290844,2.851167098141927,1.8100692116929957,1.041097886448931,0.06201759885711227,2.14648209419767,2.9814237424056826,2.146487110774104,1.353960446345839
frc_lorawd_wd0_lr5e4_c256_s46,frc,Llama-CS grid (frc),Llama-2-7B,cs,faithful-CLoRA grid,lorawd,LoRA+wd,0.0005,46.0,frc_lorawd_wd0_lr5e4_c256,False,False,False,True,73.85,,cs,27.78,8.75,23.18,34.22,35.58,18.26,25.9,1.1402,150.5014,22.6509,73.85,958.8916913468564,150.49774169921875,22.65378206372261,12.634747098356938,26.144416949243354,0.07331285568350591,0.045834990842618474,0.06725385200808139,2.8639006997850593,1.8100692116929957,1.0538314880920636,0.05698103666811319,2.1775299831529438,2.981769555547295,2.1775405398597405,1.355085462740391
frc_lorawd_wd0_lr7e4_c256_s42,frc,Llama-CS grid (frc),Llama-2-7B,cs,faithful-CLoRA grid,lorawd,LoRA+wd,0.0007,42.0,frc_lorawd_wd0_lr7e4_c256,False,False,False,True,65.53,,cs,25.74,6.9,23.01,32.25,35.07,16.32,24.59,1.4951,247.0611,28.0461,65.53,1307.0033793107739,247.0572509765625,28.049109822511674,15.360338517544866,28.116924296613423,0.07912313652363392,0.046198253653120046,0.07134071656215198,3.2280783996899927,1.8520239240816387,1.376054475608354,0.17467024148704727,2.392797604685252,3.1162767104681683,2.3928043707146305,1.447872478204032
frc_lorawd_wd0_lr7e4_c256_s43,frc,Llama-CS grid (frc),Llama-2-7B,cs,faithful-CLoRA grid,lorawd,LoRA+wd,0.0007,43.0,frc_lorawd_wd0_lr7e4_c256,False,False,False,True,64.84,,cs,24.82,7.3,23.64,31.31,37.59,16.06,24.93,1.5106,188.6424,27.766,64.84,1287.3456119064767,188.63755798339844,27.768754762411117,15.316579139590896,28.018981431288562,0.0768114067386354,0.046278664811945376,0.0702326502111332,3.1799209289089214,1.8100692116929957,1.3698517172159257,0.1791494803611487,2.275628165607251,3.109695157000615,2.2756393130909536,1.443513319323485
frc_lorawd_wd0_lr7e4_c256_s44,frc,Llama-CS grid (frc),Llama-2-7B,cs,faithful-CLoRA grid,lorawd,LoRA+wd,0.0007,44.0,frc_lorawd_wd0_lr7e4_c256,False,False,False,True,65.14,,cs,24.39,8.0,22.86,32.08,37.48,16.2,24.96,1.5076,232.2061,27.962,65.14,1288.6847740278342,232.20252990722656,27.964785832166672,15.141563561874875,27.899093013566016,0.07872551763869506,0.04624879776545856,0.07096129318375756,3.1727518699624486,1.8100692116929957,1.362682658269453,0.17828612877756736,2.3658669471801725,3.1101466973048337,2.3658736243669924,1.4465682313762145
frc_lorawd_wd0p1_lr1e3_c256_s42,frc,Llama-CS grid (frc),Llama-2-7B,cs,faithful-CLoRA grid,lorawd,LoRA+wd,0.001,42.0,frc_lorawd_wd0p1_lr1e3_c256,False,False,False,True,73.15,,cs,28.21,10.33,28.75,33.79,35.5,19.27,27.32,0.9814,127.2283,15.3392,73.15,714.4789430025926,127.22618865966797,15.340968361496925,15.389150862234096,28.447923995631132,0.0788278500705529,0.04575160845081411,0.07428850418196953,2.5112363556935047,1.8520239240816387,0.6592124316118659,-0.008153946355103294,2.10457651712775,2.8539894338652156,2.1045837242590566,1.1858027100272102
frc_lorawd_wd0p1_lr1e3_c256_s43,frc,Llama-CS grid (frc),Llama-2-7B,cs,faithful-CLoRA grid,lorawd,LoRA+wd,0.001,43.0,frc_lorawd_wd0p1_lr1e3_c256,False,False,False,True,73.82,,cs,28.86,9.53,29.06,31.06,35.75,19.2,26.85,0.9951,101.1716,14.965,73.82,705.7331509082169,101.16870880126953,14.967027798295021,15.465953608516362,28.574432605239267,0.07686895375486691,0.04588499446157366,0.07407593300241704,2.4528454094227445,1.8100692116929957,0.6427761977297488,-0.002133273760855249,2.0050462072040176,2.8486405183387067,2.0050586182916774,1.17507672117621
frc_lorawd_wd0p1_lr1e3_c256_s44,frc,Llama-CS grid (frc),Llama-2-7B,cs,faithful-CLoRA grid,lorawd,LoRA+wd,0.001,44.0,frc_lorawd_wd0p1_lr1e3_c256,False,False,False,True,73.78,,cs,28.11,11.3,29.48,33.36,35.4,19.7,27.53,0.9957,107.7175,15.0903,73.78,710.3690538561715,107.71549224853516,15.092073807120324,15.515062433101097,28.54961307162824,0.07743446020640081,0.04595537520313975,0.0733625823969798,2.5138328700370125,1.8100692116929957,0.7037636583440168,-0.0018714928717335991,2.0322781704677517,2.8514840338062464,2.0322862653781284,1.1786978737748923
frc_lorawd_wd0p1_lr1e4_c256_s42,frc,Llama-CS grid (frc),Llama-2-7B,cs,faithful-CLoRA grid,lorawd,LoRA+wd,0.0001,42.0,frc_lorawd_wd0p1_lr1e4_c256,False,False,False,True,70.61,,cs,34.56,19.43,45.86,42.58,34.55,27.0,35.4,0.2676,18.5687,7.0893,70.61,160.67391365714798,18.593610763549805,7.091019158065319,3.133141204045959,10.998611050339335,0.07077394144188581,0.04929733760300756,0.07064214500047412,2.0127619115390116,1.8520239240816387,0.1607379874573729,-0.5725138909042145,1.269363735248729,2.2059453722556848,1.2687814997231237,0.8506033549086413
frc_lorawd_wd0p1_lr1e4_c256_s43,frc,Llama-CS grid (frc),Llama-2-7B,cs,faithful-CLoRA grid,lorawd,LoRA+wd,0.0001,43.0,frc_lorawd_wd0p1_lr1e4_c256,False,False,False,True,80.89,,cs,33.48,19.91,47.53,41.89,36.74,26.7,35.91,0.272,18.5424,7.108,80.89,160.46318405444032,18.568126678466797,7.109349381923676,3.1096454742449713,10.98983448269571,0.07078916360146499,0.04938424560522818,0.0707505881006629,1.9576008136003142,1.8100692116929957,0.1475316019073185,-0.5654310959658012,1.2687680903717862,2.2053754056126675,1.2681659455204075,0.8517474191332639
frc_lorawd_wd0p1_lr1e4_c256_s44,frc,Llama-CS grid (frc),Llama-2-7B,cs,faithful-CLoRA grid,lorawd,LoRA+wd,0.0001,44.0,frc_lorawd_wd0p1_lr1e4_c256,False,False,False,True,80.38,,cs,35.19,19.51,46.83,40.61,33.75,27.35,35.18,0.2806,19.6612,7.0681,80.38,159.95562428740485,19.71563720703125,7.070184561610222,3.1129424325403763,10.971009072935615,0.07016593171096155,0.04971165933994559,0.07050899652358397,1.955645504581531,1.8100692116929957,0.14557629288853535,-0.5519123333076589,1.2948108179816704,2.2039995151549885,1.2936100209973347,0.8493026853085476
frc_lorawd_wd0p1_lr1e4_c256_s45,frc,Llama-CS grid (frc),Llama-2-7B,cs,faithful-CLoRA grid,lorawd,LoRA+wd,0.0001,45.0,frc_lorawd_wd0p1_lr1e4_c256,False,False,False,True,48.8,,cs,34.76,19.46,46.99,42.32,36.79,27.11,36.06,0.2719,20.2047,7.0738,48.8,160.44509861663886,20.23940658569336,7.075698518753052,3.167620139798888,11.078987852995539,0.07079223673031212,0.049375884756679866,0.07073354017751625,1.9596121426329018,1.8100692116929957,0.14954293093990612,-0.5655907924124999,1.3061977749495346,2.2053264545180875,1.305452406408866,0.8496527766938494
frc_lorawd_wd0p1_lr2e4_c256_s42,frc,Llama-CS grid (frc),Llama-2-7B,cs,faithful-CLoRA grid,lorawd,LoRA+wd,0.0002,42.0,frc_lorawd_wd0p1_lr2e4_c256,False,False,False,True,81.28,,cs,32.13,18.35,42.87,41.64,34.69,25.24,33.94,0.4288,29.5455,10.6581,81.28,302.17436488414353,29.584373474121094,10.663493371009826,5.086134999555241,16.827388644983177,0.06914214739692301,0.04735449656676901,0.06811700442700376,2.1324998854124804,1.8520239240816387,0.2804759613308416,-0.36774522331528636,1.471062376397782,2.480257617972593,1.470491343965492,1.0276797907073372
frc_lorawd_wd0p1_lr2e4_c256_s43,frc,Llama-CS grid (frc),Llama-2-7B,cs,faithful-CLoRA grid,lorawd,LoRA+wd,0.0002,43.0,frc_lorawd_wd0p1_lr2e4_c256,False,False,False,True,38.65,,cs,33.42,18.41,43.83,40.44,36.07,25.92,34.43,0.4115,27.0828,10.7004,38.65,302.03104822650374,27.095577239990234,10.70460266172886,5.0222002056877875,16.77746368348651,0.06952770495338512,0.047262145471435146,0.06816095793473066,2.0924865910622445,1.8100692116929957,0.2824173793692488,-0.3856301604517114,1.432898407589492,2.4800515899119553,1.4326935625864747,1.0294000126894882
frc_lorawd_wd0p1_lr2e4_c256_s44,frc,Llama-CS grid (frc),Llama-2-7B,cs,faithful-CLoRA grid,lorawd,LoRA+wd,0.0002,44.0,frc_lorawd_wd0p1_lr2e4_c256,False,False,False,True,80.05,,cs,33.22,18.27,45.37,39.59,34.71,25.74,34.23,0.4177,29.87,10.693,80.05,302.6724595445657,29.901241302490234,10.698246708512306,5.01934173675045,16.741937053780408,0.06935940207191986,0.04744646717748805,0.06802998142386116,2.089026957360004,1.8100692116929957,0.2789577456670085,-0.3791355247348789,1.4756892177435594,2.4809729058856647,1.4752352226041283,1.0290995668235428
frc_lorawd_wd0p1_lr2e4_c256_s45,frc,Llama-CS grid (frc),Llama-2-7B,cs,faithful-CLoRA grid,lorawd,LoRA+wd,0.0002,45.0,frc_lorawd_wd0p1_lr2e4_c256,False,False,False,True,80.83,,cs,33.39,17.06,39.09,38.99,34.63,25.22,32.63,0.4239,31.6792,10.7441,80.83,302.9656072697903,31.71055793762207,10.749254393577576,5.001760203961824,16.74654719881576,0.06957390047535515,0.04724913712957854,0.06822707223141118,2.1006369335717663,1.8100692116929957,0.29056772187877056,-0.37273658343177896,1.5012038833736299,2.4813933300840962,1.5007742057466096,1.0311700418466307
frc_lorawd_wd0p1_lr3e4_c256_s42,frc,Llama-CS grid (frc),Llama-2-7B,cs,faithful-CLoRA grid,lorawd,LoRA+wd,0.0003,42.0,frc_lorawd_wd0p1_lr3e4_c256,False,False,False,True,49.11,,cs,31.39,16.78,42.83,38.05,33.79,24.08,32.57,0.5734,42.523,12.4488,49.11,415.2617092668213,42.521976470947266,12.450215631723404,7.2666402555016445,20.813816310797694,0.07042608712604537,0.046768353888393226,0.06768494966077403,2.256205750584091,1.8520239240816387,0.40418182650245216,-0.2415423113895343,1.6286134428333077,2.6183218872360667,1.6286238964318185,1.095127489705191
frc_lorawd_wd0p1_lr3e4_c256_s43,frc,Llama-CS grid (frc),Llama-2-7B,cs,faithful-CLoRA grid,lorawd,LoRA+wd,0.0003,43.0,frc_lorawd_wd0p1_lr3e4_c256,False,False,False,True,80.81,,cs,31.24,17.25,37.3,37.2,34.97,24.24,31.59,0.5415,43.9474,12.2985,80.81,415.87651758895504,43.94644546508789,12.30048838853836,7.449631662227281,21.028102639878465,0.06968798657977908,0.04650764494906385,0.06746433192068844,2.1996029608989036,1.8100692116929957,0.3895337492059079,-0.2664015390386609,1.642923753645814,2.618964398678337,1.6429331865985521,1.0898521454680044
frc_lorawd_wd0p1_lr3e4_c256_s44,frc,Llama-CS grid (frc),Llama-2-7B,cs,faithful-CLoRA grid,lorawd,LoRA+wd,0.0003,44.0,frc_lorawd_wd0p1_lr3e4_c256,False,False,False,True,80.64,,cs,32.1,16.17,39.78,38.31,36.2,24.14,32.51,0.5481,39.3946,12.3676,80.64,414.54537695370874,39.39411544799805,12.368870916962624,7.382694619062229,20.980069263907964,0.06971478718869281,0.04676806188614263,0.06785513268702299,2.1982559150675054,1.8100692116929957,0.38818670337450967,-0.26114019792779974,1.5954313533146924,2.6175720762179706,1.5954366951522754,1.0922854306006105
frc_lorawd_wd0p1_lr3e4_c256_s45,frc,Llama-CS grid (frc),Llama-2-7B,cs,faithful-CLoRA grid,lorawd,LoRA+wd,0.0003,45.0,frc_lorawd_wd0p1_lr3e4_c256,False,False,False,True,75.89,,cs,32.7,18.09,41.82,39.08,34.61,25.4,33.26,0.5482,48.1114,12.473,75.89,415.15021694492333,48.11078643798828,12.475216609239578,7.259007343690876,20.813620638270383,0.07062526772938063,0.04657258794510667,0.06798645558707402,2.1957474490512956,1.8100692116929957,0.38567823735829987,-0.2610609687965204,1.6822424561103615,2.618205269208465,1.6822479946790818,1.0959709223437146
frc_lorawd_wd0p1_lr5e4_c256_s42,frc,Llama-CS grid (frc),Llama-2-7B,cs,faithful-CLoRA grid,lorawd,LoRA+wd,0.0005,42.0,frc_lorawd_wd0p1_lr5e4_c256,False,False,False,True,78.84,,cs,28.98,15.88,32.87,36.26,33.83,22.43,29.56,0.7118,72.3724,13.2424,78.84,561.8918542292691,72.37171936035156,13.24384954571724,12.583571549297119,25.868045197182738,0.07304236327256255,0.04591589047520779,0.06920036723061229,2.3827973570866274,1.8520239240816387,0.5307734330049887,-0.14764201633217292,1.8595688904351333,2.74965273615448,1.8595729748572818,1.1219667020447002
frc_lorawd_wd0p1_lr5e4_c256_s43,frc,Llama-CS grid (frc),Llama-2-7B,cs,faithful-CLoRA grid,lorawd,LoRA+wd,0.0005,43.0,frc_lorawd_wd0p1_lr5e4_c256,False,False,False,True,78.4,,cs,30.04,15.48,28.49,36.01,34.84,22.76,28.97,0.7531,76.1725,13.2633,78.4,563.4355711167178,76.1714096069336,13.264806631207467,12.518758352418198,25.846288209078544,0.07347372142050758,0.045889583856781886,0.0694174386221892,2.412166217544362,1.8520239240816387,0.5601422934627234,-0.12314735239865651,1.8817919926007158,2.7508442616274773,1.8817982094779522,1.122651592958951
frc_lorawd_wd0p1_lr5e4_c256_s44,frc,Llama-CS grid (frc),Llama-2-7B,cs,faithful-CLoRA grid,lorawd,LoRA+wd,0.0005,44.0,frc_lorawd_wd0p1_lr5e4_c256,False,False,False,True,77.96,,cs,28.92,12.95,27.76,35.58,33.93,20.94,27.83,0.7672,72.4572,13.256,77.96,563.4368723041836,72.4566650390625,13.257551842927933,12.527030583482672,25.831027573196916,0.0730026275306683,0.045963738398748726,0.06927722058638978,2.3593916660297496,1.8100692116929957,0.5493224543367539,-0.11509140583739282,1.8600783408983013,2.7508452645777925,1.860081547362819,1.1224124954112804
frc_lorawd_wd0p1_lr5e4_c256_s45,frc,Llama-CS grid (frc),Llama-2-7B,cs,faithful-CLoRA grid,lorawd,LoRA+wd,0.0005,45.0,frc_lorawd_wd0p1_lr5e4_c256,False,False,False,True,78.79,,cs,30.32,14.26,32.62,38.05,32.36,22.29,29.52,0.7391,80.2495,13.3516,78.79,564.4667105878478,80.24688720703125,13.352918702363969,12.49841525160022,25.822610118425157,0.0741283246216478,0.0459862385415171,0.06950609252158454,2.3010770195726806,1.8100692116929957,0.4910078078796849,-0.13129679772146333,1.9044281950329356,2.7516383345084487,1.9044423351838577,1.1255333128567102
frc_lorawd_wd0p1_lr7e4_c256_s42,frc,Llama-CS grid (frc),Llama-2-7B,cs,faithful-CLoRA grid,lorawd,LoRA+wd,0.0007,42.0,frc_lorawd_wd0p1_lr7e4_c256,False,False,False,True,77.08,,cs,29.04,12.46,24.86,34.56,34.68,20.75,27.12,0.8594,103.7369,14.1611,77.08,642.693313156939,103.73568725585938,14.163102117180824,14.829611803876011,27.662858251737447,0.07615208092336703,0.04562949794839713,0.07146202761699359,2.4346622995910696,1.8520239240816387,0.5826383755094309,-0.06580465065211559,2.0159281885205314,2.8080037813571868,2.01593326570297,1.1510969896090746
frc_lorawd_wd0p1_lr7e4_c256_s43,frc,Llama-CS grid (frc),Llama-2-7B,cs,faithful-CLoRA grid,lorawd,LoRA+wd,0.0007,43.0,frc_lorawd_wd0p1_lr7e4_c256,False,False,False,True,75.57,,cs,29.93,13.95,26.73,34.3,35.12,21.94,28.01,0.8504,91.3275,14.095,75.57,642.3683611423712,91.32572174072266,14.096971482038498,14.91181885589098,27.788574765587846,0.07618793991830766,0.04574339621831231,0.07158493288792248,2.4341822635820534,1.8100692116929957,0.6241130518890576,-0.07037674848475964,1.9605931130961047,2.8077841422960574,1.9606015694286478,1.1490650802076212
frc_lorawd_wd0p1_lr7e4_c256_s44,frc,Llama-CS grid (frc),Llama-2-7B,cs,faithful-CLoRA grid,lorawd,LoRA+wd,0.0007,44.0,frc_lorawd_wd0p1_lr7e4_c256,False,False,False,True,76.88,,cs,29.6,13.55,27.48,36.35,34.45,21.58,28.29,0.8692,93.8808,14.0503,76.88,641.3912536588172,93.8796157836914,14.052265039086342,14.859643348283134,27.806860628688224,0.07565770582447166,0.04563276956548843,0.07098703006313807,2.432510711599144,1.8100692116929957,0.622441499906148,-0.06088028235151308,1.9725713035153478,2.807123033369766,1.9725767817585234,1.1476855973338824
frc_lorawd_wd0p2_lr1e3_c256_s42,frc,Llama-CS grid (frc),Llama-2-7B,cs,faithful-CLoRA grid,lorawd,LoRA+wd,0.001,42.0,frc_lorawd_wd0p2_lr1e3_c256,False,False,False,True,78.8,,cs,31.61,16.55,33.72,35.24,35.27,24.08,30.48,0.6426,60.0743,9.5314,78.8,421.9315379191352,60.07316589355469,9.532605665922166,13.579889197086361,27.256467471850634,0.07726139154451313,0.04517173138893266,0.0747728868899911,2.182870988422297,1.8520239240816387,0.33084706434065847,-0.19205927878450077,1.7786805201423048,2.625241988601474,1.7786887190030538,0.9791566957715021
frc_lorawd_wd0p2_lr1e3_c256_s43,frc,Llama-CS grid (frc),Llama-2-7B,cs,faithful-CLoRA grid,lorawd,LoRA+wd,0.001,43.0,frc_lorawd_wd0p2_lr1e3_c256,False,False,False,True,79.82,,cs,31.9,16.15,35.15,37.71,34.23,24.02,31.03,0.6321,59.3315,9.51,79.82,422.0933046902252,59.3304328918457,9.511450278759003,13.525618180598016,27.253915783018204,0.07655805390583682,0.045173482710366725,0.07456464666796163,2.1513264618285732,1.8100692116929957,0.3412572501355775,-0.19921420967223738,1.7732775170860462,2.6254084633622945,1.7732853281703884,0.9781805169374139
frc_lorawd_wd0p2_lr1e3_c256_s44,frc,Llama-CS grid (frc),Llama-2-7B,cs,faithful-CLoRA grid,lorawd,LoRA+wd,0.001,44.0,frc_lorawd_wd0p2_lr1e3_c256,False,False,False,True,79.48,,cs,30.78,15.47,38.82,35.92,33.86,23.12,30.97,0.6361,62.3841,9.5115,79.48,421.2820629631355,62.38398361206055,9.51256807744503,13.549149541198396,27.237327557363677,0.0763978894452747,0.045157355460483675,0.07472725636067136,2.157474700980311,1.8100692116929957,0.3474054892873151,-0.19647460442346762,1.7950731037570835,2.6245729684504484,1.7950739140066025,0.9782490122426428
frc_lorawd_wd0p2_lr1e4_c256_s42,frc,Llama-CS grid (frc),Llama-2-7B,cs,faithful-CLoRA grid,lorawd,LoRA+wd,0.0001,42.0,frc_lorawd_wd0p2_lr1e4_c256,False,False,False,True,35.41,,cs,34.63,20.22,45.9,40.36,34.49,27.42,35.12,0.254,18.059,6.2778,35.41,141.0965906143857,18.095829010009766,6.279496379196644,3.0693731560632687,10.5964428470115,0.07111872578868017,0.04988724107460875,0.07163050343880682,1.985747811139539,1.8520239240816387,0.13372388705790028,-0.595166283380062,1.2575784838921633,2.1495165198121224,1.2566936979981955,0.7978074757029924
frc_lorawd_wd0p2_lr1e4_c256_s43,frc,Llama-CS grid (frc),Llama-2-7B,cs,faithful-CLoRA grid,lorawd,LoRA+wd,0.0001,43.0,frc_lorawd_wd0p2_lr1e4_c256,False,False,False,True,64.47,,cs,34.97,19.08,46.43,41.64,34.71,27.02,35.37,0.2508,18.1833,6.2614,64.47,141.34161832761333,18.190507888793945,6.262881574034691,3.1022209596802774,10.598612958210978,0.071314996308442,0.049724939384621795,0.0716044515241156,1.9402571108477116,1.8100692116929957,0.13018789915471585,-0.6006724678413211,1.2598448249689997,2.1502700595747752,1.2596727040637634,0.7966714489126991
frc_lorawd_wd0p2_lr1e4_c256_s44,frc,Llama-CS grid (frc),Llama-2-7B,cs,faithful-CLoRA grid,lorawd,LoRA+wd,0.0001,44.0,frc_lorawd_wd0p2_lr1e4_c256,False,False,False,True,54.78,,cs,35.46,20.0,45.95,41.64,35.87,27.73,35.78,0.252,15.1595,6.1989,54.78,141.15329927675123,15.163610458374023,6.20032666027546,3.1354823239358156,10.655981801129245,0.07150680815309014,0.049863646565691665,0.07156168703453054,1.9401248622564156,1.8100692116929957,0.13005565056341983,-0.5985994592184559,1.180802619202589,2.14969103367629,1.1806848773631882,0.7923146304153761
frc_lorawd_wd0p2_lr1e4_c256_s45,frc,Llama-CS grid (frc),Llama-2-7B,cs,faithful-CLoRA grid,lorawd,LoRA+wd,0.0001,45.0,frc_lorawd_wd0p2_lr1e4_c256,False,False,False,True,67.2,,cs,33.97,20.55,47.44,42.15,36.37,27.26,36.1,0.2515,18.4747,6.3034,67.2,141.03365594247774,18.48145866394043,6.304731774330139,3.064173448584487,10.561114342084853,0.07173787958418876,0.04960342612157883,0.07194973397368978,1.9436746896980002,1.8100692116929957,0.13360547800500444,-0.5994620106080538,1.2667362452769602,2.149322764044941,1.2665773948664625,0.7995748673795844
frc_lorawd_wd0p2_lr2e4_c256_s42,frc,Llama-CS grid (frc),Llama-2-7B,cs,faithful-CLoRA grid,lorawd,LoRA+wd,0.0002,42.0,frc_lorawd_wd0p2_lr2e4_c256,False,False,False,True,70.05,,cs,33.41,19.24,46.0,39.42,32.36,26.32,34.09,0.349,21.4819,8.5057,70.05,240.6643254781575,21.489059448242188,8.509367932379245,4.969388533716429,16.2438294557527,0.0701872642480223,0.047817304512962316,0.06953252484845635,2.059225880794567,1.8520239240816387,0.2072019567129284,-0.45717457304082015,1.3322174073305542,2.3814117180430676,1.332072690576088,0.9297100608795081
frc_lorawd_wd0p2_lr2e4_c256_s43,frc,Llama-CS grid (frc),Llama-2-7B,cs,faithful-CLoRA grid,lorawd,LoRA+wd,0.0002,43.0,frc_lorawd_wd0p2_lr2e4_c256,False,False,False,True,69.98,,cs,33.13,19.77,46.38,39.25,36.4,26.45,34.99,0.3616,23.3555,8.5416,69.98,240.4413203524882,23.403371810913086,8.545588876307011,4.9068915451463715,16.068242596654684,0.07033460961878113,0.04785775573591421,0.06958138645160684,2.023904884004843,1.8100692116929957,0.2138356723118473,-0.44177157819667434,1.3692784323409415,2.3810091041752406,1.3683891692010468,0.931539229715452
frc_lorawd_wd0p2_lr2e4_c256_s44,frc,Llama-CS grid (frc),Llama-2-7B,cs,faithful-CLoRA grid,lorawd,LoRA+wd,0.0002,44.0,frc_lorawd_wd0p2_lr2e4_c256,False,False,False,True,59.4,,cs,33.87,18.83,42.36,38.91,34.98,26.35,33.79,0.3465,24.4701,8.5149,59.4,240.33202153855882,24.494028091430664,8.51950381398201,4.952560041280972,16.213504612215434,0.07027910740369829,0.04805701217486662,0.06963936676816333,2.025586420855972,1.8100692116929957,0.21551720916297623,-0.4602967610521745,1.3890602115856665,2.38081163951383,1.3886357441519301,0.9301795519224355
frc_lorawd_wd0p2_lr2e4_c256_s45,frc,Llama-CS grid (frc),Llama-2-7B,cs,faithful-CLoRA grid,lorawd,LoRA+wd,0.0002,45.0,frc_lorawd_wd0p2_lr2e4_c256,False,False,False,True,81.56,,cs,34.93,18.13,41.85,40.19,34.86,26.53,33.99,0.3554,23.9597,8.5588,81.56,240.09297115423092,23.98535919189453,8.563542234897614,4.928544734230888,16.13736207329388,0.07095031360656032,0.04789376279682226,0.06997181629548452,2.0203815025027128,1.8100692116929957,0.21031229080971703,-0.4492825765307173,1.379946226612201,2.380379446047805,1.3794813759393005,0.9324128780052909
frc_lorawd_wd0p2_lr2e4_c256_s46,frc,Llama-CS grid (frc),Llama-2-7B,cs,faithful-CLoRA grid,lorawd,LoRA+wd,0.0002,46.0,frc_lorawd_wd0p2_lr2e4_c256,False,False,False,True,77.92,,cs,33.74,18.58,44.53,41.55,35.52,26.16,34.78,0.3643,25.9659,8.5419,77.92,240.4270928291744,25.9923095703125,8.546112233400345,4.949465701490048,16.12510821876977,0.07037070427213521,0.04780180223607489,0.06973892815448478,2.025835050165805,1.8100692116929957,0.2157658384728094,-0.4385408287580841,1.4148448708468468,2.3809834051078917,1.4144033802050893,0.9315544828362509
frc_lorawd_wd0p2_lr2e5_c256_s42,frc,Llama-CS grid (frc),Llama-2-7B,cs,faithful-CLoRA grid,lorawd,LoRA+wd,2e-05,42.0,frc_lorawd_wd0p2_lr2e5_c256,False,False,False,True,21.44,,cs,34.1,19.24,46.43,46.16,36.15,26.67,36.42,0.2139,5.2551,2.154,21.44,36.26775523974725,5.263933181762695,2.1556724160909653,1.5086919394972804,3.7532046727132595,0.06412908146633288,0.04828198597202717,0.07914330277194774,2.1233720064883777,1.8520239240816387,0.2713480824067389,-0.669789215428472,0.7213103678825086,1.5595206761439795,0.7205809846906122,0.33324569896196277
frc_lorawd_wd0p2_lr2e5_c256_s43,frc,Llama-CS grid (frc),Llama-2-7B,cs,faithful-CLoRA grid,lorawd,LoRA+wd,2e-05,43.0,frc_lorawd_wd0p2_lr2e5_c256,False,False,False,True,24.79,,cs,34.25,19.57,46.88,47.01,37.09,26.91,36.96,0.2167,5.6435,2.1727,24.79,36.60899002047006,5.64630126953125,2.1742773611098527,1.5002155724770894,3.662421814429316,0.06397010916151459,0.04796571944790658,0.07945355663444159,2.0782061872876323,1.8100692116929957,0.26813697559463656,-0.6641410886801821,0.7517640470670678,1.5635877476035431,0.7515485293806768,0.3369997643605282
frc_lorawd_wd0p2_lr2e5_c256_s44,frc,Llama-CS grid (frc),Llama-2-7B,cs,faithful-CLoRA grid,lorawd,LoRA+wd,2e-05,44.0,frc_lorawd_wd0p2_lr2e5_c256,False,False,False,True,23.05,,cs,33.51,20.12,46.19,45.48,36.47,26.82,36.35,0.219,5.6833,2.1691,23.05,36.59004740709484,5.697011470794678,2.170877480879426,1.4994940033216693,3.687794314746029,0.06391084012552854,0.04978712667598032,0.07905461843848424,2.065842088240173,1.8100692116929957,0.2557728765471772,-0.6595558851598816,0.7556470938989858,1.563362972171121,0.7546005814196722,0.33627957435033023
frc_lorawd_wd0p2_lr3e4_c256_s42,frc,Llama-CS grid (frc),Llama-2-7B,cs,faithful-CLoRA grid,lorawd,LoRA+wd,0.0003,42.0,frc_lorawd_wd0p2_lr3e4_c256,False,False,False,True,81.82,,cs,33.97,18.13,42.22,38.99,35.18,26.05,33.7,0.4227,29.873,9.0552,81.82,304.92973669269327,29.872350692749023,9.056651005148888,7.364362336418906,20.405362343593666,0.07092578216454393,0.047236975690837395,0.06957836580238674,2.111981535577303,1.8520239240816387,0.2599576114956643,-0.3739677521709811,1.4752693991264192,2.484199778749826,1.4752788388753837,0.9568980469126015
frc_lorawd_wd0p2_lr3e4_c256_s43,frc,Llama-CS grid (frc),Llama-2-7B,cs,faithful-CLoRA grid,lorawd,LoRA+wd,0.0003,43.0,frc_lorawd_wd0p2_lr3e4_c256,False,False,False,True,81.79,,cs,33.44,18.63,43.23,37.03,34.6,26.03,33.39,0.4375,29.779,9.1706,81.79,305.34915379887843,29.778427124023438,9.172109596431255,7.028361856950235,20.22601953182426,0.07037594436400291,0.046984633528313904,0.06886291676176215,2.0694615128593146,1.8100692116929957,0.25939230116631884,-0.3590219426416679,1.4739017548870361,2.4847967207917274,1.4739101097434313,0.9623977509551519
frc_lorawd_wd0p2_lr3e4_c256_s44,frc,Llama-CS grid (frc),Llama-2-7B,cs,faithful-CLoRA grid,lorawd,LoRA+wd,0.0003,44.0,frc_lorawd_wd0p2_lr3e4_c256,False,False,False,True,79.1,,cs,33.82,18.11,41.89,38.14,34.28,25.96,33.25,0.4315,30.192,9.1723,79.1,305.78961664298447,30.191232681274414,9.174101254343986,7.122816073983321,20.331550139617264,0.07149860156084453,0.046857712383612894,0.06946890160052348,2.0690428100785883,1.8100692116929957,0.25897359838559253,-0.36501919994877163,1.479880845243913,2.485422734473242,1.479891882820856,0.9624782508348164
frc_lorawd_wd0p2_lr3e4_c256_s45,frc,Llama-CS grid (frc),Llama-2-7B,cs,faithful-CLoRA grid,lorawd,LoRA+wd,0.0003,45.0,frc_lorawd_wd0p2_lr3e4_c256,False,False,False,True,73.73,,cs,32.62,18.58,36.42,39.33,34.47,25.6,32.28,0.4284,24.4184,9.0334,73.73,305.0059616649948,24.41937255859375,9.03498727530241,7.332049808422929,20.446508172240588,0.07112993513932706,0.04704829605342863,0.06941640980091641,2.075345191493657,1.8100692116929957,0.2652759798006612,-0.368150537840182,1.3877345008111073,2.4843083281759877,1.3877172036737269,0.9558512412682441
frc_lorawd_wd0p2_lr5e4_c256_s42,frc,Llama-CS grid (frc),Llama-2-7B,cs,faithful-CLoRA grid,lorawd,LoRA+wd,0.0005,42.0,frc_lorawd_wd0p2_lr5e4_c256,False,False,False,True,60.22,,cs,31.87,16.72,38.55,37.97,34.17,24.3,31.86,0.5258,54.9591,9.0395,60.22,372.6729380179597,54.95830535888672,9.040089523792266,11.713853130755938,24.95250634770066,0.07443135428904607,0.045886871198786976,0.07131917087319116,2.1335735181252553,1.8520239240816387,0.28154959404361657,-0.27917941822965603,1.7400333327736361,2.5713278572127027,1.740039612184062,0.9561444090985546
frc_lorawd_wd0p2_lr5e4_c256_s43,frc,Llama-CS grid (frc),Llama-2-7B,cs,faithful-CLoRA grid,lorawd,LoRA+wd,0.0005,43.0,frc_lorawd_wd0p2_lr5e4_c256,False,False,False,True,81.05,,cs,31.52,17.01,35.9,37.8,33.69,24.26,31.18,0.5274,46.1119,8.9807,81.05,370.8761848647693,46.111114501953125,8.981399075686932,11.697467224893394,24.961693317523533,0.0739372538673988,0.04604807063904036,0.07085937746894842,2.119075424783917,1.8100692116929957,0.30900621309092124,-0.2778598745425845,1.6638056192091901,2.56922894679887,1.663813017307575,0.9533101890380346
frc_lorawd_wd0p2_lr5e4_c256_s44,frc,Llama-CS grid (frc),Llama-2-7B,cs,faithful-CLoRA grid,lorawd,LoRA+wd,0.0005,44.0,frc_lorawd_wd0p2_lr5e4_c256,False,False,False,True,80.55,,cs,31.35,17.95,38.4,37.88,32.9,24.65,31.7,0.5276,51.6757,9.0093,80.55,371.30764111188785,51.674476623535156,9.009951177239419,11.692670352419821,24.96186513031559,0.07365778247833574,0.04590036359506754,0.07060668550205167,2.103397155150894,1.8100692116929957,0.29332794345789837,-0.27769521312567236,1.7132760866411407,2.569733886631445,1.713286368300357,0.9546910486985654
frc_lorawd_wd0p2_lr5e4_c256_s45,frc,Llama-CS grid (frc),Llama-2-7B,cs,faithful-CLoRA grid,lorawd,LoRA+wd,0.0005,45.0,frc_lorawd_wd0p2_lr5e4_c256,False,False,False,True,80.81,,cs,31.61,18.17,42.25,38.91,34.98,24.89,33.18,0.5266,48.7956,9.0472,80.81,371.71463668924434,48.795047760009766,9.047785924375058,11.645013020375547,24.93630767266526,0.0741230203397406,0.046032399885227206,0.07121884493528118,2.112479429453725,1.8100692116929957,0.3024102177607293,-0.2785191452299507,1.688375747419993,2.570209662274689,1.6883806625381104,0.956514191061288
frc_lorawd_wd0p2_lr7e4_c256_s42,frc,Llama-CS grid (frc),Llama-2-7B,cs,faithful-CLoRA grid,lorawd,LoRA+wd,0.0007,42.0,frc_lorawd_wd0p2_lr7e4_c256,False,False,False,True,80.7,,cs,29.84,15.87,32.86,36.6,35.21,22.86,30.08,0.5926,55.3872,9.1851,80.7,399.33363170969693,55.38580322265625,9.18641157746315,13.339009342206863,26.535924129969434,0.07685688476891188,0.04549869029990017,0.07349612996486131,2.151931272689454,1.8520239240816387,0.2999073486078152,-0.2272383528559677,1.7433984583711963,2.601335887832361,1.74340941072737,0.9630838889174697
frc_lorawd_wd0p2_lr7e4_c256_s43,frc,Llama-CS grid (frc),Llama-2-7B,cs,faithful-CLoRA grid,lorawd,LoRA+wd,0.0007,43.0,frc_lorawd_wd0p2_lr7e4_c256,False,False,False,True,80.39,,cs,31.88,16.2,31.77,37.12,32.76,24.04,29.95,0.5799,60.2147,9.2364,80.39,399.3588243590179,60.21372985839844,9.23764018714428,13.19107730390795,26.539665583091885,0.07613689595359246,0.04549157508715364,0.07351854431842908,2.142167954944868,1.8100692116929957,0.33209874325187205,-0.23664689125178456,1.7796955298271406,2.601363285182881,1.7797025269646891,0.9655027326071045
frc_lorawd_wd0p2_lr7e4_c256_s44,frc,Llama-CS grid (frc),Llama-2-7B,cs,faithful-CLoRA grid,lorawd,LoRA+wd,0.0007,44.0,frc_lorawd_wd0p2_lr7e4_c256,False,False,False,True,80.8,,cs,30.27,15.17,25.12,37.63,36.0,22.72,28.84,0.5988,58.5616,9.2549,80.8,398.90071641166156,58.56089782714844,9.256131109595298,13.112152558315172,26.47906786416578,0.07654003583139758,0.04540388913952366,0.07336216871044841,2.176821781020799,1.8100692116929957,0.3667525693278033,-0.22271820832898526,1.7676077264927401,2.60086481628816,1.7676129338576858,0.9663717305245989
frc_lorawd_wd0p3_lr1e3_c256_s42,frc,Llama-CS grid (frc),Llama-2-7B,cs,faithful-CLoRA grid,lorawd,LoRA+wd,0.001,42.0,frc_lorawd_wd0p3_lr1e3_c256,False,False,False,True,81.6,,cs,32.07,18.85,33.63,38.14,35.89,25.46,31.72,0.4647,53.9811,7.1519,81.6,295.860350364532,53.98051834106445,7.152259711921215,11.707831966453206,25.505631511895377,0.07855030755251594,0.044878679823213835,0.07607469904202621,2.0790772890567717,1.8520239240816387,0.22705336497513295,-0.33282732752113153,1.7322370504980678,2.4710867672164536,1.732241730147557,0.8544214333952703
frc_lorawd_wd0p3_lr1e3_c256_s43,frc,Llama-CS grid (frc),Llama-2-7B,cs,faithful-CLoRA grid,lorawd,LoRA+wd,0.001,43.0,frc_lorawd_wd0p3_lr1e3_c256,False,False,False,True,81.31,,cs,33.6,17.49,41.8,37.63,33.97,25.54,32.9,0.4418,48.9869,7.1465,81.31,296.0925132054652,48.98600769042969,7.146924632787704,11.740895643983851,25.462841273894497,0.07701569547039756,0.04498734277557825,0.07606460670424758,2.004617754513131,1.8100692116929957,0.19454854282013545,-0.35477428846458386,1.690072046342072,2.4714274262523164,1.6900799572050174,0.8540933980467311
frc_lorawd_wd0p3_lr1e3_c256_s44,frc,Llama-CS grid (frc),Llama-2-7B,cs,faithful-CLoRA grid,lorawd,LoRA+wd,0.001,44.0,frc_lorawd_wd0p3_lr1e3_c256,False,False,False,True,80.87,,cs,32.73,18.28,30.39,37.8,33.52,25.5,30.54,0.446,49.3201,7.1222,80.87,293.84984687621716,49.319454193115234,7.122652293741703,11.649006612883527,25.50751011191056,0.07739561970125132,0.045163655268292635,0.07549319437705071,2.0055050798997054,1.8100692116929957,0.19543586820670966,-0.35066514128785814,1.6930182617146536,2.4681254687416505,1.6930239484874443,0.8526141650243929
frc_lorawd_wd0p3_lr1e4_c256_s42,frc,Llama-CS grid (frc),Llama-2-7B,cs,faithful-CLoRA grid,lorawd,LoRA+wd,0.0001,42.0,frc_lorawd_wd0p3_lr1e4_c256,False,False,False,True,23.84,,cs,34.71,19.56,46.46,42.75,34.6,27.14,35.62,0.2344,15.1193,5.5201,23.84,124.78458343734567,15.144989967346191,5.521679343283177,3.075797443970618,10.260803801280165,0.0717787423924838,0.050379007289921195,0.07237056215309652,1.9665691136052204,1.8520239240816387,0.11454518952358161,-0.630042392653947,1.1802689899747425,2.096160933570266,1.1795316844737374,0.7419469453115924
frc_lorawd_wd0p3_lr1e4_c256_s43,frc,Llama-CS grid (frc),Llama-2-7B,cs,faithful-CLoRA grid,lorawd,LoRA+wd,0.0001,43.0,frc_lorawd_wd0p3_lr1e4_c256,False,False,False,True,69.86,,cs,34.51,20.51,47.16,41.98,36.33,27.51,36.1,0.2342,15.2793,5.5937,69.86,125.24051199093564,15.300626754760742,5.5948214650154116,3.03425500834485,10.201800970885307,0.07230952907185054,0.050058359883110484,0.07280275341125529,1.9212039671131107,1.8100692116929957,0.11113475542011497,-0.6304131092636557,1.1847092210502184,2.0977448343711282,1.1841034580943153,0.7476991706807882
frc_lorawd_wd0p3_lr1e4_c256_s44,frc,Llama-CS grid (frc),Llama-2-7B,cs,faithful-CLoRA grid,lorawd,LoRA+wd,0.0001,44.0,frc_lorawd_wd0p3_lr1e4_c256,False,False,False,True,47.06,,cs,35.74,19.93,47.11,41.38,36.59,27.84,36.15,0.2329,15.0911,5.5402,47.06,125.35674803322571,15.129083633422852,5.541658899188041,3.078984941295016,10.249526270317922,0.07182143883370078,0.05040458910592687,0.07257628273444698,1.9191140314820248,1.8100692116929957,0.10904481978902902,-0.6328305114653193,1.1798126236609794,2.098147717270807,1.1787208969338978,0.7435254429465828
frc_lorawd_wd0p3_lr1e4_c256_s45,frc,Llama-CS grid (frc),Llama-2-7B,cs,faithful-CLoRA grid,lorawd,LoRA+wd,0.0001,45.0,frc_lorawd_wd0p3_lr1e4_c256,False,False,False,True,78.28,,cs,33.97,19.9,46.35,41.3,36.41,26.94,35.59,0.2385,16.0388,5.589,78.28,125.45790783260284,16.044315338134766,5.5901843279600145,3.05508590055073,10.218491073254432,0.07191851430777205,0.0502845333403337,0.07252735387218766,1.9627823404204343,1.8520239240816387,0.11075841633879557,-0.6225116166238673,1.2053211891028053,2.0984980408584817,1.2051718718737199,0.7473341096159051
frc_lorawd_wd0p3_lr1e4_c256_s46,frc,Llama-CS grid (frc),Llama-2-7B,cs,faithful-CLoRA grid,lorawd,LoRA+wd,0.0001,46.0,frc_lorawd_wd0p3_lr1e4_c256,False,False,False,True,81.56,,cs,34.5,19.66,47.3,42.75,37.33,27.08,36.31,0.2355,15.934,5.554,81.56,124.9055770045963,15.969231605529785,5.555435718595982,3.063233069875675,10.245909770257597,0.07215535272082213,0.05016627456719361,0.07258675434997659,1.921240106481882,1.8100692116929957,0.11117089478888631,-0.6280090885350851,1.2032840196133239,2.0965818299533883,1.2023248128295483,0.7446058754142388
frc_lorawd_wd0p3_lr2e4_c256_s42,frc,Llama-CS grid (frc),Llama-2-7B,cs,faithful-CLoRA grid,lorawd,LoRA+wd,0.0002,42.0,frc_lorawd_wd0p3_lr2e4_c256,False,False,False,True,79.3,,cs,34.48,19.46,46.23,37.97,35.83,26.97,34.79,0.3258,21.0025,7.1198,79.3,195.61990953352102,21.02100944519043,7.12323471903801,4.688192059625914,15.144426248275817,0.07092535705365009,0.048598227394924406,0.07106144507280532,2.020866272859175,1.8520239240816387,0.16884234877753634,-0.48704892002750944,1.3226535673511077,2.291413053726223,1.322270993380716,0.8524677941823153
frc_lorawd_wd0p3_lr2e4_c256_s43,frc,Llama-CS grid (frc),Llama-2-7B,cs,faithful-CLoRA grid,lorawd,LoRA+wd,0.0002,43.0,frc_lorawd_wd0p3_lr2e4_c256,False,False,False,True,58.82,,cs,33.59,19.07,45.48,40.44,37.0,26.33,35.12,0.2998,19.5055,6.9354,58.82,196.17741499432486,19.526447296142578,6.938471432030201,4.988063109536221,15.70292339619686,0.07136272002939874,0.04827382831496068,0.07114044923784166,1.972909857440613,1.8100692116929957,0.16284064574761725,-0.5231683714877393,1.2906232335574674,2.292649007590703,1.2901570874064758,0.841071514116307
frc_lorawd_wd0p3_lr2e4_c256_s44,frc,Llama-CS grid (frc),Llama-2-7B,cs,faithful-CLoRA grid,lorawd,LoRA+wd,0.0002,44.0,frc_lorawd_wd0p3_lr2e4_c256,False,False,False,True,50.95,,cs,33.74,19.84,44.57,41.64,34.78,26.79,34.91,0.3043,16.341,6.923,50.95,195.8046296534484,16.342920303344727,6.926866464316845,4.948692484459571,15.658048402396858,0.07084750406625007,0.04867721128152667,0.07077448107885978,1.9779227210057941,1.8100692116929957,0.1678535093127984,-0.5166980476418329,1.2133296628639687,2.291822956155452,1.2132786299927945,0.8402943316114362
frc_lorawd_wd0p3_lr2e4_c256_s45,frc,Llama-CS grid (frc),Llama-2-7B,cs,faithful-CLoRA grid,lorawd,LoRA+wd,0.0002,45.0,frc_lorawd_wd0p3_lr2e4_c256,False,False,False,True,66.07,,cs,33.97,20.0,47.24,41.13,33.05,26.98,35.08,0.3026,22.3628,6.9962,66.07,195.95262312606025,22.383968353271484,7.000087954103947,4.884930284203944,15.633964154755237,0.0710694810233411,0.04830951763570121,0.07106743212265143,1.9751387587042377,1.8100692116929957,0.165069547011242,-0.5191310763128322,1.3499370831373307,2.2921510815500143,1.3495261797339828,0.8448622161375213
frc_lorawd_wd0p3_lr2e5_c256_s42,frc,Llama-CS grid (frc),Llama-2-7B,cs,faithful-CLoRA grid,lorawd,LoRA+wd,2e-05,42.0,frc_lorawd_wd0p3_lr2e5_c256,False,False,False,True,23.5,,cs,33.77,19.27,46.16,46.5,36.04,26.52,36.35,0.214,5.2881,2.1264,23.5,35.671465758865004,5.290235996246338,2.1280425008386374,1.4895409501807095,3.61618314510707,0.0642521784568281,0.047961960134317014,0.08022519860645971,2.125922977971927,1.8520239240816387,0.27389905389028835,-0.6695862266508091,0.7234750462471764,1.5523209550885133,0.7232996592305252,0.32764496359865675
frc_lorawd_wd0p3_lr2e5_c256_s43,frc,Llama-CS grid (frc),Llama-2-7B,cs,faithful-CLoRA grid,lorawd,LoRA+wd,2e-05,43.0,frc_lorawd_wd0p3_lr2e5_c256,False,False,False,True,67.21,,cs,33.59,19.86,46.65,46.5,36.98,26.72,36.72,0.2171,4.9748,2.1267,67.21,35.70063982213955,4.976385593414307,2.128529044240713,1.4851843346491969,3.5556399546495543,0.06412501042520102,0.0480171900837928,0.08016147624574084,2.077710355368538,1.8100692116929957,0.26764114367554215,-0.66334017654558,0.6969140241353534,1.5526759995501374,0.6967756256561494,0.3277062310716939
frc_lorawd_wd0p3_lr2e5_c256_s44,frc,Llama-CS grid (frc),Llama-2-7B,cs,faithful-CLoRA grid,lorawd,LoRA+wd,2e-05,44.0,frc_lorawd_wd0p3_lr2e5_c256,False,False,False,True,12.19,,cs,34.31,20.3,46.73,45.82,36.85,27.3,36.8,0.2124,5.0793,2.1224,12.19,35.602875764357066,5.0812811851501465,2.123962791264057,1.486942212271938,3.5684498475692825,0.06359939694971592,0.049352002577045,0.07973336551841255,2.073863758744269,1.8100692116929957,0.26379454705127325,-0.6728454875905685,0.7059732283250197,1.5514850788197876,0.7058038644326277,0.32682723697427274
frc_lorawd_wd0p3_lr3e4_c256_s42,frc,Llama-CS grid (frc),Llama-2-7B,cs,faithful-CLoRA grid,lorawd,LoRA+wd,0.0003,42.0,frc_lorawd_wd0p3_lr3e4_c256,False,False,False,True,76.17,,cs,35.26,19.29,45.95,37.88,34.12,27.28,34.5,0.3581,26.1334,7.1337,76.17,234.64697506694554,26.133102416992188,7.134811578691005,6.952354916870564,19.47825037337659,0.07265369182580025,0.047355457842345516,0.07140811360178459,2.027440440424872,1.8520239240816387,0.1754165163432333,-0.4459956789880971,1.4171909704850894,2.3704149599113884,1.4171959158574494,0.8533148416039472
frc_lorawd_wd0p3_lr3e4_c256_s43,frc,Llama-CS grid (frc),Llama-2-7B,cs,faithful-CLoRA grid,lorawd,LoRA+wd,0.0003,43.0,frc_lorawd_wd0p3_lr3e4_c256,False,False,False,True,35.1,,cs,33.08,18.91,43.7,40.44,35.75,25.99,34.38,0.3422,23.0973,7.0156,35.1,233.90612363600238,23.096906661987305,7.016644544899464,7.110250271360133,19.670610692531394,0.07186870596829069,0.047385054576532123,0.07084418084566368,1.9937720910479981,1.8100692116929957,0.1837028793550024,-0.46571999479491855,1.3635538193039727,2.3690415917386636,1.3635612152326306,0.8460648194194157
frc_lorawd_wd0p3_lr3e4_c256_s44,frc,Llama-CS grid (frc),Llama-2-7B,cs,faithful-CLoRA grid,lorawd,LoRA+wd,0.0003,44.0,frc_lorawd_wd0p3_lr3e4_c256,False,False,False,True,81.78,,cs,32.68,18.26,42.29,39.93,34.53,25.47,33.54,0.3483,23.7438,7.057,81.78,234.44654889701567,23.743247985839844,7.05816666930914,7.107935964222784,19.671519127748436,0.07234571765749755,0.04757672345730501,0.0709278154413799,2.0470304555513907,1.8520239240816387,0.195006531469752,-0.4580465255417637,1.3755401285125068,2.3700438442149245,1.3755502254426748,0.8486201174341339
frc_lorawd_wd0p3_lr3e4_c256_s45,frc,Llama-CS grid (frc),Llama-2-7B,cs,faithful-CLoRA grid,lorawd,LoRA+wd,0.0003,45.0,frc_lorawd_wd0p3_lr3e4_c256,False,False,False,True,81.51,,cs,34.08,19.22,44.65,41.13,33.14,26.65,34.44,0.3524,23.7577,7.1449,81.51,234.65099222072735,23.75743293762207,7.146414601802826,6.879397677412887,19.369988729858264,0.07245631329276798,0.04737133679285408,0.0713098372349773,1.9986028361695236,1.8100692116929957,0.18853362447652788,-0.45296410025998973,1.3757995120138984,2.3704223949647747,1.3758043939834896,0.8539961547851964
frc_lorawd_wd0p3_lr5e4_c256_s42,frc,Llama-CS grid (frc),Llama-2-7B,cs,faithful-CLoRA grid,lorawd,LoRA+wd,0.0005,42.0,frc_lorawd_wd0p3_lr5e4_c256,False,False,False,True,82.05,,cs,31.45,18.63,37.13,38.99,33.92,25.04,32.02,0.4097,41.0801,6.8068,82.05,267.2471761017417,41.079620361328125,6.807270234823227,10.500784392519778,23.55765167881663,0.0745591482325491,0.04627878996565019,0.07277667646748782,2.045922118056781,1.8520239240816387,0.19389819397514207,-0.38753403604685766,1.6136264213969504,2.426913124882086,1.613631492115974,0.832942990185555
frc_lorawd_wd0p3_lr5e4_c256_s43,frc,Llama-CS grid (frc),Llama-2-7B,cs,faithful-CLoRA grid,lorawd,LoRA+wd,0.0005,43.0,frc_lorawd_wd0p3_lr5e4_c256,False,False,False,True,82.02,,cs,33.94,19.4,43.77,37.97,34.61,26.67,33.94,0.3889,34.0947,6.7163,82.02,266.50300340972836,34.09463119506836,6.716753767430783,10.680237981725917,23.758715237148564,0.07486419107753817,0.04642146440966353,0.07238950592625158,2.0639299320661184,1.8100692116929957,0.2538607203731227,-0.4101620568525402,1.5326859970005378,2.425702107760047,1.5326868734309593,0.8271300867266878
frc_lorawd_wd0p3_lr5e4_c256_s44,frc,Llama-CS grid (frc),Llama-2-7B,cs,faithful-CLoRA grid,lorawd,LoRA+wd,0.0005,44.0,frc_lorawd_wd0p3_lr5e4_c256,False,False,False,True,81.69,,cs,32.42,20.09,40.12,37.63,30.62,26.26,32.18,0.4168,37.7714,6.8076,81.69,267.5653649866989,37.7711296081543,6.808094592392445,10.504328056620727,23.692023158168045,0.07644334181258873,0.046308182153254315,0.0733600590004405,2.0181400790146014,1.8100692116929957,0.20807086732160562,-0.38007228970853196,1.5771599733171255,2.4274298954610383,1.5771630822859977,0.8329940296123269
frc_lorawd_wd0p3_lr5e4_c256_s45,frc,Llama-CS grid (frc),Llama-2-7B,cs,faithful-CLoRA grid,lorawd,LoRA+wd,0.0005,45.0,frc_lorawd_wd0p3_lr5e4_c256,False,False,False,True,81.67,,cs,33.16,18.43,36.66,38.82,34.19,25.8,32.25,0.3917,33.3102,6.7451,81.67,266.2717497931986,33.309364318847656,6.745564275979996,10.469575389890446,23.680153135616276,0.07431723749233592,0.04643486494146752,0.072268632653493,1.995453527432173,1.8100692116929957,0.18538431573917724,-0.4070464284521341,1.522566344626001,2.4253250922378866,1.5225772402755546,0.8289883927219713
frc_lorawd_wd0p3_lr7e4_c256_s42,frc,Llama-CS grid (frc),Llama-2-7B,cs,faithful-CLoRA grid,lorawd,LoRA+wd,0.0007,42.0,frc_lorawd_wd0p3_lr7e4_c256,False,False,False,True,81.91,,cs,32.68,18.6,34.99,37.97,34.18,25.64,31.68,0.4347,40.1249,6.8704,81.91,279.44374580894635,40.124412536621094,6.870842915773392,11.436669513158005,24.937786144591282,0.07562989489121108,0.0456788039745338,0.07361619321772032,2.051104821719017,1.8520239240816387,0.19908089763737813,-0.361810359809163,1.6034086869338888,2.4462943941771584,1.6034139630577307,0.8369820227561546
frc_lorawd_wd0p3_lr7e4_c256_s43,frc,Llama-CS grid (frc),Llama-2-7B,cs,faithful-CLoRA grid,lorawd,LoRA+wd,0.0007,43.0,frc_lorawd_wd0p3_lr7e4_c256,False,False,False,True,80.24,,cs,32.65,18.27,34.88,37.03,32.9,25.46,31.15,0.4343,46.8428,6.9496,80.24,282.15430439150157,46.84226989746094,6.949956792593002,11.479791805052491,24.972023651043912,0.07721511527866039,0.045470990997459486,0.07487112205566233,1.9992809680814396,1.8100692116929957,0.1892117563884439,-0.3622101706377709,1.6706379320889717,2.4504866800153033,1.6706428468658472,0.8419598085049302
frc_lorawd_wd0p3_lr7e4_c256_s44,frc,Llama-CS grid (frc),Llama-2-7B,cs,faithful-CLoRA grid,lorawd,LoRA+wd,0.0007,44.0,frc_lorawd_wd0p3_lr7e4_c256,False,False,False,True,65.11,,cs,33.57,18.6,32.99,37.63,33.14,26.08,31.19,0.4274,45.5036,6.9251,65.11,281.4780309211818,45.5028190612793,6.9255526304245,11.519874988684634,24.916092295276677,0.0762750630512164,0.045665287731106265,0.07413239133360493,1.9918823133391306,1.8100692116929957,0.18181310164613484,-0.3691654821719494,1.6580383035764972,2.449444504260089,1.6580457570590232,0.8404260490916664
frc_lorawd_wd0p5_lr1e3_c256_s42,frc,Llama-CS grid (frc),Llama-2-7B,cs,faithful-CLoRA grid,lorawd,LoRA+wd,0.001,42.0,frc_lorawd_wd0p5_lr1e3_c256,False,False,False,True,81.58,,cs,34.39,18.29,44.52,37.97,35.61,26.34,34.16,0.3146,29.465,5.0967,81.58,179.58430263610586,29.46469497680664,5.097362641990185,8.379215537805852,21.055765255845976,0.07710972493199943,0.04553826395433831,0.07588086287331448,1.9545612006523274,1.8520239240816387,0.10253727657068867,-0.502241281712732,1.4693019495691146,2.254268372551451,1.469306445431168,0.707289071065854
frc_lorawd_wd0p5_lr1e3_c256_s43,frc,Llama-CS grid (frc),Llama-2-7B,cs,faithful-CLoRA grid,lorawd,LoRA+wd,0.001,43.0,frc_lorawd_wd0p5_lr1e3_c256,False,False,False,True,36.56,,cs,22.88,0.0,22.74,27.3,46.14,11.44,23.81,0.9598,257.9163,17.3402,36.56,396.38649542535194,258.8846435546875,17.35023942887783,2.2657302981017025,4.342328449784909,0.09906177068299951,0.04810443606244988,0.0916687465566635,2.2510193889092753,1.8100692116929957,0.4409501772162796,-0.01781925440359742,2.4131062898429123,2.5981188499954873,2.4114787898942702,1.2390541022748782
frc_lorawd_wd0p5_lr1e3_c256_s44,frc,Llama-CS grid (frc),Llama-2-7B,cs,faithful-CLoRA grid,lorawd,LoRA+wd,0.001,44.0,frc_lorawd_wd0p5_lr1e3_c256,False,False,False,True,82.41,,cs,33.67,18.7,43.88,37.88,35.35,26.18,33.9,0.2977,33.6102,4.8828,82.41,179.02164141628114,33.60995864868164,4.883117085695266,8.938810819200128,21.961244373615944,0.07723073343642738,0.04561515203446078,0.0762970460913967,1.9122266263664418,1.8100692116929957,0.10215741467344608,-0.5262211653532752,1.5264679781445614,2.252905534776288,1.5264710967788482,0.68866893590091
frc_lorawd_wd0p5_lr1e4_c256_s42,frc,Llama-CS grid (frc),Llama-2-7B,cs,faithful-CLoRA grid,lorawd,LoRA+wd,0.0001,42.0,frc_lorawd_wd0p5_lr1e4_c256,False,False,False,True,53.0,,cs,35.02,20.46,47.53,43.43,35.47,27.74,36.38,0.2079,14.552,4.497,53.0,101.01600381819323,14.573447227478027,4.498260725289583,3.014345074605508,9.52455908839074,0.07255269420465156,0.05136427935841543,0.07417573581181544,1.9398331171272543,1.8520239240816387,0.08780919304561552,-0.6821455106685308,1.1635622926617502,2.0043901838750497,1.1629226860554271,0.6529228875679419
frc_lorawd_wd0p5_lr1e4_c256_s43,frc,Llama-CS grid (frc),Llama-2-7B,cs,faithful-CLoRA grid,lorawd,LoRA+wd,0.0001,43.0,frc_lorawd_wd0p5_lr1e4_c256,False,False,False,True,80.25,,cs,35.69,20.3,47.54,43.6,37.32,27.99,36.89,0.2092,12.3355,4.536,80.25,101.15993109305477,12.355354309082031,4.537184841930866,2.9566632237842385,9.404376669361344,0.07287588046682153,0.05144571773444356,0.07439916444748289,1.8968152968744323,1.8100692116929957,0.08674608518143656,-0.6794383198047633,1.0918552039892433,2.005008524844804,1.091156757623082,0.6566730458848501
frc_lorawd_wd0p5_lr1e4_c256_s44,frc,Llama-CS grid (frc),Llama-2-7B,cs,faithful-CLoRA grid,lorawd,LoRA+wd,0.0001,44.0,frc_lorawd_wd0p5_lr1e4_c256,False,False,False,True,62.96,,cs,35.4,20.32,46.86,43.86,36.4,27.86,36.57,0.2097,13.5993,4.5057,62.96,101.18550802523524,13.620782852172852,4.506801911443472,2.9921905812064655,9.488969930873113,0.07250264560299265,0.05124405961172196,0.07414487441520946,1.8955385936438869,1.8100692116929957,0.08546938195089115,-0.6784015695346561,1.134202069295433,2.0051183165022546,1.1335165544024757,0.6537622720123293
frc_lorawd_wd0p5_lr1e4_c256_s45,frc,Llama-CS grid (frc),Llama-2-7B,cs,faithful-CLoRA grid,lorawd,LoRA+wd,0.0001,45.0,frc_lorawd_wd0p5_lr1e4_c256,False,False,False,True,76.14,,cs,35.37,20.46,45.45,41.81,35.83,27.92,35.78,0.2102,13.9508,4.5226,76.14,100.90293330234454,13.956059455871582,4.523819535970688,2.9732178593196257,9.432386294948813,0.07262717295379083,0.05154974356819844,0.0743098883408496,1.899816154235944,1.8100692116929957,0.08974694254294824,-0.6773672883077766,1.1447628109696777,2.00390379159375,1.1445991126722395,0.6553881783993026
frc_lorawd_wd0p5_lr2e4_c256_s42,frc,Llama-CS grid (frc),Llama-2-7B,cs,faithful-CLoRA grid,lorawd,LoRA+wd,0.0002,42.0,frc_lorawd_wd0p5_lr2e4_c256,False,False,False,True,79.2,,cs,34.93,20.19,45.88,41.98,35.38,27.56,35.67,0.237,14.7462,4.9847,79.2,138.3792547484902,14.7599515914917,4.987422317266464,4.713065661912141,14.420036971357584,0.07275495069785284,0.04951605655273911,0.07357046291970036,1.9572587321442863,1.8520239240816387,0.10523480806264751,-0.6252516539898961,1.1690849331250643,2.141070987349352,1.1686801198632517,0.6976390257840557
frc_lorawd_wd0p5_lr2e4_c256_s43,frc,Llama-CS grid (frc),Llama-2-7B,cs,faithful-CLoRA grid,lorawd,LoRA+wd,0.0002,43.0,frc_lorawd_wd0p5_lr2e4_c256,False,False,False,True,77.34,,cs,35.36,18.89,46.03,41.72,35.42,27.12,35.48,0.2375,15.1568,4.9774,77.34,138.32312191080086,15.170804023742676,4.9798027038574215,4.737852296618566,14.451824785628308,0.07353428594326929,0.049469029200299636,0.07394347167764373,1.918406771603809,1.8100692116929957,0.10833755991081317,-0.6243363860391147,1.1810085981777378,2.140894782270879,1.1806075199611148,0.6970025434589743
frc_lorawd_wd0p5_lr2e4_c256_s44,frc,Llama-CS grid (frc),Llama-2-7B,cs,faithful-CLoRA grid,lorawd,LoRA+wd,0.0002,44.0,frc_lorawd_wd0p5_lr2e4_c256,False,False,False,True,58.63,,cs,34.82,19.91,46.57,42.49,35.72,27.36,35.9,0.2371,12.8787,4.9134,58.63,138.06778966105148,12.884090423583984,4.916191975772381,4.795076168388112,14.528662838953439,0.07229775100850047,0.049640016490092594,0.07351874997746419,1.9186971589759991,1.8100692116929957,0.1086279472830034,-0.6250684460218119,1.1100537641394075,2.1400923722492715,1.1098720267411428,0.6913821214972042
frc_lorawd_wd0p5_lr2e4_c256_s45,frc,Llama-CS grid (frc),Llama-2-7B,cs,faithful-CLoRA grid,lorawd,LoRA+wd,0.0002,45.0,frc_lorawd_wd0p5_lr2e4_c256,False,False,False,True,71.06,,cs,34.17,20.4,47.73,40.44,35.93,27.28,35.73,0.2601,16.396,5.0096,71.06,138.77369596647623,16.399887084960938,5.012218720465898,4.673014413828255,14.300364160022584,0.07326382446281796,0.04967268206369519,0.07395748411153773,1.921194767144694,1.8100692116929957,0.11112555545169833,-0.5848596478041272,1.2148408578923804,2.142307155029483,1.2147379096444642,0.6998030502728401
frc_lorawd_wd0p5_lr3e4_c256_s42,frc,Llama-CS grid (frc),Llama-2-7B,cs,faithful-CLoRA grid,lorawd,LoRA+wd,0.0003,42.0,frc_lorawd_wd0p5_lr3e4_c256,False,False,False,True,43.59,,cs,34.88,20.05,47.69,39.76,35.36,27.47,35.55,0.2548,16.6238,4.768,43.59,153.26624060367496,16.623571395874023,4.769057117402554,6.540689232212439,17.83524480109759,0.07376953225996036,0.04829588665359125,0.07428610357058728,1.957915142517914,1.8520239240816387,0.10589121843627525,-0.5938005763366871,1.220724332979799,2.1854465049252325,1.2207303052721208,0.67833624673218
frc_lorawd_wd0p5_lr3e4_c256_s43,frc,Llama-CS grid (frc),Llama-2-7B,cs,faithful-CLoRA grid,lorawd,LoRA+wd,0.0003,43.0,frc_lorawd_wd0p5_lr3e4_c256,False,False,False,True,78.67,,cs,33.82,17.01,38.81,38.23,34.61,25.42,32.5,0.2596,16.6436,4.8154,78.67,154.30797407904245,16.64341926574707,4.816362950205803,6.4283269780703245,17.600032762890446,0.07514572591276256,0.04810611495066848,0.07647699933679722,1.9330238443313594,1.8100692116929957,0.1229546326383637,-0.5856953118716683,1.2212425536673175,2.1883883694140533,1.2212472697332477,0.6826323684236829
frc_lorawd_wd0p5_lr3e4_c256_s45,frc,Llama-CS grid (frc),Llama-2-7B,cs,faithful-CLoRA grid,lorawd,LoRA+wd,0.0003,45.0,frc_lorawd_wd0p5_lr3e4_c256,False,False,False,True,81.62,,cs,30.2,17.39,31.56,39.42,35.36,23.8,30.79,0.258,17.167,4.8387,81.62,153.79428975601235,17.166963577270508,4.839916594326496,6.465744070406424,17.686651563254312,0.07392897860903275,0.04824363321201855,0.07543795043645501,1.982035818140092,1.8100692116929957,0.17196660644709638,-0.5883802940367698,1.234693485711146,2.1869402108003126,1.2346944071422181,0.6847286966315762
frc_lorawd_wd0p5_lr5e4_c256_s42,frc,Llama-CS grid (frc),Llama-2-7B,cs,faithful-CLoRA grid,lorawd,LoRA+wd,0.0005,42.0,frc_lorawd_wd0p5_lr5e4_c256,False,False,False,True,82.36,,cs,33.28,15.9,37.63,37.54,34.83,24.59,31.84,0.2962,22.286,4.6436,82.36,165.90303752463362,22.28590202331543,4.643815045058727,8.524839798835101,20.642153577646887,0.07672285414968058,0.04677292546683414,0.077369797713507,1.960741185633686,1.8520239240816387,0.1087172615520473,-0.5284149458148103,1.3480302168749843,2.219854337610319,1.3480321261824868,0.6668548025233456
frc_lorawd_wd0p5_lr5e4_c256_s43,frc,Llama-CS grid (frc),Llama-2-7B,cs,faithful-CLoRA grid,lorawd,LoRA+wd,0.0005,43.0,frc_lorawd_wd0p5_lr5e4_c256,False,False,False,True,80.92,,cs,33.77,20.16,42.07,38.82,34.1,26.97,33.78,0.2636,23.587,4.5314,80.92,164.16457768501002,23.58688735961914,4.531727416068316,8.751603557998308,20.92645053956414,0.07582594663227094,0.046938866669344305,0.07516058872193325,1.9152920531484143,1.8100692116929957,0.1052228414554186,-0.5790545940780277,1.372670633054614,2.215279453785165,1.3726727070450602,0.656232400322034
frc_lorawd_wd0p5_lr5e4_c256_s44,frc,Llama-CS grid (frc),Llama-2-7B,cs,faithful-CLoRA grid,lorawd,LoRA+wd,0.0005,44.0,frc_lorawd_wd0p5_lr5e4_c256,False,False,False,True,78.94,,cs,33.91,20.3,45.32,38.14,34.15,27.1,34.36,0.2732,22.2229,4.5082,78.94,164.09841125365256,22.222637176513672,4.5085118122398855,8.786947178205443,21.029401477754295,0.07639338516690446,0.046912119538228186,0.07547620065545578,1.9144535285110094,1.8100692116929957,0.10438431681801363,-0.5635193049905051,1.3467955957050985,2.2151043763784317,1.3468007320043573,0.6540031746699131
frc_lorawd_wd0p5_lr5e4_c256_s45,frc,Llama-CS grid (frc),Llama-2-7B,cs,faithful-CLoRA grid,lorawd,LoRA+wd,0.0005,45.0,frc_lorawd_wd0p5_lr5e4_c256,False,False,False,True,82.28,,cs,33.9,19.36,23.06,40.19,34.32,26.63,30.17,0.2695,24.9057,4.5489,82.28,164.36754798844794,24.905405044555664,4.549174145609141,8.58810446735692,20.817560919191973,0.07692587010227162,0.04672333939724736,0.07592779450785482,1.915809148868688,1.8100692116929957,0.10573993717569219,-0.5694412304772425,1.3962936091956863,2.2158160764597836,1.3962987525275505,0.6579063896931011
frc_lorawd_wd0p5_lr7e4_c256_s42,frc,Llama-CS grid (frc),Llama-2-7B,cs,faithful-CLoRA grid,lorawd,LoRA+wd,0.0007,42.0,frc_lorawd_wd0p5_lr7e4_c256,False,False,False,True,81.24,,cs,34.73,19.08,38.47,37.88,35.37,26.9,33.11,0.2963,29.1585,4.6856,81.24,171.22142347827815,29.158222198486328,4.68603927642107,8.973667401197027,21.63389594308475,0.07639898770841375,0.04601865701308161,0.07523934984144366,1.9532564445502887,1.8520239240816387,0.10123252046864994,-0.5282683485199489,1.4647610411505907,2.2335581033101986,1.4647651788201956,0.6707652110199036
frc_lorawd_wd0p5_lr7e4_c256_s43,frc,Llama-CS grid (frc),Llama-2-7B,cs,faithful-CLoRA grid,lorawd,LoRA+wd,0.0007,43.0,frc_lorawd_wd0p5_lr7e4_c256,False,False,False,True,82.09,,cs,33.17,19.83,42.15,37.46,33.59,26.5,33.24,0.2858,30.5557,4.7034,82.09,171.1909381310604,30.555404663085938,4.703829218447209,8.859673641398349,21.561587712091,0.07637520759874904,0.04626766355263379,0.07525700073702757,1.9074292571940026,1.8100692116929957,0.09736004550100685,-0.5439377755450486,1.485088039709634,2.2334807718841465,1.4850922374145452,0.6724119148306318
frc_lorawd_wd0p5_lr7e4_c256_s44,frc,Llama-CS grid (frc),Llama-2-7B,cs,faithful-CLoRA grid,lorawd,LoRA+wd,0.0007,44.0,frc_lorawd_wd0p5_lr7e4_c256,False,False,False,True,80.91,,cs,34.6,19.59,43.73,38.31,33.07,27.1,33.86,0.2849,28.2925,4.6898,80.91,171.23175864430607,28.292194366455078,4.690318951010704,8.885907514520104,21.558287817281375,0.07767767617124909,0.0460527852316331,0.07621111959236586,1.9136135885382484,1.8100692116929957,0.10354437684525264,-0.5453075507605232,1.451666633009623,2.2335843171450303,1.4516713245596449,0.6711543222996387
frc_lorawdr16_wd0p3_lr3e4_c256_s42,frc,Llama-CS grid (frc),Llama-2-7B,cs,faithful-CLoRA grid,lorawdr16,LoRA+wd-r16,0.0003,42.0,frc_lorawdr16_wd0p3_lr3e4_c256,False,False,False,True,13.53,,cs,34.03,19.66,,,,26.84,,0.3275,18.1174,6.8085,13.53,188.29254521007047,18.133028030395508,6.813746210932732,4.650663034433042,10.988454817224403,0.07157309149497414,0.04820673921028588,0.07177378464496374,1.9737162141000093,1.8520239240816387,0.12169229001837056,-0.4847886956721981,1.2584703328922633,2.2748331259740757,1.2580958728843108,0.8330514417985304
frc_lorawdr16_wd0p3_lr3e4_c256_s42_reeval,frc,Llama-CS grid (frc),Llama-2-7B,cs,faithful-CLoRA grid,lorawdr16,LoRA+wd-r16,0.0003,,frc_lorawdr16_wd0p3_lr3e4_c256_s42_reeval,False,False,False,True,13.54,,cs,34.03,19.66,47.18,41.81,34.31,26.84,35.4,0.3275,18.1174,6.8085,13.54,,,,,,,,,,,,-0.4847886956721981,,,1.2580958728843108,0.8330514417985304
frc_lorawdr16_wd0p3_lr3e4_c256_s43,frc,Llama-CS grid (frc),Llama-2-7B,cs,faithful-CLoRA grid,lorawdr16,LoRA+wd-r16,0.0003,43.0,frc_lorawdr16_wd0p3_lr3e4_c256,False,False,False,True,71.95,,cs,34.79,19.71,46.82,41.47,36.41,27.25,35.84,0.3336,18.3984,6.8558,71.95,188.15928698760413,18.427288055419922,6.86176868379116,4.521827150580712,10.910365083181524,0.07102439264315757,0.04807303061053384,0.07134855018796177,1.9429365609114821,1.8100692116929957,0.13286734921848642,-0.4767739580342989,1.2654614247888376,2.2745256586799742,1.2647800566299394,0.8360581396964561
frc_lorawdr16_wd0p3_lr3e4_c256_s44,frc,Llama-CS grid (frc),Llama-2-7B,cs,faithful-CLoRA grid,lorawdr16,LoRA+wd-r16,0.0003,44.0,frc_lorawdr16_wd0p3_lr3e4_c256,False,False,False,True,61.33,,cs,33.97,20.14,45.08,40.53,36.66,27.06,35.28,0.3055,15.9874,6.7743,61.33,188.0910713533566,15.991999626159668,6.780012184381485,4.687252756169686,11.016437872216281,0.07114066234673505,0.048186739093294136,0.07142446890375333,1.9438627264953217,1.8100692116929957,0.13379351480232593,-0.514988785421427,1.2039027709576846,2.274368180164932,1.2037778410154663,0.8308644254735978
frc_lorawdr16_wd0p3_lr3e4_c256_s45,frc,Llama-CS grid (frc),Llama-2-7B,cs,faithful-CLoRA grid,lorawdr16,LoRA+wd-r16,0.0003,45.0,frc_lorawdr16_wd0p3_lr3e4_c256,False,False,False,True,80.67,,cs,33.37,20.39,45.2,40.36,35.45,26.88,34.95,0.333,20.6678,6.8244,80.67,188.501949514116,20.68702507019043,6.829851707816124,4.6455903764542885,11.00742259313655,0.07140748523561975,0.04790808251549798,0.07136641265230191,1.9414920028328613,1.8100692116929957,0.13142279113986555,-0.4775557664936801,1.3156980407626602,2.27531584610067,1.3152942502745995,0.8340644742997924
frc_lorawdr16_wd0p3_lr5e4_c256_s42,frc,Llama-CS grid (frc),Llama-2-7B,cs,faithful-CLoRA grid,lorawdr16,LoRA+wd-r16,0.0005,42.0,frc_lorawdr16_wd0p3_lr5e4_c256,False,False,False,True,81.04,,cs,33.42,19.12,,,,26.27,,0.3339,18.81,6.4851,81.04,217.99110275178595,18.809736251831055,6.4871976122260095,7.073062687887304,13.264441670965043,0.07212118371937834,0.046671269885025186,0.07182644755110204,1.9835131709949385,1.8520239240816387,0.13148924691329977,-0.47638358094562927,1.2743827059609347,2.3384387683538845,1.2743887955503788,0.8119166772764363
frc_lorawdr16_wd0p3_lr5e4_c256_s43,frc,Llama-CS grid (frc),Llama-2-7B,cs,faithful-CLoRA grid,lorawdr16,LoRA+wd-r16,0.0005,43.0,frc_lorawdr16_wd0p3_lr5e4_c256,False,False,False,True,77.79,,cs,33.77,19.27,43.98,38.4,34.33,26.52,33.95,0.3373,20.0763,6.4621,77.79,217.63653274985714,20.076065063476562,6.464376121759415,7.083299444672893,13.330892145120185,0.07220765997454179,0.04660612955530869,0.07138185394755309,1.9449003080671965,1.8100692116929957,0.13483109637420077,-0.47198365881079857,1.3026785944947303,2.337731798378881,1.3026836767176861,0.8103736743736952
frc_lorawdr16_wd0p3_lr5e4_c256_s44,frc,Llama-CS grid (frc),Llama-2-7B,cs,faithful-CLoRA grid,lorawdr16,LoRA+wd-r16,0.0005,44.0,frc_lorawdr16_wd0p3_lr5e4_c256,False,False,False,True,81.19,,cs,33.87,19.42,37.49,39.93,34.93,26.64,33.13,0.3594,19.9828,6.5295,81.19,217.6964404834598,19.982501983642578,6.531942829489708,6.9198287681930895,13.23149074611867,0.07179408487492334,0.04681308131839496,0.07138598025635948,1.9425154391686499,1.8100692116929957,0.13244622747565415,-0.444421927227045,1.3006498647538869,2.337851328025799,1.300656341715307,0.8148799262130795
frc_lorawdr16_wd0p3_lr5e4_c256_s45,frc,Llama-CS grid (frc),Llama-2-7B,cs,faithful-CLoRA grid,lorawdr16,LoRA+wd-r16,0.0005,45.0,frc_lorawdr16_wd0p3_lr5e4_c256,False,False,False,True,51.49,,cs,33.74,19.81,43.54,39.16,32.9,26.78,33.83,0.3404,22.9193,6.4681,51.49,218.0026179684128,22.91895294189453,6.470139215886593,7.102173855183125,13.322006831620525,0.07196109803820695,0.04666073940071999,0.07136900848511209,1.9461440790784579,1.8100692116929957,0.13607486738546215,-0.4680104485874498,1.360194772896376,2.3384617090284974,1.360201349299726,0.8107767256920735
frc_lorawdr16_wd0p3_lr5e4_c256_s46,frc,Llama-CS grid (frc),Llama-2-7B,cs,faithful-CLoRA grid,lorawdr16,LoRA+wd-r16,0.0005,46.0,frc_lorawdr16_wd0p3_lr5e4_c256,False,False,False,True,81.39,,cs,33.88,19.83,45.46,41.04,35.79,26.86,35.2,0.3634,25.7945,6.5124,81.39,217.94079199382276,25.794313430786133,6.514807586371899,7.014337104782068,13.2173934353928,0.07188739866766629,0.04666047230625869,0.0714996850577745,1.9399815325319725,1.8100692116929957,0.12991232083897675,-0.4396150770279845,1.4115239727137179,2.3383385247840787,1.4115271139365795,0.8137410676271011
frc_milora_a1r_lr1e3_c256_s42,frc,Llama-CS grid (frc),Llama-2-7B,cs,faithful-CLoRA grid,milora,MiLoRA,0.001,42.0,frc_milora_a1r_lr1e3_c256,False,False,False,True,65.2,,cs,27.48,6.94,23.23,29.69,35.45,17.21,24.56,1.5319,322.9453,28.6287,65.2,1304.541204410069,322.942626953125,28.631066566705705,15.090604815860447,26.99130586868774,0.0798791821754336,0.04889932363959538,0.07078653792952064,3.2316140988102564,1.8520239240816387,1.3795901747286177,0.18523041616756283,2.509125373690671,3.1154578010025964,2.5091289683994713,1.4568016276008915
frc_milora_a1r_lr1e3_c256_s43,frc,Llama-CS grid (frc),Llama-2-7B,cs,faithful-CLoRA grid,milora,MiLoRA,0.001,43.0,frc_milora_a1r_lr1e3_c256,False,False,False,True,66.12,,cs,26.05,8.61,22.95,31.91,35.35,17.33,24.97,1.5126,229.3391,28.0612,66.12,1280.8884182418708,229.33851623535156,28.063557440042494,14.955367904909098,27.047863356003443,0.07876495023226798,0.04924626081070909,0.07140187715653103,3.1496052964456784,1.8100692116929957,1.3395360847526827,0.17972409606008954,2.3604769984009306,3.107511298790362,2.360478103864797,1.4481062391169637
frc_milora_a1r_lr1e3_c256_s44,frc,Llama-CS grid (frc),Llama-2-7B,cs,faithful-CLoRA grid,milora,MiLoRA,0.001,44.0,frc_milora_a1r_lr1e3_c256,False,False,False,True,65.04,,cs,21.87,7.8,23.07,31.4,36.69,14.84,24.17,1.5127,244.543,28.1704,65.04,1290.7323887517707,244.54440307617188,28.172676306962966,15.014835019010578,27.138656644059427,0.07748179374379215,0.049308825520239304,0.07071819960118324,3.198534623921109,1.8100692116929957,1.3884654122281133,0.17975280689749815,2.3883577275091716,3.1108362080790477,2.388355235732711,1.4497930137077975
frc_milora_a1r_lr1e4_c256_s42,frc,Llama-CS grid (frc),Llama-2-7B,cs,faithful-CLoRA grid,milora,MiLoRA,0.0001,42.0,frc_milora_a1r_lr1e4_c256,False,False,False,True,36.01,,cs,35.02,20.09,47.12,44.28,36.4,27.56,36.58,0.2479,13.0673,5.9916,36.01,121.89106695602332,13.06732177734375,5.9922067612409595,3.548793804561194,11.16050021482189,0.0645461921983044,0.1631762029580915,0.06953593081743532,1.9736555104354359,1.8520239240816387,0.12163158635379712,-0.6057234732321786,1.1161865855523414,2.0859718785973524,1.1161858617783145,0.7775428121027346
frc_milora_a1r_lr1e4_c256_s43,frc,Llama-CS grid (frc),Llama-2-7B,cs,faithful-CLoRA grid,milora,MiLoRA,0.0001,43.0,frc_milora_a1r_lr1e4_c256,False,False,False,True,72.85,,cs,35.28,19.56,48.63,44.71,36.07,27.42,36.85,0.2508,12.9602,6.0222,72.85,121.76916491107522,12.96022891998291,6.022694544494152,3.4963203883135376,11.101652904661856,0.0636127099247216,0.1630769932126598,0.06909414911768295,1.93380291028227,1.8100692116929957,0.1237336985892743,-0.6006724678413211,1.112612672661684,2.085537327669899,1.1126117035581995,0.7797551745334415
frc_milora_a1r_lr1e4_c256_s44,frc,Llama-CS grid (frc),Llama-2-7B,cs,faithful-CLoRA grid,milora,MiLoRA,0.0001,44.0,frc_milora_a1r_lr1e4_c256,False,False,False,True,36.4,,cs,34.62,19.22,47.74,43.34,37.53,26.92,36.49,0.2536,15.728,6.1708,36.4,123.69775761896898,15.727765083312988,6.171437540650368,3.416471813949622,10.94458275788595,0.06485908024567631,0.16085091468268511,0.06953570216706584,2.0601950855779414,1.8100692116929957,0.25012587388494567,-0.5958507507903049,1.196667013726692,2.092361826851958,1.1966735004880604,0.7903414708506294
frc_milora_a1r_lr1e4_c256_s45,frc,Llama-CS grid (frc),Llama-2-7B,cs,faithful-CLoRA grid,milora,MiLoRA,0.0001,45.0,frc_milora_a1r_lr1e4_c256,False,False,False,True,74.29,,cs,34.71,19.91,47.24,42.92,36.06,27.31,36.17,0.2454,11.6294,6.0261,74.29,122.19849769553817,11.629400253295898,6.026789873838425,3.5491619330555406,11.184625394007819,0.06377585470666204,0.162873654694716,0.06824782029241573,1.9310410345718374,1.8100692116929957,0.12097182287884167,-0.6101254416090145,1.0655573180474203,2.0870658667367445,1.065557308588204,0.7800363342885238
frc_milora_a1r_lr2e4_c256_s42,frc,Llama-CS grid (frc),Llama-2-7B,cs,faithful-CLoRA grid,milora,MiLoRA,0.0002,42.0,frc_milora_a1r_lr2e4_c256,False,False,False,True,75.2,,cs,33.42,18.27,45.85,39.25,34.51,25.84,34.26,0.3976,30.3015,11.5625,75.2,270.91584557283807,30.301494598388672,11.565177115797997,4.600287361948842,13.622630353114069,0.06619656833714951,0.10734603907093436,0.06747970312582408,2.1208472161447918,1.8520239240816387,0.26882329206315303,-0.4005536242747243,1.4814640502786918,2.4328344071874404,1.481464127696978,1.063051745747089
frc_milora_a1r_lr2e4_c256_s43,frc,Llama-CS grid (frc),Llama-2-7B,cs,faithful-CLoRA grid,milora,MiLoRA,0.0002,43.0,frc_milora_a1r_lr2e4_c256,False,False,False,True,79.66,,cs,33.1,17.93,47.69,40.19,35.77,25.52,34.94,0.4145,28.018,11.61,79.66,270.19560244521904,28.018321990966797,11.613807812333107,4.518135278075346,13.531690136055973,0.06636144500022963,0.10644431255520138,0.0674439883947131,2.0795447387122876,1.8100692116929957,0.2694755270192919,-0.38247546511370767,1.4474421219602633,2.4316782764057865,1.4474371309510343,1.0648322197385738
frc_milora_a1r_lr2e4_c256_s44,frc,Llama-CS grid (frc),Llama-2-7B,cs,faithful-CLoRA grid,milora,MiLoRA,0.0002,44.0,frc_milora_a1r_lr2e4_c256,False,False,False,True,22.28,,cs,33.6,19.45,46.94,39.42,34.92,26.52,34.87,0.402,26.3707,11.5635,22.28,270.3118194542118,26.37084197998047,11.566428723931313,4.599351578986303,13.606412823270135,0.06554823392230191,0.10722576999336147,0.06688004540326692,2.0798272280296555,1.8100692116929957,0.26975801633665974,-0.3957739469155299,1.4211239963623283,2.4318650357524363,1.421121658124964,1.0630893047267806
frc_milora_a1r_lr2e4_c256_s45,frc,Llama-CS grid (frc),Llama-2-7B,cs,faithful-CLoRA grid,milora,MiLoRA,0.0002,45.0,frc_milora_a1r_lr2e4_c256,False,False,False,True,78.53,,cs,34.05,18.87,44.4,42.15,36.59,26.46,35.21,0.4162,27.4533,11.4819,78.53,269.9243906366469,27.453144073486328,11.485168513655662,4.573810785589944,13.671319749154732,0.06576752121044255,0.10716946691849491,0.06715713407219576,2.088509181263989,1.8100692116929957,0.27843996957099315,-0.38069792412439185,1.4385920892441608,2.431242129611378,1.4385945559136242,1.0600137601211048
frc_milora_a1r_lr3e4_c256_s42,frc,Llama-CS grid (frc),Llama-2-7B,cs,faithful-CLoRA grid,milora,MiLoRA,0.0003,42.0,frc_milora_a1r_lr3e4_c256,False,False,False,True,79.85,,cs,32.5,16.95,43.09,39.76,35.91,24.72,33.64,0.5432,48.5074,15.6114,79.85,420.20305580964055,48.50727462768555,15.613604140281677,5.930291500394581,16.244204981295127,0.06798420820445789,0.08275718854391786,0.06577212109036806,2.261508517512025,1.8520239240816387,0.4094845934303861,-0.2650402387275547,1.6858068745558255,2.6234592063670283,1.6858079970355855,1.1934418514936262
frc_milora_a1r_lr3e4_c256_s43,frc,Llama-CS grid (frc),Llama-2-7B,cs,faithful-CLoRA grid,milora,MiLoRA,0.0003,43.0,frc_milora_a1r_lr3e4_c256,False,False,False,True,58.72,,cs,31.06,16.54,41.97,37.71,35.52,23.8,32.56,0.5633,38.7195,15.6158,58.72,420.17519798864606,38.72005081176758,15.61808572113514,5.8233759755036525,16.235343941331312,0.0670532974758504,0.08226622653058877,0.06568240882842642,2.3107260134096386,1.8100692116929957,0.5006568017166428,-0.2492602487646492,1.5879359185551525,2.6234304133850928,1.5879297404585926,1.1935642381138178
frc_milora_a1r_lr3e4_c256_s44,frc,Llama-CS grid (frc),Llama-2-7B,cs,faithful-CLoRA grid,milora,MiLoRA,0.0003,44.0,frc_milora_a1r_lr3e4_c256,False,False,False,True,34.58,,cs,31.19,16.94,40.94,38.23,35.82,24.06,32.62,0.5623,37.4071,15.6225,34.58,419.2066818203677,37.40700149536133,15.623989224433899,5.837390948276585,16.247534315059557,0.0669576878348695,0.08274209758977646,0.0657541256825073,2.2361077872353095,1.8100692116929957,0.4260385755423137,-0.2500319164905971,1.5729528970191091,2.622428196338714,1.5729540406543374,1.193750533339446
frc_milora_a1r_lr3e4_c256_s45,frc,Llama-CS grid (frc),Llama-2-7B,cs,faithful-CLoRA grid,milora,MiLoRA,0.0003,45.0,frc_milora_a1r_lr3e4_c256,False,False,False,True,79.29,,cs,32.25,17.54,37.64,36.09,35.21,24.9,31.75,0.561,54.139,15.5777,79.29,422.4072352888848,54.13917922973633,15.57936232984066,5.964914946042279,16.29953100571023,0.06780392044752706,0.08214369075798586,0.0657688228023987,2.2197030012595786,1.8100692116929957,0.4096337895665829,-0.25103713874383854,1.7335116674171545,2.6257313484914904,1.733510229666981,1.1925033358111705
frc_milora_a1r_lr5e4_c256_s42,frc,Llama-CS grid (frc),Llama-2-7B,cs,faithful-CLoRA grid,milora,MiLoRA,0.0005,42.0,frc_milora_a1r_lr5e4_c256,False,False,False,True,76.81,,cs,29.61,11.91,32.23,36.01,34.44,20.76,28.84,0.8396,128.7314,20.6305,76.81,705.6000161960968,128.7319793701172,20.63196446299553,9.069614761359706,20.871665833942455,0.07065112090559468,0.060949503724314055,0.0649434651542665,2.5996852616355084,1.8520239240816387,0.7476613375538697,-0.07592757008963716,2.109686446972452,2.8485585820924078,2.1096844923857803,1.3145097536449666
frc_milora_a1r_lr5e4_c256_s43,frc,Llama-CS grid (frc),Llama-2-7B,cs,faithful-CLoRA grid,milora,MiLoRA,0.0005,43.0,frc_milora_a1r_lr5e4_c256,False,False,False,True,76.92,,cs,29.24,13.3,27.09,36.01,31.76,21.27,27.48,0.8585,144.397,20.851,76.92,710.4747902018032,144.39671325683594,20.852521306276323,9.011080198131195,20.713421982797342,0.07147446914330693,0.060925055488614384,0.06515177835487862,2.5658613428720956,1.8100692116929957,0.7557921311790998,-0.06625970050306468,2.159557307979709,2.85154867245281,2.1595581704013487,1.3191268882818388
frc_milora_a1r_lr5e4_c256_s44,frc,Llama-CS grid (frc),Llama-2-7B,cs,faithful-CLoRA grid,milora,MiLoRA,0.0005,44.0,frc_milora_a1r_lr5e4_c256,False,False,False,True,77.63,,cs,29.69,12.3,32.44,39.59,35.26,21.0,29.86,0.8658,101.5895,20.6686,77.63,700.6801662846502,101.58879852294922,20.670315116643906,8.929878108816887,20.834239439329348,0.06972268439479248,0.061298167394027006,0.06474826830885591,2.535882304374965,1.8100692116929957,0.7258130926819695,-0.06258241852286216,2.0068458240122444,2.8455198243652156,2.0068488228326355,1.3153110604266962
frc_milora_a1r_lr5e4_c256_s45,frc,Llama-CS grid (frc),Llama-2-7B,cs,faithful-CLoRA grid,milora,MiLoRA,0.0005,45.0,frc_milora_a1r_lr5e4_c256,False,False,False,True,77.41,,cs,31.68,13.73,29.52,35.15,34.71,22.7,28.96,0.8422,85.7794,20.4439,77.41,700.2047192993292,85.77861022949219,20.44555330872536,9.085951574886327,20.8759496122188,0.06885764597567014,0.06124626201742009,0.0649192978821136,2.547923168060233,1.8100692116929957,0.737853956367237,-0.07458476291575376,1.93337900559445,2.8452250335337697,1.9333830041599853,1.3105637479653356
frc_milora_a1r_lr7e4_c256_s42,frc,Llama-CS grid (frc),Llama-2-7B,cs,faithful-CLoRA grid,milora,MiLoRA,0.0007,42.0,frc_milora_a1r_lr7e4_c256,False,False,False,True,73.68,,cs,27.63,8.05,23.28,30.55,37.05,17.84,25.31,1.1321,181.4573,23.5484,73.68,950.3601778597869,181.45640563964844,23.55128418803215,12.197667677003862,24.087577266624535,0.07316369849805014,0.05293247788766655,0.06637542252393899,2.8598856559229007,1.8520239240816387,1.007861731841262,0.05388479039469211,2.258772303949355,2.977888230143341,2.2587744444899824,1.3719614042556971
frc_milora_a1r_lr7e4_c256_s43,frc,Llama-CS grid (frc),Llama-2-7B,cs,faithful-CLoRA grid,milora,MiLoRA,0.0007,43.0,frc_milora_a1r_lr7e4_c256,False,False,False,True,62.46,,cs,28.57,8.22,27.63,33.79,35.23,18.4,26.69,1.086,137.0981,23.0842,62.46,946.4859372411903,137.09556579589844,23.086851370334625,12.374171481424712,24.329118917767143,0.07283726104312103,0.05299551223578089,0.06632265257092723,2.8429486562248996,1.8100692116929957,1.0328794445319038,0.03582982525282817,2.1370234082430812,2.9761141656596437,2.1370314360788387,1.3633148283519305
frc_milora_a1r_lr7e4_c256_s44,frc,Llama-CS grid (frc),Llama-2-7B,cs,faithful-CLoRA grid,milora,MiLoRA,0.0007,44.0,frc_milora_a1r_lr7e4_c256,False,False,False,True,74.43,,cs,27.48,10.16,23.8,33.53,37.37,18.82,26.47,1.1428,181.1052,23.6898,74.43,947.9654292276098,181.1024932861328,23.69256152510643,11.964638674044338,24.070715150019797,0.07310111872800563,0.05313137211875155,0.06645289624008928,2.8208880928722886,1.8100692116929957,1.0108188811792929,0.05797023171070541,2.257924429402714,2.976792499606582,2.257930920214027,1.3745613942279136
frc_milora_lr1e3_c256_s42,frc,Llama-CS grid (frc),Llama-2-7B,cs,faithful-CLoRA grid,milora,MiLoRA,0.001,42.0,frc_milora_lr1e3_c256,False,True,False,True,0.0,,cs,0.0,0.0,22.95,26.62,49.17,0.0,19.75,248.2232,9143.6299,552.2205,0.0,14629.7594717584,9143.7685546875,552.4204793453216,1.643609446796613,4.107488335140421,0.08614629210818835,0.056482961670709285,0.09827518126722734,9.392564538427113,1.8520239240816387,7.540540614345474,2.3948423700761263,3.961125224747879,4.165237185937561,3.9611186391238142,2.742112524852364
frc_milora_lr1e3_c256_s43,frc,Llama-CS grid (frc),Llama-2-7B,cs,faithful-CLoRA grid,milora,MiLoRA,0.001,43.0,frc_milora_lr1e3_c256,False,True,False,True,36.33,,cs,4.27,0.0,23.22,23.21,47.73,2.13,19.69,7.1808,811.9213,81.0672,36.33,3295.9015979023807,811.9063110351562,81.07501593828201,12.14476155579929,25.05371989587711,0.09317204282522319,0.048604986967079065,0.09819047061761371,8.865112520247871,1.8100692116929957,7.055043308554875,0.8561728309040297,2.9095059172362947,3.5179742369674476,2.9095139348665864,1.9088451730721752
frc_milora_lr1e3_c256_s44,frc,Llama-CS grid (frc),Llama-2-7B,cs,faithful-CLoRA grid,milora,MiLoRA,0.001,44.0,frc_milora_lr1e3_c256,False,False,False,True,36.89,,cs,9.25,0.0,23.34,25.51,47.31,4.62,21.08,5.4068,575.7641,63.9661,36.89,2664.7602420048906,575.7601318359375,63.97059174776077,12.863495427202734,25.90025015087827,0.09323758645380344,0.048767297780189754,0.09423363219584338,6.209710296412203,1.8100692116929957,4.399641084719207,0.7329403051216139,2.7602415891229786,3.4256581400948978,2.760244582289267,1.8059498726792302
frc_milora_lr1e4_c256_s42,frc,Llama-CS grid (frc),Llama-2-7B,cs,faithful-CLoRA grid,milora,MiLoRA,0.0001,42.0,frc_milora_lr1e4_c256,False,False,False,True,58.93,,cs,35.02,19.69,46.74,42.24,36.68,27.36,36.07,0.308,21.6291,8.6491,58.93,187.21028256967693,21.629257202148438,8.650419346988201,3.9659903349216115,12.217386495773777,0.06727314477128911,0.09554513516503539,0.06745831056912562,2.0416856114274093,1.8520239240816387,0.1896616873457706,-0.5114492834995558,1.3350416050356089,2.2723296987857906,1.335038448557646,0.9369709184047977
frc_milora_lr1e4_c256_s43,frc,Llama-CS grid (frc),Llama-2-7B,cs,faithful-CLoRA grid,milora,MiLoRA,0.0001,43.0,frc_milora_lr1e4_c256,False,False,False,True,76.2,,cs,33.45,18.43,47.61,43.52,37.1,25.94,36.02,0.3179,20.7333,8.7584,76.2,188.0627240219142,20.73350715637207,8.760231494903564,3.8753073138496936,12.103279971314983,0.06759103350579883,0.09468727267249577,0.06779566647373712,2.1366343298032455,1.8100692116929957,0.3265651181102498,-0.4977094720852271,1.3166727709713222,2.2743027224197396,1.3166684317479553,0.9424247757300296
frc_milora_lr1e4_c256_s44,frc,Llama-CS grid (frc),Llama-2-7B,cs,faithful-CLoRA grid,milora,MiLoRA,0.0001,44.0,frc_milora_lr1e4_c256,False,False,False,True,78.81,,cs,34.94,19.84,46.92,41.13,36.19,27.39,35.8,0.3154,18.948,8.6694,78.81,187.39485731933576,18.948129653930664,8.671220782399178,3.9856845412896322,12.206268449906574,0.06728478010833741,0.09539272278384663,0.06746839562551579,2.000699449579029,1.8100692116929957,0.1906302378860334,-0.5011383110071159,1.277566347757101,2.272757668363496,1.277563376055919,0.9379890414547509
frc_milora_lr1e4_c256_s45,frc,Llama-CS grid (frc),Llama-2-7B,cs,faithful-CLoRA grid,milora,MiLoRA,0.0001,45.0,frc_milora_lr1e4_c256,False,False,False,True,73.24,,cs,34.57,19.37,46.25,40.02,36.12,26.97,35.27,0.3126,18.0252,8.6694,73.24,187.21503183425241,18.025232315063477,8.671997615695,3.9485805106464777,12.245495513322274,0.06723840058859508,0.09544013058054208,0.06703309259518837,2.001651234665983,1.8100692116929957,0.1915820229729872,-0.5050110263168319,1.2558808707562354,2.272340716093216,1.2558800921661966,0.9379890414547509
frc_milora_lr2e4_c256_s42,frc,Llama-CS grid (frc),Llama-2-7B,cs,faithful-CLoRA grid,milora,MiLoRA,0.0002,42.0,frc_milora_lr2e4_c256,False,False,False,True,80.19,,cs,32.1,16.41,44.72,38.48,34.31,24.26,33.2,0.5166,44.5382,15.266,80.19,403.5301341815077,44.53801345825195,15.268544527888299,5.740905116876098,15.875382128022038,0.06836467236920726,0.0681458560745359,0.06524675717045819,2.251320032244109,1.8520239240816387,0.3992961081624702,-0.28684559816270166,1.6487308421690663,2.605875971821619,1.6487326611519053,1.1837252580455784
frc_milora_lr2e4_c256_s43,frc,Llama-CS grid (frc),Llama-2-7B,cs,faithful-CLoRA grid,milora,MiLoRA,0.0002,43.0,frc_milora_lr2e4_c256,False,False,False,True,80.19,,cs,31.22,17.1,42.02,39.33,35.72,24.16,33.08,0.5202,36.3879,15.0914,80.19,400.3502824791923,36.387428283691406,15.093638241291046,5.756912787958296,15.936990856087888,0.0674049649848605,0.06852310794569823,0.06490043229580827,2.206997280840006,1.8100692116929957,0.39692806914701007,-0.28382965214014605,1.560951362492823,2.602440139272841,1.5609569925269207,1.178729530303869
frc_milora_lr2e4_c256_s44,frc,Llama-CS grid (frc),Llama-2-7B,cs,faithful-CLoRA grid,milora,MiLoRA,0.0002,44.0,frc_milora_lr2e4_c256,False,False,False,True,51.99,,cs,31.16,17.31,38.95,39.25,36.22,24.24,32.58,0.5346,40.8336,15.2158,51.99,401.3463513614671,40.83375930786133,15.217483401298523,5.783036978280708,15.938440533898303,0.06817768874308773,0.06851359238991092,0.06554818622836238,2.248901991309805,1.8100692116929957,0.4388327796168092,-0.2719710455794816,1.6110193645299988,2.6035193191608443,1.6110176701804892,1.1822947911635788
frc_milora_lr2e4_c256_s45,frc,Llama-CS grid (frc),Llama-2-7B,cs,faithful-CLoRA grid,milora,MiLoRA,0.0002,45.0,frc_milora_lr2e4_c256,False,False,False,True,72.82,,cs,32.79,17.45,43.73,37.12,33.46,25.12,32.91,0.537,39.3353,15.1453,72.82,400.92894775204036,39.33525085449219,15.147343236207963,5.719724668268509,15.922575015453056,0.06826707669016853,0.06838152508384501,0.06518303594893757,2.2177196020515866,1.8100692116929957,0.40765039035859085,-0.27002571430044436,1.5947819241600203,2.603067414182947,1.594782466767708,1.1802778803135876
frc_milora_lr2e5_c256_s42,frc,Llama-CS grid (frc),Llama-2-7B,cs,faithful-CLoRA grid,milora,MiLoRA,2e-05,42.0,frc_milora_lr2e5_c256,False,False,False,True,24.21,,cs,34.65,19.25,46.06,47.01,37.44,26.95,36.88,0.1894,4.222,1.8591,24.21,33.89892949870595,4.226253032684326,1.8597181517630816,2.7426447625100083,9.766397983053768,0.058768146563597405,0.16121841120294741,0.07052906729585508,1.9119313203613701,1.8520239240816387,0.059907396279731406,-0.7226200253327454,0.6259554954159657,1.5301859837445102,0.6255182289716377,0.26930275086934125
frc_milora_lr2e5_c256_s43,frc,Llama-CS grid (frc),Llama-2-7B,cs,faithful-CLoRA grid,milora,MiLoRA,2e-05,43.0,frc_milora_lr2e5_c256,False,False,False,True,42.96,,cs,33.62,19.01,46.72,46.5,37.2,26.32,36.61,0.1853,4.1362,1.8455,42.96,33.63710442254565,4.140167713165283,1.8461308021098375,2.7289302724859965,9.786776645286027,0.05896246581327043,0.16094617740784092,0.07026443429794763,1.8724108367733303,1.8100692116929957,0.062341625080334584,-0.7321245806811024,0.6170179342191932,1.5268186034328064,0.616601530278434,0.26611404953167594
frc_milora_lr2e5_c256_s44,frc,Llama-CS grid (frc),Llama-2-7B,cs,faithful-CLoRA grid,milora,MiLoRA,2e-05,44.0,frc_milora_lr2e5_c256,False,False,False,True,25.23,,cs,33.94,19.21,46.5,47.44,36.8,26.58,36.78,0.1873,4.0918,1.8529,25.23,33.785184015035036,4.092660903930664,1.8536075558513403,2.731983802515502,9.781257609893734,0.05860646697541579,0.16122322727538327,0.07032260795935637,1.9110853242549648,1.8520239240816387,0.05906140017332606,-0.7274622226247627,0.6120057628098233,1.5287262887041393,0.6119143980071066,0.26785198131560506
frc_milora_lr3e4_c256_s42,frc,Llama-CS grid (frc),Llama-2-7B,cs,faithful-CLoRA grid,milora,MiLoRA,0.0003,42.0,frc_milora_lr3e4_c256,False,False,False,True,78.24,,cs,29.44,14.2,37.72,35.24,38.14,21.82,30.95,0.7434,77.686,19.3237,78.24,606.4142712377902,77.68624114990234,19.324484783411027,7.777842531891195,19.196623926369398,0.06890014006064836,0.05763732068317369,0.06455728620676061,2.483134364538658,1.8520239240816387,0.6311104404570194,-0.12877744324029294,1.8903441086105892,2.7827694133477623,1.890342760492404,1.286090286454933
frc_milora_lr3e4_c256_s43,frc,Llama-CS grid (frc),Llama-2-7B,cs,faithful-CLoRA grid,milora,MiLoRA,0.0003,43.0,frc_milora_lr3e4_c256,False,False,False,True,49.15,,cs,30.98,13.95,34.03,36.69,36.12,22.46,30.35,0.7232,71.3317,19.0445,49.15,608.193335665043,71.33094024658203,19.045240938663483,7.954089496881877,19.28430341990594,0.06903013089943139,0.05739559441617775,0.06458686397923492,2.4353326005959834,1.8100692116929957,0.6252633889029877,-0.14074158253269314,1.8532779486976902,2.7840416570120685,1.8532825743896928,1.279769575049396
frc_milora_lr3e4_c256_s44,frc,Llama-CS grid (frc),Llama-2-7B,cs,faithful-CLoRA grid,milora,MiLoRA,0.0003,44.0,frc_milora_lr3e4_c256,False,False,False,True,78.8,,cs,30.66,14.49,32.99,36.52,34.93,22.58,29.92,0.7361,84.4544,19.3371,78.8,606.564199188182,84.45504760742188,19.338108551502227,7.86340958063234,19.231234376614953,0.06986447711601376,0.057563435395281706,0.06489444344580457,2.4564784636834647,1.8100692116929957,0.646409251990469,-0.13306318226836064,1.9266256110715034,2.7828767736735345,1.9266222808571936,1.2863913431475285
frc_milora_lr3e4_c256_s45,frc,Llama-CS grid (frc),Llama-2-7B,cs,faithful-CLoRA grid,milora,MiLoRA,0.0003,45.0,frc_milora_lr3e4_c256,False,False,False,True,78.44,,cs,31.36,13.95,36.65,35.32,36.81,22.66,30.82,0.729,60.2502,19.0709,78.44,605.6159279462287,60.2495231628418,19.071992045640947,7.925187526281763,19.348459828290654,0.06834866701699265,0.057535946708455916,0.06440300469228764,2.436660040255413,1.8100692116929957,0.6265908285624173,-0.1372724716820254,1.7799536140922827,2.782197288764455,1.7799584928859469,1.2803711888934444
frc_milora_lr5e4_c256_s42,frc,Llama-CS grid (frc),Llama-2-7B,cs,faithful-CLoRA grid,milora,MiLoRA,0.0005,42.0,frc_milora_lr5e4_c256,False,False,False,True,72.85,,cs,27.63,7.44,23.65,34.39,36.53,17.54,25.93,1.1445,144.1887,23.4431,72.85,960.5954579509386,144.1873779296875,23.44544262290001,12.553838828252584,24.41782522393285,0.07171967677251762,0.049858918077251346,0.06585858840866632,2.8721393192039297,1.8520239240816387,1.020115395122291,0.058615797010561736,2.1589272441877654,2.9825405288035602,2.158931226264542,1.3700150401052291
frc_milora_lr5e4_c256_s43,frc,Llama-CS grid (frc),Llama-2-7B,cs,faithful-CLoRA grid,milora,MiLoRA,0.0005,43.0,frc_milora_lr5e4_c256,False,False,False,True,73.42,,cs,25.8,8.99,24.38,30.72,34.59,17.4,24.9,1.1201,143.5483,23.3342,73.42,958.4593609339149,143.54623413085938,23.336627900600433,12.540334582799371,24.357072876785605,0.07208341142168014,0.04983279202582866,0.06609710786812094,2.8512673407927527,1.8100692116929957,1.041198129099757,0.04925679723222725,2.1569918034668656,2.981573703342079,2.156998053642062,1.3679929159329265
frc_milora_lr5e4_c256_s44,frc,Llama-CS grid (frc),Llama-2-7B,cs,faithful-CLoRA grid,milora,MiLoRA,0.0005,44.0,frc_milora_lr5e4_c256,False,False,False,True,73.24,,cs,28.32,3.86,24.21,33.7,33.88,16.09,24.79,1.1293,214.0665,23.9827,73.24,979.3785298438816,214.0640106201172,23.98527820110321,12.491203373205003,24.183306242346422,0.07593809862943238,0.04945761630881121,0.06762752585819844,2.8747211274888356,1.8100692116929957,1.0646519157958398,0.05280932814056134,2.330543657939428,2.990950579085372,2.3305487083804484,1.37989807488846
frc_milora_lr5e4_c256_s45,frc,Llama-CS grid (frc),Llama-2-7B,cs,faithful-CLoRA grid,milora,MiLoRA,0.0005,45.0,frc_milora_lr5e4_c256,False,False,False,True,73.97,,cs,28.63,9.91,24.76,34.3,35.82,19.27,26.68,1.1349,190.7704,23.7346,73.97,974.8947587396657,190.76747131347656,23.737042552232744,12.506815334236114,24.384885689987566,0.07366363496207436,0.049646194046317225,0.06645153770101031,2.8662177745935113,1.8100692116929957,1.0561485629005156,0.054957596012406504,2.2805043230230746,2.988957735528752,2.2805109903161114,1.375381916936764
frc_milora_lr7e4_c256_s42,frc,Llama-CS grid (frc),Llama-2-7B,cs,faithful-CLoRA grid,milora,MiLoRA,0.0007,42.0,frc_milora_lr7e4_c256,False,False,False,True,63.53,,cs,24.53,6.48,23.18,30.89,37.16,15.5,24.45,1.4751,261.7909,28.2795,63.53,1301.521288775818,261.7864990234375,28.281723123788833,15.15034991151033,27.071012374041832,0.0784868316421814,0.04780685627755618,0.07061776316713891,3.2281540004612634,1.8520239240816387,1.3761300763796247,0.16882146300982398,2.417947245152805,3.1144512761888192,2.4179545461548715,1.4514717265831152
frc_milora_lr7e4_c256_s43,frc,Llama-CS grid (frc),Llama-2-7B,cs,faithful-CLoRA grid,milora,MiLoRA,0.0007,43.0,frc_milora_lr7e4_c256,False,False,False,True,65.33,,cs,21.7,7.31,22.97,30.2,35.08,14.5,23.45,1.5291,259.3521,28.2971,65.33,1298.359428941307,259.3455505371094,28.2996634721756,15.203610560991947,27.094296890056608,0.07705769582758376,0.04779110536480713,0.06998242005513892,3.279584293202586,1.8100692116929957,1.4695150815095903,0.18443588830837046,2.413878801418645,3.1133949362219004,2.4138897688698764,1.4517419295690868
frc_milora_lr7e4_c256_s44,frc,Llama-CS grid (frc),Llama-2-7B,cs,faithful-CLoRA grid,milora,MiLoRA,0.0007,44.0,frc_milora_lr7e4_c256,False,False,False,True,65.02,,cs,21.75,7.61,22.99,29.69,34.59,14.68,23.33,1.5248,260.3666,28.4834,65.02,1306.2962490491516,260.360595703125,28.485636901855468,15.062084416920698,26.929288617470423,0.07817609062076246,0.047726082664471085,0.07051485243053376,3.212242319347193,1.8100692116929957,1.4021731076541972,0.18321288329425117,2.4155752565335575,3.1160416798006,2.415585271885251,1.454591828823866
frc_milora_r32_lr3e4_c256_s42,frc,Llama-CS grid (frc),Llama-2-7B,cs,faithful-CLoRA grid,milora,MiLoRA,0.0003,42.0,frc_milora_r32_lr3e4_c256,False,False,False,True,78.26,,cs,29.44,14.2,37.72,35.24,38.14,21.82,30.95,0.7434,77.686,19.3237,78.26,606.4142712377902,77.68624114990234,19.324484783411027,7.777842531891195,19.196623926369398,0.06890014006064836,0.05763732068317369,0.06455728620676061,2.483134364538658,1.8520239240816387,0.6311104404570194,-0.12877744324029294,1.8903441086105892,2.7827694133477623,1.890342760492404,1.286090286454933
frc_milora_r32_lr3e4_c256_s43,frc,Llama-CS grid (frc),Llama-2-7B,cs,faithful-CLoRA grid,milora,MiLoRA,0.0003,43.0,frc_milora_r32_lr3e4_c256,False,False,False,True,49.0,,cs,30.98,13.95,34.03,36.69,36.12,22.46,30.35,0.7232,71.3317,19.0445,49.0,608.193335665043,71.33094024658203,19.045240938663483,7.954089496881877,19.28430341990594,0.06903013089943139,0.05739559441617775,0.06458686397923492,2.4353326005959834,1.8100692116929957,0.6252633889029877,-0.14074158253269314,1.8532779486976902,2.7840416570120685,1.8532825743896928,1.279769575049396
frc_milora_r32_lr3e4_c256_s44,frc,Llama-CS grid (frc),Llama-2-7B,cs,faithful-CLoRA grid,milora,MiLoRA,0.0003,44.0,frc_milora_r32_lr3e4_c256,False,False,False,True,78.72,,cs,30.66,14.49,32.99,36.52,34.93,22.58,29.92,0.7361,84.4544,19.3371,78.72,606.564199188182,84.45504760742188,19.338108551502227,7.86340958063234,19.231234376614953,0.06986447711601376,0.057563435395281706,0.06489444344580457,2.4564784636834647,1.8100692116929957,0.646409251990469,-0.13306318226836064,1.9266256110715034,2.7828767736735345,1.9266222808571936,1.2863913431475285
frc_milora_r32_lr3e4_c256_s45,frc,Llama-CS grid (frc),Llama-2-7B,cs,faithful-CLoRA grid,milora,MiLoRA,0.0003,45.0,frc_milora_r32_lr3e4_c256,False,False,False,True,78.45,,cs,31.36,13.95,36.65,35.32,36.81,22.66,30.82,0.729,60.2502,19.0709,78.45,605.6159279462287,60.2495231628418,19.071992045640947,7.925187526281763,19.348459828290654,0.06834866701699265,0.057535946708455916,0.06440300469228764,2.4937703070096333,1.8520239240816387,0.6417463829279946,-0.1372724716820254,1.7799536140922827,2.782197288764455,1.7799584928859469,1.2803711888934444
frc_pissa_r32_lr3e4_c256_s42,frc,Llama-CS grid (frc),Llama-2-7B,cs,faithful-CLoRA grid,pissa,PiSSA,0.0003,42.0,frc_pissa_r32_lr3e4_c256,False,False,False,True,70.05,,cs,19.18,2.0,23.74,29.01,37.18,10.59,22.22,1.4138,54.6307,13.9806,70.05,723.9691402444324,54.64010238647461,13.9822333663702,18.025627448268274,39.688926189655064,0.22140781811605262,0.03841927380309912,0.21615268883723784,3.930924849780089,1.8520239240816387,2.0789009256984503,0.15038797732528014,1.7375115044699492,2.859720054446882,1.73743676529931,1.1455258102578405
frc_pissa_r32_lr3e4_c256_s43,frc,Llama-CS grid (frc),Llama-2-7B,cs,faithful-CLoRA grid,pissa,PiSSA,0.0003,43.0,frc_pissa_r32_lr3e4_c256,False,False,False,True,69.25,,cs,25.25,1.25,23.43,31.14,37.93,13.25,23.8,1.4141,54.1678,13.9728,69.25,724.3925488098992,54.180145263671875,13.974416953325271,18.046002646851083,39.71883044997787,0.22100774313001023,0.03851175227726975,0.2162396027337775,3.8435286939316966,1.8100692116929957,2.033459482238701,0.15048012227033458,1.7338401650959414,2.85997397445899,1.7337411972770225,1.145283442814398
frc_pissa_r32_lr3e4_c256_s44,frc,Llama-CS grid (frc),Llama-2-7B,cs,faithful-CLoRA grid,pissa,PiSSA,0.0003,44.0,frc_pissa_r32_lr3e4_c256,False,False,False,True,68.87,,cs,16.56,2.2,23.24,33.36,35.21,9.38,22.11,1.3877,51.2253,13.8795,68.87,723.9831594721331,51.23530578613281,13.881161734461784,18.117260975002708,39.77379030646538,0.2209002000748583,0.03856264737121432,0.21671792325739775,3.6694565584747725,1.8100692116929957,1.8593873467817768,0.14229558828976357,1.7095693325369585,2.8597284642173313,1.7094845105180945,1.1423738212231445
frc_pissa_r32_lr3e4_c256_s45,frc,Llama-CS grid (frc),Llama-2-7B,cs,faithful-CLoRA grid,pissa,PiSSA,0.0003,45.0,frc_pissa_r32_lr3e4_c256,False,False,False,True,69.56,,cs,22.82,1.58,23.57,31.91,36.84,12.2,23.34,1.4031,55.3987,13.979,69.56,724.8252172247506,55.406978607177734,13.980717357993125,18.045105467551213,39.71548882703901,0.22149746513832358,0.038462769638887104,0.2164019811477257,3.746658617738669,1.8100692116929957,1.9365894060456734,0.14708862462816655,1.7435644683333968,2.8602332943694284,1.7434995735831094,1.1454761048849593
frc_sclora_b0p9_em_r128_lr5e5_s42,frc,Llama-CS grid (frc),Llama-2-7B,cs,faithful-CLoRA grid,sclora,SC-LoRA,5e-05,42.0,frc_sclora_b0p9_em_r128_lr5e5,False,False,False,True,71.5,,cs,35.28,18.82,47.9,43.17,34.73,27.05,35.98,0.1948,6.4749,2.4783,71.5,94.06350130742034,6.47467565536499,2.4786443792283537,14.200944176871362,73.288740275203,0.034698228917128156,0.39951488365448695,0.055163116914826275,1.9694938133957776,1.8520239240816387,0.11746988931413882,-0.7104110474574032,0.8112180176006512,1.9734211403699935,0.8112330654508096,0.39415387688205583
frc_sclora_b0p9_em_r128_lr5e5_s43,frc,Llama-CS grid (frc),Llama-2-7B,cs,faithful-CLoRA grid,sclora,SC-LoRA,5e-05,43.0,frc_sclora_b0p9_em_r128_lr5e5,False,False,False,True,67.93,,cs,35.62,19.51,48.68,43.17,36.18,27.56,36.63,0.2003,7.0961,2.5037,67.93,94.34923224415438,7.096102237701416,2.504219895973802,13.571346920460561,72.40997764698906,0.03505042713462182,0.3981119468821207,0.055697939929026344,2.066721488114374,1.8100692116929957,0.25665227642137833,-0.6983190507064237,0.8510198640037303,1.9747383704947623,0.8510197270522748,0.39858228933471496
frc_sclora_b0p9_em_r128_lr5e5_s44,frc,Llama-CS grid (frc),Llama-2-7B,cs,faithful-CLoRA grid,sclora,SC-LoRA,5e-05,44.0,frc_sclora_b0p9_em_r128_lr5e5,False,False,False,True,56.81,,cs,34.4,19.69,47.69,42.41,35.1,27.04,35.86,0.2034,6.3629,2.5017,56.81,94.30382716292483,6.362766742706299,2.502111369371414,13.568352946466488,72.51630232948973,0.03463616018305016,0.3986277929642054,0.055153034087248524,1.9867173395804016,1.8100692116929957,0.17664812788740591,-0.6916490514132743,0.8036460024107719,1.9745293182093544,0.8036550978724871,0.3982352285563431
frc_sclora_lr1e3_c256_s42,frc,Llama-CS grid (frc),Llama-2-7B,cs,faithful-CLoRA grid,sclora,SC-LoRA,0.001,42.0,frc_sclora_lr1e3_c256,False,True,False,True,36.86,,cs,2.29,0.0,23.04,22.61,48.49,1.14,19.29,8.2262,558.2896,89.1199,36.86,3514.2402905725244,558.4335327148438,89.12582939863205,12.195766040518365,25.705402013410737,0.09908242819655672,0.04770754784267158,0.11890226271176461,9.359743761941282,1.8520239240816387,7.507719837859643,0.9151992641131625,2.746971488833892,3.545831453602604,2.746859537747115,1.9499746905151052
frc_sclora_lr1e3_c256_s43,frc,Llama-CS grid (frc),Llama-2-7B,cs,faithful-CLoRA grid,sclora,SC-LoRA,0.001,43.0,frc_sclora_lr1e3_c256,False,True,False,True,36.48,,cs,2.13,0.0,22.97,21.33,47.55,1.06,18.8,9.3854,777.9695,95.1698,36.48,3738.789543217429,778.0382690429688,95.17527412772179,11.862919624625215,25.19456985375197,0.1003693431385506,0.0476389535678585,0.12036041490382753,10.556099919420152,1.8520239240816387,8.704075995338513,0.9724527867166444,2.8910009589761168,3.5727310193687787,2.890962570972534,1.9784991566395285
frc_sclora_lr1e3_c256_s44,frc,Llama-CS grid (frc),Llama-2-7B,cs,faithful-CLoRA grid,sclora,SC-LoRA,0.001,44.0,frc_sclora_lr1e3_c256,False,True,False,True,36.81,,cs,1.27,0.0,23.86,23.29,47.56,0.64,19.2,7.3776,508.4888,81.8081,36.81,3301.324683205536,508.4736633300781,81.81342376470566,12.528325987329755,26.318553456690143,0.09905912010778362,0.047623557805488645,0.1182495620056216,9.280853530835168,1.8100692116929957,7.470784319142172,0.8679151048753324,2.706268463322423,3.5186882390198826,2.7062813915719093,1.912796306252568
frc_sclora_lr1e4_c256_s42,frc,Llama-CS grid (frc),Llama-2-7B,cs,faithful-CLoRA grid,sclora,SC-LoRA,0.0001,42.0,frc_sclora_lr1e4_c256,False,False,False,True,80.23,,cs,28.94,10.46,25.43,38.23,33.54,19.7,27.32,0.5591,16.8065,6.6291,80.23,291.9957267604432,16.811901092529297,6.629654179513454,12.452121710761466,32.15612087412224,0.07562784865017144,0.04243369986674051,0.15846666193552095,2.2936705164523477,1.8520239240816387,0.4416465923707089,-0.2525105077413271,1.2256168263075191,2.4653764957705446,1.225477279831442,0.8214545704009398
frc_sclora_lr1e4_c256_s43,frc,Llama-CS grid (frc),Llama-2-7B,cs,faithful-CLoRA grid,sclora,SC-LoRA,0.0001,43.0,frc_sclora_lr1e4_c256,False,False,False,True,80.46,,cs,29.86,12.47,29.28,36.35,36.59,21.16,28.91,0.5593,16.7293,6.5986,80.46,291.8773583101902,16.734912872314453,6.599072843790054,12.485954301993365,32.165550278180305,0.07525879705089222,0.04249025289415202,0.15841977346251399,2.27127049530076,1.8100692116929957,0.46120128360776413,-0.2523551806717518,1.22362345561393,2.46520040693619,1.2234777692649963,0.819451802697939
frc_sclora_lr1e4_c256_s44,frc,Llama-CS grid (frc),Llama-2-7B,cs,faithful-CLoRA grid,sclora,SC-LoRA,0.0001,44.0,frc_sclora_lr1e4_c256,False,False,False,True,79.19,,cs,30.7,11.64,25.43,37.12,34.08,21.17,27.79,0.5864,17.2249,6.6245,79.19,292.0361644578695,17.249608993530273,6.62508450448513,12.255889104328432,32.14961852932292,0.07501837991334077,0.042427843867033736,0.1582682966307104,2.2700844409320458,1.8100692116929957,0.46001522923905,-0.23180603836692845,1.2367792551265806,2.4654366358729782,1.2361567092691117,0.8211531044298871
frc_sclora_lr1e4_c256_s45,frc,Llama-CS grid (frc),Llama-2-7B,cs,faithful-CLoRA grid,sclora,SC-LoRA,0.0001,45.0,frc_sclora_lr1e4_c256,False,False,False,True,80.2,,cs,30.78,12.28,29.26,37.12,33.67,21.53,28.62,0.5586,16.7337,6.5823,80.2,291.68930296206133,16.73948097229004,6.582798062264919,12.507881000388634,32.20685941726433,0.07529032080961594,0.04248510542911797,0.15853328901605226,2.25002423957063,1.8100692116929957,0.4399550278776341,-0.25289906863501377,1.2237419880440439,2.464920502657101,1.223591978734045,0.81837767215092
frc_sclora_lr2e4_c256_s42,frc,Llama-CS grid (frc),Llama-2-7B,cs,faithful-CLoRA grid,sclora,SC-LoRA,0.0002,42.0,frc_sclora_lr2e4_c256,False,False,False,True,78.41,,cs,26.51,6.2,24.6,39.42,33.48,16.36,26.04,0.8047,44.8871,11.2599,78.41,534.2505549370007,44.88642883300781,11.261190274357796,14.74781609604895,32.15329348430104,0.07562263477369019,0.04277349900978419,0.14313505458631917,2.5833663415108163,1.8520239240816387,0.7313424174291776,-0.09436599867304526,1.6521150542808378,2.7277449819469206,1.652121548046315,1.051534533531221
frc_sclora_lr2e4_c256_s43,frc,Llama-CS grid (frc),Llama-2-7B,cs,faithful-CLoRA grid,sclora,SC-LoRA,0.0002,43.0,frc_sclora_lr2e4_c256,False,False,False,True,78.5,,cs,29.21,7.41,24.51,36.01,33.47,18.31,26.12,0.8038,37.8828,11.2106,78.5,533.7271928388107,37.88285446166992,11.211896207928657,14.74769447721674,32.19504275447015,0.07501622308286936,0.042696129794743264,0.14299281692145857,2.5506599769493032,1.8100692116929957,0.7405907652563075,-0.09485199814398397,1.5784426955225304,2.7273193302141023,1.5784420711656793,1.0496288569942491
frc_sclora_lr2e4_c256_s44,frc,Llama-CS grid (frc),Llama-2-7B,cs,faithful-CLoRA grid,sclora,SC-LoRA,0.0002,44.0,frc_sclora_lr2e4_c256,False,False,False,True,78.04,,cs,23.67,7.56,25.45,36.18,32.2,15.62,25.01,0.8069,35.5429,11.1834,78.04,533.8909984070939,35.54227828979492,11.184870237112046,14.860235293414853,32.209207492261825,0.07482718484870647,0.042794026014022706,0.14285756608182917,2.5087028770397066,1.8100692116929957,0.6986336653467109,-0.09318028453345462,1.5507452630014489,2.727452598559569,1.5507528596711884,1.048573858716421
frc_sclora_lr2e4_c256_s45,frc,Llama-CS grid (frc),Llama-2-7B,cs,faithful-CLoRA grid,sclora,SC-LoRA,0.0002,45.0,frc_sclora_lr2e4_c256,False,False,False,True,78.26,,cs,27.6,7.06,23.62,35.24,31.72,17.33,25.05,0.7962,35.2292,11.1442,78.26,533.9509247346334,35.22796630859375,11.14551094174385,14.856653828003997,32.244122517455104,0.07506219195055905,0.042668434848504834,0.14322445041909881,2.547871483163887,1.8100692116929957,0.7378022714708912,-0.09897782675192085,1.5468875723197872,2.7275013429904336,1.5469027811451836,1.047048897575721
frc_sclora_lr3e4_c256_s42,frc,Llama-CS grid (frc),Llama-2-7B,cs,faithful-CLoRA grid,sclora,SC-LoRA,0.0003,42.0,frc_sclora_lr3e4_c256,False,False,False,True,75.87,,cs,25.13,5.95,23.02,34.39,32.88,15.54,24.27,1.0273,72.8374,15.3325,75.87,747.6306325294763,72.83635711669922,15.334144267439843,15.946865991259385,31.976625932167416,0.07578881667483822,0.04311636112978523,0.13045124499378422,2.773484271538993,1.8520239240816387,0.9214603474573542,0.011697288114142538,1.8623482165891267,2.8736870873375766,1.862354434846578,1.1856129733595306
frc_sclora_lr3e4_c256_s43,frc,Llama-CS grid (frc),Llama-2-7B,cs,faithful-CLoRA grid,sclora,SC-LoRA,0.0003,43.0,frc_sclora_lr3e4_c256,False,False,False,True,77.29,,cs,26.49,6.72,23.4,31.83,30.38,16.6,23.76,1.0338,77.1126,15.3802,77.29,750.3510586437643,77.11151123046875,15.381929108500481,16.07622404303254,31.96082616366259,0.0763573797266795,0.04312481924684826,0.13040639003283042,2.82913823486091,1.8100692116929957,1.0190690231679145,0.014436527831672145,1.887119214506315,2.8752644996059384,1.887125346447627,1.1869619829512141
frc_sclora_lr3e4_c256_s44,frc,Llama-CS grid (frc),Llama-2-7B,cs,faithful-CLoRA grid,sclora,SC-LoRA,0.0003,44.0,frc_sclora_lr3e4_c256,False,False,False,True,62.69,,cs,23.74,6.48,23.38,33.7,33.6,15.11,24.18,1.0202,76.9042,15.2035,62.69,747.7122979265256,76.90345764160156,15.205277943611145,16.167007771694582,32.04643872783862,0.07582430146145833,0.04303762065604635,0.13042125330347115,2.8106825725104674,1.8100692116929957,1.0006133608174717,0.008685319195168106,1.8859458664712632,2.873734523722387,1.8859500587483058,1.1819435784520087
frc_sclora_lr3e4_c256_s45,frc,Llama-CS grid (frc),Llama-2-7B,cs,faithful-CLoRA grid,sclora,SC-LoRA,0.0003,45.0,frc_sclora_lr3e4_c256,False,False,False,True,76.65,,cs,25.99,6.02,22.95,35.58,36.27,16.0,25.36,1.0343,88.125,15.3106,76.65,749.4791088913513,88.12378692626953,15.312237921357156,16.082546591950674,31.97467752604927,0.07640113399156087,0.04312354954972168,0.13073205294082554,2.755979035598483,1.8100692116929957,0.9459098239054871,0.014646524684031775,1.945093151731616,2.874759531754471,1.9450991299994551,1.1849922103967108
frc_sclora_lr5e4_c256_s42,frc,Llama-CS grid (frc),Llama-2-7B,cs,faithful-CLoRA grid,sclora,SC-LoRA,0.0005,42.0,frc_sclora_lr5e4_c256,False,False,False,True,68.99,,cs,25.02,5.24,23.08,32.34,34.1,15.13,23.96,1.4014,162.3406,22.1587,68.99,1115.87188430853,162.3389129638672,22.160464012622832,17.381338359474015,31.755367383048064,0.07933190777975262,0.04388055344545063,0.11457036305636711,3.199555857402742,1.8520239240816387,1.347531933321103,0.14656211315755666,2.2104226335654547,3.047614335164463,2.2104271467574117,1.34554427774468
frc_sclora_lr5e4_c256_s43,frc,Llama-CS grid (frc),Llama-2-7B,cs,faithful-CLoRA grid,sclora,SC-LoRA,0.0005,43.0,frc_sclora_lr5e4_c256,False,False,False,True,69.46,,cs,23.93,5.94,22.9,32.94,36.47,14.94,24.44,1.4008,152.3173,21.9439,69.46,1111.0561969327798,152.31991577148438,21.945713543891905,17.42630509539369,31.8168278636999,0.07851489286253474,0.0439601238482574,0.11416824725883563,3.253401752138012,1.8100692116929957,1.4433325404450164,0.14637613307538974,2.182756690888156,3.045736025998087,2.182749232737524,1.3413138154884185
frc_sclora_lr5e4_c256_s44,frc,Llama-CS grid (frc),Llama-2-7B,cs,faithful-CLoRA grid,sclora,SC-LoRA,0.0005,44.0,frc_sclora_lr5e4_c256,False,False,False,True,69.48,,cs,11.72,5.34,22.89,31.91,36.35,8.53,21.64,1.4059,178.3363,22.2869,69.48,1115.256513832343,178.3349151611328,22.288527411222457,17.399020399515393,31.722801307499278,0.08013558395077777,0.04387934256057572,0.11472468207561867,3.30462950168035,1.8520239240816387,1.4526055775987112,0.14795443093082059,2.2512363795036476,3.0473747684867822,2.251239751953415,1.3480496644191178
frc_sclora_lr5e4_c256_s45,frc,Llama-CS grid (frc),Llama-2-7B,cs,faithful-CLoRA grid,sclora,SC-LoRA,0.0005,45.0,frc_sclora_lr5e4_c256,False,False,False,True,69.05,,cs,23.13,6.69,22.92,33.62,37.64,14.91,24.8,1.4302,177.7115,22.232,69.05,1118.359681281179,177.70559692382812,22.233742010593414,17.352618632735837,31.702400760413482,0.07995203797577692,0.04388204471263834,0.11500448568022069,3.1958222789087607,1.8100692116929957,1.385753067215765,0.15539677370485075,2.249701106335721,3.0485815016484468,2.2497155326164493,1.3469785337693154
frc_sclora_lr7e4_c256_s42,frc,Llama-CS grid (frc),Llama-2-7B,cs,faithful-CLoRA grid,sclora,SC-LoRA,0.0007,42.0,frc_sclora_lr7e4_c256,False,False,False,True,59.69,,cs,11.15,1.43,23.32,29.18,37.33,6.29,20.48,1.7708,219.5419,28.7302,59.69,1447.5767835572524,219.5381622314453,28.73168659210205,17.25225422032024,31.397920035065017,0.08180415821505087,0.045095581509262725,0.10518675172793472,3.715890001157715,1.8520239240816387,1.8638660770760764,0.2481695133068103,2.3415100243774805,3.1606416092152245,2.341517418437915,1.4583386492635817
frc_sclora_lr7e4_c256_s43,frc,Llama-CS grid (frc),Llama-2-7B,cs,faithful-CLoRA grid,sclora,SC-LoRA,0.0007,43.0,frc_sclora_lr7e4_c256,False,False,False,True,37.09,,cs,19.67,2.36,22.72,25.94,37.83,11.02,21.7,1.8037,241.6877,29.2792,37.09,1458.1924035945974,241.6855926513672,29.280793333053587,17.054034153987764,31.282891322583644,0.08226046831161453,0.04511475942035485,0.10539121783856063,3.648736143239104,1.8100692116929957,1.8386669315461084,0.2561643052796146,2.3832507620398253,3.163814831462388,2.3832545488021335,1.466559206254797
frm_clora_k128_lr3e4_c256_s42,frm,Llama-Math grid (frm),Llama-2-7B,math,faithful-CLoRA grid,clora,CLoRA,0.0003,42.0,frm_clora_k128_lr3e4_c256,False,False,False,True,59.59,59.59,math_faithful,27.55,9.49,23.74,29.78,45.84,18.52,27.28,1.0793,27.0206,15.2187,59.59,940.3234178871093,27.023693084716797,15.219149288535117,25.73032315090285,54.81462978478083,0.06473216635727595,0.0461550617323849,0.06272054984344164,3.372252300723053,1.8520239240816387,1.5202283766414144,0.03314217706062464,1.4317446998567878,2.9732772519465676,1.4316949884238368,1.1823775560521974
frm_clora_k128_lr3e4_c256_s43,frm,Llama-Math grid (frm),Llama-2-7B,math,faithful-CLoRA grid,clora,CLoRA,0.0003,43.0,frm_clora_k128_lr3e4_c256,False,False,False,True,59.82,59.82,math_faithful,27.57,9.57,24.55,30.55,45.88,18.57,27.62,1.0884,27.0467,15.2759,59.82,940.4234154599759,27.046194076538086,15.276393362879753,25.558656399473435,54.74365356048966,0.06445926261993778,0.04611991268883905,0.06255387616119691,3.3106200655027194,1.8100692116929957,1.5005508538097236,0.036788533107720095,1.4321061600951008,2.9733234340199552,1.4321142838892345,1.184006806706364
frm_clora_k128_lr3e4_c256_s44,frm,Llama-Math grid (frm),Llama-2-7B,math,faithful-CLoRA grid,clora,CLoRA,0.0003,44.0,frm_clora_k128_lr3e4_c256,False,False,False,True,60.58,60.58,math_faithful,29.4,8.99,24.92,29.18,47.99,19.2,28.1,1.109,29.7421,15.3401,60.58,940.3612022115982,29.744190216064453,15.34062565267086,25.53030195261686,54.710747209487415,0.06485247439563839,0.046094592982436566,0.06284487347677739,3.341031830999706,1.8100692116929957,1.5309626193067103,0.04493154614916006,1.473402149778651,2.973294702531801,1.4733716294923849,1.1858281907281274
frm_clora_k256_lr3e4_c256_s42,frm,Llama-Math grid (frm),Llama-2-7B,math,faithful-CLoRA grid,clora,CLoRA,0.0003,42.0,frm_clora_k256_lr3e4_c256,False,False,False,True,60.8,60.8,math_faithful,28.61,9.42,23.01,31.48,40.95,19.02,26.69,1.0191,29.0263,14.2422,60.8,873.3435788382158,29.029020309448242,14.24290212392807,25.237531546771383,54.13445920863456,0.06385777446903748,0.045958138906492425,0.06177141889698707,3.2445586319265645,1.8520239240816387,1.3925347078449257,0.008216801589690346,1.4628323792219557,2.9411851314933672,1.4627916795797178,1.1535770801759868
frm_clora_k256_lr3e4_c256_s43,frm,Llama-Math grid (frm),Llama-2-7B,math,faithful-CLoRA grid,clora,CLoRA,0.0003,43.0,frm_clora_k256_lr3e4_c256,False,False,False,True,60.2,60.2,math_faithful,28.75,8.95,26.29,30.72,44.82,18.85,27.91,1.0094,26.0615,14.1927,60.2,872.8098613945909,26.063535690307617,14.193432092666626,25.322690443337677,54.24995891412674,0.06397892273695854,0.04611705136416925,0.061749308386998256,3.2009744409387126,1.8100692116929957,1.390905229245717,0.004063300397667094,1.4160333302803714,2.9409196444605104,1.4159994084208962,1.1520650229104419
frm_clora_k256_lr3e4_c256_s44,frm,Llama-Math grid (frm),Llama-2-7B,math,faithful-CLoRA grid,clora,CLoRA,0.0003,44.0,frm_clora_k256_lr3e4_c256,False,False,False,True,60.96,60.96,math_faithful,28.54,9.41,23.02,29.35,44.82,18.98,27.03,1.0045,28.2759,14.251,60.96,873.5513999448036,28.27984619140625,14.25151642858982,25.29270330101814,54.220057123386326,0.06386627277957617,0.04600950150950417,0.06165420567956175,3.213140814295748,1.8100692116929957,1.403071602602752,0.0019499410842679385,1.4514770430879034,2.941288464047798,1.4514164370745284,1.153845340080965
frm_clora_k64_lr3e4_c256_s42,frm,Llama-Math grid (frm),Llama-2-7B,math,faithful-CLoRA grid,clora,CLoRA,0.0003,42.0,frm_clora_k64_lr3e4_c256,False,False,False,True,58.53,58.53,math_faithful,28.24,8.51,24.41,29.35,45.29,18.38,27.16,1.1128,28.858,15.9622,58.53,986.3488431908511,28.85796356201172,15.96270280778408,25.959415411110783,55.139988101087006,0.06509290459338508,0.04628032284562267,0.06327049668879907,3.4201094321455487,1.8520239240816387,1.56808550806391,0.04641711698399,1.4602656807080712,2.994030539564907,1.460266229076885,1.2030927480431923
frm_clora_k64_lr3e4_c256_s43,frm,Llama-Math grid (frm),Llama-2-7B,math,faithful-CLoRA grid,clora,CLoRA,0.0003,43.0,frm_clora_k64_lr3e4_c256,False,False,False,True,60.5,60.5,math_faithful,28.09,8.88,26.17,30.03,44.75,18.48,27.58,1.1327,28.8288,15.9658,60.5,985.8623693521752,28.82932472229004,15.966209280490876,25.86052860397228,55.1272691482533,0.06515642297375973,0.04627201993810331,0.06325502869666025,3.419525594885668,1.8100692116929957,1.6094563831926723,0.054114900510585866,1.4598344699005967,2.993816289786112,1.4598265652385496,1.2031906846594211
frm_clora_k64_lr3e4_c256_s44,frm,Llama-Math grid (frm),Llama-2-7B,math,faithful-CLoRA grid,clora,CLoRA,0.0003,44.0,frm_clora_k64_lr3e4_c256,False,False,False,True,58.45,58.45,math_faithful,28.69,9.72,23.65,30.38,45.89,19.21,27.67,1.1357,30.5931,16.1689,58.45,985.4315121166427,30.59406089782715,16.16949906349182,25.300455005596778,54.87678050543049,0.06501164816849482,0.04625329998635516,0.06327233729855286,3.4851015656296864,1.8100692116929957,1.6750323539366907,0.05526362578418402,1.485637126820097,2.9936264460244906,1.4856234862910085,1.2086804750591567
frm_clora_k64_lr3e4_c256_s45,frm,Llama-Math grid (frm),Llama-2-7B,math,faithful-CLoRA grid,clora,CLoRA,0.0003,45.0,frm_clora_k64_lr3e4_c256,False,False,False,True,60.05,60.05,math_faithful,27.29,9.32,23.98,27.47,44.48,18.3,26.51,1.1432,30.8,16.0333,60.05,983.7611930536204,30.800025939941406,16.033785143494605,25.698638458574784,55.011033737847534,0.06510687689121859,0.04625509113579016,0.06321812350043676,3.4471646328809604,1.8100692116929957,1.6370954211879647,0.058122215782913815,1.488551082265661,2.992889686717839,1.4885507165004443,1.2050229187541
frm_cordapp_lr1e4_c256_s42,frm,Llama-Math grid (frm),Llama-2-7B,math,faithful-CLoRA grid,cordapp,CorDA++ (withheld),0.0001,42.0,frm_cordapp_lr1e4_c256,True,False,False,False,58.76,58.76,math_faithful,31.56,13.85,26.05,39.42,37.95,22.7,29.77,0.6323,432.4798,19.5864,58.76,73382.33716851029,27671.935546875,1254.3910964965821,4.776402661729789,33.204967943039044,0.1634653366912981,0.03269989211450518,0.10896910248115127,2.1532748220036324,1.8520239240816387,0.30125089792199367,-0.19907681818678175,4.442039537454226,4.865591539570697,2.635965827515498,1.2919546195675378
frm_cordapp_lr2e4_c256_s42,frm,Llama-Math grid (frm),Llama-2-7B,math,faithful-CLoRA grid,cordapp,CorDA++ (withheld),0.0002,42.0,frm_cordapp_lr2e4_c256,True,False,False,False,58.61,58.61,math_faithful,30.7,11.48,26.35,37.12,41.16,21.09,29.36,0.8553,451.1114,28.2491,58.61,128244.41343886807,28862.423828125,1809.3810897827148,7.436626868379019,43.69587867903179,0.11801787611757655,0.03504813427862291,0.09571989297934466,2.4495353299081177,1.8520239240816387,0.597511405826479,-0.0678815279708776,4.460332799764345,5.10803845553421,2.654283802257399,1.4510046160046604
frm_cordapp_lr3e4_c256_s42,frm,Llama-Math grid (frm),Llama-2-7B,math,faithful-CLoRA grid,cordapp,CorDA++ (withheld),0.0003,42.0,frm_cordapp_lr3e4_c256,True,True,False,False,59.74,59.74,math_faithful,17.74,8.71,23.6,28.58,40.07,13.22,23.74,4.1151,6909.1777,110.0124,59.74,896254.2849112978,442148.71875,7041.961570358277,5.129007538987051,19.192521610440178,0.19448333654373182,0.02811393412977933,0.21974276426666578,5.063685940570354,1.8520239240816387,3.211662016488715,0.6143803933564301,5.64556837086283,5.95243124500376,3.8394263626270098,2.041441639231553
frm_dora_lr3e4_c256_s42,frm,Llama-Math grid (frm),Llama-2-7B,math,faithful-CLoRA grid,dora,DoRA,0.0003,42.0,frm_dora_lr3e4_c256,False,False,False,True,58.76,58.76,math_faithful,29.26,9.09,23.72,29.01,42.27,19.18,26.67,2.8399,672.4734,30.5101,58.76,1608.7579308985887,672.482666015625,30.51080406010151,19.46785235727992,46.02455137206571,0.11677075671107326,0.04385772967077719,0.10506786677417439,4.05836845922639,1.8520239240816387,2.2063445351447513,0.45330304771858304,2.827681094398186,3.2064907009144656,2.8276751102927467,1.4844436310897036
frm_dora_lr3e4_c256_s43,frm,Llama-Math grid (frm),Llama-2-7B,math,faithful-CLoRA grid,dora,DoRA,0.0003,43.0,frm_dora_lr3e4_c256,False,False,False,True,59.74,59.74,math_faithful,27.85,7.67,23.74,28.75,45.49,17.76,26.7,2.8444,701.2923,31.0013,59.74,1642.9804308114553,701.2981567382812,31.002068364620207,19.15874021205036,45.70231370989083,0.11912158511900998,0.043689018349675736,0.1075637369583956,4.724918807811289,1.8100692116929957,2.9148495961182928,0.4539906699682299,2.8459026974194654,3.2156323906771713,2.8458990704888736,1.4913799058016526
frm_dora_lr3e4_c256_s44,frm,Llama-Math grid (frm),Llama-2-7B,math,faithful-CLoRA grid,dora,DoRA,0.0003,44.0,frm_dora_lr3e4_c256,False,False,False,True,59.06,59.06,math_faithful,27.15,8.87,23.16,27.99,46.37,18.01,26.71,2.8788,732.192,31.5922,59.06,1681.3404284651472,732.1736450195312,31.592706260085105,19.17021904835263,45.57699831311923,0.12092184889083102,0.0436328827549423,0.10795722566784745,3.963831059076308,1.8100692116929957,2.1537618473833122,0.45921149401545547,2.864614092165582,3.2256556558757277,2.8646249794282825,1.4995798701150869
frm_lora_lr3e4_c256_s42,frm,Llama-Math grid (frm),Llama-2-7B,math,faithful-CLoRA grid,lora,LoRA,0.0003,42.0,frm_lora_lr3e4_c256,False,False,False,True,60.2,60.2,math_faithful,29.14,6.93,24.18,27.99,44.9,18.04,26.63,1.2831,160.7353,20.0747,60.2,1123.7024315487677,160.73529052734375,20.0754298299551,23.357417519905116,52.24299760554301,0.0724242400276544,0.045411019139475664,0.06823228673596463,3.5702720910716774,1.8520239240816387,1.7182481669900387,0.10826050497647347,2.206111239542741,3.0506513206228085,2.2061112651371344,1.3026490638227937
frm_lora_lr3e4_c256_s43,frm,Llama-Math grid (frm),Llama-2-7B,math,faithful-CLoRA grid,lora,LoRA,0.0003,43.0,frm_lora_lr3e4_c256,False,False,False,True,57.85,57.85,math_faithful,27.83,9.06,23.68,29.69,47.2,18.44,27.49,1.2974,145.8327,19.9877,57.85,1118.3801213378763,145.83155822753906,19.98847902715206,23.158968473795444,52.20171656466595,0.07180873487215082,0.045384966217756124,0.06802717904772489,3.6110873785840734,1.8520239240816387,1.7590634545024346,0.11307389359420791,2.1638515163071737,3.048589439097249,2.1638549165556813,1.3007628223934065
frm_lora_lr3e4_c256_s44,frm,Llama-Math grid (frm),Llama-2-7B,math,faithful-CLoRA grid,lora,LoRA,0.0003,44.0,frm_lora_lr3e4_c256,False,False,False,True,60.73,60.73,math_faithful,27.49,8.19,24.77,30.46,44.88,17.84,27.16,1.2841,156.2671,20.111,60.73,1122.0810783723432,156.2649688720703,20.11191096007824,23.21585058507703,52.18639900163167,0.07181673813968749,0.045332060051237015,0.06799236520113192,3.592547550446957,1.8520239240816387,1.7405236263653183,0.10859884597356675,2.1938616297739673,3.0500242389321963,2.1938675526036047,1.3034336660062043
frm_lora_null_lr1e4_c256_s42,frm,Llama-Math grid (frm),Llama-2-7B,math,faithful-CLoRA grid,lora_null,LoRA-Null,0.0001,42.0,frm_lora_null_lr1e4_c256,False,False,False,True,63.76,63.76,math_faithful,32.15,13.65,26.86,38.48,39.7,22.9,30.17,0.4739,22.9615,7.3527,63.76,402.272266812509,22.960580825805664,7.353253439068794,19.809357958559684,63.8582923074058,0.10248553002687312,0.04106269135273617,0.0936308575875878,2.5827871573593595,1.8520239240816387,0.7307632332777207,-0.3243132913005989,1.360982870060944,2.6045200927615153,1.3610002556964982,0.8664468465371552
frm_lora_null_lr2e4_c256_s42,frm,Llama-Math grid (frm),Llama-2-7B,math,faithful-CLoRA grid,lora_null,LoRA-Null,0.0002,42.0,frm_lora_null_lr2e4_c256,False,False,False,True,62.17,62.17,math_faithful,28.2,9.08,23.64,32.94,43.88,18.64,27.55,0.8823,85.7944,13.2719,62.17,792.4817336969265,85.79290771484375,13.272152826189995,25.771281931937217,62.01366734540814,0.08953649800356614,0.042428761714439385,0.085348019389962,3.1377991392504962,1.8520239240816387,1.2857752151688575,-0.05438372077326823,1.9334513872937207,2.8989892607370393,1.9334589413630447,1.1229331007429617
frm_lora_null_lr2e4_c256_s43,frm,Llama-Math grid (frm),Llama-2-7B,math,faithful-CLoRA grid,lora_null,LoRA-Null,0.0002,43.0,frm_lora_null_lr2e4_c256,False,False,False,True,62.24,62.24,math_faithful,29.43,9.48,24.37,33.19,45.2,19.45,28.33,0.883,82.5132,13.2632,62.24,792.6090155663002,82.51178741455078,13.26349160373211,25.72684643964068,61.98436136175513,0.08966015354868481,0.04238775864555099,0.08533259985196795,3.0794753461747035,1.8520239240816387,1.2274514220930648,-0.05403929642243141,1.9165159951368294,2.8990590079280563,1.9165234301086531,1.1226483185391676
frm_lora_null_lr2e4_c256_s44,frm,Llama-Math grid (frm),Llama-2-7B,math,faithful-CLoRA grid,lora_null,LoRA-Null,0.0002,44.0,frm_lora_null_lr2e4_c256,False,False,False,True,61.18,61.18,math_faithful,29.06,8.81,24.25,33.28,41.24,18.93,27.33,0.8942,93.2208,13.3267,61.18,793.67780729921,93.23082733154297,13.327209740877151,25.73636696448705,61.96694403014796,0.08968093125673322,0.0423615405472483,0.08521828052715893,3.0892301652184107,1.8100692116929957,1.279160953525415,-0.04856533446798701,1.9695595381726785,2.8996442367977098,1.9695128256304084,1.1247226213404216
frm_lorawd_wd0_lr1e3_c256_s42,frm,Llama-Math grid (frm),Llama-2-7B,math,faithful-CLoRA grid,lorawd,LoRA+wd,0.001,42.0,frm_lorawd_wd0_lr1e3_c256,False,True,False,False,0.0,0.0,math_faithful,0.0,0.0,22.95,22.7,,0.0,,,,,0.0,,,,,,,,,,1.8520239240816387,,,,,,
frm_lorawd_wd0_lr1e3_c256_s43,frm,Llama-Math grid (frm),Llama-2-7B,math,faithful-CLoRA grid,lorawd,LoRA+wd,0.001,43.0,frm_lorawd_wd0_lr1e3_c256,False,True,False,False,0.0,0.0,math_faithful,0.0,0.0,22.95,22.7,,0.0,,,,,0.0,,,,,,,,,,1.8100692116929957,,,,,,
frm_lorawd_wd0_lr1e3_c256_s44,frm,Llama-Math grid (frm),Llama-2-7B,math,faithful-CLoRA grid,lorawd,LoRA+wd,0.001,44.0,frm_lorawd_wd0_lr1e3_c256,False,True,False,False,0.0,0.0,math_faithful,0.0,0.0,22.95,22.7,,0.0,,,,,0.0,,,,,,,,,,1.8100692116929957,,,,,,
frm_lorawd_wd0_lr1e4_c256_s42,frm,Llama-Math grid (frm),Llama-2-7B,math,faithful-CLoRA grid,lorawd,LoRA+wd,0.0001,42.0,frm_lorawd_wd0_lr1e4_c256,False,False,False,True,64.97,64.97,math_faithful,30.96,14.19,27.89,37.71,41.27,22.58,30.4,0.4336,27.6267,9.6415,64.97,337.4711363041713,27.63283920288086,9.642680996656418,8.059572423135094,33.186050476877625,0.06637211330992474,0.048481286481027,0.0647477990117706,2.3665920849494895,1.8520239240816387,0.5145681608678507,-0.3629107264696695,1.4414255098457778,2.5282366338192497,1.4413290116851392,0.9841446055880388
frm_lorawd_wd0_lr1e4_c256_s43,frm,Llama-Math grid (frm),Llama-2-7B,math,faithful-CLoRA grid,lorawd,LoRA+wd,0.0001,43.0,frm_lorawd_wd0_lr1e4_c256,False,False,False,True,63.68,63.68,math_faithful,31.27,15.43,30.78,40.02,41.97,23.35,31.89,0.4484,28.1931,9.6664,63.68,337.35415286047265,28.25014305114746,9.668113002181054,7.985133401572491,33.06581188077143,0.06625422192347205,0.04847220786512922,0.06487603261909233,2.3544705683447447,1.8520239240816387,0.5024466442631059,-0.34833439607706446,1.4510206513117998,2.528086060729008,1.4501428317734686,0.98526476247661
frm_lorawd_wd0_lr1e4_c256_s44,frm,Llama-Math grid (frm),Llama-2-7B,math,faithful-CLoRA grid,lorawd,LoRA+wd,0.0001,44.0,frm_lorawd_wd0_lr1e4_c256,False,False,False,True,63.31,63.31,math_faithful,31.65,14.63,27.46,40.78,43.32,23.14,31.57,0.4449,27.1613,9.6693,63.31,337.2290660546988,27.180194854736328,9.670947889983655,7.968937261250341,33.12845577898808,0.06597329255327916,0.04841938201567364,0.06467161900180661,2.3920447554663316,1.8520239240816387,0.5400208313846928,-0.3517375942519555,1.4342525658634888,2.5279249997698683,1.4339505524021006,0.9853950348750194
frm_lorawd_wd0_lr2e4_c256_s42,frm,Llama-Math grid (frm),Llama-2-7B,math,faithful-CLoRA grid,lorawd,LoRA+wd,0.0002,42.0,frm_lorawd_wd0_lr2e4_c256,False,False,False,True,61.33,61.33,math_faithful,26.75,11.74,25.19,34.22,46.42,19.24,28.86,0.87,87.4629,15.1002,61.33,704.1955277881192,87.4616928100586,15.101794350147248,15.066373900562995,44.987628949548245,0.06796526316464449,0.046320832863916236,0.0649695006928482,2.8888924155305666,1.8520239240816387,1.036868491448928,-0.060480747381381476,1.9418178788052327,2.8476932626212585,1.9418238731130857,1.178982699499869
frm_lorawd_wd0_lr2e4_c256_s43,frm,Llama-Math grid (frm),Llama-2-7B,math,faithful-CLoRA grid,lorawd,LoRA+wd,0.0002,43.0,frm_lorawd_wd0_lr2e4_c256,False,False,False,True,62.4,62.4,math_faithful,30.59,10.01,25.62,32.25,41.97,20.3,28.09,0.852,81.172,14.7974,62.4,705.0592939668969,81.16973876953125,14.79878034889698,15.794269606429886,45.459752060699365,0.06805303805513858,0.04657021564412706,0.06504796124322139,2.859160897766794,1.8100692116929957,1.0490916860737982,-0.0695604052332999,1.9093941482692658,2.8482256417570717,1.9094062466972166,1.1701854137160361
frm_lorawd_wd0_lr2e4_c256_s44,frm,Llama-Math grid (frm),Llama-2-7B,math,faithful-CLoRA grid,lorawd,LoRA+wd,0.0002,44.0,frm_lorawd_wd0_lr2e4_c256,False,False,False,True,62.85,62.85,math_faithful,29.58,12.04,25.52,34.9,44.68,20.81,29.34,0.8572,86.4413,14.9727,62.85,705.3526525837007,86.43941497802734,14.9740446716547,15.451890291652434,45.20203491869453,0.06780940867298577,0.046438165091124396,0.06488147082441477,2.893871532803245,1.8100692116929957,1.0838023211102492,-0.06691783763020896,1.936711818916036,2.848406303911339,1.9367212896617017,1.1753001229461788
frm_lorawd_wd0_lr3e4_c256_s42,frm,Llama-Math grid (frm),Llama-2-7B,math,faithful-CLoRA grid,lorawd,LoRA+wd,0.0003,42.0,frm_lorawd_wd0_lr3e4_c256,False,False,False,True,59.59,59.59,math_faithful,28.31,7.61,24.16,26.79,45.16,17.96,26.41,1.2941,161.9034,20.0793,59.59,1120.3556898498096,161.90093994140625,20.080186614394187,23.05444305548095,52.17587072547066,0.07216388845675226,0.045335729508290776,0.06835445907133099,3.5548387667593966,1.8520239240816387,1.7028148426777578,0.11196783720607283,2.209249370125709,3.0493559241123847,2.209255969109976,1.3027485684612103
frm_lorawd_wd0_lr3e4_c256_s43,frm,Llama-Math grid (frm),Llama-2-7B,math,faithful-CLoRA grid,lorawd,LoRA+wd,0.0003,43.0,frm_lorawd_wd0_lr3e4_c256,False,False,False,True,58.91,58.91,math_faithful,29.01,9.98,24.63,27.73,44.39,19.5,27.15,1.2647,141.1209,19.8946,58.91,1118.1810847367967,141.11715698242188,19.89524604678154,23.26886330354763,52.39246119453467,0.07155703845999034,0.0454942875107087,0.06785680203755505,3.526980984780276,1.8100692116929957,1.7169117730872803,0.10198751855829932,2.149579818359715,3.0485121414158454,2.1495913375141287,1.2987352116634008
frm_lorawd_wd0_lr3e4_c256_s44,frm,Llama-Math grid (frm),Llama-2-7B,math,faithful-CLoRA grid,lorawd,LoRA+wd,0.0003,44.0,frm_lorawd_wd0_lr3e4_c256,False,False,False,True,58.68,58.68,math_faithful,26.31,9.3,25.0,29.1,41.91,17.8,26.32,1.2733,164.0599,20.0362,58.68,1122.9560266375472,164.05511474609375,20.03709673285484,23.13531626877973,52.28713896826918,0.07191814618767972,0.045444035098574705,0.0682559893121696,3.5405237451939393,1.8100692116929957,1.7304545335009436,0.10493073907774043,2.2149897749316225,3.050362750239577,2.215002442498011,1.3018153581374043
frm_lorawd_wd0_lr5e4_c256_s42,frm,Llama-Math grid (frm),Llama-2-7B,math,faithful-CLoRA grid,lorawd,LoRA+wd,0.0005,42.0,frm_lorawd_wd0_lr5e4_c256,False,False,False,True,50.11,50.11,math_faithful,17.74,2.11,23.83,23.89,48.98,9.92,23.31,2.6809,339.9277,37.0461,50.11,2375.5406400419683,339.91943359375,37.04601565003395,28.721366826715425,57.05047045352541,0.08299329607840863,0.044612044636436574,0.08153511495345997,6.9190802945235905,1.8520239240816387,5.067056370441952,0.42828061470717677,2.531375994419085,3.3757624645994664,2.5313865557774915,1.568742494700493
frm_lorawd_wd0_lr5e4_c256_s43,frm,Llama-Math grid (frm),Llama-2-7B,math,faithful-CLoRA grid,lorawd,LoRA+wd,0.0005,43.0,frm_lorawd_wd0_lr5e4_c256,False,False,False,True,50.64,50.64,math_faithful,16.02,1.1,24.14,25.43,48.76,8.56,23.09,2.6891,339.1608,37.0325,50.64,2389.6346289582043,339.1485290527344,37.032263696193695,28.932531668646753,57.048797256718814,0.08329366120125002,0.04467980728380729,0.08135977426477269,6.371144885334673,1.8100692116929957,4.561075673641677,0.4296069527032835,2.5303899377930033,3.3783315031416414,2.530405650991857,1.5685830315081477
frm_lorawd_wd0_lr5e4_c256_s44,frm,Llama-Math grid (frm),Llama-2-7B,math,faithful-CLoRA grid,lorawd,LoRA+wd,0.0005,44.0,frm_lorawd_wd0_lr5e4_c256,False,False,False,True,50.57,50.57,math_faithful,17.39,0.37,23.68,23.72,47.9,8.88,22.61,2.6896,332.5046,36.9954,50.57,2394.524605100864,332.4992370605469,36.99537558555603,29.141680531619834,57.16362174681084,0.0826189972772579,0.044481012670221545,0.08164216760837266,6.789217543571134,1.8100692116929957,4.979148331878138,0.42968769609539575,2.521790653125515,3.3792193040241183,2.521797657882124,1.5681477273423519
frm_lorawd_wd0_lr7e4_c256_s42,frm,Llama-Math grid (frm),Llama-2-7B,math,faithful-CLoRA grid,lorawd,LoRA+wd,0.0007,42.0,frm_lorawd_wd0_lr7e4_c256,False,True,False,True,37.0,37.0,math_faithful,3.64,0.0,23.28,25.09,48.23,1.82,20.05,10.8005,1342.2177,115.7789,37.0,6903.042337438749,1342.241455078125,115.78249257206917,25.008023810213857,53.788669320908156,0.10116084764006879,0.044664005362752945,0.11208505446365105,10.21390813722959,1.8520239240816387,8.36188421314795,1.0334438612475563,3.12783064785656,3.839040536992484,3.127822961616054,2.0636294190760127
frm_lorawd_wd0_lr7e4_c256_s43,frm,Llama-Math grid (frm),Llama-2-7B,math,faithful-CLoRA grid,lorawd,LoRA+wd,0.0007,43.0,frm_lorawd_wd0_lr7e4_c256,False,True,False,True,33.97,33.97,math_faithful,3.5,0.0,23.93,23.46,49.69,1.75,20.12,11.7101,1350.3768,126.6627,33.97,7286.05858704218,1353.8270263671875,126.68670436739922,24.66855401509423,52.86821319986805,0.10068565644534655,0.045236905516441196,0.11194534414751439,8.868335367743846,1.8100692116929957,7.05826615605085,1.0685606038053055,3.131563179642299,3.862492659072632,3.1304549679971223,2.102648741409627
frm_lorawd_wd0_lr7e4_c256_s44,frm,Llama-Math grid (frm),Llama-2-7B,math,faithful-CLoRA grid,lorawd,LoRA+wd,0.0007,44.0,frm_lorawd_wd0_lr7e4_c256,False,True,False,False,0.0,0.0,math_faithful,0.0,0.0,22.95,22.7,,0.0,,,,,0.0,,,,,,,,,,1.8100692116929957,,,,,,
frm_lorawd_wd0p1_lr1e3_c256_s42,frm,Llama-Math grid (frm),Llama-2-7B,math,faithful-CLoRA grid,lorawd,LoRA+wd,0.001,42.0,frm_lorawd_wd0p1_lr1e3_c256,False,True,False,False,0.0,0.0,math_faithful,0.0,0.0,22.95,22.7,,0.0,,,,,0.0,,,,,,,,,,1.8520239240816387,,,,,,
frm_lorawd_wd0p1_lr1e3_c256_s43,frm,Llama-Math grid (frm),Llama-2-7B,math,faithful-CLoRA grid,lorawd,LoRA+wd,0.001,43.0,frm_lorawd_wd0p1_lr1e3_c256,False,True,False,False,0.0,0.0,math_faithful,0.0,0.0,22.95,22.7,,0.0,,,,,0.0,,,,,,,,,,1.8100692116929957,,,,,,
frm_lorawd_wd0p1_lr1e3_c256_s44,frm,Llama-Math grid (frm),Llama-2-7B,math,faithful-CLoRA grid,lorawd,LoRA+wd,0.001,44.0,frm_lorawd_wd0p1_lr1e3_c256,False,True,False,False,0.0,0.0,math_faithful,0.0,0.0,22.95,22.7,,0.0,,,,,0.0,,,,,,,,,,1.8520239240816387,,,,,,
frm_lorawd_wd0p1_lr1e4_c256_s42,frm,Llama-Math grid (frm),Llama-2-7B,math,faithful-CLoRA grid,lorawd,LoRA+wd,0.0001,42.0,frm_lorawd_wd0p1_lr1e4_c256,False,False,False,True,64.67,64.67,math_faithful,31.9,16.91,37.47,41.38,42.22,24.4,33.98,0.3404,23.2282,7.1487,64.67,244.13158617877866,23.247364044189453,7.1496543601155285,7.657744098773711,31.18195103969192,0.06768227971218847,0.04928785463280672,0.06686611865003082,2.2165675057374914,1.8520239240816387,0.36454358165585266,-0.4680104485874498,1.3663737165394167,2.3876239728448794,1.3660155567500607,0.8542270719887158
frm_lorawd_wd0p1_lr1e4_c256_s43,frm,Llama-Math grid (frm),Llama-2-7B,math,faithful-CLoRA grid,lorawd,LoRA+wd,0.0001,43.0,frm_lorawd_wd0p1_lr1e4_c256,False,False,False,True,64.29,64.29,math_faithful,33.59,16.71,31.72,41.64,42.14,25.15,33.16,0.338,20.57,7.0846,64.29,244.1025595094156,20.606679916381836,7.085704623162746,7.709801306108754,31.316591885330563,0.06777512613573887,0.04916350345537734,0.06678126167209336,2.1618816134014116,1.8100692116929957,0.3518124017084159,-0.47108329972234525,1.3140080252510564,2.3875723331860863,1.313234291694724,0.8503153347956507
frm_lorawd_wd0p1_lr1e4_c256_s44,frm,Llama-Math grid (frm),Llama-2-7B,math,faithful-CLoRA grid,lorawd,LoRA+wd,0.0001,44.0,frm_lorawd_wd0p1_lr1e4_c256,False,False,False,True,64.37,64.37,math_faithful,32.61,16.81,34.72,42.58,42.1,24.71,33.76,0.3395,21.0878,7.0797,64.37,244.1100694169373,21.120046615600586,7.08067869246006,7.750995110428859,31.31433555059842,0.06781578424050509,0.049216044435651765,0.06677924705015413,2.1593660302243194,1.8100692116929957,0.34929681853132366,-0.46916022138347946,1.324694872425968,2.3875856942144713,1.3240312740165205,0.8500148549913233
frm_lorawd_wd0p1_lr2e4_c256_s42,frm,Llama-Math grid (frm),Llama-2-7B,math,faithful-CLoRA grid,lorawd,LoRA+wd,0.0002,42.0,frm_lorawd_wd0p1_lr2e4_c256,False,False,False,True,65.66,65.66,math_faithful,33.22,14.61,29.06,36.77,43.96,23.92,31.52,0.5035,46.0495,8.6411,65.66,395.7069453645995,46.049129486083984,8.641981437802315,14.393859159645686,42.80458107655499,0.06955901829262154,0.04745371597160548,0.0678873923347057,2.3813435504187384,1.8520239240816387,0.5293196263370996,-0.29800052511036323,1.6632214246965258,2.597373672977802,1.6632249190405806,0.9365690310809774
frm_lorawd_wd0p1_lr2e4_c256_s43,frm,Llama-Math grid (frm),Llama-2-7B,math,faithful-CLoRA grid,lorawd,LoRA+wd,0.0002,43.0,frm_lorawd_wd0p1_lr2e4_c256,False,False,False,True,65.2,65.2,math_faithful,32.79,15.58,30.25,37.63,43.03,24.18,31.86,0.5083,51.4271,8.6503,65.2,396.1641163157783,51.427913665771484,8.651148276031018,14.519829728392631,42.82785163455119,0.07015278046400014,0.04748824829786062,0.0680329514829161,2.3374868962331568,1.8100692116929957,0.527417684540161,-0.29387989029729644,1.7111989061639512,2.5978751355341467,1.7111920349275946,0.937031169439992
frm_lorawd_wd0p1_lr2e4_c256_s44,frm,Llama-Math grid (frm),Llama-2-7B,math,faithful-CLoRA grid,lorawd,LoRA+wd,0.0002,44.0,frm_lorawd_wd0p1_lr2e4_c256,False,False,False,True,66.72,66.72,math_faithful,31.01,14.54,29.04,38.65,45.07,22.78,31.66,0.5183,61.1346,8.7712,66.72,398.03943688769857,61.13438034057617,8.771956415474415,14.301172900782797,42.61930188760736,0.07024410635085974,0.04744119796298229,0.0682809673369379,2.3368972913822477,1.8100692116929957,0.5268280796892519,-0.2854187911604688,1.7862855145463077,2.5999261031646896,1.7862870749891184,0.9430590138594044
frm_lorawd_wd0p1_lr2e4_c512_s42,frm,Llama-Math grid (frm),Llama-2-7B,math,faithful-CLoRA grid,lorawd,LoRA+wd,0.0002,42.0,frm_lorawd_wd0p1_lr2e4_c512,False,False,False,True,66.11,66.11,math_faithful,33.21,15.43,34.41,38.31,44.57,24.32,33.19,0.4995,45.1606,8.5028,66.11,395.2147074187893,45.16040802001953,8.503829535841941,15.057404736664544,43.496055274960895,0.0695335471927041,0.047449863634975414,0.067723088594067,2.355480899415911,1.8520239240816387,0.5034569753342724,-0.3014645074379989,1.6547578570802661,2.596833097939814,1.6547597032918615,0.9295619638680465
frm_lorawd_wd0p1_lr2e4_c512_s43,frm,Llama-Math grid (frm),Llama-2-7B,math,faithful-CLoRA grid,lorawd,LoRA+wd,0.0002,43.0,frm_lorawd_wd0p1_lr2e4_c512,False,False,False,True,67.78,67.78,math_faithful,32.05,15.63,32.74,39.68,42.84,23.84,32.59,0.5155,50.9661,8.5679,67.78,395.9204835287001,50.96435546875,8.568821248412132,14.8226625741936,43.39344667004261,0.07001489628427764,0.047476226767370545,0.06799292351609186,2.3150410129294325,1.8100692116929957,0.5049718012364368,-0.2877713303804647,1.7072665361878654,2.597607971197417,1.7072814020155902,0.932874388997745
frm_lorawd_wd0p1_lr2e4_c512_s44,frm,Llama-Math grid (frm),Llama-2-7B,math,faithful-CLoRA grid,lorawd,LoRA+wd,0.0002,44.0,frm_lorawd_wd0p1_lr2e4_c512,False,False,False,True,66.79,66.79,math_faithful,32.3,14.72,27.27,37.63,44.25,23.51,31.23,0.503,49.886,8.5436,66.79,395.9128005433031,49.885929107666016,8.5445990011096,14.861271576198943,43.469169115392354,0.06987478997499512,0.047584353724935274,0.06793499049311609,2.303797264964866,1.8100692116929957,0.4937280532718702,-0.2984320149440726,1.6979780652097434,2.5975995434684247,1.697978682380319,0.9316409070698609
frm_lorawd_wd0p1_lr3e4_c256_s42,frm,Llama-Math grid (frm),Llama-2-7B,math,faithful-CLoRA grid,lorawd,LoRA+wd,0.0003,42.0,frm_lorawd_wd0p1_lr3e4_c256,False,False,False,True,63.31,63.31,math_faithful,30.15,12.18,28.51,34.81,43.75,21.16,29.88,0.6511,77.294,9.8557,63.31,512.3321931514336,77.2908706665039,9.856271310150623,20.22489176498258,49.18874802044756,0.074155081187619,0.046390215644105934,0.07149472410058831,2.5312329554390125,1.8520239240816387,0.6792090313573738,-0.18635230465310332,1.8881281995676518,2.7095516462701443,1.8881457828183763,0.9936874754283566
frm_lorawd_wd0p1_lr3e4_c256_s43,frm,Llama-Math grid (frm),Llama-2-7B,math,faithful-CLoRA grid,lorawd,LoRA+wd,0.0003,43.0,frm_lorawd_wd0p1_lr3e4_c256,False,False,False,True,62.24,62.24,math_faithful,30.07,12.46,27.94,34.81,44.21,21.26,29.9,0.679,79.9342,9.8196,62.24,513.3145350509444,79.93582916259766,9.82020263671875,20.419870059060397,49.206029523262174,0.07411415560491313,0.04627524461263663,0.07140702114566604,2.484218145959481,1.8100692116929957,0.6741489342664855,-0.1681302257194983,1.9027414841927353,2.7103835619483645,1.902732632798512,0.9920937972237217
frm_lorawd_wd0p1_lr3e4_c256_s44,frm,Llama-Math grid (frm),Llama-2-7B,math,faithful-CLoRA grid,lorawd,LoRA+wd,0.0003,44.0,frm_lorawd_wd0p1_lr3e4_c256,False,False,False,True,64.14,64.14,math_faithful,31.02,12.52,27.0,37.88,46.75,21.77,31.03,0.6561,78.9002,9.8034,64.14,512.4637065809519,78.89969635009766,9.803950402140618,20.434305350293826,49.1878622009807,0.07393136490425004,0.04625252905575872,0.07160113702504903,2.5439648705415836,1.8520239240816387,0.6919409464599449,-0.1830299622427005,1.8970753318059883,2.7096631134551017,1.8970781040812363,0.9913767231570446
frm_lorawd_wd0p1_lr3e4_c512_s42,frm,Llama-Math grid (frm),Llama-2-7B,math,faithful-CLoRA grid,lorawd,LoRA+wd,0.0003,42.0,frm_lorawd_wd0p1_lr3e4_c512,False,False,False,True,64.97,64.97,math_faithful,31.87,14.09,30.27,36.69,45.2,22.98,31.62,0.6735,69.9192,9.6254,64.97,508.1483165632172,69.91600036621094,9.626029984652996,20.714023792349398,49.54267094058328,0.07322842057941123,0.04627968326089884,0.07097615260028292,2.4691632988154573,1.8520239240816387,0.6171393747338185,-0.17166239994099558,1.8445765759683452,2.7059904911495387,1.844596450553504,0.9834187864073581
frm_lorawd_wd0p1_lr3e4_c512_s43,frm,Llama-Math grid (frm),Llama-2-7B,math,faithful-CLoRA grid,lorawd,LoRA+wd,0.0003,43.0,frm_lorawd_wd0p1_lr3e4_c512,False,False,False,True,67.32,67.32,math_faithful,31.12,12.62,30.79,35.92,46.0,21.87,31.29,0.6574,73.1984,9.5504,67.32,508.09279739643307,73.19715118408203,9.55097905099392,20.913454555784888,49.68232084587207,0.0728871966725302,0.04631229521570909,0.07063764850343288,2.4496605141837553,1.8100692116929957,0.6395913024907596,-0.18217030025439443,1.8644941787481586,2.7059430384978658,1.8645015881790834,0.9800215615475991
frm_lorawd_wd0p1_lr3e4_c512_s44,frm,Llama-Math grid (frm),Llama-2-7B,math,faithful-CLoRA grid,lorawd,LoRA+wd,0.0003,44.0,frm_lorawd_wd0p1_lr3e4_c512,False,False,False,True,66.26,66.26,math_faithful,29.9,13.55,31.48,36.6,42.8,21.72,30.87,0.6598,63.8764,9.543,66.26,507.0217563203826,63.87538146972656,9.543629701435567,20.849771211656925,49.730289707502,0.0730707069811439,0.04629258474642613,0.07096378950417381,2.4458776302895,1.8100692116929957,0.6358084185965043,-0.18058768879067488,1.8053335067976037,2.7050265953237993,1.8053404318216202,0.9796849238270258
frm_lorawd_wd0p1_lr5e4_c256_s42,frm,Llama-Math grid (frm),Llama-2-7B,math,faithful-CLoRA grid,lorawd,LoRA+wd,0.0005,42.0,frm_lorawd_wd0p1_lr5e4_c256,False,False,False,True,60.2,60.2,math_faithful,28.84,10.46,23.69,32.59,47.01,19.65,28.52,0.9496,96.1401,11.8301,60.2,683.4795892257262,96.137451171875,11.83054268360138,25.273530073579813,53.862564548172315,0.07887802459929187,0.04516697656920546,0.07776251292817873,2.875113215087439,1.8520239240816387,1.0230892910058,-0.022459294053465195,1.9828926037853087,2.8347255497465706,1.9829045695237038,1.072988415740748
frm_lorawd_wd0p1_lr5e4_c256_s43,frm,Llama-Math grid (frm),Llama-2-7B,math,faithful-CLoRA grid,lorawd,LoRA+wd,0.0005,43.0,frm_lorawd_wd0p1_lr5e4_c256,False,False,False,True,60.35,60.35,math_faithful,30.07,10.06,25.91,31.06,46.05,20.07,28.63,0.941,103.3963,11.8789,60.35,684.6990871432689,103.39370727539062,11.87923304438591,25.323890096984535,53.903182899617946,0.0788600360265711,0.04523741333489065,0.07765507610391678,2.8393792897976735,1.8100692116929957,1.0293100781046778,-0.026410376572743116,2.0144941076289418,2.8354997488562113,2.0145049979616596,1.074776226331344
frm_lorawd_wd0p1_lr5e4_c256_s44,frm,Llama-Math grid (frm),Llama-2-7B,math,faithful-CLoRA grid,lorawd,LoRA+wd,0.0005,44.0,frm_lorawd_wd0p1_lr5e4_c256,False,False,False,True,60.88,60.88,math_faithful,28.78,10.2,24.75,32.25,43.66,19.49,27.93,0.911,103.7646,11.867,60.88,684.7756045645464,103.76202392578125,11.867262864112854,25.377730780518743,53.899155388708905,0.07906040250000164,0.0452156546282121,0.07790710575275044,2.8275917051851303,1.8100692116929957,1.0175224934921345,-0.040481623027001735,2.0160384342713407,2.8355482800106255,2.0160492162596664,1.0743409423650772
frm_lorawd_wd0p1_lr5e4_c512_s42,frm,Llama-Math grid (frm),Llama-2-7B,math,faithful-CLoRA grid,lorawd,LoRA+wd,0.0005,42.0,frm_lorawd_wd0p1_lr5e4_c512,False,False,False,True,64.52,64.52,math_faithful,28.71,11.3,26.88,33.45,45.85,20.01,29.24,0.918,86.1062,11.4263,64.52,672.8005339051026,86.10332489013672,11.426521554589272,25.809250890651658,54.315494541658985,0.0783604026574157,0.045189656536577506,0.07717789107260668,2.7838834770622456,1.8520239240816387,0.9318595529806069,-0.03715731879875755,1.935019922110556,2.8278863274271147,1.9350344235656805,1.0579056223706165
frm_lorawd_wd0p1_lr5e4_c512_s43,frm,Llama-Math grid (frm),Llama-2-7B,math,faithful-CLoRA grid,lorawd,LoRA+wd,0.0005,43.0,frm_lorawd_wd0p1_lr5e4_c512,False,False,False,True,63.08,63.08,math_faithful,30.03,11.86,27.17,34.04,42.89,20.94,29.2,0.9252,103.0537,11.515,63.08,674.7316083866657,103.05429077148438,11.515281689167022,25.884969543474448,54.213500692292946,0.07831248985077387,0.04506282806142519,0.07733079065315063,2.7573503976381395,1.8100692116929957,0.9472811859451438,-0.03376437590141819,2.0130660787895134,2.829131055533049,2.0130635891354753,1.06126394230025
frm_lorawd_wd0p1_lr5e4_c512_s44,frm,Llama-Math grid (frm),Llama-2-7B,math,faithful-CLoRA grid,lorawd,LoRA+wd,0.0005,44.0,frm_lorawd_wd0p1_lr5e4_c512,False,False,False,True,62.62,62.62,math_faithful,29.75,11.27,25.43,33.02,45.88,20.51,29.07,0.9068,106.8343,11.537,62.62,675.2897105511739,106.833984375,11.537300935387611,25.88881732278294,54.20535706597216,0.07909586619907025,0.04498222849262205,0.07758198278984492,2.762788056009252,1.8100692116929957,0.9527188443162562,-0.042488488545520196,2.0287094257149723,2.829490132387306,2.0287107087710536,1.062092892630169
frm_lorawd_wd0p1_lr7e4_c256_s42,frm,Llama-Math grid (frm),Llama-2-7B,math,faithful-CLoRA grid,lorawd,LoRA+wd,0.0007,42.0,frm_lorawd_wd0p1_lr7e4_c256,False,False,False,True,57.09,57.09,math_faithful,27.31,8.29,25.32,30.72,45.09,17.8,27.35,1.1891,98.4568,13.8005,57.09,837.6192714977627,98.45304870605469,13.800729781389236,26.671321584824447,54.643752758911745,0.08078959860009517,0.04504386650267424,0.08300247782082629,3.3940878218198804,1.8520239240816387,1.5420638977382417,0.0752183791115354,1.9932291690847634,2.9230466608017016,1.9932457164161574,1.1398948214234987
frm_lorawd_wd0p1_lr7e4_c256_s43,frm,Llama-Math grid (frm),Llama-2-7B,math,faithful-CLoRA grid,lorawd,LoRA+wd,0.0007,43.0,frm_lorawd_wd0p1_lr7e4_c256,False,False,False,True,57.01,57.01,math_faithful,26.75,8.97,24.33,30.29,44.22,17.86,26.91,1.2164,100.619,13.8827,57.01,840.4923832610343,100.61640930175781,13.883026173710823,26.522821602020173,54.494538163207295,0.08061483606747692,0.04508045889813922,0.0829609665360664,3.4671137322620282,1.8100692116929957,1.6570445205690325,0.08507641147209452,2.002668814597184,2.924533782114941,2.002679996783806,1.1424739388181655
frm_lorawd_wd0p1_lr7e4_c256_s44,frm,Llama-Math grid (frm),Llama-2-7B,math,faithful-CLoRA grid,lorawd,LoRA+wd,0.0007,44.0,frm_lorawd_wd0p1_lr7e4_c256,False,False,False,True,57.16,57.16,math_faithful,28.81,8.38,24.88,26.62,45.19,18.6,26.78,1.2185,101.6923,13.7326,57.16,838.0812335336627,101.68871307373047,13.732974427938462,26.86431621500278,54.64754352086017,0.08091348173984055,0.04507930639532313,0.08291122837702454,3.4479654019767825,1.8100692116929957,1.6378961902837867,0.08582553352074308,2.007272751134873,2.9232861159639105,2.007288069991461,1.1377527702122434
frm_lorawd_wd0p2_lr1e3_c256_s42,frm,Llama-Math grid (frm),Llama-2-7B,math,faithful-CLoRA grid,lorawd,LoRA+wd,0.001,42.0,frm_lorawd_wd0p2_lr1e3_c256,False,True,False,False,0.0,0.0,math_faithful,0.0,0.0,22.95,22.7,,0.0,,,,,0.0,,,,,,,,,,1.8520239240816387,,,,,,
frm_lorawd_wd0p2_lr1e3_c256_s43,frm,Llama-Math grid (frm),Llama-2-7B,math,faithful-CLoRA grid,lorawd,LoRA+wd,0.001,43.0,frm_lorawd_wd0p2_lr1e3_c256,False,True,False,False,0.0,0.0,math_faithful,0.0,0.0,22.95,22.7,,0.0,,,,,0.0,,,,,,,,,,1.8100692116929957,,,,,,
frm_lorawd_wd0p2_lr1e4_c256_s42,frm,Llama-Math grid (frm),Llama-2-7B,math,faithful-CLoRA grid,lorawd,LoRA+wd,0.0001,42.0,frm_lorawd_wd0p2_lr1e4_c256,False,False,False,True,67.4,67.4,math_faithful,32.53,17.06,31.16,41.47,40.59,24.8,32.56,0.2849,16.6524,5.516,67.4,186.94095743118956,16.659975051879883,5.5168408274650576,7.479223501028457,29.573989524704206,0.07004655439664227,0.049960870972411184,0.0691087426326622,2.1345222881852277,1.8520239240816387,0.282498364103589,-0.5453075507605232,1.2216743467202877,2.2717044626289633,1.2214768343373885,0.7416242575038121
frm_lorawd_wd0p2_lr1e4_c256_s43,frm,Llama-Math grid (frm),Llama-2-7B,math,faithful-CLoRA grid,lorawd,LoRA+wd,0.0001,43.0,frm_lorawd_wd0p2_lr1e4_c256,False,False,False,True,64.52,64.52,math_faithful,33.34,17.65,37.48,42.32,40.72,25.5,34.3,0.2795,18.7134,5.5096,64.52,186.85392156930567,18.717660903930664,5.5103157490491865,7.504785334147993,29.655126585944444,0.06949328561940879,0.050260294043966425,0.06879476798604212,2.11997145238401,1.8520239240816387,0.2679475283023711,-0.5536181877775579,1.2722515751719932,2.271502216973121,1.2721527007597637,0.7411200699772638
frm_lorawd_wd0p2_lr1e4_c256_s44,frm,Llama-Math grid (frm),Llama-2-7B,math,faithful-CLoRA grid,lorawd,LoRA+wd,0.0001,44.0,frm_lorawd_wd0p2_lr1e4_c256,False,False,False,True,64.29,64.29,math_faithful,32.56,17.55,32.52,44.62,43.17,25.06,34.08,0.279,16.87,5.4843,64.29,186.85384059608245,16.874130249023438,5.485082720220089,7.557719384354808,29.594180419654027,0.06927541026132039,0.050050095465922186,0.06859233062118682,2.1278298489191747,1.8520239240816387,0.27580592483753597,-0.5543957967264024,1.2272213970417714,2.271502028771389,1.2271150825891253,0.7391212033714896
frm_lorawd_wd0p2_lr2e4_c256_s42,frm,Llama-Math grid (frm),Llama-2-7B,math,faithful-CLoRA grid,lorawd,LoRA+wd,0.0002,42.0,frm_lorawd_wd0p2_lr2e4_c256,False,False,False,True,64.9,64.9,math_faithful,32.22,16.76,31.56,40.19,40.34,24.49,32.21,0.3579,35.7076,5.8996,64.9,261.6757187969153,35.707801818847656,5.900209876894951,13.457507011392021,40.098112166144375,0.07282774357083492,0.04791670996686008,0.07142012898819504,2.167781265756797,1.8520239240816387,0.31575734167515845,-0.44623830160999567,1.5527631157394475,2.417763425804768,1.5527606611201454,0.7708225669503195
frm_lorawd_wd0p2_lr2e4_c256_s43,frm,Llama-Math grid (frm),Llama-2-7B,math,faithful-CLoRA grid,lorawd,LoRA+wd,0.0002,43.0,frm_lorawd_wd0p2_lr2e4_c256,False,False,False,True,65.2,65.2,math_faithful,32.04,15.9,34.3,40.27,44.64,23.97,33.43,0.3545,37.5218,5.9431,65.2,261.6325893833431,37.520957946777344,5.943692788481712,13.260023479774867,40.03113262313252,0.07234549272013215,0.04816709579120986,0.07073401399055199,2.159990349837869,1.8100692116929957,0.34992113814487324,-0.45038376048091466,1.5742739178117302,2.4176918394528157,1.574283664230388,0.7740130378609037
frm_lorawd_wd0p2_lr2e4_c256_s44,frm,Llama-Math grid (frm),Llama-2-7B,math,faithful-CLoRA grid,lorawd,LoRA+wd,0.0002,44.0,frm_lorawd_wd0p2_lr2e4_c256,False,False,False,True,64.67,64.67,math_faithful,33.42,17.0,34.19,40.61,43.53,25.21,33.75,0.3621,32.5246,5.9224,64.67,260.94089418712707,32.52446365356445,5.923142156004905,13.40421754071639,40.05611365140533,0.07179940288342472,0.04826708147523406,0.07055950356097507,2.141852981766768,1.8100692116929957,0.33178377007377224,-0.4411714751829884,1.5122101435359165,2.4165421462833234,1.51221196414643,0.7724977363741454
frm_lorawd_wd0p2_lr2e4_c256_s45,frm,Llama-Math grid (frm),Llama-2-7B,math,faithful-CLoRA grid,lorawd,LoRA+wd,0.0002,45.0,frm_lorawd_wd0p2_lr2e4_c256,False,False,False,True,64.29,64.29,math_faithful,32.36,16.38,37.96,40.7,44.81,24.37,34.44,0.3554,31.9973,5.9416,64.29,261.1615552047309,31.998065948486328,5.9421802625060085,13.260071945992566,40.03447855871047,0.0719021502749964,0.04804414665364891,0.07068174261293288,2.1449601050110587,1.8100692116929957,0.334890893318063,-0.4492825765307173,1.5051237291547817,2.4169092461432613,1.5051133331770066,0.7739034109075411
frm_lorawd_wd0p2_lr2e4_c512_s42,frm,Llama-Math grid (frm),Llama-2-7B,math,faithful-CLoRA grid,lorawd,LoRA+wd,0.0002,42.0,frm_lorawd_wd0p2_lr2e4_c512,False,False,False,True,67.17,67.17,math_faithful,31.04,17.52,37.74,39.42,38.15,24.28,32.77,0.368,30.3155,5.8612,67.17,261.6287312667702,30.315027236938477,5.861793006956577,13.604552593597624,40.68932313833739,0.07115430781484904,0.047967234421610765,0.07012485608308824,2.1794656069012763,1.8520239240816387,0.3274416828196376,-0.43415218132648237,1.4816579627688005,2.4176854351623702,1.481664735541469,0.7679865409370588
frm_lorawd_wd0p2_lr2e4_c512_s43,frm,Llama-Math grid (frm),Llama-2-7B,math,faithful-CLoRA grid,lorawd,LoRA+wd,0.0002,43.0,frm_lorawd_wd0p2_lr2e4_c512,False,False,False,True,67.85,67.85,math_faithful,32.9,17.14,37.65,40.96,43.12,25.02,34.35,0.3538,30.1186,5.769,67.85,261.7515057094879,30.117938995361328,5.769575496017933,14.00241965724264,40.957689290469446,0.07154336187008345,0.04811930356122564,0.07021126747338549,2.1126494329358816,1.8100692116929957,0.30258022124288586,-0.4512421714262957,1.4788252492827525,2.4178891886104448,1.4788347807290105,0.7611005389581423
frm_lorawd_wd0p2_lr2e4_c512_s44,frm,Llama-Math grid (frm),Llama-2-7B,math,faithful-CLoRA grid,lorawd,LoRA+wd,0.0002,44.0,frm_lorawd_wd0p2_lr2e4_c512,False,False,False,True,66.94,66.94,math_faithful,32.05,16.75,36.73,40.27,42.38,24.4,33.64,0.3685,30.6495,5.8688,66.94,261.6784202948566,30.648984909057617,5.8693892583251,13.493216040006757,40.6616931570955,0.070905274958344,0.048175086309903824,0.0700032211984943,2.1281258399640466,1.8100692116929957,0.31805662827105086,-0.4335625078049297,1.486416095308096,2.4177679093678517,1.4864233940579523,0.7685493096539083
frm_lorawd_wd0p2_lr3e4_c256_s42,frm,Llama-Math grid (frm),Llama-2-7B,math,faithful-CLoRA grid,lorawd,LoRA+wd,0.0003,42.0,frm_lorawd_wd0p2_lr3e4_c256,False,False,False,True,64.97,64.97,math_faithful,31.45,16.11,36.41,38.31,44.8,23.78,33.42,0.4215,51.1897,6.2901,64.97,309.93152525554325,51.189056396484375,6.290527057647705,17.988117251835746,45.59066670162063,0.07596460286846339,0.0466739270566317,0.07398404381105306,2.249888817779646,1.8520239240816387,0.39786489369800737,-0.3752024210392389,1.7091771239714801,2.4912657535486873,1.7091825843514497,0.7986575499131493
frm_lorawd_wd0p2_lr3e4_c256_s43,frm,Llama-Math grid (frm),Llama-2-7B,math,faithful-CLoRA grid,lorawd,LoRA+wd,0.0003,43.0,frm_lorawd_wd0p2_lr3e4_c256,False,False,False,True,64.97,64.97,math_faithful,32.96,15.04,34.07,37.46,42.45,24.0,32.4,0.4257,51.0271,6.262,64.97,309.86139698323683,51.026206970214844,6.262455239892006,18.015640687656145,45.66743173484665,0.07583731799738304,0.046807142928804835,0.07407491819731783,2.1928812357562424,1.8100692116929957,0.38281202406324666,-0.3708963498228635,1.7077932862799183,2.4911674745244348,1.7078008869725247,0.7967130632808964
frm_lorawd_wd0p2_lr3e4_c256_s44,frm,Llama-Math grid (frm),Llama-2-7B,math,faithful-CLoRA grid,lorawd,LoRA+wd,0.0003,44.0,frm_lorawd_wd0p2_lr3e4_c256,False,False,False,True,64.14,64.14,math_faithful,34.16,15.67,31.44,38.91,45.68,24.92,33.17,0.4583,48.7096,6.2965,64.14,309.7249331087584,48.70999526977539,6.296962161362171,17.818423655725244,45.56169941559957,0.07572583050776448,0.04673582758226458,0.0742903316078367,2.2084451300298134,1.8100692116929957,0.3983759183368176,-0.3388501427552134,1.6876180873974618,2.490976167822705,1.687614563188973,0.799099207695827
frm_lorawd_wd0p2_lr3e4_c512_s42,frm,Llama-Math grid (frm),Llama-2-7B,math,faithful-CLoRA grid,lorawd,LoRA+wd,0.0003,42.0,frm_lorawd_wd0p2_lr3e4_c512,False,False,False,True,66.41,66.41,math_faithful,32.44,17.18,37.43,39.16,42.42,24.81,33.73,0.4207,40.3995,6.1041,66.41,307.8520837272724,40.39892578125,6.104576884210109,18.671747749974614,46.39019380786576,0.0747821751451606,0.04680719636693279,0.07322442667439062,2.2123778952447957,1.8520239240816387,0.3603539711631569,-0.3760274879830036,1.6063698172522394,2.4883420975025974,1.6063759901456374,0.7856216398046957
frm_lorawd_wd0p2_lr3e4_c512_s43,frm,Llama-Math grid (frm),Llama-2-7B,math,faithful-CLoRA grid,lorawd,LoRA+wd,0.0003,43.0,frm_lorawd_wd0p2_lr3e4_c512,False,False,False,True,68.99,68.99,math_faithful,31.52,15.74,33.71,40.44,43.2,23.63,32.92,0.4567,52.7693,6.2065,68.99,310.54959348032367,52.768096923828125,6.207046528160572,18.314637057359867,46.1612025911163,0.0764130731376239,0.04673111384878512,0.07442646207198864,2.1678065240666027,1.8100692116929957,0.35773731237360695,-0.3403689883929994,1.7223714316722223,2.4921309650761185,1.7223813331736428,0.7928467597260634
frm_lorawd_wd0p2_lr3e4_c512_s44,frm,Llama-Math grid (frm),Llama-2-7B,math,faithful-CLoRA grid,lorawd,LoRA+wd,0.0003,44.0,frm_lorawd_wd0p2_lr3e4_c512,False,False,False,True,68.08,68.08,math_faithful,32.41,15.81,33.81,38.91,44.84,24.11,33.16,0.4294,43.3367,6.0996,68.08,308.11016269916826,43.335594177246094,6.100102624297142,18.595317098970536,46.365113047768595,0.0747645677159218,0.04673134670066552,0.07312345254394739,2.161838641516538,1.8100692116929957,0.3517694298235423,-0.3671379598997701,1.6368447555815486,2.4887060233133056,1.6368558376170381,0.7853013557503283
frm_lorawd_wd0p2_lr5e4_c256_s42,frm,Llama-Math grid (frm),Llama-2-7B,math,faithful-CLoRA grid,lorawd,LoRA+wd,0.0005,42.0,frm_lorawd_wd0p2_lr5e4_c256,False,False,False,True,62.62,62.62,math_faithful,30.84,14.11,27.03,38.65,43.77,22.48,30.88,0.5579,67.6177,7.0253,62.62,377.13083542326166,67.6173324584961,7.025672473013401,21.55416225626061,49.523847824939324,0.08115310992018554,0.04534831637745822,0.07966487177561724,2.3539075719431524,1.8520239240816387,0.5018836478615136,-0.25344363858963087,1.8300580336079992,2.576492043163198,1.830060394257368,0.8466648745646894
frm_lorawd_wd0p2_lr5e4_c256_s43,frm,Llama-Math grid (frm),Llama-2-7B,math,faithful-CLoRA grid,lorawd,LoRA+wd,0.0005,43.0,frm_lorawd_wd0p2_lr5e4_c256,False,False,False,True,62.4,62.4,math_faithful,31.02,14.09,31.46,38.31,46.69,22.56,32.31,0.5639,57.2899,6.9812,62.4,374.45860885137284,57.289894104003906,6.9815713301301,21.49475573408742,49.60831738377612,0.07996042624779205,0.04540195788011194,0.0788269515460564,2.318121794092624,1.8100692116929957,0.5080525823996285,-0.24879790541164687,1.758078019490156,2.573403819523052,1.7580780641856206,0.8439300800135813
frm_lorawd_wd0p2_lr5e4_c256_s44,frm,Llama-Math grid (frm),Llama-2-7B,math,faithful-CLoRA grid,lorawd,LoRA+wd,0.0005,44.0,frm_lorawd_wd0p2_lr5e4_c256,False,False,False,True,62.77,62.77,math_faithful,30.35,14.11,28.48,36.95,44.41,22.23,30.86,0.5437,61.832,6.8966,62.77,375.63626890371233,61.83130645751953,6.897005462646485,21.925584330516717,49.75974511671656,0.0805936246691463,0.045367169942524245,0.07887250866935863,2.339686317010432,1.8100692116929957,0.5296171053174363,-0.26464066699828925,1.7912084229714171,2.5747675181635588,1.791213294289852,0.8386350378157583
frm_lorawd_wd0p2_lr5e4_c512_s42,frm,Llama-Math grid (frm),Llama-2-7B,math,faithful-CLoRA grid,lorawd,LoRA+wd,0.0005,42.0,frm_lorawd_wd0p2_lr5e4_c512,False,False,False,True,66.57,66.57,math_faithful,29.92,14.31,30.1,37.63,44.59,22.12,31.31,0.5309,58.4895,6.8154,66.57,372.5141545420233,58.48954772949219,6.815732823312283,22.140680965078474,50.06574573085689,0.07975543600853717,0.04537282426290607,0.07865130940875407,2.3297272813714764,1.8520239240816387,0.4777033572898377,-0.274987274658843,1.7670782631936306,2.5711427794271406,1.7670779087941806,0.8334913499278251
frm_lorawd_wd0p2_lr5e4_c512_s43,frm,Llama-Math grid (frm),Llama-2-7B,math,faithful-CLoRA grid,lorawd,LoRA+wd,0.0005,43.0,frm_lorawd_wd0p2_lr5e4_c512,False,False,False,True,64.52,64.52,math_faithful,30.73,15.47,30.7,37.8,39.63,23.1,30.87,0.5629,62.4313,6.9345,64.52,373.239602859791,62.43124771118164,6.93479564934969,21.856809230790073,49.85503649099165,0.08013359920905526,0.04538095763419583,0.07867747660662171,2.295273541591932,1.8100692116929957,0.48520432989893636,-0.24956875133979783,1.7954020145511258,2.571987718651553,1.7954023782910253,0.841015152493763
frm_lorawd_wd0p2_lr5e4_c512_s44,frm,Llama-Math grid (frm),Llama-2-7B,math,faithful-CLoRA grid,lorawd,LoRA+wd,0.0005,44.0,frm_lorawd_wd0p2_lr5e4_c512,False,False,False,True,65.28,65.28,math_faithful,30.95,13.68,30.47,37.12,43.96,22.32,31.24,0.5565,57.9981,6.8074,65.28,372.0532740972564,57.99860382080078,6.807812103629113,22.08433104420129,50.138846458698886,0.0799972877750311,0.045438165041004966,0.07809600537089036,2.2970424694064624,1.8100692116929957,0.48697325771346667,-0.2545348313292729,1.7634175390763827,2.570605130715032,1.7634137664417053,0.8329812703179624
frm_lorawd_wd0p2_lr7e4_c256_s42,frm,Llama-Math grid (frm),Llama-2-7B,math,faithful-CLoRA grid,lorawd,LoRA+wd,0.0007,42.0,frm_lorawd_wd0p2_lr7e4_c256,False,False,False,True,61.26,61.26,math_faithful,30.21,11.44,27.6,36.35,44.18,20.82,29.96,0.6445,55.7539,7.4768,61.26,421.568285497598,55.75177764892578,7.477226421236992,22.82263944002055,50.619192287042,0.08097690106101359,0.045061409318901346,0.08104277929701519,2.480879352597427,1.8520239240816387,0.6288554285157884,-0.1907770783105782,1.7462587194477515,2.6248679315416275,1.7462752517962334,0.8737157636802381
frm_lorawd_wd0p2_lr7e4_c256_s43,frm,Llama-Math grid (frm),Llama-2-7B,math,faithful-CLoRA grid,lorawd,LoRA+wd,0.0007,43.0,frm_lorawd_wd0p2_lr7e4_c256,False,False,False,True,55.04,55.04,math_faithful,4.41,6.23,24.51,26.45,43.43,5.32,21.01,1.2229,169.4476,17.8312,55.04,658.0186880792712,169.46458435058594,17.832004569470882,13.971588769513769,33.00881211707975,0.07951002618783334,0.04822232636831917,0.08684078185251905,3.277396955395717,1.8100692116929957,1.4673277437027215,0.0873909449971878,2.229078950750391,2.8182382279824245,2.2290354220129487,1.2511805712090989
frm_lorawd_wd0p2_lr7e4_c256_s44,frm,Llama-Math grid (frm),Llama-2-7B,math,faithful-CLoRA grid,lorawd,LoRA+wd,0.0007,44.0,frm_lorawd_wd0p2_lr7e4_c256,False,False,False,True,61.64,61.64,math_faithful,31.36,12.25,29.28,35.84,46.18,21.8,30.98,0.6257,58.1796,7.514,61.64,421.6204587065243,58.17831802368164,7.514344868063927,22.912718846479873,50.6049340665388,0.081084579285363,0.04507293702250885,0.08092556541309477,2.423683113155409,1.8100692116929957,0.6136139014624133,-0.2036338450224787,1.7647611613319256,2.6249216764164838,1.7647707310329046,0.8758711907273659
frm_lorawd_wd0p3_lr1e3_c256_s42,frm,Llama-Math grid (frm),Llama-2-7B,math,faithful-CLoRA grid,lorawd,LoRA+wd,0.001,42.0,frm_lorawd_wd0p3_lr1e3_c256,False,True,False,True,0.0,0.0,math_faithful,0.0,0.0,22.95,26.71,48.89,0.0,19.71,116.0394,3906.333,215.1151,0.0,6417.786315659006,3916.754638671875,215.34461481571196,1.0233395718641463,1.0708109133151655,0.06131362005912619,0.06014008958960927,0.07818686054669309,15.343386869276724,1.8520239240816387,13.491362945195085,2.0646054745483893,3.5929263664397593,3.807385252884899,3.591769262479266,2.3326708967496543
frm_lorawd_wd0p3_lr1e3_c256_s43,frm,Llama-Math grid (frm),Llama-2-7B,math,faithful-CLoRA grid,lorawd,LoRA+wd,0.001,43.0,frm_lorawd_wd0p3_lr1e3_c256,False,True,False,True,0.0,0.0,math_faithful,0.0,0.0,22.95,26.28,49.84,0.0,19.81,106.8978,4495.519,183.9468,0.0,6704.061908460147,4507.26025390625,184.15457228422164,1.0302058134500989,1.0690339987562387,0.06085043806372854,0.05441271629790718,0.07553654582449705,8.79052437011331,1.8520239240816387,6.9385004460316715,2.028968767344495,3.653912635411153,3.8263380161202036,3.652779837520783,2.264692237100931
frm_lorawd_wd0p3_lr1e3_c256_s44,frm,Llama-Math grid (frm),Llama-2-7B,math,faithful-CLoRA grid,lorawd,LoRA+wd,0.001,44.0,frm_lorawd_wd0p3_lr1e3_c256,False,True,False,False,0.0,0.0,math_faithful,0.0,0.0,22.95,22.7,,0.0,,,,,0.0,,,,,,,,,,1.8100692116929957,,,,,,
frm_lorawd_wd0p3_lr1e4_c256_s42,frm,Llama-Math grid (frm),Llama-2-7B,math,faithful-CLoRA grid,lorawd,LoRA+wd,0.0001,42.0,frm_lorawd_wd0p3_lr1e4_c256,False,False,False,True,65.28,65.28,math_faithful,32.84,17.94,33.31,43.26,41.22,25.39,33.71,0.2381,15.1807,4.5033,65.28,150.23572055812593,15.193731307983398,4.504137052595615,7.225240265130703,27.979831050068483,0.0714900027961339,0.05088050632140846,0.07112319059177645,2.065894848032945,1.8520239240816387,0.21387092395130614,-0.6232406045951201,1.1816644418989923,2.176773204285312,1.1812917978524908,0.6535308796755049
frm_lorawd_wd0p3_lr1e4_c256_s43,frm,Llama-Math grid (frm),Llama-2-7B,math,faithful-CLoRA grid,lorawd,LoRA+wd,0.0001,43.0,frm_lorawd_wd0p3_lr1e4_c256,False,False,False,True,65.73,65.73,math_faithful,33.01,17.72,35.02,44.45,41.16,25.36,34.27,0.2421,14.6565,4.4823,65.73,150.10038590614036,14.660045623779297,4.482993286848068,7.228805808172959,28.027247500142643,0.07121115285204531,0.05068953614789026,0.07087621460789237,2.006794444670346,1.8100692116929957,0.19672523297735034,-0.6160052105582672,1.1661353218825143,2.1763818088101714,1.1660302723402167,0.6515009204686496
frm_lorawd_wd0p3_lr1e4_c256_s44,frm,Llama-Math grid (frm),Llama-2-7B,math,faithful-CLoRA grid,lorawd,LoRA+wd,0.0001,44.0,frm_lorawd_wd0p3_lr1e4_c256,False,False,False,True,66.11,66.11,math_faithful,34.25,17.78,32.52,43.09,43.81,26.02,34.29,0.2406,14.337,4.4805,66.11,150.03466191890553,14.349634170532227,4.481376588344574,7.228550396509477,28.03851359155711,0.0715440735016532,0.05060231019711484,0.07076416735425972,2.0188590545628298,1.8100692116929957,0.20878984286983404,-0.6187043769961741,1.1568408293108217,2.176191603996386,1.1564582852404564,0.6513264816598096
frm_lorawd_wd0p3_lr2e4_c256_s42,frm,Llama-Math grid (frm),Llama-2-7B,math,faithful-CLoRA grid,lorawd,LoRA+wd,0.0002,42.0,frm_lorawd_wd0p3_lr2e4_c256,False,False,False,True,67.25,67.25,math_faithful,33.1,17.17,33.68,41.04,42.05,25.14,33.41,0.278,22.1211,4.4638,67.25,191.77712592044878,22.120914459228516,4.464217048883438,12.473252869288924,37.76353472251942,0.07392936617647118,0.048573082752486445,0.07270145840505249,2.080969146964349,1.8520239240816387,0.22894522288271046,-0.5559552040819237,1.3448030763572516,2.282796805759855,1.344806719018383,0.6497047278555522
frm_lorawd_wd0p3_lr2e4_c256_s43,frm,Llama-Math grid (frm),Llama-2-7B,math,faithful-CLoRA grid,lorawd,LoRA+wd,0.0002,43.0,frm_lorawd_wd0p3_lr2e4_c256,False,False,False,True,65.88,65.88,math_faithful,34.77,17.25,37.72,41.81,43.15,26.01,34.94,0.2825,23.0059,4.5057,65.88,192.1724098168429,23.00563621520996,4.506214276701212,12.310311474911437,37.499530462919104,0.07410399845584567,0.048653514071479775,0.07309435843137387,2.087458401663106,1.8520239240816387,0.2354344775814674,-0.5489815478445427,1.3618342480739463,2.2836910361712093,1.3618392277068012,0.6537622720123293
frm_lorawd_wd0p3_lr2e4_c256_s44,frm,Llama-Math grid (frm),Llama-2-7B,math,faithful-CLoRA grid,lorawd,LoRA+wd,0.0002,44.0,frm_lorawd_wd0p3_lr2e4_c256,False,False,False,True,67.25,67.25,math_faithful,32.85,17.26,34.23,42.58,40.26,25.06,33.44,0.2793,25.1845,4.4938,67.25,192.2163811256441,25.184473037719727,4.494259195029736,12.453239490630194,37.61042202768088,0.07429474782564519,0.048705877446672735,0.07287036428247577,2.0791656570610244,1.8520239240816387,0.22714173297938567,-0.5539290642989949,1.4011328680702522,2.2837903964923614,1.401133333021941,0.6526137399057153
frm_lorawd_wd0p3_lr2e4_c512_s42,frm,Llama-Math grid (frm),Llama-2-7B,math,faithful-CLoRA grid,lorawd,LoRA+wd,0.0002,42.0,frm_lorawd_wd0p3_lr2e4_c512,False,False,False,True,69.52,69.52,math_faithful,33.57,18.73,36.97,41.55,43.09,26.15,34.78,0.2821,21.1115,4.3849,69.52,192.6486288393521,21.111215591430664,4.38540466427803,12.986614227507095,38.58789331202764,0.07326054150827019,0.0485288808199941,0.07267163268790416,2.062832721929168,1.8520239240816387,0.21080879784752904,-0.5495969138446337,1.3245132408610079,2.284765922305042,1.324519091601328,0.6419596934960382
frm_lorawd_wd0p3_lr2e4_c512_s43,frm,Llama-Math grid (frm),Llama-2-7B,math,faithful-CLoRA grid,lorawd,LoRA+wd,0.0002,43.0,frm_lorawd_wd0p3_lr2e4_c512,False,False,False,True,68.08,68.08,math_faithful,34.28,18.58,39.13,41.89,43.87,26.43,35.55,0.2839,25.4406,4.4506,68.08,193.28294214144006,25.440143585205078,4.451171057671308,12.688667137911409,38.402005405971664,0.0741189290892388,0.04868316699306743,0.0729525201073375,2.031883891005255,1.8100692116929957,0.2218146793122593,-0.5468346074741428,1.4055195581590127,2.286193527796105,1.405527349649975,0.6484185635930109
frm_lorawd_wd0p3_lr2e4_c512_s44,frm,Llama-Math grid (frm),Llama-2-7B,math,faithful-CLoRA grid,lorawd,LoRA+wd,0.0002,44.0,frm_lorawd_wd0p3_lr2e4_c512,False,False,False,True,67.85,67.85,math_faithful,33.16,17.68,38.37,42.41,42.67,25.42,34.86,0.2785,24.9268,4.422,67.85,193.58132631735842,24.92621612548828,4.422405874729156,13.07904363994238,38.48218407412457,0.0744564430924308,0.04867699938637694,0.07326518783646263,2.024511082073488,1.8100692116929957,0.21444187038049223,-0.5551748004902523,1.396656356299823,2.2868634610897707,1.3966665291438467,0.6456187382426951
frm_lorawd_wd0p3_lr3e4_c256_s42,frm,Llama-Math grid (frm),Llama-2-7B,math,faithful-CLoRA grid,lorawd,LoRA+wd,0.0003,42.0,frm_lorawd_wd0p3_lr3e4_c256,False,False,False,True,65.05,65.05,math_faithful,33.47,16.84,39.13,40.27,42.79,25.16,34.5,0.3294,32.2544,4.5927,65.05,217.98250376015787,32.254600524902344,4.593106506764888,16.212038269181097,42.556589066930634,0.0773970469051459,0.047255026967984004,0.07590106186304674,2.1244257650721896,1.8520239240816387,0.27240184099055087,-0.4822764051662644,1.5085916675010371,2.3384216366075647,1.5085889675100943,0.6620680777715563
frm_lorawd_wd0p3_lr3e4_c256_s43,frm,Llama-Math grid (frm),Llama-2-7B,math,faithful-CLoRA grid,lorawd,LoRA+wd,0.0003,43.0,frm_lorawd_wd0p3_lr3e4_c256,False,False,False,True,66.26,66.26,math_faithful,32.53,17.01,34.49,43.17,42.35,24.77,33.91,0.3173,34.563,4.6401,66.26,218.41968117674026,34.562461853027344,4.640572666376829,16.01669778901141,42.40278757416063,0.07739889664569681,0.04723509411499903,0.07570158700431276,2.1198640593374467,1.8520239240816387,0.26784013525580797,-0.4985299278995877,1.5386046693133995,2.3392917688374246,1.5386114313444779,0.666527340248891
frm_lorawd_wd0p3_lr3e4_c256_s44,frm,Llama-Math grid (frm),Llama-2-7B,math,faithful-CLoRA grid,lorawd,LoRA+wd,0.0003,44.0,frm_lorawd_wd0p3_lr3e4_c256,False,False,False,True,65.43,65.43,math_faithful,33.25,16.49,34.98,40.1,42.97,24.87,33.56,0.314,35.7557,4.6646,65.43,218.84265734883797,35.755306243896484,4.665091168135405,16.012210741196323,42.293781906389356,0.07787852331971114,0.04713075083291593,0.07596795661381715,2.075928987476705,1.8100692116929957,0.26585977578370934,-0.5030703519267851,1.5533405021213937,2.3401319796611344,1.5533452847726792,0.668814407945135
frm_lorawd_wd0p3_lr3e4_c512_s42,frm,Llama-Math grid (frm),Llama-2-7B,math,faithful-CLoRA grid,lorawd,LoRA+wd,0.0003,42.0,frm_lorawd_wd0p3_lr3e4_c512,False,False,False,True,67.48,67.48,math_faithful,33.7,17.37,39.97,40.96,43.7,25.54,35.14,0.3154,32.4483,4.5247,67.48,218.69286480693472,32.4479866027832,4.525159027427435,16.904566146161663,43.19318724569694,0.07702570156630643,0.047237200999206586,0.07542297040462546,2.1017363510206875,1.8520239240816387,0.24971242693904872,-0.5011383110071159,1.511187754004522,2.339834613739392,1.5111919485952767,0.6555897895823907
frm_lorawd_wd0p3_lr3e4_c512_s43,frm,Llama-Math grid (frm),Llama-2-7B,math,faithful-CLoRA grid,lorawd,LoRA+wd,0.0003,43.0,frm_lorawd_wd0p3_lr3e4_c512,False,False,False,True,68.84,68.84,math_faithful,32.87,17.21,39.62,41.38,45.39,25.04,35.29,0.3202,32.0554,4.5359,68.84,218.90662933962236,32.0551872253418,4.536258394271135,16.731013833319327,43.165057199907615,0.0776733461217837,0.04713508826669093,0.07546775537606162,2.070758888456304,1.8100692116929957,0.26068967676330845,-0.4945786724167191,1.5058983178192002,2.340258913884155,1.5059012005524257,0.6566634713859707
frm_lorawd_wd0p3_lr3e4_c512_s44,frm,Llama-Math grid (frm),Llama-2-7B,math,faithful-CLoRA grid,lorawd,LoRA+wd,0.0003,44.0,frm_lorawd_wd0p3_lr3e4_c512,False,False,False,True,68.69,68.69,math_faithful,32.35,16.86,30.86,40.1,43.68,24.6,32.77,0.3225,33.3526,4.5617,68.69,219.17476828496686,33.35249328613281,4.562080325186253,16.717025142319365,43.02925683245487,0.07685753144311157,0.047189733953470335,0.07531118526246541,2.0612668717752496,1.8100692116929957,0.25119766008225386,-0.49147028102871343,1.5231283054170304,2.3407905560836193,1.5231296949734008,0.659126720522243
frm_lorawd_wd0p3_lr5e4_c256_s42,frm,Llama-Math grid (frm),Llama-2-7B,math,faithful-CLoRA grid,lorawd,LoRA+wd,0.0005,42.0,frm_lorawd_wd0p3_lr5e4_c256,False,False,False,True,64.82,64.82,math_faithful,32.81,15.62,31.18,39.76,44.0,24.22,32.67,0.39,44.5539,5.0384,64.82,256.30613835906564,44.55538558959961,5.038770242035389,18.86218385147691,45.790763478122365,0.08253429228960908,0.04566287427499702,0.07989203297157857,2.201190369941208,1.8520239240816387,0.34916644585956913,-0.4089353929735008,1.648900206475725,2.4087590073685874,1.6488857257544112,0.7022926432924687
frm_lorawd_wd0p3_lr5e4_c256_s43,frm,Llama-Math grid (frm),Llama-2-7B,math,faithful-CLoRA grid,lorawd,LoRA+wd,0.0005,43.0,frm_lorawd_wd0p3_lr5e4_c256,False,False,False,True,64.67,64.67,math_faithful,33.11,15.48,28.1,39.93,43.4,24.3,32.0,0.3973,41.1982,5.0833,64.67,255.89831388038962,41.197994232177734,5.083739186823368,18.650201651461757,45.66695237454823,0.08176569125959948,0.04567588855252114,0.07985191281994311,2.1655337255904725,1.8100692116929957,0.3554645138974768,-0.4008814349446372,1.6148760724627,2.408067424320733,1.6148782415878784,0.7061457411211368
frm_lorawd_wd0p3_lr5e4_c256_s44,frm,Llama-Math grid (frm),Llama-2-7B,math,faithful-CLoRA grid,lorawd,LoRA+wd,0.0005,44.0,frm_lorawd_wd0p3_lr5e4_c256,False,False,False,True,64.67,64.67,math_faithful,32.56,15.37,34.43,34.39,44.42,23.96,32.23,0.4032,51.8804,5.187,64.67,258.61359933742693,51.88059997558594,5.187375144660473,18.73981626354458,45.27728011469578,0.0825074734819157,0.04565061329002218,0.08092230585676057,2.1564535564560896,1.8100692116929957,0.3463843447630939,-0.39447947656253113,1.7150049898596056,2.4126513587574885,1.7150033158531195,0.714916247993585
frm_lorawd_wd0p3_lr5e4_c512_s42,frm,Llama-Math grid (frm),Llama-2-7B,math,faithful-CLoRA grid,lorawd,LoRA+wd,0.0005,42.0,frm_lorawd_wd0p3_lr5e4_c512,False,False,False,True,67.55,67.55,math_faithful,33.31,16.04,32.05,39.76,42.31,24.68,32.69,0.399,38.9547,4.8992,67.55,255.45866071146918,38.954132080078125,4.8996047176420685,19.379081476300144,46.37773733860972,0.08180098374313281,0.045692191918592404,0.07943210778389265,2.1432520726070012,1.8520239240816387,0.2912281485253625,-0.3990271043132517,1.590553532468018,2.4073206309777295,1.5905598640861838,0.690125169018167
frm_lorawd_wd0p3_lr5e4_c512_s43,frm,Llama-Math grid (frm),Llama-2-7B,math,faithful-CLoRA grid,lorawd,LoRA+wd,0.0005,43.0,frm_lorawd_wd0p3_lr5e4_c512,False,False,False,True,67.32,67.32,math_faithful,32.5,15.71,33.94,39.68,44.83,24.1,33.33,0.377,47.5471,4.9842,67.32,255.51967170607196,47.54682922363281,4.984621484577656,19.225177472981706,46.28634199851539,0.08089855639619706,0.04575724869511753,0.0791928008507089,2.1383631761610697,1.8100692116929957,0.328293964468074,-0.42365864979420714,1.6771215602514644,2.407424340809385,1.6771240335256905,0.6975954608488806
frm_lorawd_wd0p3_lr5e4_c512_s44,frm,Llama-Math grid (frm),Llama-2-7B,math,faithful-CLoRA grid,lorawd,LoRA+wd,0.0005,44.0,frm_lorawd_wd0p3_lr5e4_c512,False,False,False,True,66.79,66.79,math_faithful,31.58,16.95,35.66,40.02,42.3,24.26,33.3,0.3891,43.3128,4.9362,66.79,255.98742645086236,43.31228256225586,4.936631305515766,19.271771497712663,46.364955291445064,0.08245853332398441,0.04557298256427105,0.0796588723011253,2.1305545646037807,1.8100692116929957,0.32048535291078495,-0.4099387691962575,1.636611071701926,2.408218634229376,1.6366162600457719,0.693392747689838
frm_lorawd_wd0p3_lr7e4_c256_s42,frm,Llama-Math grid (frm),Llama-2-7B,math,faithful-CLoRA grid,lorawd,LoRA+wd,0.0007,42.0,frm_lorawd_wd0p3_lr7e4_c256,False,False,False,True,62.77,62.77,math_faithful,31.95,14.9,27.24,38.05,45.15,23.42,31.46,0.4339,43.672,5.2977,62.77,282.59839902084025,43.67136001586914,5.298142354190349,20.01586553161104,46.93124180716363,0.08310213691859966,0.04522320100191283,0.08129971735463229,2.2318737187402427,1.8520239240816387,0.3798497946586039,-0.3626103498707881,1.640196716954319,2.451169697150246,1.6402030812979047,0.7240873612784058
frm_lorawd_wd0p3_lr7e4_c256_s43,frm,Llama-Math grid (frm),Llama-2-7B,math,faithful-CLoRA grid,lorawd,LoRA+wd,0.0007,43.0,frm_lorawd_wd0p3_lr7e4_c256,False,False,False,True,64.37,64.37,math_faithful,33.37,15.72,30.25,36.43,41.58,24.54,31.47,0.4423,50.807,5.4772,64.37,283.78713489027405,50.8060302734375,5.477670648694039,19.658102171036138,46.56878531776828,0.08338141701755875,0.04511287539133672,0.08158656920461893,2.2350684990918572,1.8100692116929957,0.4249992873988615,-0.35428306063039616,1.7059152626589178,2.4529927034089596,1.705923551889028,0.7385585994846615
frm_lorawd_wd0p3_lr7e4_c256_s44,frm,Llama-Math grid (frm),Llama-2-7B,math,faithful-CLoRA grid,lorawd,LoRA+wd,0.0007,44.0,frm_lorawd_wd0p3_lr7e4_c256,False,False,False,True,63.53,63.53,math_faithful,32.36,15.64,34.54,39.59,48.32,24.0,34.09,0.4473,51.2757,5.436,63.53,284.65609028488956,51.27485275268555,5.436414255201816,19.715087368942818,46.64366176699089,0.08339981085247805,0.04522444944368864,0.08170176217547973,2.198486110517457,1.8100692116929957,0.3884168988244612,-0.349401101827343,1.7099044218675523,2.4543204800809075,1.7099115979348403,0.7352794480604566
frm_lorawd_wd0p5_lr1e3_c256_s42,frm,Llama-Math grid (frm),Llama-2-7B,math,faithful-CLoRA grid,lorawd,LoRA+wd,0.001,42.0,frm_lorawd_wd0p5_lr1e3_c256,False,True,False,False,0.0,0.0,math_faithful,0.0,0.0,22.95,22.7,,0.0,,,,,0.0,,,,,,,,,,1.8520239240816387,,,,,,
frm_lorawd_wd0p5_lr1e3_c256_s43,frm,Llama-Math grid (frm),Llama-2-7B,math,faithful-CLoRA grid,lorawd,LoRA+wd,0.001,43.0,frm_lorawd_wd0p5_lr1e3_c256,False,True,False,False,0.0,0.0,math_faithful,0.0,0.0,22.95,22.7,,0.0,,,,,0.0,,,,,,,,,,1.8100692116929957,,,,,,
frm_lorawd_wd0p5_lr1e3_c256_s44,frm,Llama-Math grid (frm),Llama-2-7B,math,faithful-CLoRA grid,lorawd,LoRA+wd,0.001,44.0,frm_lorawd_wd0p5_lr1e3_c256,False,True,False,True,1.74,1.74,math_faithful,0.0,0.0,22.8,26.88,49.8,0.0,19.9,54.0399,2513.2932,93.7435,1.74,3470.94982438778,2519.82958984375,93.84183261990547,1.0326232424896555,1.0901518563778778,0.05842948264991384,0.05519868383934693,0.06873550307526494,15.888584225294789,1.8100692116929957,14.078515013601793,1.732714536695508,3.4013711714589396,3.540448335610618,3.400243156206729,1.9719411642717786
frm_lorawd_wd0p5_lr1e4_c256_s42,frm,Llama-Math grid (frm),Llama-2-7B,math,faithful-CLoRA grid,lorawd,LoRA+wd,0.0001,42.0,frm_lorawd_wd0p5_lr1e4_c256,False,False,False,True,66.03,66.03,math_faithful,32.42,18.9,29.73,45.14,42.5,25.66,33.74,0.1959,11.576,3.2566,66.03,107.7580311901056,11.58698558807373,3.257229408621788,6.926980003754527,25.39024203886618,0.07513035149160745,0.052371981369894294,0.07437972051995959,1.9983484750612641,1.8520239240816387,0.14632455097962538,-0.7079655640052637,1.0639704667883623,2.0324496479424337,1.063558518110981,0.5127644185400083
frm_lorawd_wd0p5_lr1e4_c256_s43,frm,Llama-Math grid (frm),Llama-2-7B,math,faithful-CLoRA grid,lorawd,LoRA+wd,0.0001,43.0,frm_lorawd_wd0p5_lr1e4_c256,False,False,False,True,64.67,64.67,math_faithful,33.94,18.33,31.63,45.56,41.66,26.14,34.22,0.1949,11.2612,3.2674,64.67,107.55241903694956,11.27110481262207,3.2682166837155817,6.871624717541159,25.400795566089737,0.07490828529031104,0.05223312478189262,0.0741740675660721,1.9559463628259663,1.8100692116929957,0.14587715113297062,-0.7101881608823786,1.0519664884071043,2.0316201828553644,1.0515846716529913,0.5142023047108004
frm_lorawd_wd0p5_lr1e4_c256_s44,frm,Llama-Math grid (frm),Llama-2-7B,math,faithful-CLoRA grid,lorawd,LoRA+wd,0.0001,44.0,frm_lorawd_wd0p5_lr1e4_c256,False,False,False,True,63.53,63.53,math_faithful,32.48,18.0,32.47,43.52,43.57,25.24,34.01,0.1955,11.9213,3.2747,63.53,107.84722589158572,11.930533409118652,3.2752932377159594,6.946424036939042,25.387731675458404,0.07545643127046218,0.051954292865885834,0.07432105348247804,1.9495929038637965,1.8100692116929957,0.13952369217080074,-0.7088532382681144,1.0766598612276022,2.0328089784096215,1.0763236171526989,0.5151715198049498
frm_lorawd_wd0p5_lr2e4_c256_s42,frm,Llama-Math grid (frm),Llama-2-7B,math,faithful-CLoRA grid,lorawd,LoRA+wd,0.0002,42.0,frm_lorawd_wd0p5_lr2e4_c256,False,False,False,True,65.81,65.81,math_faithful,33.16,17.96,33.75,43.26,42.08,25.56,34.04,0.2028,16.2007,3.0751,65.81,126.06454451322618,16.200641632080078,3.0754522770643233,11.186305712972732,33.57958626341317,0.07748802779552894,0.04952087423994799,0.07638484733518644,1.996389340606196,1.8520239240816387,0.14436541652455737,-0.6929320493387017,1.2095322152681591,2.1005929589965007,1.209533779948155,0.48785924327957725
frm_lorawd_wd0p5_lr2e4_c256_s43,frm,Llama-Math grid (frm),Llama-2-7B,math,faithful-CLoRA grid,lorawd,LoRA+wd,0.0002,43.0,frm_lorawd_wd0p5_lr2e4_c256,False,False,False,True,65.81,65.81,math_faithful,33.57,18.11,30.32,43.43,42.51,25.84,33.59,0.2047,15.4655,3.0876,65.81,126.2013720082379,15.465431213378906,3.0879396252334117,11.060033561755363,33.51288593066147,0.0772157636682846,0.049496587392937566,0.07623872351162686,1.953295612851881,1.8100692116929957,0.1432264011588853,-0.6888821573374944,1.1893620336815929,2.1010640764007293,1.189363965317583,0.48962103225797143
frm_lorawd_wd0p5_lr2e4_c256_s44,frm,Llama-Math grid (frm),Llama-2-7B,math,faithful-CLoRA grid,lorawd,LoRA+wd,0.0002,44.0,frm_lorawd_wd0p5_lr2e4_c256,False,False,False,True,64.97,64.97,math_faithful,33.6,18.22,39.45,42.15,43.85,25.91,35.45,0.2211,16.6368,3.0962,64.97,126.57301005906191,16.636943817138672,3.096499568969011,10.889352656618781,33.304546961404846,0.07732536600975605,0.049567306858111206,0.07651860125133568,1.9503406913755108,1.8100692116929957,0.14027147968251508,-0.6554112574212861,1.2210735500042889,2.1023411082716996,1.2210697957534855,0.4908290063038077
frm_lorawd_wd0p5_lr3e4_c256_s42,frm,Llama-Math grid (frm),Llama-2-7B,math,faithful-CLoRA grid,lorawd,LoRA+wd,0.0003,42.0,frm_lorawd_wd0p5_lr3e4_c256,False,False,False,True,66.94,66.94,math_faithful,32.91,17.69,35.98,41.72,41.71,25.3,34.0,0.2306,22.7511,3.1264,66.94,138.92415248135157,22.7511043548584,3.126664899289608,13.773118261170014,37.077702722841764,0.0804633738224799,0.048012681328640616,0.078347222964727,2.0092055594945717,1.8520239240816387,0.15718163541293295,-0.6371406970413198,1.3570024824691946,2.1427777560149477,1.357002399339553,0.49504454203867904
frm_lorawd_wd0p5_lr3e4_c256_s43,frm,Llama-Math grid (frm),Llama-2-7B,math,faithful-CLoRA grid,lorawd,LoRA+wd,0.0003,43.0,frm_lorawd_wd0p5_lr3e4_c256,False,False,False,True,65.73,65.73,math_faithful,33.91,18.46,36.16,41.89,42.42,26.18,34.57,0.2165,21.0085,3.1066,65.73,138.66834982441742,21.008474349975586,3.106916832178831,13.797814737252825,37.14314491454753,0.079798145839111,0.0482052740304381,0.0780309896569149,1.9621731214039706,1.8100692116929957,0.15210390971097487,-0.6645420993106158,1.3223945147836347,2.14197734740963,1.3223950450295288,0.4922853379102463
frm_lorawd_wd0p5_lr3e4_c256_s44,frm,Llama-Math grid (frm),Llama-2-7B,math,faithful-CLoRA grid,lorawd,LoRA+wd,0.0003,44.0,frm_lorawd_wd0p5_lr3e4_c256,False,False,False,True,67.02,67.02,math_faithful,34.2,17.83,38.14,41.38,43.05,26.02,34.92,0.2373,23.5393,3.1576,67.02,139.39149834967264,23.538822174072266,3.157887553423643,13.531327410148775,36.98560479182443,0.0807019474125347,0.047958637708453426,0.07856590125529238,1.9700500271577677,1.8100692116929957,0.15998081546477194,-0.624702261782661,1.3717847280019553,2.144236286441916,1.3717935438660616,0.4993571133874589
frm_lorawd_wd0p5_lr5e4_c256_s42,frm,Llama-Math grid (frm),Llama-2-7B,math,faithful-CLoRA grid,lorawd,LoRA+wd,0.0005,42.0,frm_lorawd_wd0p5_lr5e4_c256,False,False,False,True,65.43,65.43,math_faithful,32.85,16.8,34.82,38.74,43.0,24.83,33.24,0.2581,27.288,3.416,65.43,157.95737175866324,27.28788185119629,3.416314784437418,15.15081841251537,39.67706035433317,0.08437172882119166,0.04662307560252265,0.08120744452434774,2.034725961468198,1.8520239240816387,0.1827020373865591,-0.5882119954561311,1.4359698260312457,2.1985398989300062,1.435971706399341,0.5335178620169675
frm_lorawd_wd0p5_lr5e4_c256_s43,frm,Llama-Math grid (frm),Llama-2-7B,math,faithful-CLoRA grid,lorawd,LoRA+wd,0.0005,43.0,frm_lorawd_wd0p5_lr5e4_c256,False,False,False,True,64.52,64.52,math_faithful,34.88,17.69,31.1,42.83,42.88,26.29,33.88,0.2512,27.4373,3.3687,64.52,157.67023059309173,27.43720817565918,3.3689935952425003,15.422266945571627,39.80296316462871,0.08316848006158124,0.04648011872040326,0.08083876273404803,1.9842950437510676,1.8100692116929957,0.17422583205807185,-0.5999803649348415,1.4383399184199133,2.197749702779802,1.4383413718745628,0.5274623365537467
frm_lorawd_wd0p5_lr5e4_c256_s44,frm,Llama-Math grid (frm),Llama-2-7B,math,faithful-CLoRA grid,lorawd,LoRA+wd,0.0005,44.0,frm_lorawd_wd0p5_lr5e4_c256,False,False,False,True,64.82,64.82,math_faithful,32.54,17.62,31.87,39.68,43.7,25.08,33.08,0.2608,28.5665,3.388,64.82,158.36476780677867,28.566268920898438,3.3883649088442325,15.427448697511625,39.72676349332469,0.08488297198370319,0.04637668034654067,0.08156182928502981,1.9846522583420048,1.8100692116929957,0.17458304664900903,-0.5836924129401174,1.455853520295896,2.199658568358045,1.4558570333893652,0.5299434016586693
frm_lorawd_wd0p5_lr7e4_c256_s42,frm,Llama-Math grid (frm),Llama-2-7B,math,faithful-CLoRA grid,lorawd,LoRA+wd,0.0007,42.0,frm_lorawd_wd0p5_lr7e4_c256,False,True,False,True,0.99,0.99,math_faithful,0.0,0.0,22.95,26.45,49.0,0.0,19.68,57.2227,2963.7412,77.5219,0.99,4561.905054653009,2963.794921875,77.59427055120469,1.022159591751411,1.051496913902997,0.05793215349057544,0.05716040219421971,0.06915335702127957,10.745821770107991,1.8520239240816387,8.893797846026352,1.7575683457348292,3.471848149584162,3.659146242214331,3.4718402774722454,1.8894244083848597
frm_lorawd_wd0p5_lr7e4_c256_s43,frm,Llama-Math grid (frm),Llama-2-7B,math,faithful-CLoRA grid,lorawd,LoRA+wd,0.0007,43.0,frm_lorawd_wd0p5_lr7e4_c256,False,False,False,True,64.67,64.67,math_faithful,33.3,16.81,38.01,33.45,44.46,25.06,33.21,0.2875,39.569,3.7053,64.67,174.22120176716982,39.56856918334961,3.70557811781764,16.069538515287228,40.41158919007428,0.08648792963188501,0.04570507008569553,0.08271864427240061,2.016492457784656,1.8100692116929957,0.20642324609166018,-0.5413621509743507,1.5973503462728331,2.2411010051503792,1.5973550747803147,0.5688233764368109
frm_lorawd_wd0p5_lr7e4_c256_s44,frm,Llama-Math grid (frm),Llama-2-7B,math,faithful-CLoRA grid,lorawd,LoRA+wd,0.0007,44.0,frm_lorawd_wd0p5_lr7e4_c256,False,False,False,True,65.5,65.5,math_faithful,33.44,17.49,35.17,42.06,42.82,25.46,34.2,0.2819,33.6546,3.6426,65.5,172.83274646371262,33.65522766113281,3.6428961634635924,15.880106735325674,40.630308366254894,0.08517765701895336,0.04580193767391353,0.08176754375071395,2.0404415576865977,1.8100692116929957,0.230372345993602,-0.5499049241283976,1.5270525326921798,2.2376260313207075,1.5270444331389357,0.5614114832565925
frm_milora_lr1e3_c256_s42,frm,Llama-Math grid (frm),Llama-2-7B,math,faithful-CLoRA grid,milora,MiLoRA,0.001,42.0,frm_milora_lr1e3_c256,False,True,False,False,0.0,0.0,math_faithful,0.0,0.0,22.95,22.7,,0.0,,,,,0.0,,,,,,,,,,1.8520239240816387,,,,,,
frm_milora_lr1e3_c256_s43,frm,Llama-Math grid (frm),Llama-2-7B,math,faithful-CLoRA grid,milora,MiLoRA,0.001,43.0,frm_milora_lr1e3_c256,False,True,False,False,0.0,0.0,math_faithful,0.0,0.0,22.95,22.7,,0.0,,,,,0.0,,,,,,,,,,1.8100692116929957,,,,,,
frm_milora_lr1e3_c256_s44,frm,Llama-Math grid (frm),Llama-2-7B,math,faithful-CLoRA grid,milora,MiLoRA,0.001,44.0,frm_milora_lr1e3_c256,False,True,False,False,0.0,0.0,math_faithful,0.0,0.0,22.95,22.7,,0.0,,,,,0.0,,,,,,,,,,1.8100692116929957,,,,,,
frm_milora_lr1e4_c256_s42,frm,Llama-Math grid (frm),Llama-2-7B,math,faithful-CLoRA grid,milora,MiLoRA,0.0001,42.0,frm_milora_lr1e4_c256,False,False,False,True,62.85,62.85,math_faithful,32.38,15.49,29.4,39.59,42.08,23.94,31.79,0.4491,35.3267,10.4158,62.85,347.0337812119777,35.32735824584961,10.416679817438126,9.95229015603437,33.21421465049037,0.06159679884550664,0.08799240802403979,0.05913794505810177,2.4994142427737773,1.8520239240816387,0.6473903186921386,-0.3476569449372852,1.5481111624236343,2.540371752254486,1.5481030702475491,1.0176926321563087
frm_milora_lr1e4_c256_s43,frm,Llama-Math grid (frm),Llama-2-7B,math,faithful-CLoRA grid,milora,MiLoRA,0.0001,43.0,frm_milora_lr1e4_c256,False,False,False,True,64.44,64.44,math_faithful,32.56,15.53,35.8,38.99,40.89,24.04,32.75,0.4519,41.9214,10.6017,64.44,348.8112894437976,41.921016693115234,10.602432134747506,9.928588110918126,33.02511607831142,0.06275044266796966,0.087722010996499,0.059797872494971795,2.553180866240772,1.8520239240816387,0.701156942159133,-0.34495765866879824,1.622431806868213,2.5425905326361065,1.6224357778430847,1.0253755106819602
frm_milora_lr1e4_c256_s44,frm,Llama-Math grid (frm),Llama-2-7B,math,faithful-CLoRA grid,milora,MiLoRA,0.0001,44.0,frm_milora_lr1e4_c256,False,False,False,True,63.76,63.76,math_faithful,32.38,15.51,28.96,40.53,44.1,23.94,32.3,0.4483,32.511,10.404,63.76,347.1065295728994,32.511268615722656,10.404637607932091,9.993262639970373,33.17733326842482,0.061581944019526096,0.08809552563369061,0.05931735145547859,2.51962782135336,1.8520239240816387,0.6676038972717211,-0.34843126113420814,1.5120339163450518,2.5404627834518987,1.5120303280874108,1.017200343523835
frm_milora_lr2e4_c256_s43,frm,Llama-Math grid (frm),Llama-2-7B,math,faithful-CLoRA grid,milora,MiLoRA,0.0002,43.0,frm_milora_lr2e4_c256,False,False,False,True,63.53,63.53,math_faithful,30.3,11.5,28.79,33.7,43.48,20.9,29.55,0.8267,71.2342,15.4298,63.53,709.6351531080891,71.23192596435547,15.430645552277564,16.836177568720387,42.10125097605985,0.06445738606734093,0.06322074680182328,0.061382931868961474,2.9251106231840973,1.8100692116929957,1.1150414114911016,-0.08265206237222837,1.8526746869303348,2.85103512094814,1.8526885512945892,1.1883602968046059
frm_milora_lr2e4_c256_s44,frm,Llama-Math grid (frm),Llama-2-7B,math,faithful-CLoRA grid,milora,MiLoRA,0.0002,44.0,frm_milora_lr2e4_c256,False,False,False,True,62.17,62.17,math_faithful,30.23,11.0,27.28,34.22,45.56,20.62,29.66,0.8169,92.6102,15.5404,62.17,711.8264643167521,92.6080551147461,15.541167044639588,16.988062617055967,42.02547329073878,0.06486000770060649,0.06298469070653102,0.061648891099146355,2.953684907842237,1.8520239240816387,1.1016609837605982,-0.08783110394037302,1.966648763568964,2.8523741301880303,1.9666588221005008,1.1914621930721703
frm_milora_lr3e4_c256_s42,frm,Llama-Math grid (frm),Llama-2-7B,math,faithful-CLoRA grid,milora,MiLoRA,0.0003,42.0,frm_milora_lr3e4_c256,False,False,False,True,58.98,58.98,math_faithful,30.18,9.54,23.0,28.84,44.5,19.86,27.21,1.2568,155.1685,20.0977,58.98,1114.5816510906839,155.1688690185547,20.098107567429544,23.77539930088811,49.33842240242777,0.07003682287890554,0.0533468813935168,0.06626893845564152,3.65936757622886,1.8520239240816387,1.8073436521472215,0.09926617203191689,2.190804594695343,3.047111889163696,2.1908035618663124,1.303146359188527
frm_milora_lr3e4_c256_s43,frm,Llama-Math grid (frm),Llama-2-7B,math,faithful-CLoRA grid,milora,MiLoRA,0.0003,43.0,frm_milora_lr3e4_c256,False,False,False,True,59.29,59.29,math_faithful,28.06,7.65,24.17,29.52,45.47,17.86,26.97,1.2607,166.3815,20.3981,59.29,1120.8285555598911,166.3824462890625,20.39848386645317,23.6532165780953,49.09812024070882,0.07102444222961272,0.053076072844668386,0.06674116324697807,3.617247799429716,1.8520239240816387,1.7652238753480773,0.10061175283379013,2.2211075053565694,3.0495391870208564,2.2211050353286548,1.309589716546264
frm_milora_lr3e4_c256_s44,frm,Llama-Math grid (frm),Llama-2-7B,math,faithful-CLoRA grid,milora,MiLoRA,0.0003,44.0,frm_milora_lr3e4_c256,False,False,False,True,58.91,58.91,math_faithful,27.23,9.25,23.74,28.75,46.52,18.24,27.1,1.2554,143.9481,20.1041,58.91,1114.3003842616354,143.9454803466797,20.10442896783352,23.69513173555286,49.26913793743675,0.07009653618116003,0.05318330636624693,0.06628886728038279,3.6091008319137763,1.8100692116929957,1.7990316202207806,0.09878212431469195,2.1581980332897372,3.0470022802830923,2.1582059369114868,1.3032846358183128
frm_milora_lr5e4_c256_s43,frm,Llama-Math grid (frm),Llama-2-7B,math,faithful-CLoRA grid,milora,MiLoRA,0.0005,43.0,frm_milora_lr5e4_c256,False,False,False,True,50.34,50.34,math_faithful,14.73,0.07,24.33,23.89,47.78,7.4,22.16,2.671,345.4026,36.798,50.34,2370.4857021865387,345.3994445800781,36.79816085100174,29.32621215717057,56.14933230167883,0.08106942235687065,0.046997153707500565,0.08074510480635291,6.243148003717169,1.8100692116929957,4.433078792024173,0.4266738880213728,2.538321634864326,3.3748373401737624,2.5383256023727343,1.5658242150711366
frm_milora_lr5e4_c256_s44,frm,Llama-Math grid (frm),Llama-2-7B,math,faithful-CLoRA grid,milora,MiLoRA,0.0005,44.0,frm_milora_lr5e4_c256,False,False,False,True,50.95,50.95,math_faithful,11.2,0.03,23.27,25.26,48.59,5.61,21.67,2.6923,330.011,36.4541,50.95,2375.462965552076,330.0030517578125,36.454166972637175,29.57321991400502,56.20537719980448,0.08138285582721945,0.046995581836252964,0.08095821313620653,5.962066925695594,1.8100692116929957,4.151997714002598,0.43012345120028933,2.5185179561065234,3.375748263977809,2.518528416119348,1.561746380589231
frm_milora_lr7e4_c256_s42,frm,Llama-Math grid (frm),Llama-2-7B,math,faithful-CLoRA grid,milora,MiLoRA,0.0007,42.0,frm_milora_lr7e4_c256,False,True,False,False,0.0,0.0,math_faithful,0.0,0.0,22.95,22.7,,0.0,,,,,0.0,,,,,,,,,,1.8520239240816387,,,,,,
frm_milora_lr7e4_c256_s43,frm,Llama-Math grid (frm),Llama-2-7B,math,faithful-CLoRA grid,milora,MiLoRA,0.0007,43.0,frm_milora_lr7e4_c256,False,True,False,True,36.69,36.69,math_faithful,0.8,0.08,24.13,25.77,50.24,0.44,20.2,11.8947,1464.5677,127.4785,36.69,7319.823499730953,1464.34619140625,127.47954705953597,24.827601783439427,52.49364969720573,0.10008285614961082,0.04575846569508725,0.111176327444522,9.943685028987405,1.8100692116929957,8.133615817294409,1.075353493032589,3.1656437619981497,3.8645006091981395,3.1657094518502316,2.1054369446231926
frm_milora_lr7e4_c256_s44,frm,Llama-Math grid (frm),Llama-2-7B,math,faithful-CLoRA grid,milora,MiLoRA,0.0007,44.0,frm_milora_lr7e4_c256,False,True,False,True,34.65,34.65,math_faithful,1.83,0.0,24.14,24.66,50.9,0.92,20.31,11.4934,1407.4625,121.9896,34.65,7129.203168465792,1407.5518798828125,121.99261569976807,25.53582807200475,52.80270410251687,0.10059974646882598,0.04564659158172676,0.11169547843965948,9.855445213803739,1.8100692116929957,8.045376002110743,1.0604485215352306,3.1484644111479616,3.8530409914399244,3.1484368324683008,2.0863228072719924
frm_pissa_lr3e4_c256_s42,frm,Llama-Math grid (frm),Llama-2-7B,math,faithful-CLoRA grid,pissa,PiSSA,0.0003,42.0,frm_pissa_lr3e4_c256,False,False,False,True,49.66,49.66,math_faithful,7.23,0.0,24.54,24.06,52.65,3.62,21.7,2.2058,117.9357,21.1917,49.66,1416.3361498223508,117.9316177368164,21.191681504249573,32.629676278894685,71.8794649688547,0.18772858155442845,0.03947951150659204,0.189435434545409,6.306760676868914,1.8520239240816387,4.454736752787276,0.34356613238612466,2.0716302560514426,3.1511663399973564,2.07164528911657,1.3261657972490284
frm_sclora_lr1e4_c256_s42,frm,Llama-Math grid (frm),Llama-2-7B,math,faithful-CLoRA grid,sclora,SC-LoRA,0.0001,42.0,frm_sclora_lr1e4_c256,False,False,False,True,59.97,59.97,math_faithful,28.44,6.76,23.48,33.7,42.65,17.6,27.01,0.8531,35.8787,9.113,59.97,542.1494318698105,35.87779235839844,9.113319055736065,23.80943087050069,63.00177449509348,0.08163481701001521,0.04205429668445849,0.1677748507150181,3.0573106527508784,1.8520239240816387,1.2052867286692397,-0.06900005804384787,1.5548257120737683,2.73411900700308,1.5548366987796725,0.9596613702734954
frm_sclora_lr1e4_c256_s43,frm,Llama-Math grid (frm),Llama-2-7B,math,faithful-CLoRA grid,sclora,SC-LoRA,0.0001,43.0,frm_sclora_lr1e4_c256,False,False,False,True,61.03,61.03,math_faithful,27.4,8.83,23.87,35.15,42.89,18.11,27.63,0.8535,39.5431,9.162,61.03,542.3661141750941,39.54452133178711,9.162318581342697,23.796731665861397,62.957565174653475,0.08189721487230445,0.04201885844798673,0.16789593536307781,3.0188906520857137,1.8520239240816387,1.166866728004075,-0.06879647454924756,1.597086322974315,2.7342925479561924,1.597070713033296,0.9619902874400649
frm_sclora_lr1e4_c256_s44,frm,Llama-Math grid (frm),Llama-2-7B,math,faithful-CLoRA grid,sclora,SC-LoRA,0.0001,44.0,frm_sclora_lr1e4_c256,False,False,False,True,60.42,60.42,math_faithful,27.98,8.66,25.02,34.98,46.2,18.32,28.57,0.8605,37.4167,9.0912,60.42,541.5670873746582,37.4150390625,9.091534656286239,23.799596991200218,63.05878953360126,0.08170715462327686,0.04210696131009434,0.1677150459343898,3.018724250401066,1.8520239240816387,1.166700326319427,-0.06524912533642091,1.5730462029766494,2.733652263125575,1.5730654818548417,0.9586212120428419
frm_sclora_lr2e4_c256_s42,frm,Llama-Math grid (frm),Llama-2-7B,math,faithful-CLoRA grid,sclora,SC-LoRA,0.0002,42.0,frm_sclora_lr2e4_c256,False,False,False,True,55.8,55.8,math_faithful,19.94,5.38,24.16,28.67,39.87,12.66,23.6,1.3417,158.0614,15.9996,55.8,999.2408353987266,158.06056213378906,15.999490576982499,27.922936464478315,63.06799031456834,0.0866610604602797,0.04193875005031291,0.147504874002841,3.8863292640904605,1.8520239240816387,2.034305340008822,0.12765541977520697,2.198823522150647,2.9996701737907725,2.1988258243043446,1.204109125158158
frm_sclora_lr2e4_c256_s43,frm,Llama-Math grid (frm),Llama-2-7B,math,faithful-CLoRA grid,sclora,SC-LoRA,0.0002,43.0,frm_sclora_lr2e4_c256,False,False,False,True,55.72,55.72,math_faithful,23.71,3.67,23.93,30.63,38.37,13.69,24.06,1.3431,150.5238,16.0392,55.72,998.9844566588816,150.52621459960938,16.03921888768673,27.802040415368158,63.11003438807721,0.08584985903285608,0.041871286912567175,0.14731218084057685,3.824260155683743,1.8100692116929957,2.014190943990747,0.1281083491031075,2.1776121402258384,2.9995587310289924,2.1776051736273625,1.2051827028352993
frm_sclora_lr2e4_c256_s44,frm,Llama-Math grid (frm),Llama-2-7B,math,faithful-CLoRA grid,sclora,SC-LoRA,0.0002,44.0,frm_sclora_lr2e4_c256,False,False,False,True,56.48,56.48,math_faithful,26.77,0.51,23.38,30.12,40.91,13.64,24.34,1.3375,162.5019,16.0639,56.48,999.5020778214601,162.502197265625,16.063986980915068,27.75667167029846,63.103754865816576,0.08610038523341554,0.04191040581822793,0.1477566834755176,3.803879344491416,1.8100692116929957,1.9938101327984203,0.12629379069326602,2.2108592376464915,2.999783701291011,2.2108584431899185,1.2058509919301041
lrsw_clora_k1024_lr1e3_s42,lrsw,Llama-CS (lrsw),Llama-2-7B,cs,sweep,clora,CLoRA,0.001,42.0,lrsw_clora_k1024_lr1e3,False,False,False,True,72.02,,cs,25.34,8.18,23.95,31.23,33.16,16.76,24.37,1.0576,37.1783,18.1422,72.02,871.0729183883801,37.18466567993164,18.144997614622117,16.19402907611082,27.987637177340133,0.06288450208796223,0.0461137976131377,0.06009918403592443,2.87452189570547,1.8520239240816387,1.0224979716238312,0.024321442141565057,1.5703638811841703,2.940054511756439,1.5702895275149922,1.2586899503054998
lrsw_clora_k1024_lr1e3_s43,lrsw,Llama-CS (lrsw),Llama-2-7B,cs,sweep,clora,CLoRA,0.001,43.0,lrsw_clora_k1024_lr1e3,False,False,False,True,71.76,,cs,23.41,8.89,23.74,32.08,31.77,16.15,23.98,1.051,36.6273,18.081,71.76,872.2628274693362,36.62703323364258,18.08384871482849,16.24050843526017,28.052679792010764,0.06296712101923366,0.04618324686632216,0.060057302412081584,2.875256478303452,1.8100692116929957,1.0651872666104565,0.021602716028242194,1.5638017425127966,2.9406473648879174,1.563804905606415,1.257222446187574
lrsw_clora_k1024_lr1e3_s44,lrsw,Llama-CS (lrsw),Llama-2-7B,cs,sweep,clora,CLoRA,0.001,44.0,lrsw_clora_k1024_lr1e3,False,False,False,True,71.8,,cs,25.96,6.46,25.29,29.35,35.29,16.21,24.47,1.0545,36.7739,18.1765,71.8,869.0289397998957,36.77561950683594,18.179606145620347,16.046680614763286,27.904853581486837,0.06329137418355904,0.04607456570580132,0.06026252044277409,2.837698837301153,1.8100692116929957,1.0276296256081572,0.023046584075505198,1.5655599974059362,2.939034239263543,1.5655396907517094,1.2595102607878723
lrsw_clora_k1024_lr1e4_s42,lrsw,Llama-CS (lrsw),Llama-2-7B,cs,sweep,clora,CLoRA,0.0001,42.0,lrsw_clora_k1024_lr1e4,False,False,False,True,11.72,,cs,33.85,19.57,46.62,43.6,36.53,26.71,36.03,0.2152,12.012,4.9413,11.72,131.6828024637286,12.024399757385254,4.942779733240604,3.7213555142679318,13.527918213306876,0.06206906487085738,0.05188351336377105,0.06019716851727319,1.99920823643025,1.8520239240816387,0.14718431234861118,-0.6671577330056484,1.0800634061633965,2.119529060589807,1.0796153235269434,0.6938412219099406
lrsw_clora_k1024_lr1e4_s43,lrsw,Llama-CS (lrsw),Llama-2-7B,cs,sweep,clora,CLoRA,0.0001,43.0,lrsw_clora_k1024_lr1e4,False,False,False,True,66.64,,cs,34.86,19.23,47.16,45.05,36.44,27.04,36.55,0.2151,10.9058,4.8473,66.64,130.8485823859299,10.922808647155762,4.848399941623211,3.757276376784205,13.72533871754547,0.0620475223100889,0.051704734532454756,0.060151937378110566,1.9386421596299699,1.8100692116929957,0.12857294793697416,-0.6673595896125374,1.0383343254679178,2.1167690218532162,1.037657528955715,0.6854998990940625
lrsw_clora_k1024_lr1e4_s44,lrsw,Llama-CS (lrsw),Llama-2-7B,cs,sweep,clora,CLoRA,0.0001,44.0,lrsw_clora_k1024_lr1e4,False,False,False,True,28.35,,cs,34.27,19.39,46.38,43.94,35.9,26.83,35.98,0.2152,12.7518,4.9072,28.35,131.20317514869927,12.764932632446289,4.908252172917128,3.73481449309712,13.609884898021958,0.0622457009821714,0.05163062456598743,0.06030393214314019,1.99741652658866,1.8100692116929957,0.18734731489566436,-0.6671577330056484,1.1060185271360357,2.11794434519874,1.105571492604615,0.6908337586384102
lrsw_clora_k1024_lr1e4_s45,lrsw,Llama-CS (lrsw),Llama-2-7B,cs,sweep,clora,CLoRA,0.0001,45.0,lrsw_clora_k1024_lr1e4,False,False,False,True,27.63,,cs,33.87,19.31,47.66,43.09,36.83,26.59,36.15,0.2137,12.42,4.8934,27.63,131.22202772684096,12.432546615600586,4.894570638239384,3.7476194105359215,13.700977787105034,0.06224023842989834,0.05168550546602227,0.060529149859544315,2.0403210007574097,1.8520239240816387,0.188297076675771,-0.6701954778359306,1.0945600962863378,2.1180067444697013,1.0941215958405615,0.6896107176386389
lrsw_clora_k1024_lr2e3_s43,lrsw,Llama-CS (lrsw),Llama-2-7B,cs,sweep,clora,CLoRA,0.002,43.0,lrsw_clora_k1024_lr2e3,False,False,False,True,56.22,,cs,10.95,1.55,23.27,27.47,43.47,6.25,21.34,1.8852,110.4241,29.0992,56.22,1440.0083371911815,110.42224884033203,29.10265708565712,16.650767946984313,29.255469881100122,0.0727327482976182,0.04784879607512377,0.06996892081075944,3.9599003132983506,1.8100692116929957,2.149831101605355,0.27535743108759814,2.0430565876601383,3.158365006529724,2.0430638682734075,1.463881049454589
lrsw_clora_k1024_lr2e3_s44,lrsw,Llama-CS (lrsw),Llama-2-7B,cs,sweep,clora,CLoRA,0.002,44.0,lrsw_clora_k1024_lr2e3,False,False,False,True,54.26,,cs,11.69,0.94,22.9,26.54,39.78,6.32,20.37,1.8887,116.2509,29.1829,54.26,1439.422710989847,116.25706481933594,29.186295706033707,16.50423125139968,29.240151737106128,0.07307616709283454,0.04772693039910327,0.07032054057234077,3.998854296146935,1.8100692116929957,2.188785084453939,0.27616298031914155,2.0654193539819947,3.158188350636981,2.0653963238288364,1.465128446961731
lrsw_clora_k1024_lr2e4_s42,lrsw,Llama-CS (lrsw),Llama-2-7B,cs,sweep,clora,CLoRA,0.0002,42.0,lrsw_clora_k1024_lr2e4,False,False,False,True,51.85,,cs,34.59,17.6,44.78,39.59,36.91,26.1,34.69,0.3234,16.6236,7.7548,51.85,257.7577731770095,16.641712188720703,7.759189704805612,5.718371573633532,19.043844038261284,0.059747492649013106,0.04874655101963105,0.05766289811896857,2.117963096168756,1.8520239240816387,0.26593917208711737,-0.49025998442961766,1.2211980068020363,2.4112117711310304,1.2207250802682779,0.889570601631708
lrsw_clora_k1024_lr2e4_s43,lrsw,Llama-CS (lrsw),Llama-2-7B,cs,sweep,clora,CLoRA,0.0002,43.0,lrsw_clora_k1024_lr2e4,False,False,False,True,58.82,,cs,32.99,18.43,46.28,39.76,35.34,25.71,34.56,0.3289,15.707,7.8853,58.82,257.9949328329216,15.725406646728516,7.8896593987941745,5.550864018024695,18.881943077771624,0.06002082792865511,0.04884862932692453,0.057873651183143124,2.13728590939113,1.8100692116929957,0.3272166976981341,-0.4829361265173453,1.1966018847784723,2.4116111762565953,1.196093243737515,0.8968182209199753
lrsw_clora_k1024_lr2e4_s44,lrsw,Llama-CS (lrsw),Llama-2-7B,cs,sweep,clora,CLoRA,0.0002,44.0,lrsw_clora_k1024_lr2e4,False,False,False,True,74.17,,cs,32.85,17.78,41.6,40.27,35.79,25.32,33.66,0.3321,16.5136,7.8458,74.17,258.3108096014177,16.51614761352539,7.850437062978744,5.582591491854311,18.875886315925914,0.06010870150584907,0.04873702029903438,0.057899097544551296,2.1049706577345146,1.8100692116929957,0.2949014460415189,-0.47873112440161475,1.2179087557389352,2.4121425805907344,1.2178417607069878,0.8946372331838502
lrsw_clora_k1024_lr2e4_s45,lrsw,Llama-CS (lrsw),Llama-2-7B,cs,sweep,clora,CLoRA,0.0002,45.0,lrsw_clora_k1024_lr2e4,False,False,False,True,80.62,,cs,31.67,18.71,44.25,41.38,35.48,25.19,34.3,0.3384,16.1449,7.8811,80.62,258.1060037854607,16.14838218688965,7.884536007791757,5.582619533278118,18.819130477277735,0.059976573760536334,0.04877179717938487,0.05789045354057083,2.097913038230755,1.8100692116929957,0.2878438265377594,-0.4705696456330141,1.20812901939155,2.4117981067545253,1.2080353593821251,0.8965868381227433
lrsw_clora_k1024_lr2e5_s42,lrsw,Llama-CS (lrsw),Llama-2-7B,cs,sweep,clora,CLoRA,2e-05,42.0,lrsw_clora_k1024_lr2e5,False,False,False,True,50.43,,cs,33.65,19.11,46.21,46.16,37.57,26.38,36.54,0.1347,4.1109,1.4362,50.43,29.147859486935115,4.11720609664917,1.4374497406184674,2.1974242492602545,7.718178689237049,0.05779347342769848,0.04856340002406521,0.06449859899333671,1.904461875668228,1.8520239240816387,0.05243795158658937,-0.8706324042770144,0.6146026071959804,1.4646066672547107,0.6139369124465115,0.15721492239115098
lrsw_clora_k1024_lr2e5_s43,lrsw,Llama-CS (lrsw),Llama-2-7B,cs,sweep,clora,CLoRA,2e-05,43.0,lrsw_clora_k1024_lr2e5,False,False,False,True,55.23,,cs,34.05,19.37,46.51,48.46,38.46,26.71,37.37,0.1326,3.9922,1.432,55.23,28.865925567222668,3.9991917610168457,1.4331003088504075,2.1760351454216544,7.7040912257080505,0.0579516317020299,0.04889556895779097,0.06444267518913929,1.8621859515707881,1.8100692116929957,0.05211673987779242,-0.8774564759312456,0.601972229028439,1.4603854874294162,0.6012122903108819,0.15594301797183674
lrsw_clora_k1024_lr2e5_s44,lrsw,Llama-CS (lrsw),Llama-2-7B,cs,sweep,clora,CLoRA,2e-05,44.0,lrsw_clora_k1024_lr2e5,False,False,False,True,54.15,,cs,34.0,19.0,45.73,47.87,37.69,26.5,36.86,0.1329,4.0752,1.4224,54.15,28.899481466997578,4.081915378570557,1.423394412919879,2.199743125256423,7.80512340870091,0.05813010271912614,0.04846642712745943,0.06443323288852733,1.8642190475103495,1.8100692116929957,0.054149835817353775,-0.876475019057268,0.6108639971951446,1.460890050436758,0.6101489276195399,0.15302174362613852
lrsw_clora_k1024_lr3e4_s42,lrsw,Llama-CS (lrsw),Llama-2-7B,cs,sweep,clora,CLoRA,0.0003,42.0,lrsw_clora_k1024_lr3e4,False,False,False,True,64.89,,cs,32.27,16.24,40.34,36.01,34.68,24.26,31.91,0.4586,21.8743,9.904,64.89,370.9200307407836,21.885915756225586,9.906996565312147,7.519273728358616,22.123869766453836,0.058363782297076935,0.04737161770385997,0.056409889656068996,2.3011589219672963,1.8520239240816387,0.4491349978856576,-0.33856594960607994,1.3401647231929037,2.569280287104007,1.3399341640485665,0.9958106316760428
lrsw_clora_k1024_lr3e4_s43,lrsw,Llama-CS (lrsw),Llama-2-7B,cs,sweep,clora,CLoRA,0.0003,43.0,lrsw_clora_k1024_lr3e4,False,False,False,True,60.07,,cs,33.11,16.18,40.93,37.2,32.96,24.64,32.08,0.4473,20.8758,9.8265,60.07,370.9764654229884,20.8794002532959,9.828248380124569,7.63274083783963,22.25960131454787,0.05858987262028093,0.04734892063884715,0.05662326772766995,2.273173319485963,1.8520239240816387,0.42114939540432417,-0.349401101827343,1.3197180196930138,2.569346359045965,1.3196431274575915,0.992398858487621
lrsw_clora_k1024_lr3e4_s44,lrsw,Llama-CS (lrsw),Llama-2-7B,cs,sweep,clora,CLoRA,0.0003,44.0,lrsw_clora_k1024_lr3e4,False,False,False,True,79.66,,cs,32.08,16.1,43.65,37.12,34.8,24.09,32.75,0.4471,20.8425,9.8652,79.66,370.36942384193037,20.85467529296875,9.868320666253567,7.525760473360544,22.12640753243382,0.0586863303294438,0.04736129128032258,0.05667367577111732,2.2469523964633877,1.8100692116929957,0.436883184770392,-0.3495953301319682,1.3192034322748865,2.5686351259449824,1.318949810169072,0.9941058942527733
lrsw_clora_k1024_lr3e4_s45,lrsw,Llama-CS (lrsw),Llama-2-7B,cs,sweep,clora,CLoRA,0.0003,45.0,lrsw_clora_k1024_lr3e4,False,False,True,False,67.63,,cs,30.93,16.91,44.35,37.2,34.67,23.92,32.81,0.4436,21.1211,9.8991,67.63,370.6495134832993,21.131040573120117,9.901251983642577,7.525766918545777,22.07674961797061,0.058826590785657606,0.04723485706468911,0.05672789609725802,2.2205557708582173,1.8100692116929957,0.4104865591652216,-0.35300846252287754,1.3249208838974098,2.5689634344006795,1.3247165327770112,0.9955957114862992
lrsw_clora_k1024_lr5e3_s44,lrsw,Llama-CS (lrsw),Llama-2-7B,cs,sweep,clora,CLoRA,0.005,44.0,lrsw_clora_k1024_lr5e3,False,True,False,True,0.22,,cs,0.0,2.34,22.95,26.62,48.94,1.17,20.17,191.106,28530.0234,973.8857,0.22,48224.32956180886,28530.1796875,974.3456619430333,1.1429104854815917,1.4563932250729903,0.07002446181431457,0.05880425805100952,0.11073848012745145,9.797876705271966,1.8100692116929957,7.98780749357897,2.2812743224604835,4.455304506919746,4.683266198583816,4.455302127860606,2.9885079889400568
lrsw_clora_k1024_lr5e4_s42,lrsw,Llama-CS (lrsw),Llama-2-7B,cs,sweep,clora,CLoRA,0.0005,42.0,lrsw_clora_k1024_lr5e4,False,False,False,True,78.36,,cs,29.66,14.11,36.48,36.18,34.06,21.88,30.1,0.6429,29.7669,12.745,78.36,555.6676575275677,29.759523391723633,12.745835506916046,11.200065514201482,25.579202951387064,0.05821719079464341,0.04622913369640831,0.05631000594729336,2.4825185897565967,1.8520239240816387,0.6304946656749579,-0.19185657423850888,1.4736259715646363,2.7448151195385253,1.4737336084795876,1.1053398398052863
lrsw_clora_k1024_lr5e4_s43,lrsw,Llama-CS (lrsw),Llama-2-7B,cs,sweep,clora,CLoRA,0.0005,43.0,lrsw_clora_k1024_lr5e4,False,False,False,True,78.53,,cs,31.67,12.01,37.37,35.07,32.77,21.84,29.78,0.6307,28.1897,12.6674,78.53,556.3963826587493,28.179479598999023,12.668399849534035,11.37038590786712,25.60896702763247,0.058194311834927015,0.04630552616082692,0.056200493211416284,2.517226521367381,1.8520239240816387,0.665202597285742,-0.20017716900668017,1.4499329685685836,2.7453842978181195,1.450090454054013,1.1026874845340833
lrsw_clora_k1024_lr5e4_s44,lrsw,Llama-CS (lrsw),Llama-2-7B,cs,sweep,clora,CLoRA,0.0005,44.0,lrsw_clora_k1024_lr5e4,False,False,False,True,78.33,,cs,29.32,12.74,38.05,37.37,37.85,21.03,31.07,0.6606,27.8635,12.6177,78.33,556.4683797282505,27.85356903076172,12.618546524643898,11.47419117574656,25.65023140670714,0.05835641732318438,0.046338976635138036,0.05632810110659301,2.497613664298703,1.8520239240816387,0.6455897402170643,-0.18006143064460461,1.4448808516122844,2.7454404914026376,1.4450356682693999,1.1009801973532556
lrsw_clora_k1024_lr5e4_s45,lrsw,Llama-CS (lrsw),Llama-2-7B,cs,sweep,clora,CLoRA,0.0005,45.0,lrsw_clora_k1024_lr5e4,False,False,False,True,77.94,,cs,30.56,12.75,33.73,36.18,35.0,21.66,29.64,0.6463,27.1284,12.625,77.94,556.6187703102217,27.118383407592773,12.625804632902145,11.495393936245524,25.676459403100736,0.05839929925930018,0.04637668442074227,0.056291956462462,2.433674101264704,1.8100692116929957,0.6236048895717083,-0.18956584407732724,1.4332637966224673,2.745557847532884,1.4334241803571741,1.101231386790699
lrsw_clora_k1024_lr5e5_s42,lrsw,Llama-CS (lrsw),Llama-2-7B,cs,sweep,clora,CLoRA,5e-05,42.0,lrsw_clora_k1024_lr5e5,False,False,False,True,51.77,,cs,33.96,19.56,46.62,45.14,36.65,26.76,36.39,0.1602,7.1133,2.823,51.77,65.16741582378674,7.149648666381836,2.824387584626675,2.8329063958352414,10.13489098823268,0.06128989429974806,0.05218051439495926,0.06199643747899339,1.930034545407421,1.8520239240816387,0.07801062132578229,-0.7953374882517811,0.8542847011017017,1.814030499640354,0.8520711252446111,0.45071087814691935
lrsw_clora_k1024_lr5e5_s43,lrsw,Llama-CS (lrsw),Llama-2-7B,cs,sweep,clora,CLoRA,5e-05,43.0,lrsw_clora_k1024_lr5e5,False,False,False,True,62.74,,cs,35.06,19.91,47.44,46.67,37.26,27.48,37.27,0.1617,7.3413,2.8491,62.74,65.48003726186666,7.351303577423096,2.8505083244293927,2.790601942169602,10.008149447974064,0.060899554102475995,0.05195707638401639,0.06185215553267689,1.8896924641215582,1.8100692116929957,0.0796232524285625,-0.7912899800935989,0.866364357626134,1.8161089178782432,0.8657729717464875,0.4547076927235136
lrsw_clora_k1024_lr5e5_s44,lrsw,Llama-CS (lrsw),Llama-2-7B,cs,sweep,clora,CLoRA,5e-05,44.0,lrsw_clora_k1024_lr5e5,False,False,False,True,44.14,,cs,34.76,19.77,47.41,47.18,36.25,27.26,37.07,0.1625,7.1561,2.8171,44.14,65.17523484511369,7.168046951293945,2.8180757950991393,2.8439465494188028,10.137437816998636,0.06119370332026731,0.05223891031853163,0.06210961565181941,1.9270525027439542,1.8520239240816387,0.07502857866231549,-0.7891466346851068,0.855400841327771,1.814082604731095,0.854676400808799,0.4498022636266547
lrsw_corda_r16_lr1e3_s42,lrsw,Llama-CS (lrsw),Llama-2-7B,cs,sweep,corda,CorDA (withheld),0.001,42.0,lrsw_corda_r16_lr1e3,True,True,False,False,0.0,,cs,0.0,0.0,22.95,26.96,49.62,0.0,19.91,515.773,54741.2812,1219.1892,0.0,59475.96558223707,54741.83203125,1219.6135277748108,1.5088555196907505,2.9070818256388393,0.08054511416016417,0.0694791672243452,0.06278330644823021,10.373797761554941,1.8520239240816387,8.521773837473303,2.7124586036841896,4.738319327742513,4.7743415014639625,4.738314957699219,3.0860711068816973
lrsw_corda_r16_lr1e3_s43,lrsw,Llama-CS (lrsw),Llama-2-7B,cs,sweep,corda,CorDA (withheld),0.001,43.0,lrsw_corda_r16_lr1e3,True,True,False,False,70.24,,cs,28.23,6.01,26.1,30.03,34.4,17.12,24.95,1.4399,1666.9993,42.8472,70.24,3341.5760108728196,1667.219482421875,42.85147384405136,7.653426142105881,13.324183699863337,0.12474091458171452,0.04814611841158959,0.06919432516220664,4.198679777092128,1.8100692116929957,2.388610565399132,0.15833233170898084,3.2219927766307537,3.523951344474279,3.221935417460758,1.631922446696063
lrsw_corda_r16_lr1e3_s44,lrsw,Llama-CS (lrsw),Llama-2-7B,cs,sweep,corda,CorDA (withheld),0.001,44.0,lrsw_corda_r16_lr1e3,True,True,False,False,71.57,,cs,27.34,4.92,24.59,29.52,36.73,16.13,24.62,1.7069,1662.9271,42.4774,71.57,3367.1218785219858,1663.1761474609375,42.481376588344574,7.733777693063554,13.39715072978535,0.12295245613241121,0.0476666544525958,0.06902215996691204,3.9972309483034394,1.8100692116929957,2.1871617366104434,0.23220807839631613,3.2209382479080833,3.5272588366766495,3.220873210878158,1.6281579261475698
lrsw_corda_r16_lr1e4_s42,lrsw,Llama-CS (lrsw),Llama-2-7B,cs,sweep,corda,CorDA (withheld),0.0001,42.0,lrsw_corda_r16_lr1e4,True,False,False,False,72.11,,cs,27.23,4.94,29.38,33.62,34.87,16.08,26.01,0.6621,66.6171,17.7012,72.11,940.8683970673504,66.61846923828125,17.702623015642168,10.414800828206848,14.700459747479538,0.05105772003422763,0.040890288718124335,0.03719402976993515,2.581179964457282,1.8520239240816387,0.7291560403756434,-0.1790764121186825,1.8235946492346924,2.97352888121209,1.82358572290018,1.2480027090574488
lrsw_corda_r16_lr1e4_s43,lrsw,Llama-CS (lrsw),Llama-2-7B,cs,sweep,corda,CorDA (withheld),0.0001,43.0,lrsw_corda_r16_lr1e4,True,False,False,False,78.31,,cs,30.72,16.72,41.63,42.06,36.95,23.72,33.62,0.3355,185.4144,8.2951,78.31,676.6191460951662,185.42611694335938,8.295921538770198,7.0461090695300115,10.789379243798882,0.08053361404870442,0.05924750424548562,0.05781695489569563,2.1673386174572613,1.8100692116929957,0.3572694057642656,-0.4743074754949891,2.2681709037327824,2.830344282730465,2.2681434601088255,0.9188216259464448
lrsw_corda_r16_lr1e4_s44,lrsw,Llama-CS (lrsw),Llama-2-7B,cs,sweep,corda,CorDA (withheld),0.0001,44.0,lrsw_corda_r16_lr1e4,True,False,False,False,61.52,,cs,30.7,16.2,41.53,40.7,36.93,23.45,33.21,0.3309,187.926,8.3047,61.52,672.4452839446823,187.9503173828125,8.305620171129704,6.93465319344266,10.799488938843025,0.08102381897020088,0.059915101435803246,0.05769341676261149,2.143658868398809,1.8100692116929957,0.3335896567058134,-0.4803032328401469,2.2740430634230036,2.827656952098017,2.2739868699109564,0.9193239485637145
lrsw_corda_r16_lr2e3_s43,lrsw,Llama-CS (lrsw),Llama-2-7B,cs,sweep,corda,CorDA (withheld),0.002,43.0,lrsw_corda_r16_lr2e3,True,True,False,False,0.01,,cs,0.0,0.0,23.15,28.5,49.13,0.0,20.16,63.0501,5786.4487,348.6854,0.01,16337.644719427737,5792.49951171875,348.80109734535216,3.790931328697101,8.83403901407925,0.10752267636845338,0.05258526194305599,0.09139511847369293,9.783862427557262,1.8100692116929957,7.973793215864266,1.7996857797182004,3.7628660058529735,4.213189447601334,3.7624121072204484,2.5424337631712692
lrsw_corda_r16_lr2e3_s44,lrsw,Llama-CS (lrsw),Llama-2-7B,cs,sweep,corda,CorDA (withheld),0.002,44.0,lrsw_corda_r16_lr2e3,True,True,False,False,37.1,,cs,0.0,0.0,23.29,22.18,51.11,0.0,19.32,25.3396,6801.1235,269.132,37.1,14150.680423943333,6802.0283203125,269.19633984565735,5.64727185647646,10.799027007931297,0.1438727767739023,0.04932975463086977,0.10416097641505621,6.204285087973806,1.8100692116929957,4.39421587628081,1.4037997550160937,3.832638435789858,4.150777323058845,3.8325806611690054,2.42996533877892
lrsw_corda_r16_lr2e4_s42,lrsw,Llama-CS (lrsw),Llama-2-7B,cs,sweep,corda,CorDA (withheld),0.0002,42.0,lrsw_corda_r16_lr2e4,True,False,False,False,61.79,,cs,26.74,6.03,25.85,30.29,39.12,16.38,25.61,1.1265,125.5071,28.3569,61.79,1410.5965059594548,125.50194549560547,28.359207007288934,9.94975626550774,14.410352784307204,0.06153193134917342,0.039399018672794314,0.04454163204361523,3.019575551004777,1.8520239240816387,1.1675516269231383,0.05173119605984965,2.0986504581792653,3.1494028037646387,2.0986682947700652,1.4526587516703644
lrsw_corda_r16_lr2e4_s43,lrsw,Llama-CS (lrsw),Llama-2-7B,cs,sweep,corda,CorDA (withheld),0.0002,43.0,lrsw_corda_r16_lr2e4,True,False,False,False,77.83,,cs,32.05,13.75,38.05,39.59,37.41,22.9,32.17,0.5014,414.4344,15.2855,77.83,1225.126796237534,414.7020568847656,15.290826907753944,6.197495265893793,11.025660317147322,0.09979518473948705,0.053348232097224633,0.060647766385395874,2.543504776907932,1.8100692116929957,0.7334355652149365,-0.2998156703778023,2.617736189430785,3.0881810389508164,2.6174557967133505,1.1842796493878773
lrsw_corda_r16_lr2e4_s44,lrsw,Llama-CS (lrsw),Llama-2-7B,cs,sweep,corda,CorDA (withheld),0.0002,44.0,lrsw_corda_r16_lr2e4,True,False,False,False,78.38,,cs,30.03,13.57,37.08,38.48,36.47,21.8,31.13,0.5014,413.8192,15.3122,78.38,1211.437910662268,413.9920654296875,15.317344677448272,6.151530609975792,10.991956937132422,0.09929621857695341,0.05384700357119457,0.06107547707903637,2.5590663208326694,1.8100692116929957,0.7489971091396737,-0.2998156703778023,2.6169920175143164,3.0833011603243174,2.616810636790348,1.1850375929986725
lrsw_corda_r16_lr2e5_s42,lrsw,Llama-CS (lrsw),Llama-2-7B,cs,sweep,corda,CorDA (withheld),2e-05,42.0,lrsw_corda_r16_lr2e5,True,False,False,False,74.25,,cs,31.7,14.67,41.81,42.83,37.19,23.18,33.64,0.2587,35.9334,6.5253,74.25,374.50137538804194,35.934391021728516,6.527883929759264,9.465629635887721,14.471131698544086,0.05131548650693417,0.04848226958928827,0.033224573054622335,2.1068551438542182,1.8520239240816387,0.2548312197725795,-0.5872035712834566,1.5555102892889425,2.5734534170217076,1.5554983118714638,0.8146004831136946
lrsw_corda_r16_lr2e5_s43,lrsw,Llama-CS (lrsw),Llama-2-7B,cs,sweep,corda,CorDA (withheld),2e-05,43.0,lrsw_corda_r16_lr2e5,True,False,False,False,21.61,,cs,34.25,17.56,43.46,44.97,38.67,25.9,35.78,0.1861,58.8734,2.1421,21.61,220.61642480633856,58.91007614135742,2.1432247484102844,7.0048306404342275,10.929245481093606,0.06879099570995405,0.06899177718761976,0.04972563013515689,1.9110685115192902,1.8100692116929957,0.10099929982629452,-0.730253626869233,1.7701895840625932,2.343637842361744,1.769919117493841,0.3308397412084711
lrsw_corda_r16_lr2e5_s44,lrsw,Llama-CS (lrsw),Llama-2-7B,cs,sweep,corda,CorDA (withheld),2e-05,44.0,lrsw_corda_r16_lr2e5,True,False,False,False,40.35,,cs,34.62,17.73,44.18,44.88,37.6,26.17,35.8,0.1881,59.6227,2.1664,40.35,220.98696258081947,59.629371643066406,2.1674582531675695,6.90278253537714,10.876227537932712,0.06888372852349453,0.06906143089190456,0.04998052633828855,1.90331147349403,1.8100692116929957,0.09324226180103423,-0.7256112044496211,1.7754602329012188,2.3443666526614635,1.77541163906579,0.3357386470050503
lrsw_corda_r16_lr3e4_s42,lrsw,Llama-CS (lrsw),Llama-2-7B,cs,sweep,corda,CorDA (withheld),0.0003,42.0,lrsw_corda_r16_lr3e4,True,False,False,False,50.94,,cs,25.37,0.09,23.35,27.13,41.2,12.73,23.43,1.653,267.954,40.3227,50.94,2040.555965808621,267.9512939453125,40.33211297988892,9.425337032432179,14.225247181969442,0.07111577565296621,0.03916599407025018,0.049524586835187026,3.6847966417657405,1.8520239240816387,1.8327727176841018,0.2182728535714475,2.4280558586065473,3.3097485105567506,2.428060244547988,1.6055496046835476
lrsw_corda_r16_lr3e4_s43,lrsw,Llama-CS (lrsw),Llama-2-7B,cs,sweep,corda,CorDA (withheld),0.0003,43.0,lrsw_corda_r16_lr3e4,True,False,False,False,77.9,,cs,30.36,12.55,27.95,35.24,36.18,21.46,28.46,0.6572,673.2625,21.2862,77.9,1652.6767661706892,673.5028076171875,21.29290216565132,5.778528073858636,11.201625754943016,0.11041539917101234,0.050579607683213346,0.06220603972278535,2.6283562694279916,1.8100692116929957,0.8182870577349959,-0.1823024452369759,2.8283394104971786,3.218187921692857,2.828184425404199,1.328098138360377
lrsw_corda_r16_lr3e4_s44,lrsw,Llama-CS (lrsw),Llama-2-7B,cs,sweep,corda,CorDA (withheld),0.0003,44.0,lrsw_corda_r16_lr3e4,True,False,False,False,77.67,,cs,28.64,13.02,32.3,38.65,37.46,20.83,30.01,0.6539,682.3581,21.4852,77.67,1647.9846492743936,683.3452758789062,21.496196815371512,5.72159904595204,11.153970302204801,0.11306704270537996,0.050443683390318295,0.06263684975472612,2.7946634511750053,1.8520239240816387,0.9426395270933665,-0.18448866263723582,2.8346401963892434,3.216953161993091,2.8340123512522726,1.332139400770311
lrsw_corda_r16_lr5e4_s42,lrsw,Llama-CS (lrsw),Llama-2-7B,cs,sweep,corda,CorDA (withheld),0.0005,42.0,lrsw_corda_r16_lr5e4,True,True,False,False,36.54,,cs,9.86,0.02,24.01,24.4,48.02,4.94,21.26,3.4551,1077.6917,75.3531,36.54,4158.744195624899,1078.986572265625,75.3725535094738,9.432011151473937,14.064575206531648,0.08914760989547339,0.03994865029497849,0.060430882758059606,5.9135212099713454,1.8520239240816387,4.061497285889707,0.5384606215567298,3.0330160400237545,3.6189622077308408,3.032494538087619,1.877101123740234
lrsw_corda_r16_lr5e4_s43,lrsw,Llama-CS (lrsw),Llama-2-7B,cs,sweep,corda,CorDA (withheld),0.0005,43.0,lrsw_corda_r16_lr5e4,True,True,False,False,76.97,,cs,27.98,11.07,24.96,33.87,34.73,19.52,26.52,0.9561,1016.3529,29.4302,76.97,2266.46731839468,1017.1862182617188,29.437066212296486,6.1496382254304445,11.966427235980792,0.11630936913465442,0.04881441003222208,0.06449815297464086,2.977275216124635,1.8100692116929957,1.1672060044316395,-0.01949668180660491,3.007400467337889,3.355349461076956,3.0070445306954694,1.4687932134622084
lrsw_corda_r16_lr5e4_s44,lrsw,Llama-CS (lrsw),Llama-2-7B,cs,sweep,corda,CorDA (withheld),0.0005,44.0,lrsw_corda_r16_lr5e4,True,True,False,False,75.1,,cs,27.0,9.29,23.39,35.15,35.21,18.14,26.01,0.9298,1040.0646,30.2052,75.1,2283.680348294019,1040.4339599609375,30.208860751986503,6.056978350574286,11.876509947765193,0.1200014793807024,0.04818004775793068,0.06537981617357883,2.9107419158772823,1.8100692116929957,1.1006727041842865,-0.031610458152931745,3.01721451920909,3.3586353146844665,3.017060314829771,1.4800817157022612
lrsw_corda_r16_lr5e5_s42,lrsw,Llama-CS (lrsw),Llama-2-7B,cs,sweep,corda,CorDA (withheld),5e-05,42.0,lrsw_corda_r16_lr5e5,True,False,False,False,76.24,,cs,28.64,10.13,34.11,39.76,36.11,19.39,29.75,0.4203,49.4897,11.5307,76.24,643.9169325043497,49.48909378051758,11.532400757074356,10.210121469980484,14.789259230968018,0.04850773259893371,0.04358924626979552,0.03368124998911185,2.3448780961057984,1.8520239240816387,0.4928541720241597,-0.37644060999456297,1.6945095013010738,2.8088298454936096,1.6945148211835654,1.0618556730283866
lrsw_corda_r16_lr5e5_s43,lrsw,Llama-CS (lrsw),Llama-2-7B,cs,sweep,corda,CorDA (withheld),5e-05,43.0,lrsw_corda_r16_lr5e5,True,False,False,False,48.6,,cs,31.47,17.73,43.64,44.88,36.7,24.6,34.88,0.253,101.5366,4.4409,48.6,378.4059827136022,101.54664611816406,4.442014070600271,6.973079061704321,10.70067782128268,0.07324865219125316,0.0645862099025628,0.054921110224612206,1.9916331658219084,1.8100692116929957,0.18156395412891269,-0.5968794788241821,2.0066655841029344,2.5779579941117965,2.006622616760525,0.6474709938588464
lrsw_corda_r16_lr5e5_s44,lrsw,Llama-CS (lrsw),Llama-2-7B,cs,sweep,corda,CorDA (withheld),5e-05,44.0,lrsw_corda_r16_lr5e5,True,False,False,False,56.67,,cs,33.45,17.55,44.4,43.77,36.98,25.5,35.23,0.2553,99.8961,4.4626,56.67,377.4201115907949,99.9164047241211,4.4638234712183475,7.024137659686629,10.675996124803252,0.07256670621751529,0.06481199843777605,0.05472325289626365,2.0064627750503545,1.8100692116929957,0.1963935633573588,-0.5929491851957497,1.9996367984989178,2.576825038701691,1.9995485334557976,0.6495879611004386
lrsw_dora_r16_lr1e3_s42,lrsw,Llama-CS (lrsw),Llama-2-7B,cs,sweep,dora,DoRA,0.001,42.0,lrsw_dora_r16_lr1e3,False,True,False,True,67.95,,cs,24.3,6.99,23.13,33.7,36.2,15.64,24.86,3.7257,1073.5913,52.8779,67.95,2178.1432030122614,1073.5823974609375,52.875492757558824,7.922772011425282,13.152617335552232,0.13423921909738204,0.04505765884138035,0.1166150673772113,4.612484563990473,1.8520239240816387,2.7604606399088345,0.5712078818028553,3.0308353821577656,3.338086429245992,3.0308389834719907,1.7232741991908636
lrsw_dora_r16_lr1e3_s43,lrsw,Llama-CS (lrsw),Llama-2-7B,cs,sweep,dora,DoRA,0.001,43.0,lrsw_dora_r16_lr1e3,False,True,False,True,68.48,,cs,25.77,5.72,22.95,33.62,33.93,15.74,24.4,3.7383,1045.0509,53.2968,68.48,2150.0411348115103,1045.0484619140625,53.29489673376084,8.002109509755426,13.151293482367013,0.13187263463146207,0.045067667914299364,0.11470520977181063,6.478256812813985,1.8100692116929957,4.668187601120989,0.5726741507390644,3.0191364304029134,3.3324467689624697,3.019137443605719,1.7267011342786904
lrsw_dora_r16_lr1e3_s44,lrsw,Llama-CS (lrsw),Llama-2-7B,cs,sweep,dora,DoRA,0.001,44.0,lrsw_dora_r16_lr1e3,False,True,False,True,68.41,,cs,22.12,5.71,23.16,33.19,34.52,13.92,23.74,3.7348,1055.2388,53.9174,68.41,2153.2105965431824,1055.2305908203125,53.91498135924339,7.815031483201634,13.024649871095765,0.1326885540654953,0.044927703503958805,0.11694241653124968,4.75954125275334,1.8100692116929957,2.9494720410603437,0.572267350134817,3.023347372788391,3.3330865084318293,3.023350751374647,1.7317289415228536
lrsw_dora_r16_lr1e4_s42,lrsw,Llama-CS (lrsw),Llama-2-7B,cs,sweep,dora,DoRA,0.0001,42.0,lrsw_dora_r16_lr1e4,False,False,False,True,45.38,,cs,33.85,19.68,45.31,44.03,34.23,26.76,35.42,0.2967,17.3119,7.3319,45.38,144.68070339862132,17.342300415039062,7.335162995755672,2.3148255054559375,6.264138306450852,0.07066569290326649,0.049466232691119556,0.07119257950746898,2.12374682544036,1.8520239240816387,0.27172290135872146,-0.5276824536831581,1.2391067050948232,2.160410611517542,1.2383447347865943,0.865216532975346
lrsw_dora_r16_lr1e4_s43,lrsw,Llama-CS (lrsw),Llama-2-7B,cs,sweep,dora,DoRA,0.0001,43.0,lrsw_dora_r16_lr1e4,False,False,False,True,80.47,,cs,34.08,19.02,46.49,43.26,35.44,26.55,35.66,0.3073,16.5541,7.3832,80.47,145.34829370863113,16.60690689086914,7.386987979710102,2.3010026081268244,6.253681651284043,0.07049856321279559,0.049486315639628825,0.07116623525875927,2.0766597706110996,1.8100692116929957,0.2665905589181039,-0.5124374397436218,1.220288750734397,2.162409937810777,1.2189055743566684,0.8682446329788689
lrsw_dora_r16_lr1e4_s44,lrsw,Llama-CS (lrsw),Llama-2-7B,cs,sweep,dora,DoRA,0.0001,44.0,lrsw_dora_r16_lr1e4,False,False,False,True,79.64,,cs,34.62,19.25,46.9,43.69,35.09,26.94,35.91,0.3056,16.6222,7.3684,79.64,145.4007569957502,16.64777946472168,7.371983554959297,2.330498517848819,6.261510658051487,0.0704939292816189,0.04914651472037738,0.07135886426850818,2.1031182163662745,1.8100692116929957,0.29304900467327877,-0.5148466500963477,1.2213563140867503,2.1625666675836883,1.2206885034811334,0.8673731938822595
lrsw_dora_r16_lr2e3_s43,lrsw,Llama-CS (lrsw),Llama-2-7B,cs,sweep,dora,DoRA,0.002,43.0,lrsw_dora_r16_lr2e3,False,True,False,True,36.96,,cs,6.08,0.0,23.12,22.53,47.59,3.04,19.86,24.3192,4757.124,284.6208,36.96,10477.64371757266,4757.13720703125,284.62704077959063,6.361855094529604,11.521268206447997,0.1477257737621743,0.047661277397509694,0.14889752740697904,12.088434960828724,1.8100692116929957,10.278365749135729,1.3859492843630308,3.677345677675359,4.020263626587313,3.677344471960975,2.454266635014391
lrsw_dora_r16_lr2e3_s44,lrsw,Llama-CS (lrsw),Llama-2-7B,cs,sweep,dora,DoRA,0.002,44.0,lrsw_dora_r16_lr2e3,False,True,False,True,37.63,,cs,0.0,0.0,25.42,22.27,51.52,0.0,19.84,358.2287,9275.7334,2035.091,37.63,37494.03756596695,9291.1279296875,2035.7207065582274,1.680165062334952,2.797492006915353,0.07117995289204972,0.054274716642642065,0.07791359223422899,7.4670822585728756,1.8100692116929957,5.65701304687988,2.5541603770247985,3.968068439925212,4.5739622101789115,3.9673482577998485,3.308583833666519
lrsw_dora_r16_lr2e4_s42,lrsw,Llama-CS (lrsw),Llama-2-7B,cs,sweep,dora,DoRA,0.0002,42.0,lrsw_dora_r16_lr2e4,False,False,False,True,78.27,,cs,32.76,16.93,41.96,38.99,34.04,24.84,32.94,0.4451,38.7945,13.0953,78.27,310.41011833254663,38.85697937011719,13.100972908735276,3.4711079146836745,9.381316077380122,0.06822995799163348,0.047150872809188185,0.06745527514982681,2.1258101436582546,1.8520239240816387,0.27378621957661586,-0.35154240571747747,1.5894690367712752,2.491935869365693,1.5887701588683576,1.1171154521199507
lrsw_dora_r16_lr2e4_s43,lrsw,Llama-CS (lrsw),Llama-2-7B,cs,sweep,dora,DoRA,0.0002,43.0,lrsw_dora_r16_lr2e4,False,False,False,True,80.24,,cs,33.34,17.65,40.57,40.36,34.21,25.5,33.23,0.4361,31.7912,13.0434,80.24,309.84666380403934,31.8277587890625,13.049235901236534,3.489397836545857,9.432800459035773,0.06829012486115552,0.0472611668236212,0.06761088584972645,2.1185684785158583,1.8520239240816387,0.26654455443421954,-0.3604139133265736,1.502806058042552,2.491146824354355,1.5023069212316134,1.1153908129273609
lrsw_dora_r16_lr2e4_s44,lrsw,Llama-CS (lrsw),Llama-2-7B,cs,sweep,dora,DoRA,0.0002,44.0,lrsw_dora_r16_lr2e4,False,False,False,True,64.36,,cs,31.36,19.18,40.91,40.02,34.76,25.27,33.25,0.4513,31.1158,13.092,64.36,308.6564810399953,31.14971160888672,13.096973049640656,3.445635546910506,9.4028829797146,0.06800907035228447,0.047305944486493764,0.06751511924364942,2.1300833117802003,1.8520239240816387,0.27805938769856153,-0.3455346664798542,1.4934540302167323,2.489475400533182,1.4929809713535642,1.1170059966359667
lrsw_dora_r16_lr2e5_s42,lrsw,Llama-CS (lrsw),Llama-2-7B,cs,sweep,dora,DoRA,2e-05,42.0,lrsw_dora_r16_lr2e5,False,False,False,True,30.62,,cs,33.71,19.19,45.53,46.67,37.32,26.45,36.48,0.2302,4.9812,1.9715,30.62,30.984706071142693,4.990794658660889,1.9733688186854124,1.2628251682634095,2.2445269566174044,0.06293061219939187,0.048917304975319396,0.08104002729414393,2.1228977261161632,1.8520239240816387,0.2708738020345245,-0.637894680706227,0.698169701614261,1.4911473806765556,0.6973339794261443,0.294796781409242
lrsw_dora_r16_lr2e5_s43,lrsw,Llama-CS (lrsw),Llama-2-7B,cs,sweep,dora,DoRA,2e-05,43.0,lrsw_dora_r16_lr2e5,False,False,False,True,66.73,,cs,33.47,18.9,45.0,46.42,37.46,26.18,36.25,0.2191,4.8437,1.9097,66.73,30.16177958146433,4.854936122894287,1.9115839499980212,1.2697272390865872,2.288385137625859,0.06207643632494495,0.04728831789479069,0.08002353891227504,1.8591089907446885,1.8100692116929957,0.04903977905169277,-0.6593576224392947,0.6861835202055006,1.4794569618532305,0.6851772367874339,0.2809651480970933
lrsw_dora_r16_lr2e5_s44,lrsw,Llama-CS (lrsw),Llama-2-7B,cs,sweep,dora,DoRA,2e-05,44.0,lrsw_dora_r16_lr2e5,False,False,False,True,63.07,,cs,34.46,19.33,46.26,47.01,37.69,26.9,36.95,0.2325,4.6335,1.9683,63.07,30.894907252092093,4.643105506896973,1.9702365797013044,1.2623294986110227,2.24081477372914,0.0622057785941512,0.04764089246876578,0.08115282141061081,2.084448679578089,1.8100692116929957,0.27437946788509326,-0.6335770427740273,0.6668085524024545,1.4898868957808908,0.6659091673571319,0.2940912924769619
lrsw_dora_r16_lr3e4_s42,lrsw,Llama-CS (lrsw),Llama-2-7B,cs,sweep,dora,DoRA,0.0003,42.0,lrsw_dora_r16_lr3e4,False,False,False,True,64.39,,cs,31.45,15.94,36.34,36.6,35.27,23.7,31.12,0.6833,69.0663,17.8584,64.39,481.87469366609986,69.06544494628906,17.87202807366848,4.630230913108319,11.36039840774384,0.07346732676148664,0.04612445525708321,0.0694506209617277,2.2778328226861757,1.8520239240816387,0.42580889860453697,-0.16538857927731282,1.8392608140497986,2.6829341193085683,1.8392661907299896,1.2518425462491596
lrsw_dora_r16_lr3e4_s43,lrsw,Llama-CS (lrsw),Llama-2-7B,cs,sweep,dora,DoRA,0.0003,43.0,lrsw_dora_r16_lr3e4,False,False,False,True,75.26,,cs,31.04,16.17,41.8,38.82,33.67,23.6,32.3,0.6679,58.9352,17.6423,75.26,477.7625408889151,58.934444427490234,17.654611659049987,4.664304919706625,11.383714820056538,0.07170686392435845,0.04608813897839501,0.06862920096595736,2.2348766827942574,1.8100692116929957,0.4248074711012617,-0.17528855653526565,1.7703691938111106,2.6792120957634107,1.7703747616733583,1.246555202802291
lrsw_dora_r16_lr3e4_s44,lrsw,Llama-CS (lrsw),Llama-2-7B,cs,sweep,dora,DoRA,0.0003,44.0,lrsw_dora_r16_lr3e4,False,False,False,True,79.05,,cs,30.87,15.67,34.35,36.18,32.88,23.27,29.99,0.684,44.8559,17.7558,79.05,475.9243729434308,44.88307571411133,17.768617129325868,4.511906693427026,11.3298239913037,0.07072158753208035,0.04648318495875114,0.0681787007342038,2.2376845387146362,1.8100692116929957,0.4276153270216405,-0.16494389827988373,1.652082610277901,2.6775379463700872,1.6518195748922795,1.2493402445203956
lrsw_dora_r16_lr5e3_s43,lrsw,Llama-CS (lrsw),Llama-2-7B,cs,sweep,dora,DoRA,0.005,43.0,lrsw_dora_r16_lr5e3,False,True,False,True,36.04,,cs,0.0,0.0,25.64,23.81,49.65,0.0,19.82,1877.7321,99333.7578,9895.238,36.04,200498.89338093673,99334.7578125,9898.306285381317,1.5853963251577032,2.622974836192639,0.07248814188024724,0.0542885024242593,0.08635956626039953,7.738709225870823,1.8100692116929957,5.9286400141778275,3.273633630639848,4.997101237266048,5.3021119799493235,4.997096865159988,3.995426244307312
lrsw_dora_r16_lr5e3_s44,lrsw,Llama-CS (lrsw),Llama-2-7B,cs,sweep,dora,DoRA,0.005,44.0,lrsw_dora_r16_lr5e3,False,True,False,True,31.22,,cs,0.0,0.0,23.71,25.85,51.27,0.0,20.17,1801.9299,57842.9141,9526.5521,31.22,180895.6084572576,57958.1953125,9530.33679561615,1.7225291849499278,2.808989324192039,0.07002484315689242,0.05447438431278705,0.08001918165654294,7.995452011805136,1.8100692116929957,6.18538280011214,3.2557378917288644,4.763114854058885,5.257428023764565,4.762250164398327,3.978935746925248
lrsw_dora_r16_lr5e4_s42,lrsw,Llama-CS (lrsw),Llama-2-7B,cs,sweep,dora,DoRA,0.0005,42.0,lrsw_dora_r16_lr5e4,False,False,False,True,74.36,,cs,25.53,10.07,30.25,34.47,35.68,17.8,27.2,1.2143,202.5434,25.0,74.36,821.016627445977,202.54212951660156,25.00685402750969,7.019665531642909,13.398729302270972,0.08228077290384285,0.04524254448589409,0.07616207711058455,2.5739670675837893,1.8520239240816387,0.7219431435021506,0.08432599501682705,2.3065153718152365,2.914351952655266,2.306518096000077,1.3979400086720377
lrsw_dora_r16_lr5e4_s43,lrsw,Llama-CS (lrsw),Llama-2-7B,cs,sweep,dora,DoRA,0.0005,43.0,lrsw_dora_r16_lr5e4,False,False,False,True,77.47,,cs,29.5,11.67,34.7,36.86,33.51,20.58,29.25,1.2465,229.6922,25.4503,77.47,832.577673804402,229.69058227539062,25.45562234520912,6.91911280228615,13.254408618227025,0.08683485377187383,0.04521976614987859,0.0783349851362949,2.5152445233227545,1.8100692116929957,0.7051753116297588,0.09569228283979221,2.3611431887097027,2.920424760774211,2.3611462474611327,1.40569290602746
lrsw_dora_r16_lr5e4_s44,lrsw,Llama-CS (lrsw),Llama-2-7B,cs,sweep,dora,DoRA,0.0005,44.0,lrsw_dora_r16_lr5e4,False,False,False,True,76.87,,cs,29.1,9.06,23.86,36.01,38.64,19.08,27.33,1.2185,194.5255,25.2642,76.87,822.5472791442102,194.5226287841797,25.270531803369522,6.911341858617148,13.32995578216151,0.08425066658168143,0.04541461231606264,0.07688493750026455,2.523506346636152,1.8100692116929957,0.7134371349431563,0.08582553352074308,2.288970130003425,2.915160870125135,2.288976540280688,1.4025055507006574
lrsw_dora_r16_lr5e5_s42,lrsw,Llama-CS (lrsw),Llama-2-7B,cs,sweep,dora,DoRA,5e-05,42.0,lrsw_dora_r16_lr5e5,False,False,False,True,44.19,,cs,34.5,20.1,46.94,46.08,35.27,27.3,36.58,0.2487,10.1937,4.0047,44.19,69.7472338160942,10.21396255493164,4.007632119208575,1.7258138890402077,4.022677505648943,0.06952321630167803,0.050554084879589366,0.0755360122977507,2.081411960403854,1.8520239240816387,0.22938803632221516,-0.604324214730064,1.0091942613698863,1.8435269881144019,1.0083318481793382,0.6025699877799249
lrsw_dora_r16_lr5e5_s43,lrsw,Llama-CS (lrsw),Llama-2-7B,cs,sweep,dora,DoRA,5e-05,43.0,lrsw_dora_r16_lr5e5,False,False,False,True,35.79,,cs,34.19,19.76,46.99,45.99,36.14,26.98,36.61,0.2557,10.1364,4.0313,35.79,70.0632547320019,10.153182029724121,4.034120252728462,1.7130535988793003,3.976058899350708,0.06926457859518659,0.05042419161709721,0.07586926298308945,2.0672504027319825,1.8100692116929957,0.25718119103898673,-0.5922692719736645,1.006602172434119,1.8454903082502463,1.0058837402302698,0.6054451185441632
lrsw_dora_r16_lr5e5_s44,lrsw,Llama-CS (lrsw),Llama-2-7B,cs,sweep,dora,DoRA,5e-05,44.0,lrsw_dora_r16_lr5e5,False,False,False,True,18.73,,cs,34.54,20.05,47.25,44.2,35.54,27.3,36.32,0.2544,9.8828,4.0244,18.73,70.06838590178533,9.901449203491211,4.02731933221221,1.7154818572644697,4.01659386656549,0.06854860932311727,0.05075993220635287,0.07495456915895671,2.0746516626995946,1.8100692116929957,0.26458245100659883,-0.5944828930236237,0.9956987637913037,1.8455221131832875,0.9948800065583474,0.6047011403280023
lrsw_lora_null_r16_lr1e3_s42,lrsw,Llama-CS (lrsw),Llama-2-7B,cs,sweep,lora_null,LoRA-Null,0.001,42.0,lrsw_lora_null_r16_lr1e3,False,False,False,True,73.55,,cs,27.02,7.7,25.82,34.39,31.43,17.36,25.27,1.1609,135.7188,25.0528,73.55,993.6370991938797,135.71774291992188,25.052598583698273,10.272362783831637,15.571557580005763,0.07949550675588983,0.044481910579276994,0.06987866719189852,2.7528173738144632,1.8520239240816387,0.9007934497328245,0.06479481119538322,2.132636628415063,2.997227798285803,2.1326400110402606,1.3988562713846195
lrsw_lora_null_r16_lr1e3_s43,lrsw,Llama-CS (lrsw),Llama-2-7B,cs,sweep,lora_null,LoRA-Null,0.001,43.0,lrsw_lora_null_r16_lr1e3,False,False,False,True,73.86,,cs,26.36,8.88,27.0,33.7,30.21,17.62,25.23,1.2147,167.5658,25.6828,73.86,1019.5797445089516,167.56515502929688,25.682982701063157,10.412065669135634,15.769609669133994,0.0904042396354031,0.044000733696368206,0.08110154160961905,2.80480534991559,1.8520239240816387,0.9527814258339511,0.0844690314880758,2.2241837126723505,3.0084211989673246,2.224185384300788,1.4096423697963474
lrsw_lora_null_r16_lr1e3_s44,lrsw,Llama-CS (lrsw),Llama-2-7B,cs,sweep,lora_null,LoRA-Null,0.001,44.0,lrsw_lora_null_r16_lr1e3,False,False,False,True,74.09,,cs,28.57,8.3,25.69,35.75,33.51,18.44,26.36,1.1446,172.079,25.6904,74.09,1023.7795976946422,172.07763671875,25.690411961078645,10.483876744061195,15.767536200792364,0.08964538682466469,0.04391278672285359,0.08102372809578935,2.747679973383529,1.8100692116929957,0.9376107616905334,0.05865374157237026,2.2357244329032673,3.0102064704995133,2.2357278735780124,1.4097708662920512
lrsw_lora_null_r16_lr1e4_s42,lrsw,Llama-CS (lrsw),Llama-2-7B,cs,sweep,lora_null,LoRA-Null,0.0001,42.0,lrsw_lora_null_r16_lr1e4,False,False,False,True,47.29,,cs,35.65,19.2,47.54,44.54,35.89,27.42,36.56,0.2243,9.1964,3.7908,47.29,111.16265909472796,9.206001281738281,3.791239795088768,5.5691220813346565,16.742437112682996,0.14975306362485963,0.03143749666033924,0.109986483164738,1.9436718973071125,1.8520239240816387,0.0916479732254738,-0.6491707264170322,0.964071031024154,2.045958926881467,0.9636178527684849,0.5787308719527737
lrsw_lora_null_r16_lr1e4_s43,lrsw,Llama-CS (lrsw),Llama-2-7B,cs,sweep,lora_null,LoRA-Null,0.0001,43.0,lrsw_lora_null_r16_lr1e4,False,False,False,True,68.49,,cs,34.1,18.25,46.17,43.09,34.88,26.18,35.3,0.2442,9.5119,3.8745,68.49,110.85513049702901,9.524558067321777,3.875693365931511,5.421671552139881,16.546896321647573,0.2156957248830734,0.03397691090793816,0.14468843895408154,1.9308238489571035,1.8100692116929957,0.12075463726410773,-0.6122543403911364,0.9788448338619731,2.044755797540609,0.9782672758330406,0.5882156652289984
lrsw_lora_null_r16_lr1e4_s44,lrsw,Llama-CS (lrsw),Llama-2-7B,cs,sweep,lora_null,LoRA-Null,0.0001,44.0,lrsw_lora_null_r16_lr1e4,False,False,False,True,54.96,,cs,33.19,18.91,46.11,43.43,35.0,26.05,35.33,0.2522,8.5585,3.8892,54.96,111.04907208834778,8.565451622009277,3.8901960022747515,5.391929926516385,16.497496715960533,0.2154915402916586,0.033982210146261294,0.144785115292289,1.934891916117088,1.8100692116929957,0.12482270442409238,-0.5982549177629373,0.9327502665164371,2.045514933991256,0.9323976550034643,0.5898602770798348
lrsw_lora_null_r16_lr1e4_s45,lrsw,Llama-CS (lrsw),Llama-2-7B,cs,sweep,lora_null,LoRA-Null,0.0001,45.0,lrsw_lora_null_r16_lr1e4,False,False,False,True,42.79,,cs,35.23,17.91,46.29,42.75,35.45,26.57,35.53,0.2447,9.0367,3.8738,42.79,110.99607693429425,9.046696662902832,3.8746960274875164,5.4339572755192265,16.544845368336542,0.2156364093419085,0.03395638036608067,0.14464874642642742,1.935237971559582,1.8100692116929957,0.12516875986658627,-0.6113660306482108,0.9564900286016513,2.0453076292740726,0.956009864829399,0.58813719481919
lrsw_lora_null_r16_lr2e4_s42,lrsw,Llama-CS (lrsw),Llama-2-7B,cs,sweep,lora_null,LoRA-Null,0.0002,42.0,lrsw_lora_null_r16_lr2e4,False,False,False,True,47.98,,cs,34.5,18.36,45.73,42.83,34.83,26.43,35.25,0.3245,15.5372,7.0734,47.98,225.47169224706906,15.536980628967285,7.076241666078568,6.302687148893285,16.079437423257577,0.12212259833825294,0.03624570983065143,0.09332825972617906,2.0380283025833763,1.8520239240816387,0.18600437850173757,-0.48878529886361194,1.1913666242728038,2.353092024384248,1.1913727561563852,0.8496282180825613
lrsw_lora_null_r16_lr2e4_s43,lrsw,Llama-CS (lrsw),Llama-2-7B,cs,sweep,lora_null,LoRA-Null,0.0002,43.0,lrsw_lora_null_r16_lr2e4,False,False,False,True,40.87,,cs,34.19,17.64,43.61,41.3,33.06,25.92,33.96,0.3697,17.9174,7.3298,40.87,226.27718302523718,17.933748245239258,7.333598962426185,6.053399722771858,16.084741596491615,0.1718440726293288,0.03731847635280672,0.12180365312615707,2.098183552804758,1.8100692116929957,0.2881143411117624,-0.43215054942689324,1.2536710688203365,2.3546407634738413,1.2532749892783501,0.8650921246982384
lrsw_lora_null_r16_lr2e4_s44,lrsw,Llama-CS (lrsw),Llama-2-7B,cs,sweep,lora_null,LoRA-Null,0.0002,44.0,lrsw_lora_null_r16_lr2e4,False,False,False,True,61.36,,cs,33.07,17.41,44.29,40.27,32.68,25.24,33.54,0.3507,17.3862,7.2222,61.36,226.28762613519376,17.400161743164062,7.225383889675141,6.1946835377615,16.21847503034562,0.17173498100073745,0.03697819075329875,0.12169342048790127,2.0904983311429386,1.8520239240816387,0.23847440706129985,-0.45506423411849745,1.2405532852847354,2.354660806503865,1.2402046711707182,0.8586695109107613
lrsw_lora_null_r16_lr2e4_s45,lrsw,Llama-CS (lrsw),Llama-2-7B,cs,sweep,lora_null,LoRA-Null,0.0002,45.0,lrsw_lora_null_r16_lr2e4,False,False,False,True,36.37,,cs,33.54,17.78,43.92,38.99,34.17,25.66,33.68,0.3518,18.0651,7.2556,36.37,225.92780409118814,18.079580307006836,7.258935621380806,6.146032557849551,16.15926779814872,0.17190153398016933,0.037174271677046525,0.1218793874965397,2.0375482931723847,1.8100692116929957,0.227479081479389,-0.4537041648785575,1.2571883446976084,2.353969681209536,1.2568403699631603,0.8606733321307062
lrsw_lora_null_r16_lr2e5_s42,lrsw,Llama-CS (lrsw),Llama-2-7B,cs,sweep,lora_null,LoRA-Null,2e-05,42.0,lrsw_lora_null_r16_lr2e5,False,False,False,True,73.02,,cs,33.79,18.58,45.95,47.87,37.91,26.18,36.82,0.1392,2.4801,1.0815,73.02,27.57817817778465,2.4844062328338623,1.0817600820213555,4.5545120789091955,16.08135834154569,0.17593572324306334,0.024760263294108208,0.1368132285135686,1.8848405530075492,1.8520239240816387,0.03281662892591042,-0.8563607647254567,0.395222610125098,1.4405655731716567,0.3944691923474341,0.03402652377511024
lrsw_lora_null_r16_lr2e5_s43,lrsw,Llama-CS (lrsw),Llama-2-7B,cs,sweep,lora_null,LoRA-Null,2e-05,43.0,lrsw_lora_null_r16_lr2e5,False,False,False,True,70.5,,cs,33.57,18.5,44.33,46.76,38.62,26.04,36.36,0.1381,2.5297,1.1116,70.5,27.807778543570418,2.5313284397125244,1.1118980664759874,4.3478859720561385,15.311380101143106,0.2488490301188701,0.031384582311199956,0.17496515515523253,1.87625604838791,1.8100692116929957,0.06618683669491432,-0.8598063214213687,0.40334849849711246,1.4441662961347865,0.4030690207529772,0.04594853810533426
lrsw_lora_null_r16_lr2e5_s44,lrsw,Llama-CS (lrsw),Llama-2-7B,cs,sweep,lora_null,LoRA-Null,2e-05,44.0,lrsw_lora_null_r16_lr2e5,False,False,False,True,68.84,,cs,33.59,18.66,44.42,46.93,38.77,26.12,36.47,0.138,2.5567,1.1074,68.84,27.790810105820537,2.558845281600952,1.1076443625614047,4.389748740811117,15.350608554865602,0.24890928863312278,0.031372092364101906,0.17514095696734,1.8759606157205835,1.8100692116929957,0.06589140402758775,-0.8601209135987634,0.40804402743532586,1.4439012067039534,0.40767977144119344,0.044304519175914554
lrsw_lora_null_r16_lr3e4_s42,lrsw,Llama-CS (lrsw),Llama-2-7B,cs,sweep,lora_null,LoRA-Null,0.0003,42.0,lrsw_lora_null_r16_lr3e4,False,False,False,True,31.64,,cs,32.28,16.72,40.07,38.48,34.94,24.5,32.5,0.4459,26.6201,10.1975,31.64,343.8169998660805,26.61977195739746,10.200006291270256,7.078290479216039,15.715853882891814,0.10491352088987249,0.0388869288930514,0.08416366537152266,2.1606125566734575,1.8520239240816387,0.3085886325918188,-0.35076252765039273,1.4252043307003344,2.5363273463635574,1.425209682594953,1.0084937139891321
lrsw_lora_null_r16_lr3e4_s43,lrsw,Llama-CS (lrsw),Llama-2-7B,cs,sweep,lora_null,LoRA-Null,0.0003,43.0,lrsw_lora_null_r16_lr3e4,False,False,False,True,80.37,,cs,32.15,17.5,43.18,38.4,32.85,24.82,32.82,0.4624,26.5639,10.4695,80.37,346.7608299025922,26.57452392578125,10.472868299484253,6.87618257017283,15.921302332601625,0.1435030201506673,0.03909386666709498,0.1077646668446414,2.152587095129313,1.8100692116929957,0.34251788343631717,-0.3349821745875274,1.424465493016288,2.540030033677515,1.424291836665062,1.0199259412369988
lrsw_lora_null_r16_lr3e4_s44,lrsw,Llama-CS (lrsw),Llama-2-7B,cs,sweep,lora_null,LoRA-Null,0.0003,44.0,lrsw_lora_null_r16_lr3e4,False,False,False,True,50.88,,cs,33.45,14.36,41.51,40.19,33.62,23.9,32.63,0.4667,25.7361,10.4829,50.88,346.91712513822654,25.74469566345215,10.48693328499794,6.871918836655735,15.932022472933898,0.14387883600322912,0.0389141017133124,0.10784243971270743,2.1607188610490797,1.8100692116929957,0.350649649356084,-0.3309621991148441,1.4106877622551317,2.540225738785452,1.4105427353886217,1.0204814429314046
lrsw_lora_null_r16_lr3e4_s45,lrsw,Llama-CS (lrsw),Llama-2-7B,cs,sweep,lora_null,LoRA-Null,0.0003,45.0,lrsw_lora_null_r16_lr3e4,False,False,False,True,17.66,,cs,33.25,15.49,42.17,40.19,35.23,24.37,33.27,0.4688,27.9475,10.4763,17.66,346.8170181543015,27.96198844909668,10.479806488752365,6.906016440316605,15.90832859786597,0.14372259514227842,0.03902716503460956,0.10806328175566168,2.1471184567310133,1.8100692116929957,0.3370492450380176,-0.32901239698996576,1.4465680519722157,2.5401003999609446,1.4463429648247774,1.0202079264159551
lrsw_lora_null_r16_lr5e4_s42,lrsw,Llama-CS (lrsw),Llama-2-7B,cs,sweep,lora_null,LoRA-Null,0.0005,42.0,lrsw_lora_null_r16_lr5e4,False,False,False,True,78.93,,cs,33.22,14.06,33.34,39.25,34.98,23.64,30.97,0.6956,54.6211,15.6906,78.93,569.0900408972122,54.620399475097656,15.691673791408538,8.442282067974523,15.537637517312778,0.08795392465950556,0.04184925525606309,0.0752491606572913,2.3798914991341413,1.8520239240816387,0.5278675750525026,-0.15764042666932515,1.7373548720980416,2.7551809855007328,1.7373604420343933,1.1956395510889712
lrsw_lora_null_r16_lr5e4_s43,lrsw,Llama-CS (lrsw),Llama-2-7B,cs,sweep,lora_null,LoRA-Null,0.0005,43.0,lrsw_lora_null_r16_lr5e4,False,False,False,True,79.05,,cs,30.72,11.55,37.51,38.82,32.97,21.14,30.31,0.7058,58.3033,16.0047,79.05,576.7842631575894,58.302730560302734,16.00695858299732,8.357289043716106,15.793243706629532,0.11395117539839295,0.04137507233437328,0.09269722831329716,2.445853241515209,1.8520239240816387,0.5938293174335705,-0.15131834597604962,1.7656888950592198,2.761013402687352,1.765693136769826,1.2042475379262205
lrsw_lora_null_r16_lr5e4_s44,lrsw,Llama-CS (lrsw),Llama-2-7B,cs,sweep,lora_null,LoRA-Null,0.0005,44.0,lrsw_lora_null_r16_lr5e4,False,False,False,True,78.82,,cs,29.58,13.71,35.09,35.75,34.38,21.64,29.7,0.7055,56.3436,16.0318,78.82,577.1233982198718,56.34230041503906,16.03326643705368,8.34715556983774,15.79890937394126,0.11399375291383225,0.041450289093321116,0.09277595130325424,2.39126871298316,1.8520239240816387,0.539244788901521,-0.15150298190963335,1.7508345749387477,2.7612686821959986,1.7508445922093245,1.2049822863080244
lrsw_lora_null_r16_lr5e4_s45,lrsw,Llama-CS (lrsw),Llama-2-7B,cs,sweep,lora_null,LoRA-Null,0.0005,45.0,lrsw_lora_null_r16_lr5e4,False,False,False,True,78.66,,cs,30.43,10.8,25.52,36.09,32.63,20.62,27.09,0.701,52.1815,16.0555,78.66,576.132928392812,52.18132019042969,16.057163605093955,8.283312481482561,15.78031936853349,0.11356645227002288,0.04149836172029287,0.0929926717037483,2.3774814767183594,1.8100692116929957,0.5674122650253637,-0.15428198203334137,1.7175150625787996,2.7605226976716204,1.71751655909459,1.2056238349015695
lrsw_lora_null_r16_lr5e5_s42,lrsw,Llama-CS (lrsw),Llama-2-7B,cs,sweep,lora_null,LoRA-Null,5e-05,42.0,lrsw_lora_null_r16_lr5e5,False,False,False,True,55.8,,cs,34.08,19.15,47.75,47.27,37.31,26.62,37.11,0.1863,5.3158,2.1526,55.8,57.66245774599914,5.317149639129639,2.152871097251773,4.988167866673639,16.58380522774173,0.16521901110871293,0.02711367801984124,0.12381656629332506,1.9048317428008572,1.8520239240816387,0.05280781871921847,-0.7297871451037574,0.7256788827203866,1.760893149373338,0.7255686328180352,0.33296333593958666
lrsw_lora_null_r16_lr5e5_s43,lrsw,Llama-CS (lrsw),Llama-2-7B,cs,sweep,lora_null,LoRA-Null,5e-05,43.0,lrsw_lora_null_r16_lr5e5,False,False,False,True,43.28,,cs,34.17,18.97,46.65,47.61,35.79,26.57,36.64,0.1957,4.6148,2.1941,43.28,57.8497158423649,4.617332458496094,2.1946347910910844,4.8157246338247175,16.13247622691932,0.2382758280215199,0.031525732387464825,0.16075560591028665,1.8927173210487713,1.8100692116929957,0.0826481093557756,-0.7084091743419988,0.6643911458728152,1.7623012300397822,0.6641528839581313,0.3412564174312576
lrsw_lora_null_r16_lr5e5_s44,lrsw,Llama-CS (lrsw),Llama-2-7B,cs,sweep,lora_null,LoRA-Null,5e-05,44.0,lrsw_lora_null_r16_lr5e5,False,False,False,True,69.76,,cs,33.85,18.89,46.55,46.33,36.43,26.37,36.41,0.198,4.6283,2.2025,69.76,57.96552417510791,4.630990028381348,2.2030680648982526,4.831969241554613,16.102219456677222,0.23829823579312578,0.03150686032499152,0.16077155580449928,1.8951633151854521,1.8100692116929957,0.08509410349245639,-0.7033348097384688,0.6656738458559925,1.7631697674900193,0.6654215015592981,0.34291591708408553
lrsw_lora_r16_lr1e3_s42,lrsw,Llama-CS (lrsw),Llama-2-7B,cs,sweep,lora,LoRA,0.001,42.0,lrsw_lora_r16_lr1e3,False,False,False,True,66.59,,cs,26.85,7.97,23.19,32.34,33.8,17.41,24.83,1.4165,200.4489,31.5775,66.59,1243.8867824539025,200.44456481933594,31.575725281238554,9.954050236458706,15.000326896358601,0.07849143279010716,0.04620187182440518,0.06991438201202756,2.91487949817428,1.8520239240816387,1.0628555740926413,0.15121657885645604,2.301994284577695,3.094780853029115,2.3020036773226797,1.4993777438108868
lrsw_lora_r16_lr1e3_s43,lrsw,Llama-CS (lrsw),Llama-2-7B,cs,sweep,lora,LoRA,0.001,43.0,lrsw_lora_r16_lr1e3,False,False,False,True,66.9,,cs,27.63,7.43,23.12,32.76,33.18,17.53,24.82,1.4196,264.4646,32.0516,66.9,1264.4236913718664,264.46026611328125,32.04992364048958,9.950938710270298,14.934334437113666,0.08050920822029768,0.04597143276555527,0.07073245158430935,2.8883849691742944,1.8100692116929957,1.0783157574812987,0.1521659906755552,2.4223604306093414,3.1018926245731713,2.4223675476242814,1.505849714161449
lrsw_lora_r16_lr1e3_s44,lrsw,Llama-CS (lrsw),Llama-2-7B,cs,sweep,lora,LoRA,0.001,44.0,lrsw_lora_r16_lr1e3,False,False,False,True,68.69,,cs,25.51,8.35,23.8,31.4,35.3,16.93,24.87,1.402,252.0014,32.0512,68.69,1264.3007564794982,251.99729919433594,32.04918010234833,9.981975980943629,14.950247298129296,0.07997380122901698,0.04604518426557928,0.07081068425726975,2.886296146387437,1.8100692116929957,1.0762269346944413,0.14674801363063983,2.4013958862129643,3.101850397793202,2.4014029535219636,1.5058442941862604
lrsw_lora_r16_lr1e4_s42,lrsw,Llama-CS (lrsw),Llama-2-7B,cs,sweep,lora,LoRA,0.0001,42.0,lrsw_lora_r16_lr1e4,False,False,False,True,78.27,,cs,33.67,19.69,46.96,42.83,33.87,26.68,35.4,0.3103,19.2351,7.4154,78.27,145.97543370063116,19.266530990600586,7.41882475912571,2.284932784131675,6.235574228534116,0.07058798485485931,0.04953133401781978,0.07112691432322372,2.1283409174981487,1.8520239240816387,0.27631699341650995,-0.5082182244158342,1.2848035253838617,2.1642797742368107,1.2840944484715475,0.8701345826209554
lrsw_lora_r16_lr1e4_s43,lrsw,Llama-CS (lrsw),Llama-2-7B,cs,sweep,lora,LoRA,0.0001,43.0,lrsw_lora_r16_lr1e4,False,False,False,True,54.46,,cs,33.54,19.38,45.88,42.41,35.15,26.46,35.27,0.3036,17.9099,7.3741,54.46,145.3913036670675,17.941457748413086,7.377063216269017,2.3128325952622206,6.252996731227204,0.07069078917009614,0.04927846704787761,0.0719556093530174,2.0601335762829134,1.8100692116929957,0.25006436458991765,-0.5176982327765572,1.2538577266886561,2.16253843071591,1.2530931609707827,0.8677090227674826
lrsw_lora_r16_lr1e4_s44,lrsw,Llama-CS (lrsw),Llama-2-7B,cs,sweep,lora,LoRA,0.0001,44.0,lrsw_lora_r16_lr1e4,False,False,False,True,67.3,,cs,34.1,19.07,47.69,40.53,36.84,26.58,35.65,0.305,17.2339,7.3837,67.3,145.40525930846155,17.265460968017578,7.386779724061489,2.3098978093318276,6.270662251716516,0.07061554595639685,0.04931288690291657,0.07128196336682843,1.9246878378714591,1.8100692116929957,0.11461862617846341,-0.5157001606532142,1.237178178005128,2.1625801152392174,1.2363835686156939,0.8682740429756908
lrsw_lora_r16_lr1e4_s45,lrsw,Llama-CS (lrsw),Llama-2-7B,cs,sweep,lora,LoRA,0.0001,45.0,lrsw_lora_r16_lr1e4,False,False,False,True,78.15,,cs,33.02,19.31,46.18,40.02,35.96,26.16,34.9,0.2982,20.4337,7.427,78.15,146.0659937490887,20.466251373291016,7.430858065187931,2.3003169660041056,6.18228381190524,0.07109005148211897,0.04924826824673879,0.0714318201795748,1.9330951427814826,1.8100692116929957,0.12302593108848692,-0.5254923608830242,1.3110383039727447,2.1645491177400946,1.3103470129413934,0.8708134239155975
lrsw_lora_r16_lr2e4_s42,lrsw,Llama-CS (lrsw),Llama-2-7B,cs,sweep,lora,LoRA,0.0002,42.0,lrsw_lora_r16_lr2e4,False,False,False,True,72.33,,cs,32.78,17.61,41.56,39.76,36.22,25.2,33.59,0.4427,34.1827,12.994,72.33,307.5757637307269,34.21980667114258,12.998553720116615,3.458638796370331,9.355291391409274,0.06759213686376955,0.04747105672779794,0.06712112267994355,2.1215845784199496,1.8520239240816387,0.2695606543383109,-0.3538904780211521,1.5342775516138147,2.487952111062111,1.5338063634985226,1.11374286242935
lrsw_lora_r16_lr2e4_s43,lrsw,Llama-CS (lrsw),Llama-2-7B,cs,sweep,lora,LoRA,0.0002,43.0,lrsw_lora_r16_lr2e4,False,False,False,True,80.01,,cs,31.58,18.45,43.06,40.44,36.61,25.02,34.03,0.4473,35.7709,12.9227,80.01,308.01416839707514,35.8186149597168,12.927741965651512,3.5187887200325356,9.466022481867105,0.06808440491427702,0.0470570255011252,0.06740502668648805,2.1259236824106083,1.8520239240816387,0.2738997583289695,-0.349401101827343,1.5541087884649445,2.488570694147011,1.5535298671860556,1.1113532623119078
lrsw_lora_r16_lr2e4_s44,lrsw,Llama-CS (lrsw),Llama-2-7B,cs,sweep,lora,LoRA,0.0002,44.0,lrsw_lora_r16_lr2e4,False,False,False,True,79.9,,cs,32.96,18.45,44.4,37.54,36.63,25.7,34.0,0.4414,31.7228,13.0551,79.9,308.74395805946256,31.753599166870117,13.059919235110282,3.439295443725791,9.417870662651683,0.06833746472082344,0.04738665517429119,0.06755374434880557,2.0587598726902585,1.8100692116929957,0.24869066099726278,-0.35516767117436376,1.501792958280648,2.489598467459268,1.5013715131626468,1.1157802027987074
lrsw_lora_r16_lr2e4_s45,lrsw,Llama-CS (lrsw),Llama-2-7B,cs,sweep,lora,LoRA,0.0002,45.0,lrsw_lora_r16_lr2e4,False,False,False,True,43.52,,cs,32.76,19.22,42.89,40.44,33.56,25.99,33.77,0.4508,34.207,13.0577,43.52,307.8283910284121,34.24897003173828,13.063734981417657,3.4558147196777784,9.336409313816151,0.06828062789882461,0.047239219188912565,0.06762249414265901,2.1185390124314933,1.8520239240816387,0.2665150883498546,-0.3460160926259311,1.5346475154997292,2.48830867234522,1.534114987643807,1.11586668648921
lrsw_lora_r16_lr2e5_s42,lrsw,Llama-CS (lrsw),Llama-2-7B,cs,sweep,lora,LoRA,2e-05,42.0,lrsw_lora_r16_lr2e5,False,False,False,True,53.56,,cs,33.59,19.05,45.83,47.61,37.93,26.32,36.8,0.2289,4.9188,1.9701,53.56,30.959485566626295,4.928798198699951,1.9719704668968916,1.2765119585822111,2.246061580555928,0.06279511191565397,0.04778277515984823,0.08124344238271337,2.1331621092467725,1.8520239240816387,0.2811381851651338,-0.6403542073254571,0.69274103706623,1.4907937356855425,0.6918591643641265,0.29448827100725655
lrsw_lora_r16_lr2e5_s43,lrsw,Llama-CS (lrsw),Llama-2-7B,cs,sweep,lora,LoRA,2e-05,43.0,lrsw_lora_r16_lr2e5,False,False,False,True,62.24,,cs,33.84,19.35,44.96,46.16,38.25,26.6,36.51,0.2249,4.8921,1.9412,62.24,30.458935133341264,4.9011969566345215,1.943097174912691,1.2645595553330873,2.2419423639049048,0.062163320100824135,0.04763446589074634,0.08018562169504492,1.8581929820647831,1.8100692116929957,0.04812377037178739,-0.6480105445643678,0.6903021551673634,1.4837147160125705,0.6894953259203219,0.28807028264324797
lrsw_lora_r16_lr2e5_s44,lrsw,Llama-CS (lrsw),Llama-2-7B,cs,sweep,lora,LoRA,2e-05,44.0,lrsw_lora_r16_lr2e5,False,False,False,True,59.43,,cs,33.79,19.19,46.23,47.61,37.64,26.49,36.89,0.2325,4.8536,1.9812,59.43,30.977224385583288,4.8643012046813965,1.9830470044165849,1.2596316891971326,2.2371137573973336,0.06279438925299484,0.047547553984381215,0.081794814724074,2.0840292587578664,1.8100692116929957,0.27396004706487065,-0.6335770427740273,0.687020459250071,1.4910425016082107,0.6860639819359918,0.29692831931041846
lrsw_lora_r16_lr3e4_s42,lrsw,Llama-CS (lrsw),Llama-2-7B,cs,sweep,lora,LoRA,0.0003,42.0,lrsw_lora_r16_lr3e4,False,False,False,True,79.11,,cs,32.53,16.3,41.28,37.8,35.72,24.42,32.73,0.623,40.6552,16.9926,79.11,467.98095705117856,40.6735725402832,17.005224177241324,4.768477891293146,11.551114164109354,0.06703920915828107,0.0464523856933801,0.06550716062903023,2.307111649190104,1.8520239240816387,0.45508772510846507,-0.2055119533408304,1.6093123200906043,2.670228181245373,1.6091161018827045,1.230259834387761
lrsw_lora_r16_lr3e4_s43,lrsw,Llama-CS (lrsw),Llama-2-7B,cs,sweep,lora,LoRA,0.0003,43.0,lrsw_lora_r16_lr3e4,False,False,False,True,79.17,,cs,32.24,15.27,40.42,40.44,35.24,23.76,32.72,0.6262,50.6768,17.1642,79.17,469.68979889841904,50.73134231567383,17.176603427529336,4.7346045169999575,11.520809604961554,0.06710707358863338,0.0462946539649071,0.06556225178314885,2.2538742703494297,1.8520239240816387,0.4018503462677909,-0.20328693671910356,1.7052763535962863,2.671811127928116,1.7048091834367591,1.2346235663587892
lrsw_lora_r16_lr3e4_s44,lrsw,Llama-CS (lrsw),Llama-2-7B,cs,sweep,lora,LoRA,0.0003,44.0,lrsw_lora_r16_lr3e4,False,False,False,True,78.96,,cs,30.93,15.58,35.11,36.18,34.07,23.26,30.37,0.6031,45.1035,17.1531,78.96,469.0223013630638,45.13121795654297,17.166038224101065,4.743033168707871,11.534106570505879,0.06771849061356688,0.04628379609551564,0.06589237472896574,2.243420687171184,1.8520239240816387,0.3913967630895452,-0.21961067152904723,1.6544770539869824,2.671193493309222,1.6542102441331374,1.234342619494249
lrsw_lora_r16_lr3e4_s45,lrsw,Llama-CS (lrsw),Llama-2-7B,cs,sweep,lora,LoRA,0.0003,45.0,lrsw_lora_r16_lr3e4,False,False,False,True,79.44,,cs,32.74,15.24,37.25,36.69,34.52,23.99,31.29,0.6107,48.1447,17.1423,79.44,470.4279842693785,48.196537017822266,17.155036547780036,4.750952059360905,11.552953661264473,0.0673094069465745,0.04631475072011754,0.06562443538554542,2.2254698527268446,1.8100692116929957,0.4154006410338489,-0.21417208000413437,1.6830158347517141,2.6724931486384054,1.6825484848677417,1.2340690912333394
lrsw_lora_r16_lr5e4_s42,lrsw,Llama-CS (lrsw),Llama-2-7B,cs,sweep,lora,LoRA,0.0005,42.0,lrsw_lora_r16_lr5e4,False,False,False,True,77.3,,cs,29.78,11.35,28.31,34.9,34.07,20.56,27.68,0.9238,88.293,22.273,77.3,753.0304753774519,88.291259765625,22.279035419225693,7.436121121395232,13.858946976739295,0.06973616938845828,0.04581253545935461,0.06543839409553767,2.5507480570388212,1.8520239240816387,0.6987241329571825,-0.03442204208947211,1.9459177135046992,2.8768125525890667,1.9459262734316973,1.3477787170653643
lrsw_lora_r16_lr5e4_s43,lrsw,Llama-CS (lrsw),Llama-2-7B,cs,sweep,lora,LoRA,0.0005,43.0,lrsw_lora_r16_lr5e4,False,False,False,True,76.99,,cs,30.72,13.42,23.52,34.56,36.47,22.07,27.74,0.9284,98.2554,22.427,76.99,756.8717463603681,98.25459289550781,22.43140854239464,7.422494194407254,13.836328057784565,0.0697986394667625,0.04583852203369263,0.06515497716588571,2.526037370263099,1.8100692116929957,0.7159681585701032,-0.0322648682161199,1.9923528605492864,2.8790222935463836,1.9923564280119086,1.3507711830531663
lrsw_lora_r16_lr5e4_s44,lrsw,Llama-CS (lrsw),Llama-2-7B,cs,sweep,lora,LoRA,0.0005,44.0,lrsw_lora_r16_lr5e4,False,False,False,True,77.17,,cs,30.47,12.57,32.95,35.24,34.51,21.52,29.15,0.9064,94.3629,22.4336,77.17,753.3070422314637,94.36187744140625,22.439635145664216,7.3303709354498805,13.799758836187863,0.06993026403632863,0.04574158834284504,0.06535734103812026,2.509469949688237,1.8100692116929957,0.6994007379952414,-0.04268010314465918,1.9747965731030395,2.8769720274192694,1.9748012793378085,1.3508989719637579
lrsw_lora_r16_lr5e4_s45,lrsw,Llama-CS (lrsw),Llama-2-7B,cs,sweep,lora,LoRA,0.0005,45.0,lrsw_lora_r16_lr5e4,False,False,False,True,77.33,,cs,30.12,13.56,36.19,36.43,34.76,21.84,30.21,0.9364,89.6593,22.4038,77.33,754.7002332165437,89.6581802368164,22.40834358930588,7.420942739571385,13.856409814207376,0.06977932987091909,0.045807240338422484,0.06507546192177736,2.4998906264289364,1.8100692116929957,0.6898214147359407,-0.028538594975413258,1.9525899198841192,2.8777744841965687,1.9525953438614252,1.3503216870424057
lrsw_lora_r16_lr5e5_s42,lrsw,Llama-CS (lrsw),Llama-2-7B,cs,sweep,lora,LoRA,5e-05,42.0,lrsw_lora_r16_lr5e5,False,False,False,True,38.15,,cs,34.48,20.1,46.3,45.48,34.73,27.29,36.22,0.2544,10.2328,4.0461,38.15,70.1770923729489,10.251457214355469,4.048996367305517,1.7027372416217244,3.9678181677089603,0.0697983271393933,0.05052216359373791,0.07585393229382308,2.1116810871373364,1.8520239240816387,0.25965716305569764,-0.5944828930236237,1.0107856034573144,1.8461953702552312,1.009994485927587,0.6070366122240847
lrsw_lora_r16_lr5e5_s43,lrsw,Llama-CS (lrsw),Llama-2-7B,cs,sweep,lora,LoRA,5e-05,43.0,lrsw_lora_r16_lr5e5,False,False,False,True,48.9,,cs,34.86,20.06,47.39,45.48,35.29,27.46,36.62,0.2543,10.0963,4.0846,48.9,70.37398347433462,10.114081382751465,4.08751265630126,1.6799928543111446,3.91492199166486,0.06914962328891978,0.05093974910134478,0.07581115902166864,2.0766223028393127,1.8100692116929957,0.266553091146317,-0.5946536398242911,1.0049264438523577,1.847412134684616,1.0041622466552955,0.6111495330107913
lrsw_lora_r16_lr5e5_s44,lrsw,Llama-CS (lrsw),Llama-2-7B,cs,sweep,lora,LoRA,5e-05,44.0,lrsw_lora_r16_lr5e5,False,False,False,True,25.65,,cs,34.2,20.05,47.46,44.37,35.72,27.12,36.36,0.2592,11.0626,4.0767,25.65,70.70937020502909,11.086233139038086,4.07957946434617,1.7009928276322839,3.96721433747792,0.06930559431241042,0.05036516646094526,0.07612527222448598,2.07349269377777,1.8100692116929957,0.26342348208477406,-0.5863650028014443,1.0447840073913077,1.8494769690825001,1.043857209513963,0.6103087533608289
lrsw_lorawd_wd0p3_lr1e3_s42,lrsw,Llama-CS (lrsw),Llama-2-7B,cs,sweep,lorawd,LoRA+wd,0.001,42.0,lrsw_lorawd_wd0p3_lr1e3,False,False,False,True,80.26,,cs,30.2,16.19,41.55,31.48,35.52,23.2,30.99,0.6315,71.7703,9.7446,80.26,312.4811972967574,71.76943969726562,9.744909964501858,7.953084634899221,19.497124531028078,0.08000816416120252,0.04703202414420761,0.0830728593253579,2.346343138356718,1.8520239240816387,0.4943192142750794,-0.1996266451086505,1.8559395557162843,2.4948238899810895,1.855944761587928,0.9887640167365414
lrsw_lorawd_wd0p3_lr1e3_s43,lrsw,Llama-CS (lrsw),Llama-2-7B,cs,sweep,lorawd,LoRA+wd,0.001,43.0,lrsw_lorawd_wd0p3_lr1e3,False,False,False,True,69.99,,cs,32.93,18.5,38.79,37.97,33.25,25.72,32.29,0.4612,51.5255,7.1468,69.99,294.0488281130672,51.52444076538086,7.147204205393791,11.67030194465865,25.50985148672601,0.07641125977887739,0.04514157736914186,0.07488030684430115,2.0059792520030992,1.8100692116929957,0.1959100403101035,-0.3361107013773386,1.7120132867428135,2.4684194529268253,1.712022214836255,0.8541116287344785
lrsw_lorawd_wd0p3_lr1e3_s44,lrsw,Llama-CS (lrsw),Llama-2-7B,cs,sweep,lorawd,LoRA+wd,0.001,44.0,lrsw_lorawd_wd0p3_lr1e3,False,False,False,True,81.06,,cs,32.21,18.99,37.05,36.52,33.35,25.6,31.62,0.4618,47.7845,7.105,81.06,294.2512151216546,47.78323745727539,7.105374717712403,11.740704392221781,25.566765166656282,0.07687061381532655,0.045154006589842755,0.07558621647818463,2.004636169362947,1.8100692116929957,0.19456695766995113,-0.33554607141884246,1.6792755711609988,2.46871826495486,1.6792870460656704,0.8515640822634886
lrsw_lorawd_wd0p3_lr1e4_s42,lrsw,Llama-CS (lrsw),Llama-2-7B,cs,sweep,lorawd,LoRA+wd,0.0001,42.0,lrsw_lorawd_wd0p3_lr1e4,False,False,False,True,76.97,,cs,34.51,19.38,47.5,42.32,34.51,26.94,35.64,0.2332,15.55,5.5436,76.97,125.13420921219449,15.583643913269043,5.545030581951141,3.0880879023825214,10.225157527562551,0.07180752493286366,0.05026568728285861,0.07262228113491638,1.9691813619152814,1.8520239240816387,0.11715743783364263,-0.6322714539130235,1.1926690160059752,2.0973760534273453,1.1917303933628562,0.7437918860951034
lrsw_lorawd_wd0p3_lr1e4_s43,lrsw,Llama-CS (lrsw),Llama-2-7B,cs,sweep,lorawd,LoRA+wd,0.0001,43.0,lrsw_lorawd_wd0p3_lr1e4,False,False,False,True,71.78,,cs,35.16,19.71,48.62,42.75,36.1,27.44,36.47,0.233,16.1284,5.5516,71.78,125.29076337701773,16.15986442565918,5.553150522708893,3.07736394851489,10.259089838441115,0.07176250827215601,0.0503051255246392,0.07254969271787537,1.922965213144968,1.8100692116929957,0.1128960014519722,-0.632644078973981,1.2084377129091681,2.0979190553337133,1.2075912858243696,0.744418167091808
lrsw_lorawd_wd0p3_lr1e4_s44,lrsw,Llama-CS (lrsw),Llama-2-7B,cs,sweep,lorawd,LoRA+wd,0.0001,44.0,lrsw_lorawd_wd0p3_lr1e4,False,False,False,True,67.67,,cs,35.08,20.32,48.22,41.3,36.44,27.7,36.27,0.2366,14.4667,5.5389,67.67,125.05454008448747,14.486616134643555,5.540290574729442,3.0573657505317366,10.22252511276829,0.07157764164752034,0.050547816711146644,0.07259677460693939,1.9203799521099458,1.8100692116929957,0.1103107404169501,-0.6259852597080884,1.1609669523672084,2.097099463342396,1.1603694754702252,0.7434235244100473
lrsw_lorawd_wd0p3_lr1e4_s45,lrsw,Llama-CS (lrsw),Llama-2-7B,cs,sweep,lorawd,LoRA+wd,0.0001,45.0,lrsw_lorawd_wd0p3_lr1e4,False,False,False,True,74.86,,cs,34.93,19.76,46.21,40.96,35.86,27.34,35.54,0.2349,17.7221,5.5666,74.86,125.41180602822732,17.749942779541016,5.567833991348744,3.0837678572055984,10.20399229575253,0.07226027254416027,0.05033963030883366,0.07258473533980057,1.9634835512031703,1.8520239240816387,0.11145962712153157,-0.6291169832223942,1.2491969573590203,2.0983384220733896,1.248515182809189,0.7455900152652563
lrsw_lorawd_wd0p3_lr2e3_s43,lrsw,Llama-CS (lrsw),Llama-2-7B,cs,sweep,lorawd,LoRA+wd,0.002,43.0,lrsw_lorawd_wd0p3_lr2e3,False,True,False,True,0.0,,cs,0.0,0.0,22.95,27.39,49.87,0.0,20.04,90.9627,1952.0587,188.1019,0.0,4342.813816041782,1952.0968017578125,188.25379914045334,1.0257663828668921,1.0756825469165499,0.06301962218542456,0.06400863614507868,0.06943288289109939,10.058796462210537,1.8520239240816387,8.206772538128899,1.9588633428153226,3.2905013499223097,3.637771210803877,3.2904928731169356,2.274393182341172
lrsw_lorawd_wd0p3_lr2e3_s44,lrsw,Llama-CS (lrsw),Llama-2-7B,cs,sweep,lorawd,LoRA+wd,0.002,44.0,lrsw_lorawd_wd0p3_lr2e3,False,True,False,True,0.0,,cs,0.0,0.0,22.95,27.13,50.34,0.0,20.08,87.484,4262.2129,121.8668,0.0,6427.941153480128,4262.30615234375,121.98770715668797,1.017021454028063,1.0503753756997458,0.05954200237399213,0.05821086116185663,0.0715314486123107,10.34002086021009,1.8100692116929957,8.529951648517095,1.941928631912614,3.62964464094324,3.808071892230099,3.6296351391806025,2.0858854074999478
lrsw_lorawd_wd0p3_lr2e4_s42,lrsw,Llama-CS (lrsw),Llama-2-7B,cs,sweep,lorawd,LoRA+wd,0.0002,42.0,lrsw_lorawd_wd0p3_lr2e4,False,False,False,True,40.74,,cs,35.28,20.05,47.07,42.83,34.97,27.66,36.04,0.3007,21.1871,7.0286,40.74,195.62416257838262,21.207883834838867,7.0323129668831825,4.769270815544503,15.474202459714228,0.07045254128937325,0.048382314721409574,0.07067687968943749,2.0188288582911476,1.8520239240816387,0.16680493420950882,-0.5218665718994825,1.3264973359044676,2.291422495780666,1.3260715163998962,0.8468688281742385
lrsw_lorawd_wd0p3_lr2e4_s43,lrsw,Llama-CS (lrsw),Llama-2-7B,cs,sweep,lorawd,LoRA+wd,0.0002,43.0,lrsw_lorawd_wd0p3_lr2e4,False,False,False,True,77.05,,cs,33.05,19.81,45.86,41.72,35.95,26.43,35.28,0.3017,17.2927,6.9479,77.05,195.61307547633336,17.298202514648438,6.95076457709074,4.94212668354264,15.718151370403422,0.07124328505251962,0.04838408775718293,0.07102318785225788,1.974055195068709,1.8100692116929957,0.16398598337571335,-0.5204246898250116,1.2380009772023917,2.2913978812155213,1.2378628072446953,0.8418535590898674
lrsw_lorawd_wd0p3_lr2e4_s44,lrsw,Llama-CS (lrsw),Llama-2-7B,cs,sweep,lorawd,LoRA+wd,0.0002,44.0,lrsw_lorawd_wd0p3_lr2e4,False,False,False,True,62.72,,cs,34.66,19.61,45.93,42.15,34.54,27.14,35.38,0.2996,19.7061,6.9905,62.72,195.31118940361583,19.734519958496094,6.994180229306221,4.869078382876171,15.608879533112136,0.0712068497718229,0.04855152946763427,0.07114248834104792,1.976574211441095,1.8100692116929957,0.16650499974809918,-0.5234581909725712,1.2952265666620213,2.29072712478833,1.2946006823174048,0.844508240048252
lrsw_lorawd_wd0p3_lr2e4_s45,lrsw,Llama-CS (lrsw),Llama-2-7B,cs,sweep,lorawd,LoRA+wd,0.0002,45.0,lrsw_lorawd_wd0p3_lr2e4,False,False,False,True,79.87,,cs,33.91,19.46,44.32,40.44,35.05,26.68,34.64,0.2995,21.6688,6.9784,79.87,196.13738696897136,21.689146041870117,6.982110676169396,4.875645348414987,15.590141898785541,0.0710066411413342,0.04850163307558865,0.07099810286711969,1.9735583411168816,1.8100692116929957,0.16348912942388583,-0.5236031732746699,1.3362424530467183,2.292560385134931,1.3358348611209931,0.8437558594677724
lrsw_lorawd_wd0p3_lr2e5_s42,lrsw,Llama-CS (lrsw),Llama-2-7B,cs,sweep,lorawd,LoRA+wd,2e-05,42.0,lrsw_lorawd_wd0p3_lr2e5,False,False,False,True,23.48,,cs,34.0,19.49,46.56,46.5,36.42,26.74,36.59,0.2146,5.5133,2.1129,23.48,35.49842832803133,5.524938583374023,2.1144824333488943,1.4899986597784565,3.599104316473871,0.06388333925633477,0.04830736913935664,0.07968261486012262,2.1213124137498016,1.8520239240816387,0.2692884896681629,-0.6683702823700677,0.7423274546557891,1.5502091253488042,0.7414116247665464,0.32487894311199367
lrsw_lorawd_wd0p3_lr2e5_s43,lrsw,Llama-CS (lrsw),Llama-2-7B,cs,sweep,lorawd,LoRA+wd,2e-05,43.0,lrsw_lorawd_wd0p3_lr2e5,False,False,False,True,56.48,,cs,33.33,19.68,46.46,46.25,36.55,26.5,36.45,0.2158,5.8066,2.1266,56.48,35.723630254842035,5.819927215576172,2.1279801458120344,1.4849791334254754,3.5813026468365172,0.06380436915508785,0.04817018609764244,0.0796865978044386,2.0838732387972225,1.8100692116929957,0.2738040271042268,-0.6659485596531082,0.764917553366161,1.5529555857018287,0.7639219097639797,0.32768580954102433
lrsw_lorawd_wd0p3_lr2e5_s44,lrsw,Llama-CS (lrsw),Llama-2-7B,cs,sweep,lorawd,LoRA+wd,2e-05,44.0,lrsw_lorawd_wd0p3_lr2e5,False,False,False,True,46.05,,cs,34.0,19.66,46.84,45.9,36.61,26.83,36.6,0.2172,5.7326,2.1168,46.05,35.57363741090024,5.745983600616455,2.118313888832927,1.4889589917353985,3.593485332982782,0.06345803536326283,0.0484664246399351,0.07954204133853439,2.0827364865273523,1.8100692116929957,0.2726672748343566,-0.6631401790831907,0.7593643821550683,1.5511282741460544,0.7583516393408154,0.3256798268434258
lrsw_lorawd_wd0p3_lr3e4_s42,lrsw,Llama-CS (lrsw),Llama-2-7B,cs,sweep,lorawd,LoRA+wd,0.0003,42.0,lrsw_lorawd_wd0p3_lr3e4,False,False,False,True,80.56,,cs,32.97,19.39,43.24,39.93,35.27,26.18,34.16,0.3769,22.6467,7.0799,80.56,233.70447500309743,22.64618492126465,7.081189750134945,6.957457174233737,19.450225424866616,0.07195047626013971,0.04744507078874093,0.07089397635723439,2.043574158464022,1.8520239240816387,0.19155023438238317,-0.423773862550395,1.3549950492982255,2.3686670283979807,1.3550049270462605,0.850027123543597
lrsw_lorawd_wd0p3_lr3e4_s43,lrsw,Llama-CS (lrsw),Llama-2-7B,cs,sweep,lorawd,LoRA+wd,0.0003,43.0,lrsw_lorawd_wd0p3_lr3e4,False,False,False,True,79.61,,cs,34.23,19.04,45.61,40.19,32.41,26.64,34.3,0.3499,26.4847,7.1276,79.61,234.83436080613222,26.48444175720215,7.1293730065226555,6.920613789277418,19.38556450393637,0.07188112458740506,0.04741484203466147,0.07089943623856507,1.997637208817239,1.8100692116929957,0.1875679971242432,-0.45605605751709355,1.4229908232477628,2.370761642902252,1.4229950579179267,0.85294331916193
lrsw_lorawd_wd0p3_lr3e4_s44,lrsw,Llama-CS (lrsw),Llama-2-7B,cs,sweep,lorawd,LoRA+wd,0.0003,44.0,lrsw_lorawd_wd0p3_lr3e4,False,False,False,True,49.84,,cs,34.27,19.53,44.94,40.96,35.01,26.9,34.94,0.3507,20.3812,7.0489,49.84,233.90933711129688,20.380992889404297,7.050029443204403,7.035176910976501,19.614077751256414,0.07260969371057478,0.04737959932587962,0.0710507815294398,2.0010711570244637,1.8100692116929957,0.19100194533146797,-0.45506423411849745,1.3092253374665723,2.3690475581707515,1.3092297507222135,0.8481213494448436
lrsw_lorawd_wd0p3_lr3e4_s45,lrsw,Llama-CS (lrsw),Llama-2-7B,cs,sweep,lorawd,LoRA+wd,0.0003,45.0,lrsw_lorawd_wd0p3_lr3e4,False,False,False,True,79.33,,cs,34.13,18.99,44.15,40.1,33.98,26.56,34.27,0.3479,26.1192,7.0686,79.33,234.4414412784103,26.118799209594727,7.070083603262901,7.027107556278601,19.565617001816403,0.0723467979091978,0.0473968251447683,0.07121880822041125,1.9938344643721337,1.8100692116929957,0.183765252679138,-0.4585455712524111,1.4169532067288235,2.3700343826350907,1.4169598708838083,0.8493334063737243
lrsw_lorawd_wd0p3_lr5e4_s42,lrsw,Llama-CS (lrsw),Llama-2-7B,cs,sweep,lorawd,LoRA+wd,0.0005,42.0,lrsw_lorawd_wd0p3_lr5e4,False,False,False,True,81.62,,cs,32.38,18.72,39.2,40.44,35.33,25.55,33.21,0.3941,34.2778,6.6902,81.62,266.7415268280986,34.27729797363281,6.690685829520225,10.71520787870005,23.79529842764886,0.07478452722661035,0.04642776845765228,0.07273912625405438,2.0437287245841684,1.8520239240816387,0.1917048005025297,-0.40439356513439695,1.5350065798383359,2.4260906327441307,1.5350129404821826,0.8254391009663384
lrsw_lorawd_wd0p3_lr5e4_s43,lrsw,Llama-CS (lrsw),Llama-2-7B,cs,sweep,lorawd,LoRA+wd,0.0005,43.0,lrsw_lorawd_wd0p3_lr5e4,False,False,False,True,81.89,,cs,32.74,18.97,42.15,38.57,32.57,25.86,33.0,0.3841,38.2442,6.7211,81.89,266.1148092503015,38.24384689331055,6.721438390016556,10.619055563787567,23.684447696933987,0.07436292901528019,0.046396927799421346,0.07259424069894602,2.0430797374500687,1.8520239240816387,0.19105581336842992,-0.41555569283482385,1.5825615708558551,2.425069043648441,1.5825655806925023,0.8274403571066423
lrsw_lorawd_wd0p3_lr5e4_s44,lrsw,Llama-CS (lrsw),Llama-2-7B,cs,sweep,lorawd,LoRA+wd,0.0005,44.0,lrsw_lorawd_wd0p3_lr5e4,False,False,False,True,81.9,,cs,33.04,19.71,44.02,39.08,34.62,26.38,34.09,0.411,33.6772,6.7516,81.9,266.9955887447257,33.67736053466797,6.752056196331978,10.663479079891294,23.796571444779495,0.07516645171083526,0.046333269499346026,0.07258860444761724,2.0409187356893947,1.8520239240816387,0.188894811607756,-0.38615817812393083,1.5273380463030104,2.4265040860849876,1.5273359760847536,0.8294067045093887
lrsw_lorawd_wd0p3_lr5e4_s45,lrsw,Llama-CS (lrsw),Llama-2-7B,cs,sweep,lorawd,LoRA+wd,0.0005,45.0,lrsw_lorawd_wd0p3_lr5e4,False,False,False,True,81.59,,cs,32.21,19.08,41.49,38.99,32.59,25.64,32.87,0.4071,37.3153,6.7927,81.59,267.35890722752464,37.315208435058594,6.793118162453174,10.611306862412095,23.641400889281183,0.07458106497825,0.04627930673730472,0.0724225636695616,2.037566246678821,1.8520239240816387,0.18554232259718217,-0.3902988976206005,1.5718858718425983,2.427094657466933,1.5718869375233666,0.8320424343726165
lrsw_lorawd_wd0p3_lr5e5_s42,lrsw,Llama-CS (lrsw),Llama-2-7B,cs,sweep,lorawd,LoRA+wd,5e-05,42.0,lrsw_lorawd_wd0p3_lr5e5,False,False,False,True,45.39,,cs,35.16,20.44,48.03,46.59,34.3,27.8,36.9,0.2186,11.2165,3.7897,45.39,73.48565442425907,11.235029220581055,3.7916760206222535,2.1744180871802747,6.635515780120314,0.07083995419204386,0.05157809551869712,0.07517332872253918,2.1023961545240146,1.8520239240816387,0.2503722304423759,-0.660349842386316,1.0505742062896921,1.8662025661255248,1.0498573606797315,0.5786048317355198
lrsw_lorawd_wd0p3_lr5e5_s43,lrsw,Llama-CS (lrsw),Llama-2-7B,cs,sweep,lorawd,LoRA+wd,5e-05,43.0,lrsw_lorawd_wd0p3_lr5e5,False,False,False,True,55.34,,cs,35.05,20.07,47.42,45.14,36.27,27.56,36.79,0.2213,10.8919,3.8192,55.34,73.5419517066455,10.896163940429688,3.8206994757056236,2.137822271273953,6.531062413392445,0.0710830319615676,0.051675472689488536,0.07517378182903418,2.0670504098885054,1.8100692116929957,0.2569811981955097,-0.6550185860727421,1.0372736288829865,1.8665351512899695,1.0371036453701346,0.5819724016626793
lrsw_lorawd_wd0p3_lr5e5_s44,lrsw,Llama-CS (lrsw),Llama-2-7B,cs,sweep,lorawd,LoRA+wd,5e-05,44.0,lrsw_lorawd_wd0p3_lr5e5,False,False,False,True,24.44,,cs,34.77,19.88,48.52,43.86,35.31,27.33,36.47,0.2211,11.8894,3.7938,24.44,73.68677655912718,11.909615516662598,3.7957749851047993,2.1695735610891527,6.625377421392865,0.07079154563474979,0.051565840616555905,0.07504584682286278,2.068094519928801,1.8100692116929957,0.25802530823580505,-0.6554112574212861,1.0758977411899886,1.8673895586505795,1.0751599384484605,0.5790744321968619
lrsw_milora_r32_lr1e3_s42,lrsw,Llama-CS (lrsw),Llama-2-7B,cs,sweep,milora,MiLoRA,0.001,42.0,lrsw_milora_r32_lr1e3,False,False,False,True,65.29,,cs,27.48,6.94,23.23,29.69,35.45,17.21,24.56,1.5319,322.9453,28.6287,65.29,1304.541204410069,322.942626953125,28.631066566705705,15.090604815860447,26.99130586868774,0.0798791821754336,0.04889932363959538,0.07078653792952064,3.2316140988102564,1.8520239240816387,1.3795901747286177,0.18523041616756283,2.509125373690671,3.1154578010025964,2.5091289683994713,1.4568016276008915
lrsw_milora_r32_lr1e3_s43,lrsw,Llama-CS (lrsw),Llama-2-7B,cs,sweep,milora,MiLoRA,0.001,43.0,lrsw_milora_r32_lr1e3,False,False,False,True,66.12,,cs,26.05,8.61,22.95,31.91,35.35,17.33,24.97,1.5126,229.3391,28.0612,66.12,1280.8884182418708,229.33851623535156,28.063557440042494,14.955367904909098,27.047863356003443,0.07876495023226798,0.04924626081070909,0.07140187715653103,3.1496052964456784,1.8100692116929957,1.3395360847526827,0.17972409606008954,2.3604769984009306,3.107511298790362,2.360478103864797,1.4481062391169637
lrsw_milora_r32_lr1e3_s44,lrsw,Llama-CS (lrsw),Llama-2-7B,cs,sweep,milora,MiLoRA,0.001,44.0,lrsw_milora_r32_lr1e3,False,False,False,True,65.2,,cs,21.87,7.8,23.07,31.4,36.69,14.84,24.17,1.5127,244.543,28.1704,65.2,1290.7323887517707,244.54440307617188,28.172676306962966,15.014835019010578,27.138656644059427,0.07748179374379215,0.049308825520239304,0.07071819960118324,3.198534623921109,1.8100692116929957,1.3884654122281133,0.17975280689749815,2.3883577275091716,3.1108362080790477,2.388355235732711,1.4497930137077975
lrsw_milora_r32_lr1e4_s42,lrsw,Llama-CS (lrsw),Llama-2-7B,cs,sweep,milora,MiLoRA,0.0001,42.0,lrsw_milora_r32_lr1e4,False,False,False,True,36.08,,cs,35.02,20.08,47.12,44.28,36.4,27.55,36.58,0.2479,13.0673,5.9916,36.08,121.89106695602332,13.06732177734375,5.9922067612409595,3.548793804561194,11.16050021482189,0.0645461921983044,0.1631762029580915,0.06953593081743532,1.9736555104354359,1.8520239240816387,0.12163158635379712,-0.6057234732321786,1.1161865855523414,2.0859718785973524,1.1161858617783145,0.7775428121027346
lrsw_milora_r32_lr1e4_s43,lrsw,Llama-CS (lrsw),Llama-2-7B,cs,sweep,milora,MiLoRA,0.0001,43.0,lrsw_milora_r32_lr1e4,False,False,False,True,72.93,,cs,35.28,19.56,48.63,44.71,36.07,27.42,36.85,0.2508,12.9602,6.0222,72.93,121.76916491107522,12.96022891998291,6.022694544494152,3.4963203883135376,11.101652904661856,0.0636127099247216,0.1630769932126598,0.06909414911768295,1.93380291028227,1.8100692116929957,0.1237336985892743,-0.6006724678413211,1.112612672661684,2.085537327669899,1.1126117035581995,0.7797551745334415
lrsw_milora_r32_lr1e4_s44,lrsw,Llama-CS (lrsw),Llama-2-7B,cs,sweep,milora,MiLoRA,0.0001,44.0,lrsw_milora_r32_lr1e4,False,False,False,True,36.43,,cs,34.62,19.22,47.74,43.34,37.53,26.92,36.49,0.2536,15.728,6.1708,36.43,123.69775761896898,15.727765083312988,6.171437540650368,3.416471813949622,10.94458275788595,0.06485908024567631,0.16085091468268511,0.06953570216706584,2.0601950855779414,1.8100692116929957,0.25012587388494567,-0.5958507507903049,1.196667013726692,2.092361826851958,1.1966735004880604,0.7903414708506294
lrsw_milora_r32_lr1e4_s45,lrsw,Llama-CS (lrsw),Llama-2-7B,cs,sweep,milora,MiLoRA,0.0001,45.0,lrsw_milora_r32_lr1e4,False,False,False,True,74.28,,cs,34.71,19.91,47.24,42.92,36.06,27.31,36.17,0.2454,11.6294,6.0261,74.28,122.19849769553817,11.629400253295898,6.026789873838425,3.5491619330555406,11.184625394007819,0.06377585470666204,0.162873654694716,0.06824782029241573,1.9715197232407293,1.8520239240816387,0.11949579915909059,-0.6101254416090145,1.0655573180474203,2.0870658667367445,1.065557308588204,0.7800363342885238
lrsw_milora_r32_lr2e4_s42,lrsw,Llama-CS (lrsw),Llama-2-7B,cs,sweep,milora,MiLoRA,0.0002,42.0,lrsw_milora_r32_lr2e4,False,False,False,True,75.12,,cs,33.42,18.27,45.85,39.25,34.51,25.84,34.26,0.3976,30.3015,11.5625,75.12,270.91584557283807,30.301494598388672,11.565177115797997,4.600287361948842,13.622630353114069,0.06619656833714951,0.10734603907093436,0.06747970312582408,2.1208472161447918,1.8520239240816387,0.26882329206315303,-0.4005536242747243,1.4814640502786918,2.4328344071874404,1.481464127696978,1.063051745747089
lrsw_milora_r32_lr2e4_s43,lrsw,Llama-CS (lrsw),Llama-2-7B,cs,sweep,milora,MiLoRA,0.0002,43.0,lrsw_milora_r32_lr2e4,False,False,False,True,79.62,,cs,33.1,17.93,47.69,40.19,35.77,25.52,34.94,0.4145,28.018,11.61,79.62,270.19560244521904,28.018321990966797,11.613807812333107,4.518135278075346,13.531690136055973,0.06636144500022963,0.10644431255520138,0.0674439883947131,2.0795447387122876,1.8100692116929957,0.2694755270192919,-0.38247546511370767,1.4474421219602633,2.4316782764057865,1.4474371309510343,1.0648322197385738
lrsw_milora_r32_lr2e4_s44,lrsw,Llama-CS (lrsw),Llama-2-7B,cs,sweep,milora,MiLoRA,0.0002,44.0,lrsw_milora_r32_lr2e4,False,False,False,True,22.31,,cs,33.6,19.45,46.94,39.42,34.92,26.52,34.87,0.402,26.3707,11.5635,22.31,270.3118194542118,26.37084197998047,11.566428723931313,4.599351578986303,13.606412823270135,0.06554823392230191,0.10722576999336147,0.06688004540326692,2.0798272280296555,1.8100692116929957,0.26975801633665974,-0.3957739469155299,1.4211239963623283,2.4318650357524363,1.421121658124964,1.0630893047267806
lrsw_milora_r32_lr2e4_s45,lrsw,Llama-CS (lrsw),Llama-2-7B,cs,sweep,milora,MiLoRA,0.0002,45.0,lrsw_milora_r32_lr2e4,False,False,False,True,78.53,,cs,34.05,18.87,44.4,42.15,36.59,26.46,35.21,0.4162,27.4533,11.4819,78.53,269.9243906366469,27.453144073486328,11.485168513655662,4.573810785589944,13.671319749154732,0.06576752121044255,0.10716946691849491,0.06715713407219576,2.088509181263989,1.8100692116929957,0.27843996957099315,-0.38069792412439185,1.4385920892441608,2.431242129611378,1.4385945559136242,1.0600137601211048
lrsw_milora_r32_lr2e5_s42,lrsw,Llama-CS (lrsw),Llama-2-7B,cs,sweep,milora,MiLoRA,2e-05,42.0,lrsw_milora_r32_lr2e5,False,False,False,True,70.19,,cs,33.77,18.73,45.14,47.18,38.03,26.25,36.57,0.1729,2.9702,1.3293,70.19,23.64781149438308,2.9742729663848877,1.3296919230371713,2.7796403155243956,9.70407164875215,0.052712858944067874,0.26815193745241006,0.07178644289453728,1.907960317818916,1.8520239240816387,0.05593639373727721,-0.7622050067260775,0.473380823753731,1.373790954803554,0.4727856937522191,0.12362300475127434
lrsw_milora_r32_lr2e5_s43,lrsw,Llama-CS (lrsw),Llama-2-7B,cs,sweep,milora,MiLoRA,2e-05,43.0,lrsw_milora_r32_lr2e5,False,False,False,True,70.56,,cs,33.87,18.34,46.27,47.95,37.2,26.1,36.73,0.1697,2.9327,1.3198,70.56,23.437444358905324,2.936922073364258,1.3202441995963454,2.780153508209077,9.711297989018899,0.05281778596210113,0.26857374341049917,0.071680979273197,1.9096852629590315,1.8520239240816387,0.057661338877392776,-0.7703181576823243,0.46789242335055675,1.3699102540467671,0.46726763917957886,0.12050812402610382
lrsw_milora_r32_lr2e5_s44,lrsw,Llama-CS (lrsw),Llama-2-7B,cs,sweep,milora,MiLoRA,2e-05,44.0,lrsw_milora_r32_lr2e5,False,False,False,True,62.87,,cs,33.42,18.92,45.93,47.78,37.65,26.17,36.74,0.1729,2.8826,1.3185,62.87,23.48855236995139,2.886545181274414,1.3188720831647516,2.7790588157866614,9.724053932629161,0.052359812780207134,0.2688119348954667,0.07171763880441726,1.8656647047375692,1.8100692116929957,0.05559549304457345,-0.7622050067260775,0.46037835962595325,1.3708562514683134,0.4597843822962694,0.12008013412945313
lrsw_milora_r32_lr3e4_s42,lrsw,Llama-CS (lrsw),Llama-2-7B,cs,sweep,milora,MiLoRA,0.0003,42.0,lrsw_milora_r32_lr3e4,False,False,False,True,79.86,,cs,32.5,16.95,43.09,39.76,35.91,24.72,33.64,0.5432,48.5074,15.6114,79.86,420.20305580964055,48.50727462768555,15.613604140281677,5.930291500394581,16.244204981295127,0.06798420820445789,0.08275718854391786,0.06577212109036806,2.261508517512025,1.8520239240816387,0.4094845934303861,-0.2650402387275547,1.6858068745558255,2.6234592063670283,1.6858079970355855,1.1934418514936262
lrsw_milora_r32_lr3e4_s43,lrsw,Llama-CS (lrsw),Llama-2-7B,cs,sweep,milora,MiLoRA,0.0003,43.0,lrsw_milora_r32_lr3e4,False,False,False,True,58.67,,cs,31.06,16.54,41.97,37.71,35.52,23.8,32.56,0.5633,38.7195,15.6158,58.67,420.17519798864606,38.72005081176758,15.61808572113514,5.8233759755036525,16.235343941331312,0.0670532974758504,0.08226622653058877,0.06568240882842642,2.3612667513764802,1.8520239240816387,0.5092428272948415,-0.2492602487646492,1.5879359185551525,2.6234304133850928,1.5879297404585926,1.1935642381138178
lrsw_milora_r32_lr3e4_s44,lrsw,Llama-CS (lrsw),Llama-2-7B,cs,sweep,milora,MiLoRA,0.0003,44.0,lrsw_milora_r32_lr3e4,False,False,False,True,34.54,,cs,31.19,16.94,40.94,38.23,35.82,24.06,32.62,0.5623,37.4071,15.6225,34.54,419.2066818203677,37.40700149536133,15.623989224433899,5.837390948276585,16.247534315059557,0.0669576878348695,0.08274209758977646,0.0657541256825073,2.2841258164585514,1.8520239240816387,0.43210189237691266,-0.2500319164905971,1.5729528970191091,2.622428196338714,1.5729540406543374,1.193750533339446
lrsw_milora_r32_lr3e4_s45,lrsw,Llama-CS (lrsw),Llama-2-7B,cs,sweep,milora,MiLoRA,0.0003,45.0,lrsw_milora_r32_lr3e4,False,False,False,True,79.3,,cs,32.25,17.54,37.64,36.09,35.21,24.9,31.75,0.561,54.139,15.5777,79.3,422.4072352888848,54.13917922973633,15.57936232984066,5.964914946042279,16.29953100571023,0.06780392044752706,0.08214369075798586,0.0657688228023987,2.2197030012595786,1.8100692116929957,0.4096337895665829,-0.25103713874383854,1.7335116674171545,2.6257313484914904,1.733510229666981,1.1925033358111705
lrsw_milora_r32_lr5e4_s42,lrsw,Llama-CS (lrsw),Llama-2-7B,cs,sweep,milora,MiLoRA,0.0005,42.0,lrsw_milora_r32_lr5e4,False,False,False,True,76.74,,cs,29.61,11.9,32.23,36.01,34.44,20.76,28.84,0.8396,128.7314,20.6305,76.74,705.6000161960968,128.7319793701172,20.63196446299553,9.069614761359706,20.871665833942455,0.07065112090559468,0.060949503724314055,0.0649434651542665,2.5996852616355084,1.8520239240816387,0.7476613375538697,-0.07592757008963716,2.109686446972452,2.8485585820924078,2.1096844923857803,1.3145097536449666
lrsw_milora_r32_lr5e4_s43,lrsw,Llama-CS (lrsw),Llama-2-7B,cs,sweep,milora,MiLoRA,0.0005,43.0,lrsw_milora_r32_lr5e4,False,False,False,True,76.96,,cs,29.24,13.3,27.09,36.01,31.76,21.27,27.48,0.8585,144.397,20.851,76.96,710.4747902018032,144.39671325683594,20.852521306276323,9.011080198131195,20.713421982797342,0.07147446914330693,0.060925055488614384,0.06515177835487862,2.5658613428720956,1.8100692116929957,0.7557921311790998,-0.06625970050306468,2.159557307979709,2.85154867245281,2.1595581704013487,1.3191268882818388
lrsw_milora_r32_lr5e4_s44,lrsw,Llama-CS (lrsw),Llama-2-7B,cs,sweep,milora,MiLoRA,0.0005,44.0,lrsw_milora_r32_lr5e4,False,False,False,True,77.67,,cs,29.69,12.3,32.44,39.59,35.26,21.0,29.86,0.8658,101.5895,20.6686,77.67,700.6801662846502,101.58879852294922,20.670315116643906,8.929878108816887,20.834239439329348,0.06972268439479248,0.061298167394027006,0.06474826830885591,2.535882304374965,1.8100692116929957,0.7258130926819695,-0.06258241852286216,2.0068458240122444,2.8455198243652156,2.0068488228326355,1.3153110604266962
lrsw_milora_r32_lr5e4_s45,lrsw,Llama-CS (lrsw),Llama-2-7B,cs,sweep,milora,MiLoRA,0.0005,45.0,lrsw_milora_r32_lr5e4,False,False,False,True,77.4,,cs,31.68,13.73,29.52,35.15,34.71,22.7,28.96,0.8422,85.7794,20.4439,77.4,700.2047192993292,85.77861022949219,20.44555330872536,9.085951574886327,20.8759496122188,0.06885764597567014,0.06124626201742009,0.0649192978821136,2.547923168060233,1.8100692116929957,0.737853956367237,-0.07458476291575376,1.93337900559445,2.8452250335337697,1.9333830041599853,1.3105637479653356
lrsw_milora_r32_lr5e5_s42,lrsw,Llama-CS (lrsw),Llama-2-7B,cs,sweep,milora,MiLoRA,5e-05,42.0,lrsw_milora_r32_lr5e5,False,False,False,True,47.73,,cs,35.43,19.71,46.46,45.22,36.97,27.57,36.76,0.1961,6.1088,3.0098,47.73,56.54038926356353,6.1106133460998535,3.0104471400380133,2.9819410040742373,10.17802261699616,0.05854172687549372,0.22100288755203548,0.0695583283557823,1.922430365342227,1.8520239240816387,0.07040644126058826,-0.707522406332216,0.7860848042618301,1.752358794150595,0.7859559067135727,0.4785376378588978
lrsw_milora_r32_lr5e5_s43,lrsw,Llama-CS (lrsw),Llama-2-7B,cs,sweep,milora,MiLoRA,5e-05,43.0,lrsw_milora_r32_lr5e5,False,False,False,True,35.55,,cs,34.74,19.86,47.27,44.71,36.57,27.3,36.63,0.197,6.2613,3.0122,35.55,56.500056659917824,6.263542652130127,3.012921514362097,2.979143946333435,10.170739677804388,0.05909848871315177,0.22099044881963392,0.06949313227860753,1.8817642131388648,1.8100692116929957,0.07169500144586904,-0.7055337738384071,0.7968200391348941,1.7520488833429309,0.7966645127969747,0.4788838041862814
lrsw_milora_r32_lr5e5_s44,lrsw,Llama-CS (lrsw),Llama-2-7B,cs,sweep,milora,MiLoRA,5e-05,44.0,lrsw_milora_r32_lr5e5,False,False,False,True,38.85,,cs,34.94,19.61,47.54,44.37,36.79,27.28,36.65,0.1984,6.2668,3.0166,38.85,56.56670718299365,6.268835067749023,3.017185980081558,2.980664098492585,10.189327957858714,0.0583735758699181,0.22112938711585728,0.0694658799142913,1.8801803169229971,1.8100692116929957,0.07011110523000141,-0.7024583321818402,0.7971868437568476,1.7525608986647947,0.7970458347538433,0.4795177267113794
lrsw_milorawd_wd0p3_r32_lr2e4_s42,lrsw,Llama-CS (lrsw),Llama-2-7B,cs,sweep,milorawd,MiLoRA+wd,0.0002,42.0,lrsw_milorawd_wd0p3_r32_lr2e4,False,False,False,True,59.98,,cs,36.49,19.49,46.08,41.89,35.31,27.99,35.85,0.2484,16.1544,5.7752,59.98,135.5394614196115,16.154464721679688,5.776587416231632,4.15462092157838,13.49618747183922,0.06870782967207213,0.09867536473902502,0.07293291036428429,1.9593193586660842,1.8100692116929957,0.14925014697308847,-0.6048484084954574,1.2082925722408697,2.132065755592368,1.2082908322683519,0.7615670288052842
lrsw_milorawd_wd0p3_r32_lr5e4_s42,lrsw,Llama-CS (lrsw),Llama-2-7B,cs,sweep,milorawd,MiLoRA+wd,0.0005,42.0,lrsw_milorawd_wd0p3_r32_lr5e4,False,False,False,True,80.22,,cs,34.71,18.62,44.9,39.76,35.39,26.66,34.68,0.2963,24.7275,5.468,80.22,186.80085805827224,24.727468490600586,5.468607085943222,7.881218101497125,20.97642989586162,0.07424516199987358,0.06522999289054454,0.07352677907787086,1.959038602556362,1.8100692116929957,0.14896939086336625,-0.5282683485199489,1.3931796571280384,2.271378866803694,1.393180210534853,0.7378285058957846
lrsw_sclora_r32_lr1e3_s42,lrsw,Llama-CS (lrsw),Llama-2-7B,cs,sweep,sclora,SC-LoRA,0.001,42.0,lrsw_sclora_r32_lr1e3,False,False,False,True,35.46,,cs,6.37,0.01,23.5,26.79,39.48,3.19,19.23,3.0763,109.9312,34.8047,35.46,1581.5761406494391,109.92865753173828,34.806718081235886,14.146358401772039,31.38452684491397,0.09749134365143315,0.04599411586294266,0.14638681109976692,6.884864806372474,1.8520239240816387,5.032840882290835,0.48802868548294387,2.041110924320634,3.1990901046728077,2.041120968718451,1.5416378947005687
lrsw_sclora_r32_lr1e3_s43,lrsw,Llama-CS (lrsw),Llama-2-7B,cs,sweep,sclora,SC-LoRA,0.001,43.0,lrsw_sclora_r32_lr1e3,False,False,False,True,61.97,,cs,12.38,4.77,23.07,27.39,37.26,8.57,20.97,1.7424,227.6883,27.5462,61.97,1389.7775169156366,227.68072509765625,27.547909915447235,17.61094894968834,31.56677019254213,0.08261671846173432,0.04496138308893581,0.09530542931647742,3.604309972889736,1.8100692116929957,1.7942407611967404,0.24114786241169972,2.357326265845486,3.1429452816142227,2.357340714515061,1.4400616963690451
lrsw_sclora_r32_lr1e3_s44,lrsw,Llama-CS (lrsw),Llama-2-7B,cs,sweep,sclora,SC-LoRA,0.001,44.0,lrsw_sclora_r32_lr1e3,False,False,False,True,61.92,,cs,11.38,3.62,22.61,30.2,37.46,7.5,21.05,1.7217,252.8096,27.5188,61.92,1391.525151350025,252.81105041503906,27.520373398065566,17.68428004489783,31.586901613468573,0.08350306090503516,0.04485176026807352,0.09526288791196924,3.607861098770362,1.8100692116929957,1.7977918870773661,0.23595747946662074,2.40279605311267,3.143491060467986,2.402793561492728,1.4396294918912
lrsw_sclora_r32_lr1e4_s42,lrsw,Llama-CS (lrsw),Llama-2-7B,cs,sweep,sclora,SC-LoRA,0.0001,42.0,lrsw_sclora_r32_lr1e4,False,False,False,True,79.87,,cs,27.2,5.56,32.87,37.03,35.74,16.38,27.68,0.813,17.7275,5.8762,79.87,214.35960070143884,17.731239318847656,5.876913864910603,8.845498951384558,31.283134450507557,0.11343263290234507,0.03914450921024488,0.21717499044290603,2.3278757160309476,1.8520239240816387,0.4758517919493088,-0.08990945440593186,1.248739091524592,2.331142939389846,1.2486474940465748,0.769096568843579
lrsw_sclora_r32_lr1e4_s43,lrsw,Llama-CS (lrsw),Llama-2-7B,cs,sweep,sclora,SC-LoRA,0.0001,43.0,lrsw_sclora_r32_lr1e4,False,False,False,True,80.71,,cs,33.53,15.92,41.42,37.71,34.54,24.72,32.62,0.4129,9.7156,4.2027,80.71,172.39089056798915,9.720380783081055,4.203324197232723,11.24743406477629,36.115891873127616,0.0891466250261727,0.038042294993329125,0.1543410767629428,2.0771529101642408,1.8100692116929957,0.267083698471245,-0.3841551171252979,0.9876832781723391,2.236514313225473,0.9874696262062947,0.6235283900067157
lrsw_sclora_r32_lr1e4_s44,lrsw,Llama-CS (lrsw),Llama-2-7B,cs,sweep,sclora,SC-LoRA,0.0001,44.0,lrsw_sclora_r32_lr1e4,False,False,False,True,80.83,,cs,32.64,16.28,37.32,39.16,34.84,24.46,32.05,0.4117,9.9249,4.2298,80.83,172.61495483443505,9.927016258239746,4.230415099859238,11.180542423750422,36.08152641904839,0.08928368394754863,0.037811756418086144,0.15467937823265043,2.084262824674836,1.8100692116929957,0.2741936129818401,-0.38541913300251396,0.9968187331576484,2.237078418961577,0.9967261396500665,0.6263198328715324
lrsw_sclora_r32_lr1e4_s45,lrsw,Llama-CS (lrsw),Llama-2-7B,cs,sweep,sclora,SC-LoRA,0.0001,45.0,lrsw_sclora_r32_lr1e4,False,False,False,True,80.75,,cs,33.48,16.29,42.02,38.48,33.0,24.88,32.65,0.4117,10.0215,4.2119,80.75,172.58266348225953,10.021760940551758,4.2125244125723835,11.23406905514883,36.10307802767583,0.08917646692535922,0.03797277533121634,0.1545596962757889,2.1299686967161633,1.8520239240816387,0.27794477263452455,-0.38541913300251396,1.000944038853724,2.236997167206873,1.0009327308093818,0.6244780515059126
lrsw_sclora_r32_lr2e4_s42,lrsw,Llama-CS (lrsw),Llama-2-7B,cs,sweep,sclora,SC-LoRA,0.0002,42.0,lrsw_sclora_r32_lr2e4,False,False,False,True,77.7,,cs,18.75,1.7,23.56,32.94,36.21,10.22,22.63,1.1421,28.4941,9.5701,77.7,397.4449400883026,28.49264144897461,9.570716512203216,11.223449171677087,32.929743120150825,0.1116034956883153,0.04034234133296473,0.2024525934948997,2.9423312473230903,1.8520239240816387,1.0903073232414515,0.05770413153402961,1.4547327129649046,2.5992769723080023,1.454754944124151,0.9809164758354944
lrsw_sclora_r32_lr2e4_s43,lrsw,Llama-CS (lrsw),Llama-2-7B,cs,sweep,sclora,SC-LoRA,0.0002,43.0,lrsw_sclora_r32_lr2e4,False,False,False,True,80.53,,cs,29.21,12.38,32.68,37.8,34.34,20.8,29.28,0.6063,18.3596,7.243,80.53,327.55814791719337,18.35944938659668,7.24353268891573,13.246059258416896,35.22307829805258,0.08630659765362254,0.03941279922253553,0.13977398645411118,2.320058570717486,1.8100692116929957,0.5099893590244904,-0.21731243176503362,1.263859652249292,2.51528840685593,1.2638632150087346,0.8599184852007158
lrsw_sclora_r32_lr2e4_s44,lrsw,Llama-CS (lrsw),Llama-2-7B,cs,sweep,sclora,SC-LoRA,0.0002,44.0,lrsw_sclora_r32_lr2e4,False,False,False,True,79.16,,cs,29.8,13.24,27.1,36.09,34.93,21.52,28.23,0.5877,22.008,7.26,79.16,328.7354055000185,22.007301330566406,7.2604652389884,13.378671868441868,35.25052577847589,0.08654985296999669,0.039431065305671004,0.1397601514641255,2.3485223480864064,1.8100692116929957,0.5384531363934106,-0.2308443092856012,1.3425667899817668,2.5168464810369673,1.342580577381627,0.8609366207000937
lrsw_sclora_r32_lr2e4_s45,lrsw,Llama-CS (lrsw),Llama-2-7B,cs,sweep,sclora,SC-LoRA,0.0002,45.0,lrsw_sclora_r32_lr2e4,False,False,False,True,80.06,,cs,31.01,13.24,27.35,36.6,33.35,22.12,28.31,0.6004,19.6139,7.2332,80.06,328.27516764215096,19.61322021484375,7.23363706022501,13.33437307021989,35.23010499048647,0.0862310307003207,0.03942838119461714,0.13979748854727184,2.295906753089038,1.8100692116929957,0.48583754139604207,-0.2215593164287672,1.2925489045664131,2.516238031788509,1.2925639567517713,0.8593304736268456
lrsw_sclora_r32_lr2e5_s42,lrsw,Llama-CS (lrsw),Llama-2-7B,cs,sweep,sclora,SC-LoRA,2e-05,42.0,lrsw_sclora_r32_lr2e5,False,False,False,True,79.54,,cs,34.05,16.53,43.18,41.13,36.63,25.29,34.3,0.3257,7.0681,2.0601,79.54,55.892243651612134,7.074077129364014,2.060516745224595,5.1296608148800695,23.896541199274203,0.11403159550011806,0.03819052011722197,0.23313165949973833,2.028159157245214,1.8520239240816387,0.17613523316357504,-0.4871822414351269,0.8496697906603236,1.747351543610478,0.8493026853085476,0.31388830211386776
lrsw_sclora_r32_lr2e5_s43,lrsw,Llama-CS (lrsw),Llama-2-7B,cs,sweep,sclora,SC-LoRA,2e-05,43.0,lrsw_sclora_r32_lr2e5,False,False,False,True,38.43,,cs,34.62,19.35,47.19,45.14,36.58,26.98,36.58,0.1661,3.0794,1.3371,38.43,41.700276624950696,3.0796289443969727,1.3374948270618916,7.535510787740742,31.59709532480699,0.09316234687844034,0.03665922873528658,0.17070542633605704,1.9550050309553577,1.8100692116929957,0.144935819262362,-0.7796303675486055,0.48849839276389334,1.6201389359399727,0.4884661054376894,0.1261638888058388
lrsw_sclora_r32_lr2e5_s44,lrsw,Llama-CS (lrsw),Llama-2-7B,cs,sweep,sclora,SC-LoRA,2e-05,44.0,lrsw_sclora_r32_lr2e5,False,False,False,True,19.93,,cs,35.2,18.85,47.74,44.2,36.89,27.02,36.58,0.166,3.1188,1.3397,19.93,41.799529974183834,3.119044542312622,1.3401746649295092,7.556897431981433,31.659363644701,0.09324786899194148,0.03655212185703695,0.17052000074265586,1.9588381435308448,1.8100692116929957,0.14876893183784912,-0.7798919119599449,0.4940215768547569,1.621171398263887,0.4939875255486374,0.12700755737132677
lrsw_sclora_r32_lr3e4_s42,lrsw,Llama-CS (lrsw),Llama-2-7B,cs,sweep,sclora,SC-LoRA,0.0003,42.0,lrsw_sclora_r32_lr3e4,False,False,False,True,74.1,,cs,18.49,0.27,23.42,31.83,38.57,9.38,22.52,1.412,34.1755,12.9568,74.1,565.4796421956079,34.180667877197266,12.957510614395142,12.51890095003458,33.02762724158688,0.1096264539869143,0.04128014055491765,0.18992960600928757,4.0211946985019615,1.8520239240816387,2.169170774420323,0.14983469671578492,1.5337805444159514,2.752416974528925,1.5337148771726317,1.1124977550883193
lrsw_sclora_r32_lr3e4_s43,lrsw,Llama-CS (lrsw),Llama-2-7B,cs,sweep,sclora,SC-LoRA,0.0003,43.0,lrsw_sclora_r32_lr3e4,False,False,False,True,79.29,,cs,28.74,9.21,25.17,38.31,35.17,18.98,27.32,0.7458,39.3146,10.2703,79.29,481.8272839553206,39.31412124633789,10.271373137831688,14.492807877013012,34.01773505015801,0.08416426749599408,0.040573569445392324,0.12746139825930897,2.507403742016905,1.8100692116929957,0.6973345303239091,-0.1273776209747116,1.59454857271164,2.6828913887211567,1.594553861366227,1.0115831297162328
lrsw_sclora_r32_lr3e4_s44,lrsw,Llama-CS (lrsw),Llama-2-7B,cs,sweep,sclora,SC-LoRA,0.0003,44.0,lrsw_sclora_r32_lr3e4,False,False,False,True,78.75,,cs,29.32,8.16,25.47,36.43,32.44,18.74,26.36,0.7515,41.928,10.2872,78.75,481.1982597221754,41.92731475830078,10.288229247927665,14.555234503710505,34.036083062116674,0.08441402504913353,0.04061795337082741,0.127729538027249,2.456819296958807,1.8100692116929957,0.6467500852658115,-0.12407101507707308,1.622497048833427,2.6823240480227057,1.622504146694537,1.0122971833120087
lrsw_sclora_r32_lr5e4_s42,lrsw,Llama-CS (lrsw),Llama-2-7B,cs,sweep,sclora,SC-LoRA,0.0005,42.0,lrsw_sclora_r32_lr5e4,False,False,False,True,70.33,,cs,7.2,0.0,23.23,30.55,38.73,3.6,19.94,1.8222,51.0579,18.6489,70.33,858.1838725439162,51.05805206298828,18.65109044611454,14.16849062085145,33.06004447034645,0.10470550825714017,0.04280027545513028,0.1704358144904157,5.803522692947161,1.8520239240816387,3.9514987688655223,0.26059604230190886,1.70806424183461,2.933580348776243,1.7080629484007168,1.2706532201651344
lrsw_sclora_r32_lr5e4_s43,lrsw,Llama-CS (lrsw),Llama-2-7B,cs,sweep,sclora,SC-LoRA,0.0005,43.0,lrsw_sclora_r32_lr5e4,False,False,False,True,66.8,,cs,23.15,7.38,23.0,36.52,31.72,15.26,24.35,1.0856,82.8391,15.6167,66.8,764.9974919548855,82.83580780029297,15.618288233876228,16.27473011483596,32.81386921860844,0.08128869586253847,0.042325505615153615,0.11119886065676647,2.8078629023015265,1.8100692116929957,0.9977936906085307,0.03566983465168062,1.9182181117657267,2.8836600113210173,1.9182353718829677,1.1935892674924342
lrsw_sclora_r32_lr5e4_s44,lrsw,Llama-CS (lrsw),Llama-2-7B,cs,sweep,sclora,SC-LoRA,0.0005,44.0,lrsw_sclora_r32_lr5e4,False,False,False,True,72.41,,cs,24.21,6.18,23.19,34.22,33.65,15.2,24.29,1.0536,105.5939,15.8479,72.41,768.0954263673065,105.59416198730469,15.849601835012436,16.239484130644442,32.70761983928388,0.08296534313063215,0.04223957540338696,0.11140722578651222,2.77261841418226,1.8100692116929957,0.9625492024892643,0.022675761953727433,2.0236399079062624,2.8854151791073495,2.0236388303866364,1.1999717221477793
lrsw_sclora_r32_lr5e4_s45,lrsw,Llama-CS (lrsw),Llama-2-7B,cs,sweep,sclora,SC-LoRA,0.0005,45.0,lrsw_sclora_r32_lr5e4,False,False,False,True,76.05,,cs,26.14,5.94,22.87,35.75,28.99,16.04,23.94,1.0716,96.2641,15.7325,76.05,766.662977491976,96.2645034790039,15.734237259626388,16.222531370029877,32.73361893122416,0.08192209910027257,0.042377166844649414,0.11139079766051578,2.8351761325755387,1.8100692116929957,1.025106920882543,0.030032704936171297,1.983466175129941,2.8846044914821927,1.9834643548424429,1.1967977404195231
lrsw_sclora_r32_lr5e5_s42,lrsw,Llama-CS (lrsw),Llama-2-7B,cs,sweep,sclora,SC-LoRA,5e-05,42.0,lrsw_sclora_r32_lr5e5,False,False,False,True,80.14,,cs,31.99,12.95,41.87,39.59,35.9,22.47,32.46,0.559,11.2865,3.7554,80.14,117.70318725185882,11.292670249938965,3.7563799247145653,6.705845446357446,28.071725521827712,0.1132225601321431,0.0384290327273708,0.22442961011693818,2.1648488816906912,1.8520239240816387,0.3128249576090525,-0.25258819211357664,1.0527966467695558,2.0707882231421033,1.0525592859155033,0.5746562019369398
lrsw_sclora_r32_lr5e5_s43,lrsw,Llama-CS (lrsw),Llama-2-7B,cs,sweep,sclora,SC-LoRA,5e-05,43.0,lrsw_sclora_r32_lr5e5,False,False,False,True,80.84,,cs,33.6,17.51,44.4,41.3,35.71,25.56,34.5,0.286,6.5311,2.6418,80.84,92.80990130695348,6.5314412117004395,2.642764089629054,9.1537278283852,34.435684016438024,0.0909641825022707,0.03692642680731953,0.1626187667308032,2.018126304650288,1.8520239240816387,0.16610238056864945,-0.543633966870957,0.8150090221981621,1.9675943108480745,0.8149863334492742,0.42189993584316937
lrsw_sclora_r32_lr5e5_s44,lrsw,Llama-CS (lrsw),Llama-2-7B,cs,sweep,sclora,SC-LoRA,5e-05,44.0,lrsw_sclora_r32_lr5e5,False,False,False,True,80.86,,cs,33.96,17.58,43.53,39.85,34.79,25.77,33.94,0.2836,6.6762,2.6447,80.86,92.90224300774683,6.676280498504639,2.6456661470234395,9.158684111201632,34.423558423665646,0.09103353329979849,0.037027355250568716,0.16268344971757112,2.0062747039828217,1.8520239240816387,0.15425077990118297,-0.547293773488971,0.8245345749205777,1.9680261996139614,0.8245293384319162,0.42237641522417896
lrswm_clora_k1024_lr1e3_s42,lrswm,Llama-Math (lrswm),Llama-2-7B,math,sweep,clora,CLoRA,0.001,42.0,lrswm_clora_k1024_lr1e3,False,False,False,True,42.46,,gsm8k,28.14,10.12,23.86,31.06,42.68,19.13,27.17,0.8462,28.1474,14.5841,42.46,741.8174701717473,28.19353675842285,14.587241527438163,15.488632848217648,27.894541400352427,0.0600450191825431,0.04609887625914304,0.057904546046712885,2.976959054604722,1.8520239240816387,1.1249351305230832,-0.07252697900472417,1.4501495596715621,2.870297056964883,1.4494382848782228,1.163879633519883
lrswm_clora_k1024_lr1e3_s43,lrswm,Llama-Math (lrswm),Llama-2-7B,math,sweep,clora,CLoRA,0.001,43.0,lrswm_clora_k1024_lr1e3,False,False,False,True,43.21,43.21,gsm8k,27.74,11.25,24.07,31.14,43.12,19.49,27.46,0.8612,28.6856,14.7231,43.21,739.3989918801958,28.737945556640625,14.846487075090408,14.749629847738879,27.729038171261262,0.05988564846111233,0.04601351940749185,0.05793342067441219,2.9424218257339474,1.8100692116929957,1.1323526140409517,-0.06489597884855043,1.458455717684568,2.8688788541067574,1.4576639381983783,1.1679992618458086
lrswm_clora_k1024_lr1e3_s44,lrswm,Llama-Math (lrswm),Llama-2-7B,math,sweep,clora,CLoRA,0.001,44.0,lrswm_clora_k1024_lr1e3,False,False,False,True,43.97,43.97,gsm8k,28.34,10.21,25.59,32.25,45.52,19.27,28.38,0.8518,28.832,14.6142,43.97,741.9017507641672,28.887203216552734,14.61733457148075,15.43204968442647,27.918729149423417,0.0599912252178179,0.04610910962893871,0.05773514149920893,2.9041823117911933,1.8100692116929957,1.0941131000981976,-0.06966236426226995,1.4607054966238833,2.87034639594458,1.4598747692989689,1.1647750465087214
lrswm_clora_k1024_lr1e4_s42,lrswm,Llama-Math (lrswm),Llama-2-7B,math,sweep,clora,CLoRA,0.0001,42.0,lrswm_clora_k1024_lr1e4,False,False,False,True,43.75,,gsm8k,34.5,17.69,28.98,45.65,43.51,26.1,34.07,0.202,10.2937,3.8107,43.75,110.346899849681,10.294628143310547,3.8128356378525496,4.441132109029395,15.731202246293458,0.061997282671055295,0.054088963291075855,0.05979243429139367,2.0309688749330084,1.8520239240816387,0.17894495085136963,-0.6946486305533762,1.0126106638996575,2.04276013634598,1.0125715070030261,0.5810047599836716
lrswm_clora_k1024_lr1e4_s43,lrswm,Llama-Math (lrswm),Llama-2-7B,math,sweep,clora,CLoRA,0.0001,43.0,lrswm_clora_k1024_lr1e4,False,False,False,True,43.9,43.9,gsm8k,32.78,17.6,29.26,43.6,43.99,25.19,33.45,0.2029,10.0581,3.8171,43.9,110.22284966931643,10.05864143371582,3.818909578025341,4.416308990288094,15.748557489699184,0.06204565738152141,0.054279241767211835,0.05970489156050014,1.9831754125833072,1.8100692116929957,0.17310620089031148,-0.6927179529666541,1.0025393268745821,2.0422716349571077,1.0025159491644366,0.5817335377010782
lrswm_clora_k1024_lr1e4_s44,lrswm,Llama-Math (lrswm),Llama-2-7B,math,sweep,clora,CLoRA,0.0001,44.0,lrswm_clora_k1024_lr1e4,False,False,False,True,44.12,44.12,gsm8k,33.5,17.59,27.7,44.11,42.27,25.54,33.03,0.2032,10.5786,3.8221,44.12,110.2658712800532,10.58021068572998,3.823643383011222,4.405620463329548,15.765660921166242,0.061838940194504526,0.05421854010186715,0.05965634812724491,1.9877269145858156,1.8100692116929957,0.1776577028928199,-0.6920762963881184,1.0244943159731665,2.042441113452899,1.0244281958177048,0.5823020455866156
lrswm_clora_k1024_lr2e4_s42,lrswm,Llama-Math (lrswm),Llama-2-7B,math,sweep,clora,CLoRA,0.0002,42.0,lrswm_clora_k1024_lr2e4,False,False,False,True,47.61,,gsm8k,31.84,16.7,33.22,43.52,44.49,24.27,33.95,0.2506,14.2688,5.6501,47.61,195.00588731897938,14.280181884765625,5.653524062782526,6.07629557645839,19.92716116728594,0.059711702579098136,0.050458489406881156,0.05695077651248848,2.130177551012573,1.8520239240816387,0.2781536269309344,-0.6010189333418688,1.15473373902608,2.2900477231140544,1.1543874506695133,0.7520561343794143
lrswm_clora_k1024_lr2e4_s43,lrswm,Llama-Math (lrswm),Llama-2-7B,math,sweep,clora,CLoRA,0.0002,43.0,lrswm_clora_k1024_lr2e4,False,False,False,True,46.93,46.93,gsm8k,31.39,16.64,27.33,41.72,44.12,24.02,32.24,0.2504,13.8807,5.6289,46.93,194.94688862149363,13.921952247619629,5.631783659011125,6.054809380602115,19.98116788851002,0.059795838105190034,0.050272564530121244,0.05704027173204723,2.085273948334638,1.8100692116929957,0.27520473664164213,-0.6013656754616079,1.143700139794626,2.2899163081810987,1.1424113680260213,0.7504235332873189
lrswm_clora_k1024_lr2e4_s44,lrswm,Llama-Math (lrswm),Llama-2-7B,math,sweep,clora,CLoRA,0.0002,44.0,lrswm_clora_k1024_lr2e4,False,False,False,True,45.56,45.56,gsm8k,31.85,17.02,27.18,42.83,42.75,24.44,32.33,0.2513,14.3307,5.6394,45.56,194.72551271939534,14.331428527832031,5.64223414696753,6.105864519758051,19.963542064559746,0.05973781204458169,0.050407990766780465,0.05690734542296187,2.0915205842765294,1.8100692116929957,0.2814513725835337,-0.5998075114074239,1.1562894821512504,2.2894228560263143,1.1562674045433627,0.7512328999850112
lrswm_clora_k1024_lr2e5_s42,lrswm,Llama-Math (lrswm),Llama-2-7B,math,sweep,clora,CLoRA,2e-05,42.0,lrswm_clora_k1024_lr2e5,False,False,False,True,34.87,,gsm8k,34.74,17.55,30.5,46.25,40.2,26.15,33.85,0.1947,5.0204,1.5235,34.87,31.97136893822821,5.029606819152832,1.5245819360017776,2.399548807727332,9.069954465191701,0.058156254606323225,0.050605015998632846,0.06672917646239751,1.9381953046365474,1.8520239240816387,0.0861713805549087,-0.7106340484799682,0.7015340361600169,1.5047612321300043,0.7007383209044021,0.1828424585586924
lrswm_clora_k1024_lr2e5_s43,lrswm,Llama-Math (lrswm),Llama-2-7B,math,sweep,clora,CLoRA,2e-05,43.0,lrswm_clora_k1024_lr2e5,False,False,False,True,35.71,35.71,gsm8k,33.85,17.42,28.99,46.08,40.94,25.64,33.46,0.1922,5.0137,1.517,35.71,31.974881774511918,5.028099060058594,1.518127035908401,2.414174470804397,9.034331500526465,0.05860769347286065,0.0504362066916582,0.06665475919056361,1.893346478123005,1.8100692116929957,0.08327726643000921,-0.7162466166674735,0.7014038252615403,1.5048089473720514,0.7001583439336331,0.18098558078673047
lrswm_clora_k1024_lr2e5_s44,lrswm,Llama-Math (lrswm),Llama-2-7B,math,sweep,clora,CLoRA,2e-05,44.0,lrswm_clora_k1024_lr2e5,False,False,False,True,33.89,33.89,gsm8k,33.47,17.43,25.95,46.76,39.42,25.45,32.61,0.1946,4.9233,1.5214,33.89,31.966680324886944,4.930603981018066,1.522543202340603,2.3978432946070773,9.015248808829371,0.05809878519658601,0.050522287324091475,0.06663785652775112,1.8928999313603405,1.8100692116929957,0.08283071966734479,-0.7108571640676669,0.692900122027113,1.5046975380095549,0.6922563001999235,0.18224341191900045
lrswm_clora_k1024_lr3e4_s42,lrswm,Llama-Math (lrswm),Llama-2-7B,math,sweep,clora,CLoRA,0.0003,42.0,lrswm_clora_k1024_lr3e4,False,False,False,True,49.43,,gsm8k,32.5,15.54,29.46,40.96,43.98,24.02,32.49,0.3282,16.3749,7.085,49.43,274.51010190836706,16.394893646240234,7.086797436699271,7.6141043285663965,22.344677480252486,0.05796571657482437,0.048803430524136625,0.055675389468849985,2.2787372986968264,1.8520239240816387,0.42671337461518766,-0.4838614232829256,1.2147086037439745,2.438558331016841,1.2141786564756802,0.8503398545834792
lrswm_clora_k1024_lr3e4_s43,lrswm,Llama-Math (lrswm),Llama-2-7B,math,sweep,clora,CLoRA,0.0003,43.0,lrswm_clora_k1024_lr3e4,False,False,False,True,49.05,49.05,gsm8k,29.98,15.62,29.27,42.15,40.11,22.8,31.43,0.3191,17.0256,7.1067,49.05,274.402508670628,17.032489776611328,7.107736168801784,7.529885113171816,22.352257939912768,0.058533722619931304,0.04872563772113779,0.055885939469746515,2.2125124366402504,1.8100692116929957,0.4024432249472547,-0.49607319580648956,1.2312781369355146,2.4383880775042126,1.23110242584753,0.8516679826586218
lrswm_clora_k1024_lr3e4_s44,lrswm,Llama-Math (lrswm),Llama-2-7B,math,sweep,clora,CLoRA,0.0003,44.0,lrswm_clora_k1024_lr3e4,False,False,False,True,47.38,47.38,gsm8k,31.98,15.54,25.29,42.24,39.97,23.76,31.0,0.318,17.3113,7.0445,47.38,274.4476547587092,17.33991050720215,7.0462344694882635,7.678778506044547,22.501297616553604,0.05812967631078671,0.04873930717085178,0.05569301704169005,2.1945281098090095,1.8100692116929957,0.38445889811601375,-0.4975728800155673,1.2390468517140916,2.4384595239509252,1.238329682642993,0.8478501734642485
lrswm_clora_k1024_lr5e4_s42,lrswm,Llama-Math (lrswm),Llama-2-7B,math,sweep,clora,CLoRA,0.0005,42.0,lrswm_clora_k1024_lr5e4,False,False,False,True,47.23,,gsm8k,30.53,15.01,25.8,36.86,43.07,22.77,30.25,0.4801,20.1656,9.4934,47.23,423.8496544426218,20.168046951293945,9.494092588126659,10.483988069438093,25.20338434899169,0.05737079276802156,0.047317430543414404,0.05524678267078601,2.469135914528221,1.8520239240816387,0.617111990446582,-0.31866829403083424,1.3046638437088567,2.6272118334206045,1.3046111483774858,0.9774217800552476
lrswm_clora_k1024_lr5e4_s43,lrswm,Llama-Math (lrswm),Llama-2-7B,math,sweep,clora,CLoRA,0.0005,43.0,lrswm_clora_k1024_lr5e4,False,False,False,True,45.49,45.49,gsm8k,29.9,13.8,27.7,38.91,42.28,21.85,30.52,0.5001,20.458,9.5498,45.49,423.89758661279416,20.465364456176758,9.550436662137509,10.392577014400011,25.12423830055186,0.057607986447958934,0.047271456019390076,0.05539323725351462,2.430127493027345,1.8100692116929957,0.6200582813343491,-0.30094314545233225,1.3110194831565671,2.627260943995138,1.310863174272544,0.9799942763161117
lrswm_clora_k1024_lr5e4_s44,lrswm,Llama-Math (lrswm),Llama-2-7B,math,sweep,clora,CLoRA,0.0005,44.0,lrswm_clora_k1024_lr5e4,False,False,False,True,46.25,46.25,gsm8k,30.18,14.5,28.96,37.71,42.98,22.34,30.87,0.4962,21.4521,9.6694,46.25,424.91280676905853,21.456695556640625,9.670600449293852,10.24609403578034,24.939093167762177,0.05751486131540625,0.04723692633940168,0.05529958242330855,2.464094345042527,1.8520239240816387,0.612070420960888,-0.3043432400638097,1.3315628391575354,2.6282998208172503,1.3314698127804472,0.9853995263297906
lrswm_clora_k1024_lr5e5_s42,lrswm,Llama-Math (lrswm),Llama-2-7B,math,sweep,clora,CLoRA,5e-05,42.0,lrswm_clora_k1024_lr5e5,False,False,False,True,40.64,,gsm8k,33.33,17.78,30.22,45.48,42.68,25.56,33.9,0.2113,7.197,2.6017,40.64,63.21678987932209,7.204617977142334,2.603040646761656,3.2239230048615135,11.856344741847956,0.06113583401875949,0.05673863128540896,0.06305073894056933,1.9766705135096625,1.8520239240816387,0.12464658942802376,-0.6751005029476866,0.8576109574168167,1.8008324387814334,0.8571515026874931,0.4152572169542354
lrswm_clora_k1024_lr5e5_s43,lrswm,Llama-Math (lrswm),Llama-2-7B,math,sweep,clora,CLoRA,5e-05,43.0,lrswm_clora_k1024_lr5e5,False,False,False,True,40.79,40.79,gsm8k,33.56,17.83,28.27,44.45,42.46,25.7,33.31,0.2101,7.5251,2.6008,40.79,63.16645053935794,7.52816915512085,2.601647498831153,3.2467751451325224,11.852051657503303,0.06151087378772073,0.05682422527985222,0.06325619050480091,1.9313566403964757,1.8100692116929957,0.12128742870347997,-0.6775739475940474,0.8766893689620033,1.8004864736257244,0.8765122755827747,0.4151069564880703
lrswm_clora_k1024_lr5e5_s44,lrswm,Llama-Math (lrswm),Llama-2-7B,math,sweep,clora,CLoRA,5e-05,44.0,lrswm_clora_k1024_lr5e5,False,False,False,True,38.97,38.97,gsm8k,33.01,17.61,26.06,45.65,42.14,25.31,32.89,0.2147,7.6544,2.6213,38.97,63.36482429698994,7.661944389343262,2.622530509531498,3.2051559706315724,11.726815024699855,0.06133138351970465,0.05674146986570952,0.06319036582709252,1.9289723186526395,1.8100692116929957,0.11890310695964379,-0.6681679555637513,0.8843389955341638,1.8018482349608844,0.8839111536362793,0.41851672750468116
lrswm_dora_r16_lr1e3_s42,lrswm,Llama-Math (lrswm),Llama-2-7B,math,sweep,dora,DoRA,0.001,42.0,lrswm_dora_r16_lr1e3,False,False,False,True,31.92,,gsm8k,27.45,8.33,24.9,26.96,45.31,17.89,26.59,2.1922,437.5943,37.309,31.92,1429.5213498668618,437.58978271484375,37.30732204318046,9.289862491829021,14.22206788855673,0.09490291534925617,0.04595900221085354,0.08672312003312424,3.4366585805245617,1.8520239240816387,1.584634656442923,0.3408801734136458,2.641067173100588,3.15519064592005,2.641071656344869,1.5718136087218237
lrswm_dora_r16_lr1e3_s43,lrswm,Llama-Math (lrswm),Llama-2-7B,math,sweep,dora,DoRA,0.001,43.0,lrswm_dora_r16_lr1e3,False,False,False,True,33.51,33.51,gsm8k,29.38,9.19,22.99,26.88,44.98,19.28,26.68,2.2162,420.4177,36.5227,33.51,1398.7460023363042,420.4073791503906,36.52120270729065,9.201462605445368,14.219974035427745,0.09508505216215792,0.04560273813314155,0.08624917691527216,4.143608802145036,1.8100692116929957,2.33353959045204,0.345608950540594,2.6236703303252114,3.145738858309765,2.623680991967318,1.562562875974996
lrswm_dora_r16_lr1e3_s44,lrswm,Llama-Math (lrswm),Llama-2-7B,math,sweep,dora,DoRA,0.001,44.0,lrswm_dora_r16_lr1e3,False,False,False,True,31.54,31.54,gsm8k,27.12,9.9,25.75,28.33,42.02,18.51,26.62,2.3127,393.6492,37.1586,31.54,1423.9630054298216,393.642822265625,37.15663389563561,9.152248495871028,14.178223224107276,0.09638196294341725,0.04582702115417076,0.08803394554610414,3.450525402815216,1.8100692116929957,1.6404561911222204,0.3641193003907618,2.595102336868216,3.1534987064733153,2.595109373176899,1.5700593430038334
lrswm_dora_r16_lr1e4_s42,lrswm,Llama-Math (lrswm),Llama-2-7B,math,sweep,dora,DoRA,0.0001,42.0,lrswm_dora_r16_lr1e4,False,False,False,True,41.93,,gsm8k,33.56,16.59,26.53,44.88,44.16,25.08,33.14,0.3191,19.901,5.978,41.93,124.04830028441566,19.945127487182617,5.980342897772789,2.5326535907989176,6.886125440893195,0.0681972331918618,0.05262323199386393,0.07033031404960212,2.1351158768386,1.8520239240816387,0.2830919527569611,-0.49607319580648956,1.2998368166199357,2.093590817925791,1.298874899704699,0.7765559107032619
lrswm_dora_r16_lr1e4_s43,lrswm,Llama-Math (lrswm),Llama-2-7B,math,sweep,dora,DoRA,0.0001,43.0,lrswm_dora_r16_lr1e4,False,False,False,True,43.75,43.75,gsm8k,32.04,16.89,29.58,45.14,41.85,24.46,33.1,0.3207,17.011,5.9233,43.75,123.62246883345364,17.031932830810547,5.925734865665436,2.5762027079786636,6.952974749276355,0.06913891582162444,0.05224750717242339,0.07059365165674651,1.9876317481902748,1.8100692116929957,0.17756253649727904,-0.49390104007155955,1.2312639356974189,2.0920974125290575,1.2307298445776804,0.7725637291030624
lrswm_dora_r16_lr1e4_s44,lrswm,Llama-Math (lrswm),Llama-2-7B,math,sweep,dora,DoRA,0.0001,44.0,lrswm_dora_r16_lr1e4,False,False,False,True,42.08,42.08,gsm8k,33.21,16.75,31.0,44.54,42.83,24.98,33.67,0.32,18.9338,6.0154,42.08,124.09285327896015,18.969247817993164,6.017787933349609,2.500017510823516,6.807988006621012,0.06854470217478172,0.052261874328631996,0.07041463394814838,2.049861135147065,1.8100692116929957,0.2397919234540693,-0.494850021680094,1.2780501102786723,2.093746770452109,1.2772377853008932,0.7792645114791661
lrswm_dora_r16_lr2e4_s42,lrswm,Llama-Math (lrswm),Llama-2-7B,math,sweep,dora,DoRA,0.0002,42.0,lrswm_dora_r16_lr2e4,False,False,False,True,45.56,,gsm8k,31.96,16.72,28.54,41.04,42.38,24.34,32.13,0.3777,25.6792,9.9953,45.56,240.81980963719906,25.714889526367188,10.001145376265049,3.482865851458648,9.473752312277439,0.06665012909352538,0.04927033539228003,0.0665270086407837,2.1636196462120223,1.8520239240816387,0.31159572213038356,-0.422853015172475,1.4101846628903507,2.3816922087579946,1.4095814897629604,0.9997958336106447
lrswm_dora_r16_lr2e4_s43,lrswm,Llama-Math (lrswm),Llama-2-7B,math,sweep,dora,DoRA,0.0002,43.0,lrswm_dora_r16_lr2e4,False,False,False,True,46.17,46.17,gsm8k,31.96,16.02,27.45,42.83,40.26,23.99,31.7,0.39,27.5684,9.9224,46.17,240.08849225915324,27.62748908996582,9.927496317029,3.5230668109246173,9.484978192028617,0.0669184583941354,0.04946047284402223,0.06680825865117783,2.109795961038702,1.8100692116929957,0.2997267493457063,-0.4089353929735008,1.4413414160810247,2.380371344279763,1.4404115614871689,0.9966167306916187
lrswm_dora_r16_lr2e4_s44,lrswm,Llama-Math (lrswm),Llama-2-7B,math,sweep,dora,DoRA,0.0002,44.0,lrswm_dora_r16_lr2e4,False,False,False,True,45.34,45.34,gsm8k,31.65,16.82,28.61,42.92,41.54,24.24,32.31,0.3777,26.5985,9.9622,45.34,241.56976177166692,26.655105590820312,9.967164385318757,3.539514643797553,9.516803603642666,0.06709518773996112,0.04969265459859943,0.06664521268076856,2.1053610398586,1.8100692116929957,0.29529182816560406,-0.422853015172475,1.4257804072669018,2.3830425710186987,1.4248571456501924,0.9983552563307643
lrswm_dora_r16_lr2e5_s42,lrswm,Llama-Math (lrswm),Llama-2-7B,math,sweep,dora,DoRA,2e-05,42.0,lrswm_dora_r16_lr2e5,False,False,False,True,33.28,,gsm8k,33.96,16.41,30.55,46.67,41.43,25.18,33.8,0.3267,7.1279,2.0826,33.28,33.11993345860088,7.146727561950684,2.0845887679606676,1.2923299635100218,2.3406225752857566,0.05918019644183675,0.049792047613897585,0.08624950023717068,1.9189572264331938,1.8520239240816387,0.06693330235155504,-0.48585086552456264,0.8541072268197011,1.520089455570829,0.8529615981903177,0.3186058640550556
lrswm_dora_r16_lr2e5_s43,lrswm,Llama-Math (lrswm),Llama-2-7B,math,sweep,dora,DoRA,2e-05,43.0,lrswm_dora_r16_lr2e5,False,False,False,True,34.5,34.5,gsm8k,33.27,17.45,30.62,45.99,41.06,25.36,33.68,0.3295,6.9882,2.0703,34.5,33.055648802220745,7.006877422332764,2.0723764941096308,1.3069564584383295,2.3728599760316262,0.059387189848349176,0.04983152151504521,0.08674166827916363,1.8764704886857582,1.8100692116929957,0.06640127699276244,-0.4821445810699713,0.8455245200524273,1.5192456857280847,0.8443653258548877,0.31603328212566106
lrswm_dora_r16_lr2e5_s44,lrswm,Llama-Math (lrswm),Llama-2-7B,math,sweep,dora,DoRA,2e-05,44.0,lrswm_dora_r16_lr2e5,False,False,False,True,32.68,32.68,gsm8k,33.73,17.12,29.53,46.59,40.79,25.42,33.55,0.336,7.0258,2.083,32.68,33.182680499267846,7.0422163009643555,2.085045375674963,1.3067079734781148,2.355788320136356,0.05946687125582722,0.049695886538995086,0.08649877405756122,1.8763594162948192,1.8100692116929957,0.06629020460182344,-0.4736607226101559,0.8477093602502946,1.5209114654442313,0.8466957827841233,0.3186892699477459
lrswm_dora_r16_lr3e4_s42,lrswm,Llama-Math (lrswm),Llama-2-7B,math,sweep,dora,DoRA,0.0003,42.0,lrswm_dora_r16_lr3e4,False,False,False,True,46.93,,gsm8k,31.35,15.26,27.38,38.57,41.57,23.3,30.83,0.4904,33.728,13.4408,46.93,365.47052164140314,33.76801681518555,13.451130256056786,4.439645895742562,11.167945305393538,0.06542341733693946,0.04838373259226572,0.06475718864258674,2.294905685727723,1.8520239240816387,0.4428817616460843,-0.30944953848964135,1.5285055554085076,2.5628523531002596,1.5279905891964338,1.1284251188104841
lrswm_dora_r16_lr3e4_s43,lrswm,Llama-Math (lrswm),Llama-2-7B,math,sweep,dora,DoRA,0.0003,43.0,lrswm_dora_r16_lr3e4,False,False,False,True,47.16,47.16,gsm8k,31.27,15.18,28.74,40.02,39.11,23.22,30.86,0.5251,31.6266,13.4748,47.16,363.4705149064016,31.663190841674805,13.483838841319084,4.44614821897094,11.07445654983065,0.06545230751765442,0.048276584704168866,0.064952296058962,2.2732573534278484,1.8100692116929957,0.4631881417348527,-0.279757981712943,1.5005546785334367,2.5604691862189357,1.5000525058390164,1.1295223278817093
lrswm_dora_r16_lr3e4_s44,lrswm,Llama-Math (lrswm),Llama-2-7B,math,sweep,dora,DoRA,0.0003,44.0,lrswm_dora_r16_lr3e4,False,False,False,True,45.26,45.26,gsm8k,31.67,14.51,28.93,39.51,40.73,23.09,31.07,0.5237,33.4319,13.3703,45.26,362.7608015738123,33.46475601196289,13.379753229022025,4.475292315158634,11.157366149614342,0.06522450872211272,0.048264790554473115,0.06468872309357022,2.2376206042285074,1.8100692116929957,0.42755139253551167,-0.28091742609851406,1.5245876629554027,2.559620352864594,1.5241610590953343,1.1261411519802245
lrswm_dora_r16_lr5e4_s42,lrswm,Llama-Math (lrswm),Llama-2-7B,math,sweep,dora,DoRA,0.0005,42.0,lrswm_dora_r16_lr5e4,False,False,False,True,45.26,,gsm8k,31.27,12.05,28.06,35.15,42.31,21.66,29.77,0.9321,117.4489,20.0822,45.26,637.5181986436988,117.44839477539062,20.09199277162552,6.252310262063599,13.006889347730668,0.07664323124617693,0.04639250985733558,0.07124573177789344,2.577068808140023,1.8520239240816387,0.7250448840583843,-0.03053749202536309,2.06984708543926,2.8044925866867416,2.0698489536281652,1.3028112879313352
lrswm_dora_r16_lr5e4_s43,lrswm,Llama-Math (lrswm),Llama-2-7B,math,sweep,dora,DoRA,0.0005,43.0,lrswm_dora_r16_lr5e4,False,False,False,True,44.2,44.2,gsm8k,29.52,12.54,24.13,35.67,42.93,21.03,28.96,0.8492,56.446,19.6115,44.2,626.4218939593616,56.444786071777344,19.62034695148468,6.312690719311741,13.160021234505384,0.06950948719971857,0.04699799468838199,0.06640349168874357,2.4903192727724566,1.8100692116929957,0.6802500610794608,-0.07099001450603883,1.7516238313834704,2.7968669282637633,1.751633171425238,1.2925108122710078
lrswm_dora_r16_lr5e4_s44,lrswm,Llama-Math (lrswm),Llama-2-7B,math,sweep,dora,DoRA,0.0005,44.0,lrswm_dora_r16_lr5e4,False,False,False,True,44.28,44.28,gsm8k,30.16,12.57,27.8,37.2,42.88,21.36,30.12,0.8888,97.2612,19.9288,44.28,629.1573321475935,97.2593002319336,19.937479564547537,6.182236436175476,12.990312842354587,0.07197432846418553,0.04667724276358904,0.06909777196089101,2.484930321338413,1.8100692116929957,0.6748611096454173,-0.051195954067188784,1.9879311405508597,2.798759262201117,1.9879396235517484,1.299481148722142
lrswm_dora_r16_lr5e5_s42,lrswm,Llama-Math (lrswm),Llama-2-7B,math,sweep,dora,DoRA,5e-05,42.0,lrswm_dora_r16_lr5e5,False,False,False,True,38.36,,gsm8k,34.71,17.14,28.79,44.8,42.46,25.92,33.58,0.3361,13.1105,3.6832,38.36,66.34165279622873,13.14430046081543,3.6855702981352807,1.8420305518304765,4.421956071907698,0.06534355221547643,0.05639165761015157,0.07666192222006676,1.9671348032823675,1.8520239240816387,0.11511087920072871,-0.47353148753052254,1.1187374779211292,1.8217862870710178,1.117619254855621,0.5662253019496978
lrswm_dora_r16_lr5e5_s43,lrswm,Llama-Math (lrswm),Llama-2-7B,math,sweep,dora,DoRA,5e-05,43.0,lrswm_dora_r16_lr5e5,False,False,False,True,39.2,39.2,gsm8k,34.31,16.86,25.66,44.71,41.46,25.58,32.6,0.3357,11.5545,3.6746,39.2,66.14162017299606,11.577434539794922,3.676734610646963,1.866132795942874,4.430817409271952,0.06519730493550248,0.05573916311112531,0.07613683818594114,1.922006873709949,1.8100692116929957,0.11193766201695321,-0.47404865875198754,1.0636123341197232,1.8204748289746289,1.0627511569168842,0.5652100706998118
lrswm_dora_r16_lr5e5_s44,lrswm,Llama-Math (lrswm),Llama-2-7B,math,sweep,dora,DoRA,5e-05,44.0,lrswm_dora_r16_lr5e5,False,False,False,True,41.7,41.7,gsm8k,34.3,17.39,28.44,44.8,41.28,25.84,33.24,0.3394,12.1508,3.6875,41.7,66.25980642602256,12.178173065185547,3.6895715802907945,1.8625723453529122,4.422830256304651,0.06457826333907868,0.055666809657576706,0.07623288329733767,1.9276548867797298,1.8100692116929957,0.11758567508673412,-0.46928816201834306,1.0855821415628977,1.8212501627829916,1.0846048725143982,0.5667320289862194
lrswm_lora_r16_lr1e3_s42,lrswm,Llama-Math (lrswm),Llama-2-7B,math,sweep,lora,LoRA,0.001,42.0,lrswm_lora_r16_lr1e3,False,False,False,True,41.77,,gsm8k,29.17,9.8,25.34,31.14,41.03,19.48,27.3,1.2748,178.5354,27.5907,41.77,1110.3015247867693,178.53224182128906,27.588837504386902,10.381008993736664,15.030011084468194,0.0721140245734631,0.04495218388277928,0.0675160029941139,3.1144936444853273,1.8520239240816387,1.2624697204036885,0.10544205480169504,2.251716658434871,3.0454409362355843,2.251724340898508,1.4407627190468133
lrswm_lora_r16_lr1e3_s43,lrswm,Llama-Math (lrswm),Llama-2-7B,math,sweep,lora,LoRA,0.001,43.0,lrswm_lora_r16_lr1e3,False,False,False,True,42.23,42.23,gsm8k,28.87,10.57,25.1,29.44,41.05,19.72,27.01,1.2432,166.1505,27.6062,42.23,1120.6808349339756,166.1470489501953,27.60352548956871,10.510729064975054,15.062734117738964,0.07219411222779967,0.04517200363815697,0.0676196972804096,3.1578702270663004,1.8100692116929957,1.3478010153733047,0.09454100145683908,2.2204926318860037,3.04948194500968,2.2205016525477075,1.4410066300145103
lrswm_lora_r16_lr1e3_s44,lrswm,Llama-Math (lrswm),Llama-2-7B,math,sweep,lora,LoRA,0.001,44.0,lrswm_lora_r16_lr1e3,False,False,False,True,41.85,41.85,gsm8k,27.28,10.87,25.2,29.95,42.85,19.08,27.23,1.2915,145.7182,27.6013,41.85,1117.5808654510352,145.71630859375,27.598764246702196,10.453561493302168,15.064544150107697,0.07129410924705805,0.04506576776234492,0.06721358082730815,3.1029373377616634,1.8520239240816387,1.2509134136800246,0.11109441050933604,2.1635081608016176,3.0482789574402624,2.1635137979329335,1.4409295374829916
lrswm_lora_r16_lr1e4_s42,lrswm,Llama-Math (lrswm),Llama-2-7B,math,sweep,lora,LoRA,0.0001,42.0,lrswm_lora_r16_lr1e4,False,False,False,True,41.32,,gsm8k,32.47,18.16,32.22,44.2,41.81,25.32,33.77,0.3269,17.2765,6.0569,41.32,124.48362000663134,17.303205490112305,6.05922540128231,2.4983827802929186,6.7796696738965645,0.06822995807495497,0.052617359436872777,0.07014945856209064,2.1440757932898475,1.8520239240816387,0.2920518692082088,-0.48558507941963097,1.2381265654242293,2.0951122091928904,1.237455764494394,0.7822504034789364
lrswm_lora_r16_lr1e4_s43,lrswm,Llama-Math (lrswm),Llama-2-7B,math,sweep,lora,LoRA,0.0001,43.0,lrswm_lora_r16_lr1e4,False,False,False,True,43.97,43.97,gsm8k,33.13,17.15,26.17,44.37,43.22,25.14,32.81,0.3173,16.3843,5.9945,43.97,124.09477819319257,16.412500381469727,5.996973268687725,2.5407167011031087,6.869078554737866,0.06916435377063027,0.05216500247006344,0.07080661896049778,2.0848437628083913,1.8100692116929957,0.2747745511153956,-0.4985299278995877,1.2151747491916833,2.0937535071264897,1.2144278913924018,0.7777529645329821
lrswm_lora_r16_lr1e4_s44,lrswm,Llama-Math (lrswm),Llama-2-7B,math,sweep,lora,LoRA,0.0001,44.0,lrswm_lora_r16_lr1e4,False,False,False,True,42.53,42.53,gsm8k,33.11,17.0,29.13,43.43,43.02,25.06,33.14,0.3184,17.1395,6.0466,42.53,124.63201145631508,17.168222427368164,6.049093353748321,2.512966702380777,6.80653458149207,0.06872322766344827,0.05235107570019117,0.07048281958057957,2.0807175013566215,1.8100692116929957,0.27064828966362575,-0.49702694093436856,1.2347253312733704,2.095629604227503,1.2339981483684939,0.7815112397257366
lrswm_lora_r16_lr2e4_s42,lrswm,Llama-Math (lrswm),Llama-2-7B,math,sweep,lora,LoRA,0.0002,42.0,lrswm_lora_r16_lr2e4,False,False,False,True,46.25,,gsm8k,31.75,15.39,26.9,40.96,41.93,23.57,31.39,0.3819,29.4329,10.0446,46.25,241.98295423828736,29.487096786499023,10.049711734056473,3.490516292589847,9.48080399358965,0.06703406972106526,0.049542008981129294,0.06629763906687469,2.143005645946444,1.8520239240816387,0.2909817218648052,-0.41805034162668214,1.4696320152893019,2.3837847744887686,1.4688330548943438,1.0019326467834573
lrswm_lora_r16_lr2e4_s43,lrswm,Llama-Math (lrswm),Llama-2-7B,math,sweep,lora,LoRA,0.0002,43.0,lrswm_lora_r16_lr2e4,False,False,False,True,46.02,46.02,gsm8k,33.01,16.28,29.33,40.53,39.41,24.64,31.71,0.3961,28.8372,10.106,46.02,239.7286562096234,28.887216567993164,10.111212615668773,3.4078004800359807,9.26836949069123,0.06668737159280692,0.0495928817018278,0.06662533436048138,2.095213061432722,1.8100692116929957,0.28514384973972606,-0.40219515759570706,1.4607056973513652,2.379719950970889,1.4599530894876318,1.0045792939022116
lrswm_lora_r16_lr2e4_s44,lrswm,Llama-Math (lrswm),Llama-2-7B,math,sweep,lora,LoRA,0.0002,44.0,lrswm_lora_r16_lr2e4,False,False,False,True,46.32,46.32,gsm8k,31.85,16.76,31.15,43.0,43.52,24.3,33.26,0.3765,28.3849,9.9894,46.32,242.2145592357421,28.449485778808594,9.99551155269146,3.5411991309790136,9.517961262464304,0.06712136232033573,0.04937705462992974,0.06662040282769548,2.0960288423871924,1.8100692116929957,0.2859596306941967,-0.4242350194632806,1.4540744209790981,2.384200244528362,1.4530873685447083,0.9995394036899882
lrswm_lora_r16_lr2e5_s42,lrswm,Llama-Math (lrswm),Llama-2-7B,math,sweep,lora,LoRA,2e-05,42.0,lrswm_lora_r16_lr2e5,False,False,False,True,33.89,,gsm8k,34.94,17.2,30.4,46.08,40.95,26.07,33.91,0.3309,6.9483,2.0766,33.89,33.150829391102945,6.9657745361328125,2.0784238394349814,1.3151479045550043,2.4023813317589497,0.059617615730363144,0.05071641619810908,0.08599654653350784,1.9127797898096406,1.8520239240816387,0.060755865728001845,-0.4803032328401469,0.8429694133754416,1.5204943983659334,0.8418785612908734,0.31735284967777133
lrswm_lora_r16_lr2e5_s43,lrswm,Llama-Math (lrswm),Llama-2-7B,math,sweep,lora,LoRA,2e-05,43.0,lrswm_lora_r16_lr2e5,False,False,False,True,34.57,34.57,gsm8k,34.43,17.6,31.93,46.67,41.41,26.02,34.41,0.332,7.346,2.0636,34.57,33.12535851454503,7.369046688079834,2.0655243031680586,1.330425918178994,2.425208319685763,0.06006705230893842,0.049802629508012,0.08621789309555276,1.871270961899134,1.8100692116929957,0.06120175020613838,-0.4788619162959637,0.8674113080916893,1.5201605873236117,0.866050924009275,0.31462551920127074
lrswm_lora_r16_lr2e5_s44,lrswm,Llama-Math (lrswm),Llama-2-7B,math,sweep,lora,LoRA,2e-05,44.0,lrswm_lora_r16_lr2e5,False,False,False,True,34.72,34.72,gsm8k,34.66,17.45,29.87,46.33,40.59,26.06,33.78,0.3337,7.0256,2.0815,34.72,33.193753017393526,7.040441513061523,2.0834625653922556,1.3181541726989285,2.3833112974992243,0.05983189034569297,0.05067548397085194,0.08599294667992725,1.8754379517948685,1.8100692116929957,0.06536874010187277,-0.47664379334520723,0.8475998950332869,1.5210563582416472,0.8466834197603126,0.3183764152227962
lrswm_lora_r16_lr3e4_s42,lrswm,Llama-Math (lrswm),Llama-2-7B,math,sweep,lora,LoRA,0.0003,42.0,lrswm_lora_r16_lr3e4,False,False,False,True,46.55,,gsm8k,30.82,14.89,29.62,39.33,42.93,22.86,31.52,0.5196,35.3366,13.2946,46.55,357.9361046445771,35.38069152832031,13.303724777698516,4.404876297006863,11.169757208486956,0.0646994379635869,0.047976700283659426,0.0647810142888098,2.244210448667214,1.8520239240816387,0.3921865245855751,-0.2843308575990098,1.5487663170982542,2.5538055074346233,1.5482247604431378,1.1236752750706627
lrswm_lora_r16_lr3e4_s43,lrswm,Llama-Math (lrswm),Llama-2-7B,math,sweep,lora,LoRA,0.0003,43.0,lrswm_lora_r16_lr3e4,False,False,False,True,48.98,48.98,gsm8k,31.61,15.81,30.33,40.19,43.69,23.71,32.33,0.4993,32.6804,13.151,48.98,360.1881634547464,32.71586990356445,13.161066463589668,4.571142087204912,11.327701828079357,0.06553841705465117,0.04834881315829732,0.06505778692540709,2.2162881504715695,1.8100692116929957,0.40621893877857373,-0.30163843394489026,1.5147584725266352,2.556529436882315,1.5142873635497789,1.1189587777664338
lrswm_lora_r16_lr3e4_s44,lrswm,Llama-Math (lrswm),Llama-2-7B,math,sweep,lora,LoRA,0.0003,44.0,lrswm_lora_r16_lr3e4,False,False,False,True,47.92,47.92,gsm8k,31.1,16.65,32.28,39.33,40.74,23.88,32.02,0.4912,30.0164,13.0188,47.92,359.90566858500944,30.050931930541992,13.029107540845871,4.626842358486581,11.38721889329529,0.06517948314859401,0.048072723913490586,0.06481456653523071,2.1961230878927367,1.8100692116929957,0.38605387619974096,-0.30874164186688874,1.477857944758596,2.5561886869302173,1.4773586041668298,1.114570955246302
lrswm_lora_r16_lr5e4_s42,lrswm,Llama-Math (lrswm),Llama-2-7B,math,sweep,lora,LoRA,0.0005,42.0,lrswm_lora_r16_lr5e4,False,False,False,True,43.59,,gsm8k,29.69,12.28,23.52,35.75,41.24,20.98,28.5,0.7726,46.6037,18.754,43.59,607.3730451695535,46.602760314941406,18.76211716234684,6.4670104806142295,13.341852462098844,0.06536385932934305,0.046864595135781714,0.06392229552170159,2.5792997303866105,1.8520239240816387,0.7272758063049718,-0.11204529619119849,1.6684116410257102,2.783455514296307,1.6684203979302061,1.2730939116720035
lrswm_lora_r16_lr5e4_s43,lrswm,Llama-Math (lrswm),Llama-2-7B,math,sweep,lora,LoRA,0.0005,43.0,lrswm_lora_r16_lr5e4,False,False,False,True,46.55,46.55,gsm8k,29.14,12.82,27.28,34.9,42.01,20.98,29.23,0.7682,48.8576,18.6396,46.55,601.3785445512522,48.85697555541992,18.649400174617767,6.4311960983402665,13.240262071977353,0.06566222681146336,0.04646032652306666,0.06424190788287315,2.4995272521364487,1.8100692116929957,0.6894580404434529,-0.11452569717084266,1.688926578882883,2.7791479296686967,1.688932129596967,1.27043658829389
lrswm_lora_r16_lr5e4_s44,lrswm,Llama-Math (lrswm),Llama-2-7B,math,sweep,lora,LoRA,0.0005,44.0,lrswm_lora_r16_lr5e4,False,False,False,True,45.34,45.34,gsm8k,30.07,12.52,26.29,36.43,44.64,21.3,29.99,0.7694,38.2746,18.6468,45.34,606.0516684292091,38.27418518066406,18.65533978641033,6.500181642060075,13.360186557436213,0.06569880460419945,0.04691236640517992,0.0640966151434918,2.4916844220533174,1.8100692116929957,0.6816152103603217,-0.11384781802920332,1.5829059537711319,2.7825096511582736,1.5829106606713959,1.2706043127354327
lrswm_lora_r16_lr5e5_s42,lrswm,Llama-Math (lrswm),Llama-2-7B,math,sweep,lora,LoRA,5e-05,42.0,lrswm_lora_r16_lr5e5,False,False,False,True,39.5,,gsm8k,32.3,17.48,29.11,44.8,40.94,24.89,32.93,0.355,12.352,3.7131,39.5,66.80532567893329,12.378592491149902,3.7152500048279764,1.8434109428967795,4.366754568215595,0.0656119299856244,0.05638819221098516,0.07640584824325784,2.091493242783486,1.8520239240816387,0.2394693187018473,-0.44977164694490596,1.09267126600252,1.8248110855410946,1.091737282991661,0.5697366456612171
lrswm_lora_r16_lr5e5_s43,lrswm,Llama-Math (lrswm),Llama-2-7B,math,sweep,lora,LoRA,5e-05,43.0,lrswm_lora_r16_lr5e5,False,False,False,True,40.94,40.94,gsm8k,34.28,17.35,30.96,45.73,41.92,25.82,34.05,0.3592,11.4533,3.6906,40.94,66.57670490090081,11.473810195922852,3.692653401196003,1.868696201377129,4.391979910773557,0.06610809258145114,0.056292006322530355,0.076945122783179,2.0474077338355605,1.8100692116929957,0.2373385221425648,-0.4446636720047332,1.0597076613434289,1.8233222966967522,1.0589306364840303,0.5670969774073914
lrswm_lora_r16_lr5e5_s44,lrswm,Llama-Math (lrswm),Llama-2-7B,math,sweep,lora,LoRA,5e-05,44.0,lrswm_lora_r16_lr5e5,False,False,False,True,40.33,40.33,gsm8k,33.56,17.45,29.35,45.56,40.81,25.51,33.35,0.3589,11.7362,3.7026,40.33,66.91406855547437,11.755385398864746,3.7047675266861915,1.8764728461976796,4.4292454256132086,0.06576993904915256,0.056567048457255,0.07660431531275307,2.0266277359175087,1.8100692116929957,0.21655852422451294,-0.44502654166676014,1.0702368719855477,1.8255174369556983,1.0695275018369546,0.5685067967980301
lrswm_lorawd_wd0p3_lr1e3_s42,lrswm,Llama-Math (lrswm),Llama-2-7B,math,sweep,lorawd,LoRA+wd,0.001,42.0,lrswm_lorawd_wd0p3_lr1e3,False,False,False,True,48.98,,gsm8k,30.82,13.83,30.07,37.8,44.17,22.32,31.34,0.5181,43.9499,8.1399,48.98,366.76242657260536,43.94903564453125,8.141169725358486,13.86929765421961,27.073579690889773,0.07705158023428155,0.046095134398202925,0.0754390467213692,2.2907579486607186,1.8520239240816387,0.43873402457907984,-0.2855864077128788,1.642949349970574,2.5643848374450653,1.6429578912528489,0.9106190695433833
lrswm_lorawd_wd0p3_lr1e3_s43,lrswm,Llama-Math (lrswm),Llama-2-7B,math,sweep,lorawd,LoRA+wd,0.001,43.0,lrswm_lorawd_wd0p3_lr1e3,False,False,False,True,48.98,48.98,gsm8k,31.06,14.12,32.69,36.77,43.48,22.59,31.62,0.5605,42.39,8.1679,48.98,367.19095414017403,42.38936996459961,8.169217023253442,13.866040110105793,27.048878502191222,0.07640092001910297,0.04608660647245129,0.07533353969234269,2.2948955328680105,1.8520239240816387,0.4428716087863718,-0.25142438306900805,1.6272569616748216,2.5648919736855316,1.6272634165682212,0.912110412022776
lrswm_lorawd_wd0p3_lr1e3_s44,lrswm,Llama-Math (lrswm),Llama-2-7B,math,sweep,lorawd,LoRA+wd,0.001,44.0,lrswm_lorawd_wd0p3_lr1e3,False,False,False,True,48.29,48.29,gsm8k,31.44,13.51,26.04,36.52,42.02,22.48,29.91,0.5492,45.0905,8.1272,48.29,367.0175430340701,45.08978271484375,8.128483724594116,13.971291201044691,27.065108497148998,0.07704054787524652,0.04609167811558584,0.07547706328154123,2.2508834452451136,1.8100692116929957,0.4408142335521179,-0.2602694714352825,1.6540781424706483,2.5646868235458316,1.6540850511423877,0.9099409473162156
lrswm_lorawd_wd0p3_lr1e4_s42,lrswm,Llama-Math (lrswm),Llama-2-7B,math,sweep,lorawd,LoRA+wd,0.0001,42.0,lrswm_lorawd_wd0p3_lr1e4,False,False,False,True,46.02,,gsm8k,34.14,17.3,30.86,43.69,43.12,25.72,33.82,0.2576,15.2769,4.8881,46.02,114.64359775601804,15.297760963439941,4.8894686356186865,3.3435788186248048,11.448869427677511,0.07044980644802912,0.052961042367787384,0.07090700408258904,2.0256795699150967,1.8520239240816387,0.17365564583345794,-0.5890541413122256,1.1846278705312294,2.0593498066728593,1.1840352358180695,0.6891400820552733
lrswm_lorawd_wd0p3_lr1e4_s43,lrswm,Llama-Math (lrswm),Llama-2-7B,math,sweep,lorawd,LoRA+wd,0.0001,43.0,lrswm_lorawd_wd0p3_lr1e4,False,False,False,True,44.81,44.81,gsm8k,32.71,18.85,32.29,43.94,43.78,25.78,34.31,0.2539,13.8368,4.887,44.81,113.97954524682227,13.882534980773926,4.888664399087429,3.2936103421393406,11.323960374403384,0.06990287322495306,0.05325599273868408,0.07096005059252682,2.0213657306726227,1.8520239240816387,0.16934180659098397,-0.5953372991262778,1.142468776467525,2.0568269199023343,1.1410356636011787,0.6890423390281718
lrswm_lorawd_wd0p3_lr1e4_s44,lrswm,Llama-Math (lrswm),Llama-2-7B,math,sweep,lorawd,LoRA+wd,0.0001,44.0,lrswm_lorawd_wd0p3_lr1e4,False,False,False,True,46.32,46.32,gsm8k,33.34,18.26,31.01,44.8,43.35,25.8,34.15,0.2521,14.9287,4.8735,46.32,114.62699535627132,14.949050903320312,4.875416608154774,3.364207904723253,11.498670631320293,0.07035981757506456,0.052596734914797834,0.07103640176516633,1.9787553999005745,1.8100692116929957,0.16868618820757875,-0.5984271543235541,1.1746136207182987,2.0592869086752477,1.1740219907519602,0.687840970400664
lrswm_lorawd_wd0p3_lr2e4_s42,lrswm,Llama-Math (lrswm),Llama-2-7B,math,sweep,lorawd,LoRA+wd,0.0002,42.0,lrswm_lorawd_wd0p3_lr2e4,False,False,False,True,48.98,,gsm8k,33.37,17.7,28.6,42.83,43.53,25.53,33.21,0.2882,17.3409,6.3121,48.98,179.77524193208524,17.34383201599121,6.315128889679909,4.940415817515192,16.06807424164007,0.06863354048595646,0.05052814841874779,0.06822765904184998,2.0790930665962932,1.8520239240816387,0.2270691425146545,-0.5403060235220295,1.2391450585113508,2.254729881876467,1.2390716337913166,0.8001738706044328
lrswm_lorawd_wd0p3_lr2e4_s43,lrswm,Llama-Math (lrswm),Llama-2-7B,math,sweep,lorawd,LoRA+wd,0.0002,43.0,lrswm_lorawd_wd0p3_lr2e4,False,False,False,True,50.57,50.57,gsm8k,33.42,17.34,33.52,42.41,41.68,25.38,33.67,0.2899,17.5447,6.503,50.57,179.1739118724779,17.56104278564453,6.505962316691876,4.65063941303373,15.630003378430924,0.06817694685167287,0.05036423037623694,0.0684615588441411,2.029886259612379,1.8100692116929957,0.21981704791938328,-0.5377517846450026,1.244550301012278,2.2532747756686415,1.244145946534983,0.8131137540078986
lrswm_lorawd_wd0p3_lr2e4_s44,lrswm,Llama-Math (lrswm),Llama-2-7B,math,sweep,lorawd,LoRA+wd,0.0002,44.0,lrswm_lorawd_wd0p3_lr2e4,False,False,False,True,49.2,49.2,gsm8k,33.25,17.91,31.44,42.24,41.03,25.58,33.17,0.2839,17.6796,6.2995,49.2,179.54836237395995,17.69582748413086,6.302006554603577,4.92337137108761,16.12909331078001,0.06837757931064266,0.05027215802415694,0.06816371844995574,2.031978237363412,1.8100692116929957,0.22190902567041637,-0.5468346074741428,1.2478708757268184,2.2541814483638127,1.2474724348988913,0.7993060802697148
lrswm_lorawd_wd0p3_lr2e5_s42,lrswm,Llama-Math (lrswm),Llama-2-7B,math,sweep,lorawd,LoRA+wd,2e-05,42.0,lrswm_lorawd_wd0p3_lr2e5,False,False,False,True,35.1,,gsm8k,35.0,17.4,29.59,46.42,41.72,26.2,34.03,0.3199,8.0027,2.2105,35.1,37.903222525091685,8.020543098449707,2.211979519203305,1.586538516397214,3.91351419718079,0.06036356076637521,0.052941395456074125,0.08327417831858558,1.9241371928221571,1.8520239240816387,0.07211326874051838,-0.49498575991589294,0.9042037768470134,1.5786761351757175,0.9032365366507219,0.34449051924189283
lrswm_lorawd_wd0p3_lr2e5_s43,lrswm,Llama-Math (lrswm),Llama-2-7B,math,sweep,lorawd,LoRA+wd,2e-05,43.0,lrswm_lorawd_wd0p3_lr2e5,False,False,False,True,36.69,36.69,gsm8k,35.29,17.51,30.33,46.08,40.48,26.4,33.94,0.3275,7.8727,2.2323,36.69,38.16050291877015,7.876464366912842,2.2335461892187594,1.5820889533879596,3.8729696030880647,0.06121195617032186,0.052296745540362066,0.08382482877557046,2.0435605386893334,1.8100692116929957,0.23349132699633768,-0.4847886956721981,0.8963313126010216,1.5816140896538464,0.8961237023721673,0.348752559257216
lrswm_lorawd_wd0p3_lr2e5_s44,lrswm,Llama-Math (lrswm),Llama-2-7B,math,sweep,lorawd,LoRA+wd,2e-05,44.0,lrswm_lorawd_wd0p3_lr2e5,False,False,False,True,36.77,36.77,gsm8k,34.7,17.27,29.13,45.9,41.2,25.98,33.64,0.3361,7.6189,2.2633,36.77,38.37957421077952,7.63463830947876,2.2649290204048156,1.545867776868415,3.748213566623744,0.06106620048854794,0.055165343379132314,0.08365001501731086,2.039150125081834,1.8100692116929957,0.2290809133888383,-0.47353148753052254,0.8827884672053666,1.5841001522927654,0.8818922733849025,0.354742123424168
lrswm_lorawd_wd0p3_lr3e4_s42,lrswm,Llama-Math (lrswm),Llama-2-7B,math,sweep,lorawd,LoRA+wd,0.0003,42.0,lrswm_lorawd_wd0p3_lr3e4,False,False,False,True,49.13,,gsm8k,31.56,17.3,36.08,40.44,42.27,24.43,33.53,0.3592,18.0775,6.9481,49.13,224.90938691440346,18.09227752685547,6.949753028154373,6.429593168391686,18.977261803943605,0.06809401076366359,0.04910959350465771,0.06810783475661084,2.1280944425220443,1.8520239240816387,0.27607051844040553,-0.4446636720047332,1.2574932409939275,2.3520075817142145,1.2571383702059151,0.8418660603702915
lrswm_lorawd_wd0p3_lr3e4_s43,lrswm,Llama-Math (lrswm),Llama-2-7B,math,sweep,lorawd,LoRA+wd,0.0003,43.0,lrswm_lorawd_wd0p3_lr3e4,False,False,False,True,51.02,51.02,gsm8k,32.07,18.48,35.56,42.32,40.23,25.28,33.73,0.3462,17.4034,6.8925,51.02,225.9813537985523,17.412322998046875,6.89434150159359,6.602396422670832,19.40036146919324,0.06863940643762029,0.04950682877217956,0.06804003085103627,2.077228152278935,1.8100692116929957,0.26715894058593936,-0.4606729364606249,1.2408567147091347,2.3540726060656434,1.240634102132693,0.8383767747778114
lrswm_lorawd_wd0p3_lr3e4_s44,lrswm,Llama-Math (lrswm),Llama-2-7B,math,sweep,lorawd,LoRA+wd,0.0003,44.0,lrswm_lorawd_wd0p3_lr3e4,False,False,False,True,49.2,49.2,gsm8k,32.38,17.46,37.37,41.47,41.94,24.92,34.12,0.3515,14.9811,6.971,49.2,225.4533778154034,14.981035232543945,6.97315153926611,6.471775899730791,19.05775428666675,0.06864227793107652,0.049190241102315756,0.06882677220039375,2.1405347102531587,1.8100692116929957,0.33046549856016294,-0.45407467064415724,1.1755418253959433,2.3530567464316836,1.1755437029756655,0.8432950827365071
lrswm_lorawd_wd0p3_lr5e4_s42,lrswm,Llama-Math (lrswm),Llama-2-7B,math,sweep,lorawd,LoRA+wd,0.0005,42.0,lrswm_lorawd_wd0p3_lr5e4,False,False,False,True,50.64,,gsm8k,32.28,16.86,33.31,43.0,42.38,24.57,33.57,0.3991,27.5033,7.2741,50.64,286.9380721799002,27.502758026123047,7.274767225980758,9.943844877002379,23.555861508311384,0.07054512462747105,0.0478645838036822,0.0695333516878855,2.1784168521638767,1.8520239240816387,0.32639292808223797,-0.39891827221597675,1.4393762478471948,2.457788176132577,1.439384806041421,0.8617792671819413
lrswm_lorawd_wd0p3_lr5e4_s43,lrswm,Llama-Math (lrswm),Llama-2-7B,math,sweep,lorawd,LoRA+wd,0.0005,43.0,lrswm_lorawd_wd0p3_lr5e4,False,False,False,True,52.01,52.01,gsm8k,31.82,16.41,37.44,40.02,41.55,24.12,33.45,0.4031,32.3728,7.3374,52.01,287.95895336315044,32.3723030090332,7.337924365699291,9.82299715714525,23.621879566150685,0.07160941755908654,0.04762688115238337,0.07039782031216564,2.1713134127229474,1.8100692116929957,0.3612442010299517,-0.39458720184694884,1.5101735967932692,2.4593305863761183,1.5101802641835245,0.8655421953808314
lrswm_lorawd_wd0p3_lr5e4_s44,lrswm,Llama-Math (lrswm),Llama-2-7B,math,sweep,lorawd,LoRA+wd,0.0005,44.0,lrswm_lorawd_wd0p3_lr5e4,False,False,False,True,49.36,49.36,gsm8k,31.01,16.86,36.85,39.42,41.22,23.94,33.07,0.421,24.2325,7.2651,49.36,287.035946455891,24.23212242126465,7.26554459631443,9.934261723756705,23.61790093522752,0.07060992375491353,0.047890066146709404,0.06966064914829069,2.1610031241455037,1.8100692116929957,0.35093391245250793,-0.3757179041643317,1.3843914543964981,2.457936288266628,1.3843982214093442,0.8612415964935446
lrswm_lorawd_wd0p3_lr5e5_s42,lrswm,Llama-Math (lrswm),Llama-2-7B,math,sweep,lorawd,LoRA+wd,5e-05,42.0,lrswm_lorawd_wd0p3_lr5e5,False,False,False,True,41.09,,gsm8k,33.33,17.5,31.95,46.5,42.47,25.42,34.35,0.2963,11.899,3.547,41.09,71.6179155606793,11.920395851135254,3.5484013251960276,2.392063230155561,7.61403199083084,0.06733038030053874,0.0563798062398068,0.07458615242793941,2.099409684007137,1.8520239240816387,0.24738575992549805,-0.5282683485199489,1.0762906776449208,1.8550216767196077,1.0755104645244136,0.5498611884719428
lrswm_lorawd_wd0p3_lr5e5_s43,lrswm,Llama-Math (lrswm),Llama-2-7B,math,sweep,lorawd,LoRA+wd,5e-05,43.0,lrswm_lorawd_wd0p3_lr5e5,False,False,False,True,43.59,43.59,gsm8k,33.36,17.65,30.54,45.56,41.38,25.5,33.7,0.2972,11.1649,3.5283,43.59,71.2993132928546,11.057032585144043,3.516118790209293,2.414857117504018,7.66482219504596,0.06773968531499912,0.05539851541834783,0.07487177334995618,2.052420503371391,1.8100692116929957,0.2423512916783952,-0.5269511949114623,1.0436385894630054,1.8530853470389608,1.0478548376051566,0.5475655046926095
lrswm_lorawd_wd0p3_lr5e5_s44,lrswm,Llama-Math (lrswm),Llama-2-7B,math,sweep,lorawd,LoRA+wd,5e-05,44.0,lrswm_lorawd_wd0p3_lr5e5,False,False,False,True,41.62,41.62,gsm8k,33.37,18.25,31.75,46.16,41.37,25.81,34.18,0.2923,12.5347,3.4967,41.62,71.1346730363655,12.55455207824707,3.4977410204708574,2.440613737047055,7.65925888739361,0.06725610925939021,0.055053304080529206,0.07452840235858249,1.9306757249260715,1.8100692116929957,0.12060651323307581,-0.5341711846425635,1.0988012225514658,1.8520813396586955,1.0981139442053889,0.5436583735350191
lrswm_milora_r32_lr1e3_s42,lrswm,Llama-Math (lrswm),Llama-2-7B,math,sweep,milora,MiLoRA,0.001,42.0,lrswm_milora_r32_lr1e3,False,False,False,True,40.79,,gsm8k,27.88,10.03,22.94,28.58,44.7,18.95,26.83,1.2944,171.7255,24.4051,40.79,1078.6858363759652,171.7261962890625,24.40772517323494,13.701849154589015,25.916930101165754,0.07078035741570039,0.05292958544908731,0.06755000748234938,3.436705591410807,1.8520239240816387,1.5846816673291682,0.11206850426819709,2.234836550466605,3.032894976290713,2.234834789552328,1.387480591519654
lrswm_milora_r32_lr1e3_s43,lrswm,Llama-Math (lrswm),Llama-2-7B,math,sweep,milora,MiLoRA,0.001,43.0,lrswm_milora_r32_lr1e3,False,False,False,True,39.65,39.65,gsm8k,27.43,8.46,23.39,29.69,45.19,17.94,26.83,1.2863,153.8453,24.1798,39.65,1097.2080490927808,153.843994140625,24.182852858304976,14.430285339205204,26.36265509713539,0.07055598151516734,0.05238674507844135,0.0675834407466961,3.469605567174411,1.8100692116929957,1.6595363554814153,0.10934226963797328,2.1870805466510923,3.040288984918417,2.187084233016081,1.3834527043305596
lrswm_milora_r32_lr1e3_s44,lrswm,Llama-Math (lrswm),Llama-2-7B,math,sweep,milora,MiLoRA,0.001,44.0,lrswm_milora_r32_lr1e3,False,False,False,True,32.45,32.45,gsm8k,27.97,8.54,23.44,29.27,45.96,18.26,27.04,1.3403,153.9093,24.5122,32.45,1106.3717918137725,153.90968322753906,24.515341299772263,14.461796422525492,26.267218816331184,0.07114065694854782,0.052431018405496604,0.06818582224889645,3.5336456461023853,1.8100692116929957,1.7235764344093896,0.12720201759035332,2.1872659443278657,3.0439010944188665,2.1872648629546263,1.389382291463526
lrswm_milora_r32_lr1e4_s42,lrswm,Llama-Math (lrswm),Llama-2-7B,math,sweep,milora,MiLoRA,0.0001,42.0,lrswm_milora_r32_lr1e4,False,False,False,True,42.08,,gsm8k,33.25,18.06,27.58,44.8,43.73,25.66,33.48,0.2644,9.2693,4.8605,42.08,102.58042507648764,9.269407272338867,4.861544699966908,3.7574016733743374,12.219418068833708,0.05997055167723759,0.1886268010659284,0.06603909989869211,2.1422739594761966,1.8520239240816387,0.29025003539455785,-0.5777385491863973,0.9670519642866146,2.0110644943786964,0.9670469382851629,0.6866809474663247
lrswm_milora_r32_lr1e4_s43,lrswm,Llama-Math (lrswm),Llama-2-7B,math,sweep,milora,MiLoRA,0.0001,43.0,lrswm_milora_r32_lr1e4,False,False,False,True,42.08,42.08,gsm8k,33.36,18.31,27.85,45.65,42.38,25.84,33.51,0.2578,9.3055,4.7957,42.08,102.0539718522667,9.337908744812012,4.796983274817467,3.8209193613254953,12.34153749209356,0.05934342944015284,0.18990978257983657,0.06556627201447641,2.013982161436957,1.8100692116929957,0.20391294974396135,-0.5887170869826158,0.9702496254506192,2.008829911746407,0.9687397134589412,0.6808520075336402
lrswm_milora_r32_lr1e4_s44,lrswm,Llama-Math (lrswm),Llama-2-7B,math,sweep,milora,MiLoRA,0.0001,44.0,lrswm_milora_r32_lr1e4,False,False,False,True,40.94,40.94,gsm8k,33.24,18.2,31.93,44.45,42.98,25.72,34.16,0.2587,9.9297,4.8501,40.94,102.56880055011602,9.92978286743164,4.8511753007769585,3.795298078802839,12.256991833930176,0.05976110795077278,0.1894442180166325,0.06591444001604127,2.0106139866442483,1.8100692116929957,0.20054477495125256,-0.5872035712834566,0.9969397519689677,2.0110152768625404,0.996936127617968,0.6857506930353503
lrswm_milora_r32_lr2e4_s42,lrswm,Llama-Math (lrswm),Llama-2-7B,math,sweep,milora,MiLoRA,0.0002,42.0,lrswm_milora_r32_lr2e4,False,False,False,True,44.28,,gsm8k,31.32,17.88,29.35,41.55,42.24,24.6,32.47,0.3422,21.6909,8.5319,44.28,201.547443615814,21.691028594970703,8.53360315412283,4.553945283322551,13.979529025608254,0.06253215778912288,0.12847475403736833,0.06495292782860444,2.2863726882047626,1.8520239240816387,0.43434876412312384,-0.46571999479491855,1.3362801468748704,2.304377294026721,1.3362775721582552,0.93104575656376
lrswm_milora_r32_lr2e4_s43,lrswm,Llama-Math (lrswm),Llama-2-7B,math,sweep,milora,MiLoRA,0.0002,43.0,lrswm_milora_r32_lr2e4,False,False,False,True,45.41,45.41,gsm8k,32.08,17.61,27.66,43.34,41.43,24.84,32.42,0.3217,18.5723,8.4393,45.41,201.83532231964062,18.572399139404297,8.44062193930149,4.7113384989438005,14.12375251169372,0.0621955190814216,0.130048200947361,0.0646713937402055,2.1706973022413454,1.8100692116929957,0.36062809054834966,-0.4925489390980302,1.268868008516542,2.304997172535734,1.268865690247867,0.9263064254473471
lrswm_milora_r32_lr2e4_s44,lrswm,Llama-Math (lrswm),Llama-2-7B,math,sweep,milora,MiLoRA,0.0002,44.0,lrswm_milora_r32_lr2e4,False,False,False,True,45.11,45.11,gsm8k,32.25,17.58,30.2,43.69,43.15,24.92,33.37,0.331,22.6107,8.5594,45.11,202.11937712958468,22.610811233520508,8.561179223656655,4.528172832509279,13.910386067280092,0.06181397268129372,0.12862908368657303,0.06481629842025553,2.2306385291575763,1.8100692116929957,0.4205693174645806,-0.48017200622428124,1.354316144296763,2.3056079512048178,1.3543140077868216,0.9324433224082362
lrswm_milora_r32_lr2e5_s42,lrswm,Llama-Math (lrswm),Llama-2-7B,math,sweep,milora,MiLoRA,2e-05,42.0,lrswm_milora_r32_lr2e5,False,False,False,True,33.06,,gsm8k,33.5,17.2,29.69,46.42,41.39,25.35,33.64,0.2714,3.5709,1.5689,33.06,27.239339299101665,3.5775489807128906,1.5696064054965972,2.7341177758537127,9.561545675923444,0.05002772896990061,0.2645207390441962,0.07621316350763961,1.9249709554982053,1.8520239240816387,0.07294703141656655,-0.5663901566762818,0.5535855884577282,1.435196569384866,0.5527776883175965,0.19559526300552552
lrswm_milora_r32_lr2e5_s43,lrswm,Llama-Math (lrswm),Llama-2-7B,math,sweep,milora,MiLoRA,2e-05,43.0,lrswm_milora_r32_lr2e5,False,False,False,True,33.89,33.89,gsm8k,33.31,17.3,31.3,47.18,40.91,25.3,34.0,0.27,3.5835,1.5652,33.89,27.22973726774812,3.5905966758728027,1.5659500237554311,2.741602229508846,9.566766409173274,0.050097990529597444,0.2646506672536213,0.0761967581238201,1.8823985291370195,1.8100692116929957,0.07232931744402382,-0.5686362358410126,0.5551666244855137,1.435043450972073,0.5543074088055591,0.1945698392286425
lrswm_milora_r32_lr2e5_s44,lrswm,Llama-Math (lrswm),Llama-2-7B,math,sweep,milora,MiLoRA,2e-05,44.0,lrswm_milora_r32_lr2e5,False,False,False,True,34.8,34.8,gsm8k,33.91,17.46,30.91,47.35,40.57,25.68,34.04,0.2727,3.6069,1.5707,34.8,27.265228236189134,3.61389422416687,1.5714696083217858,2.7215964804944415,9.538934962363596,0.04994967586600197,0.26426505720047766,0.07593608156534741,1.8812072059105358,1.8100692116929957,0.07113799421754008,-0.5643148620583701,0.5579754369540434,1.4356091375006554,0.5571341018275903,0.1960932437375148
lrswm_milora_r32_lr3e4_s42,lrswm,Llama-Math (lrswm),Llama-2-7B,math,sweep,milora,MiLoRA,0.0003,42.0,lrswm_milora_r32_lr3e4,False,False,False,True,47.54,,gsm8k,32.11,16.22,32.54,39.59,40.61,24.16,32.21,0.4679,29.0666,11.6509,47.54,306.9366294376187,29.066471099853516,11.653344714641571,5.494012585416949,15.774638560688246,0.06277520878462407,0.10067109393660378,0.06391111139351259,2.336056564985544,1.8520239240816387,0.4840326409039051,-0.3298469548078198,1.4633923081759717,2.4870487196907898,1.4633942341235013,1.0663594747128273
lrswm_milora_r32_lr3e4_s43,lrswm,Llama-Math (lrswm),Llama-2-7B,math,sweep,milora,MiLoRA,0.0003,43.0,lrswm_milora_r32_lr3e4,False,False,False,True,46.93,46.93,gsm8k,29.93,16.15,33.38,40.7,41.31,23.04,32.29,0.4604,25.5421,11.6082,46.93,306.1572604337626,25.54203987121582,11.610066759586335,5.40956264182469,15.771157743157188,0.0623994556670801,0.1010108494830881,0.06358338886972653,2.2922676821862695,1.8100692116929957,0.4821984704932738,-0.3368646850422458,1.4072555784965526,2.4859445630659893,1.407256600872548,1.064764882040648
lrswm_milora_r32_lr3e4_s44,lrswm,Llama-Math (lrswm),Llama-2-7B,math,sweep,milora,MiLoRA,0.0003,44.0,lrswm_milora_r32_lr3e4,False,False,False,True,48.37,48.37,gsm8k,31.96,15.97,30.62,40.36,43.79,23.96,32.54,0.4425,38.114,11.6409,48.37,307.33155097481864,38.114227294921875,11.643471905589104,5.545168723255137,15.858023198533086,0.0631485830663324,0.10100490939410249,0.06379046384296172,2.280681682247089,1.8100692116929957,0.4706124705540933,-0.3540867249661558,1.581087119568382,2.4876071476657056,1.5810845296372282,1.0659865584860115
lrswm_milora_r32_lr5e4_s42,lrswm,Llama-Math (lrswm),Llama-2-7B,math,sweep,milora,MiLoRA,0.0005,42.0,lrswm_milora_r32_lr5e4,False,False,False,True,47.54,,gsm8k,31.27,13.56,29.14,34.98,42.25,22.42,30.24,0.6523,64.4075,16.2702,47.54,527.4784840334349,64.40666961669922,16.27110200226307,7.9797101861971464,19.526077989600083,0.06508026874778222,0.07361535706014592,0.06311835066315451,2.5920985493113826,1.8520239240816387,0.7400746252297439,-0.18555262147751236,1.808930842945938,2.722204749360959,1.80893644218842,1.2113928914963257
lrswm_milora_r32_lr5e4_s43,lrswm,Llama-Math (lrswm),Llama-2-7B,math,sweep,milora,MiLoRA,0.0005,43.0,lrswm_milora_r32_lr5e4,False,False,False,True,46.02,46.02,gsm8k,28.83,14.07,31.22,35.41,38.97,21.45,29.7,0.6858,52.784,16.3553,46.02,521.910886573978,52.78370666503906,16.356813609600067,7.585901179232685,19.26783904507534,0.06444733734369902,0.07356915160092033,0.06324457603299825,2.551837578082487,1.8100692116929957,0.7417683663894914,-0.16380251922107464,1.722499884702692,2.7175963559274945,1.7225022982012685,1.2136585146578605
lrswm_milora_r32_lr5e4_s44,lrswm,Llama-Math (lrswm),Llama-2-7B,math,sweep,milora,MiLoRA,0.0005,44.0,lrswm_milora_r32_lr5e4,False,False,False,True,47.54,47.54,gsm8k,29.37,14.05,30.69,35.75,40.58,21.71,30.09,0.6963,60.8402,16.3007,47.54,527.8670024752023,60.839881896972656,16.302003332972525,7.878754806101064,19.505891827311626,0.06471580454217273,0.07361473372938557,0.06328162736692572,2.542353102629059,1.8100692116929957,0.7322838909360632,-0.15720360482441983,1.7841883623247008,2.7225245146419157,1.784190633039633,1.2122062546867665
lrswm_milora_r32_lr5e5_s42,lrswm,Llama-Math (lrswm),Llama-2-7B,math,sweep,milora,MiLoRA,5e-05,42.0,lrswm_milora_r32_lr5e5,False,False,False,True,36.24,,gsm8k,33.11,17.37,27.55,45.48,42.51,25.24,33.2,0.2852,6.3958,2.8773,36.24,55.20140822370144,6.3974690437316895,2.878057359158993,3.0883666125923357,10.86060956286047,0.053719294007280705,0.2432120786316437,0.06912222355045533,1.9751068167973496,1.8520239240816387,0.12308289271571082,-0.544850478820172,0.8060081930869238,1.7419501570042317,0.8058948746716912,0.45898514571101284
lrswm_milora_r32_lr5e5_s43,lrswm,Llama-Math (lrswm),Llama-2-7B,math,sweep,milora,MiLoRA,5e-05,43.0,lrswm_milora_r32_lr5e5,False,False,False,True,38.06,38.06,gsm8k,33.77,18.1,30.27,46.42,41.9,25.94,34.09,0.2833,6.2326,2.8637,38.06,55.16912768187428,6.23447322845459,2.8643961511552334,3.103965854608639,10.875742172157436,0.05340707519886409,0.2434853472664017,0.06899761520380616,1.9312301290451899,1.8100692116929957,0.12116091735219414,-0.5477534254795628,0.7947997643678792,1.7416961170745873,0.7946692553426434,0.4569275195126306
lrswm_milora_r32_lr5e5_s44,lrswm,Llama-Math (lrswm),Llama-2-7B,math,sweep,milora,MiLoRA,5e-05,44.0,lrswm_milora_r32_lr5e5,False,False,False,True,37.3,37.3,gsm8k,33.05,17.75,30.74,45.73,41.4,25.4,33.73,0.2829,6.1808,2.8739,37.3,55.20852375275011,6.182653903961182,2.8747139617800714,3.0812328391034134,10.82764643710203,0.05413459547768742,0.24303673967444311,0.06934504958869253,1.9311247651434564,1.8100692116929957,0.1210555534504607,-0.5483670525430092,0.7911749360012544,1.7420061344865219,0.7910446908007451,0.4584716523842314
lrswm_sclora_r32_lr1e3_s43,lrswm,Llama-Math (lrswm),Llama-2-7B,math,sweep,sclora,SC-LoRA,0.001,43.0,lrswm_sclora_r32_lr1e3,False,False,False,True,46.85,46.85,math_faithful,22.68,2.32,23.57,27.13,47.75,12.5,24.69,1.641,177.5149,23.0407,46.85,1227.6923567561296,177.51596069335938,23.042878299951553,18.750554912572643,32.73088198043294,0.09399963324967288,0.04258382775305315,0.11786863489596604,4.18167166984488,1.8100692116929957,2.3716024581518838,0.21510858105309322,2.2492374071343666,3.0890895520641335,2.2492348121302475,1.3624956692615597
lrswm_sclora_r32_lr1e3_s44,lrswm,Llama-Math (lrswm),Llama-2-7B,math,sweep,sclora,SC-LoRA,0.001,44.0,lrswm_sclora_r32_lr1e3,False,False,False,True,45.56,45.56,math_faithful,12.0,1.51,23.63,27.22,44.49,6.76,21.77,1.6668,183.5986,23.0847,45.56,1227.3714899536483,183.59681701660156,23.086936867237092,18.64499508483288,32.68856503453309,0.09448767426216938,0.04253610580515033,0.11827408675053301,4.362299518784735,1.8100692116929957,2.5522303070917394,0.22188349178524042,2.2638651476489455,3.0889760310388263,2.263869365238901,1.3633242349975712
lrswm_sclora_r32_lr1e4_s43,lrswm,Llama-Math (lrswm),Llama-2-7B,math,sweep,sclora,SC-LoRA,0.0001,43.0,lrswm_sclora_r32_lr1e4,False,False,False,True,59.36,59.36,math_faithful,30.32,14.74,29.14,41.72,45.28,22.53,32.24,0.3906,9.8388,3.4728,59.36,145.139948140522,9.840492248535156,3.473185317963362,11.474711538620328,35.54048223410675,0.10199966212924094,0.037438845165141954,0.18338561730629552,2.1463121395241505,1.8100692116929957,0.3362429278311547,-0.4082677610481644,0.9930168235812908,2.1617869635692166,0.992942132459948,0.5406797728306435
lrswm_sclora_r32_lr1e4_s44,lrswm,Llama-Math (lrswm),Llama-2-7B,math,sweep,sclora,SC-LoRA,0.0001,44.0,lrswm_sclora_r32_lr1e4,False,False,False,True,58.83,58.83,math_faithful,31.85,13.77,27.9,41.64,45.49,22.81,32.13,0.3907,9.9641,3.4805,58.83,145.41519238917283,9.96394157409668,3.4810286119580267,11.488432131846537,35.514900239031874,0.10182880355729836,0.03746859083319194,0.18324261715135437,2.170630897460693,1.8100692116929957,0.3605616857676972,-0.40815658877521555,0.9984311722846009,2.162609782218398,0.9984380774785054,0.5416416380968072
lrswm_sclora_r32_lr2e4_s43,lrswm,Llama-Math (lrswm),Llama-2-7B,math,sweep,sclora,SC-LoRA,0.0002,43.0,lrswm_sclora_r32_lr2e4,False,False,False,True,58.0,58.0,math_faithful,29.6,10.14,26.76,37.2,44.66,19.87,29.67,0.5543,13.8888,5.6875,58.0,259.5692157753432,13.89542293548584,5.6877416864037516,13.180799576494264,35.93384146637608,0.10219045897932051,0.03881945604331568,0.17476527379523302,2.415818903752394,1.8100692116929957,0.6057496920593983,-0.2562551214075387,1.1428717699512718,2.414253185001769,1.142664724075153,0.7549214096651689
lrswm_sclora_r32_lr2e4_s44,lrswm,Llama-Math (lrswm),Llama-2-7B,math,sweep,sclora,SC-LoRA,0.0002,44.0,lrswm_sclora_r32_lr2e4,False,False,False,True,57.92,57.92,math_faithful,30.38,11.1,23.54,39.33,45.18,20.74,29.91,0.5446,14.0145,5.6953,57.92,259.7136379621855,14.01392650604248,5.695732700824737,13.152290318198881,35.913992244335,0.10226623729949288,0.038705583017601686,0.17491305902519322,2.4226146064714853,1.8100692116929957,0.6125453947784896,-0.26392236299605426,1.1465598355705795,2.414494755698647,1.1465776079033314,0.7555166054850121
lrswm_sclora_r32_lr2e5_s42,lrswm,Llama-Math (lrswm),Llama-2-7B,math,sweep,sclora,SC-LoRA,2e-05,42.0,lrswm_sclora_r32_lr2e5,False,False,False,True,41.77,,gsm8k,32.67,15.22,29.43,46.76,42.03,23.94,33.22,0.2851,8.9996,1.7383,41.77,57.229406747669195,9.00782585144043,1.7386825565248727,7.102672268012344,28.162921939550895,0.11330826033791239,0.03853119220041136,0.2365978074155671,2.0687628109568204,1.8520239240816387,0.2167388868751816,-0.54500278269054,0.9546199813605633,1.7576192439417797,0.9542232070334058,0.24012473016856598
lrswm_sclora_r32_lr2e5_s43,lrswm,Llama-Math (lrswm),Llama-2-7B,math,sweep,sclora,SC-LoRA,2e-05,43.0,lrswm_sclora_r32_lr2e5,False,False,False,True,39.8,39.8,gsm8k,34.02,18.04,29.07,46.59,40.16,26.03,33.58,0.1591,3.7082,1.2159,39.8,43.44721168974506,3.709291696548462,1.2163448486477138,9.046061049564631,32.85552203203711,0.1020896494742755,0.03645138015058861,0.19230895789751068,1.9615557787749875,1.8100692116929957,0.15148656708199182,-0.7983298203534185,0.5692909873378172,1.6379619099765335,0.5691631495700841,0.08489785846135546
lrswm_sclora_r32_lr2e5_s44,lrswm,Llama-Math (lrswm),Llama-2-7B,math,sweep,sclora,SC-LoRA,2e-05,44.0,lrswm_sclora_r32_lr2e5,False,False,False,True,40.26,40.26,gsm8k,33.64,17.98,27.7,46.42,40.25,25.81,33.2,0.1596,3.8224,1.2187,40.26,43.495723359801474,3.822772979736328,1.2190500600263476,9.029931001496712,32.84542920629793,0.10192287271071557,0.036469287048862306,0.19215659210969827,1.9615575964532066,1.8100692116929957,0.15148838476021087,-0.7969671129852894,0.5823785076514398,1.6384465578156666,0.5823361324058026,0.085896811131588
lrswm_sclora_r32_lr3e4_s43,lrswm,Llama-Math (lrswm),Llama-2-7B,math,sweep,sclora,SC-LoRA,0.0003,43.0,lrswm_sclora_r32_lr3e4,False,False,False,True,55.88,55.88,math_faithful,28.67,7.7,22.94,36.01,42.94,18.19,27.65,0.6933,17.9797,7.8743,55.88,374.4410247624697,17.979196548461914,7.874932543933392,14.17810991697944,35.39346241068319,0.10169930940177464,0.039782688025869255,0.1650782268610379,2.62973707953305,1.8100692116929957,0.8196678678400542,-0.15907879980122822,1.2547702801466027,2.5733834251405776,1.254782441043955,0.8962119567918582
lrswm_sclora_r32_lr3e4_s44,lrswm,Llama-Math (lrswm),Llama-2-7B,math,sweep,sclora,SC-LoRA,0.0003,44.0,lrswm_sclora_r32_lr3e4,False,False,False,True,57.16,57.16,math_faithful,28.75,9.84,24.01,36.26,43.67,19.3,28.51,0.7064,18.2789,7.8619,57.16,374.1978613599612,18.278823852539062,7.8625416025519375,14.22603399155376,35.41790806095053,0.10133638810603009,0.039615180117834194,0.16475820345962416,2.633939188366392,1.8100692116929957,0.8238699766733963,-0.15094930943048782,1.261948247700585,2.5731013010629176,1.2619500569172764,0.8955275154794416
lrswm_sclora_r32_lr5e4_s43,lrswm,Llama-Math (lrswm),Llama-2-7B,math,sweep,sclora,SC-LoRA,0.0005,43.0,lrswm_sclora_r32_lr5e4,False,False,False,True,53.98,53.98,math_faithful,28.26,7.75,23.15,33.53,40.62,18.01,26.66,0.9514,49.2731,12.3261,53.98,612.0551354215152,49.27118682861328,12.327636009454727,15.839117779715936,34.20449027764296,0.09901491032943796,0.04079407146725406,0.14604617582065418,2.945713116469806,1.8100692116929957,1.13564390477681,-0.021636852916117073,1.6925930235476891,2.7867905462154576,1.6926098866211972,1.0908256867819697
lrswm_sclora_r32_lr5e4_s44,lrswm,Llama-Math (lrswm),Llama-2-7B,math,sweep,sclora,SC-LoRA,0.0005,44.0,lrswm_sclora_r32_lr5e4,False,False,False,True,55.65,55.65,math_faithful,27.69,8.86,23.72,32.51,40.92,18.27,26.74,0.9775,48.0999,12.2726,55.65,610.669223096069,48.09846115112305,12.274189952015877,15.833327264592828,34.20094899465894,0.09925467372090654,0.040906269300167636,0.1463638347754813,3.00237033510051,1.8520239240816387,1.1503464110188713,-0.009883233932095567,1.6821311818984357,2.7858060326921783,1.6821441734737623,1.0889365795188009
lrswm_sclora_r32_lr5e5_s43,lrswm,Llama-Math (lrswm),Llama-2-7B,math,sweep,sclora,SC-LoRA,5e-05,43.0,lrswm_sclora_r32_lr5e5,False,False,False,True,57.77,57.77,math_faithful,31.93,16.55,30.05,45.05,42.92,24.24,33.3,0.2694,6.8016,2.2227,57.77,84.4662832770198,6.801991939544678,2.223219325020909,10.046533568738168,34.14068968916807,0.10125474606622538,0.036648503586010434,0.18677966755084796,1.9997299575821665,1.8100692116929957,0.1896607458891708,-0.5696024086130332,0.8326361129519897,1.9266833845840434,0.8326110876230476,0.3468808495020728
lrswm_sclora_r32_lr5e5_s44,lrswm,Llama-Math (lrswm),Llama-2-7B,math,sweep,sclora,SC-LoRA,5e-05,44.0,lrswm_sclora_r32_lr5e5,False,False,False,True,59.29,59.29,math_faithful,33.16,16.61,27.07,45.56,43.11,24.88,33.1,0.2717,6.9303,2.2263,59.29,84.46731698322161,6.930694103240967,2.2268155451864002,10.013827690898886,34.126995958687175,0.10145144861045861,0.036718861615041655,0.18703066322592277,2.0109179010839537,1.8100692116929957,0.200848689390958,-0.5659103615821093,0.8407767310204901,1.9266886994876349,0.8407520348318007,0.3475836863085825
qwsw_clora_k1024_lr1e3_s42,qwsw,Qwen-CS (qwsw),Qwen-2.5-7B,cs,sweep,clora,CLoRA,0.001,42.0,qwsw_clora_k1024_lr1e3,False,False,False,True,79.72,,cs,13.1,2.69,47.04,35.92,37.97,7.9,27.34,0.6845,76.043,12.6303,79.72,793.6681191168706,76.04100799560547,12.632939346678489,17.904760869132453,29.74588499727545,0.058592909349818194,0.04462110838548967,0.051143557774033024,,,,-0.1646265475299912,1.8810478652163898,2.8996389354653918,1.8810592420406584,1.1014136662162355
qwsw_clora_k1024_lr1e3_s43,qwsw,Qwen-CS (qwsw),Qwen-2.5-7B,cs,sweep,clora,CLoRA,0.001,43.0,qwsw_clora_k1024_lr1e3,False,False,False,True,39.02,,cs,13.82,15.82,43.06,37.88,36.91,14.82,29.5,0.6813,66.0043,12.579,39.02,792.9917345526165,66.00308990478516,12.581873391294877,17.855980843572112,29.794342793492216,0.058119425256868786,0.0444688124558191,0.050465392561760615,2.9051315446855916,1.9346918347336524,0.9704397099519393,-0.16666161106060237,1.8195642673174204,2.899268660638037,1.8195722295636974,1.0996461171232306
qwsw_clora_k1024_lr1e3_s44,qwsw,Qwen-CS (qwsw),Qwen-2.5-7B,cs,sweep,clora,CLoRA,0.001,44.0,qwsw_clora_k1024_lr1e3,False,False,False,True,79.4,,cs,12.36,0.27,44.08,37.88,35.39,6.32,26.0,0.6944,84.6551,12.8655,79.4,793.8438801801422,84.65424346923828,12.86822946455442,17.61768240694376,29.569178217304966,0.05997894756962035,0.044534822151070644,0.052001628782933934,2.950490460527875,1.9346918347336524,1.0157986257942224,-0.1583902878315645,1.9276487329007552,2.8997351011135986,1.9276531270656108,1.1094266691333325
qwsw_clora_k1024_lr1e4_s42,qwsw,Qwen-CS (qwsw),Qwen-2.5-7B,cs,sweep,clora,CLoRA,0.0001,42.0,qwsw_clora_k1024_lr1e4,False,False,False,True,87.07,,cs,44.49,31.42,71.41,49.49,48.85,37.96,49.13,0.1295,12.1192,3.4195,87.07,121.79020638288858,12.130279541015625,3.4217817793664707,4.920791218364266,17.303708516799983,0.0573858427500857,0.04288821031864802,0.04726182187757109,,,,-0.8877302315827293,1.0838708092525318,2.0856123664177315,1.0834739525817072,0.5339626080690487
qwsw_clora_k1024_lr1e4_s43,qwsw,Qwen-CS (qwsw),Qwen-2.5-7B,cs,sweep,clora,CLoRA,0.0001,43.0,qwsw_clora_k1024_lr1e4,False,False,False,True,86.85,,cs,45.77,33.5,71.01,53.41,48.82,39.64,50.5,0.1266,14.2329,3.3862,86.85,121.5930625445017,14.247793197631836,3.38842143970313,4.948289411355644,17.45589351601184,0.05757816381729656,0.042635155374169544,0.0470007459411901,2.062429625193569,1.9346918347336524,0.12773779045991684,-0.8975662943186637,1.1537476028491274,2.0849087971029188,1.1532933980238391,0.5297126053769464
qwsw_clora_k1024_lr1e4_s44,qwsw,Qwen-CS (qwsw),Qwen-2.5-7B,cs,sweep,clora,CLoRA,0.0001,44.0,qwsw_clora_k1024_lr1e4,False,False,False,True,87.26,,cs,45.71,33.77,71.23,47.95,46.38,39.74,49.01,0.1288,13.5761,3.3896,87.26,121.57105479717723,13.589786529541016,3.3919148409237097,4.94273015780751,17.515396583987133,0.05737937521297508,0.04278262271396307,0.047141528041466624,2.0714655360412513,1.9346918347336524,0.13677370130759892,-0.8900841369762067,1.1332126348214917,2.0848301848195545,1.1327750282848876,0.5301484509929333
qwsw_clora_k1024_lr1e4_s45,qwsw,Qwen-CS (qwsw),Qwen-2.5-7B,cs,sweep,clora,CLoRA,0.0001,45.0,qwsw_clora_k1024_lr1e4,False,False,False,True,86.88,,cs,46.58,34.87,70.92,49.57,48.79,40.72,50.15,0.1284,14.276,3.3946,86.88,121.73469308680399,14.292686462402344,3.3972306681515225,4.942222909513693,17.465669963336545,0.057954052076678614,0.04267915512963947,0.0472658089941183,2.0617447115659036,1.9346918347336524,0.1270528768322512,-0.8914349762671656,1.1551138667295278,2.085414365156818,1.154606539283623,0.5307886068853546
qwsw_clora_k1024_lr2e4_s42,qwsw,Qwen-CS (qwsw),Qwen-2.5-7B,cs,sweep,clora,CLoRA,0.0002,42.0,qwsw_clora_k1024_lr2e4,False,False,False,True,87.14,,cs,44.94,32.9,68.68,40.44,47.62,38.92,46.92,0.2109,20.038,5.292,87.14,243.98731284968397,20.048419952392578,5.293697431685827,8.301865229387104,23.15462522841678,0.05379778275286975,0.04297147182509115,0.04445991136428006,,,,-0.6759234202605136,1.3020801508715714,2.3873672439509113,1.3018543722695868,0.7236198355154634
qwsw_clora_k1024_lr2e4_s43,qwsw,Qwen-CS (qwsw),Qwen-2.5-7B,cs,sweep,clora,CLoRA,0.0002,43.0,qwsw_clora_k1024_lr2e4,False,False,False,True,86.19,,cs,44.62,35.17,69.39,42.66,46.27,39.89,47.62,0.2146,20.4597,5.2805,86.19,244.12841866865514,20.465227127075195,5.282269580897368,8.333127814733704,23.180223797449496,0.054090076369458,0.042606232016201756,0.044682862529747486,2.1846737900870177,1.8790178806577968,0.30565590942922083,-0.6683702823700677,1.311016568892751,2.387618338010347,1.3108992613751749,0.7226750469580562
qwsw_clora_k1024_lr2e4_s44,qwsw,Qwen-CS (qwsw),Qwen-2.5-7B,cs,sweep,clora,CLoRA,0.0002,44.0,qwsw_clora_k1024_lr2e4,False,False,False,True,80.29,,cs,43.77,33.86,69.2,42.24,47.37,38.82,47.29,0.216,19.5574,5.3013,80.29,243.89355210577435,19.56366539001465,5.302980703452444,8.283350975189316,23.190872375299485,0.053879745072654736,0.042975521983644,0.0445770979878208,2.218228212382734,1.9346918347336524,0.2835363776490816,-0.6655462488490691,1.291450226194176,2.387200318879135,1.2913111183091288,0.7243823816001296
qwsw_clora_k1024_lr2e4_s45,qwsw,Qwen-CS (qwsw),Qwen-2.5-7B,cs,sweep,clora,CLoRA,0.0002,45.0,qwsw_clora_k1024_lr2e4,False,False,False,True,78.32,,cs,45.63,35.65,69.21,46.33,45.59,40.64,48.48,0.2083,21.0264,5.3269,78.32,243.84526840586048,21.035808563232422,5.32866282847026,8.283452986734977,23.136337707345835,0.0535739618038629,0.04284836664721949,0.04446311507972127,2.231274525339065,1.9346918347336524,0.29658269060541276,-0.6813107300522541,1.3229592098543832,2.3871143329226148,1.322764922045816,0.7264745440054359
qwsw_clora_k1024_lr2e5_s42,qwsw,Qwen-CS (qwsw),Qwen-2.5-7B,cs,sweep,clora,CLoRA,2e-05,42.0,qwsw_clora_k1024_lr2e5,False,False,False,True,81.08,,cs,46.17,28.72,71.56,56.31,50.2,37.44,50.59,0.0846,4.156,1.0533,81.08,25.595125682657486,4.156968593597412,1.0541038716351459,2.1335174148058633,7.261837403731004,0.05279092944406729,0.03906455453571991,0.05198887935618103,,,,-1.0726296369609765,0.6187767433710537,1.4081572664571025,0.6186755388851398,0.02255208418501361
qwsw_clora_k1024_lr2e5_s43,qwsw,Qwen-CS (qwsw),Qwen-2.5-7B,cs,sweep,clora,CLoRA,2e-05,43.0,qwsw_clora_k1024_lr2e5,False,False,False,True,84.08,,cs,45.92,29.89,71.23,58.02,50.3,37.9,51.07,0.0832,4.4957,1.0588,84.08,25.641487035752466,4.496969223022461,1.0595146114692657,2.1124575838614934,7.27012766137503,0.05287251780343774,0.03933223211174396,0.05200888653691908,1.9963763936370789,1.9346918347336524,0.0616845589034265,-1.079876673709276,0.6529199152937027,1.4089432077693596,0.6527973228698185,0.024813932629310594
qwsw_clora_k1024_lr2e5_s44,qwsw,Qwen-CS (qwsw),Qwen-2.5-7B,cs,sweep,clora,CLoRA,2e-05,44.0,qwsw_clora_k1024_lr2e5,False,False,False,True,84.08,,cs,45.92,28.98,71.46,57.08,49.61,37.45,50.61,0.0838,4.2387,1.058,84.08,25.556293238053225,4.242469310760498,1.0587741920018743,2.0888905296955818,7.2410864997176185,0.052437808342755875,0.03951858224321032,0.05197782644912327,1.9926440228621627,1.9346918347336524,0.05795218812851033,-1.0767559813697234,0.627618709394999,1.4074978626710026,0.6272326798484443,0.024485667699166973
qwsw_clora_k1024_lr3e4_s42,qwsw,Qwen-CS (qwsw),Qwen-2.5-7B,cs,sweep,clora,CLoRA,0.0003,42.0,qwsw_clora_k1024_lr3e4,False,False,False,True,86.12,,cs,42.34,30.95,65.9,39.08,45.5,36.65,44.75,0.2865,24.4184,6.7247,86.12,355.69272132319406,24.410154342651367,6.72578961115765,11.096480742895961,25.984719747602643,0.05186364031971803,0.043206869845911634,0.04330866871847473,,,,-0.5428753736965912,1.3875705254208714,2.55107497814188,1.3877172036737269,0.8276729145107702
qwsw_clora_k1024_lr3e4_s43,qwsw,Qwen-CS (qwsw),Qwen-2.5-7B,cs,sweep,clora,CLoRA,0.0003,43.0,qwsw_clora_k1024_lr3e4,False,False,False,True,85.84,,cs,43.86,31.91,65.88,38.4,42.73,37.88,44.56,0.2865,26.0211,6.7606,85.84,355.1418981162484,26.044923782348633,6.761719928692661,11.036339930573842,25.816813251390787,0.0516564669535711,0.04303329873457451,0.043208580395538945,2.3892735097235027,1.9346918347336524,0.45458167498985036,-0.5428753736965912,1.4157230908547653,2.5504019115223886,1.415325651711826,0.8299852410785844
qwsw_clora_k1024_lr3e4_s44,qwsw,Qwen-CS (qwsw),Qwen-2.5-7B,cs,sweep,clora,CLoRA,0.0003,44.0,qwsw_clora_k1024_lr3e4,False,False,False,True,84.8,,cs,44.05,31.82,66.19,38.4,43.47,37.94,44.79,0.2916,26.6421,6.7393,84.8,355.40806244265013,26.64732551574707,6.740086740593064,11.14147750502403,25.90962071443911,0.05201432970541861,0.04310081367563226,0.04358566375087372,2.387041065265457,1.9346918347336524,0.45234923053180465,-0.535212480354063,1.4256536271697486,2.550727275564493,1.42556845407436,0.8286147894247717
qwsw_clora_k1024_lr5e4_s42,qwsw,Qwen-CS (qwsw),Qwen-2.5-7B,cs,sweep,clora,CLoRA,0.0005,42.0,qwsw_clora_k1024_lr5e4,False,False,False,True,84.67,,cs,40.33,22.91,59.05,36.09,43.51,31.62,40.38,0.4331,31.5555,8.652,84.67,532.2467438722291,31.63185691833496,8.654657760394599,15.631221422402039,28.495808601242995,0.05126467276411407,0.0437944209143733,0.04364066589457156,,,,-0.3634118162701577,1.500124687512145,2.7261130132336127,1.4990750660040786,0.9371165107670538
qwsw_clora_k1024_lr5e4_s43,qwsw,Qwen-CS (qwsw),Qwen-2.5-7B,cs,sweep,clora,CLoRA,0.0005,43.0,qwsw_clora_k1024_lr5e4,False,False,False,True,62.25,,cs,40.47,25.89,58.23,36.95,40.67,33.18,40.44,0.4177,30.6148,8.6311,62.25,531.6795169151598,30.662891387939453,8.633566314396116,15.620233145237588,28.55817136185993,0.05128762144646911,0.04344820179210137,0.043435481749903096,2.6530299315739323,1.9346918347336524,0.7183380968402799,-0.3791355247348789,1.486613104680812,2.72564992933417,1.4859314266272117,0.9360661483787989
qwsw_clora_k1024_lr5e4_s44,qwsw,Qwen-CS (qwsw),Qwen-2.5-7B,cs,sweep,clora,CLoRA,0.0005,44.0,qwsw_clora_k1024_lr5e4,False,False,False,True,85.01,,cs,40.25,25.72,59.65,37.97,41.28,32.98,40.97,0.4314,32.3533,8.5867,85.01,532.5069090615821,32.42694854736328,8.589346876627367,15.679290708845814,28.554916720838797,0.050856986899412336,0.0437743964627634,0.04323566229782955,2.6208615978145984,1.9346918347336524,0.686169763080946,-0.36511985923347373,1.5109060824567053,2.726325246942427,1.5099185848098766,0.9338262898906236
qwsw_clora_k1024_lr5e5_s42,qwsw,Qwen-CS (qwsw),Qwen-2.5-7B,cs,sweep,clora,CLoRA,5e-05,42.0,qwsw_clora_k1024_lr5e5,False,False,False,True,86.17,,cs,46.29,31.82,71.28,54.69,49.77,39.06,50.77,0.0957,7.7222,2.1191,86.17,60.98701969494296,7.72450590133667,2.1197941377410774,3.1319881449726363,11.79259031084057,0.05832956031909805,0.04199121950650255,0.04994546938328355,,,,-1.0190880622231564,0.8878707093025932,1.7852374108348987,0.8877410453806975,0.32615145148354574
qwsw_clora_k1024_lr5e5_s43,qwsw,Qwen-CS (qwsw),Qwen-2.5-7B,cs,sweep,clora,CLoRA,5e-05,43.0,qwsw_clora_k1024_lr5e5,False,False,False,True,87.23,,cs,45.43,32.45,72.15,51.62,49.23,38.94,50.18,0.0974,7.804,2.1121,87.23,61.070973552368386,7.806954860687256,2.112866890073045,3.1610383010711205,11.768307511585322,0.05892231509596631,0.042090131051310334,0.050469572486260356,2.0078319229101464,1.9346918347336524,0.07314008817649409,-1.0114410431213845,0.8924816683090817,1.7858348432814617,0.8923172607224805,0.3247144765606683
qwsw_clora_k1024_lr5e5_s44,qwsw,Qwen-CS (qwsw),Qwen-2.5-7B,cs,sweep,clora,CLoRA,5e-05,44.0,qwsw_clora_k1024_lr5e5,False,False,False,True,87.39,,cs,46.12,32.57,71.94,53.84,48.68,39.34,50.63,0.0959,7.3105,2.1263,87.39,61.02656233127576,7.31328821182251,2.126870068875464,3.09763594511051,11.765983263462715,0.05823900110097281,0.04256491055536112,0.04974358808441921,2.0135858449436914,1.9346918347336524,0.07889401021003906,-1.0181813928293364,0.8641126890180795,1.7855189065352182,0.8639470814469048,0.3276245391867781
qwsw_corda_r16_lr2e5_s42,qwsw,Qwen-CS (qwsw),Qwen-2.5-7B,cs,sweep,corda,CorDA (withheld),2e-05,42.0,qwsw_corda_r16_lr2e5,True,False,False,False,85.55,,cs,39.21,15.33,64.39,40.36,42.18,27.27,40.29,0.2418,51.1673,9.3628,85.55,561.8112851195119,51.17748260498047,9.365154301268714,9.182609264583364,14.899699287432272,0.06376434180211461,0.054865176821279386,0.04625038130263108,,,,-0.6165437034752469,1.7090789193461153,2.749590458638979,1.7089925006922972,0.971405746462633
qwsw_corda_r16_lr2e5_s43,qwsw,Qwen-CS (qwsw),Qwen-2.5-7B,cs,sweep,corda,CorDA (withheld),2e-05,43.0,qwsw_corda_r16_lr2e5,True,False,False,False,82.31,,cs,46.12,33.14,71.96,54.95,50.49,39.63,51.33,0.0918,23.3178,2.408,82.31,113.8422459848526,23.31971549987793,2.40839195687856,5.897590752169155,11.383687262720454,0.07292548945727434,0.07509470801046222,0.05699939396585393,1.996321343060672,1.9346918347336524,0.061629508327019744,-1.0371573187987575,1.3677232477341974,2.0563034553229413,1.3676875729767142,0.38165648258578694
qwsw_corda_r16_lr2e5_s44,qwsw,Qwen-CS (qwsw),Qwen-2.5-7B,cs,sweep,corda,CorDA (withheld),2e-05,44.0,qwsw_corda_r16_lr2e5,True,False,False,False,84.05,,cs,46.57,33.1,71.78,53.84,50.17,39.84,51.09,0.0911,23.0353,2.4056,84.05,114.0282142305855,23.037107467651367,2.40593347123691,5.9636133078427545,11.398820130184335,0.0726968700530158,0.07533270555506885,0.05696819452562572,1.9436526131089593,1.8790178806577968,0.06463473245116247,-1.0404816230270018,1.362427948288537,2.0570123229908757,1.3623938726553866,0.38122341509246116
qwsw_corda_r16_lr5e5_s43,qwsw,Qwen-CS (qwsw),Qwen-2.5-7B,cs,sweep,corda,CorDA (withheld),5e-05,43.0,qwsw_corda_r16_lr5e5,True,False,False,False,81.42,,cs,44.48,33.09,71.23,44.54,49.55,38.78,48.58,0.1267,29.157,4.5474,81.42,213.30332192814438,29.157222747802734,4.547676268645695,7.079127282944185,12.523854093954759,0.06995643579078495,0.0735812354756825,0.0559307803567099,2.0638568326033413,1.9346918347336524,0.12916499786968894,-0.8972233851165586,1.4647461546683813,2.328997619086692,1.4647428368451463,0.6577631574494944
qwsw_corda_r16_lr5e5_s44,qwsw,Qwen-CS (qwsw),Qwen-2.5-7B,cs,sweep,corda,CorDA (withheld),5e-05,44.0,qwsw_corda_r16_lr5e5,True,False,False,False,85.49,,cs,46.54,31.04,71.02,41.81,49.06,38.79,47.89,0.125,29.2773,4.5307,85.49,213.31595953296764,29.27704429626465,4.531069345559392,7.09696583835052,12.528431092594113,0.06964279947916291,0.07379563475889414,0.055776730505005076,2.060241270594773,1.9346918347336524,0.12554943586112044,-0.9030899869919435,1.46652722981066,2.3290233490163006,1.4665310228928847,0.6561653063508934
qwsw_dora_r16_lr1e3_s42,qwsw,Qwen-CS (qwsw),Qwen-2.5-7B,cs,sweep,dora,DoRA,0.001,42.0,qwsw_dora_r16_lr1e3,False,False,False,True,77.63,,cs,12.66,1.25,32.05,27.82,33.93,6.96,21.54,1.202,141.5424,28.3589,77.63,1100.3075018933812,141.5389862060547,28.358657392433713,9.204194202099607,14.57329229277947,0.12838962585460195,0.11626714851721515,0.08656561892965438,,,,0.0799044676667207,2.1508760805818503,3.0415140739879454,2.150886555250586,1.4526893811938542
qwsw_dora_r16_lr1e3_s43,qwsw,Qwen-CS (qwsw),Qwen-2.5-7B,cs,sweep,dora,DoRA,0.001,43.0,qwsw_dora_r16_lr1e3,False,False,False,True,77.19,,cs,28.12,5.18,33.29,37.63,37.76,16.65,28.4,1.1285,135.4728,27.2815,77.19,1078.4296456415466,135.47088623046875,27.281111985445023,9.487070518117845,14.746209477749156,0.12410404847853292,0.11860141135287902,0.08338506398807242,3.208409450274521,1.9346918347336524,1.2737176155408685,0.05250156341378086,2.1318459719041507,3.0327918179538287,2.1318521070502294,1.4358682451564955
qwsw_dora_r16_lr1e3_s44,qwsw,Qwen-CS (qwsw),Qwen-2.5-7B,cs,sweep,dora,DoRA,0.001,44.0,qwsw_dora_r16_lr1e3,False,False,False,True,77.36,,cs,13.41,5.63,37.57,35.92,37.89,9.52,26.08,1.1426,146.5724,27.6076,77.36,1086.839752757033,146.56956481933594,27.607108724968775,9.474700431763928,14.703631516276124,0.1260391863222316,0.11865618357711706,0.08526931705907911,3.2122994515529837,1.9346918347336524,1.2776076168193313,0.05789421972453023,2.1660437983865215,3.036165514993627,2.1660521991169897,1.4410286539387756
qwsw_dora_r16_lr1e4_s42,qwsw,Qwen-CS (qwsw),Qwen-2.5-7B,cs,sweep,dora,DoRA,0.0001,42.0,qwsw_dora_r16_lr1e4,False,False,False,True,86.8,,cs,45.58,31.43,70.83,47.7,46.63,38.5,48.43,0.159,16.3514,4.7442,86.8,117.58669742545891,16.379737854003906,4.74618695804051,3.1096107412025114,8.581648486176606,0.11525760546909151,0.09175847011496573,0.07362993835326336,,,,-0.7986028756795485,1.21430694690727,2.070358192815842,1.2135549426993657,0.6761629891811453
qwsw_dora_r16_lr2e4_s42,qwsw,Qwen-CS (qwsw),Qwen-2.5-7B,cs,sweep,dora,DoRA,0.0002,42.0,qwsw_dora_r16_lr2e4,False,False,False,True,86.91,,cs,43.11,30.85,68.26,40.78,46.01,36.98,45.8,0.2643,24.0493,8.2628,86.91,251.4967358145634,24.07297134399414,8.270194935798646,4.829923292665884,11.648881724667602,0.11266135335059022,0.09233081495296998,0.07048087405915832,,,,-0.5779028368682897,1.3815296988607115,2.400532352704381,1.3811024399380574,0.9171272408421788
qwsw_dora_r16_lr2e4_s43,qwsw,Qwen-CS (qwsw),Qwen-2.5-7B,cs,sweep,dora,DoRA,0.0002,43.0,qwsw_dora_r16_lr2e4,False,False,False,True,86.85,,cs,44.99,31.57,68.34,44.54,45.05,38.28,46.9,0.2584,23.6496,8.2019,86.85,250.85402556578424,23.678882598876953,8.209315928391048,4.82827069371459,11.698347510870288,0.11290389461618873,0.0920858106966001,0.07054149472658172,2.222975427727989,1.9346918347336524,0.2882835929943366,-0.5877074906769535,1.3743612042758913,2.399421074735821,1.3738237996504963,0.9139144699364767
qwsw_dora_r16_lr2e4_s44,qwsw,Qwen-CS (qwsw),Qwen-2.5-7B,cs,sweep,dora,DoRA,0.0002,44.0,qwsw_dora_r16_lr2e4,False,False,False,True,85.56,,cs,44.86,32.91,69.27,40.19,46.15,38.88,46.68,0.2588,25.3761,8.2352,85.56,251.5951321850019,25.39939308166504,8.241904842853547,4.832210794059017,11.678864358714787,0.11348282532257903,0.09155110240508586,0.0703459382936983,2.213015974851559,1.9346918347336524,0.2783241401179066,-0.5870357280033373,1.4048233392800582,2.40070223420708,1.4044248770720391,0.9156741509060944
qwsw_dora_r16_lr2e5_s42,qwsw,Qwen-CS (qwsw),Qwen-2.5-7B,cs,sweep,dora,DoRA,2e-05,42.0,qwsw_dora_r16_lr2e5,False,False,False,True,86.11,,cs,46.17,29.18,71.56,54.61,48.31,37.67,49.97,0.1084,4.6738,1.2232,86.11,23.761134115920772,4.6818928718566895,1.224660653195211,1.6039943000152415,3.560285359204591,0.10082121913425253,0.0893680584246734,0.07778503698844424,,,,-0.9649707177976319,0.6704214722196888,1.375867165624459,0.6696701242404667,0.08749747240426373
qwsw_dora_r16_lr3e4_s42,qwsw,Qwen-CS (qwsw),Qwen-2.5-7B,cs,sweep,dora,DoRA,0.0003,42.0,qwsw_dora_r16_lr3e4,False,False,False,True,86.61,,cs,42.14,26.43,64.51,36.18,41.3,34.28,42.11,0.3612,31.2535,10.9357,86.61,383.68411184078985,31.259672164916992,10.94325956106186,6.469886000094126,13.336622457401363,0.11156011918316507,0.0932802740673971,0.06915346613504413,,,,-0.44225225835853177,1.494984419053798,2.583973815662387,1.4948986599383756,1.0388465876852542
qwsw_dora_r16_lr5e4_s42,qwsw,Qwen-CS (qwsw),Qwen-2.5-7B,cs,sweep,dora,DoRA,0.0005,42.0,qwsw_dora_r16_lr5e4,False,False,False,True,84.16,,cs,15.76,10.59,57.4,37.29,38.42,13.18,31.89,0.5724,37.9809,15.0939,84.16,613.4257444601539,38.066104888916016,15.096892773253577,8.947767989799205,14.740433637556299,0.11071717266951944,0.09831996540041678,0.06938063816211715,,,,-0.24230037491226122,1.5805384399403213,2.787761998647386,1.5795652516174992,1.178801468380167
qwsw_dora_r16_lr5e4_s43,qwsw,Qwen-CS (qwsw),Qwen-2.5-7B,cs,sweep,dora,DoRA,0.0005,43.0,qwsw_dora_r16_lr5e4,False,False,False,True,82.85,,cs,29.21,20.07,57.35,29.1,40.29,24.64,35.2,0.5764,81.932,15.4044,82.85,616.7104874917419,82.006103515625,15.407235841240201,8.883075621825315,14.583589377571425,0.11521588711658134,0.09756908276803469,0.07185610981756206,3.012309618954639,1.9346918347336524,1.0776177842209864,-0.2392760278580483,1.913846177072866,2.7900813338990873,1.9134535563284838,1.1876447872512201
qwsw_dora_r16_lr5e4_s44,qwsw,Qwen-CS (qwsw),Qwen-2.5-7B,cs,sweep,dora,DoRA,0.0005,44.0,qwsw_dora_r16_lr5e4,False,False,False,True,64.74,,cs,14.38,7.95,57.04,38.14,40.53,11.16,31.61,0.5737,40.3278,15.0901,64.74,613.1744505472603,40.4033203125,15.09293248312814,8.984847804966353,14.745393140061758,0.11148262303265923,0.09820928196430066,0.06925912093713212,2.658365924195632,1.9346918347336524,0.7236740894619795,-0.241315150117559,1.6064170565498226,2.787584050589532,1.6056045306135953,1.1786921177944294
qwsw_dora_r16_lr5e5_s42,qwsw,Qwen-CS (qwsw),Qwen-2.5-7B,cs,sweep,dora,DoRA,5e-05,42.0,qwsw_dora_r16_lr5e5,False,False,False,True,85.19,,cs,43.54,33.24,71.6,48.72,49.51,38.39,49.32,0.1197,10.02,2.6391,85.19,56.528476871234474,10.039603233337402,2.640863811331136,2.2136739240956325,5.851657786310419,0.11216338775454332,0.09326091904593224,0.07545171057489237,,,,-0.9219058495935893,1.0017165497634772,1.7522672837914524,1.000867721531227,0.42145584669044456
qwsw_lora_null_r16_lr1e3_s42,qwsw,Qwen-CS (qwsw),Qwen-2.5-7B,cs,sweep,lora_null,LoRA-Null,0.001,42.0,qwsw_lora_null_r16_lr1e3,False,False,False,True,82.0,,cs,13.93,10.46,50.55,37.12,37.07,12.2,29.83,0.6868,85.0712,16.616,82.0,749.250222790027,85.0691146850586,16.61637647492545,11.081476070467772,15.948971404403412,0.1211803111193484,0.09211525781929816,0.07410009491612599,,,,-0.16316971351112114,1.9297719131223525,2.8746268807554403,1.9297825589328275,1.2205264835270426
qwsw_lora_null_r16_lr1e3_s43,qwsw,Qwen-CS (qwsw),Qwen-2.5-7B,cs,sweep,lora_null,LoRA-Null,0.001,43.0,qwsw_lora_null_r16_lr1e3,False,False,False,True,82.54,,cs,13.99,5.14,51.64,38.48,37.13,9.56,29.28,0.6634,62.4608,16.9333,82.54,759.1312208879094,62.459503173828125,16.933602704320634,10.889708436986497,15.778278201985156,0.11689384869337706,0.09123762179177179,0.07467899849798801,2.8189539774853127,1.9346918347336524,0.8842621427516604,-0.1782245328165365,1.7955985253677138,2.8803168530783845,1.7956075423879443,1.2287416026530178
qwsw_lora_null_r16_lr1e3_s44,qwsw,Qwen-CS (qwsw),Qwen-2.5-7B,cs,sweep,lora_null,LoRA-Null,0.001,44.0,qwsw_lora_null_r16_lr1e3,False,False,False,True,81.64,,cs,13.68,0.15,34.7,32.34,44.23,6.92,25.02,0.7133,61.0716,16.9205,81.64,755.3810676123646,61.07034683227539,16.921193599700928,10.824546660828249,15.696490212102594,0.11612531964792668,0.09075187866662388,0.07476541396965318,2.8272637390672966,1.9346918347336524,0.8925719043336442,-0.14672777597931674,1.7858303864591967,2.8781660957489636,1.7858392981204536,1.22841319227467
qwsw_lora_null_r16_lr1e4_s42,qwsw,Qwen-CS (qwsw),Qwen-2.5-7B,cs,sweep,lora_null,LoRA-Null,0.0001,42.0,qwsw_lora_null_r16_lr1e4,False,False,False,True,85.93,,cs,45.38,29.9,71.76,52.3,48.16,37.64,49.5,0.1314,7.92,2.6855,85.93,96.18490887017774,7.923287868499756,2.6864534037453787,6.775334164227591,17.59494464672322,0.19275623532348624,0.0630873565999228,0.10284794918149398,,,,-0.8814046347762381,0.8989054349786911,1.9831069378534902,0.8987251815894935,0.4290251567115186
qwsw_lora_null_r16_lr1e4_s43,qwsw,Qwen-CS (qwsw),Qwen-2.5-7B,cs,sweep,lora_null,LoRA-Null,0.0001,43.0,qwsw_lora_null_r16_lr1e4,False,False,False,True,86.65,,cs,45.37,35.65,71.84,51.45,48.12,40.51,50.49,0.1284,9.2424,2.9134,86.65,93.23513102856911,9.241456031799316,2.913973101547786,5.754256930658467,14.991979158845805,0.18812675841641058,0.07359681885829703,0.10676898699705913,2.031497771579986,1.9346918347336524,0.09680593684633365,-0.8914349762671656,0.9657404016052602,1.969579585498067,0.9657847603343371,0.464400115889865
qwsw_lora_null_r16_lr1e4_s44,qwsw,Qwen-CS (qwsw),Qwen-2.5-7B,cs,sweep,lora_null,LoRA-Null,0.0001,44.0,qwsw_lora_null_r16_lr1e4,False,False,False,True,80.78,,cs,46.11,35.16,71.23,50.85,48.23,40.64,50.32,0.1295,9.6096,2.9409,80.78,93.45510740927315,9.607731819152832,2.941577106288501,5.731823430525737,14.924971179186398,0.1871614661479859,0.07424237101162418,0.1068862832863921,2.033550920527271,1.9346918347336524,0.09885908579361846,-0.8877302315827293,0.9826208720918137,1.9706030409642024,0.9827053105188871,0.46848025735761273
qwsw_lora_null_r16_lr2e4_s42,qwsw,Qwen-CS (qwsw),Qwen-2.5-7B,cs,sweep,lora_null,LoRA-Null,0.0002,42.0,qwsw_lora_null_r16_lr2e4,False,False,False,True,87.17,,cs,43.8,33.06,69.84,46.42,48.24,38.43,48.27,0.2171,12.4767,4.7943,87.17,190.97760264354082,12.484702110290527,4.795022977249963,8.088968831908744,17.005242916404047,0.16617642864163634,0.06940556304551174,0.08994599753339363,,,,-0.66334017654558,1.0963781843805618,2.280982437307002,1.0960997326776922,0.6807252062241546
qwsw_lora_null_r16_lr2e4_s43,qwsw,Qwen-CS (qwsw),Qwen-2.5-7B,cs,sweep,lora_null,LoRA-Null,0.0002,43.0,qwsw_lora_null_r16_lr2e4,False,False,False,True,87.14,,cs,45.58,33.86,70.44,40.44,45.09,39.72,47.08,0.1969,14.3234,5.2928,87.14,188.68101651961558,14.347345352172852,5.294052273035049,6.821793659997519,15.250411613546659,0.16115407333446471,0.07656148420897724,0.09250359186954288,,,,-0.7057542838618818,1.1567715522508526,2.275728207342959,1.1560461203441392,0.7236854835364338
qwsw_lora_null_r16_lr2e4_s44,qwsw,Qwen-CS (qwsw),Qwen-2.5-7B,cs,sweep,lora_null,LoRA-Null,0.0002,44.0,qwsw_lora_null_r16_lr2e4,False,False,False,True,84.38,,cs,44.97,32.41,69.95,41.21,45.84,38.69,46.88,0.1979,16.4358,5.3575,84.38,189.3224146912462,16.45107078552246,5.359102119718279,6.767534681418331,15.16032458541988,0.1609806469278831,0.07611690042793,0.09253160912880644,2.139940110893013,1.9346918347336524,0.2052482761593608,-0.7035542057936037,1.2161941710464175,2.277202034990949,1.215790847884014,0.7289621797138662
qwsw_lora_null_r16_lr2e5_s42,qwsw,Qwen-CS (qwsw),Qwen-2.5-7B,cs,sweep,lora_null,LoRA-Null,2e-05,42.0,qwsw_lora_null_r16_lr2e5,False,False,False,True,83.32,,cs,46.37,31.29,71.64,56.74,49.66,38.83,51.14,0.0749,2.7677,0.7553,83.32,23.062756108203462,2.7686269283294678,0.755509611751352,5.449329641021622,17.0567388461676,0.21761139902919005,0.059097543378966694,0.12561858412859317,,,,-1.1255181823005336,0.44226443863338594,1.362911206300402,0.44211901374515933,-0.12188051530283252
qwsw_lora_null_r16_lr2e5_s43,qwsw,Qwen-CS (qwsw),Qwen-2.5-7B,cs,sweep,lora_null,LoRA-Null,2e-05,43.0,qwsw_lora_null_r16_lr2e5,False,False,False,True,84.91,,cs,46.34,33.46,72.31,57.42,51.96,39.9,52.3,0.0802,2.8888,0.795,84.91,21.967814857967962,2.8903582096099854,0.7951844238276993,4.710517734587969,13.700706641132586,0.21092721541393142,0.0784566945694949,0.1295083193443511,1.9645275493766259,1.9346918347336524,0.02983571464297352,-1.0958256317158366,0.4609516693366798,1.341786859727817,0.4607174754187702,-0.09963287134352969
qwsw_lora_null_r16_lr2e5_s44,qwsw,Qwen-CS (qwsw),Qwen-2.5-7B,cs,sweep,lora_null,LoRA-Null,2e-05,44.0,qwsw_lora_null_r16_lr2e5,False,False,False,True,83.87,,cs,45.81,33.54,72.2,58.11,51.81,39.67,52.29,0.0802,2.9267,0.7934,83.87,21.961703605778922,2.9295434951782227,0.7936202845403126,4.706519043969755,13.727671607775536,0.21096415086024853,0.07841776233166885,0.12959755227601977,1.9657045773885145,1.9346918347336524,0.03101274265486209,-1.0958256317158366,0.4667999503980371,1.3416660260281474,0.4663782075646715,-0.10050780386186829
qwsw_lora_null_r16_lr3e4_s42,qwsw,Qwen-CS (qwsw),Qwen-2.5-7B,cs,sweep,lora_null,LoRA-Null,0.0003,42.0,qwsw_lora_null_r16_lr3e4,False,False,False,True,86.15,,cs,43.71,32.21,67.67,38.74,47.02,37.96,45.87,0.2991,16.7239,6.8172,86.15,285.83645641843725,16.7297306060791,6.817836855990546,8.987825199660586,16.55835346884306,0.14977067814324105,0.07568895622764915,0.08277304267945877,,,,-0.5241835869686818,1.223488947702665,2.456117619177247,1.22333756203683,0.8336060353248834
qwsw_lora_null_r16_lr3e4_s43,qwsw,Qwen-CS (qwsw),Qwen-2.5-7B,cs,sweep,lora_null,LoRA-Null,0.0003,43.0,qwsw_lora_null_r16_lr3e4,False,False,False,True,85.79,,cs,45.03,31.34,68.3,39.85,44.15,38.18,45.73,0.2682,20.6027,7.5258,85.79,287.6315820514211,20.60101318359375,7.527761896167482,7.7720373816937345,15.329497642641552,0.14372419353900506,0.07990241542202757,0.08422489472655276,2.233242946285791,1.8790178806577968,0.35422506562799394,-0.5715412264844199,1.313888580040191,2.458836570019697,1.3139241387314362,0.8765526726537208
qwsw_lora_null_r16_lr3e4_s44,qwsw,Qwen-CS (qwsw),Qwen-2.5-7B,cs,sweep,lora_null,LoRA-Null,0.0003,44.0,qwsw_lora_null_r16_lr3e4,False,False,False,True,76.54,,cs,45.37,30.04,68.26,39.93,42.58,37.7,45.24,0.2693,19.2533,7.5458,76.54,287.3372562389511,19.249549865722656,7.5474767352853505,7.68743482071513,15.315673748071642,0.14400143353665312,0.07978538341000661,0.08438254153672109,2.2700915034344256,1.9346918347336524,0.3353996687007732,-0.5697636465884895,1.2844205783578473,2.458391940401916,1.2845051779463907,0.8777052901245235
qwsw_lora_null_r16_lr5e4_s42,qwsw,Qwen-CS (qwsw),Qwen-2.5-7B,cs,sweep,lora_null,LoRA-Null,0.0005,42.0,qwsw_lora_null_r16_lr5e4,False,False,False,True,85.72,,cs,40.16,28.19,62.21,37.46,41.14,34.17,41.83,0.4194,24.0867,10.4451,85.72,458.85500418185524,24.0861873626709,10.445564713648388,10.110991271136312,16.18161412121317,0.13177005113759443,0.08432374244707835,0.07609829425639592,,,,-0.37737157387067494,1.3817680603388713,2.661675472395847,1.3817773035283685,1.0189126022139143
qwsw_lora_null_r16_lr5e4_s43,qwsw,Qwen-CS (qwsw),Qwen-2.5-7B,cs,sweep,lora_null,LoRA-Null,0.0005,43.0,qwsw_lora_null_r16_lr5e4,False,False,True,False,85.33,,cs,42.64,24.38,63.39,38.65,41.31,33.51,42.07,0.4113,27.7894,11.164,85.33,467.0651191314853,27.824417114257812,11.16559409584318,9.267248032495653,15.55047029393318,0.12649176090096637,0.08574569865135474,0.07662311677724763,2.4986402520922026,1.9346918347336524,0.5639484173585503,-0.3858412904908249,1.4444260751913671,2.669377434972731,1.4438791700410576,1.0478198278165933
qwsw_lora_null_r16_lr5e4_s44,qwsw,Qwen-CS (qwsw),Qwen-2.5-7B,cs,sweep,lora_null,LoRA-Null,0.0005,44.0,qwsw_lora_null_r16_lr5e4,False,False,False,True,84.94,,cs,16.66,16.66,63.02,37.03,40.45,16.66,34.76,0.4273,26.6224,11.1842,84.94,467.7829753289113,26.65835952758789,11.186148251805987,9.22122650968839,15.524068135875773,0.12738639008862154,0.08560975865417715,0.07701029996628962,2.4801805494453113,1.8790178806577968,0.6011626687875145,-0.3692671071828035,1.4258334207703849,2.670044411882597,1.425247204398362,1.0486049246855613
qwsw_lora_null_r16_lr5e5_s42,qwsw,Qwen-CS (qwsw),Qwen-2.5-7B,cs,sweep,lora_null,LoRA-Null,5e-05,42.0,qwsw_lora_null_r16_lr5e5,False,False,False,True,86.05,,cs,46.61,29.64,72.03,56.74,50.53,38.12,51.11,0.1027,5.5506,1.5658,86.05,50.847989146758906,5.563358306884766,1.5663894649062837,5.9989485294984615,17.51742273275618,0.20954411503622486,0.06058992995159619,0.11431924055751072,,,,-0.9884295564027218,0.7453370314834735,1.7062737828293777,0.7443399313397808,0.1947362887286947
qwsw_lora_null_r16_lr5e5_s43,qwsw,Qwen-CS (qwsw),Qwen-2.5-7B,cs,sweep,lora_null,LoRA-Null,5e-05,43.0,qwsw_lora_null_r16_lr5e5,False,False,False,True,85.55,,cs,46.35,33.11,71.81,55.29,51.05,39.73,51.52,0.1077,5.8698,1.663,85.55,48.5778214568228,5.8775763511657715,1.6632826998829842,5.167038284196114,14.338629107341351,0.20247648776871657,0.07534756093663737,0.11784213291909491,1.9938321530776943,1.9346918347336524,0.05914031834404199,-0.9677842967020184,0.7691982794260045,1.6864380343370533,0.768623303909263,0.22089224921951925
qwsw_lora_null_r16_lr5e5_s44,qwsw,Qwen-CS (qwsw),Qwen-2.5-7B,cs,sweep,lora_null,LoRA-Null,5e-05,44.0,qwsw_lora_null_r16_lr5e5,False,False,False,True,85.66,,cs,45.98,31.89,71.66,55.89,50.63,38.94,51.21,0.1069,6.0593,1.6635,85.66,48.6446590110143,6.060436248779297,1.6637699787105833,5.177384177832467,14.35988312828288,0.20258884753672618,0.07526921936099594,0.11774244897523196,1.9941492791671245,1.9346918347336524,0.05945744443347212,-0.971022294791222,0.7825038871396278,1.6870351634249452,0.7824224552394224,0.2210228052048413
qwsw_lora_null_r16_lr7e5_s42,qwsw,Qwen-CS (qwsw),Qwen-2.5-7B,cs,sweep,lora_null,LoRA-Null,7e-05,42.0,qwsw_lora_null_r16_lr7e5,False,False,False,True,86.12,,cs,46.08,33.98,71.91,50.85,50.28,40.03,50.62,0.1156,7.7519,2.1951,86.12,66.24532403570156,7.753884792327881,2.1955143964716366,5.378805089928913,14.58900976721834,0.19635946597664158,0.07441783438153717,0.11258502368551336,2.0057360629713363,1.9346918347336524,0.07104422823768397,-0.9370421659154897,0.889519343946407,1.8211552287649002,0.889408161652576,0.34145430975305546
qwsw_lora_r16_lr15e5_s42,qwsw,Qwen-CS (qwsw),Qwen-2.5-7B,cs,sweep,lora,LoRA,0.00015,42.0,qwsw_lora_r16_lr15e5,False,False,False,True,78.3,,cs,43.4,33.39,70.23,41.81,47.73,38.39,47.31,0.2096,21.8307,6.6041,78.3,183.48676043408153,21.860370635986328,6.609188623939242,3.9668168854792385,10.341070752611483,0.11489479386354301,0.09066388751577291,0.0721746003720399,2.1240611295910257,1.9346918347336524,0.1893692948573733,-0.678608721688311,1.33965752100797,2.263604733013948,1.3390676615572066,0.8198136407747932
qwsw_lora_r16_lr1e3_s42,qwsw,Qwen-CS (qwsw),Qwen-2.5-7B,cs,sweep,lora,LoRA,0.001,42.0,qwsw_lora_r16_lr1e3,False,False,False,True,79.19,,cs,13.84,0.71,25.4,34.39,38.35,7.28,22.54,0.8243,121.4454,20.4882,79.19,899.6266142354547,121.44413757324219,20.487743935414723,10.604652008964775,15.350338414828997,0.12107418780973174,0.0942448279143025,0.0757963768733015,,,,-0.08391470015629726,2.084376555114455,2.9540622949679367,2.0843810696355844,1.3115038049406755
qwsw_lora_r16_lr1e3_s43,qwsw,Qwen-CS (qwsw),Qwen-2.5-7B,cs,sweep,lora,LoRA,0.001,43.0,qwsw_lora_r16_lr1e3,False,False,False,True,79.19,,cs,12.66,0.1,23.34,37.12,35.69,6.38,21.78,0.8215,124.1124,20.4478,79.19,902.1946054165347,124.1103286743164,20.448013463190623,10.633751711807099,15.367823156525573,0.12049561351526958,0.0942758091967709,0.07590916771895195,2.961941686033485,1.9346918347336524,1.0272498512998327,-0.08539243222891947,2.0938079257340445,2.955300225948529,2.0938151737835637,1.310646588663304
qwsw_lora_r16_lr1e3_s44,qwsw,Qwen-CS (qwsw),Qwen-2.5-7B,cs,sweep,lora,LoRA,0.001,44.0,qwsw_lora_r16_lr1e3,False,False,False,True,72.59,,cs,11.93,0.11,24.48,30.8,40.6,6.02,21.58,0.8609,112.5974,20.86,72.59,904.5996540128033,112.59574127197266,20.860004199402674,10.371544241103877,15.27382046731722,0.12109478662823803,0.09279093714838425,0.07838899319670761,3.22347943445354,1.9346918347336524,1.2887875997198877,-0.06504729218214192,2.051521964431317,2.9564564173029364,2.051528362285401,1.319314304090512
qwsw_lora_r16_lr1e4_s42,qwsw,Qwen-CS (qwsw),Qwen-2.5-7B,cs,sweep,lora,LoRA,0.0001,42.0,qwsw_lora_r16_lr1e4,False,False,False,True,87.43,,cs,44.74,32.36,71.02,44.28,46.69,38.55,47.82,0.1609,15.9876,4.7314,87.43,117.61025881342131,16.01188087463379,4.733590887699808,3.122489528485888,8.534703687477002,0.1157462507352042,0.09171508891920083,0.0736853962669266,,,,-0.7934439559009705,1.204442350376257,2.0704452056834906,1.2037832739409633,0.6749896655394481
qwsw_lora_r16_lr1e4_s43,qwsw,Qwen-CS (qwsw),Qwen-2.5-7B,cs,sweep,lora,LoRA,0.0001,43.0,qwsw_lora_r16_lr1e4,False,False,False,True,82.61,,cs,45.02,32.1,70.7,48.04,48.16,38.56,48.8,0.1594,16.239,4.6983,82.61,117.04224534424527,16.26405906677246,4.7003943417753495,3.122099797305844,8.603481909062632,0.11617885776081155,0.09162351286922119,0.07396420164293852,,,,-0.7975116829399065,1.211228942875848,2.068342644724073,1.2105592818107238,0.6719407442816975
qwsw_lora_r16_lr1e4_s44,qwsw,Qwen-CS (qwsw),Qwen-2.5-7B,cs,sweep,lora,LoRA,0.0001,44.0,qwsw_lora_r16_lr1e4,False,False,False,True,86.61,,cs,46.03,29.51,70.73,42.41,46.49,37.77,47.03,0.1612,15.2075,4.7202,86.61,117.11496156601713,15.232866287231445,4.722035699231284,3.095148166041992,8.588560047607416,0.11545982818401916,0.0916793481197878,0.07391289540694035,,,,-0.7926349625309281,1.1827816299024203,2.0686123802175245,1.182057825134961,0.6739604005527746
qwsw_lora_r16_lr2e4_s42,qwsw,Qwen-CS (qwsw),Qwen-2.5-7B,cs,sweep,lora,LoRA,0.0002,42.0,qwsw_lora_r16_lr2e4,False,False,False,True,86.78,,cs,43.03,32.31,68.09,42.83,46.48,37.67,46.55,0.2626,23.9483,8.2027,86.78,250.1306523872398,23.959115982055664,8.209623445783343,4.827059264908628,11.714989627787077,0.11337203589701692,0.09117113397730887,0.07042388677905737,,,,-0.5807052782465395,1.3794707898776304,2.3981669158285803,1.3792746899082768,0.9139568282488766
qwsw_lora_r16_lr2e4_s43,qwsw,Qwen-CS (qwsw),Qwen-2.5-7B,cs,sweep,lora,LoRA,0.0002,43.0,qwsw_lora_r16_lr2e4,False,False,False,True,80.61,,cs,42.31,34.11,68.31,40.19,44.51,38.21,45.89,0.264,25.905,8.1948,80.61,250.76589934972668,25.929798126220703,8.202184603043966,4.831212247838587,11.699684827755545,0.1129155777478887,0.09165508808888377,0.07030718443594645,2.1759598363369963,1.8790178806577968,0.29694195567919945,-0.5783960731301689,1.4137991356274435,2.3992684782067055,1.41338359662314,0.91353835876603
qwsw_lora_r16_lr2e4_s44,qwsw,Qwen-CS (qwsw),Qwen-2.5-7B,cs,sweep,lora,LoRA,0.0002,44.0,qwsw_lora_r16_lr2e4,False,False,False,True,74.7,,cs,45.25,33.4,67.95,44.54,46.79,39.33,47.59,0.2663,22.6293,8.1661,74.7,249.9121516297313,22.664960861206055,8.173479503393173,4.851452363377034,11.688468272182538,0.11296848069286576,0.09140443544755132,0.07020644526632891,2.2205735362094305,1.9346918347336524,0.2858817014757782,-0.5746288335610588,1.35535497343764,2.397787373603175,1.3546711199803916,0.912014693880179
qwsw_lora_r16_lr2e5_s42,qwsw,Qwen-CS (qwsw),Qwen-2.5-7B,cs,sweep,lora,LoRA,2e-05,42.0,qwsw_lora_r16_lr2e5,False,False,False,True,86.0,,cs,46.29,29.96,71.6,54.86,48.84,38.12,50.31,0.1096,4.8844,1.231,86.0,23.593829136932783,4.89112663269043,1.2324194380215236,1.5639919201680343,3.4195177923406805,0.10147852181113347,0.08858576973874714,0.0785329564995846,,,,-0.9601894458516497,0.6894089069772313,1.37279842999487,0.6888112225700191,0.09025805293131633
qwsw_lora_r16_lr2e5_s43,qwsw,Qwen-CS (qwsw),Qwen-2.5-7B,cs,sweep,lora,LoRA,2e-05,43.0,qwsw_lora_r16_lr2e5,False,False,False,True,85.53,,cs,46.37,30.4,71.43,54.86,49.85,38.38,50.58,0.1079,4.3282,1.2145,85.53,23.462420384890617,4.337471008300781,1.2159281032426017,1.5839722175970927,3.504076789760106,0.10125952940610254,0.08904055467848962,0.07833960239652255,1.9850346491063544,1.9346918347336524,0.05034281437270205,-0.9669785553170893,0.637236584980009,1.3703728119389884,0.6363073206959104,0.08439751914114932
qwsw_lora_r16_lr2e5_s44,qwsw,Qwen-CS (qwsw),Qwen-2.5-7B,cs,sweep,lora,LoRA,2e-05,44.0,qwsw_lora_r16_lr2e5,False,False,False,True,85.62,,cs,45.38,32.5,71.49,55.89,48.27,38.94,50.71,0.1081,4.3448,1.2132,85.62,23.45519334079445,4.353630065917969,1.2146598157073771,1.6014135152337914,3.550881727640706,0.10115792678642939,0.08950241066995557,0.07773452743513676,1.9837451473755519,1.9346918347336524,0.049053312641899494,-0.9661743060466896,0.6388515236586657,1.3702390171806016,0.6379697897845712,0.0839324016386259
qwsw_lora_r16_lr3e4_s42,qwsw,Qwen-CS (qwsw),Qwen-2.5-7B,cs,sweep,lora,LoRA,0.0003,42.0,qwsw_lora_r16_lr3e4,False,False,False,True,86.7,,cs,41.44,25.65,64.67,39.68,46.46,33.54,43.58,0.3572,30.4303,10.7363,86.7,379.19965075289315,30.433279037475586,10.743404718807765,6.521446122771142,13.410679764242596,0.1120785525561307,0.09215025449303639,0.06908778463780273,,,,-0.44708854978349116,1.4833487479927598,2.578867928676152,1.483306233912631,1.0308546383059394
qwsw_lora_r16_lr3e4_s43,qwsw,Qwen-CS (qwsw),Qwen-2.5-7B,cs,sweep,lora,LoRA,0.0003,43.0,qwsw_lora_r16_lr3e4,False,False,False,True,69.62,,cs,43.43,28.68,64.72,38.23,44.65,36.06,43.94,0.3627,30.7342,10.7442,69.62,379.25135524556316,30.738025665283203,10.751986575978142,6.486376220568377,13.425288388452563,0.11190023267777793,0.09230802549654919,0.06894876701538638,2.3699349442188895,1.9346918347336524,0.43524310948523715,-0.44045244441956566,1.4876759688823484,2.5789271414023887,1.487621913077267,1.0311740839949803
qwsw_lora_r16_lr3e4_s44,qwsw,Qwen-CS (qwsw),Qwen-2.5-7B,cs,sweep,lora,LoRA,0.0003,44.0,qwsw_lora_r16_lr3e4,False,False,False,True,83.94,,cs,41.28,28.61,64.68,36.86,39.68,34.94,42.22,0.3759,30.5779,10.6945,83.94,378.9868857971999,30.583223342895508,10.701972371339798,6.5183500379086805,13.453411224606015,0.11169356915546345,0.09254842411041754,0.06878532259572762,2.393254353968371,1.9346918347336524,0.45856251923471847,-0.42492767428618755,1.485483256297344,2.5786241821990754,1.4854076560361231,1.0291604848105842
qwsw_lora_r16_lr5e4_s42,qwsw,Qwen-CS (qwsw),Qwen-2.5-7B,cs,sweep,lora,LoRA,0.0005,42.0,qwsw_lora_r16_lr5e4,False,False,False,True,84.16,,cs,15.5,13.55,54.5,37.37,37.95,14.52,31.77,0.5267,36.8395,14.168,84.16,589.5994146439002,36.838871002197266,14.17010157108307,9.281711478507653,14.873716390287218,0.11241111856113156,0.09383656022065963,0.06940285913501401,,,,-0.27843668164251917,1.5663063119420455,2.770557043682321,1.5663137271514522,1.1513085481820182
qwsw_lora_r16_lr5e4_s43,qwsw,Qwen-CS (qwsw),Qwen-2.5-7B,cs,sweep,lora,LoRA,0.0005,43.0,qwsw_lora_r16_lr5e4,False,False,False,True,73.51,,cs,14.65,16.16,57.17,38.48,38.06,15.4,32.9,0.5288,41.4081,14.1717,73.51,589.2792842637656,41.407127380371094,14.174031627178191,9.2964142173438,14.859521691903742,0.11326986525131014,0.09349523090361206,0.06958585626322024,2.626065011443537,1.9346918347336524,0.6913731767098845,-0.27670855352241613,1.6170751023660033,2.7703211740188376,1.6170853034691386,1.1514219502005416
qwsw_lora_r16_lr5e4_s44,qwsw,Qwen-CS (qwsw),Qwen-2.5-7B,cs,sweep,lora,LoRA,0.0005,44.0,qwsw_lora_r16_lr5e4,False,False,False,True,84.14,,cs,14.56,1.43,58.05,37.54,37.5,8.0,29.82,0.5464,47.089,14.1783,84.14,589.966889774233,47.087745666503906,14.180353444814681,9.32372841857751,14.86469129267462,0.11407305091073865,0.09318914800316469,0.07023784926771603,2.6009662160273437,1.9346918347336524,0.6662743812936913,-0.26248930932652387,1.6729078990213313,2.770827638774611,1.672919467697059,1.151624161391536
qwsw_lora_r16_lr5e5_s42,qwsw,Qwen-CS (qwsw),Qwen-2.5-7B,cs,sweep,lora,LoRA,5e-05,42.0,qwsw_lora_r16_lr5e5,False,False,False,True,85.96,,cs,42.79,31.65,71.66,45.82,49.86,37.22,48.36,0.1225,9.8571,2.6585,85.96,56.49946725447392,9.872345924377441,2.660325311124325,2.1871134227705724,5.774892894975349,0.11187797122308116,0.09290201297245138,0.0754164109067921,,,,-0.9118639112994488,0.994420364519007,1.7520443527834555,0.9937491624820158,0.4246366646501974
qwsw_lora_r16_lr5e5_s43,qwsw,Qwen-CS (qwsw),Qwen-2.5-7B,cs,sweep,lora,LoRA,5e-05,43.0,qwsw_lora_r16_lr5e5,False,False,False,True,86.61,,cs,44.95,32.91,71.89,48.98,48.9,38.93,49.53,0.1228,9.6384,2.6732,86.61,56.69787573681771,9.655065536499023,2.6752597323485783,2.180004390282014,5.746741173313175,0.11250791304363975,0.09273808981977827,0.07678212990420534,2.0052026909173817,1.9346918347336524,0.07051085618372932,-0.9108016331948511,0.9847552260225385,1.753566787763094,0.984004945848569,0.4270314524516557
qwsw_lora_r16_lr5e5_s44,qwsw,Qwen-CS (qwsw),Qwen-2.5-7B,cs,sweep,lora,LoRA,5e-05,44.0,qwsw_lora_r16_lr5e5,False,False,False,True,86.72,,cs,44.19,31.21,71.54,46.5,47.62,37.7,48.21,0.1218,9.3685,2.6563,86.72,56.45115712396774,9.383228302001953,2.6581824536834446,2.1809056989336715,5.725678418597515,0.11140469557213707,0.09256193645394686,0.07526965305226643,1.9554601386449777,1.8790178806577968,0.07644225798718085,-0.9143527117031435,0.9723522832119721,1.7516728484293416,0.9716700611256045,0.42427712227240044
qwsw_lora_r16_lr7e5_s42,qwsw,Qwen-CS (qwsw),Qwen-2.5-7B,cs,sweep,lora,LoRA,7e-05,42.0,qwsw_lora_r16_lr7e5,False,False,False,True,87.47,,cs,40.76,31.99,71.66,47.95,48.09,36.38,48.09,0.1352,13.0507,3.4996,87.47,80.14650518235318,13.071828842163086,3.5014163600546975,2.6033089608376514,7.12035488568994,0.11482723567175777,0.09197420963475898,0.07468083160590175,2.022092537643677,1.9346918347336524,0.08740070291002455,-0.8690233083943829,1.1163363527294397,1.9038845895334515,1.1156338065389897,0.544018407858776
qwsw_lorawd_wd0p3_lr15e5_s42,qwsw,Qwen-CS (qwsw),Qwen-2.5-7B,cs,sweep,lorawd,LoRA+wd,0.00015,42.0,qwsw_lorawd_wd0p3_lr15e5,False,False,False,True,85.55,,cs,46.23,35.83,70.84,48.12,47.0,41.03,49.6,0.1662,13.244,4.1498,85.55,134.721229188934,13.252882957458496,4.151758067948478,5.466366772650895,17.396090869790317,0.1155877011588892,0.0920812013763374,0.07361371995980256,2.0840315022956917,1.9346918347336524,0.1493396675620393,-0.7793689805519078,1.122310362523671,2.1294360366521294,1.1220191720800308,0.6180271663531931
qwsw_lorawd_wd0p3_lr1e3_s42,qwsw,Qwen-CS (qwsw),Qwen-2.5-7B,cs,sweep,lorawd,LoRA+wd,0.001,42.0,qwsw_lorawd_wd0p3_lr1e3,False,False,False,True,87.4,,cs,46.11,28.31,66.73,39.68,41.84,37.21,44.53,0.2818,24.9852,5.0695,87.4,242.2540306312354,24.997846603393555,5.070058053731918,12.621024201606327,26.893929627727896,0.11433304371363869,0.08847426546876898,0.07320291355099619,,,,-0.5500590112266623,1.3979025987303044,2.3842710115900547,1.397682830206412,0.70496512739071
qwsw_lorawd_wd0p3_lr1e3_s43,qwsw,Qwen-CS (qwsw),Qwen-2.5-7B,cs,sweep,lorawd,LoRA+wd,0.001,43.0,qwsw_lorawd_wd0p3_lr1e3,False,False,False,True,87.44,,cs,46.38,31.82,67.37,36.77,41.84,39.1,44.84,0.2822,18.1416,4.9499,87.44,241.57602346792046,18.143247604370117,4.950491278512137,12.855735015599224,27.100979192327998,0.11396533997930297,0.08907484625881473,0.07313617968135325,2.1704191327716122,1.9346918347336524,0.2357272980379599,-0.549442990581671,1.258715027510127,2.3830538281597664,1.258675587053075,0.6945964252190481
qwsw_lorawd_wd0p3_lr1e3_s44,qwsw,Qwen-CS (qwsw),Qwen-2.5-7B,cs,sweep,lorawd,LoRA+wd,0.001,44.0,qwsw_lorawd_wd0p3_lr1e3,False,True,False,True,0.01,,cs,0.0,0.0,22.95,24.91,49.31,0.0,19.43,14.3334,513.4485,42.1998,0.01,875.0852965049063,515.01806640625,42.25529603106635,1.1000566074241758,1.3299674218834998,0.1663633627372724,0.18634032919759255,0.09902724546816374,10.402909851792856,1.9346918347336524,8.468218017059204,1.156349220829561,2.711822463998322,2.942050386732001,2.710496889437741,1.6253103926891097
qwsw_lorawd_wd0p3_lr1e4_s42,qwsw,Qwen-CS (qwsw),Qwen-2.5-7B,cs,sweep,lorawd,LoRA+wd,0.0001,42.0,qwsw_lorawd_wd0p3_lr1e4,False,False,False,True,87.48,,cs,45.91,36.11,71.4,47.61,47.77,41.01,49.76,0.1373,11.5435,3.5195,87.48,100.44313756475054,11.553292274475098,3.5212096554892405,4.173905354622653,14.28141238349045,0.11682289021135328,0.0922882352345868,0.07490557429054943,,,,-0.8623294627632448,1.0627057602363734,2.0019202704066275,1.0623375072795052,0.546480969539267
qwsw_lorawd_wd0p3_lr1e4_s43,qwsw,Qwen-CS (qwsw),Qwen-2.5-7B,cs,sweep,lorawd,LoRA+wd,0.0001,43.0,qwsw_lorawd_wd0p3_lr1e4,False,False,False,True,86.42,,cs,45.57,35.41,71.36,50.34,48.89,40.49,50.31,0.1323,11.7499,3.4609,86.42,100.22383648409242,11.7611665725708,3.462752200450216,4.25621852023316,14.405590751421245,0.11707649977878734,0.09185880179513187,0.07434759998618283,,,,-0.878440155812499,1.0704504008985527,2.0009710231518296,1.0700341704687766,0.539189050875863
qwsw_lorawd_wd0p3_lr1e4_s44,qwsw,Qwen-CS (qwsw),Qwen-2.5-7B,cs,sweep,lorawd,LoRA+wd,0.0001,44.0,qwsw_lorawd_wd0p3_lr1e4,False,False,False,True,86.64,,cs,45.98,35.24,71.51,53.24,47.89,40.61,50.77,0.1383,11.5625,3.5291,86.64,100.36036411991161,11.572782516479492,3.530925220676831,4.1189178639143895,14.264557980759545,0.11656480200974416,0.09248897441672387,0.07464303980970945,,,,-0.8591778198906894,1.0634377916454252,2.0015622283199495,1.063051745747089,0.5476639646316834
qwsw_lorawd_wd0p3_lr2e4_s42,qwsw,Qwen-CS (qwsw),Qwen-2.5-7B,cs,sweep,lorawd,LoRA+wd,0.0002,42.0,qwsw_lorawd_wd0p3_lr2e4,False,False,False,True,87.36,,cs,46.17,35.14,70.2,42.32,46.44,40.66,48.05,0.1873,12.8752,4.4105,87.36,160.71200640239883,12.877548217773438,4.411589644210679,6.909203475854922,19.98648296160179,0.11682932979226075,0.09118780069713693,0.07316133536275012,,,,-0.7274622226247627,1.1098331846969558,2.2060483230578694,1.1097539839828796,0.6444878264138584
qwsw_lorawd_wd0p3_lr2e4_s43,qwsw,Qwen-CS (qwsw),Qwen-2.5-7B,cs,sweep,lorawd,LoRA+wd,0.0002,43.0,qwsw_lorawd_wd0p3_lr2e4,False,False,False,True,85.88,,cs,45.4,34.12,70.6,40.78,47.05,39.76,47.59,0.1816,12.4385,4.427,85.88,160.7307734974903,12.435505867004395,4.427981261696134,6.863909986468262,19.88616657144918,0.11577798084776415,0.09154549673597753,0.07303685059172381,2.113493893680148,1.9346918347336524,0.1788020589464958,-0.7408841558149337,1.094663456737439,2.2060990347014866,1.094768010499411,0.6461095219788479
qwsw_lorawd_wd0p3_lr2e4_s44,qwsw,Qwen-CS (qwsw),Qwen-2.5-7B,cs,sweep,lorawd,LoRA+wd,0.0002,44.0,qwsw_lorawd_wd0p3_lr2e4,False,False,False,True,85.52,,cs,45.31,35.85,70.09,43.0,49.61,40.58,48.77,0.1872,12.6974,4.4644,85.52,160.93712031633746,12.695914268493652,4.465923514110702,6.7939978072125315,19.904135020016977,0.115464758277221,0.0917559313355985,0.07371475667089715,2.11834267323636,1.9346918347336524,0.1836508385027078,-0.7276941555979136,1.1036639811029794,2.206656226132771,1.1037148011722866,0.6497630994622667
qwsw_lorawd_wd0p3_lr2e5_s42,qwsw,Qwen-CS (qwsw),Qwen-2.5-7B,cs,sweep,lorawd,LoRA+wd,2e-05,42.0,qwsw_lorawd_wd0p3_lr2e5,False,False,False,True,86.54,,cs,46.43,30.91,71.51,55.63,50.31,38.67,50.96,0.1001,5.1106,1.3327,86.54,27.783390286862666,5.120565891265869,1.3337105919207846,1.9461029780784704,5.763737789337206,0.10319070193543553,0.0905404317971775,0.07624935964510075,,,,-0.9995659225206814,0.7093179589980072,1.4437852397111222,0.7084718906224416,0.12473239772002942
qwsw_lorawd_wd0p3_lr2e5_s43,qwsw,Qwen-CS (qwsw),Qwen-2.5-7B,cs,sweep,lorawd,LoRA+wd,2e-05,43.0,qwsw_lorawd_wd0p3_lr2e5,False,False,False,True,85.28,,cs,45.54,31.84,71.64,55.63,50.05,38.69,50.94,0.1013,5.9982,1.3397,85.28,27.978434960673187,6.010098934173584,1.3407567786318915,1.941423915957076,5.753571557644255,0.10299625140972708,0.08987075684376836,0.0767717500690602,1.9857182697895903,1.9346918347336524,0.05102643505593796,-0.9943905546397196,0.778881621122875,1.4468234175556225,0.7780209424919114,0.12700755737132677
qwsw_lorawd_wd0p3_lr2e5_s44,qwsw,Qwen-CS (qwsw),Qwen-2.5-7B,cs,sweep,lorawd,LoRA+wd,2e-05,44.0,qwsw_lorawd_wd0p3_lr2e5,False,False,False,True,85.15,,cs,45.86,31.26,72.03,55.12,48.91,38.56,50.64,0.1002,5.8394,1.3352,85.15,27.938093574359797,5.841203689575195,1.3362054229847022,1.9457520116416973,5.796604076050679,0.10328873464698726,0.09009194973763066,0.07630662003106001,1.9850510834718023,1.9346918347336524,0.0503592487381499,-0.9991322784687731,0.7665023508581048,1.4461967676198353,0.7663682255240695,0.12554632367119029
qwsw_lorawd_wd0p3_lr3e4_s42,qwsw,Qwen-CS (qwsw),Qwen-2.5-7B,cs,sweep,lorawd,LoRA+wd,0.0003,42.0,qwsw_lorawd_wd0p3_lr3e4,False,False,False,True,86.33,,cs,47.5,34.69,69.0,39.93,44.97,41.1,47.22,0.2131,12.3831,4.5414,86.33,195.18004686125937,12.400544166564941,4.542139241950853,9.66921516968184,23.503059569254905,0.11512049782268685,0.0912686155917616,0.07255164013436508,,,,-0.671416550285798,1.093440743496991,2.290435417936344,1.0928293800929076,0.6571897556208807
qwsw_lorawd_wd0p3_lr3e4_s43,qwsw,Qwen-CS (qwsw),Qwen-2.5-7B,cs,sweep,lorawd,LoRA+wd,0.0003,43.0,qwsw_lorawd_wd0p3_lr3e4,False,False,False,True,86.99,,cs,46.63,36.24,70.34,38.48,44.12,41.44,47.16,0.2097,12.2293,4.5059,86.99,195.0556085294214,12.2454833984375,4.50667670411723,9.639109061127385,23.585653205621597,0.11531316665879651,0.0910271168357523,0.07246654813647385,2.1393137107339553,1.9346918347336524,0.2046218760003029,-0.6784015695346561,1.0879759338568298,2.290158442309234,1.0874015989138195,0.6537815491432261
qwsw_lorawd_wd0p3_lr3e4_s44,qwsw,Qwen-CS (qwsw),Qwen-2.5-7B,cs,sweep,lorawd,LoRA+wd,0.0003,44.0,qwsw_lorawd_wd0p3_lr3e4,False,False,False,True,84.84,,cs,46.09,34.98,69.06,40.7,46.51,40.53,47.47,0.2114,12.1376,4.4988,84.84,194.73076465435142,12.152814865112305,4.499371970977102,9.739487627011204,23.615812404094314,0.11467831377421904,0.09110716494061526,0.07196828564520973,2.152314056510881,1.9346918347336524,0.21762222177722856,-0.6748950170285926,1.0846768819506005,2.289434569209557,1.0841328210226966,0.6530966864691755
qwsw_lorawd_wd0p3_lr5e4_s42,qwsw,Qwen-CS (qwsw),Qwen-2.5-7B,cs,sweep,lorawd,LoRA+wd,0.0005,42.0,qwsw_lorawd_wd0p3_lr5e4,False,False,False,True,87.17,,cs,44.94,33.62,68.86,39.42,44.59,39.28,46.29,0.2458,10.7057,4.5219,87.17,223.0086711383491,10.707830429077148,4.522358984180859,12.873537326654407,26.570884878367192,0.11419055746754547,0.09004276213611502,0.07214927546218466,,,,-0.6094181214495648,1.0297014850121682,2.3483217498388487,1.0296150692202082,0.6553209538677223
qwsw_lorawd_wd0p3_lr5e4_s43,qwsw,Qwen-CS (qwsw),Qwen-2.5-7B,cs,sweep,lorawd,LoRA+wd,0.0005,43.0,qwsw_lorawd_wd0p3_lr5e4,False,False,False,True,87.51,,cs,47.12,33.95,68.44,38.91,43.91,40.53,46.47,0.245,10.4714,4.5763,87.51,223.3222044278213,10.473299980163574,4.576745037095887,12.771828143235394,26.542344551898353,0.1151236049840381,0.09014028883559963,0.07292943254585448,2.1657001135567455,1.9346918347336524,0.23100827882309316,-0.6108339156354675,1.0200835429364903,2.348931906148271,1.0200047496471318,0.6605144869549726
qwsw_lorawd_wd0p3_lr5e4_s44,qwsw,Qwen-CS (qwsw),Qwen-2.5-7B,cs,sweep,lorawd,LoRA+wd,0.0005,44.0,qwsw_lorawd_wd0p3_lr5e4,False,False,False,True,87.62,,cs,46.06,34.71,69.29,40.1,44.36,40.39,46.9,0.2457,10.3607,4.5422,87.62,223.343041209956,10.361610412597656,4.542763300027166,12.87714634152356,26.62082601374901,0.11466147353058584,0.08998851443826479,0.07264104963275653,2.1603790146175887,1.9346918347336524,0.22568717988393638,-0.6095948435199191,1.0154272591690312,2.3489724255287094,1.0153890986396503,0.657266252953749
qwsw_lorawd_wd0p3_lr5e5_s42,qwsw,Qwen-CS (qwsw),Qwen-2.5-7B,cs,sweep,lorawd,LoRA+wd,5e-05,42.0,qwsw_lorawd_wd0p3_lr5e5,False,False,False,True,86.04,,cs,45.98,32.68,71.73,51.02,48.97,39.33,50.08,0.1075,8.6642,2.4079,86.04,58.17287252485456,8.675663948059082,2.4086843192577363,2.8577087181409038,9.8984527237257,0.11404728642150587,0.09323965490726531,0.07554704594664878,,,,-0.9685915357483759,0.9383027212662984,1.7647205094042162,0.9377284687666025,0.38163844672615677
qwsw_lorawd_wd0p3_lr5e5_s43,qwsw,Qwen-CS (qwsw),Qwen-2.5-7B,cs,sweep,lorawd,LoRA+wd,5e-05,43.0,qwsw_lorawd_wd0p3_lr5e5,False,False,False,True,86.85,,cs,45.19,33.94,71.5,52.56,48.74,39.56,50.39,0.1073,9.3065,2.4158,86.85,58.294255621341165,9.31702709197998,2.416830904994692,2.850998757557038,9.861322595173904,0.11452486968347138,0.09290634063286247,0.07571694546592084,2.0054592199049703,1.9346918347336524,0.07076738517131798,-0.9694002780340489,0.9692773583289345,1.7656257610220119,0.9687863816818426,0.38306097693099317
qwsw_lorawd_wd0p3_lr5e5_s44,qwsw,Qwen-CS (qwsw),Qwen-2.5-7B,cs,sweep,lorawd,LoRA+wd,5e-05,44.0,qwsw_lorawd_wd0p3_lr5e5,False,False,False,True,85.78,,cs,45.89,32.73,71.74,49.15,48.75,39.31,49.65,0.107,9.1575,2.4351,85.78,58.37334232690189,9.166462898254395,2.4361430659890173,2.819590856785123,9.802594568926493,0.11303272945666586,0.09331443936505408,0.07544563944480082,2.0103913315852187,1.9346918347336524,0.0756994968515663,-0.9706162223147904,0.9622017849490752,1.7662145607518773,0.9617769273365826,0.3865168006867679
qwsw_lorawd_wd0p3_lr7e5_s42,qwsw,Qwen-CS (qwsw),Qwen-2.5-7B,cs,sweep,lorawd,LoRA+wd,7e-05,42.0,qwsw_lorawd_wd0p3_lr7e5,False,False,False,True,87.77,,cs,45.29,34.54,71.91,51.71,48.58,39.92,50.41,0.1161,10.4297,2.9227,87.77,76.25919619435643,10.443395614624023,2.923585832118988,3.3935464245883646,11.876530579073238,0.1161731711743971,0.0925460059922083,0.07538152867814146,2.021880540085666,1.9346918347336524,0.0871887053520135,-0.9351677802614262,1.0188417301722774,1.8822922233059276,1.0182718165551636,0.4657842395685025
qwsw_milora_r32_lr15e5_s42,qwsw,Qwen-CS (qwsw),Qwen-2.5-7B,cs,sweep,milora,MiLoRA,0.00015,42.0,qwsw_milora_r32_lr15e5,False,False,False,True,87.33,,cs,44.26,31.02,68.41,40.53,48.32,37.64,46.51,0.2342,12.119,4.3118,87.33,156.79947269585637,12.122509956359863,4.312308499217034,8.933659148301475,25.192635228673463,0.07110411820737554,0.31115586701529124,0.055749538885662496,2.3295915029969594,1.9346918347336524,0.394899668263307,-0.6304131092636557,1.0835925494788692,2.1953445978531074,1.0834667854738873,0.6346586081826721
qwsw_milora_r32_lr1e3_s42,qwsw,Qwen-CS (qwsw),Qwen-2.5-7B,cs,sweep,milora,MiLoRA,0.001,42.0,qwsw_milora_r32_lr1e3,False,False,False,True,72.24,,cs,12.04,0.78,29.85,32.94,37.28,6.41,22.58,0.955,95.1106,18.5092,72.24,995.0375939690259,95.10883331298828,18.511641733135495,16.71122599031108,29.76727990143764,0.1136192259980401,0.10377718331594106,0.07509110652570185,,,,-0.019996628416253676,1.9782208542763657,2.9978394893335354,1.9782289214060707,1.2673876481913806
qwsw_milora_r32_lr1e3_s43,qwsw,Qwen-CS (qwsw),Qwen-2.5-7B,cs,sweep,milora,MiLoRA,0.001,43.0,qwsw_milora_r32_lr1e3,False,False,False,True,72.12,,cs,12.44,6.22,32.0,34.64,38.34,9.33,24.73,0.9598,111.6402,18.5825,72.12,1000.9258046711192,111.63845825195312,18.585111444337027,16.7682374694338,29.826564115319723,0.11491444554974464,0.10347841474412231,0.07538559206456778,3.468785882907511,1.9346918347336524,1.5340940481738587,-0.01781925440359742,2.0478138301697584,3.0004018858547785,2.047820605842557,1.269104141474987
qwsw_milora_r32_lr1e3_s44,qwsw,Qwen-CS (qwsw),Qwen-2.5-7B,cs,sweep,milora,MiLoRA,0.001,44.0,qwsw_milora_r32_lr1e3,False,False,False,True,72.42,,cs,11.57,3.47,24.35,29.18,40.06,7.52,21.73,0.9856,96.4732,18.6997,72.42,999.9946791132212,96.47135162353516,18.702132742745537,16.42797199158059,29.76263484472519,0.11408478435649491,0.10270690063063458,0.07542489986919781,3.61607629386719,1.9346918347336524,1.6813844591335378,-0.006299305179649748,1.9843983633022357,2.999997689162085,1.9844066842389239,1.2718346391894575
qwsw_milora_r32_lr1e4_s42,qwsw,Qwen-CS (qwsw),Qwen-2.5-7B,cs,sweep,milora,MiLoRA,0.0001,42.0,qwsw_milora_r32_lr1e4,False,False,False,True,87.53,,cs,45.89,33.59,69.2,43.86,48.96,39.74,48.3,0.1836,9.7366,2.9753,87.53,100.48665433910237,9.73827838897705,2.975991036210741,8.156600355508818,24.937547011466886,0.06115365580300338,0.3782713955820613,0.05113483703393042,,,,-0.7361273231347764,0.9884821855999362,2.0021083868137333,0.9884073286423247,0.4735307622581322
qwsw_milora_r32_lr1e4_s43,qwsw,Qwen-CS (qwsw),Qwen-2.5-7B,cs,sweep,milora,MiLoRA,0.0001,43.0,qwsw_milora_r32_lr1e4,False,False,False,True,87.45,,cs,45.43,31.51,69.78,45.48,49.34,38.47,48.31,0.182,9.8242,2.959,87.45,100.38359069306972,9.82607364654541,2.959487840959004,8.133888918264288,24.959880129992943,0.060831231620780045,0.378987738523124,0.051033920965957845,,,,-0.7399286120149252,0.9923800148535985,2.001662726216491,0.9922971952071334,0.47114496516063303
qwsw_milora_r32_lr1e4_s44,qwsw,Qwen-CS (qwsw),Qwen-2.5-7B,cs,sweep,milora,MiLoRA,0.0001,44.0,qwsw_milora_r32_lr1e4,False,False,False,True,87.25,,cs,44.94,31.18,69.67,44.37,47.59,38.06,47.55,0.183,8.9152,2.9485,87.25,100.44373906132263,8.917280197143555,2.9490084899323326,8.219296687546962,25.05510648658698,0.06124538521271632,0.37869901906193454,0.0510276605081334,,,,-0.7375489102695706,0.9502324131778553,2.001922871140399,0.9501310904078507,0.4696011321138254
qwsw_milora_r32_lr1e4_s45,qwsw,Qwen-CS (qwsw),Qwen-2.5-7B,cs,sweep,milora,MiLoRA,0.0001,45.0,qwsw_milora_r32_lr1e4,False,False,False,True,69.26,,cs,46.94,33.2,69.68,43.52,46.18,40.07,47.9,0.1822,9.9606,2.9693,69.26,100.60278860584839,9.967615127563477,2.969805686388697,8.11113634383406,24.988985396491874,0.06123424897988176,0.3779966036851136,0.050810279471393514,2.210993010933373,1.9346918347336524,0.2763011761997207,-0.7394516273630205,0.9985912605347613,2.0026100190832,0.9982854999538957,0.4726540782840132
qwsw_milora_r32_lr2e4_s42,qwsw,Qwen-CS (qwsw),Qwen-2.5-7B,cs,sweep,milora,MiLoRA,0.0002,42.0,qwsw_milora_r32_lr2e4,False,False,False,True,87.05,,cs,42.01,31.0,66.98,39.76,45.05,36.5,44.96,0.2917,15.2664,5.6504,87.05,217.39614025391617,15.264878273010254,5.6510418031896865,9.66920246793476,25.329832110122265,0.07863356797088886,0.26175730827098054,0.05899590002969503,,,,-0.5350635708782673,1.1836933454462937,2.3372518291646904,1.1837366372881384,0.752079193243111
qwsw_milora_r32_lr2e4_s43,qwsw,Qwen-CS (qwsw),Qwen-2.5-7B,cs,sweep,milora,MiLoRA,0.0002,43.0,qwsw_milora_r32_lr2e4,False,False,False,True,84.96,,cs,42.88,30.62,67.22,39.51,46.48,36.75,45.34,0.27,14.7724,5.647,84.96,217.3840294702184,14.772384643554688,5.647555159670966,9.597639178991596,25.343203243007913,0.07870838507285481,0.2620991495613505,0.058883458493853305,2.3868870522108185,1.8790178806577968,0.5078691715530217,-0.5686362358410126,1.1694506072918625,2.337227634654917,1.1694510587569547,0.7518177877368792
qwsw_milora_r32_lr2e4_s44,qwsw,Qwen-CS (qwsw),Qwen-2.5-7B,cs,sweep,milora,MiLoRA,0.0002,44.0,qwsw_milora_r32_lr2e4,False,False,False,True,86.96,,cs,42.33,31.12,67.69,38.99,44.49,36.72,44.92,0.2863,14.5147,5.6632,86.96,217.10698291936623,14.514616966247559,5.663951851640429,9.652565966546453,25.257310525745908,0.07837534048404951,0.26206283685513426,0.05867989661404158,2.4078556226659553,1.9346918347336524,0.47316378793230296,-0.5431786519784013,1.1618055794966633,2.3366737921074723,1.1618080639574957,0.7530618993207937
qwsw_milora_r32_lr2e4_s45,qwsw,Qwen-CS (qwsw),Qwen-2.5-7B,cs,sweep,milora,MiLoRA,0.0002,45.0,qwsw_milora_r32_lr2e4,False,False,False,True,86.6,,cs,42.91,30.61,66.39,39.42,45.46,36.76,44.96,0.2874,15.5036,5.6218,86.6,217.47908562511003,15.501022338867188,5.622372551901,9.69598280484661,25.422530802650936,0.07804608962889699,0.2617977464284952,0.058309434069089575,2.4081391674741335,1.9346918347336524,0.4734473327404811,-0.5415132362017931,1.190360342137188,2.337417498374165,1.1904325548541526,0.7498753911751218
qwsw_milora_r32_lr2e5_s42,qwsw,Qwen-CS (qwsw),Qwen-2.5-7B,cs,sweep,milora,MiLoRA,2e-05,42.0,qwsw_milora_r32_lr2e5,False,False,False,True,83.55,,cs,45.91,30.98,71.81,55.55,49.4,38.44,50.73,0.1023,2.7712,0.7491,83.55,21.122664446630356,2.772088050842285,0.7492034518292972,6.368610539590456,23.3189224433186,0.036791629300807094,0.5541814077802161,0.032935327307646,,,,-0.9901243662878398,0.4428070208126441,1.3247486999168487,0.4426678703372526,-0.12546020292898982
qwsw_milora_r32_lr2e5_s43,qwsw,Qwen-CS (qwsw),Qwen-2.5-7B,cs,sweep,milora,MiLoRA,2e-05,43.0,qwsw_milora_r32_lr2e5,False,False,False,True,85.44,,cs,45.97,32.41,71.54,57.25,49.81,39.19,51.4,0.1018,2.9206,0.746,85.44,21.092577102748116,2.9212639331817627,0.7460970234658036,6.344531826299447,23.334387102864486,0.03698324831473802,0.5549093450902005,0.032997391685833696,2.042830536860529,1.9346918347336524,0.10813870212687648,-0.99225222199926,0.46557079680448504,1.3241296453215854,0.4654720808734974,-0.1272611725273312
qwsw_milora_r32_lr2e5_s44,qwsw,Qwen-CS (qwsw),Qwen-2.5-7B,cs,sweep,milora,MiLoRA,2e-05,44.0,qwsw_milora_r32_lr2e5,False,False,False,True,84.25,,cs,45.72,31.42,71.71,56.23,48.98,38.57,50.81,0.1023,2.8236,0.749,84.25,21.125272176914226,2.824188709259033,0.7490751543215343,6.368574330774287,23.32560331551209,0.03715123772163854,0.5537734803750741,0.0332648660126404,1.9906604685153384,1.8790178806577968,0.11164258785754155,-0.9901243662878398,0.450893712440579,1.324802313085421,0.4508031732236461,-0.12551818230053352
qwsw_milora_r32_lr3e4_s42,qwsw,Qwen-CS (qwsw),Qwen-2.5-7B,cs,sweep,milora,MiLoRA,0.0003,42.0,qwsw_milora_r32_lr3e4,False,False,False,True,80.12,,cs,41.02,27.57,62.8,36.77,43.41,34.3,42.31,0.3856,19.6131,8.0235,80.12,339.6837935506116,19.61924934387207,8.024195884806769,11.2184763969165,26.035096208681075,0.08761687722995316,0.20042478426300742,0.06149798655478334,,,,-0.41386297476920686,1.2926823867314539,2.5310748270012033,1.2925462426474263,0.9043638569506983
qwsw_milora_r32_lr3e4_s43,qwsw,Qwen-CS (qwsw),Qwen-2.5-7B,cs,sweep,milora,MiLoRA,0.0003,43.0,qwsw_milora_r32_lr3e4,False,False,False,True,86.38,,cs,40.41,27.52,63.25,37.29,43.66,33.96,42.43,0.3768,17.2962,7.9821,86.38,339.58762059851443,17.295801162719727,7.982983526161739,11.124460718977515,26.048499320531572,0.08827880517378649,0.2003697409347373,0.06223640936422769,2.6254966805482978,1.9346918347336524,0.6908048458146454,-0.42388910587916023,1.2379406838692957,2.5309518499943304,1.2379506984867903,0.902117164337023
qwsw_milora_r32_lr3e4_s44,qwsw,Qwen-CS (qwsw),Qwen-2.5-7B,cs,sweep,milora,MiLoRA,0.0003,44.0,qwsw_milora_r32_lr3e4,False,False,False,True,86.43,,cs,40.02,28.98,63.68,38.91,43.19,34.5,42.96,0.3854,23.9255,8.1585,86.43,339.98524821527633,23.925193786621094,8.15918550321034,11.123700395437217,25.873222993025934,0.08815749503901872,0.20028866577872076,0.062331746930163086,2.574999754017056,1.9346918347336524,0.6403079192834036,-0.4140882896805658,1.3788554641132227,2.53146007363728,1.3788610225187639,0.9116103178708523
qwsw_milora_r32_lr3e4_s45,qwsw,Qwen-CS (qwsw),Qwen-2.5-7B,cs,sweep,milora,MiLoRA,0.0003,45.0,qwsw_milora_r32_lr3e4,False,False,False,True,83.48,,cs,40.56,28.61,63.37,36.95,44.04,34.58,42.71,0.3686,20.5731,7.9973,83.48,338.61072637360695,20.572851181030273,7.998636760030474,11.15068148144553,26.019879670662277,0.08871805804724645,0.20106136382880263,0.06160990997844809,2.587157291296137,1.9346918347336524,0.6524654565624846,-0.433444669116945,1.3132944845182544,2.529700711395728,1.313299737074214,0.9029433878643067
qwsw_milora_r32_lr5e4_s42,qwsw,Qwen-CS (qwsw),Qwen-2.5-7B,cs,sweep,milora,MiLoRA,0.0005,42.0,qwsw_milora_r32_lr5e4,False,False,False,True,83.47,,cs,15.16,13.45,52.71,35.32,39.89,14.3,31.31,0.5616,41.7975,11.7588,83.47,562.0357505821592,41.796531677246094,11.761401575803756,14.070771748332453,27.492540009749447,0.10135257628063747,0.14215633734467356,0.06655064978292714,,,,-0.2505729008782511,1.6211402450303491,2.749763941524114,1.6211503064479003,1.070363003715498
qwsw_milora_r32_lr5e4_s43,qwsw,Qwen-CS (qwsw),Qwen-2.5-7B,cs,sweep,milora,MiLoRA,0.0005,43.0,qwsw_milora_r32_lr5e4,False,False,False,True,83.22,,cs,14.36,9.44,55.01,37.54,38.45,11.9,30.96,0.5611,32.6126,11.5558,83.22,561.9514289609591,32.612030029296875,11.557821424518313,14.136707948663663,27.71124405114302,0.10003874128172778,0.14204878187973463,0.06575142558050286,2.8684627769704156,1.9346918347336524,0.9337709422367633,-0.25095973129654275,1.5133778335523953,2.7496987799003385,1.513385423787284,1.0628000167609424
qwsw_milora_r32_lr5e4_s44,qwsw,Qwen-CS (qwsw),Qwen-2.5-7B,cs,sweep,milora,MiLoRA,0.0005,44.0,qwsw_milora_r32_lr5e4,False,False,False,True,83.47,,cs,14.04,7.39,53.53,38.82,39.09,10.72,30.57,0.5639,32.6142,11.6002,83.47,561.4809334123271,32.61311721801758,11.60217519572803,14.139547558734268,27.634320287592157,0.0996370909767429,0.14200337730909018,0.06574307381134459,2.861993156986659,1.9346918347336524,0.9273013222530064,-0.24879790541164687,1.5133923114058663,2.74933501321652,1.5134067300960767,1.0644654769982638
qwsw_milora_r32_lr5e5_s42,qwsw,Qwen-CS (qwsw),Qwen-2.5-7B,cs,sweep,milora,MiLoRA,5e-05,42.0,qwsw_milora_r32_lr5e5,False,False,False,True,85.91,,cs,46.91,31.91,70.7,52.39,49.11,39.41,50.2,0.132,6.139,1.6194,85.91,49.70660434021038,6.140256881713867,1.6198139484439578,7.275242817610521,24.441347219102788,0.0469494177689233,0.47409897634961806,0.042821489889328254,,,,-0.8794260687941501,0.7881865405185553,1.6964140957344562,0.7880976333802974,0.20935413494016025
qwsw_milora_r32_lr5e5_s43,qwsw,Qwen-CS (qwsw),Qwen-2.5-7B,cs,sweep,milora,MiLoRA,5e-05,43.0,qwsw_milora_r32_lr5e5,False,False,False,True,86.9,,cs,46.89,31.96,70.94,53.07,48.98,39.42,50.37,0.1295,6.5251,1.5986,86.9,49.652400575941,6.526878356933594,1.5989117171083178,7.302481813338949,24.518854626792866,0.047021154873411124,0.47496666047385555,0.0426384650048044,2.11507770439978,1.9346918347336524,0.1803858696661278,-0.8877302315827293,0.8147055187163855,1.6959402504483503,0.8145871718134452,0.20373980863385827
qwsw_milora_r32_lr5e5_s44,qwsw,Qwen-CS (qwsw),Qwen-2.5-7B,cs,sweep,milora,MiLoRA,5e-05,44.0,qwsw_milora_r32_lr5e5,False,False,True,False,86.27,,cs,46.21,31.18,70.86,51.45,47.64,38.7,49.47,0.1323,5.75,1.6236,86.27,49.7701264184454,5.751526832580566,1.6238473511167935,7.254553902560988,24.45249237532138,0.04702708801258057,0.47385364308729305,0.043075608597032945,2.1098207339205883,1.9346918347336524,0.17512889918693597,-0.878440155812499,0.7597831502448107,1.69696874387369,0.7596678446896304,0.21047904264524778
qwsw_milora_r32_lr7e5_s42,qwsw,Qwen-CS (qwsw),Qwen-2.5-7B,cs,sweep,milora,MiLoRA,7e-05,42.0,qwsw_milora_r32_lr7e5,False,False,False,True,86.76,,cs,46.43,31.53,70.52,46.33,49.0,38.98,48.76,0.1538,7.9743,2.1772,86.76,69.60913570355333,7.974328994750977,2.177641304901668,7.650659468453805,24.67955451141839,0.05363207876187803,0.4299993607033356,0.047449101899779335,2.1553170530599757,1.9346918347336524,0.2206252183263233,-0.8130436645345878,0.9016941492668685,1.842666241410439,0.901692570164319,0.33789832564503613
qwsw_sclora_r32_lr15e5_s42,qwsw,Qwen-CS (qwsw),Qwen-2.5-7B,cs,sweep,sclora,SC-LoRA,0.00015,42.0,qwsw_sclora_r32_lr15e5,False,False,False,True,86.85,,cs,40.98,29.59,63.32,38.05,40.37,35.28,42.46,0.3737,12.0382,4.113,86.85,227.41339341196866,12.046764373779297,4.113747781089374,15.600775757041713,37.04053475595039,0.10331462643412968,0.12189151805211632,0.11967711606538926,2.354842330187783,1.9346918347336524,0.42015049545413063,-0.42747690215036244,1.08087041593091,2.3568160386877888,1.080561554321455,0.6141587095091752
qwsw_sclora_r32_lr1e3_s42,qwsw,Qwen-CS (qwsw),Qwen-2.5-7B,cs,sweep,sclora,SC-LoRA,0.001,42.0,qwsw_sclora_r32_lr1e3,False,True,False,True,38.81,,cs,4.44,0.02,23.66,26.02,45.8,2.23,19.99,2.6995,140.3092,32.5707,38.81,1507.546334853978,140.30703735351562,32.57483818190438,13.035336261950421,29.74098828408758,0.15636621906760004,0.09468674236427163,0.12887921801939714,,,,0.4312833318072613,2.1470794544007834,3.178270669178462,2.1470861484213675,1.5128270923957146
qwsw_sclora_r32_lr1e3_s43,qwsw,Qwen-CS (qwsw),Qwen-2.5-7B,cs,sweep,sclora,SC-LoRA,0.001,43.0,qwsw_sclora_r32_lr1e3,False,False,False,True,59.43,,cs,11.93,0.54,24.37,28.67,38.58,6.24,20.82,1.0935,99.2904,19.3045,59.43,1053.2278902433877,99.28701782226562,19.30670240521431,17.219494782192942,32.327464826998714,0.11909198058992018,0.09741595746608357,0.09215883020732243,3.6615057934515596,1.9346918347336524,1.7268139587179072,0.038818787373655836,1.996892466453705,3.022522351021218,1.9969072602922302,1.285658557576071
qwsw_sclora_r32_lr1e3_s44,qwsw,Qwen-CS (qwsw),Qwen-2.5-7B,cs,sweep,sclora,SC-LoRA,0.001,44.0,qwsw_sclora_r32_lr1e3,False,False,False,True,69.11,,cs,9.41,0.15,23.59,30.38,41.62,4.78,21.03,1.084,99.9238,19.3834,69.11,1054.6459655132815,99.92478942871094,19.38585484623909,17.13256816854887,32.30589595209207,0.11897625972657744,0.09708887636805733,0.09210006113075593,3.7539018059913767,1.9346918347336524,1.8192099712577243,0.03502928220236815,1.9996732417453,3.023106695625966,1.9996689414554591,1.287429958046387
qwsw_sclora_r32_lr1e4_s42,qwsw,Qwen-CS (qwsw),Qwen-2.5-7B,cs,sweep,sclora,SC-LoRA,0.0001,42.0,qwsw_sclora_r32_lr1e4,False,False,False,True,87.07,,cs,15.71,3.18,62.49,38.4,45.61,9.44,33.08,0.4408,11.6482,3.7838,87.07,170.25073667081347,11.647764205932617,3.784306445292064,10.883275328702227,35.572243404161746,0.18206983888402334,0.06782687729043875,0.18959701613297386,,,,-0.35575841415627135,1.0662425703224268,2.2310889997705914,1.0662588188843716,0.5779281728693199
qwsw_sclora_r32_lr1e4_s43,qwsw,Qwen-CS (qwsw),Qwen-2.5-7B,cs,sweep,sclora,SC-LoRA,0.0001,43.0,qwsw_sclora_r32_lr1e4,False,False,False,True,87.32,,cs,43.48,28.96,66.89,38.82,44.74,36.22,44.58,0.2994,8.5567,2.9557,87.32,158.1658705406787,8.556611061096191,2.9559180089405603,14.61659053409486,37.768130577987115,0.10269842151900445,0.12367953180061828,0.12447428356388561,,,,-0.5237482039929664,0.9323017916762584,2.199112776033152,0.9323063057851895,0.4706603515913935
qwsw_sclora_r32_lr1e4_s44,qwsw,Qwen-CS (qwsw),Qwen-2.5-7B,cs,sweep,sclora,SC-LoRA,0.0001,44.0,qwsw_sclora_r32_lr1e4,False,False,False,True,87.05,,cs,43.22,32.54,65.65,38.48,41.43,37.88,44.26,0.3024,8.7536,2.9751,87.05,158.2891192163389,8.753891944885254,2.9755049582038606,14.492071436440373,37.71149273239478,0.10283733676604928,0.12336035774530452,0.1246346962453939,,,,-0.519418213170831,0.9422011815243303,2.1994510625142,0.9421866974333941,0.4735015679530725
qwsw_sclora_r32_lr2e4_s42,qwsw,Qwen-CS (qwsw),Qwen-2.5-7B,cs,sweep,sclora,SC-LoRA,0.0002,42.0,qwsw_sclora_r32_lr2e4,False,False,False,True,84.76,,cs,14.71,0.07,58.36,38.4,35.59,7.39,29.43,0.6277,19.8345,6.3477,84.76,318.2100069362179,19.836368560791016,6.348214741264071,13.156089221049719,36.158349179071145,0.17672745439866597,0.06981518698039929,0.17489378195157732,,,,-0.20224787134928923,1.2974621689087869,2.502713833037918,1.2974212569917716,0.8026163932839266
qwsw_sclora_r32_lr2e4_s43,qwsw,Qwen-CS (qwsw),Qwen-2.5-7B,cs,sweep,sclora,SC-LoRA,0.0002,43.0,qwsw_sclora_r32_lr2e4,False,False,False,True,86.79,,cs,38.89,20.74,50.19,37.03,38.85,29.82,37.14,0.426,13.8391,5.2256,86.79,294.02435974450594,13.839927673339844,5.226666291270937,16.329914671816983,36.26366467656693,0.10324836115103736,0.11967405462919652,0.11422785961696455,2.4789613620367894,1.9346918347336524,0.544269527303137,-0.37059040089728107,1.1411338205288692,2.468383312944004,1.1411078475092487,0.7181361630565741
qwsw_sclora_r32_lr2e4_s44,qwsw,Qwen-CS (qwsw),Qwen-2.5-7B,cs,sweep,sclora,SC-LoRA,0.0002,44.0,qwsw_sclora_r32_lr2e4,False,False,False,True,76.06,,cs,39.49,20.54,40.69,38.05,38.54,30.02,35.46,0.4343,17.7984,5.2365,76.06,293.9482210318172,17.81052589416504,5.237516473020826,16.354857634244315,36.2763336061393,0.10379178151952807,0.11963650671725577,0.11508727779415177,2.519488714838607,1.9346918347336524,0.5847968801049546,-0.3622101706377709,1.2506767431332049,2.46827083619238,1.2503809628480467,0.7190411078698601
qwsw_sclora_r32_lr2e5_s42,qwsw,Qwen-CS (qwsw),Qwen-2.5-7B,cs,sweep,sclora,SC-LoRA,2e-05,42.0,qwsw_sclora_r32_lr2e5,False,False,False,True,87.04,,cs,44.79,34.78,70.38,40.78,45.26,39.78,47.2,0.1703,4.3215,1.2649,87.04,42.03093974241671,4.322263717651367,1.2655377912734236,6.634896055700141,28.682323911171768,0.18495072820798333,0.06943077358470937,0.20566747489188797,,,,-0.768785352037399,0.6357112613039809,1.6235691002215553,0.6356345173360942,0.10205619257518865
qwsw_sclora_r32_lr2e5_s43,qwsw,Qwen-CS (qwsw),Qwen-2.5-7B,cs,sweep,sclora,SC-LoRA,2e-05,43.0,qwsw_sclora_r32_lr2e5,False,False,False,True,87.18,,cs,47.04,32.46,71.87,41.13,45.63,39.75,47.63,0.1167,3.2279,0.9915,87.18,38.8815941122803,3.2319321632385254,0.9919995174876282,9.562607597886029,34.15028614277947,0.1033809134176101,0.1340076413786772,0.1356352326492112,2.009410264653233,1.9346918347336524,0.07471842991958066,-0.9329291439546298,0.5094622365578814,1.5897440623235406,0.5089200718614011,-0.0037072814586785003
qwsw_sclora_r32_lr2e5_s44,qwsw,Qwen-CS (qwsw),Qwen-2.5-7B,cs,sweep,sclora,SC-LoRA,2e-05,44.0,qwsw_sclora_r32_lr2e5,False,False,False,True,86.64,,cs,47.26,32.33,72.08,42.24,46.84,39.8,48.15,0.117,3.2573,0.9947,86.64,38.96517722485298,3.261873245239258,0.9952104932495526,9.530776552073906,34.1466159168741,0.10339588094207967,0.13413026488596494,0.13558492228739147,2.009743263866679,1.9346918347336524,0.07505142913302665,-0.9318141382538383,0.5134670805660848,1.5906766558761298,0.5128577592847242,-0.002307882058273408
qwsw_sclora_r32_lr3e4_s42,qwsw,Qwen-CS (qwsw),Qwen-2.5-7B,cs,sweep,sclora,SC-LoRA,0.0003,42.0,qwsw_sclora_r32_lr3e4,False,False,False,True,84.0,,cs,12.64,0.86,36.66,39.25,39.04,6.75,25.69,0.7187,34.6834,8.621,84.0,450.3481154856388,34.682125091552734,8.622213378122874,14.51431812817605,35.6457692636891,0.17120184871723376,0.07209213403126427,0.1629786673571026,,,,-0.14345235514325214,1.540105700316838,2.6535483497468118,1.5401216646075402,0.935557645093014
qwsw_sclora_r32_lr3e4_s43,qwsw,Qwen-CS (qwsw),Qwen-2.5-7B,cs,sweep,sclora,SC-LoRA,0.0003,43.0,qwsw_sclora_r32_lr3e4,False,False,False,True,85.43,,cs,36.77,21.23,53.39,37.03,37.35,29.0,37.15,0.5346,22.8149,7.3402,85.43,419.6673703859587,22.820789337158203,7.34161188687597,17.219234522005213,35.109592709288506,0.10438930573171573,0.11531857021157749,0.10683339139163237,2.702189448798115,1.9346918347336524,0.7674976140644625,-0.2719710455794816,1.3583306619421234,2.6229052036355767,1.358218569556483,0.8657078933919613
qwsw_sclora_r32_lr3e4_s44,qwsw,Qwen-CS (qwsw),Qwen-2.5-7B,cs,sweep,sclora,SC-LoRA,0.0003,44.0,qwsw_sclora_r32_lr3e4,False,False,False,True,83.23,,cs,35.31,21.84,57.11,38.05,33.87,28.58,37.24,0.5221,25.0582,7.4187,83.23,419.6605194128372,25.07573699951172,7.4201874451977865,17.066097100030483,35.026887322181175,0.10446112809354408,0.11512532073727703,0.10703014256612083,2.6527951881140597,1.9346918347336524,0.7181033533804073,-0.2822463067892844,1.3992537062036186,2.6228981138203604,1.3989498712014803,0.8703278092830277
qwsw_sclora_r32_lr5e4_s42,qwsw,Qwen-CS (qwsw),Qwen-2.5-7B,cs,sweep,sclora,SC-LoRA,0.0005,42.0,qwsw_sclora_r32_lr5e4,False,False,False,True,79.8,,cs,13.02,0.74,24.7,31.57,38.57,6.88,21.72,0.9078,86.1634,12.6774,79.8,672.2593357488294,86.16429138183594,12.679738970313753,16.03654115788853,34.49023093443111,0.16375755233190314,0.07666656434060969,0.14747538422112616,,,,-0.04200982159316963,1.9353273207105295,2.827536842038587,1.9353228278491732,1.1030301934956372
qwsw_sclora_r32_lr5e4_s43,qwsw,Qwen-CS (qwsw),Qwen-2.5-7B,cs,sweep,sclora,SC-LoRA,0.0005,43.0,qwsw_sclora_r32_lr5e4,False,False,False,True,83.35,,cs,12.64,0.76,23.91,29.27,39.14,6.7,21.14,0.704,33.2248,11.2879,83.35,630.8388555904844,33.248809814453125,11.289678234713419,17.53236485396959,33.58880053200064,0.10822436353981377,0.10711122384115607,0.09817965089223045,3.3440180765505167,1.9346918347336524,1.4093262418168644,-0.1524273408578878,1.5217761037664395,2.7999184352098765,1.5214623753436542,1.052613153329516
qwsw_sclora_r32_lr5e4_s44,qwsw,Qwen-CS (qwsw),Qwen-2.5-7B,cs,sweep,sclora,SC-LoRA,0.0005,44.0,qwsw_sclora_r32_lr5e4,False,False,False,True,82.7,,cs,28.75,9.36,27.02,30.55,34.56,19.06,26.05,0.7207,39.7706,11.4474,82.7,632.0950969045358,39.77802276611328,11.44921481864793,17.568317209869303,33.30767245577248,0.10626320877875504,0.10755444214448091,0.09721308614128335,3.2314829600167823,1.9346918347336524,1.29679112528313,-0.14224547794055778,1.5996431919832963,2.800782421564018,1.5995621430283122,1.058706858389918
qwsw_sclora_r32_lr5e5_s42,qwsw,Qwen-CS (qwsw),Qwen-2.5-7B,cs,sweep,sclora,SC-LoRA,5e-05,42.0,qwsw_sclora_r32_lr5e5,False,False,False,True,86.49,,cs,43.66,34.42,68.21,38.05,44.94,39.04,45.86,0.2754,7.0801,2.3178,86.49,91.70014131714781,7.079726696014404,2.3182019819106374,8.79882181802623,33.138423816827164,0.18374278213344888,0.06808394933116503,0.19769477445675832,,,,-0.5600360640790951,0.8500164926186078,1.9623700049525752,0.8500393917493012,0.365075958528464
qwsw_sclora_r32_lr5e5_s43,qwsw,Qwen-CS (qwsw),Qwen-2.5-7B,cs,sweep,sclora,SC-LoRA,5e-05,43.0,qwsw_sclora_r32_lr5e5,False,False,False,True,53.38,,cs,45.89,30.65,71.1,37.2,45.28,38.27,46.02,0.1968,5.6829,1.8162,53.38,85.43701724588446,5.683760643005371,1.8165694898792675,12.233508130287357,37.19249240984288,0.10252162231244308,0.1265170695028392,0.1304796692280418,2.0933753044198897,1.9346918347336524,0.15868346968623737,-0.7059749059046773,0.7546357804428415,1.9316460779772573,0.7545700139841471,0.2591636713402166
qwsw_sclora_r32_lr5e5_s44,qwsw,Qwen-CS (qwsw),Qwen-2.5-7B,cs,sweep,sclora,SC-LoRA,5e-05,44.0,qwsw_sclora_r32_lr5e5,False,False,False,True,87.45,,cs,45.88,32.29,70.3,38.05,46.04,39.08,46.51,0.2012,5.8166,1.8275,87.45,85.67501295775554,5.8173909187316895,1.8277964179004942,12.13076372510756,37.13388810463329,0.10241539092942706,0.12640115954500625,0.13022937925958697,2.092615507994016,1.9346918347336524,0.15792367326036372,-0.6963720236161103,0.7647282486262278,1.9328541787859583,0.7646691989598261,0.261857385629898
qwsw_sclora_r32_lr7e5_s42,qwsw,Qwen-CS (qwsw),Qwen-2.5-7B,cs,sweep,sclora,SC-LoRA,7e-05,42.0,qwsw_sclora_r32_lr7e5,False,False,False,True,87.53,,cs,43.89,31.69,69.14,37.63,42.71,37.79,45.01,0.2465,6.9515,2.3116,87.53,115.25349977150579,6.952465057373047,2.3118455605847497,13.26645944810862,37.61844195784392,0.10237134277235425,0.12497877242916064,0.12771931880807302,2.1490610053923875,1.9346918347336524,0.21436917065873518,-0.6081830763867512,0.8421388148065022,2.061654121986854,0.8420785270985314,0.36391268579434544
qwswm_clora_k1024_lr1e3_s42,qwswm,Qwen-Math (qwswm),Qwen-2.5-7B,math,sweep,clora,CLoRA,0.001,42.0,qwswm_clora_k1024_lr1e3,False,False,False,True,71.19,71.19,gsm8k,39.86,24.63,56.89,44.62,52.56,32.24,43.71,0.4423,39.996,8.4642,71.19,559.2510779864559,39.98319625854492,8.465878698265755,19.051685026300227,29.53354480603518,0.05070335614090964,0.043984530217016767,0.043452019228543054,,,,-0.35428306063039616,1.6018775086906583,2.7476068298953873,1.6020165597081548,0.9275859167268125
qwswm_clora_k1024_lr1e3_s43,qwswm,Qwen-Math (qwswm),Qwen-2.5-7B,math,sweep,clora,CLoRA,0.001,43.0,qwswm_clora_k1024_lr1e3,False,False,False,True,70.81,70.81,gsm8k,40.09,22.86,57.71,42.24,49.54,31.48,42.49,0.4335,28.2526,8.0758,70.81,557.9012405068615,28.261445999145508,8.077564235998528,19.756136298051473,30.25521846427559,0.05031373365389604,0.044004767421833756,0.04295487220014004,2.6648659053106756,1.9346918347336524,0.7301740705770232,-0.3630108981877709,1.4511943787929322,2.746557327075696,1.4510584207818125,0.9071855549506609
qwswm_clora_k1024_lr1e3_s44,qwswm,Qwen-Math (qwswm),Qwen-2.5-7B,math,sweep,clora,CLoRA,0.001,44.0,qwswm_clora_k1024_lr1e3,False,False,False,True,69.37,69.37,gsm8k,39.99,22.96,55.89,41.13,51.79,31.48,42.35,0.4318,28.6005,8.0843,69.37,559.7253397896304,28.606998443603516,8.086065999849493,19.770578785324382,30.308179704653245,0.050040947744527484,0.04374978445557559,0.04291365319905456,2.672542533224491,1.9346918347336524,0.7378506984908388,-0.364717362001788,1.456472292346858,2.7479749686571293,1.4563736256235478,0.9076424213607217
qwswm_clora_k1024_lr1e4_s42,qwswm,Qwen-Math (qwswm),Qwen-2.5-7B,math,sweep,clora,CLoRA,0.0001,42.0,qwswm_clora_k1024_lr1e4,False,False,False,True,63.0,63.0,gsm8k,46.52,41.19,72.17,51.28,56.89,43.86,53.61,0.0537,6.1105,1.17,63.0,48.3866134949104,6.125950813293457,1.1707907356673397,8.455248614256574,22.98113497608986,0.05530422941212434,0.04434954006982439,0.04727125055148944,,,,-1.2700257143004443,0.7871735054315411,1.684725227565545,0.7860767484351114,0.06818586174616162
qwswm_clora_k1024_lr1e4_s43,qwswm,Qwen-Math (qwswm),Qwen-2.5-7B,math,sweep,clora,CLoRA,0.0001,43.0,qwswm_clora_k1024_lr1e4,False,False,False,True,64.29,64.29,gsm8k,44.65,42.02,71.95,52.65,57.44,43.34,53.74,0.0538,5.7126,1.1636,64.29,48.34720561239136,5.717251300811768,1.1639782199269186,8.508610077330369,22.97821712718002,0.05590211045374947,0.044726495250857465,0.04732596675354658,1.980874308492533,1.9346918347336524,0.04618247375888074,-1.269217724333611,0.7571872819741519,1.6843713776498435,0.7568338155405882,0.06580371257502157
qwswm_clora_k1024_lr1e4_s44,qwswm,Qwen-Math (qwswm),Qwen-2.5-7B,math,sweep,clora,CLoRA,0.0001,44.0,qwswm_clora_k1024_lr1e4,False,False,False,True,63.23,63.23,gsm8k,43.79,41.33,72.38,51.71,56.17,42.56,53.08,0.0531,6.5698,1.1581,63.23,48.42110574468869,6.5880632400512695,1.1586367303439538,8.578887880787459,23.07080291061086,0.05531104350975613,0.044863372092549425,0.047163768136547185,1.9812639530125369,1.9346918347336524,0.04657211827888452,-1.274905478918531,0.8187577593916878,1.6850347027705945,0.8175521488263773,0.06374606161344344
qwswm_clora_k1024_lr2e4_s42,qwswm,Qwen-Math (qwswm),Qwen-2.5-7B,math,sweep,clora,CLoRA,0.0002,42.0,qwswm_clora_k1024_lr2e4,False,False,False,True,65.81,65.81,gsm8k,48.01,43.13,71.77,52.3,55.7,45.57,54.18,0.0814,9.2964,1.7957,65.81,88.808186633573,9.30404281616211,1.7963447640987786,11.289516245340602,25.341995628071768,0.05169405481688834,0.045209474801565404,0.044267217677149404,,,,-1.0893755951107988,0.9686717002995143,1.9484530023316005,0.9683148020143487,0.2542337826501463
qwswm_clora_k1024_lr2e4_s43,qwswm,Qwen-Math (qwswm),Qwen-2.5-7B,math,sweep,clora,CLoRA,0.0002,43.0,qwswm_clora_k1024_lr2e4,False,False,False,True,60.96,60.96,gsm8k,46.35,41.15,71.51,52.82,57.15,43.75,53.8,0.0829,10.0284,1.8139,60.96,88.96235424802325,10.036083221435547,1.8145312805966438,11.124537421816838,25.285784004552625,0.051928453124566565,0.04553035230601887,0.04438931985620583,2.0178271749240126,1.9346918347336524,0.08313534019036029,-1.0814454694497264,1.001564253923998,1.9492062673067414,1.0012316482147987,0.25861334080274384
qwswm_clora_k1024_lr2e4_s44,qwswm,Qwen-Math (qwswm),Qwen-2.5-7B,math,sweep,clora,CLoRA,0.0002,44.0,qwswm_clora_k1024_lr2e4,False,False,False,True,65.96,65.96,gsm8k,45.31,41.82,71.91,52.99,56.73,43.56,53.75,0.0832,9.7624,1.8183,65.96,88.98205028188693,9.770277976989746,1.8187222357768145,11.068457826640378,25.20470181316944,0.05223931481534321,0.045351171535424464,0.04492970539761493,2.021400842681564,1.9346918347336524,0.08670900794791159,-1.079876673709276,0.989906920131808,1.9493024083332593,0.989556598263526,0.2596655387296725
qwswm_clora_k1024_lr2e5_s42,qwswm,Qwen-Math (qwswm),Qwen-2.5-7B,math,sweep,clora,CLoRA,2e-05,42.0,qwswm_clora_k1024_lr2e5,False,False,False,True,53.07,53.07,gsm8k,47.17,39.67,71.95,51.11,56.9,43.42,53.36,0.0301,2.1364,0.4365,53.07,13.254381991527096,2.137171745300293,0.4367083776461316,4.0808412304680095,16.85268168316076,0.06100556514032388,0.04229719988971611,0.05281682761192193,,,,-1.5214335044061567,0.32983942391378607,1.1223594828102132,0.3296825692970997,-0.36001575195841146
qwswm_clora_k1024_lr2e5_s43,qwswm,Qwen-Math (qwswm),Qwen-2.5-7B,math,sweep,clora,CLoRA,2e-05,43.0,qwswm_clora_k1024_lr2e5,False,False,False,True,51.63,51.63,gsm8k,47.49,38.76,71.96,51.79,57.44,43.12,53.49,0.0303,2.2299,0.4374,51.63,13.288761265947969,2.2305798530578613,0.43761032860173665,4.0684055880617365,16.838259960053815,0.060836105629068056,0.04258103436598501,0.05312114182335673,1.9533103004891645,1.9346918347336524,0.01861846575551218,-1.518557371497695,0.34841777526722556,1.1234844993447861,0.3482853875226119,-0.35912122129838175
qwswm_clora_k1024_lr2e5_s44,qwswm,Qwen-Math (qwswm),Qwen-2.5-7B,math,sweep,clora,CLoRA,2e-05,44.0,qwswm_clora_k1024_lr2e5,False,False,True,False,50.72,50.72,gsm8k,47.55,39.66,71.97,51.45,57.14,43.6,53.55,0.0305,2.1036,0.4404,50.72,13.306005915455465,2.1041407585144043,0.4406420118178565,4.096159743619309,16.77672831059412,0.06110594553530668,0.04247216648039639,0.05314883801775028,1.954394715174452,1.9346918347336524,0.019702880440799708,-1.5157001606532141,0.32307478899945075,1.1240477121845154,0.3229631621414198,-0.3561526897002858
qwswm_clora_k1024_lr3e4_s42,qwswm,Qwen-Math (qwswm),Qwen-2.5-7B,math,sweep,clora,CLoRA,0.0003,42.0,qwswm_clora_k1024_lr3e4,False,False,False,True,71.8,71.8,gsm8k,46.43,41.52,72.12,52.3,56.36,43.98,53.75,0.1116,10.2408,2.3601,71.8,131.71798939791267,10.24351978302002,2.3607721827068286,13.697192566798464,27.189833980022858,0.04952705752949145,0.0457405852270773,0.04272220276201605,,,,-0.95233580539844,1.0104492105155451,2.1196450928259605,1.010333884570918,0.3729304048887934
qwswm_clora_k1024_lr3e4_s43,qwswm,Qwen-Math (qwswm),Qwen-2.5-7B,math,sweep,clora,CLoRA,0.0003,43.0,qwswm_clora_k1024_lr3e4,False,False,False,True,64.75,64.75,gsm8k,46.71,41.02,71.37,53.07,56.02,43.86,53.64,0.111,10.2738,2.3632,64.75,132.05957104656386,11.556778907775879,2.3868506881585096,13.66071232647497,27.120122539106973,0.049883461223601926,0.04565394507638873,0.04307226219893161,2.044167511940849,1.9346918347336524,0.10947567720719675,-0.9546770212133425,1.062836804888075,2.120769882272045,1.0117311070626598,0.3735004779678743
qwswm_clora_k1024_lr3e4_s44,qwswm,Qwen-Math (qwswm),Qwen-2.5-7B,math,sweep,clora,CLoRA,0.0003,44.0,qwswm_clora_k1024_lr3e4,False,False,False,True,73.01,73.01,gsm8k,44.92,41.07,71.34,50.68,56.13,43.0,52.83,0.1131,11.0799,2.3676,73.01,131.789418164555,10.770438194274902,2.36784598957833,13.675993902327937,27.181090209045284,0.04974526488136414,0.045525241543393546,0.042765534889495825,2.040990592086131,1.9346918347336524,0.10629875735247873,-0.9465373950745447,1.032233372887978,2.1198805406279684,1.0445358407494352,0.374308331299816
qwswm_clora_k1024_lr5e4_s42,qwswm,Qwen-Math (qwswm),Qwen-2.5-7B,math,sweep,clora,CLoRA,0.0005,42.0,qwswm_clora_k1024_lr5e4,False,False,False,True,71.42,71.42,gsm8k,46.17,40.88,70.04,50.09,53.75,43.53,52.19,0.1895,22.0476,3.6341,71.42,234.23557637158223,22.04836654663086,3.6348724024522587,17.858446677349765,29.10938047772917,0.047718126432135334,0.04541603039367348,0.041189266073008116,,,,-0.7223907856959089,1.343376420286308,2.3696528576384046,1.3433613210834554,0.5603968736739027
qwswm_clora_k1024_lr5e4_s43,qwswm,Qwen-Math (qwswm),Qwen-2.5-7B,math,sweep,clora,CLoRA,0.0005,43.0,qwswm_clora_k1024_lr5e4,False,False,False,True,67.63,67.63,gsm8k,43.74,40.43,69.71,52.47,56.7,42.08,52.61,0.1841,16.5079,3.5818,67.63,232.30607620238902,16.50698471069336,3.582540178959451,17.830777281005968,29.218818326207753,0.04800553784346016,0.0454639292821897,0.041504204891828884,2.124017350671135,1.9346918347336524,0.1893255159374827,-0.7349462114959853,1.217667749028777,2.366060569363977,1.2176918293851862,0.5541013321212365
qwswm_clora_k1024_lr5e4_s44,qwswm,Qwen-Math (qwswm),Qwen-2.5-7B,math,sweep,clora,CLoRA,0.0005,44.0,qwswm_clora_k1024_lr5e4,False,False,False,True,67.4,67.4,gsm8k,38.75,40.27,69.7,53.5,55.02,39.51,51.45,0.1849,16.1384,3.5591,67.4,233.53645658590824,16.148849487304688,3.560082455794327,18.147807676781824,29.303315882891706,0.04792544748832594,0.04558120014890767,0.04144021645263338,2.122641623213882,1.9346918347336524,0.1879497884802297,-0.7330630888408269,1.2081415867839322,2.368354686436242,1.207860475515202,0.5513401905433419
qwswm_clora_k1024_lr5e5_s42,qwswm,Qwen-Math (qwswm),Qwen-2.5-7B,math,sweep,clora,CLoRA,5e-05,42.0,qwswm_clora_k1024_lr5e5,False,False,False,True,57.92,57.92,gsm8k,47.03,39.88,72.01,50.68,57.15,43.46,53.35,0.0386,3.6464,0.7477,57.92,27.24244967342247,3.6529717445373535,0.748054844433318,6.298026840680114,20.949604711750904,0.057997984515969624,0.04371324682046692,0.04961673958370812,,,,-1.413412695328245,0.5626463129896421,1.4352461572721626,0.5618643078363004,-0.12627261935332046
qwswm_clora_k1024_lr5e5_s43,qwswm,Qwen-Math (qwswm),Qwen-2.5-7B,math,sweep,clora,CLoRA,5e-05,43.0,qwswm_clora_k1024_lr5e5,False,False,False,True,56.71,56.71,gsm8k,47.77,40.34,71.85,51.45,56.94,44.06,53.67,0.0387,3.9256,0.7638,56.71,27.337632052572435,3.9310014247894287,0.7642090685019346,6.35983817088723,20.654157973209884,0.05875896432784442,0.04424147654369266,0.04977412266504132,1.9608098315611369,1.9346918347336524,0.026117996827484502,-1.4122890349810886,0.5945032012299275,1.4367608938807193,0.5939060449728591,-0.11702034596270096
qwswm_clora_k1024_lr5e5_s44,qwswm,Qwen-Math (qwswm),Qwen-2.5-7B,math,sweep,clora,CLoRA,5e-05,44.0,qwswm_clora_k1024_lr5e5,False,False,False,True,62.85,62.85,gsm8k,47.4,40.16,72.06,51.11,57.58,43.78,53.66,0.0383,3.8981,0.7497,62.85,27.286207599090606,3.899421453475952,0.7499794191343037,6.404431816216975,20.91745725012046,0.05835224934640411,0.04415893225660567,0.0496808916640983,1.9586841467173364,1.9346918347336524,0.02399231198368401,-1.4168012260313771,0.5910001767184622,1.4359431790103476,0.5908529761082127,-0.1251124891538875
qwswm_dora_r16_lr1e3_s42,qwswm,Qwen-Math (qwswm),Qwen-2.5-7B,math,sweep,dora,DoRA,0.001,42.0,qwswm_dora_r16_lr1e3,False,False,False,True,24.49,24.49,gsm8k,35.66,9.45,31.46,28.41,51.51,22.56,31.3,0.6778,111.338,17.8689,24.49,779.4373398567044,111.4010238647461,17.86880133492606,10.680519432800155,15.074407336623475,0.11075999272268758,0.10215547678186643,0.0711058591764871,,,,-0.1688984354986406,2.046889182370619,2.8917812073397617,2.046643415670712,1.2520978183907026
qwswm_dora_r16_lr1e3_s44,qwswm,Qwen-Math (qwswm),Qwen-2.5-7B,math,sweep,dora,DoRA,0.001,44.0,qwswm_dora_r16_lr1e3,False,False,False,True,65.28,65.28,gsm8k,38.66,19.3,49.25,42.06,49.08,28.98,39.67,0.6779,67.9669,17.4312,65.28,783.5196697055111,67.94491577148438,17.42918337413243,11.087269835900054,15.271582731257144,0.11042743882600314,0.10192393155219881,0.07115567852560505,2.9304346703187627,1.9346918347336524,0.9957428355851103,-0.16883436609055755,1.8321569646005245,2.8940499035963603,1.8322974620129429,1.2413272858730013
qwswm_dora_r16_lr1e4_s42,qwswm,Qwen-Math (qwswm),Qwen-2.5-7B,math,sweep,dora,DoRA,0.0001,42.0,qwswm_dora_r16_lr1e4,False,False,False,True,64.06,64.06,gsm8k,46.89,41.36,71.97,51.45,57.38,44.12,53.81,0.0703,5.8574,1.8999,64.06,49.729061343175175,5.8693342208862305,1.9009809740952084,4.03924118915825,10.528705714484797,0.12230318740810182,0.10268019746365756,0.07517457380356812,,,,-1.153044674980176,0.7685888404990667,1.6966102618196628,0.7677048828739664,0.27873074274698123
qwswm_dora_r16_lr1e4_s43,qwswm,Qwen-Math (qwswm),Qwen-2.5-7B,math,sweep,dora,DoRA,0.0001,43.0,qwswm_dora_r16_lr1e4,False,False,False,True,62.93,62.93,gsm8k,46.95,39.88,72.07,52.73,56.61,43.42,53.65,0.071,6.0659,1.926,62.93,49.926647168491854,6.072073459625244,1.9270196889128004,3.976821992845201,10.439178241159967,0.12240210576962024,0.10209478757013596,0.07535516634307414,1.9850969230734976,1.9346918347336524,0.05040508833984525,-1.1487416512809248,0.7833370169909984,1.6983324019230348,0.7828952464286228,0.2846562827885157
qwswm_dora_r16_lr2e4_s42,qwswm,Qwen-Math (qwswm),Qwen-2.5-7B,math,sweep,dora,DoRA,0.0002,42.0,qwswm_dora_r16_lr2e4,False,False,False,True,67.1,67.1,gsm8k,45.62,42.94,71.86,52.22,57.18,44.28,53.96,0.1125,10.3065,3.3144,67.1,102.14909762119586,10.309919357299805,3.3173285471541543,5.456366260361172,12.37137949907001,0.11762832848081198,0.10069651973043064,0.07205624098507693,,,,-0.9488474775526187,1.0132552683080878,2.0092345344548472,1.0131112075965896,0.5204049202902373
qwswm_dora_r16_lr2e4_s43,qwswm,Qwen-Math (qwswm),Qwen-2.5-7B,math,sweep,dora,DoRA,0.0002,43.0,qwswm_dora_r16_lr2e4,False,False,True,False,60.73,60.73,gsm8k,46.55,42.38,71.36,53.33,58.11,44.46,54.35,0.112,9.9542,3.3322,60.73,102.00600666538678,9.959811210632324,3.334407788515091,5.431142569520928,12.365285244563855,0.11731171140210425,0.10120379239411739,0.07159487951381388,2.0388948665552555,1.9346918347336524,0.10420303182160318,-0.9507819773298184,0.9982511063998347,2.0086257461229424,0.9980063623497152,0.5227310600485781
qwswm_dora_r16_lr2e5_s42,qwswm,Qwen-Math (qwswm),Qwen-2.5-7B,math,sweep,dora,DoRA,2e-05,42.0,qwswm_dora_r16_lr2e5,False,False,False,True,55.88,55.88,gsm8k,47.98,39.3,72.07,51.28,57.25,43.64,53.58,0.0394,2.313,0.546,55.88,11.270461415657964,2.3164453506469727,0.5464219814432519,2.3178456859202425,6.554295225778997,0.12409454820749664,0.10526006899692672,0.08454815963007672,,,,-1.4045037781744258,0.3648220588269266,1.0519416965405206,0.36417563277061943,-0.2628073572952627
qwswm_dora_r16_lr2e5_s43,qwswm,Qwen-Math (qwswm),Qwen-2.5-7B,math,sweep,dora,DoRA,2e-05,43.0,qwswm_dora_r16_lr2e5,False,False,False,True,56.41,56.41,gsm8k,47.98,39.05,72.1,51.79,57.44,43.52,53.67,0.0396,2.1306,0.5476,56.41,11.252572725516957,2.135704278945923,0.5480655485498054,2.3069801982390397,6.53567089478874,0.12414795585423781,0.10588602568557852,0.08442844227349093,1.9507247312616534,1.9346918347336524,0.016032896528000995,-1.4023048140744876,0.329541117779219,1.0512518284702048,0.3285019226852591,-0.26153656053804764
qwswm_dora_r16_lr3e4_s42,qwswm,Qwen-Math (qwswm),Qwen-2.5-7B,math,sweep,dora,DoRA,0.0003,42.0,qwswm_dora_r16_lr3e4,False,False,False,True,70.96,70.96,gsm8k,30.1,42.69,71.17,52.82,55.9,36.39,50.54,0.1568,14.071,4.4928,70.96,158.77264230796425,14.070291519165039,4.494934814316886,7.094195942499869,13.704133486483244,0.11407508036679828,0.10038328275012663,0.07070639360279223,,,,-0.8046539416515803,1.1483030955764078,2.2007756724094207,1.148324963038817,0.6525170861136924
qwswm_dora_r16_lr5e4_s42,qwswm,Qwen-Math (qwswm),Qwen-2.5-7B,math,sweep,dora,DoRA,0.0005,42.0,qwswm_dora_r16_lr5e4,False,False,False,True,70.58,70.58,gsm8k,41.04,39.05,69.13,54.27,54.81,40.04,51.66,0.2603,29.3591,6.9244,70.58,282.35558584017383,29.38695526123047,6.926107672282628,9.360739324416993,14.728339411320878,0.11096769742765207,0.10015632154828007,0.06936016674487053,,,,-0.5845258318907643,1.4681545917975007,2.450796383805033,1.4677427381982355,0.8403821477035165
qwswm_dora_r16_lr5e5_s42,qwswm,Qwen-Math (qwswm),Qwen-2.5-7B,math,sweep,dora,DoRA,5e-05,42.0,qwswm_dora_r16_lr5e5,False,False,False,True,64.82,64.82,gsm8k,46.41,40.18,72.14,50.09,57.19,43.3,53.2,0.0513,3.8026,1.0858,64.82,25.43123471347529,3.806354522705078,1.0865276185529573,3.2164677274512647,8.957452554705101,0.1249355032495996,0.10496315893147119,0.07862262753025134,,,,-1.2898826348881838,0.5805092358911148,1.4053674461462786,0.5800806438630073,0.035749837319661054
qwswm_dora_r16_lr5e5_s44,qwswm,Qwen-Math (qwswm),Qwen-2.5-7B,math,sweep,dora,DoRA,5e-05,44.0,qwswm_dora_r16_lr5e5,False,False,False,True,57.39,57.39,gsm8k,46.86,40.58,71.98,50.6,57.8,43.72,53.56,0.0507,3.4768,1.0896,57.39,25.529084698716744,3.480377435684204,1.09041863573449,3.2649673638123313,9.042682050069034,0.12492255344801965,0.10430877824592945,0.0787972073721505,1.9661137577226973,1.9346918347336524,0.03142192298904489,-1.294992040666664,0.5416263443334776,1.4070352442040728,0.5411797089764493,0.0372670945687099
qwswm_lora_null_r16_lr1e3_s42,qwswm,Qwen-Math (qwswm),Qwen-2.5-7B,math,sweep,lora_null,LoRA-Null,0.001,42.0,qwswm_lora_null_r16_lr1e3,False,False,False,True,72.86,72.86,gsm8k,45.45,31.7,64.68,50.09,54.64,38.58,49.31,0.3938,29.2563,10.0337,72.86,468.9759839802665,29.30842399597168,10.034594965832573,11.540133742458167,16.351911969390134,0.11472160234748428,0.09104208945094928,0.07349331510309955,,,,-0.40472428819790063,1.4669924657173468,2.6711506032867227,1.4662194006960176,1.0014611118110957
qwswm_lora_null_r16_lr1e3_s43,qwswm,Qwen-Math (qwswm),Qwen-2.5-7B,math,sweep,lora_null,LoRA-Null,0.001,43.0,qwswm_lora_null_r16_lr1e3,False,False,False,True,73.31,73.31,gsm8k,44.65,34.96,63.48,50.34,52.0,39.8,49.09,0.3918,40.4582,10.1509,73.31,471.5696061958912,40.45309066772461,10.15122636301177,11.496664710945916,16.3280381407497,0.1144684482497278,0.0910198509435424,0.07340790047635062,,,,-0.40693556834128247,1.6069517078682343,2.673545805993067,1.6070065569454903,1.0065045494123595
qwswm_lora_null_r16_lr1e3_s44,qwswm,Qwen-Math (qwswm),Qwen-2.5-7B,math,sweep,lora_null,LoRA-Null,0.001,44.0,qwswm_lora_null_r16_lr1e3,False,False,False,True,70.81,70.81,gsm8k,44.19,32.9,64.88,50.51,52.86,38.54,49.07,0.3703,27.8072,10.0152,70.81,471.5190935002936,27.825929641723633,10.015469838891711,11.636854078736803,16.375781757036926,0.11598701151604124,0.09091438569346084,0.07388631148277448,2.347688649587524,1.9346918347336524,0.41299681485387163,-0.4314462879505574,1.4444496826752584,2.6734992835715974,1.4441572605013382,1.000659626423315
qwswm_lora_null_r16_lr1e4_s42,qwswm,Qwen-Math (qwswm),Qwen-2.5-7B,math,sweep,lora_null,LoRA-Null,0.0001,42.0,qwswm_lora_null_r16_lr1e4,False,False,False,True,68.99,68.99,gsm8k,45.34,39.33,72.29,50.6,56.98,42.34,52.91,0.0553,4.9803,1.2922,68.99,47.19371748261242,4.980499744415283,1.2924876242876053,7.857235722590316,19.062147598239246,0.20078661868911563,0.07444717265463154,0.11076637469143764,,,,-1.2572748686953017,0.6972729221478348,1.6738841883748738,0.6972555042899145,0.11132973670415008
qwswm_lora_null_r16_lr1e4_s43,qwswm,Qwen-Math (qwswm),Qwen-2.5-7B,math,sweep,lora_null,LoRA-Null,0.0001,43.0,qwswm_lora_null_r16_lr1e4,False,False,False,True,66.19,66.19,gsm8k,47.75,39.79,72.22,51.62,57.02,43.77,53.68,0.0551,4.9561,1.2913,66.19,47.16875210507947,4.956376552581787,1.2915999803159919,7.860110530521294,19.058827766217714,0.20077983173037167,0.07441190174676005,0.11071598113724057,1.9701579948377979,1.9346918347336524,0.035466160104145494,-1.2588484011482148,0.695164293768618,1.6736543867174662,0.6951400606196929,0.11102715102617486
qwswm_lora_null_r16_lr1e4_s44,qwswm,Qwen-Math (qwswm),Qwen-2.5-7B,math,sweep,lora_null,LoRA-Null,0.0001,44.0,qwswm_lora_null_r16_lr1e4,False,False,False,True,67.25,67.25,gsm8k,48.0,39.93,72.05,51.02,56.74,43.96,53.55,0.0553,4.8773,1.296,67.25,47.18593970979724,4.8772292137146,1.2963110081851483,7.824020251870964,19.045397952197224,0.20064331646794473,0.07442953994905234,0.1107105039514885,1.9706520507211793,1.9346918347336524,0.03596021598752697,-1.2572748686953017,0.6881731664819123,1.6738126084619296,0.6881794696242723,0.11260500153457455
qwswm_lora_null_r16_lr2e4_s42,qwswm,Qwen-Math (qwswm),Qwen-2.5-7B,math,sweep,lora_null,LoRA-Null,0.0002,42.0,qwswm_lora_null_r16_lr2e4,False,False,False,True,68.99,68.99,gsm8k,47.2,39.74,71.85,52.47,57.08,43.47,53.67,0.0849,7.7807,2.2516,68.99,88.42016973299431,7.7818803787231445,2.2519629084638186,8.853523101024784,18.81498845906982,0.17615795045850266,0.0779433516385501,0.09971843502236125,,,,-1.0710923097560474,0.891084550644061,1.9465513442503808,0.8910186705708951,0.35249123998816456
qwswm_lora_null_r16_lr2e4_s43,qwswm,Qwen-Math (qwswm),Qwen-2.5-7B,math,sweep,lora_null,LoRA-Null,0.0002,43.0,qwswm_lora_null_r16_lr2e4,False,False,False,True,66.79,66.79,gsm8k,47.7,40.69,71.61,52.39,56.13,44.2,53.7,0.0849,8.055,2.2637,66.79,88.47134783690011,8.053000450134277,2.264083365031651,8.799097906139734,18.785477332087144,0.17643698164532418,0.07767849504698321,0.09970093285428626,2.0042933655649042,1.9346918347336524,0.06960153083125187,-1.0710923097560474,0.9059577233679551,1.9468026436800658,0.9060655447552368,0.3548188708477215
qwswm_lora_null_r16_lr2e4_s44,qwswm,Qwen-Math (qwswm),Qwen-2.5-7B,math,sweep,lora_null,LoRA-Null,0.0002,44.0,qwswm_lora_null_r16_lr2e4,False,False,False,True,75.66,75.66,gsm8k,46.09,40.92,72.01,52.05,56.57,43.5,53.53,0.0852,7.5851,2.2581,75.66,88.38239741719818,7.594475269317627,2.258547717971461,8.819337768212506,18.795869444373757,0.17630557209543238,0.0779249780200697,0.09974855413243043,2.005776221859439,1.9346918347336524,0.07108438712578646,-1.0695604052332999,0.8804977722063808,1.9463657778433658,0.879961310786811,0.35374317075393547
qwswm_lora_null_r16_lr2e5_s42,qwswm,Qwen-Math (qwswm),Qwen-2.5-7B,math,sweep,lora_null,LoRA-Null,2e-05,42.0,qwswm_lora_null_r16_lr2e5,False,False,False,True,52.54,52.54,gsm8k,47.66,39.21,72.11,50.09,57.29,43.44,53.27,0.0292,1.822,0.4429,52.54,13.201640017808984,1.8220361471176147,0.4430205222751413,5.763245914111363,16.376852606792156,0.2136657299250463,0.07925525803424446,0.12586807140375528,,,,-1.5346171485515816,0.2605569886292932,1.1206278862393326,0.26054837263697944,-0.35369431971524123
qwswm_lora_null_r16_lr2e5_s43,qwswm,Qwen-Math (qwswm),Qwen-2.5-7B,math,sweep,lora_null,LoRA-Null,2e-05,43.0,qwswm_lora_null_r16_lr2e5,False,False,False,True,50.27,50.27,gsm8k,47.6,38.49,72.14,49.4,57.33,43.04,52.99,0.0292,1.8916,0.4445,50.27,13.222118993768051,1.8972513675689697,0.4445882234722376,5.7440205035836325,16.343951585462342,0.2131640999315333,0.07923243357869084,0.12561807170873765,1.944935452744154,1.9346918347336524,0.010243618010501665,-1.5346171485515816,0.27812487454495577,1.1213010613186911,0.2768293053433887,-0.3521282346937675
qwswm_lora_null_r16_lr2e5_s44,qwswm,Qwen-Math (qwswm),Qwen-2.5-7B,math,sweep,lora_null,LoRA-Null,2e-05,44.0,qwswm_lora_null_r16_lr2e5,False,False,False,True,50.57,50.57,gsm8k,47.57,38.81,72.12,50.0,57.2,43.19,53.14,0.0291,1.8556,0.4441,50.57,13.210195735766627,1.8563612699508667,0.44415637153599946,5.749769911814545,16.34908945639156,0.21319700401492903,0.07916621070598358,0.12554877426635408,1.8904103780555759,1.8790178806577968,0.011392497397779033,-1.5361070110140926,0.2686624989723289,1.1209092526132842,0.268484363846722,-0.3525192268263241
qwswm_lora_null_r16_lr3e4_s42,qwswm,Qwen-Math (qwswm),Qwen-2.5-7B,math,sweep,lora_null,LoRA-Null,0.0003,42.0,qwswm_lora_null_r16_lr3e4,False,False,False,True,70.36,70.36,gsm8k,43.97,40.77,72.11,52.47,56.67,42.37,53.2,0.1159,10.5711,3.1786,70.36,129.9135661416105,10.582337379455566,3.178966346808842,9.523494003516745,18.210862042583997,0.1569569870982855,0.08213869614160667,0.09212782941603176,,,,-0.935916564036404,1.0245816033215505,2.11365450436643,1.0241201811649383,0.5022358790557725
qwswm_lora_null_r16_lr3e4_s43,qwswm,Qwen-Math (qwswm),Qwen-2.5-7B,math,sweep,lora_null,LoRA-Null,0.0003,43.0,qwswm_lora_null_r16_lr3e4,False,False,False,True,68.08,68.08,gsm8k,46.03,38.87,71.41,52.73,55.05,42.45,52.82,0.1156,10.5043,3.1728,68.08,130.57298520201354,10.514631271362305,3.173203553046499,9.586488135373566,18.225713747517915,0.15639019450094707,0.08198278009711292,0.09162496076791424,2.0429015051119603,1.9346918347336524,0.10820967037830798,-0.9370421659154897,1.021794047386535,2.115853333207874,1.0213671165928522,0.5014426968612274
qwswm_lora_null_r16_lr3e4_s44,qwswm,Qwen-Math (qwswm),Qwen-2.5-7B,math,sweep,lora_null,LoRA-Null,0.0003,44.0,qwswm_lora_null_r16_lr3e4,False,False,False,True,76.04,76.04,gsm8k,42.79,41.95,71.59,52.13,56.83,42.37,53.06,0.1169,9.8746,3.1869,76.04,130.45558967826506,9.885577201843262,3.1875047436782293,9.552548301286642,18.216114646036253,0.1563220499722095,0.08181118699134346,0.09155372047189124,2.0301338911287696,1.9346918347336524,0.09544205639511727,-0.9321854888381599,0.9950020320975488,2.1154626922090873,0.9945195122669848,0.503368436197436
qwswm_lora_null_r16_lr5e4_s42,qwswm,Qwen-Math (qwswm),Qwen-2.5-7B,math,sweep,lora_null,LoRA-Null,0.0005,42.0,qwswm_lora_null_r16_lr5e4,False,False,False,True,70.05,70.05,gsm8k,46.2,39.52,69.99,54.35,54.28,42.86,52.87,0.1781,14.4394,4.8516,70.05,214.89090124289453,14.452085494995117,4.851988248314176,10.793974308930606,17.435934219112244,0.13288294781539944,0.08748676114154119,0.08191859215132608,,,,-0.7493360805367565,1.1599305220832794,2.33221802729387,1.1595491473816164,0.6858849873812991
qwswm_lora_null_r16_lr5e4_s43,qwswm,Qwen-Math (qwswm),Qwen-2.5-7B,math,sweep,lora_null,LoRA-Null,0.0005,43.0,qwswm_lora_null_r16_lr5e4,False,False,False,True,65.28,65.28,gsm8k,47.58,39.84,70.42,53.58,55.44,43.71,53.37,0.1795,14.7865,4.8805,65.28,215.46550959580114,14.784293174743652,4.8807761383908135,10.751155076240591,17.41941387805538,0.13264070255386215,0.08750971647733001,0.08184077597178348,2.0818305391960235,1.9346918347336524,0.1471387044623711,-0.745935547085662,1.169800566085918,2.3333777608492743,1.169865387616235,0.688464317108728
qwswm_lora_null_r16_lr5e4_s44,qwswm,Qwen-Math (qwswm),Qwen-2.5-7B,math,sweep,lora_null,LoRA-Null,0.0005,44.0,qwswm_lora_null_r16_lr5e4,False,False,False,True,59.44,59.44,gsm8k,42.01,38.25,70.67,52.73,53.6,40.13,51.45,0.1775,16.0783,4.9078,59.44,215.37611643979957,16.07663345336914,4.908067025031362,10.665637444669729,17.40636052862144,0.13239214663158527,0.08699709132601131,0.08190500603056718,2.0926891530440144,1.9346918347336524,0.157997318310362,-0.7508016426088872,1.206195109978496,2.333197541703387,1.2062401277675896,0.6908868562827234
qwswm_lora_null_r16_lr5e5_s42,qwswm,Qwen-Math (qwswm),Qwen-2.5-7B,math,sweep,lora_null,LoRA-Null,5e-05,42.0,qwswm_lora_null_r16_lr5e5,False,False,False,True,62.62,62.62,gsm8k,47.37,38.39,72.27,50.43,57.31,42.88,53.15,0.0408,3.3167,0.7915,62.62,26.34633003045361,3.317028522491455,0.7916958056390285,6.8833308536914455,18.061482653669124,0.2117278837421506,0.07519482763485005,0.11830002137576512,,,,-1.38933983691012,0.5207492059504113,1.420720127763866,0.520706190772792,-0.1015490808016253
qwswm_lora_null_r16_lr5e5_s44,qwswm,Qwen-Math (qwswm),Qwen-2.5-7B,math,sweep,lora_null,LoRA-Null,5e-05,44.0,qwswm_lora_null_r16_lr5e5,False,False,False,True,60.8,60.8,gsm8k,47.84,39.28,72.13,50.94,57.05,43.56,53.45,0.0406,3.2693,0.7944,60.8,26.350484071978556,3.2706048488616943,0.7945026703178882,6.8484742402792715,18.043518943983397,0.21136541300522568,0.07518430725389255,0.11796789772452994,1.953735369058472,1.9346918347336524,0.019043534324819644,-1.391473966422806,0.5146280762786174,1.4207885978354005,0.5144547744704207,-0.09996076451267524
qwswm_lora_r16_lr1e3_s42,qwswm,Qwen-Math (qwswm),Qwen-2.5-7B,math,sweep,lora,LoRA,0.001,42.0,qwswm_lora_r16_lr1e3,False,False,False,True,67.32,67.32,gsm8k,15.96,1.8,52.57,44.71,51.76,8.88,33.36,0.5871,42.5072,15.1548,67.32,708.9265959551644,42.50639343261719,15.15339879649026,11.454628634635734,15.477245196894417,0.10875959580033294,0.09205212966656355,0.06827379977233554,,,,-0.23128791962233644,1.6284542576662515,2.850601269566735,1.6284624984133955,1.180550209296876
qwswm_lora_r16_lr1e3_s43,qwswm,Qwen-Math (qwswm),Qwen-2.5-7B,math,sweep,lora,LoRA,0.001,43.0,qwswm_lora_r16_lr1e3,False,False,False,True,59.44,59.44,gsm8k,37.2,21.01,47.86,39.68,51.67,29.11,39.48,0.5824,41.8975,15.2083,59.44,705.1889663168089,53.045677185058594,15.168840892825807,11.355082625861142,15.458099551375032,0.11007826191812843,0.09143442448228788,0.06823524432328434,2.8289617500750373,1.9346918347336524,0.8942699153413849,-0.2347786336950192,1.724649998017396,2.8483055085263023,1.6221881096346307,1.182080670865509
qwswm_lora_r16_lr1e3_s44,qwswm,Qwen-Math (qwswm),Qwen-2.5-7B,math,sweep,lora,LoRA,0.001,44.0,qwswm_lora_r16_lr1e3,False,False,False,True,32.07,32.07,gsm8k,15.74,1.01,52.59,40.87,52.25,8.38,32.49,0.5801,41.5107,15.0621,32.07,703.2745009414028,41.510372161865234,15.06129674400602,11.373947319172517,15.487197798780164,0.1085565848307039,0.09143265049424801,0.0676420702004365,2.7941923194764895,1.9346918347336524,0.8595004847428371,-0.236497134532403,1.618156627069676,2.8471248712151973,1.618160057001118,1.1778855266343342
qwswm_lora_r16_lr1e4_s42,qwswm,Qwen-Math (qwswm),Qwen-2.5-7B,math,sweep,lora,LoRA,0.0001,42.0,qwswm_lora_r16_lr1e4,False,False,False,True,63.0,,gsm8k,44.34,41.26,72.13,50.6,57.66,42.8,53.2,0.0718,5.8698,1.9295,63.0,50.01707799014478,5.880180358886719,1.930659160869462,3.9983358193341143,10.481685750361692,0.12262282124115838,0.10332612545642268,0.07557603925819463,,,,-1.1438755557576996,0.7693906471081091,1.6991183165463533,0.768623303909263,0.28544478290741543
qwswm_lora_r16_lr1e4_s43,qwswm,Qwen-Math (qwswm),Qwen-2.5-7B,math,sweep,lora,LoRA,0.0001,43.0,qwswm_lora_r16_lr1e4,False,False,False,True,59.44,59.44,gsm8k,46.74,40.83,71.76,52.05,56.66,43.78,53.61,0.0724,5.8269,1.946,59.44,50.20375461575157,5.833394527435303,1.9472110011747905,3.9520198986680017,10.359293477011036,0.12246435200663178,0.10229871136731061,0.07552922285902587,1.983586830289468,1.9346918347336524,0.04889499555581556,-1.1402614338028532,0.76592134987316,1.7007361981794105,0.7654375648859538,0.2891428359323331
qwswm_lora_r16_lr1e4_s44,qwswm,Qwen-Math (qwswm),Qwen-2.5-7B,math,sweep,lora,LoRA,0.0001,44.0,qwswm_lora_r16_lr1e4,False,False,True,False,68.01,68.01,gsm8k,47.2,41.96,72.13,50.43,56.76,44.58,53.7,0.0721,6.3671,1.929,68.01,50.11137832634157,6.374046802520752,1.9302085742354393,4.005140305768294,10.476361174057505,0.12191906519220336,0.10218502051563057,0.07544053616686863,1.9892658265061505,1.9346918347336524,0.05457399177249811,-1.142064735280571,0.8044152480303838,1.6999363482881167,0.8039416708324523,0.2853322276438845
qwswm_lora_r16_lr2e4_s42,qwswm,Qwen-Math (qwswm),Qwen-2.5-7B,math,sweep,lora,LoRA,0.0002,42.0,qwswm_lora_r16_lr2e4,False,False,False,True,65.28,,gsm8k,46.83,41.01,71.93,53.24,55.83,43.92,53.77,0.1153,10.7296,3.3265,65.28,102.29140108863693,10.73820972442627,3.328808885387012,5.523164164479733,12.400018888511994,0.11747153936609493,0.10116775596443014,0.07213833482223497,,,,-0.938170692705301,1.0309318817720872,2.0098391271949,1.030583531748726,0.521987527782068
qwswm_lora_r16_lr2e4_s43,qwswm,Qwen-Math (qwswm),Qwen-2.5-7B,math,sweep,lora,LoRA,0.0002,43.0,qwswm_lora_r16_lr2e4,False,False,False,True,49.73,49.73,gsm8k,48.2,41.49,71.65,51.62,57.05,44.84,54.0,0.1178,10.2061,3.3835,49.73,102.33722816036696,10.220369338989258,3.3861556044646672,5.4428499755773565,12.23811437084073,0.11846638107448552,0.10111845132161412,0.0730604289513694,2.0247992998102693,1.9346918347336524,0.09010746507661693,-0.9288547095489171,1.0094665904157867,2.010033649777394,1.0088598192612948,0.5293661808194878
qwswm_lora_r16_lr2e4_s44,qwswm,Qwen-Math (qwswm),Qwen-2.5-7B,math,sweep,lora,LoRA,0.0002,44.0,qwswm_lora_r16_lr2e4,False,False,False,True,66.34,66.34,gsm8k,46.74,41.95,71.14,51.62,55.38,44.34,53.37,0.1135,10.8407,3.3383,66.34,101.97066121403086,10.852615356445312,3.340600253854479,5.396330792200742,12.361756984413041,0.11826945266127165,0.10137043793160588,0.07198086391288668,2.0188292376806114,1.9346918347336524,0.08413740294695904,-0.9450041384708585,1.0355344108112574,2.00847523543172,1.0350573261435174,0.5235253624481239
qwswm_lora_r16_lr2e5_s42,qwswm,Qwen-Math (qwswm),Qwen-2.5-7B,math,sweep,lora,LoRA,2e-05,42.0,qwswm_lora_r16_lr2e5,False,False,False,True,53.9,,gsm8k,47.8,39.29,72.15,51.11,57.42,43.54,53.55,0.0393,2.2147,0.5417,53.9,11.217937104751318,2.2182857990264893,0.5421806353543486,2.3067684688697745,6.594309615073038,0.12427729631848854,0.10618999205289628,0.08456595065091704,,,,-1.4056074496245732,0.34601749895654105,1.0499130007353616,0.3453149056523136,-0.2662411644127973
qwswm_lora_r16_lr2e5_s43,qwswm,Qwen-Math (qwswm),Qwen-2.5-7B,math,sweep,lora,LoRA,2e-05,43.0,qwswm_lora_r16_lr2e5,False,False,False,True,57.77,57.77,gsm8k,47.32,39.28,72.11,50.94,57.46,43.3,53.42,0.0394,2.4277,0.5441,57.77,11.282150610964003,2.4315431118011475,0.5445737986160176,2.3093516838548718,6.597575689300928,0.12347448466565415,0.10603661499170429,0.08366925160612405,1.9513053857071374,1.9346918347336524,0.016613550973485047,-1.4045037781744258,0.38588197411038944,1.0523918930381948,0.3851950183198801,-0.26432127409409545
qwswm_lora_r16_lr2e5_s44,qwswm,Qwen-Math (qwswm),Qwen-2.5-7B,math,sweep,lora,LoRA,2e-05,44.0,qwswm_lora_r16_lr2e5,False,False,False,True,56.1,56.1,gsm8k,47.57,39.2,72.05,50.43,57.25,43.39,53.3,0.039,2.2609,0.5385,56.1,11.21086365483965,2.2641355991363525,0.5389502181006329,2.346887385947384,6.673907673944973,0.12381031756672214,0.10661263844312885,0.08444379906813225,1.9511937389096556,1.9346918347336524,0.01650190417600328,-1.408935392973501,0.35490243320226433,1.0496390707647465,0.3542813538497285,-0.26881429236599963
qwswm_lora_r16_lr3e4_s42,qwswm,Qwen-Math (qwswm),Qwen-2.5-7B,math,sweep,lora,LoRA,0.0003,42.0,qwswm_lora_r16_lr3e4,False,False,False,True,65.73,,gsm8k,46.72,42.95,71.14,54.35,55.4,44.84,54.11,0.1585,14.6788,4.4693,65.73,159.23055309669323,14.68161678314209,4.471445424216134,7.168104253888486,13.749221760458232,0.113429843662797,0.099816659629361,0.06985657654049308,,,,-0.7999707334462297,1.166773884008775,2.202026403654089,1.1666905532176546,0.6502395074846367
qwswm_lora_r16_lr3e4_s43,qwswm,Qwen-Math (qwswm),Qwen-2.5-7B,math,sweep,lora,LoRA,0.0003,43.0,qwswm_lora_r16_lr3e4,False,False,False,True,56.56,56.56,gsm8k,47.57,42.02,71.56,52.22,56.84,44.8,54.04,0.1677,14.4632,4.5021,56.56,159.70432156461527,14.461648941040039,4.504747236200742,7.2146848394421745,13.690819506872588,0.11404477674813805,0.0994650183579249,0.07013093122201255,2.0621820647329736,1.9346918347336524,0.12749022999932125,-0.7754669373939143,1.1602178147542372,2.2033166682128225,1.1602643917544793,0.6534151372584289
qwswm_lora_r16_lr3e4_s44,qwswm,Qwen-Math (qwswm),Qwen-2.5-7B,math,sweep,lora,LoRA,0.0003,44.0,qwswm_lora_r16_lr3e4,False,False,False,True,63.61,63.61,gsm8k,47.09,41.95,71.06,53.16,56.27,44.52,53.91,0.1569,13.8117,4.494,63.61,158.23486015408253,13.812836647033691,4.496314281650952,7.0571803795477095,13.669702427372883,0.1142430747076155,0.09994992932260834,0.07035111632107605,2.0466720508348297,1.9346918347336524,0.11198021610117737,-0.8043770564130633,1.140282875801488,2.199302167560908,1.1402471365931754,0.6526330680831101
qwswm_lora_r16_lr5e4_s42,qwswm,Qwen-Math (qwswm),Qwen-2.5-7B,math,sweep,lora,LoRA,0.0005,42.0,qwswm_lora_r16_lr5e4,False,False,False,True,59.51,59.51,gsm8k,44.68,39.09,68.82,49.91,54.09,41.89,51.32,0.2468,28.3036,6.8011,59.51,281.18964653867,28.310752868652344,6.8022718165602,9.52660725629664,14.845492108213396,0.11120782029842835,0.0985662665858296,0.06866891076459106,,,,-0.6076548446387959,1.4519514187241194,2.4489993258289267,1.451841677951873,0.8325791605437105
qwswm_lora_r16_lr5e4_s43,qwswm,Qwen-Math (qwswm),Qwen-2.5-7B,math,sweep,lora,LoRA,0.0005,43.0,qwswm_lora_r16_lr5e4,False,False,False,True,65.88,65.88,gsm8k,44.56,40.14,69.38,49.57,55.2,42.35,51.77,0.2414,21.9554,6.6557,65.88,279.02267190920736,22.000717163085938,6.657249986273902,9.607853065066141,14.958670019290162,0.11043518956683158,0.09898534757827446,0.0676244704482328,2.150928964523887,1.9346918347336524,0.21623712979023457,-0.6172627342386696,1.3424368378628617,2.445639493184076,1.3415413538161884,0.8231937382705213
qwswm_lora_r16_lr5e4_s44,qwswm,Qwen-Math (qwswm),Qwen-2.5-7B,math,sweep,lora,LoRA,0.0005,44.0,qwswm_lora_r16_lr5e4,False,False,False,True,55.42,55.42,gsm8k,46.78,38.66,68.83,53.58,53.81,42.72,52.33,0.2425,22.4769,6.6464,55.42,279.03895764233636,22.531009674072266,6.647787644181933,9.606071859899394,14.950109343174924,0.11090679713046475,0.09836155622192709,0.0677260961709249,2.1453650135479876,1.9346918347336524,0.21067317881433523,-0.6152882570617175,1.3527806540430887,2.4456648409365793,1.3517364134036538,0.8225864748550051
qwswm_lora_r16_lr5e5_s42,qwswm,Qwen-Math (qwswm),Qwen-2.5-7B,math,sweep,lora,LoRA,5e-05,42.0,qwswm_lora_r16_lr5e5,False,False,False,True,62.4,,gsm8k,47.21,39.91,72.09,50.77,56.67,43.56,53.33,0.0517,3.8444,1.0801,62.4,25.500941959965253,3.8480682373046875,1.0808496040957314,3.270226546368853,9.027241812822508,0.12458996401649876,0.1049219143520037,0.078958374125909,,,,-1.2865094569060576,0.5852427647228768,1.4065562228049158,0.5848285685789744,0.03346396607740512
qwswm_lora_r16_lr5e5_s43,qwswm,Qwen-Math (qwswm),Qwen-2.5-7B,math,sweep,lora,LoRA,5e-05,43.0,qwswm_lora_r16_lr5e5,False,False,False,True,61.94,61.94,gsm8k,47.52,39.25,72.13,51.96,57.84,43.39,53.74,0.0514,3.3741,1.0789,61.94,25.40335853385357,3.377276659011841,1.079673532396555,3.2397878507927973,9.052630958178801,0.12498916440095918,0.1051135292588278,0.07880710662794278,1.9643867744695094,1.9346918347336524,0.029694939735857018,-1.2890368810047244,0.5285666385331922,1.404891137733979,0.5281579498608755,0.03298119309736785
qwswm_lora_r16_lr5e5_s44,qwswm,Qwen-Math (qwswm),Qwen-2.5-7B,math,sweep,lora,LoRA,5e-05,44.0,qwswm_lora_r16_lr5e5,False,False,False,True,55.57,55.57,gsm8k,47.66,39.92,72.16,51.02,57.16,43.79,53.58,0.0513,3.706,1.0833,55.57,25.493023903862326,3.7094972133636475,1.0841460103435177,3.223194714879035,9.037801438841623,0.12413717214424369,0.10427684833519558,0.07860755511645719,1.96547976606459,1.9346918347336524,0.0307879313309376,-1.2898826348881838,0.5693150491678222,1.4064213531966283,0.5689054149828787,0.03474874314648903
qwswm_lora_r32_lr15e5_s42,qwswm,Qwen-Math (qwswm),Qwen-2.5-7B,math,sweep,lora,LoRA,0.00015,42.0,qwswm_lora_r32_lr15e5,False,False,False,True,54.81,54.81,gsm8k,45.77,42.59,71.84,52.13,57.24,44.18,53.91,0.105,8.5945,2.7101,54.81,94.39560311122024,8.603654861450195,2.7111356811864034,7.568078523097956,22.19350019316251,0.11836777917514436,0.10147514872391075,0.07176821101868479,2.04148291014371,1.9346918347336524,0.10679107541005761,-0.978810700930062,0.9346829801935617,1.9749517656009652,0.9342206159204198,0.4329853162053758
qwswm_lora_r32_lr1e3_s42,qwswm,Qwen-Math (qwswm),Qwen-2.5-7B,math,sweep,lora,LoRA,0.001,42.0,qwswm_lora_r32_lr1e3,False,False,False,True,19.03,19.03,gsm8k,29.27,6.13,30.37,32.08,48.84,17.7,29.34,0.9033,89.4772,18.6432,19.03,1055.6309501660523,89.4748306274414,18.64606178402901,17.6353879936717,30.078159172547043,0.11444711368969894,0.08833248258161257,0.07432472153959994,,,,-0.04416798976757825,1.951700884959363,3.023512114864877,1.9517123853086378,1.2705204586115544
qwswm_lora_r32_lr1e3_s43,qwswm,Qwen-Math (qwswm),Qwen-2.5-7B,math,sweep,lora,LoRA,0.001,43.0,qwswm_lora_r32_lr1e3,False,False,False,True,40.11,40.11,gsm8k,13.07,0.02,31.31,32.08,46.08,6.54,24.51,0.9379,85.9007,18.7175,40.11,1056.6599474995464,85.89921569824219,18.72077817746571,17.592493424443674,30.092624639516508,0.11436367258503634,0.08837541544589805,0.07422253815872563,3.907269615905197,1.9346918347336524,1.9725777811715446,-0.027843464140506393,1.9339891985287911,3.0239352458831226,1.9339967028871057,1.2722478418000767
qwswm_lora_r32_lr1e3_s44,qwswm,Qwen-Math (qwswm),Qwen-2.5-7B,math,sweep,lora,LoRA,0.001,44.0,qwswm_lora_r32_lr1e3,False,False,False,True,33.21,33.21,gsm8k,12.89,0.51,31.08,29.95,49.55,6.7,24.8,0.9464,79.4378,18.9116,33.21,1056.7353288340842,79.5570297241211,18.915549865790776,17.242224167462112,29.84221235715189,0.11183744059930761,0.08845850495329893,0.07366300710279833,4.174169724262853,1.9346918347336524,2.239477889529201,-0.023925268380126038,1.9006785602932181,3.0239662270232897,1.9000272080315033,1.276728273518531
qwswm_lora_r32_lr1e4_s42,qwswm,Qwen-Math (qwswm),Qwen-2.5-7B,math,sweep,lora,LoRA,0.0001,42.0,qwswm_lora_r32_lr1e4,False,False,False,True,64.75,64.75,gsm8k,44.62,42.29,72.01,53.67,57.3,43.46,53.98,0.0781,7.1525,1.9628,64.75,61.528651611244484,7.1582818031311035,1.963391528385026,6.303267051343014,20.46461316782634,0.12223027159699573,0.10334042609584086,0.07437481590969525,,,,-1.1073489661226996,0.8548087914465237,1.789077397710935,0.8544578664773003,0.2928760493088779
qwswm_lora_r32_lr1e4_s43,qwswm,Qwen-Math (qwswm),Qwen-2.5-7B,math,sweep,lora,LoRA,0.0001,43.0,qwswm_lora_r32_lr1e4,False,False,False,True,67.4,67.4,gsm8k,47.47,41.31,71.82,52.56,56.86,44.39,54.0,0.078,7.5042,1.9584,67.4,61.647191210045925,7.509658336639404,1.9590942829847335,6.424128871643538,20.4569543522538,0.1226073926346182,0.103409377252594,0.07472174567489863,2.011828993180994,1.9346918347336524,0.07713715844734148,-1.1079053973095196,0.8756201785637465,1.789913293912012,0.8753044002296034,0.29190140046546714
qwswm_lora_r32_lr1e4_s44,qwswm,Qwen-Math (qwswm),Qwen-2.5-7B,math,sweep,lora,LoRA,0.0001,44.0,qwswm_lora_r32_lr1e4,False,False,False,True,66.26,66.26,gsm8k,46.48,42.99,72.2,51.71,57.04,44.74,54.08,0.0778,6.9606,1.9607,66.26,61.42424367836321,6.966267108917236,1.9616598331502506,6.288824189163568,20.45532115045924,0.12177385493584665,0.10359930582998932,0.07428691562756454,2.009210977079821,1.9346918347336524,0.07451914234616863,-1.109020403010311,0.843000122678177,1.7883398176822674,0.8426466771763715,0.29241114883782504
qwswm_lora_r32_lr2e4_ep6_s42,qwswm,Qwen-Math (qwswm),Qwen-2.5-7B,math,sweep,lora,LoRA,0.0002,42.0,qwswm_lora_r32_lr2e4_ep6,False,False,False,True,62.4,62.4,gsm8k,40.88,42.02,70.0,51.11,55.03,41.45,51.81,0.2064,17.3437,4.7135,62.4,214.1442156846314,17.34280014038086,4.714503173742975,12.401452203325587,26.828739703065583,0.1133799383697553,0.10243756940060579,0.06961164634491628,,,,-0.6852903070448263,1.2391192192841984,2.330706348029,1.2391417527808375,0.673343511417442
qwswm_lora_r32_lr2e4_ep6_s43,qwswm,Qwen-Math (qwswm),Qwen-2.5-7B,math,sweep,lora,LoRA,0.0002,43.0,qwswm_lora_r32_lr2e4_ep6,False,False,False,True,64.82,64.82,gsm8k,47.03,41.65,70.37,50.6,53.93,44.34,52.72,0.2199,19.1281,4.7868,64.82,215.66262569965454,19.126192092895508,4.787605734382357,12.368140512795765,26.684353013735976,0.11337708311569437,0.10216994445196409,0.07070557466504639,2.402457711175437,1.9346918347336524,0.46776587644178447,-0.6577747706392096,1.281628513275692,2.3337748884554523,1.2816718335664525,0.6800452823574644
qwswm_lora_r32_lr2e4_ep6_s44,qwswm,Qwen-Math (qwswm),Qwen-2.5-7B,math,sweep,lora,LoRA,0.0002,44.0,qwswm_lora_r32_lr2e4_ep6,False,False,False,True,70.66,70.66,gsm8k,45.32,41.12,69.72,48.81,53.93,43.22,51.78,0.2039,15.4542,4.7207,70.66,214.56232675688952,15.46184253692627,4.721708212154252,12.468492697648003,26.82288762057242,0.11376311188180488,0.10231409523469356,0.07004256181491332,2.4241480387305,1.9346918347336524,0.4894562039968475,-0.69058277422186,1.1892612461113534,2.3315534701094944,1.1890465283525415,0.6740064019384803
qwswm_lora_r32_lr2e4_s42,qwswm,Qwen-Math (qwswm),Qwen-2.5-7B,math,sweep,lora,LoRA,0.0002,42.0,qwswm_lora_r32_lr2e4,False,False,False,True,64.14,64.14,gsm8k,46.38,40.81,71.64,54.1,54.49,43.6,53.48,0.1358,12.0199,3.4119,64.14,131.90618769887138,12.020845413208008,3.412572931391852,9.196583700380314,23.914098290935577,0.11575580818353912,0.09999974811052612,0.07068036615707596,,,,-0.8671002300555171,1.079935012207481,2.1202651687112213,1.07990085455284,0.5329962938657595
qwswm_lora_r32_lr2e4_s43,qwswm,Qwen-Math (qwswm),Qwen-2.5-7B,math,sweep,lora,LoRA,0.0002,43.0,qwswm_lora_r32_lr2e4,False,False,False,True,63.84,63.84,gsm8k,47.7,41.22,70.45,51.11,55.03,44.46,53.1,0.1437,12.2235,3.4297,63.84,132.41823518107,12.227516174316406,3.4307381387267792,9.187945634284134,23.879528462119506,0.11669642207503071,0.09994624269687329,0.0715394582271113,2.015938193103267,1.8790178806577968,0.1369203124454701,-0.8425432318657744,1.0873382459698457,2.121947795475292,1.0871955768597172,0.5352561334414164
qwswm_lora_r32_lr2e4_s44,qwswm,Qwen-Math (qwswm),Qwen-2.5-7B,math,sweep,lora,LoRA,0.0002,44.0,qwswm_lora_r32_lr2e4,False,False,False,True,61.87,61.87,gsm8k,47.0,41.73,70.71,53.07,55.68,44.36,53.64,0.1427,10.3726,3.415,61.87,131.86161559582922,10.36870002746582,3.415805476478168,9.231823373578802,23.903874766788626,0.1161634671843167,0.1002625161598039,0.07095337887042398,2.066929939926266,1.9346918347336524,0.1322381051926138,-0.845576026885353,1.0157243102667468,2.1201183925062375,1.0158876304606483,0.5333907080175514
qwswm_lora_r32_lr2e5_s42,qwswm,Qwen-Math (qwswm),Qwen-2.5-7B,math,sweep,lora,LoRA,2e-05,42.0,qwswm_lora_r32_lr2e5,False,False,False,True,61.26,61.26,gsm8k,47.49,39.45,72.03,50.85,57.69,43.47,53.5,0.0388,2.4334,0.5812,61.26,13.983829902217149,2.4341962337493896,0.581531913046326,3.473305627959618,14.22189762934066,0.1255779589087429,0.1069730990506553,0.08094510005352452,,,,-1.4111682744057927,0.38635558613697035,1.145626132611712,0.3862135037167598,-0.23567439437401605
qwswm_lora_r32_lr2e5_s43,qwswm,Qwen-Math (qwswm),Qwen-2.5-7B,math,sweep,lora,LoRA,2e-05,43.0,qwswm_lora_r32_lr2e5,False,False,False,True,56.18,56.18,gsm8k,47.67,39.05,72.05,50.85,57.37,43.36,53.4,0.0385,2.3777,0.5799,56.18,14.00934080015318,2.3785061836242676,0.5802309502980538,3.5636781495192733,14.238571452342498,0.12557281452824498,0.10679832280288383,0.08111002166858473,1.953988003587468,1.9346918347336524,0.019296168853815576,-1.4145392704914994,0.37630428483324097,1.1464177003399247,0.37615705778325365,-0.23664689125178456
qwswm_lora_r32_lr2e5_s44,qwswm,Qwen-Math (qwswm),Qwen-2.5-7B,math,sweep,lora,LoRA,2e-05,44.0,qwswm_lora_r32_lr2e5,False,False,False,True,56.94,56.94,gsm8k,47.4,39.42,72.2,50.68,57.47,43.41,53.43,0.0386,2.3151,0.5823,56.94,13.975631511946176,2.3155670166015625,0.5826264798109021,3.499832639751764,14.181188440392752,0.12476790860555476,0.10720884637042541,0.08079127092988261,1.955248526920863,1.9346918347336524,0.02055669218721068,-1.413412695328245,0.3646573547616013,1.1453714413138736,0.36456975496961613,-0.23485320989197472
qwswm_lora_r32_lr3e4_s42,qwswm,Qwen-Math (qwswm),Qwen-2.5-7B,math,sweep,lora,LoRA,0.0003,42.0,qwswm_lora_r32_lr3e4,False,False,False,True,58.38,58.38,gsm8k,47.44,40.99,70.17,50.26,54.78,44.22,52.73,0.2007,16.585,4.7996,58.38,217.64381762654182,16.579872131347656,4.8006723348583495,12.201217812839795,26.43801622453424,0.11162580084863112,0.09827128264669945,0.06827363585646493,,,,-0.6974526275125145,1.219581176825578,2.33774633513315,1.219715475855501,0.6812050446607112
qwswm_lora_r32_lr3e4_s43,qwswm,Qwen-Math (qwswm),Qwen-2.5-7B,math,sweep,lora,LoRA,0.0003,43.0,qwswm_lora_r32_lr3e4,False,False,False,True,70.13,70.13,gsm8k,44.69,41.03,69.31,53.33,54.29,42.86,52.53,0.2146,13.7196,4.8281,70.13,217.18665811901428,13.722637176513672,4.829068067244121,11.758680515839634,26.430920610764083,0.11213410546199493,0.09800609336981234,0.0684105941735562,2.1439066453115316,1.9346918347336524,0.20921481057787927,-0.6683702823700677,1.13743758084226,2.3368331428170848,1.1373414495394545,0.6837762566611091
qwswm_lora_r32_lr3e4_s44,qwswm,Qwen-Math (qwswm),Qwen-2.5-7B,math,sweep,lora,LoRA,0.0003,44.0,qwswm_lora_r32_lr3e4,False,False,False,True,71.19,71.19,gsm8k,38.9,40.59,69.28,51.02,55.29,39.75,51.02,0.2099,16.409,4.8014,71.19,217.7105380850453,16.40581703186035,4.80260123355048,12.145795411988281,26.482401505827355,0.11183426900638836,0.09804099634677663,0.06844805987307442,2.1403243561807677,1.9346918347336524,0.2056325214471153,-0.6779875614175995,1.2149978637127874,2.3378794511881744,1.215082115013175,0.6813678881304717
qwswm_lora_r32_lr5e4_s42,qwswm,Qwen-Math (qwswm),Qwen-2.5-7B,math,sweep,lora,LoRA,0.0005,42.0,qwswm_lora_r32_lr5e4,False,True,False,True,0.0,0.0,gsm8k,0.0,0.0,22.95,26.28,48.22,0.0,19.49,20.8928,1014.9738,76.4985,0.0,1748.0693910316406,1015.2400512695312,76.5235725062234,1.6978939062224307,3.831572056134102,0.1742911886255009,0.17457508097971325,0.10050742207565483,,,,1.3199966469243694,3.0065687423630947,3.2425586683121073,3.0064548317445183,1.883652919492054
qwswm_lora_r32_lr5e4_s43,qwswm,Qwen-Math (qwswm),Qwen-2.5-7B,math,sweep,lora,LoRA,0.0005,43.0,qwswm_lora_r32_lr5e4,False,False,False,True,71.04,71.04,gsm8k,40.13,31.27,62.64,49.15,52.34,35.7,47.11,0.386,32.727,8.5649,71.04,451.9790741529602,32.74052810668945,8.567090957505362,15.959261679657219,28.4966201450369,0.10904423912116953,0.09448897688085205,0.06737867128531617,2.4750286134132966,1.9346918347336524,0.5403367786796442,-0.41341269532824504,1.5150856803285595,2.6551183281957313,1.5149061964733,0.932722296700044
qwswm_lora_r32_lr5e4_s44,qwswm,Qwen-Math (qwswm),Qwen-2.5-7B,math,sweep,lora,LoRA,0.0005,44.0,qwswm_lora_r32_lr5e4,False,False,False,True,69.83,69.83,gsm8k,43.4,30.79,62.73,45.99,54.68,37.1,47.52,0.3852,34.8879,8.5079,69.83,451.7849168875498,35.03430938720703,8.510502305201122,15.948270582141118,28.58782787039845,0.10823018513484273,0.09473370100153004,0.06658267022817549,2.4840068644565045,1.9346918347336524,0.5493150297228522,-0.4143137215475031,1.5444935608967765,2.6549317276426616,1.5426748288387697,0.9298223766581221
qwswm_lora_r32_lr5e5_s42,qwswm,Qwen-Math (qwswm),Qwen-2.5-7B,math,sweep,lora,LoRA,5e-05,42.0,qwswm_lora_r32_lr5e5,False,False,False,True,62.24,62.24,gsm8k,46.84,40.84,72.11,50.68,57.51,43.84,53.6,0.0518,3.8337,1.1338,62.24,31.4187020451609,3.8352761268615723,1.1341798862176282,4.964951201572802,18.28682939749442,0.12552472091017527,0.10580918684211701,0.07693744360370114,,,,-1.285670240254767,0.5837966371390422,1.4971882397024343,0.5836181248586348,0.05453645265495121
qwswm_lora_r32_lr5e5_s43,qwswm,Qwen-Math (qwswm),Qwen-2.5-7B,math,sweep,lora,LoRA,5e-05,43.0,qwswm_lora_r32_lr5e5,False,False,False,True,63.91,63.91,gsm8k,46.8,40.43,72.13,52.99,56.99,43.61,53.87,0.0523,3.8851,1.1291,63.91,31.38459025902139,3.8902556896209717,1.129522368311882,5.097951941304602,18.286208472763235,0.12654631605351532,0.10527323840236993,0.07713743357756815,1.973067211730089,1.9346918347336524,0.03837537699643656,-1.2814983111327258,0.5899781465550518,1.4967164630995982,0.5894022017442078,0.05273240740321835
qwswm_lora_r32_lr5e5_s44,qwswm,Qwen-Math (qwswm),Qwen-2.5-7B,math,sweep,lora,LoRA,5e-05,44.0,qwswm_lora_r32_lr5e5,False,False,False,True,57.01,57.01,gsm8k,47.2,41.07,72.29,51.11,58.31,44.14,54.0,0.0519,3.6591,1.1263,57.01,31.420567403952724,3.6598169803619385,1.1268331940685,5.037758872898658,18.356047890063483,0.12548829655173593,0.10565564394641108,0.07679357292504055,1.97586196854011,1.9346918347336524,0.04117013380645762,-1.2848326421515421,0.5634593677970664,1.497214023421354,0.5633742785368235,0.05165408411328641
qwswm_lora_r32_lr7e5_s42,qwswm,Qwen-Math (qwswm),Qwen-2.5-7B,math,sweep,lora,LoRA,7e-05,42.0,qwswm_lora_r32_lr7e5,False,False,False,True,67.17,67.17,gsm8k,45.77,41.67,72.4,50.77,57.48,43.72,53.62,0.0629,5.2494,1.492,67.17,43.323916248983934,5.256280422210693,1.4925445778029305,5.445197444909748,19.222840687212123,0.12409674884236105,0.10484214865127617,0.07576658016641372,1.9850023072699432,1.9346918347336524,0.05031047253629084,-1.2013493545547311,0.7206785267514992,1.6367277076127782,0.7201096669144572,0.17376882313664999
qwswm_lorawd_wd0p3_lr1e3_s42,qwswm,Qwen-Math (qwswm),Qwen-2.5-7B,math,sweep,lorawd,LoRA+wd,0.001,42.0,qwswm_lorawd_wd0p3_lr1e3,False,True,False,True,0.0,0.0,gsm8k,0.0,0.0,24.92,27.3,49.2,0.0,20.28,15.7605,1425.5997,41.7707,0.0,1860.710407381228,1425.93505859375,41.807130221011384,1.0589337332148174,1.1603283642396134,0.1683622465457381,0.2063633216774079,0.11019164006330642,,,,1.1975699913132085,3.154099746878671,3.2696787867455734,3.1539975953008534,1.620871753301751
qwswm_lorawd_wd0p3_lr1e3_s43,qwswm,Qwen-Math (qwswm),Qwen-2.5-7B,math,sweep,lorawd,LoRA+wd,0.001,43.0,qwswm_lorawd_wd0p3_lr1e3,False,True,False,True,0.0,0.0,gsm8k,0.0,0.0,22.96,25.68,47.51,0.0,19.23,11.9786,710.1886,29.0383,0.0,1099.6793655799636,710.1978149414062,29.067050218156407,1.0621074034261806,1.2022254414128497,0.17542934918240596,0.14143493590616163,0.11474979766550931,9.827086752359136,1.9346918347336524,7.892394917625484,1.0784060628108865,2.851379331778115,3.0412660760146424,2.8513736966943632,1.4629711877088372
qwswm_lorawd_wd0p3_lr1e3_s44,qwswm,Qwen-Math (qwswm),Qwen-2.5-7B,math,sweep,lorawd,LoRA+wd,0.001,44.0,qwswm_lorawd_wd0p3_lr1e3,False,False,False,True,72.93,72.93,gsm8k,46.98,38.85,69.33,52.9,55.72,42.92,52.76,0.2126,32.8957,4.2757,72.93,208.6168063980461,32.928009033203125,4.276823737365859,14.829541931666588,27.487430221245038,0.10853136813526511,0.09030699130264415,0.07004707370111944,2.0979528075563714,1.9346918347336524,0.163260972822719,-0.672436739812722,1.5175654722231835,2.319349292738256,1.5171391323475156,0.6310072257894914
qwswm_lorawd_wd0p3_lr1e4_s42,qwswm,Qwen-Math (qwswm),Qwen-2.5-7B,math,sweep,lorawd,LoRA+wd,0.0001,42.0,qwswm_lorawd_wd0p3_lr1e4,False,False,False,True,65.58,65.58,gsm8k,47.66,42.5,72.08,51.62,56.82,45.08,54.14,0.0636,6.1412,1.5798,65.58,46.734444526463434,6.147793769836426,1.580405383024897,5.572016493201772,18.886855219338344,0.12338066400663605,0.1047599178316979,0.07609608613972316,,,,-1.1965428843515862,0.788719290492596,1.669637085144377,0.788253241248314,0.19860210948971183
qwswm_lorawd_wd0p3_lr1e4_s43,qwswm,Qwen-Math (qwswm),Qwen-2.5-7B,math,sweep,lorawd,LoRA+wd,0.0001,43.0,qwswm_lorawd_wd0p3_lr1e4,False,False,False,True,63.76,63.76,gsm8k,47.3,41.58,72.12,52.05,57.82,44.44,54.17,0.0632,5.9443,1.5578,63.76,46.43615997112422,5.9508256912231445,1.5584135496190616,5.56125442807563,19.07597357695548,0.12445830436859096,0.10457133971017948,0.07649480534518598,1.987733390397236,1.9346918347336524,0.053041555663583706,-1.1992829217176149,0.7745772293021616,1.666856298656881,0.7741007195036606,0.19251169950350122
qwswm_lorawd_wd0p3_lr1e4_s44,qwswm,Qwen-Math (qwswm),Qwen-2.5-7B,math,sweep,lorawd,LoRA+wd,0.0001,44.0,qwswm_lorawd_wd0p3_lr1e4,False,False,False,True,63.46,63.46,gsm8k,46.87,42.35,72.28,50.17,57.58,44.61,53.85,0.0633,4.7896,1.5379,63.46,46.21005608664883,4.794134140014648,1.538607910488333,5.662736443111139,19.207471241532453,0.1244901723869877,0.10511766687223482,0.07664550142971539,1.990124176447888,1.9346918347336524,0.05543234171423572,-1.198596289982645,0.6807101814400528,1.6647364956363702,0.6802992451376284,0.18692809693476714
qwswm_lorawd_wd0p3_lr2e4_s42,qwswm,Qwen-Math (qwswm),Qwen-2.5-7B,math,sweep,lorawd,LoRA+wd,0.0002,42.0,qwswm_lorawd_wd0p3_lr2e4,False,False,False,True,59.14,59.14,gsm8k,48.0,43.71,71.97,51.28,57.43,45.86,54.48,0.0856,8.109,2.1482,59.14,77.10523261168815,8.111968994140625,2.148784835423742,7.831624121927006,22.06032855817045,0.11875379409644128,0.10217015306624677,0.07371175045332516,,,,-1.0675262353228467,0.9091262820164591,1.8870838516861184,0.9089673004183878,0.33207471224768625
qwswm_lorawd_wd0p3_lr2e4_s43,qwswm,Qwen-Math (qwswm),Qwen-2.5-7B,math,sweep,lorawd,LoRA+wd,0.0002,43.0,qwswm_lorawd_wd0p3_lr2e4,False,False,False,True,58.98,58.98,gsm8k,47.34,42.59,71.93,52.3,55.43,44.96,53.92,0.0872,7.0974,2.1061,58.98,77.11060153210376,7.0978240966796875,2.106704439435686,8.23762910958775,22.36095860161141,0.11937632635528872,0.1023887948141699,0.07397345754340721,2.002915313732327,1.9346918347336524,0.06822347899867465,-1.0594835150674329,0.8511252321504899,1.887114091025991,0.8510992821765293,0.32347898813015835
qwswm_lorawd_wd0p3_lr2e4_s44,qwswm,Qwen-Math (qwswm),Qwen-2.5-7B,math,sweep,lorawd,LoRA+wd,0.0002,44.0,qwswm_lorawd_wd0p3_lr2e4,False,False,False,True,67.48,67.48,gsm8k,47.73,42.1,71.87,54.18,55.8,44.92,54.34,0.0937,8.3138,2.1704,67.48,78.04768158434138,8.319854736328125,2.171027133294514,8.106770870222075,22.05699210668175,0.12121343224379096,0.10182550721190917,0.07675147263715563,2.0046883399583058,1.9346918347336524,0.0699965052246534,-1.0282604091122216,0.9201157436270387,1.8923600068208344,0.9197995727392207,0.3365397807535397
qwswm_lorawd_wd0p3_lr2e5_s42,qwswm,Qwen-Math (qwswm),Qwen-2.5-7B,math,sweep,lorawd,LoRA+wd,2e-05,42.0,qwswm_lorawd_wd0p3_lr2e5,False,False,False,True,58.53,58.53,gsm8k,47.6,39.71,71.96,50.0,57.28,43.66,53.31,0.0381,2.3711,0.5545,58.53,13.158384668141297,2.371772527694702,0.5547076139066901,3.391824434496275,13.592674546881964,0.12547463588452684,0.10721627062535868,0.08142837823407317,,,,-1.4190750243243806,0.37507303431102496,1.119202578277098,0.3749498705249488,-0.25609844951482114
qwswm_lorawd_wd0p3_lr2e5_s43,qwswm,Qwen-Math (qwswm),Qwen-2.5-7B,math,sweep,lorawd,LoRA+wd,2e-05,43.0,qwswm_lorawd_wd0p3_lr2e5,False,False,False,True,55.42,55.42,gsm8k,47.77,39.49,71.95,51.45,57.72,43.63,53.68,0.0376,2.2652,0.5549,55.42,13.133624610007994,2.2682766914367676,0.5551771989358323,3.3724187926650577,13.67509937046529,0.12526738266614265,0.10757658327919166,0.08195204993818675,1.9538119057342733,1.9346918347336524,0.019120071000620964,-1.424812155072339,0.3556960300422074,1.1183845989675676,0.35510655295449156,-0.2557852751858342
qwswm_lorawd_wd0p3_lr2e5_s44,qwswm,Qwen-Math (qwswm),Qwen-2.5-7B,math,sweep,lorawd,LoRA+wd,2e-05,44.0,qwswm_lorawd_wd0p3_lr2e5,False,False,False,True,57.47,57.47,gsm8k,47.41,39.35,72.16,50.94,57.25,43.38,53.42,0.0379,2.4027,0.5557,57.47,13.155535246605123,2.405874013900757,0.556014488105263,3.4033082339586693,13.666612852668473,0.12426000538278757,0.10777909770060909,0.08150677459761291,1.9541583478080493,1.9346918347336524,0.01946651307439695,-1.4213607900319276,0.38127288131626214,1.1191085225029205,0.3806995483827168,-0.25515960321462083
qwswm_lorawd_wd0p3_lr3e4_ep6_s42,qwswm,Qwen-Math (qwswm),Qwen-2.5-7B,math,sweep,lorawd,LoRA+wd,0.0003,42.0,qwswm_lorawd_wd0p3_lr3e4_ep6,False,False,False,True,71.65,71.65,gsm8k,46.48,42.66,70.97,50.94,53.88,44.57,52.99,0.1144,7.2238,2.2151,71.65,108.15158360737958,7.23179817199707,2.215506285216127,13.880125595445083,27.248048887969254,0.11655549315137083,0.10390253090004048,0.07406472179514283,,,,-0.9415739755429946,0.8592462971671023,2.0340328829698513,0.8587657134822533,0.3453933370908586
qwswm_lorawd_wd0p3_lr3e4_ep6_s43,qwswm,Qwen-Math (qwswm),Qwen-2.5-7B,math,sweep,lorawd,LoRA+wd,0.0003,43.0,qwswm_lorawd_wd0p3_lr3e4_ep6,False,False,False,True,67.17,67.17,gsm8k,44.72,43.53,71.56,53.07,54.32,44.12,53.44,0.1147,7.6698,2.2309,67.17,108.27485295174358,7.6739301681518555,2.231339383763926,13.795040949861813,27.20090697118629,0.11640147365168887,0.10455024164274863,0.07411810090856757,2.1214401057063204,1.9346918347336524,0.186748270972668,-0.9404365820987324,0.8850178428523551,2.0345276025862282,0.8847840393037594,0.3484801034879895
qwswm_lorawd_wd0p3_lr3e4_ep6_s44,qwswm,Qwen-Math (qwswm),Qwen-2.5-7B,math,sweep,lorawd,LoRA+wd,0.0003,44.0,qwswm_lorawd_wd0p3_lr3e4_ep6,False,False,False,True,68.08,68.08,gsm8k,44.91,43.79,71.47,50.26,54.1,44.35,52.91,0.1136,7.326,2.2278,68.08,108.13365347482498,7.334416389465332,2.228215013444424,13.865936244532415,27.243340169768075,0.11596338558287021,0.10450086277603425,0.07377219912329822,2.1231322074220658,1.9346918347336524,0.1884403726884134,-0.9446216686249999,0.865365562089517,2.0339608765976074,0.8648669143285261,0.3478761996098025
qwswm_lorawd_wd0p3_lr3e4_s42,qwswm,Qwen-Math (qwswm),Qwen-2.5-7B,math,sweep,lorawd,LoRA+wd,0.0003,42.0,qwswm_lorawd_wd0p3_lr3e4,False,False,False,True,66.64,66.64,gsm8k,47.57,43.3,71.58,53.5,55.91,45.44,54.37,0.1038,7.962,2.2187,66.64,97.27526086860584,7.981849193572998,2.2192202787314144,11.376651172628327,25.35913965697349,0.11660150158197283,0.09988000072427282,0.07225601336526064,,,,-0.9838026464875609,0.902103518108767,1.9880024041495823,0.9010221732480791,0.3460985833709905
qwswm_lorawd_wd0p3_lr3e4_s43,qwswm,Qwen-Math (qwswm),Qwen-2.5-7B,math,sweep,lorawd,LoRA+wd,0.0003,43.0,qwswm_lorawd_wd0p3_lr3e4,False,False,False,True,72.78,72.78,gsm8k,47.95,42.02,71.72,52.39,56.13,44.98,54.04,0.0993,8.6699,2.232,72.78,97.05874519717135,8.669093132019043,2.232509869975703,11.341910578571996,25.380257708124958,0.11643247735739642,0.10073485980076696,0.07199800647120068,,,,-1.0030507515046188,0.9379736685997051,1.9870346723340266,0.9380140882837478,0.34869419026554116
qwswm_lorawd_wd0p3_lr3e4_s44,qwswm,Qwen-Math (qwswm),Qwen-2.5-7B,math,sweep,lorawd,LoRA+wd,0.0003,44.0,qwswm_lorawd_wd0p3_lr3e4,False,False,False,True,67.48,67.48,gsm8k,47.09,43.23,71.49,52.05,57.22,45.16,54.22,0.1038,7.9923,2.239,67.48,97.00495446474915,7.9920549392700195,2.2394759359104293,11.336624474366792,25.43020653682357,0.11685990091364674,0.10079024375231804,0.07255640673437364,,,,-0.9838026464875609,0.9026584606708539,1.9867939161399784,0.9026717772573754,0.3500540935790302
qwswm_lorawd_wd0p3_lr5e4_s42,qwswm,Qwen-Math (qwswm),Qwen-2.5-7B,math,sweep,lorawd,LoRA+wd,0.0005,42.0,qwswm_lorawd_wd0p3_lr5e4,False,False,False,True,65.35,65.35,gsm8k,48.01,42.1,71.34,50.77,55.28,45.06,53.5,0.1241,10.5678,2.4121,65.35,125.67370100460515,10.56441879272461,2.412546719397817,15.663368135593188,28.14505744872932,0.11275681903761806,0.09777644325343703,0.0700198356116206,,,,-0.9062282185012701,1.0238456090972017,2.0992444049448906,1.0239845854809697,0.3823953086704091
qwswm_lorawd_wd0p3_lr5e4_s43,qwswm,Qwen-Math (qwswm),Qwen-2.5-7B,math,sweep,lorawd,LoRA+wd,0.0005,43.0,qwswm_lorawd_wd0p3_lr5e4,False,False,False,True,68.84,68.84,gsm8k,48.87,42.1,70.99,54.18,55.43,45.48,54.31,0.122,7.1605,2.3856,68.84,125.73297235445789,7.165935039520264,2.3860275658113617,15.781542408646605,28.299710260377008,0.11291713253169662,0.09809863331873545,0.06960375127529461,2.01720614298194,1.9346918347336524,0.08251430824828754,-0.9136401693252518,0.8552728668909676,2.099449182489647,0.8549433490759208,0.37759762610891934
qwswm_lorawd_wd0p3_lr5e4_s44,qwswm,Qwen-Math (qwswm),Qwen-2.5-7B,math,sweep,lorawd,LoRA+wd,0.0005,44.0,qwswm_lorawd_wd0p3_lr5e4,False,False,False,True,70.13,70.13,gsm8k,46.78,41.91,71.09,53.24,56.02,44.34,53.81,0.1211,7.6593,2.3825,70.13,125.59648491004646,7.666812896728516,2.3829706479396138,15.862382586809062,28.315695141626595,0.11310550387677962,0.09767489767619954,0.06996309971207368,2.0138028026978745,1.9346918347336524,0.07911096796422212,-0.9168558568569477,0.8846148647287967,2.0989774848985308,0.8841890803338052,0.377032909310364
qwswm_lorawd_wd0p3_lr5e5_s42,qwswm,Qwen-Math (qwswm),Qwen-2.5-7B,math,sweep,lorawd,LoRA+wd,5e-05,42.0,qwswm_lorawd_wd0p3_lr5e5,False,False,False,True,60.42,60.42,gsm8k,46.78,40.48,72.26,51.62,57.18,43.63,53.66,0.0476,3.7122,1.0112,60.42,27.133037208858408,3.7149362564086914,1.0115625209042005,4.597823644338233,17.173144882947483,0.12599000174704242,0.10677232940709369,0.07797102048465238,,,,-1.322393047279507,0.5699513662184064,1.4334984103933521,0.5696313664036445,0.004837060938309837
qwswm_lorawd_wd0p3_lr5e5_s43,qwswm,Qwen-Math (qwswm),Qwen-2.5-7B,math,sweep,lorawd,LoRA+wd,5e-05,43.0,qwswm_lorawd_wd0p3_lr5e5,False,False,False,True,61.87,61.87,gsm8k,46.92,40.31,71.92,51.88,57.04,43.62,53.61,0.0473,3.5733,1.0122,61.87,27.04583384202429,3.574488878250122,1.012652554575886,4.590815505607578,17.21594595544558,0.12676192067690734,0.10675061210754053,0.07810744433872782,1.9695485898396234,1.9346918347336524,0.03485675510597108,-1.3251388592621884,0.553213950130039,1.4321003755879358,0.5530694793636975,0.005266332972768842
qwswm_lorawd_wd0p3_lr5e5_s44,qwswm,Qwen-Math (qwswm),Qwen-2.5-7B,math,sweep,lorawd,LoRA+wd,5e-05,44.0,qwswm_lorawd_wd0p3_lr5e5,False,False,False,True,58.45,58.45,gsm8k,47.64,40.42,72.26,50.51,57.63,44.03,53.69,0.0476,3.7004,1.0141,58.45,27.102632654970915,3.7054178714752197,1.0145497888326644,4.59850278367918,17.240692783342922,0.12607836820067114,0.10637700565433716,0.07799615707767373,1.9683531421642952,1.9346918347336524,0.033661307430642884,-1.322393047279507,0.568837191813986,1.4330114787708794,0.5682486722840996,0.006080782716093879
qwswm_milora_r32_lr15e5_s42,qwswm,Qwen-Math (qwswm),Qwen-2.5-7B,math,sweep,milora,MiLoRA,0.00015,42.0,qwswm_milora_r32_lr15e5,False,False,False,True,57.92,57.92,gsm8k,46.97,40.94,71.67,48.63,55.92,43.96,52.83,0.1244,6.9192,1.8999,57.92,71.80898228759317,6.920613765716553,1.9000907472201756,10.988085327707108,31.722378375750758,0.05939319677270168,0.3953848186172066,0.0476667729947633,2.170013641172605,1.9346918347336524,0.23532180643895284,-0.9051796196452001,0.8401446122665265,1.8561787717346274,0.8400558840998138,0.27873074274698123
qwswm_milora_r32_lr1e3_s42,qwswm,Qwen-Math (qwswm),Qwen-2.5-7B,math,sweep,milora,MiLoRA,0.001,42.0,qwswm_milora_r32_lr1e3,False,False,False,True,62.17,62.17,gsm8k,14.04,0.49,45.57,36.43,51.39,7.26,29.58,0.654,48.1106,12.8886,62.17,729.2546893565143,48.109649658203125,12.890594287429536,18.125170455476916,30.160471237722692,0.10245678049179285,0.10935333332091364,0.06717509846581543,,,,-0.18442225167573273,1.6822321943155103,2.862879230464473,1.6822407731375315,1.1102057454918386
qwswm_milora_r32_lr1e3_s43,qwswm,Qwen-Math (qwswm),Qwen-2.5-7B,math,sweep,milora,MiLoRA,0.001,43.0,qwswm_milora_r32_lr1e3,False,True,False,True,0.0,0.0,gsm8k,0.0,0.0,22.95,25.85,47.52,0.0,19.26,45.7398,2115.3064,144.4121,0.0,3617.010970168597,2115.33935546875,144.49626017638616,1.3751000900838384,2.620451247433989,0.1443395780243061,0.17231793752461202,0.09389902554710605,10.063321464710288,1.9346918347336524,8.128629629976636,1.6602942612963905,3.325380049434484,3.558349825951684,3.325373283385491,2.15960358342111
qwswm_milora_r32_lr1e3_s44,qwswm,Qwen-Math (qwswm),Qwen-2.5-7B,math,sweep,milora,MiLoRA,0.001,44.0,qwswm_milora_r32_lr1e3,False,False,False,True,60.27,60.27,gsm8k,16.51,2.49,46.36,38.31,51.98,9.5,31.13,0.6548,35.7728,12.7483,60.27,729.3008899276016,35.772438049316406,12.750296768971852,18.192125157062396,30.22586155063202,0.1012807075397029,0.1091591009686574,0.06649175643658957,3.2601782083445916,1.9346918347336524,1.3254863736109392,-0.18389132926009613,1.5535485402407194,2.8629067435100857,1.5535529344726458,1.1054522749783149
qwswm_milora_r32_lr1e4_s42,qwswm,Qwen-Math (qwswm),Qwen-2.5-7B,math,sweep,milora,MiLoRA,0.0001,42.0,qwswm_milora_r32_lr1e4,False,False,False,True,59.89,59.89,gsm8k,46.91,41.22,71.75,50.09,56.35,44.06,53.26,0.0982,4.4093,1.2855,59.89,47.989721322911876,4.410266876220703,1.285618554694312,10.734180373997262,32.441975488751005,0.05085465655927122,0.4613097917548259,0.04110556220466567,,,,-1.0078885122130503,0.6444648705025656,1.6811482279846612,0.6443696483641295,0.10907208097887944
qwswm_milora_r32_lr1e4_s43,qwswm,Qwen-Math (qwswm),Qwen-2.5-7B,math,sweep,milora,MiLoRA,0.0001,43.0,qwswm_milora_r32_lr1e4,False,False,False,True,63.23,63.23,gsm8k,45.31,40.76,71.64,51.37,56.28,43.04,53.07,0.0981,4.161,1.2843,63.23,47.9976697395324,4.160956859588623,1.2845018946698734,10.734784765501296,32.41147310680658,0.05124000142097081,0.4609587640933335,0.041346902936535666,2.1081597590553063,1.9346918347336524,0.17346792432165392,-1.0083309926200514,0.6191932130917379,1.6812201531291586,0.6191977157929472,0.10866648255397182
qwswm_milora_r32_lr1e4_s44,qwswm,Qwen-Math (qwswm),Qwen-2.5-7B,math,sweep,milora,MiLoRA,0.0001,44.0,qwswm_milora_r32_lr1e4,False,False,False,True,57.85,57.85,gsm8k,47.24,41.86,71.66,50.0,55.82,44.55,53.32,0.0983,4.7224,1.2942,57.85,48.07918594502391,4.728550434112549,1.2944573889885629,10.674068345218723,32.354442133389384,0.05150825893718537,0.46039687149528313,0.041456770866229016,2.114939472367029,1.9346918347336524,0.1802476376333768,-1.0074464821678644,0.67472802552626,1.6819571057796863,0.6741627702131383,0.11200139548618869
qwswm_milora_r32_lr2e4_s42,qwswm,Qwen-Math (qwswm),Qwen-2.5-7B,math,sweep,milora,MiLoRA,0.0002,42.0,qwswm_milora_r32_lr2e4,False,False,False,True,62.62,62.62,gsm8k,47.15,39.78,71.23,47.78,57.08,43.46,52.6,0.1496,9.5892,2.4472,62.62,96.60841333940783,9.589184761047363,2.447555875352451,11.48023792606553,31.281563297136238,0.06620270294821277,0.34124462022034774,0.051402385872939944,,,,-0.8250684064715574,0.9817816865420563,1.9850149494773193,0.9817823767141561,0.3886694639766223
qwswm_milora_r32_lr2e4_s43,qwswm,Qwen-Math (qwswm),Qwen-2.5-7B,math,sweep,milora,MiLoRA,0.0002,43.0,qwswm_milora_r32_lr2e4,False,False,False,True,69.98,69.98,gsm8k,44.71,40.13,71.07,52.56,53.58,42.42,52.41,0.1363,9.224,2.5336,69.98,97.29727201726219,9.231101036071777,2.533929462943758,11.134040781724854,30.675231218149783,0.06693567675111607,0.33884048080511486,0.05301873482463129,2.1927378698024698,1.9346918347336524,0.2580460350688174,-0.8655041441653264,0.9652535044248515,1.9881006638607635,0.9649192942866426,0.4037380503638555
qwswm_milora_r32_lr2e4_s44,qwswm,Qwen-Math (qwswm),Qwen-2.5-7B,math,sweep,milora,MiLoRA,0.0002,44.0,qwswm_milora_r32_lr2e4,False,False,False,True,63.46,63.46,gsm8k,46.61,40.13,71.38,49.74,55.69,43.37,52.71,0.1493,9.1453,2.4396,63.46,96.52802024027085,9.145299911499023,2.43991434276104,11.426006964275603,31.262124469234177,0.06661236322696448,0.3413478795624781,0.051974038318156966,2.2169790058201198,1.9346918347336524,0.2822871710864674,-0.8259401922749746,0.9611979523245571,1.9846533990364454,0.9611979565273154,0.3873186246856634
qwswm_milora_r32_lr2e5_s42,qwswm,Qwen-Math (qwswm),Qwen-2.5-7B,math,sweep,milora,MiLoRA,2e-05,42.0,qwswm_milora_r32_lr2e5,False,False,False,True,41.24,41.24,gsm8k,45.55,40.76,72.02,51.45,56.47,43.16,53.25,0.0468,1.4,0.3677,41.24,11.79461774403399,1.40036940574646,0.36777673033731323,7.7554355829556485,28.86111351562523,0.03636160018641324,0.5717178119561817,0.025766799760396218,,,,-1.329754146925876,0.1462426140462721,1.0716838702451963,0.146128035678238,-0.4345063701311376
qwswm_milora_r32_lr2e5_s43,qwswm,Qwen-Math (qwswm),Qwen-2.5-7B,math,sweep,milora,MiLoRA,2e-05,43.0,qwswm_milora_r32_lr2e5,False,False,False,True,44.58,44.58,gsm8k,46.08,40.53,72.07,51.79,56.66,43.3,53.43,0.0469,1.3732,0.3676,44.58,11.804065095691886,1.373526930809021,0.3676596800131457,7.768868647717239,28.87909209575602,0.03665904132395611,0.5715004297302485,0.02623587949452242,1.9329557776889112,1.8790178806577968,0.0539378970311144,-1.3288271572849168,0.13783717907299078,1.0720315958314655,0.1377337947537125,-0.4346244972859264
qwswm_milora_r32_lr2e5_s44,qwswm,Qwen-Math (qwswm),Qwen-2.5-7B,math,sweep,milora,MiLoRA,2e-05,44.0,qwswm_milora_r32_lr2e5,False,False,False,True,43.44,43.44,gsm8k,45.2,40.33,72.1,51.54,56.52,42.76,53.14,0.0468,1.4169,0.3681,43.44,11.807836770772552,1.417291522026062,0.36810643821954725,7.765324808194636,28.83558160062773,0.03662837561494822,0.5717895163693099,0.02611780091655166,1.9872592854871645,1.9346918347336524,0.0525674507535121,-1.329754146925876,0.15145918926339053,1.0721703409184358,0.1513392002963624,-0.43403418255333337
qwswm_milora_r32_lr3e4_s42,qwswm,Qwen-Math (qwswm),Qwen-2.5-7B,math,sweep,milora,MiLoRA,0.0003,42.0,qwswm_milora_r32_lr3e4,False,False,False,True,55.95,55.95,gsm8k,39.36,39.66,70.1,49.66,54.98,39.51,50.75,0.1969,13.8738,3.5525,55.95,151.0265244976021,13.873613357543945,3.5529053394283565,12.613135541176533,30.374995329450872,0.07668167688759328,0.26107506457578744,0.05663660267810589,,,,-0.7057542838618818,1.142189587019147,2.179053228295261,1.1421954295665375,0.5505340865995074
qwswm_milora_r32_lr3e4_s43,qwswm,Qwen-Math (qwswm),Qwen-2.5-7B,math,sweep,milora,MiLoRA,0.0003,43.0,qwswm_milora_r32_lr3e4,False,False,False,True,59.51,59.51,gsm8k,42.8,39.13,70.27,52.9,54.79,40.96,51.98,0.1954,13.434,3.5992,59.51,151.1096149840986,13.433976173400879,3.5997122057846616,12.312285211231972,30.188105223460962,0.0771498866414203,0.26099666287735407,0.057242043165066134,2.274295502689215,1.9346918347336524,0.33960366795556274,-0.7090754406172457,1.128204573695464,2.1792920990292006,1.1282053439626738,0.5562059801575104
qwswm_milora_r32_lr3e4_s44,qwswm,Qwen-Math (qwswm),Qwen-2.5-7B,math,sweep,milora,MiLoRA,0.0003,44.0,qwswm_milora_r32_lr3e4,False,False,False,True,61.03,61.03,gsm8k,47.72,38.56,70.23,48.38,56.04,43.14,52.19,0.1856,14.0188,3.5995,61.03,151.6154662283829,14.019126892089844,3.5999100357294083,12.41991663950364,30.16646311432909,0.07752672926504589,0.2598720755538766,0.05731170797915323,2.2390210943064868,1.8790178806577968,0.3600032136486899,-0.7314220281171567,1.1467209667151586,2.180743505748785,1.1467108399014787,0.5562421779000601
qwswm_milora_r32_lr5e4_s42,qwswm,Qwen-Math (qwswm),Qwen-2.5-7B,math,sweep,milora,MiLoRA,0.0005,42.0,qwswm_milora_r32_lr5e4,False,False,False,True,68.31,68.31,gsm8k,45.15,34.68,67.5,49.49,50.58,39.92,49.48,0.2979,22.9712,5.8359,68.31,282.5187110717128,22.970556259155273,5.836798783711025,14.9816638173272,29.79882786232516,0.08899008071614814,0.17636133677835306,0.060842155817197915,,,,-0.5259294967849564,1.3611715122762862,2.4510472162124315,1.361183683038548,0.7661078415112912
qwswm_milora_r32_lr5e4_s43,qwswm,Qwen-Math (qwswm),Qwen-2.5-7B,math,sweep,milora,MiLoRA,0.0005,43.0,qwswm_milora_r32_lr5e4,False,False,False,True,50.42,50.42,gsm8k,43.74,34.67,66.36,49.32,53.61,39.2,49.54,0.3009,24.6495,6.0765,50.42,285.3803359818832,24.65636444091797,6.077438555870738,14.576774857380164,29.405639775769288,0.08929649935757303,0.17539364669942195,0.06164412507948612,,,,-0.5215778122599194,1.3919290406438904,2.4554240449216724,1.3918081143052048,0.7836535022392694
qwswm_milora_r32_lr5e4_s44,qwswm,Qwen-Math (qwswm),Qwen-2.5-7B,math,sweep,milora,MiLoRA,0.0005,44.0,qwswm_milora_r32_lr5e4,False,False,False,True,67.02,67.02,gsm8k,45.32,34.19,66.65,51.19,54.02,39.75,50.27,0.297,18.5357,5.7994,67.02,280.77314409333667,18.53559112548828,5.8002967353378025,14.851803475363633,29.802781002107917,0.08935343130542496,0.17767176604885965,0.0608463760318364,,,,-0.5272435506827877,1.2680064408346416,2.4483555652460423,1.268008991789746,0.7633830642235966
qwswm_milora_r32_lr5e5_s42,qwswm,Qwen-Math (qwswm),Qwen-2.5-7B,math,sweep,milora,MiLoRA,5e-05,42.0,qwswm_milora_r32_lr5e5,False,False,False,True,53.6,53.6,gsm8k,46.94,41.53,71.8,49.4,56.58,44.24,53.25,0.0692,2.6504,0.7249,53.6,25.435842766358054,2.6510767936706543,0.724954595629658,9.426833976056416,31.496821380490385,0.041022030729861436,0.5317568341582656,0.03274481950826322,,,,-1.1598939055432422,0.4234223081119564,1.4054461316947287,0.42331142287390355,-0.1397219002477651
qwswm_milora_r32_lr5e5_s43,qwswm,Qwen-Math (qwswm),Qwen-2.5-7B,math,sweep,milora,MiLoRA,5e-05,43.0,qwswm_milora_r32_lr5e5,False,False,False,True,54.51,54.51,gsm8k,46.52,40.92,71.74,51.02,56.16,43.72,53.27,0.0692,2.3831,0.7215,54.51,25.374731668971286,2.3831522464752197,0.7215368267680917,9.457078940024793,31.575503942791226,0.0416833973870086,0.5322839497246148,0.0330580752353207,2.0345846861317853,1.9346918347336524,0.09989285139813298,-1.1598939055432422,0.37715178791591353,1.404401458397082,0.37714226665907935,-0.14176366457048697
qwswm_milora_r32_lr5e5_s44,qwswm,Qwen-Math (qwswm),Qwen-2.5-7B,math,sweep,milora,MiLoRA,5e-05,44.0,qwswm_milora_r32_lr5e5,False,False,False,True,57.47,57.47,gsm8k,45.74,41.36,71.8,49.66,56.54,43.55,53.02,0.0689,2.5754,0.7204,57.47,25.398487598784907,2.575446367263794,0.7204379794853074,9.471938212071425,31.595588722741738,0.041691948548670775,0.5320418082111867,0.03292285766878909,2.035960318368447,1.9346918347336524,0.10126848363479457,-1.1617807780923741,0.41085251028574554,1.4048078564995534,0.4108446913583805,-0.14242629585250427
qwswm_milora_r32_lr7e5_s42,qwswm,Qwen-Math (qwswm),Qwen-2.5-7B,math,sweep,milora,MiLoRA,7e-05,42.0,qwswm_milora_r32_lr7e5,False,False,False,True,57.09,57.09,gsm8k,47.23,40.95,71.76,49.15,56.67,44.09,53.15,0.0812,3.3901,0.9506,57.09,34.41827289627105,3.391278028488159,0.950711115449667,10.12124266242084,32.162565242861916,0.045066334336861885,0.5034500844546644,0.03655637268216554,2.0669579194931615,1.9346918347336524,0.13226608475950918,-1.0904439707588247,0.5303633961739845,1.536789073706879,0.5302125090607962,-0.02200219004126029
qwswm_sclora_r32_lr1e3_s42,qwswm,Qwen-Math (qwswm),Qwen-2.5-7B,math,sweep,sclora,SC-LoRA,0.001,42.0,qwswm_sclora_r32_lr1e3,False,False,False,True,14.03,14.03,gsm8k,12.55,0.16,27.71,35.15,45.7,6.36,24.25,0.8594,78.4404,14.2369,14.03,847.7981201453018,78.43949127197266,14.23868329865592,19.433956539883688,34.264470270536954,0.1353711018867088,0.08787850708995486,0.11256047146627743,,,,-0.06580465065211559,1.8945347683398117,2.9282924492557605,1.894539799648345,1.153415434563544
qwswm_sclora_r32_lr1e3_s43,qwswm,Qwen-Math (qwswm),Qwen-2.5-7B,math,sweep,sclora,SC-LoRA,0.001,43.0,qwswm_sclora_r32_lr1e3,False,False,False,True,21.23,21.23,gsm8k,12.79,1.68,27.36,33.7,43.33,7.24,23.77,0.8559,54.7218,14.1088,21.23,845.6936059848147,54.71877670288086,14.110639024632318,19.41120866139759,34.36542151950568,0.13317870883370886,0.08805169843594156,0.11136012392930297,4.0868702718720264,1.9346918347336524,2.152178437138374,-0.06757697362326119,1.7381363797002343,2.927213047043896,1.738160374479792,1.1494900771462286
qwswm_sclora_r32_lr1e3_s44,qwswm,Qwen-Math (qwswm),Qwen-2.5-7B,math,sweep,sclora,SC-LoRA,0.001,44.0,qwswm_sclora_r32_lr1e3,False,False,False,True,3.26,3.26,gsm8k,12.7,0.41,23.62,26.71,46.62,6.56,22.01,0.8708,69.8089,14.1688,3.26,845.8487849193104,69.80889129638672,14.170666646957397,19.491398170027512,34.24260353591904,0.13472208760811777,0.08782328897965795,0.1118879830555468,4.073955309372393,1.9346918347336524,2.139263474638741,-0.060081579630943266,1.8439107406036577,2.92729272977075,1.8439107947504993,1.151333070046563
qwswm_sclora_r32_lr1e4_s42,qwswm,Qwen-Math (qwswm),Qwen-2.5-7B,math,sweep,sclora,SC-LoRA,0.0001,42.0,qwswm_sclora_r32_lr1e4,False,False,False,True,76.88,76.88,gsm8k,45.85,32.75,70.32,52.39,57.29,39.3,51.72,0.1827,5.1431,1.6656,76.88,88.14605992306019,5.1436052322387695,1.6659269628780229,15.201344187019942,40.968075976270484,0.1586134537528927,0.10206525889998741,0.17237748979429496,,,,-0.7382614526474622,0.7112676294264064,1.9452029043617567,0.711224968619355,0.22157071216646093
qwswm_sclora_r32_lr1e4_s43,qwswm,Qwen-Math (qwswm),Qwen-2.5-7B,math,sweep,sclora,SC-LoRA,0.0001,43.0,qwswm_sclora_r32_lr1e4,False,False,False,True,75.13,75.13,gsm8k,47.14,32.79,70.4,51.11,55.49,39.97,51.39,0.1806,5.2113,1.6492,75.13,88.06297916178181,5.212062358856201,1.6494847374303,15.290535640793639,41.07964247980311,0.15849280509602742,0.10193648696495643,0.17200818928532888,,,,-0.743282254022513,0.7170096031159761,1.9447933735109377,0.7169460750079298,0.21727332612932085
qwswm_sclora_r32_lr1e4_s44,qwswm,Qwen-Math (qwswm),Qwen-2.5-7B,math,sweep,sclora,SC-LoRA,0.0001,44.0,qwswm_sclora_r32_lr1e4,False,False,False,True,76.8,76.8,gsm8k,46.78,33.88,69.96,53.07,56.36,40.33,52.01,0.1807,5.2236,1.6511,76.8,88.09461949364324,5.224377632141113,1.651319105071681,15.28649540544662,41.062441839534365,0.1584992931794308,0.10191263533411475,0.1719980239111814,,,,-0.7430418474390682,0.7180345613810339,1.9449493840581484,0.7179699132050231,0.21777337740149544
qwswm_sclora_r32_lr2e4_s42,qwswm,Qwen-Math (qwswm),Qwen-2.5-7B,math,sweep,sclora,SC-LoRA,0.0002,42.0,qwswm_sclora_r32_lr2e4,False,False,False,True,71.42,71.42,gsm8k,45.05,28.39,67.37,50.17,54.57,36.72,49.11,0.2946,9.2011,3.0959,71.42,170.273280117871,9.201481819152832,3.0963764071464537,15.996526537588034,41.55182204927073,0.1594112809676171,0.10040314024944541,0.1659718092619335,,,,-0.5307672574933879,0.9638577723520465,2.231146502291364,0.9638397507556409,0.4907869241847615
qwswm_sclora_r32_lr2e4_s43,qwswm,Qwen-Math (qwswm),Qwen-2.5-7B,math,sweep,sclora,SC-LoRA,0.0002,43.0,qwswm_sclora_r32_lr2e4,False,False,False,True,71.04,71.04,gsm8k,42.62,26.89,66.47,48.98,55.73,34.75,48.14,0.2939,9.2216,3.1128,71.04,170.18481377634453,9.222272872924805,3.1133168778249196,15.866338489512069,41.465944516939665,0.15966913050871387,0.10056035417336592,0.16621731184972144,2.294576409829824,1.9346918347336524,0.35988457509617167,-0.5318004139273874,0.9648379681818341,2.2309208037662716,0.9648062801518409,0.4931512177956861
qwswm_sclora_r32_lr2e4_s44,qwswm,Qwen-Math (qwswm),Qwen-2.5-7B,math,sweep,sclora,SC-LoRA,0.0002,44.0,qwswm_sclora_r32_lr2e4,False,False,False,True,70.96,70.96,gsm8k,43.62,28.12,67.46,47.1,55.99,35.87,48.46,0.2962,9.5347,3.1346,70.96,170.51919519321575,9.536511421203613,3.1351142236164637,15.86146228890845,41.40782244711009,0.15999497462890894,0.10045782133353395,0.16736130458066548,2.324968734351588,1.9346918347336524,0.39027689961793577,-0.5284149458148103,0.9793895332362405,2.231773274221575,0.9793070329463405,0.4961821292572683
qwswm_sclora_r32_lr2e5_s42,qwswm,Qwen-Math (qwswm),Qwen-2.5-7B,math,sweep,sclora,SC-LoRA,2e-05,42.0,qwswm_sclora_r32_lr2e5,False,False,False,True,70.74,70.74,gsm8k,47.81,40.5,71.71,54.52,56.81,44.16,54.27,0.0551,1.8568,0.4712,70.74,21.182229197036634,1.8564194440841675,0.4712610647614513,12.374844668366727,35.19428498129378,0.150695566349905,0.10394758040147686,0.17228445258416447,,,,-1.2588484011482148,0.268676108558798,1.3259716629021499,0.2687651274478613,-0.32679471822095474
qwswm_sclora_r32_lr2e5_s43,qwswm,Qwen-Math (qwswm),Qwen-2.5-7B,math,sweep,sclora,SC-LoRA,2e-05,43.0,qwswm_sclora_r32_lr2e5,False,False,False,True,69.07,69.07,gsm8k,48.41,40.15,71.7,54.18,57.16,44.28,54.32,0.0551,1.8126,0.4702,69.07,21.15901309123067,1.8131853342056274,0.4702192832316671,12.386218999705463,35.24653744078103,0.15074952743029119,0.1040554796611109,0.17232219627361914,1.9794590311471414,1.9346918347336524,0.04476719641348903,-1.2588484011482148,0.25844219764711385,1.325495407265407,0.2583019756569241,-0.3277173752110794
qwswm_sclora_r32_lr2e5_s44,qwswm,Qwen-Math (qwswm),Qwen-2.5-7B,math,sweep,sclora,SC-LoRA,2e-05,44.0,qwswm_sclora_r32_lr2e5,False,False,False,True,66.11,66.11,gsm8k,48.36,40.76,71.68,53.84,57.46,44.56,54.42,0.0552,1.8087,0.47,66.11,21.166089713488464,1.809341549873352,0.47003519316869125,12.38282280463766,35.25901915988249,0.15073543487841679,0.10397677621463323,0.1721738173706406,1.9798805013381318,1.9346918347336524,0.0451886666044794,-1.258060922270801,0.2575205564805765,1.3256406325724734,0.257366538585015,-0.3279021420642826
qwswm_sclora_r32_lr3e4_s42,qwswm,Qwen-Math (qwswm),Qwen-2.5-7B,math,sweep,sclora,SC-LoRA,0.0003,42.0,qwswm_sclora_r32_lr3e4,False,False,False,True,66.49,66.49,gsm8k,38.18,22.05,63.86,45.31,56.91,30.12,45.26,0.3781,14.4436,4.53,66.49,252.26597083836143,14.458785057067871,4.530945601207869,16.45967210562045,40.27168844582554,0.15677166159280992,0.09857878001466594,0.15664871476164263,,,,-0.4223933226374644,1.1601318015906679,2.4018586707559577,1.1596754526017703,0.6560982020128319
qwswm_sclora_r32_lr3e4_s43,qwswm,Qwen-Math (qwswm),Qwen-2.5-7B,math,sweep,sclora,SC-LoRA,0.0003,43.0,qwswm_sclora_r32_lr3e4,False,False,False,True,64.06,64.06,gsm8k,41.53,23.68,62.5,44.28,52.34,32.61,44.87,0.3782,14.0619,4.5095,64.06,252.1290605217036,14.063231468200684,4.510404106974602,16.59351188978433,40.277243727056394,0.15652494697427566,0.09868181414084266,0.1564097435721018,2.4482274908819384,1.9346918347336524,0.513535656148286,-0.42227847549097913,1.1480851249197277,2.4016229055608087,1.1480440051622274,0.6541283912618124
qwswm_sclora_r32_lr3e4_s44,qwswm,Qwen-Math (qwswm),Qwen-2.5-7B,math,sweep,sclora,SC-LoRA,0.0003,44.0,qwswm_sclora_r32_lr3e4,False,False,True,False,68.61,68.61,gsm8k,39.95,20.38,64.02,47.01,54.12,30.16,45.1,0.3869,13.0557,4.5752,68.61,252.86857072736927,13.05766773223877,4.576010640604156,16.37345532278264,40.10159863409791,0.15624873319508092,0.09847155392229985,0.15648474208082735,2.5199617072224716,1.9346918347336524,0.5852698724888192,-0.412401270278755,1.1158656132735625,2.402894853828798,1.115800162102075,0.6604100835386159
qwswm_sclora_r32_lr5e4_s42,qwswm,Qwen-Math (qwswm),Qwen-2.5-7B,math,sweep,sclora,SC-LoRA,0.0005,42.0,qwswm_sclora_r32_lr5e4,False,False,False,True,55.27,55.27,gsm8k,34.08,7.76,55.46,44.54,52.73,20.92,38.91,0.5287,22.7019,7.3561,55.27,425.0301276926436,22.705202102661133,7.357451100008828,17.73175297666116,37.57799995044241,0.14660118052953072,0.09478525371763256,0.136152547930676,,,,-0.2767906895948886,1.3561253719793271,2.62841971552543,1.3560622063113799,0.8666476244748211
qwswm_sclora_r32_lr5e4_s43,qwswm,Qwen-Math (qwswm),Qwen-2.5-7B,math,sweep,sclora,SC-LoRA,0.0005,43.0,qwswm_sclora_r32_lr5e4,False,False,False,True,56.71,56.71,gsm8k,36.51,17.16,55.73,41.3,54.41,26.84,41.02,0.5236,24.5553,7.3296,56.71,424.36430286187726,24.578670501708984,7.331112441846303,17.827957067454474,37.62303732731677,0.14673343312540868,0.09485555227148366,0.13641915747072045,2.8297596771683327,1.9346918347336524,0.8950678424346803,-0.2810003621212818,1.3905583875257295,2.6277388443100285,1.390145244415441,0.8650802744320084
qwswm_sclora_r32_lr5e4_s44,qwswm,Qwen-Math (qwswm),Qwen-2.5-7B,math,sweep,sclora,SC-LoRA,0.0005,44.0,qwswm_sclora_r32_lr5e4,False,False,False,True,59.14,59.14,gsm8k,31.64,15.53,55.17,42.15,52.38,23.58,39.37,0.5244,25.4734,7.3134,59.14,424.25778368360545,25.493173599243164,7.314906608206885,17.85643204352601,37.63287275738604,0.1465418730042251,0.0949908023793165,0.13635138725391632,2.844025901429144,1.9346918347336524,0.9093340666954917,-0.28033731698195336,1.4064239033722072,2.6276298188855978,1.4060869152302509,0.8641193274297176
qwswm_sclora_r32_lr5e5_s42,qwswm,Qwen-Math (qwswm),Qwen-2.5-7B,math,sweep,sclora,SC-LoRA,5e-05,42.0,qwswm_sclora_r32_lr5e5,False,False,False,True,76.35,76.35,gsm8k,47.96,39.94,71.62,54.52,54.86,43.95,53.78,0.107,3.0754,0.919,76.35,46.22693285458266,3.0759100914001465,0.9190523394516537,14.36362526387377,38.53886938527906,0.1543108027602641,0.1030295528392541,0.17080570437071796,,,,-0.9706162223147904,0.48797363692280893,1.6648950790638795,0.4879016100285162,-0.03668448861388872
qwswm_sclora_r32_lr5e5_s43,qwswm,Qwen-Math (qwswm),Qwen-2.5-7B,math,sweep,sclora,SC-LoRA,5e-05,43.0,qwswm_sclora_r32_lr5e5,False,False,False,True,77.86,77.86,gsm8k,47.52,38.16,71.44,54.69,55.93,42.84,53.55,0.1067,3.0902,0.9181,77.86,46.26634460070817,3.090641975402832,0.9182043475764138,14.361623453308018,38.56033502225646,0.15426878314323197,0.10302963845312413,0.17059528070440616,2.0368757770620514,1.9346918347336524,0.102183942328399,-0.9718355805755301,0.49004869865354256,1.6652651882301086,0.4899865881903797,-0.037110012608208814
qwswm_sclora_r32_lr5e5_s44,qwswm,Qwen-Math (qwswm),Qwen-2.5-7B,math,sweep,sclora,SC-LoRA,5e-05,44.0,qwswm_sclora_r32_lr5e5,False,False,False,True,77.48,77.48,gsm8k,47.64,37.62,71.14,54.27,55.28,42.63,53.19,0.1067,3.0901,0.9164,77.48,46.225879032623645,3.0908169746398926,0.916459986780371,14.419972543004992,38.57102648878064,0.1541527711211929,0.1031941797430904,0.1704160731409019,2.038421982355392,1.9346918347336524,0.10373014762173982,-0.9718355805755301,0.4900732887069999,1.6648851784658905,0.48997253403501706,-0.0379149194826401
