model_path,base_model,peft_method,rank,learning_rate,trainable_modules,mean_accuracy,acc_analogical_similarity,acc_analytic_entailment,acc_causal_judgment,acc_cause_and_effect,acc_common_morpheme,acc_conceptual_combinations,acc_logical_deduction,acc_logical_sequence,acc_odd_one_out,stderr_analogical_similarity,stderr_analytic_entailment,stderr_causal_judgment,stderr_cause_and_effect,stderr_common_morpheme,stderr_conceptual_combinations,stderr_logical_deduction,stderr_logical_sequence,stderr_odd_one_out,results_file,eval_date,eval_duration_seconds
models/gemma-12b/triviaqa/dora_trAll_lora_r1_lr1e-2,,dora,1,1e-2,trAll,0.3877966037085151,0.13622291021671826,0.42857142857142855,0.4789473684210526,0.6797385620915033,0.24,0.22330097087378642,0.19933333333333333,0.7435897435897436,0.36046511627906974,0.019116042249105448,0.05957554687344993,0.036337395047733305,0.037844387863265216,0.0610118757258932,0.041235531898914324,0.010318463265419433,0.07083413480167725,0.05207799763759181,../results/bigbench/triviaqa/google_gemma-3-12b-it_dora_trAll_lr1e-2_r1/models__gemma-12b__triviaqa__dora_trAll_lora_r1_lr1e-2/results_2026-02-25T17-10-13.584219.json,1772031781.88693,433.95001388387755
models/llama-3b/triviaqa/dora_trAll_lora_r1_lr1e-2,,dora,1,1e-2,trAll,0.38547673764907164,0.13622291021671826,0.42857142857142855,0.4789473684210526,0.6209150326797386,0.24,0.2815533980582524,0.20466666666666666,0.717948717948718,0.36046511627906974,0.019116042249105448,0.05957554687344993,0.036337395047733305,0.03935161627056306,0.0610118757258932,0.044532548363264673,0.010420710578176402,0.07299934324587597,0.05207799763759181,../results/bigbench/triviaqa/meta-llama_Llama-3.2-3B-Instruct_dora_trAll_lr1e-2_r1/models__llama-3b__triviaqa__dora_trAll_lora_r1_lr1e-2/results_2026-02-22T12-36-21.329134.json,1771756267.0026302,316.61012390907854
models/gemma-12b/triviaqa/dora_trAll_lora_r1_lr1e-3,,dora,1,1e-3,trAll,0.37599836908335565,0.15170278637770898,0.42857142857142855,0.4789473684210526,0.6274509803921569,0.26,0.27184466019417475,0.20333333333333334,0.717948717948718,0.2441860465116279,0.019991384090033457,0.05957554687344993,0.036337395047733305,0.0392156862745098,0.06266203485560373,0.04405268024140923,0.01039541416601801,0.07299934324587597,0.04659704878317674,../results/bigbench/triviaqa/google_gemma-3-12b-it_dora_trAll_lr1e-3_r1/models__gemma-12b__triviaqa__dora_trAll_lora_r1_lr1e-3/results_2026-02-23T13-03-05.795901.json,1771844143.3866696,444.69374117208645
models/llama-3b/triviaqa/dora_trAll_lora_r1_lr1e-3,,dora,1,1e-3,trAll,0.34108165653522055,0.15479876160990713,0.42857142857142855,0.46842105263157896,0.5947712418300654,0.44,0.30097087378640774,0.20933333333333334,0.3333333333333333,0.13953488372093023,0.020157462823895463,0.05957554687344993,0.036297038088316094,0.03982018891893144,0.07091242083423346,0.045416094465039504,0.010507879723495518,0.07647191129018727,0.037583616572355615,../results/bigbench/triviaqa/meta-llama_Llama-3.2-3B-Instruct_dora_trAll_lr1e-3_r1/models__llama-3b__triviaqa__dora_trAll_lora_r1_lr1e-3/results_2026-02-21T08-17-53.652931.json,1771654355.4229512,320.49679741077125
models/gemma-12b/triviaqa/dora_trAll_lora_r1_lr1e-4,,dora,1,1e-4,trAll,0.6252926935072849,0.33746130030959753,0.42857142857142855,0.5578947368421052,0.8758169934640523,0.7,0.7572815533980582,0.39666666666666667,0.7948717948717948,0.7790697674418605,0.026350549577810505,0.05957554687344993,0.03612501803855088,0.02674951886232827,0.06546536707079771,0.04245022486384496,0.01263544951862972,0.06550424345215437,0.044999354884257665,../results/bigbench/triviaqa/google_gemma-3-12b-it_dora_trAll_lr1e-4_r1/models__gemma-12b__triviaqa__dora_trAll_lora_r1_lr1e-4/results_2026-02-21T09-16-18.875303.json,1771657730.8263063,450.2882710858248
models/llama-3b/triviaqa/dora_trAll_lora_r1_lr1e-4,,dora,1,1e-4,trAll,0.4582786467050464,0.20743034055727555,0.42857142857142855,0.5210526315789473,0.738562091503268,0.44,0.5922330097087378,0.2813333333333333,0.5897435897435898,0.32558139534883723,0.022595758573413196,0.05957554687344993,0.0363373950477333,0.03564150157965489,0.07091242083423346,0.048657775704107696,0.011613778275098132,0.07979349797082042,0.05082590242265215,../results/bigbench/triviaqa/meta-llama_Llama-3.2-3B-Instruct_dora_trAll_lr1e-4_r1/models__llama-3b__triviaqa__dora_trAll_lora_r1_lr1e-4/results_2026-02-20T03-43-04.196386.json,1771551480.656233,305.8026593779214
models/gemma-12b/triviaqa/dora_trAll_lora_r1_lr1e-5,,dora,1,1e-5,trAll,0.6010815408531321,0.25077399380804954,0.42857142857142855,0.5736842105263158,0.8431372549019608,0.54,0.7864077669902912,0.32466666666666666,0.8717948717948718,0.7906976744186046,0.024155705949743332,0.05957554687344993,0.035972552523024615,0.029497638654192884,0.07119963311072636,0.04058042015646035,0.012094199488004649,0.05423355275954148,0.04412480456048901,../results/bigbench/triviaqa/google_gemma-3-12b-it_dora_trAll_lr1e-5_r1/models__gemma-12b__triviaqa__dora_trAll_lora_r1_lr1e-5/results_2026-02-19T04-57-48.127228.json,1771469435.0491476,435.34309751726687
models/llama-3b/triviaqa/dora_trAll_lora_r1_lr1e-5,,dora,1,1e-5,trAll,0.457346866191487,0.19814241486068113,0.42857142857142855,0.5210526315789473,0.7908496732026143,0.38,0.6310679611650486,0.27466666666666667,0.46153846153846156,0.43023255813953487,0.02221311223016424,0.05957554687344993,0.0363373950477333,0.0329878833016494,0.06934092056863769,0.0477761518115674,0.01152845158972489,0.08087038200582258,0.05370206525289722,../results/bigbench/triviaqa/meta-llama_Llama-3.2-3B-Instruct_dora_trAll_lr1e-5_r1/models__llama-3b__triviaqa__dora_trAll_lora_r1_lr1e-5/results_2026-02-18T23-14-46.318392.json,1771448982.5042639,306.0632800213061
models/gemma-12b/triviaqa/dora_trAll_lora_r1_lr5e-3,,dora,1,5e-3,trAll,0.34170994734094123,0.14551083591331268,0.42857142857142855,0.4789473684210526,0.7058823529411765,0.22,0.24271844660194175,0.202,0.2564102564102564,0.3953488372093023,0.01965047314597352,0.05957554687344993,0.036337395047733305,0.03695769779044372,0.059178043363451366,0.04245022486384496,0.010369941680660837,0.07083413480167725,0.05303141512089014,../results/bigbench/triviaqa/google_gemma-3-12b-it_dora_trAll_lr5e-3_r1/models__gemma-12b__triviaqa__dora_trAll_lora_r1_lr5e-3/results_2026-02-24T15-30-29.319926.json,1771939400.9309964,430.6605910998769
models/llama-3b/triviaqa/dora_trAll_lora_r1_lr5e-3,,dora,1,5e-3,trAll,0.34888302621122685,0.13622291021671826,0.42857142857142855,0.4789473684210526,0.5098039215686274,0.32,0.27184466019417475,0.20266666666666666,0.5128205128205128,0.27906976744186046,0.019116042249105448,0.05957554687344993,0.036337395047733305,0.04054755842492702,0.06663945022680343,0.04405268024140923,0.010382700013273828,0.08108404256841999,0.048651199409893806,../results/bigbench/triviaqa/meta-llama_Llama-3.2-3B-Instruct_dora_trAll_lr5e-3_r1/models__llama-3b__triviaqa__dora_trAll_lora_r1_lr5e-3/results_2026-02-21T22-34-47.581192.json,1771705784.9331236,304.9136177650653
models/gemma-12b/triviaqa/dora_trAll_lora_r1_lr5e-4,,dora,1,5e-4,trAll,0.3689076717868612,0.21671826625386997,0.42857142857142855,0.48947368421052634,0.7189542483660131,0.24,0.36893203883495146,0.28,0.3333333333333333,0.2441860465116279,0.022960366833113505,0.05957554687344993,0.03636158772354764,0.0364600571933533,0.0610118757258932,0.0477761518115674,0.011596967697341495,0.07647191129018727,0.04659704878317674,../results/bigbench/triviaqa/google_gemma-3-12b-it_dora_trAll_lr5e-4_r1/models__gemma-12b__triviaqa__dora_trAll_lora_r1_lr5e-4/results_2026-02-22T11-20-24.609951.json,1771751588.7031217,438.18526322813705
models/llama-3b/triviaqa/dora_trAll_lora_r1_lr5e-4,,dora,1,5e-4,trAll,0.3882761039641237,0.16408668730650156,0.42857142857142855,0.46842105263157896,0.6797385620915033,0.26,0.4368932038834951,0.23,0.5128205128205128,0.313953488372093,0.02063903362994227,0.05957554687344993,0.036297038088316094,0.037844387863265216,0.06266203485560373,0.04911147107365778,0.010869472401494835,0.08108404256841999,0.050338465646658795,../results/bigbench/triviaqa/meta-llama_Llama-3.2-3B-Instruct_dora_trAll_lr5e-4_r1/models__llama-3b__triviaqa__dora_trAll_lora_r1_lr5e-4/results_2026-02-20T17-58-02.728441.json,1771602780.1927657,304.79992662835866
models/gemma-12b/triviaqa/dora_trAll_lora_r1_lr5e-5,,dora,1,5e-5,trAll,0.6254749743718327,0.3684210526315789,0.42857142857142855,0.5473684210526316,0.8431372549019608,0.72,0.7961165048543689,0.34933333333333333,0.8205128205128205,0.7558139534883721,0.026881785181855217,0.05957554687344993,0.036206070458230516,0.029497638654192884,0.06414269805898185,0.0398913985953177,0.012313980934477425,0.062254049094039386,0.04659704878317674,../results/bigbench/triviaqa/google_gemma-3-12b-it_dora_trAll_lr5e-5_r1/models__gemma-12b__triviaqa__dora_trAll_lora_r1_lr5e-5/results_2026-02-20T07-01-38.195786.json,1771563263.6441648,436.8202892909758
models/llama-3b/triviaqa/dora_trAll_lora_r1_lr5e-5,,dora,1,5e-5,trAll,0.44465947268308387,0.17027863777089783,0.42857142857142855,0.48947368421052634,0.738562091503268,0.38,0.6116504854368932,0.28,0.46153846153846156,0.4418604651162791,0.020946828818365727,0.05957554687344993,0.03636158772354764,0.03564150157965489,0.06934092056863769,0.04825729337356393,0.011596967697341495,0.08087038200582258,0.05386473193904115,../results/bigbench/triviaqa/meta-llama_Llama-3.2-3B-Instruct_dora_trAll_lr5e-5_r1/models__llama-3b__triviaqa__dora_trAll_lora_r1_lr5e-5/results_2026-02-19T13-24-28.872798.json,1771499965.8894017,305.26506928307936
models/gemma-12b/triviaqa/dora_trAll_lora_r3_lr1e-2,,dora,3,1e-2,trAll,0.35038485835091376,0.13622291021671826,0.42857142857142855,0.4789473684210526,0.5490196078431373,0.28,0.2621359223300971,0.20133333333333334,0.41025641025641024,0.4069767441860465,0.019116042249105448,0.05957554687344993,0.036337395047733305,0.040359981975286216,0.06414269805898185,0.04354631077260595,0.010357139004911517,0.07979349797082042,0.05328576389483535,../results/bigbench/triviaqa/google_gemma-3-12b-it_dora_trAll_lr1e-2_r3/models__gemma-12b__triviaqa__dora_trAll_lora_r3_lr1e-2/results_2026-02-25T22-43-42.336254.json,1772051775.1358232,449.4483224567957
models/llama-3b/triviaqa/dora_trAll_lora_r3_lr1e-2,,dora,3,1e-2,trAll,0.3495450803687808,0.13622291021671826,0.42857142857142855,0.4789473684210526,0.5555555555555556,0.28,0.2524271844660194,0.19933333333333333,0.38461538461538464,0.43023255813953487,0.019116042249105448,0.05957554687344993,0.036337395047733305,0.04030423611722288,0.06414269805898185,0.04301250399690879,0.010318463265419433,0.07892141169885801,0.05370206525289722,../results/bigbench/triviaqa/meta-llama_Llama-3.2-3B-Instruct_dora_trAll_lr1e-2_r3/models__llama-3b__triviaqa__dora_trAll_lora_r3_lr1e-2/results_2026-02-22T15-31-36.240769.json,1771766788.0183163,310.4798921807669
models/gemma-12b/triviaqa/dora_trAll_lora_r3_lr1e-3,,dora,3,1e-3,trAll,0.33802248473807794,0.14860681114551083,0.42857142857142855,0.4789473684210526,0.5490196078431373,0.34,0.24271844660194175,0.20466666666666666,0.358974358974359,0.29069767441860467,0.019822412406748303,0.05957554687344993,0.036337395047733305,0.040359981975286216,0.0676726816132972,0.04245022486384496,0.010420710578176402,0.07781756136754922,0.049252355752105854,../results/bigbench/triviaqa/google_gemma-3-12b-it_dora_trAll_lr1e-3_r3/models__gemma-12b__triviaqa__dora_trAll_lora_r3_lr1e-3/results_2026-02-23T18-26-06.675641.json,1771863522.3225958,446.6160960472189
models/llama-3b/triviaqa/dora_trAll_lora_r3_lr1e-3,,dora,3,1e-3,trAll,0.34201950144371346,0.15479876160990713,0.42857142857142855,0.46842105263157896,0.5947712418300654,0.4,0.2815533980582524,0.21666666666666667,0.358974358974359,0.1744186046511628,0.020157462823895463,0.05957554687344993,0.036297038088316094,0.03982018891893144,0.06998542122237651,0.044532548363264673,0.010640659310800585,0.07781756136754922,0.04115919667121856,../results/bigbench/triviaqa/meta-llama_Llama-3.2-3B-Instruct_dora_trAll_lr1e-3_r3/models__llama-3b__triviaqa__dora_trAll_lora_r3_lr1e-3/results_2026-02-21T11-16-51.096960.json,1771665107.7368813,305.6207690271549
models/gemma-12b/triviaqa/dora_trAll_lora_r3_lr1e-4,,dora,3,1e-4,trAll,0.6296220028024428,0.4953560371517028,0.42857142857142855,0.531578947368421,0.8104575163398693,0.68,0.7961165048543689,0.3413333333333333,0.7692307692307693,0.813953488372093,0.02786270875486773,0.05957554687344993,0.036297038088316094,0.03179044570018348,0.06663945022680344,0.0398913985953177,0.012246764801012557,0.06834794743374142,0.04220861455688512,../results/bigbench/triviaqa/google_gemma-3-12b-it_dora_trAll_lr1e-4_r3/models__gemma-12b__triviaqa__dora_trAll_lora_r3_lr1e-4/results_2026-02-21T14-37-05.176180.json,1771676974.2005496,453.2097383039072
models/llama-3b/triviaqa/dora_trAll_lora_r3_lr1e-4,,dora,3,1e-4,trAll,0.4516820760578124,0.18575851393188855,0.42857142857142855,0.5105263157894737,0.7647058823529411,0.42,0.6116504854368932,0.2986666666666667,0.46153846153846156,0.38372093023255816,0.021673200128992987,0.05957554687344993,0.03636158772354764,0.034405744227388346,0.07050835816716038,0.04825729337356393,0.011821015898411875,0.08087038200582258,0.05274569153679126,../results/bigbench/triviaqa/meta-llama_Llama-3.2-3B-Instruct_dora_trAll_lr1e-4_r3/models__llama-3b__triviaqa__dora_trAll_lora_r3_lr1e-4/results_2026-02-20T06-39-02.256654.json,1771562034.0195043,310.49839411024004
models/gemma-12b/triviaqa/dora_trAll_lora_r3_lr1e-5,,dora,3,1e-5,trAll,0.5984522804533094,0.2848297213622291,0.42857142857142855,0.5684210526315789,0.8235294117647058,0.56,0.7475728155339806,0.32466666666666666,0.8461538461538461,0.8023255813953488,0.025151821686179444,0.05957554687344993,0.03602751443822839,0.03092102841399099,0.07091242083423346,0.04301250399690879,0.012094199488004649,0.05852968540405247,0.04319575725815514,../results/bigbench/triviaqa/google_gemma-3-12b-it_dora_trAll_lr1e-5_r3/models__gemma-12b__triviaqa__dora_trAll_lora_r3_lr1e-5/results_2026-02-19T10-16-24.431989.json,1771488533.5829136,453.1556022441946
models/llama-3b/triviaqa/dora_trAll_lora_r3_lr1e-5,,dora,3,1e-5,trAll,0.4759647576937952,0.18885448916408668,0.42857142857142855,0.5473684210526316,0.7843137254901961,0.44,0.6116504854368932,0.2653333333333333,0.5641025641025641,0.45348837209302323,0.02181147847893003,0.05957554687344993,0.036206070458230516,0.03336063957738827,0.07091242083423346,0.04825729337356393,0.011403554902455312,0.08044135838502686,0.053997458379123835,../results/bigbench/triviaqa/meta-llama_Llama-3.2-3B-Instruct_dora_trAll_lr1e-5_r3/models__llama-3b__triviaqa__dora_trAll_lora_r3_lr1e-5/results_2026-02-19T02-07-56.206747.json,1771459370.8182113,307.6391146960668
models/gemma-12b/triviaqa/dora_trAll_lora_r3_lr5e-3,,dora,3,5e-3,trAll,0.3491671864180713,0.13622291021671826,0.42857142857142855,0.4789473684210526,0.5555555555555556,0.26,0.24271844660194175,0.2,0.41025641025641024,0.43023255813953487,0.019116042249105448,0.05957554687344993,0.036337395047733305,0.04030423611722288,0.06266203485560373,0.04245022486384496,0.010331399964032522,0.07979349797082042,0.05370206525289722,../results/bigbench/triviaqa/google_gemma-3-12b-it_dora_trAll_lr5e-3_r3/models__gemma-12b__triviaqa__dora_trAll_lora_r3_lr5e-3/results_2026-02-24T20-59-08.070695.json,1771959099.4463844,450.8620004747063
models/llama-3b/triviaqa/dora_trAll_lora_r3_lr5e-3,,dora,3,5e-3,trAll,0.33295680249330933,0.13622291021671826,0.42857142857142855,0.4789473684210526,0.5686274509803921,0.2,0.2621359223300971,0.20266666666666666,0.358974358974359,0.36046511627906974,0.019116042249105448,0.05957554687344993,0.036337395047733305,0.040171529668012226,0.05714285714285715,0.04354631077260595,0.010382700013273828,0.07781756136754922,0.05207799763759181,../results/bigbench/triviaqa/meta-llama_Llama-3.2-3B-Instruct_dora_trAll_lr5e-3_r3/models__llama-3b__triviaqa__dora_trAll_lora_r3_lr5e-3/results_2026-02-22T01-31-34.817938.json,1771716385.477255,311.5919211781584
models/gemma-12b/triviaqa/dora_trAll_lora_r3_lr5e-4,,dora,3,5e-4,trAll,0.4229443865767044,0.30030959752321984,0.42857142857142855,0.5631578947368421,0.7058823529411765,0.32,0.5728155339805825,0.2753333333333333,0.38461538461538464,0.2558139534883721,0.025545218898401945,0.05957554687344993,0.036078330444807294,0.03695769779044372,0.06663945022680343,0.04897957737781172,0.011537128302957883,0.07892141169885801,0.04732530409945752,../results/bigbench/triviaqa/google_gemma-3-12b-it_dora_trAll_lr5e-4_r3/models__gemma-12b__triviaqa__dora_trAll_lora_r3_lr5e-4/results_2026-02-22T16-44-11.366884.json,1771771000.5122378,453.1269921339117
models/llama-3b/triviaqa/dora_trAll_lora_r3_lr5e-4,,dora,3,5e-4,trAll,0.41005196922678916,0.22910216718266255,0.42857142857142855,0.5526315789473685,0.6928104575163399,0.42,0.44660194174757284,0.24066666666666667,0.4358974358974359,0.2441860465116279,0.023419902096457845,0.05957554687344993,0.03616759320717246,0.037418694971506634,0.07050835816716038,0.04922424153458936,0.011041380780553472,0.08044135838502686,0.04659704878317674,../results/bigbench/triviaqa/meta-llama_Llama-3.2-3B-Instruct_dora_trAll_lr5e-4_r3/models__llama-3b__triviaqa__dora_trAll_lora_r3_lr5e-4/results_2026-02-20T20-54-34.697772.json,1771613360.5514536,316.3952689683065
models/gemma-12b/triviaqa/dora_trAll_lora_r3_lr5e-5,,dora,3,5e-5,trAll,0.6262256738705102,0.3126934984520124,0.42857142857142855,0.5578947368421052,0.8496732026143791,0.64,0.7961165048543689,0.36533333333333334,0.8717948717948718,0.813953488372093,0.025834895900787264,0.05957554687344993,0.03612501803855088,0.028988274781797944,0.06857142857142857,0.0398913985953177,0.012437029886627267,0.05423355275954148,0.04220861455688512,../results/bigbench/triviaqa/google_gemma-3-12b-it_dora_trAll_lr5e-5_r3/models__gemma-12b__triviaqa__dora_trAll_lora_r3_lr5e-5/results_2026-02-20T12-23-54.738456.json,1771582584.1622312,452.8212702050805
models/llama-3b/triviaqa/dora_trAll_lora_r3_lr5e-5,,dora,3,5e-5,trAll,0.44826882507123045,0.19504643962848298,0.42857142857142855,0.5421052631578948,0.8300653594771242,0.36,0.6504854368932039,0.26666666666666666,0.4358974358974359,0.32558139534883723,0.02208139418143866,0.05957554687344993,0.03624046284425961,0.030463185123198167,0.06857142857142857,0.04721188506097175,0.011421792413262384,0.08044135838502686,0.05082590242265215,../results/bigbench/triviaqa/meta-llama_Llama-3.2-3B-Instruct_dora_trAll_lr5e-5_r3/models__llama-3b__triviaqa__dora_trAll_lora_r3_lr5e-5/results_2026-02-19T16-21-26.390627.json,1771510583.8569727,304.7916797352955
models/gemma-12b/triviaqa/dora_trAll_lora_r8_lr1e-2,,dora,8,1e-2,trAll,0.3361125221384326,0.13622291021671826,0.42857142857142855,0.4789473684210526,0.6143790849673203,0.26,0.22330097087378642,0.19933333333333333,0.23076923076923078,0.45348837209302323,0.019116042249105448,0.05957554687344993,0.036337395047733305,0.03947996034982733,0.06266203485560373,0.041235531898914324,0.010318463265419433,0.06834794743374142,0.053997458379123835,../results/bigbench/triviaqa/google_gemma-3-12b-it_dora_trAll_lr1e-2_r8/models__gemma-12b__triviaqa__dora_trAll_lora_r8_lr1e-2/results_2026-02-26T04-00-43.456202.json,1772070813.3721929,432.33980527706444
models/llama-3b/triviaqa/dora_trAll_lora_r8_lr1e-2,,dora,8,1e-2,trAll,0.32725905781985226,0.15170278637770898,0.42857142857142855,0.4789473684210526,0.5294117647058824,0.24,0.24271844660194175,0.19866666666666666,0.38461538461538464,0.29069767441860467,0.019991384090033457,0.05957554687344993,0.036337395047733305,0.040485129506569725,0.0610118757258932,0.04245022486384496,0.010305481556671254,0.07892141169885801,0.049252355752105854,../results/bigbench/triviaqa/meta-llama_Llama-3.2-3B-Instruct_dora_trAll_lr1e-2_r8/models__llama-3b__triviaqa__dora_trAll_lora_r8_lr1e-2/results_2026-02-22T18-18-56.525565.json,1771776834.3411396,304.43867792887613
models/gemma-12b/triviaqa/dora_trAll_lora_r8_lr1e-3,,dora,8,1e-3,trAll,0.3101375456793446,0.14551083591331268,0.42857142857142855,0.5368421052631579,0.5359477124183006,0.26,0.27184466019417475,0.20733333333333334,0.23076923076923078,0.1744186046511628,0.01965047314597352,0.05957554687344993,0.03627078198521412,0.040450405141739476,0.06266203485560373,0.04405268024140923,0.010470780278529499,0.06834794743374142,0.04115919667121856,../results/bigbench/triviaqa/google_gemma-3-12b-it_dora_trAll_lr1e-3_r8/models__gemma-12b__triviaqa__dora_trAll_lora_r8_lr1e-3/results_2026-02-24T00-01-16.461824.json,1771883645.6386611,433.10056211519986
models/llama-3b/triviaqa/dora_trAll_lora_r8_lr1e-3,,dora,8,1e-3,trAll,0.34044954773332403,0.16408668730650156,0.42857142857142855,0.531578947368421,0.6274509803921569,0.32,0.21359223300970873,0.20333333333333334,0.4358974358974359,0.13953488372093023,0.02063903362994227,0.05957554687344993,0.036297038088316094,0.0392156862745098,0.06663945022680343,0.04058042015646035,0.01039541416601801,0.08044135838502686,0.037583616572355615,../results/bigbench/triviaqa/meta-llama_Llama-3.2-3B-Instruct_dora_trAll_lr1e-3_r8/models__llama-3b__triviaqa__dora_trAll_lora_r8_lr1e-3/results_2026-02-21T14-08-30.807020.json,1771675398.9306388,314.10723697580397
models/gemma-12b/triviaqa/dora_trAll_lora_r8_lr1e-4,,dora,8,1e-4,trAll,0.6228743891946039,0.3219814241486068,0.42857142857142855,0.5631578947368421,0.8496732026143791,0.72,0.7766990291262136,0.3253333333333333,0.7948717948717948,0.8255813953488372,0.026038038744338687,0.05957554687344993,0.036078330444807294,0.028988274781797944,0.06414269805898185,0.041235531898914324,0.012100633065426499,0.06550424345215437,0.041159196671218555,../results/bigbench/triviaqa/google_gemma-3-12b-it_dora_trAll_lr1e-4_r8/models__gemma-12b__triviaqa__dora_trAll_lora_r8_lr1e-4/results_2026-02-21T19-50-02.676340.json,1771695766.9089189,438.02635773969814
models/llama-3b/triviaqa/dora_trAll_lora_r8_lr1e-4,,dora,8,1e-4,trAll,0.4681125775212773,0.1826625386996904,0.42857142857142855,0.5421052631578948,0.8169934640522876,0.46,0.5825242718446602,0.306,0.48717948717948717,0.4069767441860465,0.02153265147805506,0.05957554687344993,0.03624046284425961,0.031363231043705656,0.07119963311072636,0.04882840548212234,0.011902539517457738,0.08108404256841999,0.05328576389483535,../results/bigbench/triviaqa/meta-llama_Llama-3.2-3B-Instruct_dora_trAll_lr1e-4_r8/models__llama-3b__triviaqa__dora_trAll_lora_r8_lr1e-4/results_2026-02-20T09-28-17.411330.json,1771572195.1750712,304.50553713180125
models/gemma-12b/triviaqa/dora_trAll_lora_r8_lr1e-5,,dora,8,1e-5,trAll,0.6129144828743525,0.30959752321981426,0.42857142857142855,0.6105263157894737,0.8300653594771242,0.6,0.7669902912621359,0.322,0.8461538461538461,0.8023255813953488,0.025764515105490098,0.05957554687344993,0.035469931637371645,0.030463185123198167,0.06998542122237651,0.041858325989283136,0.01206818520170736,0.05852968540405247,0.04319575725815514,../results/bigbench/triviaqa/google_gemma-3-12b-it_dora_trAll_lr1e-5_r8/models__gemma-12b__triviaqa__dora_trAll_lora_r8_lr1e-5/results_2026-02-19T15-27-00.910603.json,1771507188.489665,434.67809113208205
models/llama-3b/triviaqa/dora_trAll_lora_r8_lr1e-5,,dora,8,1e-5,trAll,0.45631408888304736,0.2043343653250774,0.42857142857142855,0.5631578947368421,0.7581699346405228,0.38,0.5922330097087378,0.2653333333333333,0.46153846153846156,0.45348837209302323,0.022470258636825335,0.05957554687344993,0.036078330444807294,0.03473094752671374,0.06934092056863769,0.048657775704107696,0.011403554902455312,0.08087038200582258,0.053997458379123835,../results/bigbench/triviaqa/meta-llama_Llama-3.2-3B-Instruct_dora_trAll_lr1e-5_r8/models__llama-3b__triviaqa__dora_trAll_lora_r8_lr1e-5/results_2026-02-19T04-56-21.736147.json,1771469478.865526,305.13771412707865
models/gemma-12b/triviaqa/dora_trAll_lora_r8_lr5e-3,,dora,8,5e-3,trAll,0.3476247609952973,0.11764705882352941,0.42857142857142855,0.4789473684210526,0.5490196078431373,0.24,0.27184466019417475,0.19733333333333333,0.46153846153846156,0.38372093023255816,0.01795493222551058,0.05957554687344993,0.036337395047733305,0.040359981975286216,0.0610118757258932,0.04405268024140923,0.0102793824260653,0.08087038200582258,0.05274569153679126,../results/bigbench/triviaqa/google_gemma-3-12b-it_dora_trAll_lr5e-3_r8/models__gemma-12b__triviaqa__dora_trAll_lora_r8_lr5e-3/results_2026-02-25T02-10-41.433312.json,1771977810.6948497,433.00287066213787
models/llama-3b/triviaqa/dora_trAll_lora_r8_lr5e-3,,dora,8,5e-3,trAll,0.35308417487603966,0.13622291021671826,0.42857142857142855,0.4789473684210526,0.5555555555555556,0.26,0.2621359223300971,0.19466666666666665,0.5128205128205128,0.3488372093023256,0.019116042249105448,0.05957554687344993,0.036337395047733305,0.04030423611722288,0.06266203485560373,0.04354631077260595,0.010226636450911077,0.08108404256841999,0.05169478420708943,../results/bigbench/triviaqa/meta-llama_Llama-3.2-3B-Instruct_dora_trAll_lr5e-3_r8/models__llama-3b__triviaqa__dora_trAll_lora_r8_lr5e-3/results_2026-02-22T04-17-37.494368.json,1771726355.5685453,304.169263437856
models/gemma-12b/triviaqa/dora_trAll_lora_r8_lr5e-4,,dora,8,5e-4,trAll,0.4448475000893285,0.23839009287925697,0.42857142857142855,0.5578947368421052,0.7124183006535948,0.42,0.5242718446601942,0.3233333333333333,0.46153846153846156,0.3372093023255814,0.02374556228538935,0.05957554687344993,0.03612501803855088,0.03671354847681531,0.07050835816716038,0.049449010929737795,0.012081248430316131,0.08087038200582258,0.05127769710698979,../results/bigbench/triviaqa/google_gemma-3-12b-it_dora_trAll_lr5e-4_r8/models__gemma-12b__triviaqa__dora_trAll_lora_r8_lr5e-4/results_2026-02-22T21-59-02.955475.json,1771789902.1437795,443.0844644960016
models/llama-3b/triviaqa/dora_trAll_lora_r8_lr5e-4,,dora,8,5e-4,trAll,0.41673038164365217,0.15170278637770898,0.42857142857142855,0.5105263157894737,0.7124183006535948,0.6,0.4854368932038835,0.268,0.38461538461538464,0.20930232558139536,0.019991384090033457,0.05957554687344993,0.03636158772354764,0.03671354847681531,0.06998542122237651,0.049486373240266356,0.011439897180409107,0.07892141169885801,0.04412480456048901,../results/bigbench/triviaqa/meta-llama_Llama-3.2-3B-Instruct_dora_trAll_lr5e-4_r8/models__llama-3b__triviaqa__dora_trAll_lora_r8_lr5e-4/results_2026-02-20T23-43-39.081020.json,1771623516.4546022,304.87877370323986
models/gemma-12b/triviaqa/dora_trAll_lora_r8_lr5e-5,,dora,8,5e-5,trAll,0.6200516986137354,0.3219814241486068,0.42857142857142855,0.5473684210526316,0.8169934640522876,0.7,0.7766990291262136,0.352,0.8461538461538461,0.7906976744186046,0.026038038744338687,0.05957554687344993,0.036206070458230516,0.031363231043705656,0.06546536707079771,0.041235531898914324,0.012335535806323374,0.05852968540405247,0.04412480456048901,../results/bigbench/triviaqa/google_gemma-3-12b-it_dora_trAll_lr5e-5_r8/models__gemma-12b__triviaqa__dora_trAll_lora_r8_lr5e-5/results_2026-02-20T17-33-35.527260.json,1771601182.6677344,435.0942194228992
models/llama-3b/triviaqa/dora_trAll_lora_r8_lr5e-5,,dora,8,5e-5,trAll,0.4668481463335984,0.16408668730650156,0.42857142857142855,0.5421052631578948,0.8104575163398693,0.34,0.6601941747572816,0.2806666666666667,0.48717948717948717,0.4883720930232558,0.02063903362994227,0.05957554687344993,0.03624046284425961,0.03179044570018348,0.0676726816132972,0.046897659372781356,0.011605388804004831,0.08108404256841999,0.054217947080641996,../results/bigbench/triviaqa/meta-llama_Llama-3.2-3B-Instruct_dora_trAll_lr5e-5_r8/models__llama-3b__triviaqa__dora_trAll_lora_r8_lr5e-5/results_2026-02-19T19-11-08.156359.json,1771520765.0740533,305.35280081722885
models/gemma-12b/triviaqa/dora_trAll_lora_r16_lr1e-2,,dora,16,1e-2,trAll,0.3396616434020885,0.12693498452012383,0.42857142857142855,0.4789473684210526,0.5816993464052288,0.28,0.2524271844660194,0.20533333333333334,0.3076923076923077,0.3953488372093023,0.018551798746310334,0.05957554687344993,0.036337395047733305,0.04001029610883718,0.06414269805898185,0.04301250399690879,0.01043329315737728,0.07487142513727502,0.05303141512089014,../results/bigbench/triviaqa/google_gemma-3-12b-it_dora_trAll_lr1e-2_r16/models__gemma-12b__triviaqa__dora_trAll_lora_r16_lr1e-2/results_2026-02-26T09-22-24.260791.json,1772090111.7685807,434.7825397658162
models/llama-3b/triviaqa/dora_trAll_lora_r16_lr1e-2,,dora,16,1e-2,trAll,0.33774667275753534,0.13622291021671826,0.42857142857142855,0.4789473684210526,0.5163398692810458,0.18,0.22330097087378642,0.20066666666666666,0.5384615384615384,0.3372093023255814,0.019116042249105448,0.05957554687344993,0.036337395047733305,0.040533693641336535,0.054883922035138706,0.041235531898914324,0.010344291821381215,0.08087038200582258,0.05127769710698979,../results/bigbench/triviaqa/meta-llama_Llama-3.2-3B-Instruct_dora_trAll_lr1e-2_r16/models__llama-3b__triviaqa__dora_trAll_lora_r16_lr1e-2/results_2026-02-22T21-07-23.371702.json,1771786925.996894,319.62799518276006
models/gemma-12b/triviaqa/dora_trAll_lora_r16_lr1e-3,,dora,16,1e-3,trAll,0.3239228607829328,0.18885448916408668,0.42857142857142855,0.4789473684210526,0.45751633986928103,0.3,0.24271844660194175,0.19466666666666665,0.3333333333333333,0.29069767441860467,0.02181147847893003,0.05957554687344993,0.036337395047733305,0.0404086965156194,0.06546536707079771,0.04245022486384496,0.010226636450911077,0.07647191129018727,0.049252355752105854,../results/bigbench/triviaqa/google_gemma-3-12b-it_dora_trAll_lr1e-3_r16/models__gemma-12b__triviaqa__dora_trAll_lora_r16_lr1e-3/results_2026-02-24T05-33-25.503906.json,1771903570.2275448,437.54127950873226
models/llama-3b/triviaqa/dora_trAll_lora_r16_lr1e-3,,dora,16,1e-3,trAll,0.3531217766411122,0.15479876160990713,0.42857142857142855,0.5157894736842106,0.6209150326797386,0.34,0.3106796116504854,0.22266666666666668,0.41025641025641024,0.1744186046511628,0.020157462823895463,0.05957554687344993,0.0363515093986434,0.03935161627056306,0.0676726816132972,0.04582124160161549,0.010745594136375644,0.07979349797082042,0.04115919667121856,../results/bigbench/triviaqa/meta-llama_Llama-3.2-3B-Instruct_dora_trAll_lr1e-3_r16/models__llama-3b__triviaqa__dora_trAll_lora_r16_lr1e-3/results_2026-02-21T17-01-07.150945.json,1771685750.8353748,318.5680643231608
models/gemma-12b/triviaqa/dora_trAll_lora_r16_lr1e-4,,dora,16,1e-4,trAll,0.6273954531452526,0.4024767801857585,0.42857142857142855,0.5526315789473685,0.8562091503267973,0.64,0.7864077669902912,0.36666666666666664,0.8461538461538461,0.7674418604651163,0.027328756587829642,0.05957554687344993,0.03616759320717246,0.028459925798746184,0.06857142857142857,0.04058042015646035,0.01244660972087757,0.05852968540405247,0.04582252865785014,../results/bigbench/triviaqa/google_gemma-3-12b-it_dora_trAll_lr1e-4_r16/models__gemma-12b__triviaqa__dora_trAll_lora_r16_lr1e-4/results_2026-02-22T00-56-37.774778.json,1771714160.9586282,439.07218003319576
models/llama-3b/triviaqa/dora_trAll_lora_r16_lr1e-4,,dora,16,1e-4,trAll,0.4603041687738762,0.19504643962848298,0.42857142857142855,0.5263157894736842,0.7647058823529411,0.44,0.6019417475728155,0.292,0.48717948717948717,0.4069767441860465,0.02208139418143866,0.05957554687344993,0.03631923996538706,0.034405744227388346,0.07091242083423346,0.048467482539772386,0.011743761916977105,0.08108404256841999,0.05328576389483535,../results/bigbench/triviaqa/meta-llama_Llama-3.2-3B-Instruct_dora_trAll_lr1e-4_r16/models__llama-3b__triviaqa__dora_trAll_lora_r16_lr1e-4/results_2026-02-20T12-18-23.435957.json,1771582398.5624187,307.1487447572872
models/gemma-12b/triviaqa/dora_trAll_lora_r16_lr1e-5,,dora,16,1e-5,trAll,0.6044849984137879,0.2755417956656347,0.42857142857142855,0.6105263157894737,0.8496732026143791,0.56,0.7475728155339806,0.32,0.8461538461538461,0.8023255813953488,0.02489845928700079,0.05957554687344993,0.035469931637371645,0.028988274781797944,0.07091242083423346,0.04301250399690879,0.012048379239336021,0.05852968540405247,0.04319575725815514,../results/bigbench/triviaqa/google_gemma-3-12b-it_dora_trAll_lr1e-5_r16/models__gemma-12b__triviaqa__dora_trAll_lora_r16_lr1e-5/results_2026-02-19T20-34-20.929476.json,1771525626.7675169,436.4400741709396
models/llama-3b/triviaqa/dora_trAll_lora_r16_lr1e-5,,dora,16,1e-5,trAll,0.4709957079419197,0.21052631578947367,0.42857142857142855,0.5684210526315789,0.7777777777777778,0.42,0.6116504854368932,0.2673333333333333,0.5128205128205128,0.4418604651162791,0.02271925512114293,0.05957554687344993,0.03602751443822839,0.03372094325927134,0.07050835816716038,0.04825729337356393,0.011430861350263775,0.08108404256841999,0.05386473193904115,../results/bigbench/triviaqa/meta-llama_Llama-3.2-3B-Instruct_dora_trAll_lr1e-5_r16/models__llama-3b__triviaqa__dora_trAll_lora_r16_lr1e-5/results_2026-02-19T07-46-56.034774.json,1771479698.767922,319.5191407050006
models/gemma-12b/triviaqa/dora_trAll_lora_r16_lr5e-3,,dora,16,5e-3,trAll,0.35702593585576814,0.15170278637770898,0.42857142857142855,0.4789473684210526,0.5751633986928104,0.26,0.24271844660194175,0.21,0.4358974358974359,0.43023255813953487,0.019991384090033457,0.05957554687344993,0.036337395047733305,0.04009449885951557,0.06266203485560373,0.04245022486384496,0.010520160765011204,0.08044135838502686,0.05370206525289722,../results/bigbench/triviaqa/google_gemma-3-12b-it_dora_trAll_lr5e-3_r16/models__gemma-12b__triviaqa__dora_trAll_lora_r16_lr5e-3/results_2026-02-25T07-15-09.253796.json,1771996075.3614953,436.2183318249881
models/llama-3b/triviaqa/dora_trAll_lora_r16_lr5e-3,,dora,16,5e-3,trAll,0.308198210785261,0.1609907120743034,0.42857142857142855,0.4789473684210526,0.5359477124183006,0.32,0.24271844660194175,0.19933333333333333,0.1282051282051282,0.27906976744186046,0.020481221720592017,0.05957554687344993,0.036337395047733305,0.040450405141739476,0.06663945022680343,0.04245022486384496,0.010318463265419433,0.05423355275954148,0.048651199409893806,../results/bigbench/triviaqa/meta-llama_Llama-3.2-3B-Instruct_dora_trAll_lr5e-3_r16/models__llama-3b__triviaqa__dora_trAll_lora_r16_lr5e-3/results_2026-02-22T07-05-23.834161.json,1771736422.479839,303.5841329949908
models/gemma-12b/triviaqa/dora_trAll_lora_r16_lr5e-4,,dora,16,5e-4,trAll,0.460216541817768,0.3065015479876161,0.42857142857142855,0.5842105263157895,0.738562091503268,0.44,0.5825242718446602,0.284,0.358974358974359,0.4186046511627907,0.025692782965007724,0.05957554687344993,0.03585011325520013,0.03564150157965489,0.07091242083423346,0.04882840548212234,0.011647021167150225,0.07781756136754922,0.05350918526842119,../results/bigbench/triviaqa/google_gemma-3-12b-it_dora_trAll_lr5e-4_r16/models__gemma-12b__triviaqa__dora_trAll_lora_r16_lr5e-4/results_2026-02-23T03-06-46.066715.json,1771808369.863765,438.47009842004627
models/llama-3b/triviaqa/dora_trAll_lora_r16_lr5e-4,,dora,16,5e-4,trAll,0.40833886652035867,0.17337461300309598,0.42857142857142855,0.5157894736842106,0.7124183006535948,0.36,0.46601941747572817,0.2946666666666667,0.41025641025641024,0.313953488372093,0.021096926314136562,0.05957554687344993,0.0363515093986434,0.03671354847681531,0.06857142857142857,0.049392914472734785,0.011775026495970274,0.07979349797082042,0.050338465646658795,../results/bigbench/triviaqa/meta-llama_Llama-3.2-3B-Instruct_dora_trAll_lr5e-4_r16/models__llama-3b__triviaqa__dora_trAll_lora_r16_lr5e-4/results_2026-02-21T02-33-09.238116.json,1771633684.5852418,306.89179266197607
models/gemma-12b/triviaqa/dora_trAll_lora_r16_lr5e-5,,dora,16,5e-5,trAll,0.6251180884269867,0.33126934984520123,0.42857142857142855,0.5368421052631579,0.8300653594771242,0.74,0.7281553398058253,0.36866666666666664,0.8717948717948718,0.7906976744186046,0.026229396983993163,0.05957554687344993,0.03627078198521412,0.030463185123198167,0.06266203485560373,0.04405268024140923,0.012460787208235935,0.05423355275954148,0.04412480456048901,../results/bigbench/triviaqa/google_gemma-3-12b-it_dora_trAll_lr5e-5_r16/models__gemma-12b__triviaqa__dora_trAll_lora_r16_lr5e-5/results_2026-02-20T22-39-55.702920.json,1771619560.0080426,437.96104580070823
models/llama-3b/triviaqa/dora_trAll_lora_r16_lr5e-5,,dora,16,5e-5,trAll,0.46518912122823713,0.20123839009287925,0.42857142857142855,0.5263157894736842,0.803921568627451,0.32,0.6893203883495146,0.27666666666666667,0.48717948717948717,0.45348837209302323,0.022342721552065282,0.05957554687344993,0.03631923996538706,0.03220326888881306,0.06663945022680343,0.04582124160161549,0.011554385200421582,0.08108404256841999,0.053997458379123835,../results/bigbench/triviaqa/meta-llama_Llama-3.2-3B-Instruct_dora_trAll_lr5e-5_r16/models__llama-3b__triviaqa__dora_trAll_lora_r16_lr5e-5/results_2026-02-19T22-02-40.898543.json,1771531055.5454612,307.5964598809369
models/gemma-12b/triviaqa/dora_trAll_lora_r32_lr1e-2,,dora,32,1e-2,trAll,0.3204647147728872,0.15170278637770898,0.42857142857142855,0.4789473684210526,0.6209150326797386,0.3,0.24271844660194175,0.198,0.23076923076923078,0.23255813953488372,0.019991384090033457,0.05957554687344993,0.036337395047733305,0.03935161627056306,0.06546536707079771,0.04245022486384496,0.010292454667476303,0.06834794743374142,0.04582252865785014,../results/bigbench/triviaqa/google_gemma-3-12b-it_dora_trAll_lr1e-2_r32/models__gemma-12b__triviaqa__dora_trAll_lora_r32_lr1e-2/results_2026-02-26T14-49-00.188370.json,1772109703.3182397,439.1530329682864
models/llama-3b/triviaqa/dora_trAll_lora_r32_lr1e-2,,dora,32,1e-2,trAll,0.333416578747719,0.13622291021671826,0.42857142857142855,0.4789473684210526,0.5228758169934641,0.3,0.24271844660194175,0.2,0.3076923076923077,0.38372093023255816,0.019116042249105448,0.05957554687344993,0.036337395047733305,0.04051288756914286,0.06546536707079771,0.04245022486384496,0.010331399964032522,0.07487142513727502,0.05274569153679126,../results/bigbench/triviaqa/meta-llama_Llama-3.2-3B-Instruct_dora_trAll_lr1e-2_r32/models__llama-3b__triviaqa__dora_trAll_lora_r32_lr1e-2/results_2026-02-23T00-04-13.285603.json,1771797537.4616241,318.0771971051581
models/gemma-12b/triviaqa/dora_trAll_lora_r32_lr1e-3,,dora,32,1e-3,trAll,0.2840815233085044,0.1238390092879257,0.42857142857142855,0.49473684210526314,0.49673202614379086,0.16,0.24271844660194175,0.20733333333333334,0.20512820512820512,0.19767441860465115,0.01835662158751376,0.05957554687344993,0.0363676333778788,0.04055448903918581,0.05237229365663817,0.04245022486384496,0.010470780278529499,0.06550424345215437,0.04319575725815514,../results/bigbench/triviaqa/google_gemma-3-12b-it_dora_trAll_lr1e-3_r32/models__gemma-12b__triviaqa__dora_trAll_lora_r32_lr1e-3/results_2026-02-24T10-57-49.662876.json,1771923029.8438094,442.0786870839074
models/llama-3b/triviaqa/dora_trAll_lora_r32_lr1e-3,,dora,32,1e-3,trAll,0.34187871480733123,0.14241486068111456,0.42857142857142855,0.5421052631578948,0.6470588235294118,0.34,0.32038834951456313,0.216,0.358974358974359,0.08139534883720931,0.019475487710131797,0.05957554687344993,0.03624046284425961,0.03876156045061584,0.0676726816132972,0.046202840822800406,0.010628796461005027,0.07781756136754922,0.029658873491137085,../results/bigbench/triviaqa/meta-llama_Llama-3.2-3B-Instruct_dora_trAll_lr1e-3_r32/models__llama-3b__triviaqa__dora_trAll_lora_r32_lr1e-3/results_2026-02-21T19-54-34.589615.json,1771696169.2354314,307.61190924886614
models/gemma-12b/triviaqa/dora_trAll_lora_r32_lr1e-4,,dora,32,1e-4,trAll,0.6367026800207709,0.43034055727554177,0.42857142857142855,0.5263157894736842,0.8562091503267973,0.7,0.7864077669902912,0.354,0.8461538461538461,0.8023255813953488,0.027592169766443558,0.05957554687344993,0.03631923996538706,0.028459925798746184,0.06546536707079771,0.04058042015646035,0.012351425226942754,0.05852968540405247,0.04319575725815514,../results/bigbench/triviaqa/google_gemma-3-12b-it_dora_trAll_lr1e-4_r32/models__gemma-12b__triviaqa__dora_trAll_lora_r32_lr1e-4/results_2026-02-22T06-14-12.879705.json,1771733211.8161013,443.3329919357784
models/llama-3b/triviaqa/dora_trAll_lora_r32_lr1e-4,,dora,32,1e-4,trAll,0.4671391359910765,0.20123839009287925,0.42857142857142855,0.5263157894736842,0.803921568627451,0.44,0.6116504854368932,0.282,0.5384615384615384,0.37209302325581395,0.022342721552065282,0.05957554687344993,0.03631923996538706,0.03220326888881306,0.07091242083423346,0.04825729337356393,0.011622136179130074,0.08087038200582258,0.05242808018387298,../results/bigbench/triviaqa/meta-llama_Llama-3.2-3B-Instruct_dora_trAll_lr1e-4_r32/models__llama-3b__triviaqa__dora_trAll_lora_r32_lr1e-4/results_2026-02-20T15-09-37.739646.json,1771592673.1346326,306.85951689165086
models/gemma-12b/triviaqa/dora_trAll_lora_r32_lr1e-5,,dora,32,1e-5,trAll,0.6049463317487622,0.2848297213622291,0.42857142857142855,0.5947368421052631,0.8496732026143791,0.58,0.7475728155339806,0.32466666666666666,0.8205128205128205,0.813953488372093,0.025151821686179444,0.05957554687344993,0.0357108412649638,0.028988274781797944,0.07050835816716038,0.04301250399690879,0.012094199488004649,0.062254049094039386,0.04220861455688512,../results/bigbench/triviaqa/google_gemma-3-12b-it_dora_trAll_lr1e-5_r32/models__gemma-12b__triviaqa__dora_trAll_lora_r32_lr1e-5/results_2026-02-20T01-52-56.504472.json,1771544736.2576528,442.51574752433226
models/llama-3b/triviaqa/dora_trAll_lora_r32_lr1e-5,,dora,32,1e-5,trAll,0.46735857973880424,0.20123839009287925,0.42857142857142855,0.5684210526315789,0.7908496732026143,0.4,0.6310679611650486,0.26866666666666666,0.48717948717948717,0.43023255813953487,0.022342721552065282,0.05957554687344993,0.03602751443822839,0.0329878833016494,0.06998542122237651,0.0477761518115674,0.011448899982085287,0.08108404256841999,0.05370206525289722,../results/bigbench/triviaqa/meta-llama_Llama-3.2-3B-Instruct_dora_trAll_lr1e-5_r32/models__llama-3b__triviaqa__dora_trAll_lora_r32_lr1e-5/results_2026-02-19T10-35-56.800798.json,1771489851.1290908,307.92321234336123
models/gemma-12b/triviaqa/dora_trAll_lora_r32_lr5e-3,,dora,32,5e-3,trAll,0.3438808501788467,0.17337461300309598,0.42857142857142855,0.4789473684210526,0.5882352941176471,0.24,0.24271844660194175,0.198,0.38461538461538464,0.36046511627906974,0.021096926314136562,0.05957554687344993,0.036337395047733305,0.03991887603166448,0.0610118757258932,0.04245022486384496,0.010292454667476303,0.07892141169885801,0.05207799763759181,../results/bigbench/triviaqa/google_gemma-3-12b-it_dora_trAll_lr5e-3_r32/models__gemma-12b__triviaqa__dora_trAll_lora_r32_lr5e-3/results_2026-02-25T12-36-46.150637.json,1772015368.473545,439.9161592978053
models/llama-3b/triviaqa/dora_trAll_lora_r32_lr5e-3,,dora,32,5e-3,trAll,0.3601962564057421,0.13312693498452013,0.42857142857142855,0.4789473684210526,0.6013071895424836,0.22,0.2815533980582524,0.19933333333333333,0.5384615384615384,0.36046511627906974,0.018931402333287568,0.05957554687344993,0.036337395047733305,0.03971418059636648,0.059178043363451366,0.044532548363264673,0.010318463265419433,0.08087038200582258,0.05207799763759181,../results/bigbench/triviaqa/meta-llama_Llama-3.2-3B-Instruct_dora_trAll_lr5e-3_r32/models__llama-3b__triviaqa__dora_trAll_lora_r32_lr5e-3/results_2026-02-22T09-54-05.881638.json,1771746539.981997,308.1623965348117
models/gemma-12b/triviaqa/dora_trAll_lora_r32_lr5e-4,,dora,32,5e-4,trAll,0.43398873024054274,0.17027863777089783,0.42857142857142855,0.5526315789473685,0.7516339869281046,0.4,0.5436893203883495,0.3,0.41025641025641024,0.3488372093023256,0.020946828818365727,0.05957554687344993,0.03616759320717246,0.035045115342364735,0.06998542122237651,0.04931801994220418,0.01183610559251077,0.07979349797082042,0.05169478420708943,../results/bigbench/triviaqa/google_gemma-3-12b-it_dora_trAll_lr5e-4_r32/models__gemma-12b__triviaqa__dora_trAll_lora_r32_lr5e-4/results_2026-02-23T08-25-18.444856.json,1771827478.1485868,442.5599758811295
models/llama-3b/triviaqa/dora_trAll_lora_r32_lr5e-4,,dora,32,5e-4,trAll,0.452848306321697,0.17956656346749225,0.42857142857142855,0.5263157894736842,0.7254901960784313,0.46,0.5339805825242718,0.304,0.6153846153846154,0.3023255813953488,0.021389787772879903,0.05957554687344993,0.03631923996538706,0.0361970276724367,0.07119963311072636,0.049392914472734785,0.011880660758842967,0.07892141169885801,0.049814340508982556,../results/bigbench/triviaqa/meta-llama_Llama-3.2-3B-Instruct_dora_trAll_lr5e-4_r32/models__llama-3b__triviaqa__dora_trAll_lora_r32_lr5e-4/results_2026-02-21T05-25-26.142924.json,1771644003.1705823,325.2117397719994
models/gemma-12b/triviaqa/dora_trAll_lora_r32_lr5e-5,,dora,32,5e-5,trAll,0.6300973424859092,0.33746130030959753,0.42857142857142855,0.5368421052631579,0.8300653594771242,0.7,0.8155339805825242,0.3506666666666667,0.8461538461538461,0.8255813953488372,0.026350549577810505,0.05957554687344993,0.03627078198521412,0.030463185123198167,0.06546536707079771,0.038404236272882766,0.012324811196027123,0.05852968540405247,0.041159196671218555,../results/bigbench/triviaqa/google_gemma-3-12b-it_dora_trAll_lr5e-5_r32/models__gemma-12b__triviaqa__dora_trAll_lora_r32_lr5e-5/results_2026-02-21T03-57-43.619392.json,1771638623.8044283,442.04966997308657
models/llama-3b/triviaqa/dora_trAll_lora_r32_lr5e-5,,dora,32,5e-5,trAll,0.46876716171552224,0.2043343653250774,0.42857142857142855,0.49473684210526314,0.7777777777777778,0.34,0.6796116504854369,0.2786666666666667,0.5384615384615384,0.47674418604651164,0.022470258636825335,0.05957554687344993,0.0363676333778788,0.03372094325927134,0.0676726816132972,0.04620284082280041,0.011580030300977259,0.08087038200582258,0.054173921131781475,../results/bigbench/triviaqa/meta-llama_Llama-3.2-3B-Instruct_dora_trAll_lr5e-5_r32/models__llama-3b__triviaqa__dora_trAll_lora_r32_lr5e-5/results_2026-02-20T00-54-17.658001.json,1771541352.210666,307.69852089323103
models/gemma-12b/triviaqa/lora_trAll_sv_svec_lr5e-5,,lora,,5e-5,trAll,0.5991429701238754,0.21052631578947367,0.42857142857142855,0.5526315789473685,0.8300653594771242,0.62,0.7572815533980582,0.382,0.8205128205128205,0.7906976744186046,0.02271925512114293,0.05957554687344993,0.03616759320717246,0.030463185123198167,0.06934092056863769,0.04245022486384496,0.012549461847496668,0.062254049094039386,0.04412480456048901,../results/bigbench/triviaqa/google_gemma-3-12b-it_lora_trAll_lr5e-5_r1/models__gemma-12b__triviaqa__lora_trAll_sv_svec_lr5e-5/results_2026-02-13T22-47-01.920913.json,1771015238.2539022,385.93867533421144
models/gemma-12b/triviaqa/lora_trAll_sv_svec_lr5e-5,,lora,,5e-5,trAll,0.5991429701238754,0.21052631578947367,0.42857142857142855,0.5526315789473685,0.8300653594771242,0.62,0.7572815533980582,0.382,0.8205128205128205,0.7906976744186046,0.02271925512114293,0.05957554687344993,0.03616759320717246,0.030463185123198167,0.06934092056863769,0.04245022486384496,0.012549461847496668,0.062254049094039386,0.04412480456048901,../results/bigbench/triviaqa/google_gemma-3-12b-it_lora_trAll_lr5e-5_r16/models__gemma-12b__triviaqa__lora_trAll_sv_svec_lr5e-5/results_2026-02-14T00-25-29.746847.json,1771021147.979858,384.0261821541935
models/gemma-12b/triviaqa/lora_trAll_sv_svec_lr5e-5,,lora,,5e-5,trAll,0.5991429701238754,0.21052631578947367,0.42857142857142855,0.5526315789473685,0.8300653594771242,0.62,0.7572815533980582,0.382,0.8205128205128205,0.7906976744186046,0.02271925512114293,0.05957554687344993,0.03616759320717246,0.030463185123198167,0.06934092056863769,0.04245022486384496,0.012549461847496668,0.062254049094039386,0.04412480456048901,../results/bigbench/triviaqa/google_gemma-3-12b-it_lora_trAll_lr5e-5_r3/models__gemma-12b__triviaqa__lora_trAll_sv_svec_lr5e-5/results_2026-02-13T23-19-56.617841.json,1771017214.549838,384.3314230167307
models/gemma-12b/triviaqa/lora_trAll_sv_svec_lr5e-5,,lora,,5e-5,trAll,0.5991429701238754,0.21052631578947367,0.42857142857142855,0.5526315789473685,0.8300653594771242,0.62,0.7572815533980582,0.382,0.8205128205128205,0.7906976744186046,0.02271925512114293,0.05957554687344993,0.03616759320717246,0.030463185123198167,0.06934092056863769,0.04245022486384496,0.012549461847496668,0.062254049094039386,0.04412480456048901,../results/bigbench/triviaqa/google_gemma-3-12b-it_lora_trAll_lr5e-5_r32/models__gemma-12b__triviaqa__lora_trAll_sv_svec_lr5e-5/results_2026-02-14T00-58-06.646139.json,1771023106.9152923,381.98169032111764
models/gemma-12b/triviaqa/lora_trAll_sv_svec_lr5e-5,,lora,,5e-5,trAll,0.5991429701238754,0.21052631578947367,0.42857142857142855,0.5526315789473685,0.8300653594771242,0.62,0.7572815533980582,0.382,0.8205128205128205,0.7906976744186046,0.02271925512114293,0.05957554687344993,0.03616759320717246,0.030463185123198167,0.06934092056863769,0.04245022486384496,0.012549461847496668,0.062254049094039386,0.04412480456048901,../results/bigbench/triviaqa/google_gemma-3-12b-it_lora_trAll_lr5e-5_r8/models__gemma-12b__triviaqa__lora_trAll_sv_svec_lr5e-5/results_2026-02-13T23-52-40.866725.json,1771019179.916304,383.20854947716
models/gemma-12b/triviaqa/lora_trAll_lora_r1_lr1e-3,,lora,1,1e-3,trAll,0.420824958917073,0.13622291021671826,0.42857142857142855,0.4789473684210526,0.7581699346405228,0.26,0.23300970873786409,0.19733333333333333,0.9230769230769231,0.37209302325581395,0.019116042249105448,0.05957554687344993,0.036337395047733305,0.03473094752671374,0.06266203485560373,0.041858325989283136,0.0102793824260653,0.043227037457616635,0.05242808018387298,../results/bigbench/triviaqa/google_gemma-3-12b-it_lora_trAll_lr1e-3_r1/models__gemma-12b__triviaqa__lora_trAll_lora_r1_lr1e-3/results_2026-02-19T09-51-43.152710.json,1771487126.2464015,379.1586095802486
models/gemma-12b/triviaqa/lora_trAll_lora_r1_lr1e-4,,lora,1,1e-4,trAll,0.6106069213046399,0.33126934984520123,0.42857142857142855,0.5157894736842106,0.8169934640522876,0.7,0.6893203883495146,0.37666666666666665,0.8461538461538461,0.7906976744186046,0.026229396983993163,0.05957554687344993,0.0363515093986434,0.031363231043705656,0.06546536707079771,0.04582124160161549,0.012515204599074561,0.05852968540405247,0.04412480456048901,../results/bigbench/triviaqa/google_gemma-3-12b-it_lora_trAll_lr1e-4_r1/models__gemma-12b__triviaqa__lora_trAll_lora_r1_lr1e-4/results_2026-02-17T14-32-50.367441.json,1771331187.2169318,385.4346257583238
models/llama-3b/triviaqa/lora_trAll_lora_r1_lr1e-4,,lora,1,1e-4,trAll,0.45312305526601726,0.19195046439628483,0.42857142857142855,0.5684210526315789,0.7516339869281046,0.5,0.5922330097087378,0.2653333333333333,0.38461538461538464,0.3953488372093023,0.021947529439363442,0.05957554687344993,0.03602751443822839,0.035045115342364735,0.07142857142857142,0.048657775704107696,0.011403554902455312,0.07892141169885801,0.05303141512089014,../results/bigbench/triviaqa/meta-llama_Llama-3.2-3B-Instruct_lora_trAll_lr1e-4_r1/models__llama-3b__triviaqa__lora_trAll_lora_r1_lr1e-4/results_2026-02-24T04-54-02.483643.json,1771901360.9749103,283.76465617027134
models/gemma-12b/triviaqa/lora_trAll_lora_r1_lr1e-5,,lora,1,1e-5,trAll,0.5998394570813964,0.24458204334365324,0.42857142857142855,0.5789473684210527,0.8758169934640523,0.62,0.7669902912621359,0.32133333333333336,0.7948717948717948,0.7674418604651163,0.023953997540932144,0.05957554687344993,0.03591342566450239,0.02674951886232827,0.06934092056863769,0.041858325989283136,0.0120616114095372,0.06550424345215437,0.04582252865785014,../results/bigbench/triviaqa/google_gemma-3-12b-it_lora_trAll_lr1e-5_r1/models__gemma-12b__triviaqa__lora_trAll_lora_r1_lr1e-5/results_2026-02-15T21-39-29.794169.json,1771183984.610544,387.4353008726612
models/llama-3b/triviaqa/lora_trAll_lora_r1_lr2e-4,,lora,1,2e-4,trAll,0.42252781341007806,0.14551083591331268,0.42857142857142855,0.5052631578947369,0.7124183006535948,0.38,0.6407766990291263,0.266,0.41025641025641024,0.313953488372093,0.01965047314597352,0.05957554687344993,0.0363676333778788,0.03671354847681531,0.06934092056863769,0.04750458399041693,0.01141269029048122,0.07979349797082042,0.050338465646658795,../results/bigbench/triviaqa/meta-llama_Llama-3.2-3B-Instruct_lora_trAll_lr2e-4_r1/models__llama-3b__triviaqa__lora_trAll_lora_r1_lr2e-4/results_2026-02-25T15-25-54.876541.json,1772025670.4529762,286.6742253387347
models/gemma-12b/triviaqa/lora_trAll_lora_r1_lr5e-3,,lora,1,5e-3,trAll,0.42474118189448357,0.13622291021671826,0.42857142857142855,0.4789473684210526,0.7581699346405228,0.26,0.24271844660194175,0.202,0.8974358974358975,0.4186046511627907,0.019116042249105448,0.05957554687344993,0.036337395047733305,0.03473094752671374,0.06266203485560373,0.04245022486384496,0.010369941680660837,0.04921614717627657,0.05350918526842119,../results/bigbench/triviaqa/google_gemma-3-12b-it_lora_trAll_lr5e-3_r1/models__gemma-12b__triviaqa__lora_trAll_lora_r1_lr5e-3/results_2026-02-20T07-57-25.716342.json,1771566670.219628,377.7504536444321
models/gemma-12b/triviaqa/lora_trAll_lora_r1_lr5e-4,,lora,1,5e-4,trAll,0.3823921716187706,0.22910216718266255,0.42857142857142855,0.4789473684210526,0.6666666666666666,0.28,0.39805825242718446,0.264,0.358974358974359,0.3372093023255814,0.023419902096457845,0.05957554687344993,0.036337395047733305,0.03823595564509363,0.06414269805898185,0.04846748253977238,0.011385184010076233,0.07781756136754922,0.05127769710698979,../results/bigbench/triviaqa/google_gemma-3-12b-it_lora_trAll_lr5e-4_r1/models__gemma-12b__triviaqa__lora_trAll_lora_r1_lr5e-4/results_2026-02-18T12-19-40.068078.json,1771409596.2094145,386.1122739086859
models/llama-3b/triviaqa/lora_trAll_lora_r1_lr5e-4,,lora,1,5e-4,trAll,0.3968960556912579,0.15170278637770898,0.42857142857142855,0.5052631578947369,0.7450980392156863,0.5,0.3786407766990291,0.248,0.358974358974359,0.2558139534883721,0.019991384090033457,0.05957554687344993,0.0363676333778788,0.03534854191631362,0.07142857142857142,0.04802694698258969,0.011154084860387029,0.07781756136754922,0.04732530409945752,../results/bigbench/triviaqa/meta-llama_Llama-3.2-3B-Instruct_lora_trAll_lr5e-4_r1/models__llama-3b__triviaqa__lora_trAll_lora_r1_lr5e-4/results_2026-02-26T02-02-52.032104.json,1772063890.809152,283.4687993959524
models/meta-llama_Llama-3.2-3B-Instruct_lora_trAll_lora_r1_lr5e-5,,lora,1,5e-5,trAll,0.39067161802381006,0.15170278637770898,0.42857142857142855,0.5157894736842106,0.7189542483660131,0.38,0.5728155339805825,0.25,0.23076923076923078,0.26744186046511625,0.019991384090033457,0.05957554687344993,0.0363515093986434,0.0364600571933533,0.06934092056863769,0.04897957737781172,0.01118406853188725,0.06834794743374142,0.048009400027626145,../results/bigbench/triviaqa/meta-llama_Llama-3.2-3B-Instruct_lora_trAll_lr5e-5_r1/models__meta-llama_Llama-3.2-3B-Instruct_lora_trAll_lora_r1_lr5e-5/results_2026-02-03T23-14-20.740197.json,1770152932.5089393,330.48440492199734
models/gemma-12b/triviaqa/lora_trAll_lora_r1_lr5e-6,,lora,1,5e-6,trAll,0.6214764514012578,0.3219814241486068,0.42857142857142855,0.6157894736842106,0.8496732026143791,0.56,0.8252427184466019,0.30866666666666664,0.8461538461538461,0.8372093023255814,0.026038038744338687,0.05957554687344993,0.03538097998767893,0.028988274781797944,0.07091242083423346,0.03760178006026618,0.011931300892932933,0.05852968540405247,0.0400426076639687,../results/bigbench/triviaqa/google_gemma-3-12b-it_lora_trAll_lr5e-6_r1/models__gemma-12b__triviaqa__lora_trAll_lora_r1_lr5e-6/results_2026-02-15T00-11-09.891803.json,1771106686.3337626,385.84023033222184
models/llama-3b/triviaqa/lora_trAll_lora_r1_lr7e-4,,lora,1,7e-4,trAll,0.3957375573459345,0.14860681114551083,0.42857142857142855,0.4842105263157895,0.6601307189542484,0.5,0.5048543689320388,0.22733333333333333,0.41025641025641024,0.19767441860465115,0.019822412406748303,0.05957554687344993,0.03635150939864341,0.03841927223748343,0.07142857142857142,0.049505043821289174,0.0108249732543117,0.07979349797082042,0.04319575725815514,../results/bigbench/triviaqa/meta-llama_Llama-3.2-3B-Instruct_lora_trAll_lr7e-4_r1/models__llama-3b__triviaqa__lora_trAll_lora_r1_lr7e-4/results_2026-02-26T12-48-45.040179.json,1772102640.9811673,286.32262883288786
models/gemma-12b/triviaqa/lora_trAll_lora_r3_lr1e-3,,lora,3,1e-3,trAll,0.3336946383684001,0.13622291021671826,0.42857142857142855,0.4789473684210526,0.5032679738562091,0.28,0.2621359223300971,0.19466666666666665,0.358974358974359,0.36046511627906974,0.019116042249105448,0.05957554687344993,0.036337395047733305,0.04055448903918581,0.06414269805898185,0.04354631077260595,0.010226636450911077,0.07781756136754922,0.05207799763759181,../results/bigbench/triviaqa/google_gemma-3-12b-it_lora_trAll_lr1e-3_r3/models__gemma-12b__triviaqa__lora_trAll_lora_r3_lr1e-3/results_2026-02-19T13-38-40.785657.json,1771500729.5318356,393.51059823622927
models/gemma-12b/triviaqa/lora_trAll_lora_r3_lr1e-4,,lora,3,1e-4,trAll,0.6349497822842648,0.37770897832817335,0.42857142857142855,0.5631578947368421,0.869281045751634,0.72,0.7669902912621359,0.366,0.8205128205128205,0.8023255813953488,0.027017644684186194,0.05957554687344993,0.036078330444807294,0.027341830932486134,0.06414269805898185,0.041858325989283136,0.012441832640986252,0.062254049094039386,0.04319575725815514,../results/bigbench/triviaqa/google_gemma-3-12b-it_lora_trAll_lr1e-4_r3/models__gemma-12b__triviaqa__lora_trAll_lora_r3_lr1e-4/results_2026-02-17T18-13-22.686805.json,1771344408.9444892,396.08706899220124
models/llama-3b/triviaqa/lora_trAll_lora_r3_lr1e-4,,lora,3,1e-4,trAll,0.45989623930077567,0.1393188854489164,0.42857142857142855,0.5263157894736842,0.7777777777777778,0.4,0.6310679611650486,0.2813333333333333,0.5128205128205128,0.4418604651162791,0.019297373232743727,0.05957554687344993,0.03631923996538706,0.03372094325927134,0.06998542122237651,0.0477761518115674,0.011613778275098132,0.08108404256841999,0.05386473193904115,../results/bigbench/triviaqa/meta-llama_Llama-3.2-3B-Instruct_lora_trAll_lr1e-4_r3/models__llama-3b__triviaqa__lora_trAll_lora_r3_lr1e-4/results_2026-02-24T07-03-44.389828.json,1771909136.2884152,290.3454734282568
models/gemma-12b/triviaqa/lora_trAll_lora_r3_lr1e-5,,lora,3,1e-5,trAll,0.613254757725799,0.3157894736842105,0.42857142857142855,0.5947368421052631,0.8627450980392157,0.64,0.7475728155339806,0.31866666666666665,0.8205128205128205,0.7906976744186046,0.0259039363656849,0.05957554687344993,0.0357108412649638,0.027911513594011398,0.06857142857142857,0.04301250399690879,0.012035033977657773,0.062254049094039386,0.04412480456048901,../results/bigbench/triviaqa/google_gemma-3-12b-it_lora_trAll_lr1e-5_r3/models__gemma-12b__triviaqa__lora_trAll_lora_r3_lr1e-5/results_2026-02-16T01-23-04.125903.json,1771197287.986004,498.3922138577327
models/llama-3b/triviaqa/lora_trAll_lora_r3_lr2e-4,,lora,3,2e-4,trAll,0.42247064968582615,0.14551083591331268,0.42857142857142855,0.531578947368421,0.7777777777777778,0.26,0.5145631067961165,0.2733333333333333,0.48717948717948717,0.38372093023255816,0.01965047314597352,0.05957554687344993,0.036297038088316094,0.03372094325927134,0.06266203485560373,0.049486373240266356,0.011511001270450528,0.08108404256841999,0.05274569153679126,../results/bigbench/triviaqa/meta-llama_Llama-3.2-3B-Instruct_lora_trAll_lr2e-4_r3/models__llama-3b__triviaqa__lora_trAll_lora_r3_lr2e-4/results_2026-02-25T17-37-05.371425.json,1772033537.0523615,290.57922047097236
models/gemma-12b/triviaqa/lora_trAll_lora_r3_lr5e-3,,lora,3,5e-3,trAll,0.3359718843389644,0.15170278637770898,0.42857142857142855,0.4789473684210526,0.5555555555555556,0.28,0.2524271844660194,0.206,0.3333333333333333,0.3372093023255814,0.019991384090033457,0.05957554687344993,0.036337395047733305,0.04030423611722288,0.06414269805898185,0.04301250399690879,0.01044583219631235,0.07647191129018727,0.05127769710698979,../results/bigbench/triviaqa/google_gemma-3-12b-it_lora_trAll_lr5e-3_r3/models__gemma-12b__triviaqa__lora_trAll_lora_r3_lr5e-3/results_2026-02-20T11-50-48.476081.json,1771580660.2976055,390.4280425780453
models/gemma-12b/triviaqa/lora_trAll_lora_r3_lr5e-4,,lora,3,5e-4,trAll,0.4389398235608477,0.2631578947368421,0.42857142857142855,0.5473684210526316,0.7124183006535948,0.42,0.42718446601941745,0.274,0.4358974358974359,0.4418604651162791,0.024539600216850362,0.05957554687344993,0.036206070458230516,0.03671354847681531,0.07050835816716038,0.048979577377811716,0.011519742603306331,0.08044135838502686,0.05386473193904115,../results/bigbench/triviaqa/google_gemma-3-12b-it_lora_trAll_lr5e-4_r3/models__gemma-12b__triviaqa__lora_trAll_lora_r3_lr5e-4/results_2026-02-18T16-02-09.040197.json,1771422935.7495127,395.5540233319625
models/llama-3b/triviaqa/lora_trAll_lora_r3_lr5e-4,,lora,3,5e-4,trAll,0.3847450224877734,0.20123839009287925,0.42857142857142855,0.5052631578947369,0.6666666666666666,0.46,0.4077669902912621,0.25533333333333336,0.28205128205128205,0.2558139534883721,0.022342721552065282,0.05957554687344993,0.0363676333778788,0.03823595564509363,0.07119963311072636,0.048657775704107696,0.011262476506798683,0.07299934324587597,0.04732530409945752,../results/bigbench/triviaqa/meta-llama_Llama-3.2-3B-Instruct_lora_trAll_lr5e-4_r3/models__llama-3b__triviaqa__lora_trAll_lora_r3_lr5e-4/results_2026-02-26T04-14-56.472198.json,1772071807.915519,290.80577413598076
models/meta-llama_Llama-3.2-3B-Instruct_lora_trAll_lora_r3_lr5e-5,,lora,3,5e-5,trAll,0.4484654338643048,0.17027863777089783,0.42857142857142855,0.5,0.7908496732026143,0.5,0.5145631067961165,0.2866666666666667,0.46153846153846156,0.38372093023255816,0.020946828818365727,0.05957554687344993,0.036369648372665396,0.0329878833016494,0.07142857142857142,0.049486373240266356,0.011679763289821565,0.08087038200582258,0.05274569153679126,../results/bigbench/triviaqa/meta-llama_Llama-3.2-3B-Instruct_lora_trAll_lr5e-5_r3/models__meta-llama_Llama-3.2-3B-Instruct_lora_trAll_lora_r3_lr5e-5/results_2026-02-04T03-19-02.340415.json,1770167611.4652045,333.1351782148704
models/gemma-12b/triviaqa/lora_trAll_lora_r3_lr5e-6,,lora,3,5e-6,trAll,0.6250911390317612,0.34055727554179566,0.42857142857142855,0.6210526315789474,0.8627450980392157,0.58,0.8058252427184466,0.31533333333333335,0.8461538461538461,0.8255813953488372,0.026409226790672917,0.05957554687344993,0.035287650940948455,0.027911513594011398,0.07050835816716038,0.03916667762822582,0.012001173564535216,0.05852968540405247,0.041159196671218555,../results/bigbench/triviaqa/google_gemma-3-12b-it_lora_trAll_lr5e-6_r3/models__gemma-12b__triviaqa__lora_trAll_lora_r3_lr5e-6/results_2026-02-15T03-43-51.435187.json,1771119435.2574682,398.4269921327941
models/llama-3b/triviaqa/lora_trAll_lora_r3_lr7e-4,,lora,3,7e-4,trAll,0.3432909204649594,0.11145510835913312,0.42857142857142855,0.5052631578947369,0.6797385620915033,0.26,0.3592233009708738,0.24,0.3076923076923077,0.19767441860465115,0.017537259995107118,0.05957554687344993,0.0363676333778788,0.037844387863265216,0.06266203485560373,0.04750458399041693,0.011030916586900872,0.07487142513727502,0.04319575725815514,../results/bigbench/triviaqa/meta-llama_Llama-3.2-3B-Instruct_lora_trAll_lr7e-4_r3/models__llama-3b__triviaqa__lora_trAll_lora_r3_lr7e-4/results_2026-02-26T15-03-32.531789.json,1772110723.9041286,290.8849403290078
models/gemma-12b/triviaqa/lora_trAll_lora_r8_lr1e-3,,lora,8,1e-3,trAll,0.34367542807714013,0.15170278637770898,0.42857142857142855,0.5,0.5490196078431373,0.36,0.27184466019417475,0.19866666666666666,0.3076923076923077,0.32558139534883723,0.019991384090033457,0.05957554687344993,0.036369648372665396,0.040359981975286216,0.06857142857142857,0.04405268024140923,0.010305481556671254,0.07487142513727502,0.05082590242265215,../results/bigbench/triviaqa/google_gemma-3-12b-it_lora_trAll_lr1e-3_r8/models__gemma-12b__triviaqa__lora_trAll_lora_r8_lr1e-3/results_2026-02-19T17-33-47.552407.json,1771514851.2983637,378.51979944016784
models/gemma-12b/triviaqa/lora_trAll_lora_r8_lr1e-4,,lora,8,1e-4,trAll,0.6414268712167028,0.38699690402476783,0.42857142857142855,0.5684210526315789,0.8627450980392157,0.7,0.8252427184466019,0.35,0.8717948717948718,0.7790697674418605,0.02714295604836579,0.05957554687344993,0.03602751443822839,0.027911513594011398,0.06546536707079771,0.03760178006026618,0.012319409289010307,0.05423355275954148,0.044999354884257665,../results/bigbench/triviaqa/google_gemma-3-12b-it_lora_trAll_lr1e-4_r8/models__gemma-12b__triviaqa__lora_trAll_lora_r8_lr1e-4/results_2026-02-17T21-48-18.562246.json,1771357318.8562713,381.9618069147691
models/llama-3b/triviaqa/lora_trAll_lora_r8_lr1e-4,,lora,8,1e-4,trAll,0.4661559904183521,0.2043343653250774,0.42857142857142855,0.5368421052631579,0.7254901960784313,0.46,0.6504854368932039,0.2886666666666667,0.4358974358974359,0.46511627906976744,0.022470258636825335,0.05957554687344993,0.03627078198521412,0.0361970276724367,0.07119963311072636,0.04721188506097175,0.011703993782542324,0.08044135838502686,0.05410046493374881,../results/bigbench/triviaqa/meta-llama_Llama-3.2-3B-Instruct_lora_trAll_lr1e-4_r8/models__llama-3b__triviaqa__lora_trAll_lora_r8_lr1e-4/results_2026-02-24T09-08-26.331761.json,1771916622.4233027,286.1594117321074
models/gemma-12b/triviaqa/lora_trAll_lora_r8_lr1e-5,,lora,8,1e-5,trAll,0.6173102450415884,0.30030959752321984,0.42857142857142855,0.5894736842105263,0.8496732026143791,0.64,0.7669902912621359,0.32066666666666666,0.8461538461538461,0.813953488372093,0.025545218898401945,0.05957554687344993,0.03578259307784411,0.028988274781797944,0.06857142857142857,0.041858325989283136,0.012055009437521379,0.05852968540405247,0.04220861455688512,../results/bigbench/triviaqa/google_gemma-3-12b-it_lora_trAll_lr1e-5_r8/models__gemma-12b__triviaqa__lora_trAll_lora_r8_lr1e-5/results_2026-02-16T05-00-36.205048.json,1771210354.9260185,483.52807288616896
models/llama-3b/triviaqa/lora_trAll_lora_r8_lr2e-4,,lora,8,2e-4,trAll,0.4814489319028843,0.16718266253869968,0.42857142857142855,0.531578947368421,0.8169934640522876,0.44,0.6699029126213593,0.29133333333333333,0.6153846153846154,0.37209302325581395,0.0207942165189549,0.05957554687344993,0.036297038088316094,0.031363231043705656,0.07091242083423346,0.04656147110012349,0.01173586959872625,0.07892141169885801,0.05242808018387298,../results/bigbench/triviaqa/meta-llama_Llama-3.2-3B-Instruct_lora_trAll_lr2e-4_r8/models__llama-3b__triviaqa__lora_trAll_lora_r8_lr2e-4/results_2026-02-25T19-43-12.896903.json,1772041107.1585023,287.98912977194414
models/gemma-12b/triviaqa/lora_trAll_lora_r8_lr5e-3,,lora,8,5e-3,trAll,0.35145048909231874,0.1393188854489164,0.42857142857142855,0.4789473684210526,0.6013071895424836,0.26,0.23300970873786409,0.20466666666666666,0.41025641025641024,0.4069767441860465,0.019297373232743727,0.05957554687344993,0.036337395047733305,0.03971418059636648,0.06266203485560373,0.041858325989283136,0.010420710578176402,0.07979349797082042,0.05328576389483535,../results/bigbench/triviaqa/google_gemma-3-12b-it_lora_trAll_lr5e-3_r8/models__gemma-12b__triviaqa__lora_trAll_lora_r8_lr5e-3/results_2026-02-20T15-35-38.635101.json,1771594161.6384182,379.26118018105626
models/gemma-12b/triviaqa/lora_trAll_lora_r8_lr5e-4,,lora,8,5e-4,trAll,0.41544648581175686,0.18575851393188855,0.42857142857142855,0.5473684210526316,0.6535947712418301,0.34,0.49514563106796117,0.25733333333333336,0.4358974358974359,0.3953488372093023,0.021673200128992987,0.05957554687344993,0.036206070458230516,0.03859443700088902,0.0676726816132972,0.049505043821289174,0.011291305873021863,0.08044135838502686,0.05303141512089014,../results/bigbench/triviaqa/google_gemma-3-12b-it_lora_trAll_lr5e-4_r8/models__gemma-12b__triviaqa__lora_trAll_lora_r8_lr5e-4/results_2026-02-18T19-38-37.946579.json,1771435936.0304487,384.1940138130449
models/llama-3b/triviaqa/lora_trAll_lora_r8_lr5e-4,,lora,8,5e-4,trAll,0.39758946902437603,0.17956656346749225,0.42857142857142855,0.5052631578947369,0.6928104575163399,0.26,0.5436893203883495,0.24866666666666667,0.48717948717948717,0.23255813953488372,0.021389787772879903,0.05957554687344993,0.0363676333778788,0.037418694971506634,0.06266203485560373,0.04931801994220418,0.01116411492289969,0.08108404256841999,0.04582252865785014,../results/bigbench/triviaqa/meta-llama_Llama-3.2-3B-Instruct_lora_trAll_lr5e-4_r8/models__llama-3b__triviaqa__lora_trAll_lora_r8_lr5e-4/results_2026-02-26T06-22-37.140011.json,1772079463.9381962,295.45747145731
models/meta-llama_Llama-3.2-3B-Instruct_lora_trAll_lora_r8_lr5e-5,,lora,8,5e-5,trAll,0.4559078194308547,0.1826625386996904,0.42857142857142855,0.5421052631578948,0.7450980392156863,0.32,0.6213592233009708,0.2806666666666667,0.5641025641025641,0.4186046511627907,0.02153265147805506,0.05957554687344993,0.03624046284425961,0.03534854191631362,0.06663945022680343,0.0480269469825897,0.011605388804004831,0.08044135838502686,0.05350918526842119,../results/bigbench/triviaqa/meta-llama_Llama-3.2-3B-Instruct_lora_trAll_lr5e-5_r8/models__meta-llama_Llama-3.2-3B-Instruct_lora_trAll_lora_r8_lr5e-5/results_2026-02-04T08-50-06.839321.json,1770187482.106163,327.00850459979847
models/gemma-12b/triviaqa/lora_trAll_lora_r8_lr5e-6,,lora,8,5e-6,trAll,0.6273770141298737,0.34365325077399383,0.42857142857142855,0.6263157894736842,0.8627450980392157,0.58,0.7961165048543689,0.314,0.8461538461538461,0.8488372093023255,0.02646664923557936,0.05957554687344993,0.03518990966860908,0.027911513594011398,0.07050835816716038,0.0398913985953177,0.011987429484412514,0.05852968540405247,0.03885305672071534,../results/bigbench/triviaqa/google_gemma-3-12b-it_lora_trAll_lr5e-6_r8/models__gemma-12b__triviaqa__lora_trAll_lora_r8_lr5e-6/results_2026-02-15T07-11-04.415645.json,1771131883.145653,383.5293527818285
models/llama-3b/triviaqa/lora_trAll_lora_r8_lr7e-4,,lora,8,7e-4,trAll,0.36100677297596184,0.13003095975232198,0.42857142857142855,0.5526315789473685,0.6143790849673203,0.38,0.3883495145631068,0.23333333333333334,0.358974358974359,0.16279069767441862,0.01874335569713914,0.05957554687344993,0.03616759320717246,0.03947996034982733,0.06934092056863769,0.04825729337356392,0.01092423079541867,0.07781756136754922,0.0400426076639687,../results/bigbench/triviaqa/meta-llama_Llama-3.2-3B-Instruct_lora_trAll_lr7e-4_r8/models__llama-3b__triviaqa__lora_trAll_lora_r8_lr7e-4/results_2026-02-26T17-13-34.262196.json,1772118529.6502519,286.86221763072535
models/gemma-12b/triviaqa/lora_trAll_lora_r16_lr1e-3,,lora,16,1e-3,trAll,0.3273092993510376,0.14860681114551083,0.42857142857142855,0.48947368421052634,0.5816993464052288,0.26,0.21359223300970873,0.20666666666666667,0.38461538461538464,0.23255813953488372,0.019822412406748303,0.05957554687344993,0.03636158772354764,0.04001029610883718,0.06266203485560373,0.04058042015646035,0.010458327851589752,0.07892141169885801,0.04582252865785014,../results/bigbench/triviaqa/google_gemma-3-12b-it_lora_trAll_lr1e-3_r16/models__gemma-12b__triviaqa__lora_trAll_lora_r16_lr1e-3/results_2026-02-19T21-14-21.013337.json,1771528074.248581,389.0411245590076
models/gemma-12b/triviaqa/lora_trAll_lora_r16_lr1e-4,,lora,16,1e-4,trAll,0.6365816000155499,0.38080495356037153,0.42857142857142855,0.5421052631578948,0.8758169934640523,0.74,0.7766990291262136,0.346,0.8717948717948718,0.7674418604651163,0.027060579664012083,0.05957554687344993,0.03624046284425961,0.02674951886232827,0.06266203485560373,0.041235531898914324,0.012286441216174263,0.05423355275954148,0.04582252865785014,../results/bigbench/triviaqa/google_gemma-3-12b-it_lora_trAll_lr1e-4_r16/models__gemma-12b__triviaqa__lora_trAll_lora_r16_lr1e-4/results_2026-02-18T01-24-04.036611.json,1771370260.6561823,385.64038664475083
models/llama-3b/triviaqa/lora_trAll_lora_r16_lr1e-4,,lora,16,1e-4,trAll,0.48593981565252165,0.2043343653250774,0.42857142857142855,0.5473684210526316,0.8104575163398693,0.46,0.6407766990291263,0.29,0.5384615384615384,0.45348837209302323,0.022470258636825335,0.05957554687344993,0.036206070458230516,0.03179044570018348,0.07119963311072636,0.04750458399041693,0.011719993123969139,0.08087038200582258,0.053997458379123835,../results/bigbench/triviaqa/meta-llama_Llama-3.2-3B-Instruct_lora_trAll_lr1e-4_r16/models__llama-3b__triviaqa__lora_trAll_lora_r16_lr1e-4/results_2026-02-24T11-13-57.795362.json,1771924153.7894619,286.23776715481654
models/gemma-12b/triviaqa/lora_trAll_lora_r16_lr1e-5,,lora,16,1e-5,trAll,0.6074471420162824,0.29411764705882354,0.42857142857142855,0.5947368421052631,0.8366013071895425,0.62,0.7378640776699029,0.32066666666666666,0.8205128205128205,0.813953488372093,0.0253921086648068,0.05957554687344993,0.0357108412649638,0.029988984819681277,0.06934092056863769,0.04354631077260595,0.012055009437521379,0.062254049094039386,0.04220861455688512,../results/bigbench/triviaqa/google_gemma-3-12b-it_lora_trAll_lr1e-5_r16/models__gemma-12b__triviaqa__lora_trAll_lora_r16_lr1e-5/results_2026-02-16T08-34-50.436308.json,1771223304.886146,387.813437147066
models/llama-3b/triviaqa/lora_trAll_lora_r16_lr2e-4,,lora,16,2e-4,trAll,0.4679053108843311,0.16408668730650156,0.42857142857142855,0.531578947368421,0.7843137254901961,0.4,0.6699029126213593,0.264,0.5384615384615384,0.43023255813953487,0.02063903362994227,0.05957554687344993,0.036297038088316094,0.03336063957738827,0.06998542122237651,0.04656147110012349,0.011385184010076233,0.08087038200582258,0.05370206525289722,../results/bigbench/triviaqa/meta-llama_Llama-3.2-3B-Instruct_lora_trAll_lr2e-4_r16/models__llama-3b__triviaqa__lora_trAll_lora_r16_lr2e-4/results_2026-02-25T21-49-37.289667.json,1772048690.252789,289.2912611607462
models/gemma-12b/triviaqa/lora_trAll_lora_r16_lr5e-3,,lora,16,5e-3,trAll,0.3247327375175941,0.13622291021671826,0.42857142857142855,0.4789473684210526,0.5294117647058824,0.36,0.24271844660194175,0.202,0.23076923076923078,0.313953488372093,0.019116042249105448,0.05957554687344993,0.036337395047733305,0.040485129506569725,0.06857142857142857,0.04245022486384496,0.010369941680660837,0.06834794743374142,0.050338465646658795,../results/bigbench/triviaqa/google_gemma-3-12b-it_lora_trAll_lr5e-3_r16/models__gemma-12b__triviaqa__lora_trAll_lora_r16_lr5e-3/results_2026-02-20T19-16-37.043679.json,1771607418.0563533,381.2595749250613
models/gemma-12b/triviaqa/lora_trAll_lora_r16_lr5e-4,,lora,16,5e-4,trAll,0.48161512512383226,0.16408668730650156,0.42857142857142855,0.5368421052631579,0.7908496732026143,0.54,0.6019417475728155,0.26866666666666666,0.5384615384615384,0.46511627906976744,0.02063903362994227,0.05957554687344993,0.03627078198521412,0.0329878833016494,0.07119963311072636,0.048467482539772386,0.011448899982085287,0.08087038200582258,0.05410046493374881,../results/bigbench/triviaqa/google_gemma-3-12b-it_lora_trAll_lr5e-4_r16/models__gemma-12b__triviaqa__lora_trAll_lora_r16_lr5e-4/results_2026-02-18T23-16-40.943013.json,1771449018.0969408,385.10819368157536
models/llama-3b/triviaqa/lora_trAll_lora_r16_lr5e-4,,lora,16,5e-4,trAll,0.41601415778121004,0.17027863777089783,0.42857142857142855,0.5473684210526316,0.7320261437908496,0.4,0.5339805825242718,0.23333333333333334,0.38461538461538464,0.313953488372093,0.020946828818365727,0.05957554687344993,0.036206070458230516,0.035924250403997736,0.06998542122237651,0.049392914472734785,0.01092423079541867,0.07892141169885801,0.050338465646658795,../results/bigbench/triviaqa/meta-llama_Llama-3.2-3B-Instruct_lora_trAll_lr5e-4_r16/models__llama-3b__triviaqa__lora_trAll_lora_r16_lr5e-4/results_2026-02-26T08-30-19.698254.json,1772087133.149597,288.8142390390858
models/meta-llama_Llama-3.2-3B-Instruct_lora_trAll_lora_r16_lr5e-5,,lora,16,5e-5,trAll,0.48566038798901334,0.18575851393188855,0.42857142857142855,0.531578947368421,0.7320261437908496,0.54,0.6699029126213593,0.284,0.6153846153846154,0.38372093023255816,0.021673200128992987,0.05957554687344993,0.036297038088316094,0.035924250403997736,0.07119963311072636,0.04656147110012349,0.011647021167150225,0.07892141169885801,0.05274569153679126,../results/bigbench/triviaqa/meta-llama_Llama-3.2-3B-Instruct_lora_trAll_lr5e-5_r16/models__meta-llama_Llama-3.2-3B-Instruct_lora_trAll_lora_r16_lr5e-5/results_2026-02-04T14-24-06.487514.json,1770207519.2818935,329.4782069120556
models/gemma-12b/triviaqa/lora_trAll_lora_r16_lr5e-6,,lora,16,5e-6,trAll,0.6196524785410451,0.3219814241486068,0.42857142857142855,0.6210526315789474,0.8627450980392157,0.54,0.8058252427184466,0.31333333333333335,0.8461538461538461,0.8372093023255814,0.026038038744338687,0.05957554687344993,0.035287650940948455,0.027911513594011398,0.07119963311072636,0.03916667762822582,0.011980514409686987,0.05852968540405247,0.0400426076639687,../results/bigbench/triviaqa/google_gemma-3-12b-it_lora_trAll_lr5e-6_r16/models__gemma-12b__triviaqa__lora_trAll_lora_r16_lr5e-6/results_2026-02-15T10-39-02.834124.json,1771144257.0072615,488.0870775929652
models/llama-3b/triviaqa/lora_trAll_lora_r16_lr7e-4,,lora,16,7e-4,trAll,0.38586513690649465,0.15479876160990713,0.42857142857142855,0.5105263157894737,0.6274509803921569,0.42,0.5048543689320388,0.23266666666666666,0.38461538461538464,0.20930232558139536,0.020157462823895463,0.05957554687344993,0.03636158772354764,0.0392156862745098,0.07050835816716038,0.049505043821289174,0.010913355433159237,0.07892141169885801,0.04412480456048901,../results/bigbench/triviaqa/meta-llama_Llama-3.2-3B-Instruct_lora_trAll_lr7e-4_r16/models__llama-3b__triviaqa__lora_trAll_lora_r16_lr7e-4/results_2026-02-26T19-24-28.779309.json,1772126382.208273,288.8218263532035
models/gemma-12b/triviaqa/lora_trAll_lora_r32_lr1e-3,,lora,32,1e-3,trAll,0.31403844387287266,0.15170278637770898,0.42857142857142855,0.5210526315789473,0.6209150326797386,0.16,0.2912621359223301,0.208,0.28205128205128205,0.16279069767441862,0.019991384090033457,0.05957554687344993,0.0363373950477333,0.03935161627056306,0.05237229365663817,0.044986763205729245,0.010483189631177565,0.07299934324587597,0.0400426076639687,../results/bigbench/triviaqa/google_gemma-3-12b-it_lora_trAll_lr1e-3_r32/models__gemma-12b__triviaqa__lora_trAll_lora_r32_lr1e-3/results_2026-02-20T00-57-25.118477.json,1771541454.8389292,392.53538261307403
models/gemma-12b/triviaqa/lora_trAll_lora_r32_lr1e-4,,lora,32,1e-4,trAll,0.6460608006263894,0.3715170278637771,0.42857142857142855,0.5789473684210527,0.869281045751634,0.76,0.7766990291262136,0.37866666666666665,0.8717948717948718,0.7790697674418605,0.026928253298096918,0.05957554687344993,0.03591342566450239,0.027341830932486134,0.0610118757258932,0.041235531898914324,0.012528239541351575,0.05423355275954148,0.044999354884257665,../results/bigbench/triviaqa/google_gemma-3-12b-it_lora_trAll_lr1e-4_r32/models__gemma-12b__triviaqa__lora_trAll_lora_r32_lr1e-4/results_2026-02-18T05-04-08.469253.json,1771383458.752212,391.9823280633427
models/llama-3b/triviaqa/lora_trAll_lora_r32_lr1e-4,,lora,32,1e-4,trAll,0.45649615280866196,0.18575851393188855,0.42857142857142855,0.5210526315789473,0.7777777777777778,0.4,0.6407766990291263,0.272,0.48717948717948717,0.3953488372093023,0.021673200128992987,0.05957554687344993,0.0363373950477333,0.03372094325927134,0.06998542122237651,0.04750458399041693,0.01149342126994071,0.08108404256841999,0.05303141512089014,../results/bigbench/triviaqa/meta-llama_Llama-3.2-3B-Instruct_lora_trAll_lr1e-4_r32/models__llama-3b__triviaqa__lora_trAll_lora_r32_lr1e-4/results_2026-02-24T13-19-53.392445.json,1771931709.6556754,285.993723473046
models/gemma-12b/triviaqa/lora_trAll_lora_r32_lr1e-5,,lora,32,1e-5,trAll,0.5993729222505682,0.2786377708978328,0.42857142857142855,0.5947368421052631,0.8366013071895425,0.6,0.7475728155339806,0.32266666666666666,0.7948717948717948,0.7906976744186046,0.02498439037691257,0.05957554687344993,0.0357108412649638,0.029988984819681277,0.06998542122237651,0.04301250399690879,0.012074730860057344,0.06550424345215437,0.04412480456048901,../results/bigbench/triviaqa/google_gemma-3-12b-it_lora_trAll_lr1e-5_r32/models__gemma-12b__triviaqa__lora_trAll_lora_r32_lr1e-5/results_2026-02-16T12-14-20.117944.json,1771236466.6606288,395.73479851987213
models/llama-3b/triviaqa/lora_trAll_lora_r32_lr2e-4,,lora,32,2e-4,trAll,0.4670304186385931,0.16718266253869968,0.42857142857142855,0.5157894736842106,0.7973856209150327,0.44,0.6116504854368932,0.274,0.5384615384615384,0.43023255813953487,0.0207942165189549,0.05957554687344993,0.0363515093986434,0.0326022473063975,0.07091242083423346,0.04825729337356393,0.011519742603306331,0.08087038200582258,0.05370206525289722,../results/bigbench/triviaqa/meta-llama_Llama-3.2-3B-Instruct_lora_trAll_lr2e-4_r32/models__llama-3b__triviaqa__lora_trAll_lora_r32_lr2e-4/results_2026-02-25T23-56-32.373378.json,1772056305.6309266,289.0191657538526
models/gemma-12b/triviaqa/lora_trAll_lora_r32_lr5e-3,,lora,32,5e-3,trAll,0.3495746071069259,0.13622291021671826,0.42857142857142855,0.4789473684210526,0.5359477124183006,0.34,0.2524271844660194,0.20333333333333334,0.41025641025641024,0.36046511627906974,0.019116042249105448,0.05957554687344993,0.036337395047733305,0.040450405141739476,0.0676726816132972,0.04301250399690879,0.01039541416601801,0.07979349797082042,0.05207799763759181,../results/bigbench/triviaqa/google_gemma-3-12b-it_lora_trAll_lr5e-3_r32/models__gemma-12b__triviaqa__lora_trAll_lora_r32_lr5e-3/results_2026-02-20T23-19-21.824042.json,1771621976.545467,387.5287706819363
models/gemma-12b/triviaqa/lora_trAll_lora_r32_lr5e-4,,lora,32,5e-4,trAll,0.4808168348575944,0.23839009287925697,0.42857142857142855,0.5842105263157895,0.7777777777777778,0.46,0.6601941747572816,0.3353333333333333,0.4358974358974359,0.4069767441860465,0.02374556228538935,0.05957554687344993,0.03585011325520013,0.03372094325927134,0.07119963311072636,0.046897659372781356,0.012193812035641944,0.08044135838502686,0.05328576389483535,../results/bigbench/triviaqa/google_gemma-3-12b-it_lora_trAll_lr5e-4_r32/models__gemma-12b__triviaqa__lora_trAll_lora_r32_lr5e-4/results_2026-02-19T02-55-22.222897.json,1771462120.4789035,403.99099647812545
models/llama-3b/triviaqa/lora_trAll_lora_r32_lr5e-4,,lora,32,5e-4,trAll,0.4004431695969788,0.1609907120743034,0.42857142857142855,0.5105263157894737,0.7581699346405228,0.32,0.5339805825242718,0.2653333333333333,0.358974358974359,0.26744186046511625,0.020481221720592017,0.05957554687344993,0.03636158772354764,0.03473094752671374,0.06663945022680343,0.049392914472734785,0.011403554902455312,0.07781756136754922,0.048009400027626145,../results/bigbench/triviaqa/meta-llama_Llama-3.2-3B-Instruct_lora_trAll_lr5e-4_r32/models__llama-3b__triviaqa__lora_trAll_lora_r32_lr5e-4/results_2026-02-26T10-39-30.503895.json,1772094880.1369808,292.6278017037548
models/llama-3b/triviaqa/lora_trAll_lora_r32_lr5e-5,,lora,32,5e-5,trAll,0.46890025984980777,0.2476780185758514,0.42857142857142855,0.5368421052631579,0.7843137254901961,0.36,0.6310679611650486,0.2793333333333333,0.48717948717948717,0.46511627906976744,0.024055681892974867,0.05957554687344993,0.03627078198521412,0.03336063957738827,0.06857142857142857,0.0477761518115674,0.011588514886141611,0.08108404256841999,0.05410046493374881,../results/bigbench/triviaqa/meta-llama_Llama-3.2-3B-Instruct_lora_trAll_lr5e-5_r32/models__llama-3b__triviaqa__lora_trAll_lora_r32_lr5e-5/results_2026-02-24T02-51-04.535723.json,1771893977.9181678,288.9007352036424
models/gemma-12b/triviaqa/lora_trAll_lora_r32_lr5e-6,,lora,32,5e-6,trAll,0.6225445656265706,0.33436532507739936,0.42857142857142855,0.6157894736842106,0.869281045751634,0.56,0.8058252427184466,0.31733333333333336,0.8461538461538461,0.8255813953488372,0.026290609195557906,0.05957554687344993,0.03538097998767893,0.027341830932486134,0.07091242083423346,0.03916667762822582,0.01202157524787078,0.05852968540405247,0.041159196671218555,../results/bigbench/triviaqa/google_gemma-3-12b-it_lora_trAll_lr5e-6_r32/models__gemma-12b__triviaqa__lora_trAll_lora_r32_lr5e-6/results_2026-02-15T14-35-52.815939.json,1771158565.8025203,389.2536234948784
models/llama-3b/triviaqa/lora_trAll_lora_r32_lr7e-4,,lora,32,7e-4,trAll,0.38166718649009795,0.19814241486068113,0.42857142857142855,0.531578947368421,0.7254901960784313,0.24,0.5048543689320388,0.24733333333333332,0.38461538461538464,0.1744186046511628,0.02221311223016424,0.05957554687344993,0.036297038088316094,0.0361970276724367,0.0610118757258932,0.049505043821289174,0.011144019164816657,0.07892141169885801,0.04115919667121856,../results/bigbench/triviaqa/meta-llama_Llama-3.2-3B-Instruct_lora_trAll_lr7e-4_r32/models__llama-3b__triviaqa__lora_trAll_lora_r32_lr7e-4/results_2026-02-26T21-35-41.946710.json,1772134255.0372772,289.18155494052917
models/gemma-12b/triviaqa/lora_trAll_lora_r64_lr1e-3,,lora,64,1e-3,trAll,0.33062577565285095,0.15170278637770898,0.42857142857142855,0.5473684210526316,0.5294117647058824,0.26,0.2912621359223301,0.21066666666666667,0.358974358974359,0.19767441860465115,0.019991384090033457,0.05957554687344993,0.036206070458230516,0.040485129506569725,0.06266203485560373,0.044986763205729245,0.010532399335953615,0.07781756136754922,0.04319575725815514,../results/bigbench/triviaqa/google_gemma-3-12b-it_lora_trAll_lr1e-3_r64/models__gemma-12b__triviaqa__lora_trAll_lora_r64_lr1e-3/results_2026-02-20T04-48-02.189430.json,1771555292.3050184,392.13281924603507
models/gemma-12b/triviaqa/lora_trAll_lora_r64_lr1e-4,,lora,64,1e-4,trAll,0.6319797597704427,0.39628482972136225,0.42857142857142855,0.5578947368421052,0.8235294117647058,0.72,0.7766990291262136,0.362,0.8205128205128205,0.8023255813953488,0.027257864752235433,0.05957554687344993,0.03612501803855088,0.03092102841399099,0.06414269805898185,0.041235531898914324,0.012412629949162127,0.062254049094039386,0.04319575725815514,../results/bigbench/triviaqa/google_gemma-3-12b-it_lora_trAll_lr1e-4_r64/models__gemma-12b__triviaqa__lora_trAll_lora_r64_lr1e-4/results_2026-02-18T08-46-56.273749.json,1771396826.220618,392.29952555615455
models/gemma-12b/triviaqa/lora_trAll_lora_r64_lr1e-5,,lora,64,1e-5,trAll,0.6113475266246734,0.30340557275541796,0.42857142857142855,0.6,0.8431372549019608,0.6,0.7475728155339806,0.31933333333333336,0.8461538461538461,0.813953488372093,0.025619688128515658,0.05957554687344993,0.035634832254989916,0.029497638654192884,0.06998542122237651,0.04301250399690879,0.01204172076835695,0.05852968540405247,0.04220861455688512,../results/bigbench/triviaqa/google_gemma-3-12b-it_lora_trAll_lr1e-5_r64/models__gemma-12b__triviaqa__lora_trAll_lora_r64_lr1e-5/results_2026-02-16T16-00-01.579667.json,1771250011.9493093,391.88636721810326
models/gemma-12b/triviaqa/lora_trAll_lora_r64_lr5e-3,,lora,64,5e-3,trAll,0.3438942846530654,0.13622291021671826,0.42857142857142855,0.4789473684210526,0.5359477124183006,0.3,0.23300970873786409,0.2,0.41025641025641024,0.37209302325581395,0.019116042249105448,0.05957554687344993,0.036337395047733305,0.040450405141739476,0.06546536707079771,0.041858325989283136,0.010331399964032522,0.07979349797082042,0.05242808018387298,../results/bigbench/triviaqa/google_gemma-3-12b-it_lora_trAll_lr5e-3_r64/models__gemma-12b__triviaqa__lora_trAll_lora_r64_lr5e-3/results_2026-02-21T03-09-27.658397.json,1771635779.8806703,390.03678538883105
models/gemma-12b/triviaqa/lora_trAll_lora_r64_lr5e-4,,lora,64,5e-4,trAll,0.5041815566869777,0.23529411764705882,0.42857142857142855,0.6,0.7712418300653595,0.36,0.7572815533980582,0.328,0.6153846153846154,0.4418604651162791,0.023638766707521828,0.05957554687344993,0.035634832254989916,0.034069189432257084,0.06857142857142857,0.04245022486384496,0.012126088735395231,0.07892141169885801,0.05386473193904115,../results/bigbench/triviaqa/google_gemma-3-12b-it_lora_trAll_lr5e-4_r64/models__gemma-12b__triviaqa__lora_trAll_lora_r64_lr5e-4/results_2026-02-19T06-41-31.122965.json,1771475701.0794163,392.303493745625
models/gemma-12b/triviaqa/lora_trAll_lora_r64_lr5e-5,,lora,64,5e-5,trAll,0.6316483824888413,0.3591331269349845,0.42857142857142855,0.5526315789473685,0.8496732026143791,0.64,0.7961165048543689,0.36133333333333334,0.8717948717948718,0.8255813953488372,0.02673521673543992,0.05957554687344993,0.03616759320717246,0.028988274781797944,0.06857142857142857,0.0398913985953177,0.01240767251590234,0.05423355275954148,0.041159196671218555,../results/bigbench/triviaqa/google_gemma-3-12b-it_lora_trAll_lr5e-5_r64/models__gemma-12b__triviaqa__lora_trAll_lora_r64_lr5e-5/results_2026-02-17T10-58-16.018291.json,1771318205.1676598,493.09730389434844
models/gemma-12b/triviaqa/lora_trAll_lora_r64_lr5e-6,,lora,64,5e-6,trAll,0.6243553155850154,0.34674922600619196,0.42857142857142855,0.6263157894736842,0.8627450980392157,0.54,0.8058252427184466,0.314,0.8461538461538461,0.8488372093023255,0.026522825062324,0.05957554687344993,0.03518990966860908,0.027911513594011398,0.07119963311072636,0.03916667762822582,0.011987429484412514,0.05852968540405247,0.03885305672071534,../results/bigbench/triviaqa/google_gemma-3-12b-it_lora_trAll_lr5e-6_r64/models__gemma-12b__triviaqa__lora_trAll_lora_r64_lr5e-6/results_2026-02-15T18-11-13.446314.json,1771171488.9482317,386.754112242721
models/gemma-12b/triviaqa/uiortholora_trAll_sv1024_svec0_lr1e-1,,uiortholora,,1e-1,trAll,0.30253472681257515,0.15789473684210525,0.42857142857142855,0.4789473684210526,0.5163398692810458,0.2,0.21359223300970873,0.206,0.23076923076923078,0.29069767441860467,0.020320719539614323,0.05957554687344993,0.036337395047733305,0.040533693641336535,0.05714285714285715,0.04058042015646035,0.01044583219631235,0.06834794743374142,0.049252355752105854,../results/bigbench/triviaqa/google_gemma-3-12b-it_uiortholora_trAll_lr1e-1_sv1024_svec0/models__gemma-12b__triviaqa__uiortholora_trAll_sv1024_svec0_lr1e-1/results_2026-02-17T22-27-18.445070.json,1771359327.2900193,713.4237883738242
models/llama-3b/triviaqa/uiortholora_trAll_sv1024_svec0_lr1e-1,,uiortholora,,1e-1,trAll,0.33148241447694554,0.15170278637770898,0.42857142857142855,0.4789473684210526,0.5424836601307189,0.26,0.2524271844660194,0.19866666666666666,0.3333333333333333,0.3372093023255814,0.019991384090033457,0.05957554687344993,0.036337395047733305,0.0404086965156194,0.06266203485560373,0.04301250399690879,0.010305481556671254,0.07647191129018727,0.05127769710698979,../results/bigbench/triviaqa/meta-llama_Llama-3.2-3B-Instruct_uiortholora_trAll_lr1e-1_sv1024_svec0/models__llama-3b__triviaqa__uiortholora_trAll_sv1024_svec0_lr1e-1/results_2026-02-17T19-56-39.558812.json,1771350505.7153683,496.13018420431763
models/gemma-12b/triviaqa/uiortholora_trAll_sv1024_svec0_lr1e-2,,uiortholora,,1e-2,trAll,0.5932488500807523,0.18885448916408668,0.42857142857142855,0.5473684210526316,0.8431372549019608,0.58,0.7475728155339806,0.332,0.8461538461538461,0.8255813953488372,0.02181147847893003,0.05957554687344993,0.036206070458230516,0.029497638654192884,0.07050835816716038,0.04301250399690879,0.0121634411057489,0.05852968540405247,0.041159196671218555,../results/bigbench/triviaqa/google_gemma-3-12b-it_uiortholora_trAll_lr1e-2_sv1024_svec0/models__gemma-12b__triviaqa__uiortholora_trAll_sv1024_svec0_lr1e-2/results_2026-02-18T14-10-40.406137.json,1771415931.7279565,710.9198226048611
models/gemma-12b/triviaqa/uiortholora_trAll_sv1024_svec128_lr1e-2,,uiortholora,,1e-2,trAll,0.602642710774527,0.17337461300309598,0.42857142857142855,0.5578947368421052,0.8431372549019608,0.64,0.7766990291262136,0.344,0.8461538461538461,0.813953488372093,0.021096926314136562,0.05957554687344993,0.03612501803855088,0.029497638654192884,0.06857142857142857,0.041235531898914324,0.012269597739363362,0.05852968540405247,0.04220861455688512,../results/bigbench/triviaqa/google_gemma-3-12b-it_uiortholora_trAll_lr1e-2_sv1024_svec128/models__gemma-12b__triviaqa__uiortholora_trAll_sv1024_svec128_lr1e-2/results_2026-02-19T05-09-54.152546.json,1771469734.3752239,862.0443821679801
models/gemma-12b/triviaqa/uiortholora_trAll_sv1024_svec256_lr1e-2,,uiortholora,,1e-2,trAll,0.5938334194378877,0.1826625386996904,0.42857142857142855,0.5421052631578948,0.8562091503267973,0.54,0.7572815533980582,0.32866666666666666,0.8717948717948718,0.8372093023255814,0.02153265147805506,0.05957554687344993,0.03624046284425961,0.028459925798746184,0.07119963311072636,0.04245022486384496,0.012132383212194172,0.05423355275954148,0.0400426076639687,../results/bigbench/triviaqa/google_gemma-3-12b-it_uiortholora_trAll_lr1e-2_sv1024_svec256/models__gemma-12b__triviaqa__uiortholora_trAll_sv1024_svec256_lr1e-2/results_2026-02-19T12-51-14.246310.json,1771497214.2805192,1062.2285284912214
models/gemma-12b/triviaqa/uiortholora_trAll_sv1024_svec256_lr1e-2,,uiortholora,,1e-2,trAll,0.6054137303509559,0.18885448916408668,0.42857142857142855,0.5578947368421052,0.8627450980392157,0.62,0.7572815533980582,0.336,0.8717948717948718,0.8255813953488372,0.02181147847893003,0.05957554687344993,0.03612501803855088,0.027911513594011398,0.06934092056863769,0.04245022486384496,0.01219980423950817,0.05423355275954148,0.041159196671218555,../results/bigbench/triviaqa/google_gemma-3-12b-it_uiortholora_trAll_lr1e-2_sv1024_svec256/models__gemma-12b__triviaqa__uiortholora_trAll_sv1024_svec256_lr1e-2/results_2026-03-07T09-24-26.582621.json,1772867372.0674183,896.777258977294
models/gemma-12b/triviaqa/uiortholora_trAll_sv1024_svec512_lr1e-2,,uiortholora,,1e-2,trAll,0.5983339205630797,0.17337461300309598,0.42857142857142855,0.5473684210526316,0.8954248366013072,0.6,0.7378640776699029,0.33066666666666666,0.8461538461538461,0.8255813953488372,0.021096926314136562,0.05957554687344993,0.036206070458230516,0.02482030135197447,0.06998542122237651,0.04354631077260595,0.012151100676341186,0.05852968540405247,0.041159196671218555,../results/bigbench/triviaqa/google_gemma-3-12b-it_uiortholora_trAll_lr1e-2_sv1024_svec512/models__gemma-12b__triviaqa__uiortholora_trAll_sv1024_svec512_lr1e-2/results_2026-02-19T20-58-49.876598.json,1771526418.2366676,1113.917589912191
models/gemma-12b/triviaqa/uiortholora_trAll_sv1024_svec512_lr1e-2,,uiortholora,,1e-2,trAll,0.6040432330404344,0.19814241486068113,0.42857142857142855,0.5789473684210527,0.8366013071895425,0.62,0.7766990291262136,0.35133333333333333,0.8205128205128205,0.8255813953488372,0.02221311223016424,0.05957554687344993,0.03591342566450239,0.029988984819681277,0.06934092056863769,0.041235531898914324,0.012330186690288179,0.062254049094039386,0.041159196671218555,../results/bigbench/triviaqa/google_gemma-3-12b-it_uiortholora_trAll_lr1e-2_sv1024_svec512/models__gemma-12b__triviaqa__uiortholora_trAll_sv1024_svec512_lr1e-2/results_2026-03-06T17-09-41.168826.json,1772808910.7605476,872.6639344319701
models/gemma-12b/triviaqa/uiortholora_trAll_sv1024_svec64_lr1e-2,,uiortholora,,1e-2,trAll,0.6033909588222328,0.18575851393188855,0.42857142857142855,0.5368421052631579,0.8366013071895425,0.62,0.7864077669902912,0.3273333333333333,0.8717948717948718,0.8372093023255814,0.021673200128992987,0.05957554687344993,0.03627078198521412,0.029988984819681277,0.06934092056863769,0.04058042015646035,0.012119766525882808,0.05423355275954148,0.0400426076639687,../results/bigbench/triviaqa/google_gemma-3-12b-it_uiortholora_trAll_lr1e-2_sv1024_svec64/models__gemma-12b__triviaqa__uiortholora_trAll_sv1024_svec64_lr1e-2/results_2026-02-18T21-40-00.952829.json,1771442765.9579673,837.2524687983096
models/gemma-12b/triviaqa/uiortholora_trAll_sv512_svec512_lr1e-2,,uiortholora,,1e-2,trAll,0.6029405393144778,0.1826625386996904,0.42857142857142855,0.5473684210526316,0.8627450980392157,0.6,0.7864077669902912,0.32133333333333336,0.8717948717948718,0.8255813953488372,0.02153265147805506,0.05957554687344993,0.036206070458230516,0.027911513594011398,0.06998542122237651,0.04058042015646035,0.0120616114095372,0.05423355275954148,0.041159196671218555,../results/bigbench/triviaqa/google_gemma-3-12b-it_uiortholora_trAll_lr1e-2_sv512_svec512/models__gemma-12b__triviaqa__uiortholora_trAll_sv512_svec512_lr1e-2/results_2026-03-07T01-22-47.667061.json,1772838496.4088573,873.5150794163346
models/llama-3b/triviaqa/uiortholora_trAll_sv1024_svec0_lr1e-2,,uiortholora,,1e-2,trAll,0.4327154030244553,0.15170278637770898,0.42857142857142855,0.5368421052631579,0.7450980392156863,0.28,0.5631067961165048,0.2833333333333333,0.48717948717948717,0.4186046511627907,0.019991384090033457,0.05957554687344993,0.03627078198521412,0.03534854191631362,0.06414269805898185,0.049111471073657785,0.011638757557776352,0.08108404256841999,0.05350918526842119,../results/bigbench/triviaqa/meta-llama_Llama-3.2-3B-Instruct_uiortholora_trAll_lr1e-2_sv1024_svec0/models__llama-3b__triviaqa__uiortholora_trAll_sv1024_svec0_lr1e-2/results_2026-02-26T13-48-35.541440.json,1772106119.1245325,398.68031083093956
models/llama-3b/triviaqa/uiortholora_trAll_sv1024_svec128_lr1e-2,,uiortholora,,1e-2,trAll,0.4440242820928801,0.15479876160990713,0.42857142857142855,0.5105263157894737,0.7254901960784313,0.5,0.5436893203883495,0.30666666666666664,0.38461538461538464,0.4418604651162791,0.020157462823895463,0.05957554687344993,0.03636158772354764,0.0361970276724367,0.07142857142857142,0.04931801994220418,0.011909773715515534,0.07892141169885801,0.05386473193904115,../results/bigbench/triviaqa/meta-llama_Llama-3.2-3B-Instruct_uiortholora_trAll_lr1e-2_sv1024_svec128/models__llama-3b__triviaqa__uiortholora_trAll_sv1024_svec128_lr1e-2/results_2026-02-24T22-44-14.390878.json,1771965379.508898,477.1173407463357
models/llama-3b/triviaqa/uiortholora_trAll_sv1024_svec256_lr1e-2,,uiortholora,,1e-2,trAll,0.42965832594261044,0.1826625386996904,0.42857142857142855,0.5157894736842106,0.7058823529411765,0.38,0.5631067961165048,0.31333333333333335,0.358974358974359,0.4186046511627907,0.02153265147805506,0.05957554687344993,0.0363515093986434,0.03695769779044372,0.06934092056863769,0.049111471073657785,0.011980514409686987,0.07781756136754922,0.05350918526842119,../results/bigbench/triviaqa/meta-llama_Llama-3.2-3B-Instruct_uiortholora_trAll_lr1e-2_sv1024_svec256/models__llama-3b__triviaqa__uiortholora_trAll_sv1024_svec256_lr1e-2/results_2026-02-24T08-58-21.794471.json,1771915737.0770156,566.9885317659937
models/llama-3b/triviaqa/uiortholora_trAll_sv1024_svec32_lr1e-2,,uiortholora,,1e-2,trAll,0.42129459888611703,0.13312693498452013,0.42857142857142855,0.5157894736842106,0.738562091503268,0.38,0.5728155339805825,0.28933333333333333,0.38461538461538464,0.3488372093023256,0.018931402333287568,0.05957554687344993,0.0363515093986434,0.03564150157965489,0.06934092056863769,0.04897957737781172,0.011712008842969492,0.07892141169885801,0.05169478420708943,../results/bigbench/triviaqa/meta-llama_Llama-3.2-3B-Instruct_uiortholora_trAll_lr1e-2_sv1024_svec32/models__llama-3b__triviaqa__uiortholora_trAll_sv1024_svec32_lr1e-2/results_2026-02-26T01-49-16.874369.json,1772062912.6018102,446.5212672939524
models/llama-3b/triviaqa/uiortholora_trAll_sv1024_svec512_lr1e-2,,uiortholora,,1e-2,trAll,0.41586339477919854,0.17337461300309598,0.42857142857142855,0.46842105263157896,0.7320261437908496,0.4,0.5922330097087378,0.294,0.28205128205128205,0.37209302325581395,0.021096926314136562,0.05957554687344993,0.036297038088316094,0.035924250403997736,0.06998542122237651,0.048657775704107696,0.011767255933654996,0.07299934324587597,0.05242808018387298,../results/bigbench/triviaqa/meta-llama_Llama-3.2-3B-Instruct_uiortholora_trAll_lr1e-2_sv1024_svec512/models__llama-3b__triviaqa__uiortholora_trAll_sv1024_svec512_lr1e-2/results_2026-02-23T23-22-14.124732.json,1771881147.035319,589.3441234352067
models/llama-3b/triviaqa/uiortholora_trAll_sv1024_svec64_lr1e-2,,uiortholora,,1e-2,trAll,0.43999029793590927,0.14551083591331268,0.42857142857142855,0.49473684210526314,0.7189542483660131,0.5,0.5728155339805825,0.29133333333333333,0.4358974358974359,0.37209302325581395,0.01965047314597352,0.05957554687344993,0.0363676333778788,0.0364600571933533,0.07142857142857142,0.04897957737781172,0.01173586959872625,0.08044135838502686,0.05242808018387298,../results/bigbench/triviaqa/meta-llama_Llama-3.2-3B-Instruct_uiortholora_trAll_lr1e-2_sv1024_svec64/models__llama-3b__triviaqa__uiortholora_trAll_sv1024_svec64_lr1e-2/results_2026-02-25T12-18-46.828207.json,1772014265.7614622,463.3085575099103
models/llama-3b/triviaqa/uiortholora_trAll_sv256_svec0_lr1e-2,,uiortholora,,1e-2,trAll,0.44268898892459063,0.15170278637770898,0.42857142857142855,0.5052631578947369,0.7647058823529411,0.48,0.6310679611650486,0.2846666666666667,0.4358974358974359,0.3023255813953488,0.019991384090033457,0.05957554687344993,0.0363676333778788,0.034405744227388346,0.0713714056959817,0.0477761518115674,0.011655253478988636,0.08044135838502686,0.049814340508982556,../results/bigbench/triviaqa/meta-llama_Llama-3.2-3B-Instruct_uiortholora_trAll_lr1e-2_sv256_svec0/models__llama-3b__triviaqa__uiortholora_trAll_sv256_svec0_lr1e-2/results_2026-02-26T19-44-05.541763.json,1772127450.8340733,396.95806941902265
models/llama-3b/triviaqa/uiortholora_trAll_sv256_svec128_lr1e-2,,uiortholora,,1e-2,trAll,0.3937733618770238,0.15170278637770898,0.42857142857142855,0.45789473684210524,0.6993464052287581,0.36,0.5631067961165048,0.28733333333333333,0.28205128205128205,0.313953488372093,0.019991384090033457,0.05957554687344993,0.03624046284425961,0.037192689109198575,0.06857142857142857,0.049111471073657785,0.011687871069875098,0.07299934324587597,0.050338465646658795,../results/bigbench/triviaqa/meta-llama_Llama-3.2-3B-Instruct_uiortholora_trAll_lr1e-2_sv256_svec128/models__llama-3b__triviaqa__uiortholora_trAll_sv256_svec128_lr1e-2/results_2026-02-25T07-47-30.559889.json,1771997976.8958952,475.9208915135823
models/llama-3b/triviaqa/uiortholora_trAll_sv256_svec256_lr1e-2,,uiortholora,,1e-2,trAll,0.42728397690421044,0.14860681114551083,0.42857142857142855,0.5210526315789473,0.7908496732026143,0.4,0.5436893203883495,0.2793333333333333,0.38461538461538464,0.3488372093023256,0.019822412406748303,0.05957554687344993,0.0363373950477333,0.0329878833016494,0.06998542122237651,0.04931801994220418,0.011588514886141611,0.07892141169885801,0.05169478420708943,../results/bigbench/triviaqa/meta-llama_Llama-3.2-3B-Instruct_uiortholora_trAll_lr1e-2_sv256_svec256/models__llama-3b__triviaqa__uiortholora_trAll_sv256_svec256_lr1e-2/results_2026-02-24T18-13-49.260605.json,1771949059.7171378,571.8851352031343
models/llama-3b/triviaqa/uiortholora_trAll_sv256_svec32_lr1e-2,,uiortholora,,1e-2,trAll,0.43304378434164176,0.1826625386996904,0.42857142857142855,0.5105263157894737,0.7647058823529411,0.42,0.6504854368932039,0.286,0.41025641025641024,0.2441860465116279,0.02153265147805506,0.05957554687344993,0.03636158772354764,0.034405744227388346,0.07050835816716038,0.04721188506097175,0.011671624474707267,0.07979349797082042,0.04659704878317674,../results/bigbench/triviaqa/meta-llama_Llama-3.2-3B-Instruct_uiortholora_trAll_lr1e-2_sv256_svec32/models__llama-3b__triviaqa__uiortholora_trAll_sv256_svec32_lr1e-2/results_2026-02-26T10-52-07.948930.json,1772095483.035467,447.18752516806126
models/llama-3b/triviaqa/uiortholora_trAll_sv256_svec64_lr1e-2,,uiortholora,,1e-2,trAll,0.41923973739089565,0.17337461300309598,0.42857142857142855,0.48947368421052634,0.7254901960784313,0.44,0.6213592233009708,0.264,0.28205128205128205,0.3488372093023256,0.021096926314136562,0.05957554687344993,0.03636158772354764,0.0361970276724367,0.07091242083423346,0.0480269469825897,0.011385184010076233,0.07299934324587597,0.05169478420708943,../results/bigbench/triviaqa/meta-llama_Llama-3.2-3B-Instruct_uiortholora_trAll_lr1e-2_sv256_svec64/models__llama-3b__triviaqa__uiortholora_trAll_sv256_svec64_lr1e-2/results_2026-02-25T21-20-09.893723.json,1772046750.6546626,461.5015178839676
models/llama-3b/triviaqa/uiortholora_trAll_sv512_svec0_lr1e-2,,uiortholora,,1e-2,trAll,0.4227966970729661,0.15170278637770898,0.42857142857142855,0.46842105263157896,0.7189542483660131,0.34,0.6019417475728155,0.318,0.358974358974359,0.4186046511627907,0.019991384090033457,0.05957554687344993,0.036297038088316094,0.0364600571933533,0.0676726816132972,0.048467482539772386,0.012028318820007938,0.07781756136754922,0.05350918526842119,../results/bigbench/triviaqa/meta-llama_Llama-3.2-3B-Instruct_uiortholora_trAll_lr1e-2_sv512_svec0/models__llama-3b__triviaqa__uiortholora_trAll_sv512_svec0_lr1e-2/results_2026-02-26T16-46-01.914589.json,1772116771.200937,392.975069582928
models/llama-3b/triviaqa/uiortholora_trAll_sv512_svec128_lr1e-2,,uiortholora,,1e-2,trAll,0.41837108099270676,0.15170278637770898,0.42857142857142855,0.4631578947368421,0.7581699346405228,0.34,0.5631067961165048,0.2806666666666667,0.38461538461538464,0.3953488372093023,0.019991384090033457,0.05957554687344993,0.03627078198521412,0.03473094752671374,0.0676726816132972,0.049111471073657785,0.011605388804004831,0.07892141169885801,0.05303141512089014,../results/bigbench/triviaqa/meta-llama_Llama-3.2-3B-Instruct_uiortholora_trAll_lr1e-2_sv512_svec128/models__llama-3b__triviaqa__uiortholora_trAll_sv512_svec128_lr1e-2/results_2026-02-25T03-15-56.567966.json,1771981681.3398664,477.4781172713265
models/llama-3b/triviaqa/uiortholora_trAll_sv512_svec256_lr1e-2,,uiortholora,,1e-2,trAll,0.4252240233471615,0.15170278637770898,0.42857142857142855,0.5,0.6797385620915033,0.36,0.5922330097087378,0.27666666666666667,0.38461538461538464,0.45348837209302323,0.019991384090033457,0.05957554687344993,0.036369648372665396,0.037844387863265216,0.06857142857142857,0.048657775704107696,0.011554385200421582,0.07892141169885801,0.053997458379123835,../results/bigbench/triviaqa/meta-llama_Llama-3.2-3B-Instruct_uiortholora_trAll_lr1e-2_sv512_svec256/models__llama-3b__triviaqa__uiortholora_trAll_sv512_svec256_lr1e-2/results_2026-02-24T13-37-17.059802.json,1771932470.1808922,569.1278766957112
models/llama-3b/triviaqa/uiortholora_trAll_sv512_svec32_lr1e-2,,uiortholora,,1e-2,trAll,0.4091962033987808,0.14860681114551083,0.42857142857142855,0.4631578947368421,0.7320261437908496,0.34,0.5922330097087378,0.296,0.3333333333333333,0.3488372093023256,0.019822412406748303,0.05957554687344993,0.03627078198521412,0.035924250403997736,0.0676726816132972,0.048657775704107696,0.011790476816582733,0.07647191129018727,0.05169478420708943,../results/bigbench/triviaqa/meta-llama_Llama-3.2-3B-Instruct_uiortholora_trAll_lr1e-2_sv512_svec32/models__llama-3b__triviaqa__uiortholora_trAll_sv512_svec32_lr1e-2/results_2026-02-26T06-24-08.744899.json,1772079307.270471,543.7188793909736
models/llama-3b/triviaqa/uiortholora_trAll_sv512_svec512_lr1e-2,,uiortholora,,1e-2,trAll,0.4255896520450677,0.15170278637770898,0.42857142857142855,0.4842105263157895,0.7320261437908496,0.38,0.6116504854368932,0.2806666666666667,0.4358974358974359,0.32558139534883723,0.019991384090033457,0.05957554687344993,0.03635150939864341,0.035924250403997736,0.06934092056863769,0.04825729337356393,0.011605388804004831,0.08044135838502686,0.05082590242265215,../results/bigbench/triviaqa/meta-llama_Llama-3.2-3B-Instruct_uiortholora_trAll_lr1e-2_sv512_svec512/models__llama-3b__triviaqa__uiortholora_trAll_sv512_svec512_lr1e-2/results_2026-02-24T04-15-01.565113.json,1771898712.4614954,591.3641674341634
models/llama-3b/triviaqa/uiortholora_trAll_sv512_svec64_lr1e-2,,uiortholora,,1e-2,trAll,0.42698928758402194,0.15170278637770898,0.42857142857142855,0.48947368421052634,0.7777777777777778,0.38,0.5922330097087378,0.31533333333333335,0.358974358974359,0.3488372093023256,0.019991384090033457,0.05957554687344993,0.03636158772354764,0.03372094325927134,0.06934092056863769,0.048657775704107696,0.012001173564535216,0.07781756136754922,0.05169478420708943,../results/bigbench/triviaqa/meta-llama_Llama-3.2-3B-Instruct_uiortholora_trAll_lr1e-2_sv512_svec64/models__llama-3b__triviaqa__uiortholora_trAll_sv512_svec64_lr1e-2/results_2026-02-25T16-50-20.971680.json,1772030561.5441017,461.70273171178997
models/gemma-12b/triviaqa/uiortholora_trAll_sv1024_svec0_lr1e-4,,uiortholora,,1e-4,trAll,0.6248562410632974,0.2755417956656347,0.42857142857142855,0.631578947368421,0.8823529411764706,0.54,0.8349514563106796,0.3333333333333333,0.8717948717948718,0.8255813953488372,0.02489845928700079,0.05957554687344993,0.03508771929824561,0.02613303872466584,0.07119963311072636,0.03675668832233187,0.012175671622863085,0.05423355275954148,0.041159196671218555,../results/bigbench/triviaqa/google_gemma-3-12b-it_uiortholora_trAll_lr1e-4_sv1024_svec0/models__gemma-12b__triviaqa__uiortholora_trAll_sv1024_svec0_lr1e-4/results_2026-02-16T12-45-11.654494.json,1771238000.3693638,713.5642801299691
models/gemma-12b/triviaqa/uiortholora_trAll_sv1024_svec128_lr1e-4,,uiortholora,,1e-4,trAll,0.6202308097072761,0.24458204334365324,0.42857142857142855,0.6368421052631579,0.8823529411764706,0.54,0.8446601941747572,0.3333333333333333,0.8461538461538461,0.8255813953488372,0.023953997540932144,0.05957554687344993,0.034981040838332006,0.02613303872466584,0.07119963311072636,0.03586594738573976,0.012175671622863085,0.05852968540405247,0.041159196671218555,../results/bigbench/triviaqa/google_gemma-3-12b-it_uiortholora_trAll_lr1e-4_sv1024_svec128/models__gemma-12b__triviaqa__uiortholora_trAll_sv1024_svec128_lr1e-4/results_2026-02-17T03-11-37.000308.json,1771289847.949776,851.3068602569401
models/gemma-12b/triviaqa/uiortholora_trAll_sv1024_svec256_lr1e-4,,uiortholora,,1e-4,trAll,0.6227230831542018,0.26006191950464397,0.42857142857142855,0.631578947368421,0.8823529411764706,0.54,0.8349514563106796,0.332,0.8461538461538461,0.8488372093023255,0.024446018457216535,0.05957554687344993,0.03508771929824561,0.02613303872466584,0.07119963311072636,0.03675668832233187,0.0121634411057489,0.05852968540405247,0.03885305672071534,../results/bigbench/triviaqa/google_gemma-3-12b-it_uiortholora_trAll_lr1e-4_sv1024_svec256/models__gemma-12b__triviaqa__uiortholora_trAll_sv1024_svec256_lr1e-4/results_2026-02-17T10-51-21.159298.json,1771317221.3041916,1062.1175838410854
models/gemma-12b/triviaqa/uiortholora_trAll_sv1024_svec512_lr1e-4,,uiortholora,,1e-4,trAll,0.6236340375925641,0.2631578947368421,0.42857142857142855,0.6368421052631579,0.8758169934640523,0.54,0.8446601941747572,0.32866666666666666,0.8461538461538461,0.8488372093023255,0.024539600216850362,0.05957554687344993,0.034981040838332006,0.02674951886232827,0.07119963311072636,0.03586594738573976,0.012132383212194172,0.05852968540405247,0.03885305672071534,../results/bigbench/triviaqa/google_gemma-3-12b-it_uiortholora_trAll_lr1e-4_sv1024_svec512/models__gemma-12b__triviaqa__uiortholora_trAll_sv1024_svec512_lr1e-4/results_2026-02-17T18-55-21.066851.json,1771346121.2403781,1202.0943960738368
models/gemma-12b/triviaqa/uiortholora_trAll_sv1024_svec64_lr1e-4,,uiortholora,,1e-4,trAll,0.6254058082223157,0.26625386996904027,0.42857142857142855,0.6263157894736842,0.8888888888888888,0.54,0.8349514563106796,0.33466666666666667,0.8717948717948718,0.8372093023255814,0.024631617986737374,0.05957554687344993,0.03518990966860908,0.025490637096729087,0.07119963311072636,0.03675668832233187,0.01218779255857652,0.05423355275954148,0.0400426076639687,../results/bigbench/triviaqa/google_gemma-3-12b-it_uiortholora_trAll_lr1e-4_sv1024_svec64/models__gemma-12b__triviaqa__uiortholora_trAll_sv1024_svec64_lr1e-4/results_2026-02-16T19-53-56.109716.json,1771263510.197717,928.172675461974
models/gemma-12b/triviaqa/uiortholora_trAll_sv1024_svec0_lr2e-2,,uiortholora,,2e-2,trAll,0.5668118550643899,0.1609907120743034,0.42857142857142855,0.5789473684210527,0.8235294117647058,0.56,0.7378640776699029,0.312,0.7435897435897436,0.7558139534883721,0.020481221720592017,0.05957554687344993,0.03591342566450239,0.03092102841399099,0.07091242083423346,0.04354631077260595,0.01196659794222543,0.07083413480167725,0.04659704878317674,../results/bigbench/triviaqa/google_gemma-3-12b-it_uiortholora_trAll_lr2e-2_sv1024_svec0/models__gemma-12b__triviaqa__uiortholora_trAll_sv1024_svec0_lr2e-2/results_2026-02-20T02-07-22.087902.json,1771545330.4220006,713.9032541797496
models/gemma-12b/triviaqa/uiortholora_trAll_sv1024_svec128_lr2e-2,,uiortholora,,2e-2,trAll,0.5624944093470474,0.2786377708978328,0.42857142857142855,0.5368421052631579,0.803921568627451,0.6,0.7475728155339806,0.30733333333333335,0.6153846153846154,0.7441860465116279,0.02498439037691257,0.05957554687344993,0.03627078198521412,0.03220326888881306,0.06998542122237651,0.04301250399690879,0.011916978642131083,0.07892141169885801,0.04732530409945752,../results/bigbench/triviaqa/google_gemma-3-12b-it_uiortholora_trAll_lr2e-2_sv1024_svec128/models__gemma-12b__triviaqa__uiortholora_trAll_sv1024_svec128_lr2e-2/results_2026-02-20T17-00-47.476982.json,1771598789.3487096,860.3704243493266
models/gemma-12b/triviaqa/uiortholora_trAll_sv1024_svec256_lr2e-2,,uiortholora,,2e-2,trAll,0.5816037629337573,0.29411764705882354,0.42857142857142855,0.5263157894736842,0.8235294117647058,0.54,0.7475728155339806,0.298,0.8205128205128205,0.7558139534883721,0.0253921086648068,0.05957554687344993,0.03631923996538706,0.03092102841399099,0.07119963311072636,0.04301250399690879,0.011813426176404126,0.062254049094039386,0.04659704878317674,../results/bigbench/triviaqa/google_gemma-3-12b-it_uiortholora_trAll_lr2e-2_sv1024_svec256/models__gemma-12b__triviaqa__uiortholora_trAll_sv1024_svec256_lr2e-2/results_2026-02-21T00-49-16.586807.json,1771626690.5984535,1068.2437816988677
models/gemma-12b/triviaqa/uiortholora_trAll_sv1024_svec512_lr2e-2,,uiortholora,,2e-2,trAll,0.5775990057234538,0.26625386996904027,0.42857142857142855,0.5368421052631579,0.8366013071895425,0.52,0.7572815533980582,0.3486666666666667,0.7948717948717948,0.7093023255813954,0.024631617986737374,0.05957554687344993,0.03627078198521412,0.029988984819681277,0.0713714056959817,0.04245022486384496,0.01230852609743651,0.06550424345215437,0.04925235575210586,../results/bigbench/triviaqa/google_gemma-3-12b-it_uiortholora_trAll_lr2e-2_sv1024_svec512/models__gemma-12b__triviaqa__uiortholora_trAll_sv1024_svec512_lr2e-2/results_2026-02-21T08-58-05.369813.json,1771656001.6357062,1085.9907592083327
models/gemma-12b/triviaqa/uiortholora_trAll_sv1024_svec64_lr2e-2,,uiortholora,,2e-2,trAll,0.5739029058065673,0.3065015479876161,0.42857142857142855,0.5105263157894737,0.8169934640522876,0.52,0.7281553398058253,0.3293333333333333,0.7692307692307693,0.7558139534883721,0.025692782965007724,0.05957554687344993,0.03636158772354764,0.031363231043705656,0.0713714056959817,0.04405268024140923,0.012138649999421885,0.06834794743374142,0.04659704878317674,../results/bigbench/triviaqa/google_gemma-3-12b-it_uiortholora_trAll_lr2e-2_sv1024_svec64/models__gemma-12b__triviaqa__uiortholora_trAll_sv1024_svec64_lr2e-2/results_2026-02-20T09-34-15.884961.json,1771572024.6911557,833.4493681620806
models/llama-3b/triviaqa/uiortholora_trAll_sv1024_svec0_lr2e-2,,uiortholora,,2e-2,trAll,0.3638704487498185,0.15479876160990713,0.42857142857142855,0.5210526315789473,0.6993464052287581,0.4,0.39805825242718446,0.24933333333333332,0.1794871794871795,0.2441860465116279,0.020157462823895463,0.05957554687344993,0.0363373950477333,0.037192689109198575,0.06998542122237651,0.04846748253977238,0.011174109448309068,0.06225404909403938,0.04659704878317674,../results/bigbench/triviaqa/meta-llama_Llama-3.2-3B-Instruct_uiortholora_trAll_lr2e-2_sv1024_svec0/models__llama-3b__triviaqa__uiortholora_trAll_sv1024_svec0_lr2e-2/results_2026-03-01T15-56-15.838757.json,1772372982.2663984,395.8330554123968
models/llama-3b/triviaqa/uiortholora_trAll_sv1024_svec128_lr2e-2,,uiortholora,,2e-2,trAll,0.3831152232496758,0.18885448916408668,0.42857142857142855,0.5052631578947369,0.6993464052287581,0.36,0.46601941747572817,0.24333333333333335,0.358974358974359,0.19767441860465115,0.02181147847893003,0.05957554687344993,0.0363676333778788,0.037192689109198575,0.06857142857142857,0.049392914472734785,0.011082871236193271,0.07781756136754922,0.04319575725815514,../results/bigbench/triviaqa/meta-llama_Llama-3.2-3B-Instruct_uiortholora_trAll_lr2e-2_sv1024_svec128/models__llama-3b__triviaqa__uiortholora_trAll_sv1024_svec128_lr2e-2/results_2026-02-22T10-26-21.478868.json,1771748304.157471,479.58198710298166
models/llama-3b/triviaqa/uiortholora_trAll_sv1024_svec128_lr2e-2,,uiortholora,,2e-2,trAll,0.3731476240034977,0.13622291021671826,0.42857142857142855,0.5210526315789473,0.6928104575163399,0.38,0.3786407766990291,0.25066666666666665,0.2564102564102564,0.313953488372093,0.019116042249105448,0.05957554687344993,0.0363373950477333,0.037418694971506634,0.06934092056863769,0.04802694698258969,0.011193992268230016,0.07083413480167725,0.050338465646658795,../results/bigbench/triviaqa/meta-llama_Llama-3.2-3B-Instruct_uiortholora_trAll_lr2e-2_sv1024_svec128/models__llama-3b__triviaqa__uiortholora_trAll_sv1024_svec128_lr2e-2/results_2026-02-28T00-22-07.185422.json,1772230454.5198731,474.8904412202537
models/llama-3b/triviaqa/uiortholora_trAll_sv1024_svec256_lr2e-2,,uiortholora,,2e-2,trAll,0.3921615014163354,0.20743034055727555,0.42857142857142855,0.4842105263157895,0.7058823529411765,0.4,0.3300970873786408,0.24666666666666667,0.4358974358974359,0.29069767441860467,0.022595758573413196,0.05957554687344993,0.03635150939864341,0.03695769779044372,0.06998542122237651,0.046561471100123486,0.011133917739545626,0.08044135838502686,0.049252355752105854,../results/bigbench/triviaqa/meta-llama_Llama-3.2-3B-Instruct_uiortholora_trAll_lr2e-2_sv1024_svec256/models__llama-3b__triviaqa__uiortholora_trAll_sv1024_svec256_lr2e-2/results_2026-02-22T06-01-46.459790.json,1771732325.3875268,583.3069375837222
models/llama-3b/triviaqa/uiortholora_trAll_sv1024_svec256_lr2e-2,,uiortholora,,2e-2,trAll,0.39964821362785713,0.16408668730650156,0.42857142857142855,0.5578947368421052,0.7124183006535948,0.28,0.6116504854368932,0.23666666666666666,0.38461538461538464,0.22093023255813954,0.02063903362994227,0.05957554687344993,0.03612501803855088,0.03671354847681531,0.06414269805898185,0.04825729337356393,0.010978040898008287,0.07892141169885801,0.044999354884257665,../results/bigbench/triviaqa/meta-llama_Llama-3.2-3B-Instruct_uiortholora_trAll_lr2e-2_sv1024_svec256/models__llama-3b__triviaqa__uiortholora_trAll_sv1024_svec256_lr2e-2/results_2026-02-27T10-30-20.672058.json,1772180455.914022,566.9949594344944
models/llama-3b/triviaqa/uiortholora_trAll_sv1024_svec32_lr2e-2,,uiortholora,,2e-2,trAll,0.3839951415954423,0.19814241486068113,0.42857142857142855,0.49473684210526314,0.6405228758169934,0.36,0.4563106796116505,0.228,0.358974358974359,0.29069767441860467,0.02221311223016424,0.05957554687344993,0.0363676333778788,0.038920746173619646,0.06857142857142857,0.04931801994220418,0.010836156215236748,0.07781756136754922,0.049252355752105854,../results/bigbench/triviaqa/meta-llama_Llama-3.2-3B-Instruct_uiortholora_trAll_lr2e-2_sv1024_svec32/models__llama-3b__triviaqa__uiortholora_trAll_sv1024_svec32_lr2e-2/results_2026-03-01T03-46-20.406295.json,1772329138.390846,444.2801401736215
models/llama-3b/triviaqa/uiortholora_trAll_sv1024_svec512_lr2e-2,,uiortholora,,2e-2,trAll,0.37997783212907194,0.18575851393188855,0.42857142857142855,0.5421052631578948,0.673202614379085,0.4,0.4174757281553398,0.2813333333333333,0.28205128205128205,0.20930232558139536,0.021673200128992987,0.05957554687344993,0.03624046284425961,0.03804436938526774,0.06998542122237651,0.04882840548212234,0.011613778275098132,0.07299934324587597,0.04412480456048901,../results/bigbench/triviaqa/meta-llama_Llama-3.2-3B-Instruct_uiortholora_trAll_lr2e-2_sv1024_svec512/models__llama-3b__triviaqa__uiortholora_trAll_sv1024_svec512_lr2e-2/results_2026-02-22T01-27-21.913386.json,1771715800.2608268,643.9157304158434
models/llama-3b/triviaqa/uiortholora_trAll_sv1024_svec512_lr2e-2,,uiortholora,,2e-2,trAll,0.39595845867124735,0.18885448916408668,0.42857142857142855,0.5052631578947369,0.6666666666666666,0.42,0.5339805825242718,0.238,0.38461538461538464,0.19767441860465115,0.02181147847893003,0.05957554687344993,0.0363676333778788,0.03823595564509363,0.07050835816716038,0.049392914472734785,0.010999302543235414,0.07892141169885801,0.04319575725815514,../results/bigbench/triviaqa/meta-llama_Llama-3.2-3B-Instruct_uiortholora_trAll_lr2e-2_sv1024_svec512/models__llama-3b__triviaqa__uiortholora_trAll_sv1024_svec512_lr2e-2/results_2026-02-27T00-43-41.553257.json,1772145239.1931996,584.6221183883026
models/llama-3b/triviaqa/uiortholora_trAll_sv1024_svec64_lr2e-2,,uiortholora,,2e-2,trAll,0.38749891380756807,0.2043343653250774,0.42857142857142855,0.5210526315789473,0.6928104575163399,0.34,0.39805825242718446,0.22466666666666665,0.5384615384615384,0.13953488372093023,0.022470258636825335,0.05957554687344993,0.0363373950477333,0.037418694971506634,0.0676726816132972,0.04846748253977238,0.010779850361650824,0.08087038200582258,0.037583616572355615,../results/bigbench/triviaqa/meta-llama_Llama-3.2-3B-Instruct_uiortholora_trAll_lr2e-2_sv1024_svec64/models__llama-3b__triviaqa__uiortholora_trAll_sv1024_svec64_lr2e-2/results_2026-02-28T14-06-47.662154.json,1772279944.476046,465.45684290584177
models/llama-3b/triviaqa/uiortholora_trAll_sv256_svec0_lr2e-2,,uiortholora,,2e-2,trAll,0.41077244897021203,0.17647058823529413,0.42857142857142855,0.4842105263157895,0.6993464052287581,0.44,0.3883495145631068,0.258,0.46153846153846156,0.36046511627906974,0.02124456230925339,0.05957554687344993,0.03635150939864341,0.037192689109198575,0.07091242083423346,0.04825729337356392,0.011300846845537027,0.08087038200582258,0.05207799763759181,../results/bigbench/triviaqa/meta-llama_Llama-3.2-3B-Instruct_uiortholora_trAll_lr2e-2_sv256_svec0/models__llama-3b__triviaqa__uiortholora_trAll_sv256_svec0_lr2e-2/results_2026-03-01T22-00-59.339981.json,1772394867.983383,393.61646769195795
models/llama-3b/triviaqa/uiortholora_trAll_sv256_svec128_lr2e-2,,uiortholora,,2e-2,trAll,0.3970221228808782,0.23219814241486067,0.42857142857142855,0.5,0.6666666666666666,0.34,0.5145631067961165,0.246,0.4358974358974359,0.20930232558139536,0.023530221420663064,0.05957554687344993,0.036369648372665396,0.03823595564509363,0.0676726816132972,0.049486373240266356,0.01112378048723629,0.08044135838502686,0.04412480456048901,../results/bigbench/triviaqa/meta-llama_Llama-3.2-3B-Instruct_uiortholora_trAll_lr2e-2_sv256_svec128/models__llama-3b__triviaqa__uiortholora_trAll_sv256_svec128_lr2e-2/results_2026-02-28T09-33-43.178111.json,1772263512.273264,513.1608648272231
models/llama-3b/triviaqa/uiortholora_trAll_sv256_svec256_lr2e-2,,uiortholora,,2e-2,trAll,0.3808512686062837,0.15479876160990713,0.44285714285714284,0.4842105263157895,0.7320261437908496,0.34,0.42718446601941745,0.25266666666666665,0.38461538461538464,0.20930232558139536,0.020157462823895463,0.05979853784717617,0.03635150939864341,0.035924250403997736,0.0676726816132972,0.048979577377811716,0.011223552329784649,0.07892141169885801,0.04412480456048901,../results/bigbench/triviaqa/meta-llama_Llama-3.2-3B-Instruct_uiortholora_trAll_lr2e-2_sv256_svec256/models__llama-3b__triviaqa__uiortholora_trAll_sv256_svec256_lr2e-2/results_2026-02-27T19-50-16.939313.json,1772214053.4430122,565.7519254554063
models/llama-3b/triviaqa/uiortholora_trAll_sv256_svec32_lr2e-2,,uiortholora,,2e-2,trAll,0.3725821576876298,0.1609907120743034,0.42857142857142855,0.5,0.6666666666666666,0.48,0.4174757281553398,0.22666666666666666,0.3333333333333333,0.13953488372093023,0.020481221720592017,0.05957554687344993,0.036369648372665396,0.03823595564509363,0.0713714056959817,0.04882840548212234,0.010813751310447053,0.07647191129018727,0.037583616572355615,../results/bigbench/triviaqa/meta-llama_Llama-3.2-3B-Instruct_uiortholora_trAll_lr2e-2_sv256_svec32/models__llama-3b__triviaqa__uiortholora_trAll_sv256_svec32_lr2e-2/results_2026-03-01T12-54-33.764490.json,1772362029.7172954,446.31157073937356
models/llama-3b/triviaqa/uiortholora_trAll_sv256_svec64_lr2e-2,,uiortholora,,2e-2,trAll,0.41725695272873514,0.17647058823529413,0.42857142857142855,0.45789473684210524,0.6993464052287581,0.42,0.5145631067961165,0.25733333333333336,0.48717948717948717,0.313953488372093,0.02124456230925339,0.05957554687344993,0.03624046284425961,0.037192689109198575,0.07050835816716038,0.049486373240266356,0.011291305873021863,0.08108404256841999,0.050338465646658795,../results/bigbench/triviaqa/meta-llama_Llama-3.2-3B-Instruct_uiortholora_trAll_lr2e-2_sv256_svec64/models__llama-3b__triviaqa__uiortholora_trAll_sv256_svec64_lr2e-2/results_2026-02-28T23-13-59.444608.json,1772312777.5995364,464.10373735707253
models/llama-3b/triviaqa/uiortholora_trAll_sv512_svec0_lr2e-2,,uiortholora,,2e-2,trAll,0.392350204298381,0.1238390092879257,0.42857142857142855,0.5263157894736842,0.7189542483660131,0.48,0.3592233009708738,0.23533333333333334,0.3333333333333333,0.32558139534883723,0.01835662158751376,0.05957554687344993,0.03631923996538706,0.0364600571933533,0.0713714056959817,0.04750458399041693,0.010956629752227125,0.07647191129018727,0.05082590242265215,../results/bigbench/triviaqa/meta-llama_Llama-3.2-3B-Instruct_uiortholora_trAll_lr2e-2_sv512_svec0/models__llama-3b__triviaqa__uiortholora_trAll_sv512_svec0_lr2e-2/results_2026-03-01T18-58-18.992193.json,1772383903.4957354,397.74079917836934
models/llama-3b/triviaqa/uiortholora_trAll_sv512_svec128_lr2e-2,,uiortholora,,2e-2,trAll,0.36352520928453314,0.14860681114551083,0.42857142857142855,0.47368421052631576,0.6535947712418301,0.34,0.49514563106796117,0.236,0.3333333333333333,0.16279069767441862,0.019822412406748303,0.05957554687344993,0.03631923996538707,0.03859443700088902,0.0676726816132972,0.049505043821289174,0.01096735406726821,0.07647191129018727,0.0400426076639687,../results/bigbench/triviaqa/meta-llama_Llama-3.2-3B-Instruct_uiortholora_trAll_lr2e-2_sv512_svec128/models__llama-3b__triviaqa__uiortholora_trAll_sv512_svec128_lr2e-2/results_2026-02-28T04-56-07.052994.json,1772246894.3464556,474.9659267133102
models/llama-3b/triviaqa/uiortholora_trAll_sv512_svec256_lr2e-2,,uiortholora,,2e-2,trAll,0.38326918704659374,0.20123839009287925,0.42857142857142855,0.5052631578947369,0.6601307189542484,0.34,0.4077669902912621,0.22666666666666666,0.3076923076923077,0.37209302325581395,0.022342721552065282,0.05957554687344993,0.0363676333778788,0.03841927223748343,0.0676726816132972,0.048657775704107696,0.010813751310447053,0.07487142513727502,0.05242808018387298,../results/bigbench/triviaqa/meta-llama_Llama-3.2-3B-Instruct_uiortholora_trAll_lr2e-2_sv512_svec256/models__llama-3b__triviaqa__uiortholora_trAll_sv512_svec256_lr2e-2/results_2026-02-27T15-09-40.927345.json,1772197215.5295985,567.6375617068261
models/llama-3b/triviaqa/uiortholora_trAll_sv512_svec32_lr2e-2,,uiortholora,,2e-2,trAll,0.341687751530125,0.15170278637770898,0.42857142857142855,0.5052631578947369,0.6928104575163399,0.24,0.34951456310679613,0.244,0.23076923076923078,0.23255813953488372,0.019991384090033457,0.05957554687344993,0.0363676333778788,0.037418694971506634,0.0610118757258932,0.047211885060971744,0.011093152784148502,0.06834794743374142,0.04582252865785014,../results/bigbench/triviaqa/meta-llama_Llama-3.2-3B-Instruct_uiortholora_trAll_lr2e-2_sv512_svec32/models__llama-3b__triviaqa__uiortholora_trAll_sv512_svec32_lr2e-2/results_2026-03-01T08-21-09.096310.json,1772345626.5149856,444.8236000984907
models/llama-3b/triviaqa/uiortholora_trAll_sv512_svec512_lr2e-2,,uiortholora,,2e-2,trAll,0.38433054538935074,0.1609907120743034,0.42857142857142855,0.531578947368421,0.6470588235294118,0.36,0.4854368932038835,0.24933333333333332,0.28205128205128205,0.313953488372093,0.020481221720592017,0.05957554687344993,0.036297038088316094,0.03876156045061584,0.06857142857142857,0.049486373240266356,0.011174109448309068,0.07299934324587597,0.050338465646658795,../results/bigbench/triviaqa/meta-llama_Llama-3.2-3B-Instruct_uiortholora_trAll_lr2e-2_sv512_svec512/models__llama-3b__triviaqa__uiortholora_trAll_sv512_svec512_lr2e-2/results_2026-02-27T05-44-15.157843.json,1772163273.4659784,583.947395209223
models/llama-3b/triviaqa/uiortholora_trAll_sv512_svec64_lr2e-2,,uiortholora,,2e-2,trAll,0.37383947576583737,0.15170278637770898,0.42857142857142855,0.5105263157894737,0.6993464052287581,0.46,0.4174757281553398,0.2613333333333333,0.3076923076923077,0.12790697674418605,0.019991384090033457,0.05957554687344993,0.03636158772354764,0.037192689109198575,0.07119963311072636,0.04882840548212234,0.011348039484785334,0.07487142513727502,0.03622588967678621,../results/bigbench/triviaqa/meta-llama_Llama-3.2-3B-Instruct_uiortholora_trAll_lr2e-2_sv512_svec64/models__llama-3b__triviaqa__uiortholora_trAll_sv512_svec64_lr2e-2/results_2026-02-28T18-40-05.627559.json,1772296343.276372,464.609075573273
models/gemma-12b/triviaqa/uiortholora_trAll_sv1024_svec0_lr3e-1,,uiortholora,,3e-1,trAll,0.3335578968982293,0.17027863777089783,0.42857142857142855,0.4789473684210526,0.5424836601307189,0.22,0.2621359223300971,0.20133333333333334,0.2564102564102564,0.4418604651162791,0.020946828818365727,0.05957554687344993,0.036337395047733305,0.0404086965156194,0.059178043363451366,0.04354631077260595,0.010357139004911517,0.07083413480167725,0.05386473193904115,../results/bigbench/triviaqa/google_gemma-3-12b-it_uiortholora_trAll_lr3e-1_sv1024_svec0/models__gemma-12b__triviaqa__uiortholora_trAll_sv1024_svec0_lr3e-1/results_2026-02-18T03-35-43.608489.json,1771377837.5110672,708.3750811181962
models/llama-3b/triviaqa/uiortholora_trAll_sv1024_svec0_lr3e-1,,uiortholora,,3e-1,trAll,0.3268641728919679,0.1609907120743034,0.42857142857142855,0.4789473684210526,0.5751633986928104,0.26,0.27184466019417475,0.20066666666666666,0.20512820512820512,0.36046511627906974,0.020481221720592017,0.05957554687344993,0.036337395047733305,0.04009449885951557,0.06266203485560373,0.04405268024140923,0.010344291821381215,0.06550424345215437,0.05207799763759181,../results/bigbench/triviaqa/meta-llama_Llama-3.2-3B-Instruct_uiortholora_trAll_lr3e-1_sv1024_svec0/models__llama-3b__triviaqa__uiortholora_trAll_sv1024_svec0_lr3e-1/results_2026-02-17T22-28-22.941499.json,1771359710.2781634,394.9190434720367
models/llama-3b/triviaqa/uiortholora_trAll_sv1024_svec0_lr3e-2,,uiortholora,,3e-2,trAll,0.35018740960372585,0.14860681114551083,0.42857142857142855,0.5,0.6209150326797386,0.42,0.30097087378640774,0.204,0.3076923076923077,0.22093023255813954,0.019822412406748303,0.05957554687344993,0.036369648372665396,0.03935161627056306,0.07050835816716038,0.045416094465039504,0.01040808430079915,0.07487142513727502,0.044999354884257665,../results/bigbench/triviaqa/meta-llama_Llama-3.2-3B-Instruct_uiortholora_trAll_lr3e-2_sv1024_svec0/models__llama-3b__triviaqa__uiortholora_trAll_sv1024_svec0_lr3e-2/results_2026-03-04T20-11-01.493754.json,1772647467.2010314,396.5598277095705
models/llama-3b/triviaqa/uiortholora_trAll_sv1024_svec128_lr3e-2,,uiortholora,,3e-2,trAll,0.3665379591558144,0.13622291021671826,0.42857142857142855,0.5421052631578948,0.6405228758169934,0.4,0.34951456310679613,0.222,0.358974358974359,0.22093023255813954,0.019116042249105448,0.05957554687344993,0.03624046284425961,0.038920746173619646,0.06998542122237651,0.047211885060971744,0.010734095857403049,0.07781756136754922,0.044999354884257665,../results/bigbench/triviaqa/meta-llama_Llama-3.2-3B-Instruct_uiortholora_trAll_lr3e-2_sv1024_svec128/models__llama-3b__triviaqa__uiortholora_trAll_sv1024_svec128_lr3e-2/results_2026-02-23T00-26-14.390939.json,1771798690.3866222,486.251504488755
models/llama-3b/triviaqa/uiortholora_trAll_sv1024_svec128_lr3e-2,,uiortholora,,3e-2,trAll,0.3678136502982232,0.15479876160990713,0.42857142857142855,0.5105263157894737,0.6274509803921569,0.42,0.39805825242718446,0.23066666666666666,0.3076923076923077,0.23255813953488372,0.020157462823895463,0.05957554687344993,0.03636158772354764,0.0392156862745098,0.07050835816716038,0.04846748253977238,0.010880500627252258,0.07487142513727502,0.04582252865785014,../results/bigbench/triviaqa/meta-llama_Llama-3.2-3B-Instruct_uiortholora_trAll_lr3e-2_sv1024_svec128/models__llama-3b__triviaqa__uiortholora_trAll_sv1024_svec128_lr3e-2/results_2026-03-03T03-24-02.881757.json,1772500573.3742366,471.7522215684876
models/llama-3b/triviaqa/uiortholora_trAll_sv1024_svec256_lr3e-2,,uiortholora,,3e-2,trAll,0.3586741161852205,0.16408668730650156,0.42857142857142855,0.45263157894736844,0.5882352941176471,0.44,0.36893203883495146,0.21733333333333332,0.358974358974359,0.20930232558139536,0.02063903362994227,0.05957554687344993,0.036206070458230516,0.03991887603166448,0.07091242083423346,0.0477761518115674,0.010652481116606756,0.07781756136754922,0.04412480456048901,../results/bigbench/triviaqa/meta-llama_Llama-3.2-3B-Instruct_uiortholora_trAll_lr3e-2_sv1024_svec256/models__llama-3b__triviaqa__uiortholora_trAll_sv1024_svec256_lr3e-2/results_2026-02-22T19-51-14.401035.json,1771782091.0365794,585.6105696670711
models/llama-3b/triviaqa/uiortholora_trAll_sv1024_svec256_lr3e-2,,uiortholora,,3e-2,trAll,0.33097423028252365,0.15170278637770898,0.42857142857142855,0.48947368421052634,0.6797385620915033,0.3,0.32038834951456313,0.21533333333333332,0.23076923076923078,0.16279069767441862,0.019991384090033457,0.05957554687344993,0.03636158772354764,0.037844387863265216,0.06546536707079771,0.046202840822800406,0.010616892429637823,0.06834794743374142,0.0400426076639687,../results/bigbench/triviaqa/meta-llama_Llama-3.2-3B-Instruct_uiortholora_trAll_lr3e-2_sv1024_svec256/models__llama-3b__triviaqa__uiortholora_trAll_sv1024_svec256_lr3e-2/results_2026-03-02T13-05-10.106445.json,1772448940.8949537,571.4722615657374
models/llama-3b/triviaqa/uiortholora_trAll_sv1024_svec32_lr3e-2,,uiortholora,,3e-2,trAll,0.36968815156410006,0.17337461300309598,0.42857142857142855,0.5526315789473685,0.6666666666666666,0.5,0.2912621359223301,0.22333333333333333,0.28205128205128205,0.20930232558139536,0.021096926314136562,0.05957554687344993,0.03616759320717246,0.03823595564509363,0.07142857142857142,0.044986763205729245,0.010757052562090886,0.07299934324587597,0.04412480456048901,../results/bigbench/triviaqa/meta-llama_Llama-3.2-3B-Instruct_uiortholora_trAll_lr3e-2_sv1024_svec32/models__llama-3b__triviaqa__uiortholora_trAll_sv1024_svec32_lr3e-2/results_2026-03-04T07-41-08.974726.json,1772602422.0076187,449.2436315836385
models/llama-3b/triviaqa/uiortholora_trAll_sv1024_svec512_lr3e-2,,uiortholora,,3e-2,trAll,0.35978301458347156,0.14241486068111456,0.42857142857142855,0.45789473684210524,0.6209150326797386,0.46,0.2815533980582524,0.22266666666666668,0.3333333333333333,0.29069767441860467,0.019475487710131797,0.05957554687344993,0.03624046284425961,0.03935161627056306,0.07119963311072636,0.044532548363264673,0.010745594136375644,0.07647191129018727,0.049252355752105854,../results/bigbench/triviaqa/meta-llama_Llama-3.2-3B-Instruct_uiortholora_trAll_lr3e-2_sv1024_svec512/models__llama-3b__triviaqa__uiortholora_trAll_sv1024_svec512_lr3e-2/results_2026-02-22T15-18-54.085854.json,1771765726.1270313,610.2178725400008
models/llama-3b/triviaqa/uiortholora_trAll_sv1024_svec512_lr3e-2,,uiortholora,,3e-2,trAll,0.3598669709344745,0.16408668730650156,0.42857142857142855,0.5157894736842106,0.6601307189542484,0.4,0.33980582524271846,0.22266666666666668,0.3333333333333333,0.1744186046511628,0.02063903362994227,0.05957554687344993,0.0363515093986434,0.03841927223748343,0.06998542122237651,0.046897659372781356,0.010745594136375644,0.07647191129018727,0.04115919667121856,../results/bigbench/triviaqa/meta-llama_Llama-3.2-3B-Instruct_uiortholora_trAll_lr3e-2_sv1024_svec512/models__llama-3b__triviaqa__uiortholora_trAll_sv1024_svec512_lr3e-2/results_2026-03-02T03-05-46.334135.json,1772412961.046678,587.5533797489479
models/llama-3b/triviaqa/uiortholora_trAll_sv1024_svec64_lr3e-2,,uiortholora,,3e-2,trAll,0.3446553291052458,0.12074303405572756,0.42857142857142855,0.4842105263157895,0.6666666666666666,0.36,0.3592233009708738,0.212,0.3076923076923077,0.16279069767441862,0.018157707480301627,0.05957554687344993,0.03635150939864341,0.03823595564509363,0.06857142857142857,0.04750458399041693,0.010556749656445992,0.07487142513727502,0.0400426076639687,../results/bigbench/triviaqa/meta-llama_Llama-3.2-3B-Instruct_uiortholora_trAll_lr3e-2_sv1024_svec64/models__llama-3b__triviaqa__uiortholora_trAll_sv1024_svec64_lr3e-2/results_2026-03-03T17-33-36.558976.json,1772551550.557667,468.33165368344635
models/llama-3b/triviaqa/uiortholora_trAll_sv256_svec0_lr3e-2,,uiortholora,,3e-2,trAll,0.34692424794634386,0.15170278637770898,0.42857142857142855,0.48947368421052634,0.6339869281045751,0.38,0.33980582524271846,0.21666666666666667,0.3076923076923077,0.1744186046511628,0.019991384090033457,0.05957554687344993,0.03636158772354764,0.03907209118858803,0.06934092056863769,0.046897659372781356,0.010640659310800585,0.07487142513727502,0.04115919667121856,../results/bigbench/triviaqa/meta-llama_Llama-3.2-3B-Instruct_uiortholora_trAll_lr3e-2_sv256_svec0/models__llama-3b__triviaqa__uiortholora_trAll_sv256_svec0_lr3e-2/results_2026-03-05T02-25-30.350477.json,1772669938.9355118,393.66476255841553
models/llama-3b/triviaqa/uiortholora_trAll_sv256_svec128_lr3e-2,,uiortholora,,3e-2,trAll,0.3384094015332091,0.15170278637770898,0.42857142857142855,0.47368421052631576,0.5686274509803921,0.28,0.3786407766990291,0.21466666666666667,0.41025641025641024,0.13953488372093023,0.019991384090033457,0.05957554687344993,0.03631923996538707,0.040171529668012226,0.06414269805898185,0.04802694698258969,0.010604947078020286,0.07979349797082042,0.037583616572355615,../results/bigbench/triviaqa/meta-llama_Llama-3.2-3B-Instruct_uiortholora_trAll_lr3e-2_sv256_svec128/models__llama-3b__triviaqa__uiortholora_trAll_sv256_svec128_lr3e-2/results_2026-03-03T12-51-54.764025.json,1772534639.2987573,477.7350501427427
models/llama-3b/triviaqa/uiortholora_trAll_sv256_svec256_lr3e-2,,uiortholora,,3e-2,trAll,0.35290241304409997,0.1238390092879257,0.42857142857142855,0.48947368421052634,0.6339869281045751,0.4,0.33980582524271846,0.22466666666666665,0.38461538461538464,0.1511627906976744,0.01835662158751376,0.05957554687344993,0.03636158772354764,0.03907209118858803,0.06998542122237651,0.046897659372781356,0.010779850361650824,0.07892141169885801,0.03885305672071534,../results/bigbench/triviaqa/meta-llama_Llama-3.2-3B-Instruct_uiortholora_trAll_lr3e-2_sv256_svec256/models__llama-3b__triviaqa__uiortholora_trAll_sv256_svec256_lr3e-2/results_2026-03-02T22-41-36.529951.json,1772483532.1310887,566.6515070432797
models/llama-3b/triviaqa/uiortholora_trAll_sv256_svec32_lr3e-2,,uiortholora,,3e-2,trAll,0.31987637289792775,0.14860681114551083,0.42857142857142855,0.48947368421052634,0.6535947712418301,0.3,0.2524271844660194,0.22666666666666666,0.20512820512820512,0.1744186046511628,0.019822412406748303,0.05957554687344993,0.03636158772354764,0.03859443700088902,0.06546536707079771,0.04301250399690879,0.010813751310447053,0.06550424345215437,0.04115919667121856,../results/bigbench/triviaqa/meta-llama_Llama-3.2-3B-Instruct_uiortholora_trAll_lr3e-2_sv256_svec32/models__llama-3b__triviaqa__uiortholora_trAll_sv256_svec32_lr3e-2/results_2026-03-04T17-04-39.112489.json,1772636232.8001106,448.5507803671062
models/llama-3b/triviaqa/uiortholora_trAll_sv256_svec64_lr3e-2,,uiortholora,,3e-2,trAll,0.3534973812758071,0.18885448916408668,0.42857142857142855,0.47368421052631576,0.6993464052287581,0.4,0.33980582524271846,0.218,0.28205128205128205,0.1511627906976744,0.02181147847893003,0.05957554687344993,0.03631923996538707,0.037192689109198575,0.06998542122237651,0.046897659372781356,0.010664262014920767,0.07299934324587597,0.03885305672071534,../results/bigbench/triviaqa/meta-llama_Llama-3.2-3B-Instruct_uiortholora_trAll_lr3e-2_sv256_svec64/models__llama-3b__triviaqa__uiortholora_trAll_sv256_svec64_lr3e-2/results_2026-03-04T03-00-40.023880.json,1772585579.670915,462.6352983498946
models/llama-3b/triviaqa/uiortholora_trAll_sv512_svec0_lr3e-2,,uiortholora,,3e-2,trAll,0.3316576005274528,0.12074303405572756,0.42857142857142855,0.5052631578947369,0.6666666666666666,0.3,0.27184466019417475,0.20733333333333334,0.3333333333333333,0.1511627906976744,0.018157707480301627,0.05957554687344993,0.0363676333778788,0.03823595564509363,0.06546536707079771,0.04405268024140923,0.010470780278529499,0.07647191129018727,0.03885305672071534,../results/bigbench/triviaqa/meta-llama_Llama-3.2-3B-Instruct_uiortholora_trAll_lr3e-2_sv512_svec0/models__llama-3b__triviaqa__uiortholora_trAll_sv512_svec0_lr3e-2/results_2026-03-04T23-18-03.864422.json,1772658692.101924,394.03084755688906
models/llama-3b/triviaqa/uiortholora_trAll_sv512_svec128_lr3e-2,,uiortholora,,3e-2,trAll,0.36091882187208585,0.14241486068111456,0.42857142857142855,0.5210526315789473,0.6862745098039216,0.46,0.30097087378640774,0.21733333333333332,0.41025641025641024,0.08139534883720931,0.019475487710131797,0.05957554687344993,0.0363373950477333,0.0376358772524468,0.07119963311072636,0.045416094465039504,0.010652481116606756,0.07979349797082042,0.029658873491137085,../results/bigbench/triviaqa/meta-llama_Llama-3.2-3B-Instruct_uiortholora_trAll_lr3e-2_sv512_svec128/models__llama-3b__triviaqa__uiortholora_trAll_sv512_svec128_lr3e-2/results_2026-03-03T08-06-56.093344.json,1772517542.1964605,476.13625593762845
models/llama-3b/triviaqa/uiortholora_trAll_sv512_svec256_lr3e-2,,uiortholora,,3e-2,trAll,0.3711455649470301,0.17647058823529413,0.42857142857142855,0.5052631578947369,0.6339869281045751,0.5,0.30097087378640774,0.222,0.41025641025641024,0.16279069767441862,0.02124456230925339,0.05957554687344993,0.0363676333778788,0.03907209118858803,0.07142857142857142,0.045416094465039504,0.010734095857403049,0.07979349797082042,0.0400426076639687,../results/bigbench/triviaqa/meta-llama_Llama-3.2-3B-Instruct_uiortholora_trAll_lr3e-2_sv512_svec256/models__llama-3b__triviaqa__uiortholora_trAll_sv512_svec256_lr3e-2/results_2026-03-02T17-52-30.035933.json,1772466253.6432803,498.6575271654874
models/llama-3b/triviaqa/uiortholora_trAll_sv512_svec32_lr3e-2,,uiortholora,,3e-2,trAll,0.3432603188344094,0.15479876160990713,0.42857142857142855,0.5157894736842106,0.6274509803921569,0.36,0.2621359223300971,0.24,0.2564102564102564,0.2441860465116279,0.020157462823895463,0.05957554687344993,0.0363515093986434,0.0392156862745098,0.06857142857142857,0.04354631077260595,0.011030916586900872,0.07083413480167725,0.04659704878317674,../results/bigbench/triviaqa/meta-llama_Llama-3.2-3B-Instruct_uiortholora_trAll_lr3e-2_sv512_svec32/models__llama-3b__triviaqa__uiortholora_trAll_sv512_svec32_lr3e-2/results_2026-03-04T12-22-48.458988.json,1772619320.5217817,450.20335843320936
models/llama-3b/triviaqa/uiortholora_trAll_sv512_svec512_lr3e-2,,uiortholora,,3e-2,trAll,0.35487048007178185,0.17956656346749225,0.42857142857142855,0.5210526315789473,0.6535947712418301,0.48,0.2815533980582524,0.21866666666666668,0.2564102564102564,0.1744186046511628,0.021389787772879903,0.05957554687344993,0.0363373950477333,0.03859443700088902,0.0713714056959817,0.044532548363264673,0.010676002141166069,0.07083413480167725,0.04115919667121856,../results/bigbench/triviaqa/meta-llama_Llama-3.2-3B-Instruct_uiortholora_trAll_lr3e-2_sv512_svec512/models__llama-3b__triviaqa__uiortholora_trAll_sv512_svec512_lr3e-2/results_2026-03-02T08-12-24.599719.json,1772431358.333075,588.518125182949
models/llama-3b/triviaqa/uiortholora_trAll_sv512_svec64_lr3e-2,,uiortholora,,3e-2,trAll,0.36493936406672267,0.15479876160990713,0.42857142857142855,0.5368421052631579,0.6470588235294118,0.4,0.30097087378640774,0.21066666666666667,0.38461538461538464,0.22093023255813954,0.020157462823895463,0.05957554687344993,0.03627078198521412,0.03876156045061584,0.06998542122237651,0.045416094465039504,0.010532399335953615,0.07892141169885801,0.044999354884257665,../results/bigbench/triviaqa/meta-llama_Llama-3.2-3B-Instruct_uiortholora_trAll_lr3e-2_sv512_svec64/models__llama-3b__triviaqa__uiortholora_trAll_sv512_svec64_lr3e-2/results_2026-03-03T22-15-06.806052.json,1772568445.7987344,463.26946202199906
models/meta-llama_Llama-3.2-3B-Instruct_uiortholora_trAll_sv1024_svec0_lr3e-3,,uiortholora,,3e-3,trAll,0.43874230937231135,0.16408668730650156,0.42857142857142855,0.46842105263157896,0.7058823529411765,0.4,0.5825242718446602,0.31666666666666665,0.48717948717948717,0.3953488372093023,0.02063903362994227,0.05957554687344993,0.036297038088316094,0.03695769779044372,0.06998542122237651,0.04882840548212234,0.012014803213401532,0.08108404256841999,0.05303141512089014,../results/bigbench/triviaqa/meta-llama_Llama-3.2-3B-Instruct_uiortholora_trAll_lr3e-3_sv1024_svec0/models__meta-llama_Llama-3.2-3B-Instruct_uiortholora_trAll_sv1024_svec0_lr3e-3/results_2026-02-05T03-59-52.503321.json,1770256328.9014263,465.8502640724182
models/llama-3b/triviaqa/uiortholora_trAll_sv1024_svec128_lr4e-2,,uiortholora,,4e-2,trAll,0.3566042198077058,0.1393188854489164,0.42857142857142855,0.5578947368421052,0.5816993464052288,0.38,0.30097087378640774,0.21066666666666667,0.4358974358974359,0.1744186046511628,0.019297373232743727,0.05957554687344993,0.03612501803855088,0.04001029610883718,0.06934092056863769,0.045416094465039504,0.010532399335953615,0.08044135838502686,0.04115919667121856,../results/bigbench/triviaqa/meta-llama_Llama-3.2-3B-Instruct_uiortholora_trAll_lr4e-2_sv1024_svec128/models__llama-3b__triviaqa__uiortholora_trAll_sv1024_svec128_lr4e-2/results_2026-02-23T14-20-13.389271.json,1771848737.2094464,478.43849421292543
models/llama-3b/triviaqa/uiortholora_trAll_sv1024_svec256_lr4e-2,,uiortholora,,4e-2,trAll,0.35648558115246687,0.1609907120743034,0.42857142857142855,0.4842105263157895,0.6143790849673203,0.5,0.2524271844660194,0.218,0.41025641025641024,0.13953488372093023,0.020481221720592017,0.05957554687344993,0.03635150939864341,0.03947996034982733,0.07142857142857142,0.04301250399690879,0.010664262014920767,0.07979349797082042,0.037583616572355615,../results/bigbench/triviaqa/meta-llama_Llama-3.2-3B-Instruct_uiortholora_trAll_lr4e-2_sv1024_svec256/models__llama-3b__triviaqa__uiortholora_trAll_sv1024_svec256_lr4e-2/results_2026-02-23T09-51-23.128021.json,1771832508.1783743,577.1984272920527
models/llama-3b/triviaqa/uiortholora_trAll_sv1024_svec512_lr4e-2,,uiortholora,,4e-2,trAll,0.375314114295507,0.22291021671826625,0.42857142857142855,0.49473684210526314,0.6078431372549019,0.48,0.3786407766990291,0.21533333333333332,0.41025641025641024,0.13953488372093023,0.02319383967264805,0.05957554687344993,0.0363676333778788,0.03960079226904003,0.0713714056959817,0.04802694698258969,0.010616892429637823,0.07979349797082042,0.037583616572355615,../results/bigbench/triviaqa/meta-llama_Llama-3.2-3B-Instruct_uiortholora_trAll_lr4e-2_sv1024_svec512/models__llama-3b__triviaqa__uiortholora_trAll_sv1024_svec512_lr4e-2/results_2026-02-23T05-18-50.966175.json,1771816147.8458347,585.37651100941
models/gemma-12b/triviaqa/uiortholora_trAll_sv1024_svec0_lr5e-1,,uiortholora,,5e-1,trAll,0.3240470503701148,0.14860681114551083,0.42857142857142855,0.4789473684210526,0.5424836601307189,0.2,0.2524271844660194,0.202,0.2564102564102564,0.4069767441860465,0.019822412406748303,0.05957554687344993,0.036337395047733305,0.0404086965156194,0.05714285714285715,0.04301250399690879,0.010369941680660837,0.07083413480167725,0.05328576389483535,../results/bigbench/triviaqa/google_gemma-3-12b-it_uiortholora_trAll_lr5e-1_sv1024_svec0/models__gemma-12b__triviaqa__uiortholora_trAll_sv1024_svec0_lr5e-1/results_2026-02-18T08-41-24.899161.json,1771396176.3042977,710.8865168369375
models/gemma-12b/triviaqa/uiortholora_trAll_sv1024_svec0_lr5e-2,,uiortholora,,5e-2,trAll,0.3382127835897639,0.15170278637770898,0.42857142857142855,0.5210526315789473,0.5947712418300654,0.3,0.2815533980582524,0.212,0.3333333333333333,0.22093023255813954,0.019991384090033457,0.05957554687344993,0.0363373950477333,0.03982018891893144,0.06546536707079771,0.044532548363264673,0.010556749656445992,0.07647191129018727,0.044999354884257665,../results/bigbench/triviaqa/google_gemma-3-12b-it_uiortholora_trAll_lr5e-2_sv1024_svec0/models__gemma-12b__triviaqa__uiortholora_trAll_sv1024_svec0_lr5e-2/results_2026-02-21T14-12-13.794191.json,1771675222.1948352,713.847942774184
models/gemma-12b/triviaqa/uiortholora_trAll_sv1024_svec128_lr5e-2,,uiortholora,,5e-2,trAll,0.32421180204255867,0.14860681114551083,0.42857142857142855,0.4789473684210526,0.5882352941176471,0.26,0.27184466019417475,0.18266666666666667,0.38461538461538464,0.1744186046511628,0.019822412406748303,0.05957554687344993,0.036337395047733305,0.03991887603166448,0.06266203485560373,0.04405268024140923,0.009979951736430294,0.07892141169885801,0.04115919667121856,../results/bigbench/triviaqa/google_gemma-3-12b-it_uiortholora_trAll_lr5e-2_sv1024_svec128/models__gemma-12b__triviaqa__uiortholora_trAll_sv1024_svec128_lr5e-2/results_2026-02-22T05-24-06.484737.json,1771729791.2102737,857.51808582386
models/gemma-12b/triviaqa/uiortholora_trAll_sv1024_svec256_lr5e-2,,uiortholora,,5e-2,trAll,0.30936505517550794,0.15170278637770898,0.42857142857142855,0.531578947368421,0.5294117647058824,0.16,0.27184466019417475,0.21266666666666667,0.358974358974359,0.13953488372093023,0.019991384090033457,0.05957554687344993,0.036297038088316094,0.040485129506569725,0.05237229365663817,0.04405268024140923,0.01056886169818841,0.07781756136754922,0.037583616572355615,../results/bigbench/triviaqa/google_gemma-3-12b-it_uiortholora_trAll_lr5e-2_sv1024_svec256/models__gemma-12b__triviaqa__uiortholora_trAll_sv1024_svec256_lr5e-2/results_2026-02-22T13-25-16.742572.json,1771758454.9937487,1064.0089607122354
models/gemma-12b/triviaqa/uiortholora_trAll_sv1024_svec512_lr5e-2,,uiortholora,,5e-2,trAll,0.308660595735754,0.15170278637770898,0.42857142857142855,0.4789473684210526,0.6078431372549019,0.24,0.24271844660194175,0.19733333333333333,0.2564102564102564,0.1744186046511628,0.019991384090033457,0.05957554687344993,0.036337395047733305,0.03960079226904003,0.0610118757258932,0.04245022486384496,0.0102793824260653,0.07083413480167725,0.04115919667121856,../results/bigbench/triviaqa/google_gemma-3-12b-it_uiortholora_trAll_lr5e-2_sv1024_svec512/models__gemma-12b__triviaqa__uiortholora_trAll_sv1024_svec512_lr5e-2/results_2026-02-22T21-55-24.067928.json,1771789015.4546032,1110.862311762292
models/gemma-12b/triviaqa/uiortholora_trAll_sv1024_svec64_lr5e-2,,uiortholora,,5e-2,trAll,0.3338872731867938,0.15170278637770898,0.42857142857142855,0.5368421052631579,0.6013071895424836,0.2,0.2524271844660194,0.20533333333333334,0.38461538461538464,0.2441860465116279,0.019991384090033457,0.05957554687344993,0.03627078198521412,0.03971418059636648,0.05714285714285715,0.04301250399690879,0.01043329315737728,0.07892141169885801,0.04659704878317674,../results/bigbench/triviaqa/google_gemma-3-12b-it_uiortholora_trAll_lr5e-2_sv1024_svec64/models__gemma-12b__triviaqa__uiortholora_trAll_sv1024_svec64_lr5e-2/results_2026-02-21T21-41-20.836308.json,1771702035.0230603,848.0526888789609
models/gemma-12b/triviaqa/uiortholora_trAll_sv1024_svec0_lr5e-3,,uiortholora,,5e-3,trAll,0.5644049264907587,0.1826625386996904,0.42857142857142855,0.5421052631578948,0.8300653594771242,0.38,0.7378640776699029,0.33466666666666667,0.7948717948717948,0.8488372093023255,0.02153265147805506,0.05957554687344993,0.03624046284425961,0.030463185123198167,0.06934092056863769,0.04354631077260595,0.01218779255857652,0.06550424345215437,0.03885305672071534,../results/bigbench/triviaqa/google_gemma-3-12b-it_uiortholora_trAll_lr5e-3_sv1024_svec0/models__gemma-12b__triviaqa__uiortholora_trAll_sv1024_svec0_lr5e-3/results_2026-02-14T01-57-48.201087.json,1771026357.0553682,713.5508467666805
models/gemma-12b/triviaqa/uiortholora_trAll_sv1024_svec128_lr5e-3,,uiortholora,,5e-3,trAll,0.5824260091772959,0.2476780185758514,0.42857142857142855,0.5684210526315789,0.8235294117647058,0.52,0.7281553398058253,0.33066666666666666,0.7692307692307693,0.8255813953488372,0.024055681892974867,0.05957554687344993,0.03602751443822839,0.03092102841399099,0.0713714056959817,0.04405268024140923,0.012151100676341186,0.06834794743374142,0.041159196671218555,../results/bigbench/triviaqa/google_gemma-3-12b-it_uiortholora_trAll_lr5e-3_sv1024_svec128/models__gemma-12b__triviaqa__uiortholora_trAll_sv1024_svec128_lr5e-3/results_2026-02-14T16-41-58.516738.json,1771079321.2567549,799.5214711679146
models/gemma-12b/triviaqa/uiortholora_trAll_sv1024_svec256_lr5e-3,,uiortholora,,5e-3,trAll,0.5949474552249625,0.20123839009287925,0.42857142857142855,0.5789473684210527,0.869281045751634,0.52,0.7864077669902912,0.338,0.7948717948717948,0.8372093023255814,0.022342721552065282,0.05957554687344993,0.03591342566450239,0.027341830932486134,0.0713714056959817,0.04058042015646035,0.012217617612287596,0.06550424345215437,0.0400426076639687,../results/bigbench/triviaqa/google_gemma-3-12b-it_uiortholora_trAll_lr5e-3_sv1024_svec256/models__gemma-12b__triviaqa__uiortholora_trAll_sv1024_svec256_lr5e-3/results_2026-02-15T00-17-52.182232.json,1771106315.11766,1159.33810429601
models/gemma-12b/triviaqa/uiortholora_trAll_sv1024_svec512_lr5e-3,,uiortholora,,5e-3,trAll,0.6008123005289201,0.18575851393188855,0.42857142857142855,0.5894736842105263,0.8758169934640523,0.5,0.7766990291262136,0.356,0.8461538461538461,0.8488372093023255,0.021673200128992987,0.05957554687344993,0.03578259307784411,0.02674951886232827,0.07142857142857142,0.041235531898914324,0.012367078464745374,0.05852968540405247,0.03885305672071534,../results/bigbench/triviaqa/google_gemma-3-12b-it_uiortholora_trAll_lr5e-3_sv1024_svec512/models__gemma-12b__triviaqa__uiortholora_trAll_sv1024_svec512_lr5e-3/results_2026-02-15T08-12-23.752443.json,1771134826.248822,1119.7700471519493
models/gemma-12b/triviaqa/uiortholora_trAll_sv1024_svec64_lr5e-3,,uiortholora,,5e-3,trAll,0.565589763544964,0.22291021671826625,0.42857142857142855,0.5526315789473685,0.7973856209150327,0.48,0.6796116504854369,0.332,0.7948717948717948,0.8023255813953488,0.02319383967264805,0.05957554687344993,0.03616759320717246,0.0326022473063975,0.0713714056959817,0.04620284082280041,0.0121634411057489,0.06550424345215437,0.04319575725815514,../results/bigbench/triviaqa/google_gemma-3-12b-it_uiortholora_trAll_lr5e-3_sv1024_svec64/models__gemma-12b__triviaqa__uiortholora_trAll_sv1024_svec64_lr5e-3/results_2026-02-14T09-24-38.805950.json,1771053079.7977505,801.2559594982304
models/gemma-12b/triviaqa/uiortholora_trAll_sv1024_svec0_lr5e-4,,uiortholora,,5e-4,trAll,0.6159065244051183,0.22910216718266255,0.42857142857142855,0.6105263157894737,0.8823529411764706,0.56,0.8252427184466019,0.324,0.8461538461538461,0.8372093023255814,0.023419902096457845,0.05957554687344993,0.035469931637371645,0.02613303872466584,0.07091242083423346,0.03760178006026618,0.01208773795791805,0.05852968540405247,0.0400426076639687,../results/bigbench/triviaqa/google_gemma-3-12b-it_uiortholora_trAll_lr5e-4_sv1024_svec0/models__gemma-12b__triviaqa__uiortholora_trAll_sv1024_svec0_lr5e-4/results_2026-02-15T01-51-07.066247.json,1771112256.4159722,812.8838328127749
models/gemma-12b/triviaqa/uiortholora_trAll_sv1024_svec128_lr5e-4,,uiortholora,,5e-4,trAll,0.6076952017362274,0.23529411764705882,0.42857142857142855,0.5947368421052631,0.8823529411764706,0.52,0.8349514563106796,0.304,0.8205128205128205,0.8488372093023255,0.023638766707521828,0.05957554687344993,0.0357108412649638,0.02613303872466584,0.0713714056959817,0.03675668832233187,0.011880660758842967,0.062254049094039386,0.03885305672071534,../results/bigbench/triviaqa/google_gemma-3-12b-it_uiortholora_trAll_lr5e-4_sv1024_svec128/models__gemma-12b__triviaqa__uiortholora_trAll_sv1024_svec128_lr5e-4/results_2026-02-15T16-20-24.691292.json,1771164268.9163804,958.0453276596963
models/gemma-12b/triviaqa/uiortholora_trAll_sv1024_svec256_lr5e-4,,uiortholora,,5e-4,trAll,0.610491603980394,0.22910216718266255,0.42857142857142855,0.5947368421052631,0.8823529411764706,0.52,0.8349514563106796,0.30733333333333335,0.8717948717948718,0.8255813953488372,0.023419902096457845,0.05957554687344993,0.0357108412649638,0.02613303872466584,0.0713714056959817,0.03675668832233187,0.011916978642131083,0.05423355275954148,0.041159196671218555,../results/bigbench/triviaqa/google_gemma-3-12b-it_uiortholora_trAll_lr5e-4_sv1024_svec256/models__gemma-12b__triviaqa__uiortholora_trAll_sv1024_svec256_lr5e-4/results_2026-02-15T23-46-56.418519.json,1771190963.184485,1055.5023686252534
models/gemma-12b/triviaqa/uiortholora_trAll_sv1024_svec512_lr5e-4,,uiortholora,,5e-4,trAll,0.6081636370998557,0.21981424148606812,0.42857142857142855,0.6052631578947368,0.8758169934640523,0.54,0.8349514563106796,0.31133333333333335,0.8205128205128205,0.8372093023255814,0.02307804344417211,0.05957554687344993,0.03555453874463937,0.02674951886232827,0.07119963311072636,0.03675668832233187,0.011959596449047741,0.062254049094039386,0.0400426076639687,../results/bigbench/triviaqa/google_gemma-3-12b-it_uiortholora_trAll_lr5e-4_sv1024_svec512/models__gemma-12b__triviaqa__uiortholora_trAll_sv1024_svec512_lr5e-4/results_2026-02-16T07-36-53.077642.json,1771219120.4162297,1094.9024360817857
models/gemma-12b/triviaqa/uiortholora_trAll_sv1024_svec64_lr5e-4,,uiortholora,,5e-4,trAll,0.6042371512301892,0.21671826625386997,0.42857142857142855,0.5894736842105263,0.8758169934640523,0.52,0.8252427184466019,0.30133333333333334,0.8205128205128205,0.8604651162790697,0.022960366833113505,0.05957554687344993,0.03578259307784411,0.02674951886232827,0.0713714056959817,0.03760178006026618,0.011851076000598076,0.062254049094039386,0.037583616572355615,../results/bigbench/triviaqa/google_gemma-3-12b-it_uiortholora_trAll_lr5e-4_sv1024_svec64/models__gemma-12b__triviaqa__uiortholora_trAll_sv1024_svec64_lr5e-4/results_2026-02-15T09-03-57.449034.json,1771138108.1785252,931.5172840072773
models/gemma-12b/triviaqa/uiortholora_trAll_sv1024_svec0_lr7e-3,,uiortholora,,7e-3,trAll,0.5743418439516881,0.22910216718266255,0.42857142857142855,0.5473684210526316,0.8235294117647058,0.42,0.7572815533980582,0.338,0.8461538461538461,0.7790697674418605,0.023419902096457845,0.05957554687344993,0.036206070458230516,0.03092102841399099,0.07050835816716038,0.04245022486384496,0.012217617612287596,0.05852968540405247,0.044999354884257665,../results/bigbench/triviaqa/google_gemma-3-12b-it_uiortholora_trAll_lr7e-3_sv1024_svec0/models__gemma-12b__triviaqa__uiortholora_trAll_sv1024_svec0_lr7e-3/results_2026-02-15T13-19-03.457605.json,1771153631.9985764,713.7189446487464
models/gemma-12b/triviaqa/uiortholora_trAll_sv1024_svec128_lr7e-3,,uiortholora,,7e-3,trAll,0.5845919983099255,0.1826625386996904,0.42857142857142855,0.5421052631578948,0.8627450980392157,0.46,0.7475728155339806,0.32866666666666666,0.8717948717948718,0.8372093023255814,0.02153265147805506,0.05957554687344993,0.03624046284425961,0.027911513594011398,0.07119963311072636,0.04301250399690879,0.012132383212194172,0.05423355275954148,0.0400426076639687,../results/bigbench/triviaqa/google_gemma-3-12b-it_uiortholora_trAll_lr7e-3_sv1024_svec128/models__gemma-12b__triviaqa__uiortholora_trAll_sv1024_svec128_lr7e-3/results_2026-02-16T04-25-49.286058.json,1771207890.6417499,860.8992013898678
models/gemma-12b/triviaqa/uiortholora_trAll_sv1024_svec256_lr7e-3,,uiortholora,,7e-3,trAll,0.5955653897188776,0.17337461300309598,0.42857142857142855,0.5631578947368421,0.8496732026143791,0.56,0.7572815533980582,0.3446666666666667,0.8461538461538461,0.8372093023255814,0.021096926314136562,0.05957554687344993,0.036078330444807294,0.028988274781797944,0.07091242083423346,0.04245022486384496,0.01227523895346292,0.05852968540405247,0.0400426076639687,../results/bigbench/triviaqa/google_gemma-3-12b-it_uiortholora_trAll_lr7e-3_sv1024_svec256/models__gemma-12b__triviaqa__uiortholora_trAll_sv1024_svec256_lr7e-3/results_2026-02-16T12-05-45.777553.json,1771235293.1513178,1054.9153061797842
models/gemma-12b/triviaqa/uiortholora_trAll_sv1024_svec512_lr7e-3,,uiortholora,,7e-3,trAll,0.6038296026127257,0.21052631578947367,0.42857142857142855,0.5578947368421052,0.8627450980392157,0.58,0.7766990291262136,0.33466666666666667,0.8461538461538461,0.8372093023255814,0.02271925512114293,0.05957554687344993,0.03612501803855088,0.027911513594011398,0.07050835816716038,0.041235531898914324,0.01218779255857652,0.05852968540405247,0.0400426076639687,../results/bigbench/triviaqa/google_gemma-3-12b-it_uiortholora_trAll_lr7e-3_sv1024_svec512/models__gemma-12b__triviaqa__uiortholora_trAll_sv1024_svec512_lr7e-3/results_2026-02-16T20-13-54.610823.json,1771264408.1838338,1228.6823202157393
models/gemma-12b/triviaqa/uiortholora_trAll_sv1024_svec64_lr7e-3,,uiortholora,,7e-3,trAll,0.5871243108583291,0.21362229102167182,0.42857142857142855,0.5263157894736842,0.8169934640522876,0.56,0.6796116504854369,0.35,0.8717948717948718,0.8372093023255814,0.022840780776073166,0.05957554687344993,0.03631923996538706,0.031363231043705656,0.07091242083423346,0.04620284082280041,0.012319409289010307,0.05423355275954148,0.0400426076639687,../results/bigbench/triviaqa/google_gemma-3-12b-it_uiortholora_trAll_lr7e-3_sv1024_svec64/models__gemma-12b__triviaqa__uiortholora_trAll_sv1024_svec64_lr7e-3/results_2026-02-15T20-52-41.692028.json,1771180623.7689056,940.197237034794
models/gemma-12b/triviaqa/uiortholora_trAll_sv1024_svec0_lr8e-3,,uiortholora,,8e-3,trAll,0.5913190537232557,0.20743034055727555,0.42857142857142855,0.5210526315789473,0.8627450980392157,0.5,0.7669902912621359,0.34933333333333333,0.8717948717948718,0.813953488372093,0.022595758573413196,0.05957554687344993,0.0363373950477333,0.027911513594011398,0.07142857142857142,0.041858325989283136,0.012313980934477425,0.05423355275954148,0.04220861455688512,../results/bigbench/triviaqa/google_gemma-3-12b-it_uiortholora_trAll_lr8e-3_sv1024_svec0/models__gemma-12b__triviaqa__uiortholora_trAll_sv1024_svec0_lr8e-3/results_2026-02-28T14-22-00.044646.json,1772280601.0379956,721.2399074966088
models/gemma-12b/triviaqa/uiortholora_trAll_sv1024_svec128_lr8e-3,,uiortholora,,8e-3,trAll,0.5961088380042678,0.22291021671826625,0.42857142857142855,0.5210526315789473,0.8758169934640523,0.56,0.7475728155339806,0.35133333333333333,0.8205128205128205,0.8372093023255814,0.02319383967264805,0.05957554687344993,0.0363373950477333,0.02674951886232827,0.07091242083423346,0.04301250399690879,0.012330186690288179,0.062254049094039386,0.0400426076639687,../results/bigbench/triviaqa/google_gemma-3-12b-it_uiortholora_trAll_lr8e-3_sv1024_svec128/models__gemma-12b__triviaqa__uiortholora_trAll_sv1024_svec128_lr8e-3/results_2026-02-22T20-35-57.997949.json,1771784498.6958137,861.5710141230375
models/gemma-12b/triviaqa/uiortholora_trAll_sv1024_svec128_lr8e-3,,uiortholora,,8e-3,trAll,0.6001713457083385,0.17647058823529413,0.42857142857142855,0.5473684210526316,0.8758169934640523,0.58,0.7669902912621359,0.3313333333333333,0.8461538461538461,0.8488372093023255,0.02124456230925339,0.05957554687344993,0.036206070458230516,0.02674951886232827,0.07050835816716038,0.041858325989283136,0.01215728465093088,0.05852968540405247,0.03885305672071534,../results/bigbench/triviaqa/google_gemma-3-12b-it_uiortholora_trAll_lr8e-3_sv1024_svec128/models__gemma-12b__triviaqa__uiortholora_trAll_sv1024_svec128_lr8e-3/results_2026-02-25T18-43-51.589483.json,1772036970.8495908,862.987764744088
models/gemma-12b/triviaqa/uiortholora_trAll_sv1024_svec256_lr8e-3,,uiortholora,,8e-3,trAll,0.6014761120555369,0.19814241486068113,0.42857142857142855,0.5473684210526316,0.8431372549019608,0.58,0.7864077669902912,0.33466666666666667,0.8461538461538461,0.8488372093023255,0.02221311223016424,0.05957554687344993,0.036206070458230516,0.029497638654192884,0.07050835816716038,0.04058042015646035,0.01218779255857652,0.05852968540405247,0.03885305672071534,../results/bigbench/triviaqa/google_gemma-3-12b-it_uiortholora_trAll_lr8e-3_sv1024_svec256/models__gemma-12b__triviaqa__uiortholora_trAll_sv1024_svec256_lr8e-3/results_2026-02-22T12-50-09.486941.json,1771756243.7563143,1168.003445178736
models/gemma-12b/triviaqa/uiortholora_trAll_sv1024_svec256_lr8e-3,,uiortholora,,8e-3,trAll,0.6019264018569195,0.21981424148606812,0.42857142857142855,0.5473684210526316,0.8496732026143791,0.58,0.7475728155339806,0.3353333333333333,0.8717948717948718,0.8372093023255814,0.02307804344417211,0.05957554687344993,0.036206070458230516,0.028988274781797944,0.07050835816716038,0.04301250399690879,0.012193812035641944,0.05423355275954148,0.0400426076639687,../results/bigbench/triviaqa/google_gemma-3-12b-it_uiortholora_trAll_lr8e-3_sv1024_svec256/models__gemma-12b__triviaqa__uiortholora_trAll_sv1024_svec256_lr8e-3/results_2026-02-24T19-12-39.231682.json,1771952083.4053986,1078.0675149490125
models/gemma-12b/triviaqa/uiortholora_trAll_sv1024_svec32_lr8e-3,,uiortholora,,8e-3,trAll,0.5682294579829641,0.2043343653250774,0.42857142857142855,0.5105263157894737,0.8235294117647058,0.52,0.6796116504854369,0.33866666666666667,0.7948717948717948,0.813953488372093,0.022470258636825335,0.05957554687344993,0.03636158772354764,0.03092102841399099,0.0713714056959817,0.04620284082280041,0.01222350112243476,0.06550424345215437,0.04220861455688512,../results/bigbench/triviaqa/google_gemma-3-12b-it_uiortholora_trAll_lr8e-3_sv1024_svec32/models__gemma-12b__triviaqa__uiortholora_trAll_sv1024_svec32_lr8e-3/results_2026-02-27T17-17-59.396031.json,1772204678.8224337,802.8180395616218
models/gemma-12b/triviaqa/uiortholora_trAll_sv1024_svec512_lr8e-3,,uiortholora,,8e-3,trAll,0.5899378365170809,0.17027863777089783,0.42857142857142855,0.5526315789473685,0.8823529411764706,0.5,0.7572815533980582,0.3233333333333333,0.8461538461538461,0.8488372093023255,0.020946828818365727,0.05957554687344993,0.03616759320717246,0.02613303872466584,0.07142857142857142,0.04245022486384496,0.012081248430316131,0.05852968540405247,0.03885305672071534,../results/bigbench/triviaqa/google_gemma-3-12b-it_uiortholora_trAll_lr8e-3_sv1024_svec512/models__gemma-12b__triviaqa__uiortholora_trAll_sv1024_svec512_lr8e-3/results_2026-02-22T04-49-44.485457.json,1771727441.8364608,1144.9313714508899
models/gemma-12b/triviaqa/uiortholora_trAll_sv1024_svec512_lr8e-3,,uiortholora,,8e-3,trAll,0.6013138945312706,0.21981424148606812,0.42857142857142855,0.5578947368421052,0.8823529411764706,0.48,0.8155339805825242,0.33266666666666667,0.8461538461538461,0.8488372093023255,0.02307804344417211,0.05957554687344993,0.03612501803855088,0.02613303872466584,0.0713714056959817,0.038404236272882766,0.012169570082561117,0.05852968540405247,0.03885305672071534,../results/bigbench/triviaqa/google_gemma-3-12b-it_uiortholora_trAll_lr8e-3_sv1024_svec512/models__gemma-12b__triviaqa__uiortholora_trAll_sv1024_svec512_lr8e-3/results_2026-02-24T02-50-00.992974.json,1771893102.095763,1101.1427978347056
models/gemma-12b/triviaqa/uiortholora_trAll_sv1024_svec64_lr8e-3,,uiortholora,,8e-3,trAll,0.5825752288548354,0.19814241486068113,0.42857142857142855,0.5263157894736842,0.8431372549019608,0.54,0.7378640776699029,0.32066666666666666,0.8461538461538461,0.8023255813953488,0.02221311223016424,0.05957554687344993,0.03631923996538706,0.029497638654192884,0.07119963311072636,0.04354631077260595,0.012055009437521379,0.05852968540405247,0.04319575725815514,../results/bigbench/triviaqa/google_gemma-3-12b-it_uiortholora_trAll_lr8e-3_sv1024_svec64/models__gemma-12b__triviaqa__uiortholora_trAll_sv1024_svec64_lr8e-3/results_2026-02-26T18-04-17.424238.json,1772121015.1897485,844.5009416113608
models/gemma-12b/triviaqa/uiortholora_trAll_sv256_svec0_lr8e-3,,uiortholora,,8e-3,trAll,0.5919537208530383,0.17337461300309598,0.42857142857142855,0.5052631578947369,0.8431372549019608,0.64,0.7281553398058253,0.3233333333333333,0.8717948717948718,0.813953488372093,0.021096926314136562,0.05957554687344993,0.0363676333778788,0.029497638654192884,0.06857142857142857,0.04405268024140923,0.012081248430316131,0.05423355275954148,0.04220861455688512,../results/bigbench/triviaqa/google_gemma-3-12b-it_uiortholora_trAll_lr8e-3_sv256_svec0/models__gemma-12b__triviaqa__uiortholora_trAll_sv256_svec0_lr8e-3/results_2026-03-01T01-24-49.567523.json,1772320372.910961,718.9160433234647
models/gemma-12b/triviaqa/uiortholora_trAll_sv256_svec128_lr8e-3,,uiortholora,,8e-3,trAll,0.5866314592572037,0.17956656346749225,0.42857142857142855,0.5105263157894737,0.8562091503267973,0.52,0.7864077669902912,0.32666666666666666,0.8461538461538461,0.8255813953488372,0.021389787772879903,0.05957554687344993,0.03636158772354764,0.028459925798746184,0.0713714056959817,0.04058042015646035,0.012113416540234298,0.05852968540405247,0.041159196671218555,../results/bigbench/triviaqa/google_gemma-3-12b-it_uiortholora_trAll_lr8e-3_sv256_svec128/models__gemma-12b__triviaqa__uiortholora_trAll_sv256_svec128_lr8e-3/results_2026-02-26T10-15-13.276078.json,1772092837.6516361,877.901640352793
models/gemma-12b/triviaqa/uiortholora_trAll_sv256_svec256_lr8e-3,,uiortholora,,8e-3,trAll,0.5876833195456654,0.17956656346749225,0.42857142857142855,0.5210526315789473,0.8300653594771242,0.56,0.7378640776699029,0.3486666666666667,0.8461538461538461,0.8372093023255814,0.021389787772879903,0.05957554687344993,0.0363373950477333,0.030463185123198167,0.07091242083423346,0.04354631077260595,0.01230852609743651,0.05852968540405247,0.0400426076639687,../results/bigbench/triviaqa/google_gemma-3-12b-it_uiortholora_trAll_lr8e-3_sv256_svec256/models__gemma-12b__triviaqa__uiortholora_trAll_sv256_svec256_lr8e-3/results_2026-02-25T11-03-25.433961.json,1772009146.8645775,1060.8064778400585
models/gemma-12b/triviaqa/uiortholora_trAll_sv256_svec32_lr8e-3,,uiortholora,,8e-3,trAll,0.5797896833463193,0.2260061919504644,0.42857142857142855,0.5,0.8431372549019608,0.52,0.6990291262135923,0.318,0.8461538461538461,0.8372093023255814,0.023307783544544963,0.05957554687344993,0.036369648372665396,0.029497638654192884,0.0713714056959817,0.045416094465039504,0.012028318820007938,0.05852968540405247,0.0400426076639687,../results/bigbench/triviaqa/google_gemma-3-12b-it_uiortholora_trAll_lr8e-3_sv256_svec32/models__gemma-12b__triviaqa__uiortholora_trAll_sv256_svec32_lr8e-3/results_2026-02-28T08-53-56.759207.json,1772260833.7264116,805.3004898009822
models/gemma-12b/triviaqa/uiortholora_trAll_sv256_svec64_lr8e-3,,uiortholora,,8e-3,trAll,0.5843637728204859,0.25077399380804954,0.42857142857142855,0.49473684210526314,0.8496732026143791,0.5,0.7281553398058253,0.324,0.8461538461538461,0.8372093023255814,0.024155705949743332,0.05957554687344993,0.0363676333778788,0.028988274781797944,0.07142857142857142,0.04405268024140923,0.01208773795791805,0.05852968540405247,0.0400426076639687,../results/bigbench/triviaqa/google_gemma-3-12b-it_uiortholora_trAll_lr8e-3_sv256_svec64/models__gemma-12b__triviaqa__uiortholora_trAll_sv256_svec64_lr8e-3/results_2026-02-27T09-31-38.690730.json,1772176666.5517035,834.3857952486724
models/gemma-12b/triviaqa/uiortholora_trAll_sv512_svec0_lr8e-3,,uiortholora,,8e-3,trAll,0.5796300114759058,0.19504643962848298,0.42857142857142855,0.5157894736842106,0.8169934640522876,0.5,0.7475728155339806,0.3293333333333333,0.8461538461538461,0.8372093023255814,0.02208139418143866,0.05957554687344993,0.0363515093986434,0.031363231043705656,0.07142857142857142,0.04301250399690879,0.012138649999421885,0.05852968540405247,0.0400426076639687,../results/bigbench/triviaqa/google_gemma-3-12b-it_uiortholora_trAll_lr8e-3_sv512_svec0/models__gemma-12b__triviaqa__uiortholora_trAll_sv512_svec0_lr8e-3/results_2026-02-28T19-53-39.943702.json,1772300503.388549,718.8243659595028
models/gemma-12b/triviaqa/uiortholora_trAll_sv512_svec128_lr8e-3,,uiortholora,,8e-3,trAll,0.6022451069292188,0.21671826625386997,0.42857142857142855,0.5263157894736842,0.8431372549019608,0.62,0.7864077669902912,0.3413333333333333,0.8205128205128205,0.8372093023255814,0.022960366833113505,0.05957554687344993,0.03631923996538706,0.029497638654192884,0.06934092056863769,0.04058042015646035,0.012246764801012557,0.062254049094039386,0.0400426076639687,../results/bigbench/triviaqa/google_gemma-3-12b-it_uiortholora_trAll_lr8e-3_sv512_svec128/models__gemma-12b__triviaqa__uiortholora_trAll_sv512_svec128_lr8e-3/results_2026-02-26T02-22-24.505292.json,1772064479.8986752,866.8554672822356
models/gemma-12b/triviaqa/uiortholora_trAll_sv512_svec256_lr8e-3,,uiortholora,,8e-3,trAll,0.5990140463669491,0.21362229102167182,0.42857142857142855,0.5263157894736842,0.8431372549019608,0.58,0.7961165048543689,0.32,0.8461538461538461,0.8372093023255814,0.022840780776073166,0.05957554687344993,0.03631923996538706,0.029497638654192884,0.07050835816716038,0.0398913985953177,0.012048379239336021,0.05852968540405247,0.0400426076639687,../results/bigbench/triviaqa/google_gemma-3-12b-it_uiortholora_trAll_lr8e-3_sv512_svec256/models__gemma-12b__triviaqa__uiortholora_trAll_sv512_svec256_lr8e-3/results_2026-02-25T03-11-36.332325.json,1771980842.0184588,1056.571712482255
models/gemma-12b/triviaqa/uiortholora_trAll_sv512_svec32_lr8e-3,,uiortholora,,8e-3,trAll,0.5822901543345023,0.25696594427244585,0.42857142857142855,0.5263157894736842,0.8104575163398693,0.64,0.6893203883495146,0.32666666666666666,0.7948717948717948,0.7674418604651163,0.024350854676330188,0.05957554687344993,0.03631923996538706,0.03179044570018348,0.06857142857142857,0.04582124160161549,0.012113416540234298,0.06550424345215437,0.04582252865785014,../results/bigbench/triviaqa/google_gemma-3-12b-it_uiortholora_trAll_lr8e-3_sv512_svec32/models__gemma-12b__triviaqa__uiortholora_trAll_sv512_svec32_lr8e-3/results_2026-02-28T01-07-16.191329.json,1772232834.246557,804.2169917970896
models/gemma-12b/triviaqa/uiortholora_trAll_sv512_svec512_lr8e-3,,uiortholora,,8e-3,trAll,0.6128771334627502,0.25077399380804954,0.42857142857142855,0.5157894736842106,0.8627450980392157,0.6,0.7864077669902912,0.3253333333333333,0.8974358974358975,0.8488372093023255,0.024155705949743332,0.05957554687344993,0.0363515093986434,0.027911513594011398,0.06998542122237651,0.04058042015646035,0.012100633065426499,0.04921614717627657,0.03885305672071534,../results/bigbench/triviaqa/google_gemma-3-12b-it_uiortholora_trAll_lr8e-3_sv512_svec512/models__gemma-12b__triviaqa__uiortholora_trAll_sv512_svec512_lr8e-3/results_2026-02-24T11-13-58.091868.json,1771923333.3436527,1106.9968507350422
models/gemma-12b/triviaqa/uiortholora_trAll_sv512_svec64_lr8e-3,,uiortholora,,8e-3,trAll,0.5899146972170075,0.17956656346749225,0.42857142857142855,0.5105263157894737,0.8627450980392157,0.6,0.7184466019417476,0.312,0.8717948717948718,0.8255813953488372,0.021389787772879903,0.05957554687344993,0.03636158772354764,0.027911513594011398,0.06998542122237651,0.044532548363264673,0.01196659794222543,0.05423355275954148,0.041159196671218555,../results/bigbench/triviaqa/google_gemma-3-12b-it_uiortholora_trAll_lr8e-3_sv512_svec64/models__gemma-12b__triviaqa__uiortholora_trAll_sv512_svec64_lr8e-3/results_2026-02-27T01-52-09.819463.json,1772149094.6630707,837.4827296556905
models/gemma-12b/triviaqa/uiortholora_trAll_sv1024_svec0_lr9e-3,,uiortholora,,9e-3,trAll,0.5895739159764496,0.21981424148606812,0.42857142857142855,0.531578947368421,0.8366013071895425,0.54,0.7378640776699029,0.34,0.8461538461538461,0.8255813953488372,0.02307804344417211,0.05957554687344993,0.036297038088316094,0.029988984819681277,0.07119963311072636,0.04354631077260595,0.012235186956748054,0.05852968540405247,0.041159196671218555,../results/bigbench/triviaqa/google_gemma-3-12b-it_uiortholora_trAll_lr9e-3_sv1024_svec0/models__gemma-12b__triviaqa__uiortholora_trAll_sv1024_svec0_lr9e-3/results_2026-02-17T01-25-30.330577.json,1771283521.9800549,810.6027428410016
models/gemma-12b/triviaqa/uiortholora_trAll_sv1024_svec0_lr9e-3,,uiortholora,,9e-3,trAll,0.5895739159764496,0.21981424148606812,0.42857142857142855,0.531578947368421,0.8366013071895425,0.54,0.7378640776699029,0.34,0.8461538461538461,0.8255813953488372,0.02307804344417211,0.05957554687344993,0.036297038088316094,0.029988984819681277,0.07119963311072636,0.04354631077260595,0.012235186956748054,0.05852968540405247,0.041159196671218555,../results/bigbench/triviaqa/google_gemma-3-12b-it_uiortholora_trAll_lr9e-3_sv1024_svec0/models__gemma-12b__triviaqa__uiortholora_trAll_sv1024_svec0_lr9e-3/results_2026-03-05T21-46-47.452442.json,1772739291.2867603,718.4104149481282
models/gemma-12b/triviaqa/uiortholora_trAll_sv1024_svec128_lr9e-3,,uiortholora,,9e-3,trAll,0.6099343343746558,0.22910216718266255,0.42857142857142855,0.5263157894736842,0.8758169934640523,0.66,0.7475728155339806,0.33866666666666667,0.8461538461538461,0.8372093023255814,0.023419902096457845,0.05957554687344993,0.03631923996538706,0.02674951886232827,0.0676726816132972,0.04301250399690879,0.01222350112243476,0.05852968540405247,0.0400426076639687,../results/bigbench/triviaqa/google_gemma-3-12b-it_uiortholora_trAll_lr9e-3_sv1024_svec128/models__gemma-12b__triviaqa__uiortholora_trAll_sv1024_svec128_lr9e-3/results_2026-02-17T16-20-36.557540.json,1771337074.5982285,964.2118628742173
models/gemma-12b/triviaqa/uiortholora_trAll_sv1024_svec128_lr9e-3,,uiortholora,,9e-3,trAll,0.5928779108074567,0.21052631578947367,0.42857142857142855,0.5526315789473685,0.8496732026143791,0.54,0.7766990291262136,0.3433333333333333,0.8205128205128205,0.813953488372093,0.02271925512114293,0.05957554687344993,0.03616759320717246,0.028988274781797944,0.07119963311072636,0.041235531898914324,0.012263929754326292,0.062254049094039386,0.04220861455688512,../results/bigbench/triviaqa/google_gemma-3-12b-it_uiortholora_trAll_lr9e-3_sv1024_svec128/models__gemma-12b__triviaqa__uiortholora_trAll_sv1024_svec128_lr9e-3/results_2026-03-03T01-42-08.994492.json,1772494068.2510314,863.0162432352081
models/gemma-12b/triviaqa/uiortholora_trAll_sv1024_svec256_lr9e-3,,uiortholora,,9e-3,trAll,0.5973539620065984,0.20743034055727555,0.42857142857142855,0.5578947368421052,0.8627450980392157,0.54,0.7961165048543689,0.3373333333333333,0.8205128205128205,0.8255813953488372,0.022595758573413196,0.05957554687344993,0.03612501803855088,0.027911513594011398,0.07119963311072636,0.0398913985953177,0.012211706988053654,0.062254049094039386,0.041159196671218555,../results/bigbench/triviaqa/google_gemma-3-12b-it_uiortholora_trAll_lr9e-3_sv1024_svec256/models__gemma-12b__triviaqa__uiortholora_trAll_sv1024_svec256_lr9e-3/results_2026-02-18T00-07-39.951538.json,1771364999.8838053,1062.320822388865
models/gemma-12b/triviaqa/uiortholora_trAll_sv1024_svec256_lr9e-3,,uiortholora,,9e-3,trAll,0.5969072652392878,0.16718266253869968,0.42857142857142855,0.5526315789473685,0.869281045751634,0.6,0.7766990291262136,0.3433333333333333,0.8205128205128205,0.813953488372093,0.0207942165189549,0.05957554687344993,0.03616759320717246,0.027341830932486134,0.06998542122237651,0.041235531898914324,0.012263929754326292,0.062254049094039386,0.04220861455688512,../results/bigbench/triviaqa/google_gemma-3-12b-it_uiortholora_trAll_lr9e-3_sv1024_svec256/models__gemma-12b__triviaqa__uiortholora_trAll_sv1024_svec256_lr9e-3/results_2026-03-02T02-17-08.987491.json,1772409575.7063303,1055.5218430617824
models/gemma-12b/triviaqa/uiortholora_trAll_sv1024_svec32_lr9e-3,,uiortholora,,9e-3,trAll,0.5733615324633362,0.26006191950464397,0.42857142857142855,0.5210526315789473,0.8235294117647058,0.56,0.7087378640776699,0.31,0.7692307692307693,0.7790697674418605,0.024446018457216535,0.05957554687344993,0.0363373950477333,0.03092102841399099,0.07091242083423346,0.044986763205729245,0.011945506690246523,0.06834794743374142,0.044999354884257665,../results/bigbench/triviaqa/google_gemma-3-12b-it_uiortholora_trAll_lr9e-3_sv1024_svec32/models__gemma-12b__triviaqa__uiortholora_trAll_sv1024_svec32_lr9e-3/results_2026-03-05T00-31-07.669017.json,1772662668.0547512,801.8727369699627
models/gemma-12b/triviaqa/uiortholora_trAll_sv1024_svec512_lr9e-3,,uiortholora,,9e-3,trAll,0.6128671994753396,0.21362229102167182,0.42857142857142855,0.5526315789473685,0.8954248366013072,0.58,0.7572815533980582,0.342,0.8974358974358975,0.8488372093023255,0.022840780776073166,0.05957554687344993,0.03616759320717246,0.02482030135197447,0.07050835816716038,0.04245022486384496,0.01225251332265403,0.04921614717627657,0.03885305672071534,../results/bigbench/triviaqa/google_gemma-3-12b-it_uiortholora_trAll_lr9e-3_sv1024_svec512/models__gemma-12b__triviaqa__uiortholora_trAll_sv1024_svec512_lr9e-3/results_2026-02-18T08-16-41.768825.json,1771394300.9044511,1103.108183261007
models/gemma-12b/triviaqa/uiortholora_trAll_sv1024_svec512_lr9e-3,,uiortholora,,9e-3,trAll,0.605856060742443,0.19504643962848298,0.42857142857142855,0.5631578947368421,0.8562091503267973,0.56,0.7864077669902912,0.32866666666666666,0.8974358974358975,0.8372093023255814,0.02208139418143866,0.05957554687344993,0.036078330444807294,0.028459925798746184,0.07091242083423346,0.04058042015646035,0.012132383212194172,0.04921614717627657,0.0400426076639687,../results/bigbench/triviaqa/google_gemma-3-12b-it_uiortholora_trAll_lr9e-3_sv1024_svec512/models__gemma-12b__triviaqa__uiortholora_trAll_sv1024_svec512_lr9e-3/results_2026-03-01T09-49-14.698185.json,1772350260.6017144,1096.3597171455622
models/gemma-12b/triviaqa/uiortholora_trAll_sv1024_svec64_lr9e-3,,uiortholora,,9e-3,trAll,0.5842341685571789,0.23219814241486067,0.42857142857142855,0.5157894736842106,0.8431372549019608,0.52,0.7475728155339806,0.348,0.8205128205128205,0.8023255813953488,0.023530221420663064,0.05957554687344993,0.0363515093986434,0.029497638654192884,0.0713714056959817,0.04301250399690879,0.012303044742662687,0.062254049094039386,0.04319575725815514,../results/bigbench/triviaqa/google_gemma-3-12b-it_uiortholora_trAll_lr9e-3_sv1024_svec64/models__gemma-12b__triviaqa__uiortholora_trAll_sv1024_svec64_lr9e-3/results_2026-02-17T08-50-04.381804.json,1771310178.4633303,828.159004251007
models/gemma-12b/triviaqa/uiortholora_trAll_sv1024_svec64_lr9e-3,,uiortholora,,9e-3,trAll,0.5967240522092657,0.23839009287925697,0.42857142857142855,0.5105263157894737,0.8562091503267973,0.56,0.7766990291262136,0.326,0.8717948717948718,0.8023255813953488,0.02374556228538935,0.05957554687344993,0.03636158772354764,0.028459925798746184,0.07091242083423346,0.041235531898914324,0.012107038734745024,0.05423355275954148,0.04319575725815514,../results/bigbench/triviaqa/google_gemma-3-12b-it_uiortholora_trAll_lr9e-3_sv1024_svec64/models__gemma-12b__triviaqa__uiortholora_trAll_sv1024_svec64_lr9e-3/results_2026-03-04T01-09-49.611201.json,1772578551.4645379,840.4158105207607
models/gemma-12b/triviaqa/uiortholora_trAll_sv256_svec0_lr9e-3,,uiortholora,,9e-3,trAll,0.5798396792686488,0.14241486068111456,0.42857142857142855,0.4842105263157895,0.8300653594771242,0.6,0.7475728155339806,0.328,0.8205128205128205,0.8372093023255814,0.019475487710131797,0.05957554687344993,0.03635150939864341,0.030463185123198167,0.06998542122237651,0.04301250399690879,0.012126088735395231,0.062254049094039386,0.0400426076639687,../results/bigbench/triviaqa/google_gemma-3-12b-it_uiortholora_trAll_lr9e-3_sv256_svec0/models__gemma-12b__triviaqa__uiortholora_trAll_sv256_svec0_lr9e-3/results_2026-03-06T08-55-07.825473.json,1772779392.514813,717.5597256366163
models/gemma-12b/triviaqa/uiortholora_trAll_sv256_svec128_lr9e-3,,uiortholora,,9e-3,trAll,0.5887895239775834,0.20123839009287925,0.42857142857142855,0.5,0.8300653594771242,0.58,0.7475728155339806,0.31666666666666665,0.8461538461538461,0.8488372093023255,0.022342721552065282,0.05957554687344993,0.036369648372665396,0.030463185123198167,0.07050835816716038,0.04301250399690879,0.012014803213401532,0.05852968540405247,0.03885305672071534,../results/bigbench/triviaqa/google_gemma-3-12b-it_uiortholora_trAll_lr9e-3_sv256_svec128/models__gemma-12b__triviaqa__uiortholora_trAll_sv256_svec128_lr9e-3/results_2026-03-03T17-23-21.392414.json,1772550590.6174304,813.0406152382493
models/gemma-12b/triviaqa/uiortholora_trAll_sv256_svec256_lr9e-3,,uiortholora,,9e-3,trAll,0.6005376682664312,0.25386996904024767,0.42857142857142855,0.5,0.8562091503267973,0.6,0.7378640776699029,0.3333333333333333,0.8461538461538461,0.8488372093023255,0.0242540902524581,0.05957554687344993,0.036369648372665396,0.028459925798746184,0.06998542122237651,0.04354631077260595,0.012175671622863085,0.05852968540405247,0.03885305672071534,../results/bigbench/triviaqa/google_gemma-3-12b-it_uiortholora_trAll_lr9e-3_sv256_svec256/models__gemma-12b__triviaqa__uiortholora_trAll_sv256_svec256_lr9e-3/results_2026-03-02T18-15-31.256800.json,1772467078.5175083,1054.99956590496
models/gemma-12b/triviaqa/uiortholora_trAll_sv256_svec32_lr9e-3,,uiortholora,,9e-3,trAll,0.5859103561919066,0.28173374613003094,0.42857142857142855,0.5052631578947369,0.8496732026143791,0.54,0.7184466019417476,0.32666666666666666,0.8205128205128205,0.8023255813953488,0.025068839534269204,0.05957554687344993,0.0363676333778788,0.028988274781797944,0.07119963311072636,0.044532548363264673,0.012113416540234298,0.062254049094039386,0.04319575725815514,../results/bigbench/triviaqa/google_gemma-3-12b-it_uiortholora_trAll_lr9e-3_sv256_svec32/models__gemma-12b__triviaqa__uiortholora_trAll_sv256_svec32_lr9e-3/results_2026-03-05T16-12-20.846093.json,1772719135.1523159,807.9580701049417
models/gemma-12b/triviaqa/uiortholora_trAll_sv256_svec64_lr9e-3,,uiortholora,,9e-3,trAll,0.5905895292180693,0.17956656346749225,0.42857142857142855,0.5263157894736842,0.8300653594771242,0.64,0.7572815533980582,0.33066666666666666,0.8205128205128205,0.8023255813953488,0.021389787772879903,0.05957554687344993,0.03631923996538706,0.030463185123198167,0.06857142857142857,0.04245022486384496,0.012151100676341186,0.062254049094039386,0.04319575725815514,../results/bigbench/triviaqa/google_gemma-3-12b-it_uiortholora_trAll_lr9e-3_sv256_svec64/models__gemma-12b__triviaqa__uiortholora_trAll_sv256_svec64_lr9e-3/results_2026-03-04T16-48-36.804370.json,1772634915.0355387,804.0554687026888
models/gemma-12b/triviaqa/uiortholora_trAll_sv512_svec0_lr9e-3,,uiortholora,,9e-3,trAll,0.5831920772016022,0.21052631578947367,0.42857142857142855,0.5052631578947369,0.8431372549019608,0.48,0.7475728155339806,0.33866666666666667,0.8461538461538461,0.8488372093023255,0.02271925512114293,0.05957554687344993,0.0363676333778788,0.029497638654192884,0.0713714056959817,0.04301250399690879,0.01222350112243476,0.05852968540405247,0.03885305672071534,../results/bigbench/triviaqa/google_gemma-3-12b-it_uiortholora_trAll_lr9e-3_sv512_svec0/models__gemma-12b__triviaqa__uiortholora_trAll_sv512_svec0_lr9e-3/results_2026-03-06T03-21-16.740613.json,1772759361.4215,717.5806941129267
models/gemma-12b/triviaqa/uiortholora_trAll_sv512_svec128_lr9e-3,,uiortholora,,9e-3,trAll,0.5914207259023271,0.19504643962848298,0.42857142857142855,0.5105263157894737,0.8300653594771242,0.58,0.7475728155339806,0.322,0.8717948717948718,0.8372093023255814,0.02208139418143866,0.05957554687344993,0.03636158772354764,0.030463185123198167,0.07050835816716038,0.04301250399690879,0.01206818520170736,0.05423355275954148,0.0400426076639687,../results/bigbench/triviaqa/google_gemma-3-12b-it_uiortholora_trAll_lr9e-3_sv512_svec128/models__gemma-12b__triviaqa__uiortholora_trAll_sv512_svec128_lr9e-3/results_2026-03-03T09-33-04.150950.json,1772522327.1162245,859.292472153902
models/gemma-12b/triviaqa/uiortholora_trAll_sv512_svec256_lr9e-3,,uiortholora,,9e-3,trAll,0.5926231343011497,0.25696594427244585,0.42857142857142855,0.531578947368421,0.8366013071895425,0.56,0.7281553398058253,0.32,0.8461538461538461,0.8255813953488372,0.024350854676330188,0.05957554687344993,0.036297038088316094,0.029988984819681277,0.07091242083423346,0.04405268024140923,0.012048379239336021,0.05852968540405247,0.041159196671218555,../results/bigbench/triviaqa/google_gemma-3-12b-it_uiortholora_trAll_lr9e-3_sv512_svec256/models__gemma-12b__triviaqa__uiortholora_trAll_sv512_svec256_lr9e-3/results_2026-03-02T10-21-23.922157.json,1772438629.748323,1056.4341457728297
models/gemma-12b/triviaqa/uiortholora_trAll_sv512_svec32_lr9e-3,,uiortholora,,9e-3,trAll,0.5903155118732402,0.29102167182662536,0.42857142857142855,0.5105263157894737,0.8104575163398693,0.56,0.7281553398058253,0.324,0.8461538461538461,0.813953488372093,0.02531344242805738,0.05957554687344993,0.03636158772354764,0.03179044570018348,0.07091242083423346,0.04405268024140923,0.01208773795791805,0.05852968540405247,0.04220861455688512,../results/bigbench/triviaqa/google_gemma-3-12b-it_uiortholora_trAll_lr9e-3_sv512_svec32/models__gemma-12b__triviaqa__uiortholora_trAll_sv512_svec32_lr9e-3/results_2026-03-05T08-16-48.423184.json,1772690607.251973,803.4556288905442
models/gemma-12b/triviaqa/uiortholora_trAll_sv512_svec512_lr9e-3,,uiortholora,,9e-3,trAll,0.6117888847680262,0.30959752321981426,0.42857142857142855,0.5473684210526316,0.8562091503267973,0.58,0.7669902912621359,0.334,0.8461538461538461,0.8372093023255814,0.025764515105490098,0.05957554687344993,0.036206070458230516,0.028459925798746184,0.07050835816716038,0.041858325989283136,0.012181745767881636,0.05852968540405247,0.0400426076639687,../results/bigbench/triviaqa/google_gemma-3-12b-it_uiortholora_trAll_lr9e-3_sv512_svec512/models__gemma-12b__triviaqa__uiortholora_trAll_sv512_svec512_lr9e-3/results_2026-03-01T18-12-56.921188.json,1772380480.3833692,1098.8141367491335
models/gemma-12b/triviaqa/uiortholora_trAll_sv512_svec64_lr9e-3,,uiortholora,,9e-3,trAll,0.595251502659316,0.21052631578947367,0.42857142857142855,0.5052631578947369,0.8562091503267973,0.6,0.7184466019417476,0.32,0.8461538461538461,0.872093023255814,0.02271925512114293,0.05957554687344993,0.0363676333778788,0.028459925798746184,0.06998542122237651,0.044532548363264673,0.012048379239336021,0.05852968540405247,0.03622588967678621,../results/bigbench/triviaqa/google_gemma-3-12b-it_uiortholora_trAll_lr9e-3_sv512_svec64/models__gemma-12b__triviaqa__uiortholora_trAll_sv512_svec64_lr9e-3/results_2026-03-04T08-58-22.914773.json,1772606669.982213,835.1870603812858
models/meta-llama_Llama-3.2-3B-Instruct_uiortholora_trAll_s256_v0_lr1e-2,,uiortholora,256,1e-2,trAll,0.37199379455385784,0.15170278637770898,0.42857142857142855,0.47368421052631576,0.6862745098039216,0.36,0.3106796116504854,0.25933333333333336,0.41025641025641024,0.26744186046511625,0.019991384090033457,0.05957554687344993,0.03631923996538707,0.0376358772524468,0.06857142857142857,0.04582124160161549,0.0113198260887181,0.07979349797082042,0.048009400027626145,../results/bigbench/triviaqa/meta-llama_Llama-3.2-3B-Instruct_uiortholora_trAll_s256_v0_lr1e-2/models__meta-llama_Llama-3.2-3B-Instruct_uiortholora_trAll_s256_v0_lr1e-2/results_2026-01-30T00-58-10.462557.json,1769727014.1037626,478.60631270799786
models/meta-llama_Llama-3.2-3B-Instruct_uiortholora_trAll_s256_v0_lr1e-3,,uiortholora,256,1e-3,trAll,0.44986428772633263,0.1609907120743034,0.42857142857142855,0.4631578947368421,0.7843137254901961,0.44,0.6504854368932039,0.276,0.46153846153846156,0.38372093023255816,0.020481221720592017,0.05957554687344993,0.03627078198521412,0.03336063957738827,0.07091242083423346,0.04721188506097175,0.011545772815765756,0.08087038200582258,0.05274569153679126,../results/bigbench/triviaqa/meta-llama_Llama-3.2-3B-Instruct_uiortholora_trAll_s256_v0_lr1e-3/models__meta-llama_Llama-3.2-3B-Instruct_uiortholora_trAll_s256_v0_lr1e-3/results_2026-02-01T11-10-47.363867.json,1769936584.3486075,465.29000728484243
models/meta-llama_Llama-3.2-3B-Instruct_uiortholora_trAll_s256_v0_lr5e-3,,uiortholora,256,5e-3,trAll,0.4198673446299332,0.15479876160990713,0.42857142857142855,0.47368421052631576,0.7254901960784313,0.44,0.5533980582524272,0.2926666666666667,0.38461538461538464,0.32558139534883723,0.020157462823895463,0.05957554687344993,0.03631923996538707,0.0361970276724367,0.07091242083423346,0.04922424153458936,0.01175162370479325,0.07892141169885801,0.05082590242265215,../results/bigbench/triviaqa/meta-llama_Llama-3.2-3B-Instruct_uiortholora_trAll_s256_v0_lr5e-3/models__meta-llama_Llama-3.2-3B-Instruct_uiortholora_trAll_s256_v0_lr5e-3/results_2026-01-28T15-36-25.372495.json,1769606913.904055,473.7319017618429
models/meta-llama_Llama-3.2-3B-Instruct_uiortholora_trAll_s256_v0_lr5e-4,,uiortholora,256,5e-4,trAll,0.4599314175638687,0.15479876160990713,0.42857142857142855,0.4631578947368421,0.7712418300653595,0.44,0.6796116504854369,0.2613333333333333,0.48717948717948717,0.45348837209302323,0.020157462823895463,0.05957554687344993,0.03627078198521412,0.034069189432257084,0.07091242083423346,0.04620284082280041,0.011348039484785334,0.08108404256841999,0.053997458379123835,../results/bigbench/triviaqa/meta-llama_Llama-3.2-3B-Instruct_uiortholora_trAll_s256_v0_lr5e-4/models__meta-llama_Llama-3.2-3B-Instruct_uiortholora_trAll_s256_v0_lr5e-4/results_2026-01-31T21-40-06.968470.json,1769887940.457076,468.7787979990244
models/meta-llama_Llama-3.2-3B-Instruct_uiortholora_trAll_s256_v0_lr6e-3,,uiortholora,256,6e-3,trAll,0.40555528298967414,0.1609907120743034,0.42857142857142855,0.4631578947368421,0.7320261437908496,0.4,0.5533980582524272,0.2806666666666667,0.41025641025641024,0.22093023255813954,0.020481221720592017,0.05957554687344993,0.03627078198521412,0.035924250403997736,0.06998542122237651,0.04922424153458936,0.011605388804004831,0.07979349797082042,0.044999354884257665,../results/bigbench/triviaqa/meta-llama_Llama-3.2-3B-Instruct_uiortholora_trAll_s256_v0_lr6e-3/models__meta-llama_Llama-3.2-3B-Instruct_uiortholora_trAll_s256_v0_lr6e-3/results_2026-01-28T22-23-15.464507.json,1769631322.259477,475.4641799519304
models/meta-llama_Llama-3.2-3B-Instruct_uiortholora_trAll_s256_v32_lr6e-3,,uiortholora,256,6e-3,trAll,0.433237486265597,0.15789473684210525,0.42857142857142855,0.5631578947368421,0.738562091503268,0.4,0.5825242718446602,0.2693333333333333,0.41025641025641024,0.3488372093023256,0.020320719539614323,0.05957554687344993,0.036078330444807294,0.03564150157965489,0.06998542122237651,0.04882840548212234,0.011457869833146771,0.07979349797082042,0.05169478420708943,../results/bigbench/triviaqa/meta-llama_Llama-3.2-3B-Instruct_uiortholora_trAll_s256_v32_lr6e-3/models__meta-llama_Llama-3.2-3B-Instruct_uiortholora_trAll_s256_v32_lr6e-3/results_2026-02-03T14-46-58.018267.json,1770122318.3829637,501.88107097288594
models/meta-llama_Llama-3.2-3B-Instruct_uiortholora_trAll_s256_v0_lr7e-3,,uiortholora,256,7e-3,trAll,0.40962369500897,0.19195046439628483,0.42857142857142855,0.5157894736842106,0.7124183006535948,0.28,0.5048543689320388,0.25666666666666665,0.4358974358974359,0.36046511627906974,0.021947529439363442,0.05957554687344993,0.0363515093986434,0.03671354847681531,0.06414269805898185,0.049505043821289174,0.011281730550854066,0.08044135838502686,0.05207799763759181,../results/bigbench/triviaqa/meta-llama_Llama-3.2-3B-Instruct_uiortholora_trAll_s256_v0_lr7e-3/models__meta-llama_Llama-3.2-3B-Instruct_uiortholora_trAll_s256_v0_lr7e-3/results_2026-01-29T05-01-22.575052.json,1769655211.3099234,473.53232068009675
models/meta-llama_Llama-3.2-3B-Instruct_uiortholora_trAll_s256_v32_lr7e-3,,uiortholora,256,7e-3,trAll,0.4233937216486905,0.1609907120743034,0.42857142857142855,0.5052631578947369,0.7647058823529411,0.36,0.5728155339805825,0.308,0.38461538461538464,0.32558139534883723,0.020481221720592017,0.05957554687344993,0.0363676333778788,0.034405744227388346,0.06857142857142857,0.04897957737781172,0.0119241543503644,0.07892141169885801,0.05082590242265215,../results/bigbench/triviaqa/meta-llama_Llama-3.2-3B-Instruct_uiortholora_trAll_s256_v32_lr7e-3/models__meta-llama_Llama-3.2-3B-Instruct_uiortholora_trAll_s256_v32_lr7e-3/results_2026-02-04T17-36-04.210483.json,1770218862.7560415,503.72260459372774
models/meta-llama_Llama-3.2-3B-Instruct_uiortholora_trAll_s256_v0_lr8e-3,,uiortholora,256,8e-3,trAll,0.43863176594996217,0.15479876160990713,0.42857142857142855,0.5105263157894737,0.7058823529411765,0.44,0.5631067961165048,0.29,0.5641025641025641,0.29069767441860467,0.020157462823895463,0.05957554687344993,0.03636158772354764,0.03695769779044372,0.07091242083423346,0.049111471073657785,0.011719993123969139,0.08044135838502686,0.049252355752105854,../results/bigbench/triviaqa/meta-llama_Llama-3.2-3B-Instruct_uiortholora_trAll_s256_v0_lr8e-3/models__meta-llama_Llama-3.2-3B-Instruct_uiortholora_trAll_s256_v0_lr8e-3/results_2026-01-29T11-39-54.065277.json,1769679119.277657,477.04457428096794
models/meta-llama_Llama-3.2-3B-Instruct_uiortholora_trAll_s256_v0_lr8e-4,,uiortholora,256,8e-4,trAll,0.45368252546953536,0.15789473684210525,0.42857142857142855,0.4421052631578947,0.7777777777777778,0.46,0.6796116504854369,0.26866666666666666,0.46153846153846156,0.4069767441860465,0.020320719539614323,0.05957554687344993,0.03612501803855088,0.03372094325927134,0.07119963311072636,0.04620284082280041,0.011448899982085287,0.08087038200582258,0.05328576389483535,../results/bigbench/triviaqa/meta-llama_Llama-3.2-3B-Instruct_uiortholora_trAll_s256_v0_lr8e-4/models__meta-llama_Llama-3.2-3B-Instruct_uiortholora_trAll_s256_v0_lr8e-4/results_2026-02-01T04-21-20.077666.json,1769912010.0747805,472.27786997519433
models/meta-llama_Llama-3.2-3B-Instruct_uiortholora_trAll_s256_v0_lr9e-3,,uiortholora,256,9e-3,trAll,0.3923633297590565,0.13312693498452013,0.42857142857142855,0.5105263157894737,0.6143790849673203,0.4,0.49514563106796117,0.26466666666666666,0.48717948717948717,0.19767441860465115,0.018931402333287568,0.05957554687344993,0.03636158772354764,0.03947996034982733,0.06998542122237651,0.049505043821289174,0.011394386169173968,0.08108404256841999,0.04319575725815514,../results/bigbench/triviaqa/meta-llama_Llama-3.2-3B-Instruct_uiortholora_trAll_s256_v0_lr9e-3/models__meta-llama_Llama-3.2-3B-Instruct_uiortholora_trAll_s256_v0_lr9e-3/results_2026-01-29T18-21-33.434349.json,1769703220.3553026,475.3397126728669
models/meta-llama_Llama-3.2-3B-Instruct_uiortholora_trAll_s512_v0_lr1e-2,,uiortholora,512,1e-2,trAll,0.381627468573006,0.21671826625386997,0.42857142857142855,0.5105263157894737,0.6928104575163399,0.38,0.4174757281553398,0.23666666666666666,0.3076923076923077,0.2441860465116279,0.022960366833113505,0.05957554687344993,0.03636158772354764,0.037418694971506634,0.06934092056863769,0.04882840548212234,0.010978040898008287,0.07487142513727502,0.04659704878317674,../results/bigbench/triviaqa/meta-llama_Llama-3.2-3B-Instruct_uiortholora_trAll_s512_v0_lr1e-2/models__meta-llama_Llama-3.2-3B-Instruct_uiortholora_trAll_s512_v0_lr1e-2/results_2026-01-31T17-02-50.807464.json,1769871293.193366,479.8795919669792
models/meta-llama_Llama-3.2-3B-Instruct_uiortholora_trAll_s512_v0_lr1e-3,,uiortholora,512,1e-3,trAll,0.45842424593192127,0.15479876160990713,0.42857142857142855,0.48947368421052634,0.7712418300653595,0.44,0.6213592233009708,0.29133333333333333,0.48717948717948717,0.4418604651162791,0.020157462823895463,0.05957554687344993,0.03636158772354764,0.034069189432257084,0.07091242083423346,0.0480269469825897,0.01173586959872625,0.08108404256841999,0.05386473193904115,../results/bigbench/triviaqa/meta-llama_Llama-3.2-3B-Instruct_uiortholora_trAll_s512_v0_lr1e-3/models__meta-llama_Llama-3.2-3B-Instruct_uiortholora_trAll_s512_v0_lr1e-3/results_2026-02-02T07-24-12.215446.json,1770009388.0737946,466.41931756492704
models/meta-llama_Llama-3.2-3B-Instruct_uiortholora_trAll_s512_v0_lr5e-3,,uiortholora,512,5e-3,trAll,0.4262032881656028,0.15170278637770898,0.42857142857142855,0.4789473684210526,0.7516339869281046,0.44,0.5339805825242718,0.308,0.48717948717948717,0.2558139534883721,0.019991384090033457,0.05957554687344993,0.036337395047733305,0.035045115342364735,0.07091242083423346,0.049392914472734785,0.0119241543503644,0.08108404256841999,0.04732530409945752,../results/bigbench/triviaqa/meta-llama_Llama-3.2-3B-Instruct_uiortholora_trAll_s512_v0_lr5e-3/models__meta-llama_Llama-3.2-3B-Instruct_uiortholora_trAll_s512_v0_lr5e-3/results_2026-01-30T07-34-25.393593.json,1769750790.344375,477.3228119730484
models/meta-llama_Llama-3.2-3B-Instruct_uiortholora_trAll_s512_v0_lr5e-4,,uiortholora,512,5e-4,trAll,0.4630779401543632,0.15479876160990713,0.42857142857142855,0.49473684210526314,0.7777777777777778,0.48,0.6407766990291263,0.262,0.48717948717948717,0.4418604651162791,0.020157462823895463,0.05957554687344993,0.0363676333778788,0.03372094325927134,0.0713714056959817,0.04750458399041693,0.011357376163924744,0.08108404256841999,0.05386473193904115,../results/bigbench/triviaqa/meta-llama_Llama-3.2-3B-Instruct_uiortholora_trAll_s512_v0_lr5e-4/models__meta-llama_Llama-3.2-3B-Instruct_uiortholora_trAll_s512_v0_lr5e-4/results_2026-02-01T17-56-24.067936.json,1769960920.6951473,465.62172024603933
models/meta-llama_Llama-3.2-3B-Instruct_uiortholora_trAll_s512_v0_lr6e-3,,uiortholora,512,6e-3,trAll,0.43278906058406214,0.15170278637770898,0.42857142857142855,0.49473684210526314,0.7843137254901961,0.32,0.6601941747572816,0.28933333333333333,0.48717948717948717,0.27906976744186046,0.019991384090033457,0.05957554687344993,0.0363676333778788,0.03336063957738827,0.06663945022680343,0.046897659372781356,0.011712008842969492,0.08108404256841999,0.048651199409893806,../results/bigbench/triviaqa/meta-llama_Llama-3.2-3B-Instruct_uiortholora_trAll_s512_v0_lr6e-3/models__meta-llama_Llama-3.2-3B-Instruct_uiortholora_trAll_s512_v0_lr6e-3/results_2026-01-30T14-19-31.715460.json,1769775101.4854217,472.48480771598406
models/meta-llama_Llama-3.2-3B-Instruct_uiortholora_trAll_s512_v0_lr7e-3,,uiortholora,512,7e-3,trAll,0.4407578402214277,0.21052631578947367,0.42857142857142855,0.4789473684210526,0.7843137254901961,0.56,0.6019417475728155,0.2713333333333333,0.41025641025641024,0.22093023255813954,0.02271925512114293,0.05957554687344993,0.036337395047733305,0.03336063957738827,0.07091242083423346,0.048467482539772386,0.01148458245329166,0.07979349797082042,0.044999354884257665,../results/bigbench/triviaqa/meta-llama_Llama-3.2-3B-Instruct_uiortholora_trAll_s512_v0_lr7e-3/models__meta-llama_Llama-3.2-3B-Instruct_uiortholora_trAll_s512_v0_lr7e-3/results_2026-01-30T20-57-15.866817.json,1769798962.3515947,475.767252786085
models/meta-llama_Llama-3.2-3B-Instruct_uiortholora_trAll_s512_v0_lr8e-3,,uiortholora,512,8e-3,trAll,0.43355750394875486,0.15479876160990713,0.42857142857142855,0.5947368421052631,0.6928104575163399,0.48,0.5048543689320388,0.26866666666666666,0.358974358974359,0.4186046511627907,0.020157462823895463,0.05957554687344993,0.0357108412649638,0.037418694971506634,0.0713714056959817,0.049505043821289174,0.011448899982085287,0.07781756136754922,0.05350918526842119,../results/bigbench/triviaqa/meta-llama_Llama-3.2-3B-Instruct_uiortholora_trAll_s512_v0_lr8e-3/models__meta-llama_Llama-3.2-3B-Instruct_uiortholora_trAll_s512_v0_lr8e-3/results_2026-01-31T03-35-04.783276.json,1769822831.0587115,475.98727736785077
models/meta-llama_Llama-3.2-3B-Instruct_uiortholora_trAll_s512_v0_lr8e-4,,uiortholora,512,8e-4,trAll,0.46055505040735095,0.1609907120743034,0.42857142857142855,0.49473684210526314,0.7843137254901961,0.48,0.6116504854368932,0.2813333333333333,0.46153846153846156,0.4418604651162791,0.020481221720592017,0.05957554687344993,0.0363676333778788,0.03336063957738827,0.0713714056959817,0.04825729337356393,0.011613778275098132,0.08087038200582258,0.05386473193904115,../results/bigbench/triviaqa/meta-llama_Llama-3.2-3B-Instruct_uiortholora_trAll_s512_v0_lr8e-4/models__meta-llama_Llama-3.2-3B-Instruct_uiortholora_trAll_s512_v0_lr8e-4/results_2026-02-02T00-41-09.007395.json,1769985204.5630438,466.69391031889245
models/meta-llama_Llama-3.2-3B-Instruct_uiortholora_trAll_s512_v0_lr9e-3,,uiortholora,512,9e-3,trAll,0.3988810352448295,0.17647058823529413,0.42857142857142855,0.5157894736842106,0.7058823529411765,0.46,0.42718446601941745,0.252,0.3333333333333333,0.29069767441860467,0.02124456230925339,0.05957554687344993,0.0363515093986434,0.03695769779044372,0.07119963311072636,0.048979577377811716,0.01121373407424687,0.07647191129018727,0.049252355752105854,../results/bigbench/triviaqa/meta-llama_Llama-3.2-3B-Instruct_uiortholora_trAll_s512_v0_lr9e-3/models__meta-llama_Llama-3.2-3B-Instruct_uiortholora_trAll_s512_v0_lr9e-3/results_2026-01-31T10-22-32.374666.json,1769847274.920042,479.71191963297315
models/meta-llama_Llama-3.2-3B-Instruct_uiortholora_trAll_s1024_v0_lr1e-2,,uiortholora,1024,1e-2,trAll,0.4191448740727961,0.15170278637770898,0.42857142857142855,0.5263157894736842,0.6928104575163399,0.4,0.4563106796116505,0.2713333333333333,0.46153846153846156,0.38372093023255816,0.019991384090033457,0.05957554687344993,0.03631923996538706,0.037418694971506634,0.06998542122237651,0.04931801994220418,0.01148458245329166,0.08087038200582258,0.05274569153679126,../results/bigbench/triviaqa/meta-llama_Llama-3.2-3B-Instruct_uiortholora_trAll_s1024_v0_lr1e-2/models__meta-llama_Llama-3.2-3B-Instruct_uiortholora_trAll_s1024_v0_lr1e-2/results_2026-02-02T09-27-36.363467.json,1770016782.7650366,475.866716081975
models/meta-llama_Llama-3.2-3B-Instruct_uiortholora_trAll_s1024_v0_lr5e-3,,uiortholora,1024,5e-3,trAll,0.42778232669120686,0.17337461300309598,0.42857142857142855,0.5052631578947369,0.7450980392156863,0.38,0.6213592233009708,0.29333333333333333,0.3076923076923077,0.3953488372093023,0.021096926314136562,0.05957554687344993,0.0363676333778788,0.03534854191631362,0.06934092056863769,0.0480269469825897,0.011759455023408085,0.07487142513727502,0.05303141512089014,../results/bigbench/triviaqa/meta-llama_Llama-3.2-3B-Instruct_uiortholora_trAll_s1024_v0_lr5e-3/models__meta-llama_Llama-3.2-3B-Instruct_uiortholora_trAll_s1024_v0_lr5e-3/results_2026-01-31T23-48-52.565432.json,1769895657.3319223,477.47456287010573
models/meta-llama_Llama-3.2-3B-Instruct_uiortholora_trAll_s1024_v0_lr6e-3,,uiortholora,1024,6e-3,trAll,0.41893661949453764,0.17337461300309598,0.42857142857142855,0.47368421052631576,0.6993464052287581,0.38,0.5533980582524272,0.29133333333333333,0.41025641025641024,0.36046511627906974,0.021096926314136562,0.05957554687344993,0.03631923996538707,0.037192689109198575,0.06934092056863769,0.04922424153458936,0.01173586959872625,0.07979349797082042,0.05207799763759181,../results/bigbench/triviaqa/meta-llama_Llama-3.2-3B-Instruct_uiortholora_trAll_s1024_v0_lr6e-3/models__meta-llama_Llama-3.2-3B-Instruct_uiortholora_trAll_s1024_v0_lr6e-3/results_2026-02-01T06-30-01.644539.json,1769919726.7289968,477.1674342188053
models/meta-llama_Llama-3.2-3B-Instruct_uiortholora_trAll_s1024_v0_lr7e-3,,uiortholora,1024,7e-3,trAll,0.3816532333377617,0.17956656346749225,0.42857142857142855,0.4789473684210526,0.6535947712418301,0.34,0.4854368932038835,0.282,0.3076923076923077,0.27906976744186046,0.021389787772879903,0.05957554687344993,0.036337395047733305,0.03859443700088902,0.0676726816132972,0.049486373240266356,0.011622136179130074,0.07487142513727502,0.048651199409893806,../results/bigbench/triviaqa/meta-llama_Llama-3.2-3B-Instruct_uiortholora_trAll_s1024_v0_lr7e-3/models__meta-llama_Llama-3.2-3B-Instruct_uiortholora_trAll_s1024_v0_lr7e-3/results_2026-02-01T13-16-04.998542.json,1769944091.152774,476.10903409007005
models/meta-llama_Llama-3.2-3B-Instruct_uiortholora_trAll_s1024_v0_lr8e-3,,uiortholora,1024,8e-3,trAll,0.3928513032207987,0.17027863777089783,0.42857142857142855,0.48947368421052634,0.6862745098039216,0.34,0.5339805825242718,0.26066666666666666,0.358974358974359,0.26744186046511625,0.020946828818365727,0.05957554687344993,0.03636158772354764,0.0376358772524468,0.0676726816132972,0.049392914472734785,0.011338668968608714,0.07781756136754922,0.048009400027626145,../results/bigbench/triviaqa/meta-llama_Llama-3.2-3B-Instruct_uiortholora_trAll_s1024_v0_lr8e-3/models__meta-llama_Llama-3.2-3B-Instruct_uiortholora_trAll_s1024_v0_lr8e-3/results_2026-02-01T19-58-58.476091.json,1769968264.0509377,476.67291594995186
models/meta-llama_Llama-3.2-3B-Instruct_uiortholora_trAll_s1024_v0_lr9e-3,,uiortholora,1024,9e-3,trAll,0.39049108771732643,0.1609907120743034,0.42857142857142855,0.5210526315789473,0.6535947712418301,0.38,0.3786407766990291,0.23933333333333334,0.46153846153846156,0.29069767441860467,0.020481221720592017,0.05957554687344993,0.0363373950477333,0.03859443700088902,0.06934092056863769,0.04802694698258969,0.01102041555320107,0.08087038200582258,0.049252355752105854,../results/bigbench/triviaqa/meta-llama_Llama-3.2-3B-Instruct_uiortholora_trAll_s1024_v0_lr9e-3/models__meta-llama_Llama-3.2-3B-Instruct_uiortholora_trAll_s1024_v0_lr9e-3/results_2026-02-02T02-41-28.895350.json,1769992415.2460365,475.8937256098725
models/gemma-12b/triviaqa/vera_trAll_vera_r512_lr1e-2,,vera,512,1e-2,trAll,0.6025711491941693,0.3591331269349845,0.42857142857142855,0.5578947368421052,0.8431372549019608,0.64,0.7572815533980582,0.3353333333333333,0.7692307692307693,0.7325581395348837,0.02673521673543992,0.05957554687344993,0.03612501803855088,0.029497638654192884,0.06857142857142857,0.04245022486384496,0.012193812035641944,0.06834794743374142,0.04800940002762615,../results/bigbench/triviaqa/google_gemma-3-12b-it_vera_trAll_lr1e-2_r512/models__gemma-12b__triviaqa__vera_trAll_vera_r512_lr1e-2/results_2026-02-18T07-42-27.584784.json,1771392949.8226519,400.03591220267117
models/gemma-12b/triviaqa/vera_trAll_vera_r512_lr1e-3,,vera,512,1e-3,trAll,0.5929615242572114,0.17647058823529413,0.42857142857142855,0.5842105263157895,0.8366013071895425,0.54,0.7961165048543689,0.30533333333333335,0.8205128205128205,0.8488372093023255,0.02124456230925339,0.05957554687344993,0.03585011325520013,0.029988984819681277,0.07119963311072636,0.0398913985953177,0.01189527599455278,0.062254049094039386,0.03885305672071534,../results/bigbench/triviaqa/google_gemma-3-12b-it_vera_trAll_lr1e-3_r512/models__gemma-12b__triviaqa__vera_trAll_vera_r512_lr1e-3/results_2026-02-17T06-59-10.394699.json,1771303855.5017633,497.13921881793067
models/gemma-12b/triviaqa/vera_trAll_vera_r512_lr1e-4,,vera,512,1e-4,trAll,0.6250195375347034,0.2724458204334365,0.42857142857142855,0.6210526315789474,0.8758169934640523,0.56,0.8349514563106796,0.3233333333333333,0.8717948717948718,0.8372093023255814,0.024811030866861632,0.05957554687344993,0.035287650940948455,0.02674951886232827,0.07091242083423346,0.03675668832233187,0.012081248430316131,0.05423355275954148,0.0400426076639687,../results/bigbench/triviaqa/google_gemma-3-12b-it_vera_trAll_lr1e-4_r512/models__gemma-12b__triviaqa__vera_trAll_vera_r512_lr1e-4/results_2026-02-16T06-19-23.720809.json,1771215072.2270927,493.7533526867628
models/gemma-12b/triviaqa/vera_trAll_vera_r512_lr1e-5,,vera,512,1e-5,trAll,0.6330314412509417,0.33436532507739936,0.42857142857142855,0.6263157894736842,0.8823529411764706,0.52,0.8446601941747572,0.338,0.8974358974358975,0.8255813953488372,0.026290609195557906,0.05957554687344993,0.03518990966860908,0.02613303872466584,0.0713714056959817,0.03586594738573976,0.012217617612287596,0.04921614717627657,0.041159196671218555,../results/bigbench/triviaqa/google_gemma-3-12b-it_vera_trAll_lr1e-5_r512/models__gemma-12b__triviaqa__vera_trAll_vera_r512_lr1e-5/results_2026-02-15T05-47-36.937849.json,1771126862.2228642,396.97557276207954
models/gemma-12b/triviaqa/vera_trAll_vera_r512_lr5e-2,,vera,512,5e-2,trAll,0.3333081717165436,0.15170278637770898,0.42857142857142855,0.5105263157894737,0.5816993464052288,0.3,0.2621359223300971,0.20133333333333334,0.4358974358974359,0.12790697674418605,0.019991384090033457,0.05957554687344993,0.03636158772354764,0.04001029610883718,0.06546536707079771,0.04354631077260595,0.010357139004911517,0.08044135838502686,0.03622588967678621,../results/bigbench/triviaqa/google_gemma-3-12b-it_vera_trAll_lr5e-2_r512/models__gemma-12b__triviaqa__vera_trAll_vera_r512_lr5e-2/results_2026-02-18T20-01-05.113067.json,1771437270.0985029,397.2974609397352
models/gemma-12b/triviaqa/vera_trAll_vera_r512_lr5e-3,,vera,512,5e-3,trAll,0.6153376119337644,0.3126934984520124,0.42857142857142855,0.5684210526315789,0.803921568627451,0.66,0.7669902912621359,0.3373333333333333,0.8461538461538461,0.813953488372093,0.025834895900787264,0.05957554687344993,0.03602751443822839,0.03220326888881306,0.0676726816132972,0.041858325989283136,0.012211706988053654,0.05852968540405247,0.04220861455688512,../results/bigbench/triviaqa/google_gemma-3-12b-it_vera_trAll_lr5e-3_r512/models__gemma-12b__triviaqa__vera_trAll_vera_r512_lr5e-3/results_2026-02-17T19-21-01.563023.json,1771348468.5934117,395.24742875481024
models/gemma-12b/triviaqa/vera_trAll_vera_r512_lr5e-4,,vera,512,5e-4,trAll,0.6097215728590897,0.19814241486068113,0.42857142857142855,0.5894736842105263,0.8431372549019608,0.56,0.8252427184466019,0.31066666666666665,0.8717948717948718,0.8604651162790697,0.02221311223016424,0.05957554687344993,0.03578259307784411,0.029497638654192884,0.07091242083423346,0.03760178006026618,0.011952566048734424,0.05423355275954148,0.037583616572355615,../results/bigbench/triviaqa/google_gemma-3-12b-it_vera_trAll_lr5e-4_r512/models__gemma-12b__triviaqa__vera_trAll_vera_r512_lr5e-4/results_2026-02-16T18-39-38.700804.json,1771259482.7882938,498.1821228140034
models/gemma-12b/triviaqa/vera_trAll_vera_r512_lr5e-5,,vera,512,5e-5,trAll,0.6295754777357587,0.28173374613003094,0.42857142857142855,0.631578947368421,0.869281045751634,0.54,0.8543689320388349,0.326,0.8974358974358975,0.8372093023255814,0.025068839534269204,0.05957554687344993,0.03508771929824561,0.027341830932486134,0.07119963311072636,0.034926064766237934,0.012107038734745024,0.04921614717627657,0.0400426076639687,../results/bigbench/triviaqa/google_gemma-3-12b-it_vera_trAll_lr5e-5_r512/models__gemma-12b__triviaqa__vera_trAll_vera_r512_lr5e-5/results_2026-02-15T17-59-34.442685.json,1771170779.235077,397.4834191869013
models/gemma-12b/triviaqa/vera_trAll_vera_r1024_lr1e-2,,vera,1024,1e-2,trAll,0.6010334166383415,0.15170278637770898,0.42857142857142855,0.5842105263157895,0.8496732026143791,0.62,0.8155339805825242,0.332,0.8717948717948718,0.7558139534883721,0.019991384090033457,0.05957554687344993,0.03585011325520013,0.028988274781797944,0.06934092056863769,0.038404236272882766,0.0121634411057489,0.05423355275954148,0.04659704878317674,../results/bigbench/triviaqa/google_gemma-3-12b-it_vera_trAll_lr1e-2_r1024/models__gemma-12b__triviaqa__vera_trAll_vera_r1024_lr1e-2/results_2026-02-18T14-38-33.791670.json,1771417908.8973827,407.1401698961854
models/llama-3b/triviaqa/vera_trAll_vera_r1024_lr1e-2,,vera,1024,1e-2,trAll,0.42314641289112204,0.19814241486068113,0.42857142857142855,0.48947368421052634,0.6797385620915033,0.38,0.5922330097087378,0.26466666666666666,0.46153846153846156,0.313953488372093,0.02221311223016424,0.05957554687344993,0.03636158772354764,0.037844387863265216,0.06934092056863769,0.048657775704107696,0.011394386169173968,0.08087038200582258,0.050338465646658795,../results/bigbench/triviaqa/meta-llama_Llama-3.2-3B-Instruct_vera_trAll_lr1e-2_r1024/models__llama-3b__triviaqa__vera_trAll_vera_r1024_lr1e-2/results_2026-02-19T21-51-03.080757.json,1771530369.8822339,295.45851095067337
models/gemma-12b/triviaqa/vera_trAll_vera_r1024_lr1e-3,,vera,1024,1e-3,trAll,0.618517669841737,0.29102167182662536,0.42857142857142855,0.6052631578947368,0.869281045751634,0.58,0.8058252427184466,0.30333333333333334,0.8461538461538461,0.8372093023255814,0.02531344242805738,0.05957554687344993,0.03555453874463937,0.027341830932486134,0.07050835816716038,0.03916667762822582,0.011873308937482343,0.05852968540405247,0.0400426076639687,../results/bigbench/triviaqa/google_gemma-3-12b-it_vera_trAll_lr1e-3_r1024/models__gemma-12b__triviaqa__vera_trAll_vera_r1024_lr1e-3/results_2026-02-17T13-55-43.762431.json,1771328938.8959043,407.18025557883084
models/llama-3b/triviaqa/vera_trAll_vera_r1024_lr1e-3,,vera,1024,1e-3,trAll,0.45583676199981205,0.19195046439628483,0.42857142857142855,0.5842105263157895,0.7843137254901961,0.5,0.6116504854368932,0.25466666666666665,0.28205128205128205,0.46511627906976744,0.021947529439363442,0.05957554687344993,0.03585011325520013,0.03336063957738827,0.07142857142857142,0.04825729337356393,0.011252797607989518,0.07299934324587597,0.05410046493374881,../results/bigbench/triviaqa/meta-llama_Llama-3.2-3B-Instruct_vera_trAll_lr1e-3_r1024/models__llama-3b__triviaqa__vera_trAll_vera_r1024_lr1e-3/results_2026-02-19T14-43-01.826820.json,1771504688.5119026,295.569205482956
models/gemma-12b/triviaqa/vera_trAll_vera_r1024_lr1e-4,,vera,1024,1e-4,trAll,0.6266297947898954,0.2755417956656347,0.42857142857142855,0.6210526315789474,0.869281045751634,0.56,0.8252427184466019,0.3253333333333333,0.8974358974358975,0.8372093023255814,0.02489845928700079,0.05957554687344993,0.035287650940948455,0.027341830932486134,0.07091242083423346,0.03760178006026618,0.012100633065426499,0.04921614717627657,0.0400426076639687,../results/bigbench/triviaqa/google_gemma-3-12b-it_vera_trAll_lr1e-4_r1024/models__gemma-12b__triviaqa__vera_trAll_vera_r1024_lr1e-4/results_2026-02-16T13-17-35.225305.json,1771240250.1643662,407.32679807394743
models/llama-3b/triviaqa/vera_trAll_vera_r1024_lr1e-4,,vera,1024,1e-4,trAll,0.4671403453801235,0.21362229102167182,0.42857142857142855,0.5105263157894737,0.7712418300653595,0.5,0.6699029126213593,0.26066666666666666,0.38461538461538464,0.46511627906976744,0.022840780776073166,0.05957554687344993,0.03636158772354764,0.034069189432257084,0.07142857142857142,0.04656147110012349,0.011338668968608714,0.07892141169885801,0.05410046493374881,../results/bigbench/triviaqa/meta-llama_Llama-3.2-3B-Instruct_vera_trAll_lr1e-4_r1024/models__llama-3b__triviaqa__vera_trAll_vera_r1024_lr1e-4/results_2026-02-19T07-35-23.245327.json,1771479018.0645719,307.44719749875367
models/gemma-12b/triviaqa/vera_trAll_vera_r1024_lr1e-5,,vera,1024,1e-5,trAll,0.6359927400904655,0.3281733746130031,0.42857142857142855,0.6263157894736842,0.8888888888888888,0.52,0.8446601941747572,0.33866666666666667,0.9230769230769231,0.8255813953488372,0.026166904017550802,0.05957554687344993,0.03518990966860908,0.025490637096729087,0.0713714056959817,0.03586594738573976,0.01222350112243476,0.043227037457616635,0.041159196671218555,../results/bigbench/triviaqa/google_gemma-3-12b-it_vera_trAll_lr1e-5_r1024/models__gemma-12b__triviaqa__vera_trAll_vera_r1024_lr1e-5/results_2026-02-15T12-40-38.056428.json,1771151536.1708548,504.1443268819712
models/llama-3b/triviaqa/vera_trAll_vera_r1024_lr1e-5,,vera,1024,1e-5,trAll,0.44924036634213327,0.23219814241486067,0.42857142857142855,0.47368421052631576,0.7777777777777778,0.44,0.6407766990291263,0.2633333333333333,0.3333333333333333,0.45348837209302323,0.023530221420663064,0.05957554687344993,0.03631923996538707,0.03372094325927134,0.07091242083423346,0.04750458399041693,0.01137594834404632,0.07647191129018727,0.053997458379123835,../results/bigbench/triviaqa/meta-llama_Llama-3.2-3B-Instruct_vera_trAll_lr1e-5_r1024/models__llama-3b__triviaqa__vera_trAll_vera_r1024_lr1e-5/results_2026-02-19T00-16-55.725107.json,1771452722.9149218,295.08075488731265
models/llama-3b/triviaqa/vera_trAll_vera_r1024_lr2e-2,,vera,1024,2e-2,trAll,0.4150538538055222,0.14551083591331268,0.42857142857142855,0.47368421052631576,0.6666666666666666,0.52,0.5339805825242718,0.24733333333333332,0.48717948717948717,0.23255813953488372,0.01965047314597352,0.05957554687344993,0.03631923996538707,0.03823595564509363,0.0713714056959817,0.049392914472734785,0.011144019164816657,0.08108404256841999,0.04582252865785014,../results/bigbench/triviaqa/meta-llama_Llama-3.2-3B-Instruct_vera_trAll_lr2e-2_r1024/models__llama-3b__triviaqa__vera_trAll_vera_r1024_lr2e-2/results_2026-02-25T16-49-30.813619.json,1772030679.6940908,293.39728357084095
models/llama-3b/triviaqa/vera_trAll_vera_r1024_lr3e-2,,vera,1024,3e-2,trAll,0.36365328689637394,0.15170278637770898,0.42857142857142855,0.531578947368421,0.6209150326797386,0.36,0.4174757281553398,0.22,0.3333333333333333,0.20930232558139536,0.019991384090033457,0.05957554687344993,0.036297038088316094,0.03935161627056306,0.06857142857142857,0.04882840548212234,0.01069936061384184,0.07647191129018727,0.04412480456048901,../results/bigbench/triviaqa/meta-llama_Llama-3.2-3B-Instruct_vera_trAll_lr3e-2_r1024/models__llama-3b__triviaqa__vera_trAll_vera_r1024_lr3e-2/results_2026-02-25T20-22-40.024538.json,1772043466.1381207,296.15421994170174
models/llama-3b/triviaqa/vera_trAll_vera_r1024_lr4e-2,,vera,1024,4e-2,trAll,0.3282429773418363,0.13622291021671826,0.44285714285714284,0.4631578947368421,0.6209150326797386,0.22,0.3106796116504854,0.21533333333333332,0.358974358974359,0.18604651162790697,0.019116042249105448,0.05979853784717617,0.03627078198521412,0.03935161627056306,0.059178043363451366,0.04582124160161549,0.010616892429637823,0.07781756136754922,0.04220861455688512,../results/bigbench/triviaqa/meta-llama_Llama-3.2-3B-Instruct_vera_trAll_lr4e-2_r1024/models__llama-3b__triviaqa__vera_trAll_vera_r1024_lr4e-2/results_2026-02-25T23-56-19.871351.json,1772056286.42799,295.68005541944876
models/gemma-12b/triviaqa/vera_trAll_vera_r1024_lr5e-2,,vera,1024,5e-2,trAll,0.3482408569338437,0.15170278637770898,0.42857142857142855,0.49473684210526314,0.5686274509803921,0.4,0.3592233009708738,0.2,0.46153846153846156,0.06976744186046512,0.019991384090033457,0.05957554687344993,0.0363676333778788,0.040171529668012226,0.06998542122237651,0.04750458399041693,0.010331399964032522,0.08087038200582258,0.027632024455163,../results/bigbench/triviaqa/google_gemma-3-12b-it_vera_trAll_lr5e-2_r1024/models__gemma-12b__triviaqa__vera_trAll_vera_r1024_lr5e-2/results_2026-02-19T02-59-22.406376.json,1771462236.5267024,528.1563732940704
models/llama-3b/triviaqa/vera_trAll_vera_r1024_lr5e-2,,vera,1024,5e-2,trAll,0.32508930314370166,0.15789473684210525,0.42857142857142855,0.45789473684210524,0.673202614379085,0.3,0.24271844660194175,0.20666666666666667,0.3076923076923077,0.1511627906976744,0.020320719539614323,0.05957554687344993,0.03624046284425961,0.03804436938526774,0.06546536707079771,0.04245022486384496,0.010458327851589752,0.07487142513727502,0.03885305672071534,../results/bigbench/triviaqa/meta-llama_Llama-3.2-3B-Instruct_vera_trAll_lr5e-2_r1024/models__llama-3b__triviaqa__vera_trAll_vera_r1024_lr5e-2/results_2026-02-20T01-23-51.858560.json,1771543139.1663299,294.9337664488703
models/gemma-12b/triviaqa/vera_trAll_vera_r1024_lr5e-3,,vera,1024,5e-3,trAll,0.6068018867006881,0.23529411764705882,0.42857142857142855,0.5789473684210527,0.8888888888888888,0.6,0.7184466019417476,0.3393333333333333,0.8461538461538461,0.8255813953488372,0.023638766707521828,0.05957554687344993,0.03591342566450239,0.025490637096729087,0.06998542122237651,0.044532548363264673,0.01222935755762868,0.05852968540405247,0.041159196671218555,../results/bigbench/triviaqa/google_gemma-3-12b-it_vera_trAll_lr5e-3_r1024/models__gemma-12b__triviaqa__vera_trAll_vera_r1024_lr5e-3/results_2026-02-18T02-21-53.362197.json,1771373608.3907506,507.22890434833243
models/llama-3b/triviaqa/vera_trAll_vera_r1024_lr5e-3,,vera,1024,5e-3,trAll,0.4253267250398621,0.1609907120743034,0.42857142857142855,0.45789473684210524,0.7581699346405228,0.4,0.5631067961165048,0.27,0.358974358974359,0.43023255813953487,0.020481221720592017,0.05957554687344993,0.03624046284425961,0.03473094752671374,0.06998542122237651,0.049111471073657785,0.011466806810919912,0.07781756136754922,0.05370206525289722,../results/bigbench/triviaqa/meta-llama_Llama-3.2-3B-Instruct_vera_trAll_lr5e-3_r1024/models__llama-3b__triviaqa__vera_trAll_vera_r1024_lr5e-3/results_2026-02-19T18-17-41.598443.json,1771517564.3770072,299.4963994049467
models/gemma-12b/triviaqa/vera_trAll_vera_r1024_lr5e-4,,vera,1024,5e-4,trAll,0.6095562339258888,0.25386996904024767,0.42857142857142855,0.6,0.8627450980392157,0.52,0.8155339805825242,0.2986666666666667,0.8461538461538461,0.8604651162790697,0.0242540902524581,0.05957554687344993,0.035634832254989916,0.027911513594011398,0.0713714056959817,0.038404236272882766,0.011821015898411875,0.05852968540405247,0.037583616572355615,../results/bigbench/triviaqa/google_gemma-3-12b-it_vera_trAll_lr5e-4_r1024/models__gemma-12b__triviaqa__vera_trAll_vera_r1024_lr5e-4/results_2026-02-17T01-37-23.984384.json,1771284639.9411275,406.297676209826
models/llama-3b/triviaqa/vera_trAll_vera_r1024_lr5e-4,,vera,1024,5e-4,trAll,0.4628817217417025,0.18885448916408668,0.42857142857142855,0.5578947368421052,0.7843137254901961,0.5,0.6310679611650486,0.258,0.41025641025641024,0.4069767441860465,0.02181147847893003,0.05957554687344993,0.03612501803855088,0.03336063957738827,0.07142857142857142,0.0477761518115674,0.011300846845537027,0.07979349797082042,0.05328576389483535,../results/bigbench/triviaqa/meta-llama_Llama-3.2-3B-Instruct_vera_trAll_lr5e-4_r1024/models__llama-3b__triviaqa__vera_trAll_vera_r1024_lr5e-4/results_2026-02-19T11-08-48.060016.json,1771491833.7907796,296.5241074752994
models/gemma-12b/triviaqa/vera_trAll_vera_r1024_lr5e-5,,vera,1024,5e-5,trAll,0.6314711231703796,0.29721362229102166,0.42857142857142855,0.6368421052631579,0.8823529411764706,0.56,0.8252427184466019,0.33,0.8974358974358975,0.8255813953488372,0.025469363219004684,0.05957554687344993,0.034981040838332006,0.02613303872466584,0.07091242083423346,0.03760178006026618,0.012144889139941994,0.04921614717627657,0.041159196671218555,../results/bigbench/triviaqa/google_gemma-3-12b-it_vera_trAll_lr5e-5_r1024/models__gemma-12b__triviaqa__vera_trAll_vera_r1024_lr5e-5/results_2026-02-16T00-56-16.562797.json,1771195772.4707444,406.3520023692399
models/llama-3b/triviaqa/vera_trAll_vera_r1024_lr5e-5,,vera,1024,5e-5,trAll,0.45706705189958896,0.22910216718266255,0.42857142857142855,0.46842105263157896,0.7647058823529411,0.46,0.6407766990291263,0.26066666666666666,0.38461538461538464,0.47674418604651164,0.023419902096457845,0.05957554687344993,0.036297038088316094,0.034405744227388346,0.07119963311072636,0.04750458399041693,0.011338668968608714,0.07892141169885801,0.054173921131781475,../results/bigbench/triviaqa/meta-llama_Llama-3.2-3B-Instruct_vera_trAll_lr5e-5_r1024/models__llama-3b__triviaqa__vera_trAll_vera_r1024_lr5e-5/results_2026-02-19T03-57-35.084362.json,1771465965.3024123,292.04685959313065
